time,flux,flux_err
2384.5454058728355,0.9974091053009033,0.00024527873029001057
2384.5862707165943,0.9976836442947388,0.0002453135675750673
2384.606703137535,0.9979470372200012,0.0002453359484206885
2384.6271356580182,0.9990754723548889,0.0002452861226629466
2384.6475679775685,0.9977912902832031,0.0002452078915666789
2384.668000497113,0.9984570741653442,0.0002451737818773836
2384.6884329161985,0.998041033744812,0.0002452543703839183
2384.708865234352,0.9988757967948914,0.0002452610933687538
2384.7292977524994,0.9985412359237671,0.0002451197651680559
2384.749730169722,0.9986283779144287,0.0002450637111905962
2384.7701624864785,0.9988735914230347,0.000245053437538445
2384.7905950027634,0.998379647731781,0.00024489741190336645
2384.811027419055,0.9982015490531921,0.0002447217993903905
2384.8314597344142,0.9984681010246277,0.00024464496527798474
2384.851892249302,0.9986281394958496,0.00024463541922159493
2384.8723246632653,0.9990119934082031,0.00024449784541502595
2385.0562163698196,0.9976329207420349,0.00024435645900666714
2385.0766488791196,0.9978291988372803,0.00024447269970551133
2385.0970812879605,0.9975748062133789,0.0002444491256028414
2385.1175136963357,0.9980350136756897,0.00024451196077279747
2385.1379461037723,0.9984374046325684,0.0002443928096909076
2385.158378511216,0.9986653327941895,0.0002445023274049163
2385.1788109181944,0.9986522197723389,0.00024449219927191734
2385.199243324234,0.9991757273674011,0.0002445669088046998
2385.219675729815,0.9984039664268494,0.0002444514539092779
2385.2401081353964,0.9984090328216553,0.0002444939163979143
2385.260540540039,0.9987503290176392,0.0002444435958750546
2385.2809729442233,0.9984284043312073,0.00024447747273370624
2385.301405347942,0.9985430240631104,0.0002445323043502867
2385.3218377511876,0.9984215497970581,0.0002444548299536109
2385.3422702539756,0.9988002777099609,0.0002445199934300035
2385.3627025562964,0.9983795285224915,0.00024437933461740613
2385.383134958145,0.9987325668334961,0.00024441975983791053
2385.4035674590705,0.9986386895179749,0.0002444588753860444
2385.4239997599943,0.9986414313316345,0.00024431198835372925
2385.4444321599804,0.9989781975746155,0.0002443624834995717
2385.4648646599744,0.9990983605384827,0.0002443172852508724
2385.4852969590356,0.998931348323822,0.00024421309353783727
2385.5057293576247,0.9991638660430908,0.00024411237973254174
2385.5261618562217,0.9998009204864502,0.00024421006673946977
2385.546594153886,0.9990525841712952,0.00024413059873040766
2385.567026651079,0.999274492263794,0.0002442463592160493
2385.5874590478124,0.9995856285095215,0.00024419339024461806
2385.6078914440805,0.9994156956672668,0.00024411937920376658
2385.62832383941,0.9998006224632263,0.00024402642156928778
2385.6487562347465,0.9993587136268616,0.00024389990721829236
2385.6691886296176,0.999812126159668,0.00024391738406848162
2385.68962102355,0.9991524815559387,0.00024376259534619749
2385.7100534174897,0.9997431039810181,0.00024382864648941904
2385.730485810498,0.9996545910835266,0.0002436925860820338
2385.7509183035,0.9992378950119019,0.00024362099065911025
2385.771350595576,1.0001338720321655,0.00024358145310543478
2385.7917830871884,0.9995186924934387,0.0002434142807032913
2385.812215478327,1.0002204179763794,0.0002434381312923506
2385.832647769006,0.9997880458831787,0.00024340445816051215
2385.853080259214,0.9997057318687439,0.00024331118038389832
2385.873512648963,0.9999200105667114,0.00024333427427336574
2385.893944938245,1.0002073049545288,0.0002432357578072697
2385.9143774270633,1.0007209777832031,0.00024322235549334437
2385.934809814942,1.00002920627594,0.00024303531972691417
2385.9552421028275,1.0009033679962158,0.00024274902534671128
2385.9756745897757,1.0000489950180054,0.00024262984516099095
2385.9961068767298,0.9999755620956421,0.00024239929916802794
2386.016539262753,1.0000660419464111,0.0002421820827294141
2386.0369717487774,0.9999134540557861,0.0002418449439574033
2386.0574040338615,1.0001300573349,0.00024174815916921943
2386.0778365184888,1.000299334526062,0.0002415911731077358
2386.0982689026423,1.0000711679458618,0.00024135095009114593
2386.139133669567,0.9998569488525391,0.00024207262322306633
2386.159566052331,0.999421238899231,0.00024217866302933544
2386.1799984346217,0.9996742606163025,0.00024233321892097592
2386.200430816454,0.9993302822113037,0.00024240714265033603
2386.220863197348,0.9992109537124634,0.00024239039339590818
2386.2412955782493,0.9991921782493591,0.00024252191360574216
2386.2617280586855,0.9990518093109131,0.0002425487182335928
2386.282160338189,0.9988631010055542,0.0002426444843877107
2386.302592717686,0.9985557198524475,0.00024282463709823787
2386.3230251962596,0.998473584651947,0.00024282386584673077
2386.3434574743587,0.9982909560203552,0.00024280593788716942
2386.3843223296426,0.9990895390510559,0.0002437610091874376
2386.404754606352,0.999316930770874,0.00024379052047152072
2386.42518708259,0.9991835951805115,0.000243810674874112
2386.445619458369,0.9995386600494385,0.00024378606758546084
2386.4660517336742,0.9999122619628906,0.0002438223164062947
2386.486484208057,0.9998135566711426,0.00024375389330089092
2386.506916582439,0.9998300671577454,0.0002437080256640911
2386.5273488563544,1.0001649856567383,0.0002437285438645631
2386.547781329333,0.9997969269752502,0.0002437652146909386
2386.5682137023177,1.0000194311141968,0.0002439336385577917
2386.5886460748297,1.0002671480178833,0.00024380975810345262
2386.6090784464177,0.9999746680259705,0.00024382167612202466
2386.62951081754,1.0004130601882935,0.00024376448709517717
2386.649943288656,1.0002827644348145,0.0002437531074974686
2386.670375558846,1.000227928161621,0.00024381781986448914
2386.6908079285713,1.000350832939148,0.00024374219356104732
2386.7112402978237,0.9999799132347107,0.0002436986833345145
2386.7316726666177,1.0000478029251099,0.00024369132006540895
2386.752105034946,1.0000660419464111,0.0002437371585983783
2386.7725374028014,0.999714195728302,0.00024377755471505225
2386.7929697701984,0.9998717308044434,0.00024377946101594716
2386.8134021371297,1.0002552270889282,0.00024376300279982388
2386.833834603589,0.9999206066131592,0.00024380788090638816
2386.854266869588,1.0000861883163452,0.0002437634248053655
2386.874699234657,1.0008496046066284,0.00024380197282880545
2386.895131699719,1.000064492225647,0.0002437742950860411
2386.9155639638557,0.9999489188194275,0.00024373231281060725
2386.935996327993,0.9998760223388672,0.0002436718059470877
2386.9564287911926,1.0000009536743164,0.0002437246439512819
2386.976861054398,1.0001437664031982,0.00024361484975088388
2386.9972935166734,0.9999852180480957,0.00024363680859096348
2387.017725878475,0.9998586177825928,0.0002435832575429231
2387.0381581402835,0.9992799162864685,0.00024352128093596548
2387.0585906011547,1.0000219345092773,0.0002434783527860418
2387.079022961567,0.9997897744178772,0.000243439368205145
2387.0994553215132,0.9998595714569092,0.00024330057203769684
2387.119887680994,1.0003257989883423,0.00024330636369995773
2387.140320040002,1.0002058744430542,0.0002432457695249468
2387.1607523985513,1.0002152919769287,0.0002432399633107707
2387.181184756162,1.0002690553665161,0.00024316560302395374
2387.2016171137802,1.0002166032791138,0.0002431891771266237
2387.2220494709327,1.0000447034835815,0.00024319066142197698
2387.2424819271473,1.0002145767211914,0.0002431105967843905
2387.2629141833677,0.9998990297317505,0.00024301059602294117
2387.283346539123,0.9996160268783569,0.0002429237065371126
2387.303778993941,1.0006235837936401,0.00024291075533255935
2387.324211248764,1.0007004737854004,0.00024291075533255935
2387.344643702658,1.0009067058563232,0.00024281139485538006
2387.3650760560777,1.0004351139068604,0.000242698093643412
2387.385508309504,1.0007925033569336,0.00024254097661469132
2387.4059407620007,1.0007503032684326,0.00024245651729870588
2387.426373014023,1.0006482601165771,0.0002423830155748874
2387.4468053655874,1.0006587505340576,0.00024228901020251215
2387.467237816687,1.0002069473266602,0.00024219698389060795
2387.4876700673194,1.000338077545166,0.00024195761943701655
2387.5081024174797,1.000346064567566,0.0002417310606688261
2387.5285348671823,1.0002920627593994,0.00024158746236935258
2387.5489671164105,0.999954879283905,0.00024139821471180767
2387.569399465181,1.0001161098480225,0.00024122277682181448
2387.6102641608595,0.9986186623573303,0.00024287709675263613
2387.630696508226,0.9992128610610962,0.00024305973784066737
2387.6511289551345,0.9996439814567566,0.00024314512847922742
2387.671561301104,0.9994819164276123,0.00024321764067281038
2387.6919936470804,0.999849259853363,0.00024332212342415005
2387.7124259921256,1.0001031160354614,0.00024323120305780321
2387.7328583371636,0.9994485974311829,0.00024308077991008759
2387.7532907812783,1.00014328956604,0.0002432419714750722
2387.7737230253915,1.0002931356430054,0.00024328433210030198
2387.794155368567,0.999313235282898,0.0002433026093058288
2387.8145878112846,0.9991699457168579,0.000243213347857818
2387.835020053535,0.9994329810142517,0.00024337116337846965
2387.855452395779,0.9996242523193359,0.0002433962799841538
2387.8758848371,0.9997801780700684,0.00024339249648619443
2387.8963170779534,1.0000418424606323,0.0002434427005937323
2387.916749418335,0.999933123588562,0.00024344642588403076
2387.9371818582586,0.999726414680481,0.00024344201665371656
2387.957614097715,1.0000362396240234,0.00024349128943867981
2387.9780464366995,1.0001429319381714,0.00024368274898733944
2387.9984788752263,1.0003207921981812,0.00024370566825382411
2388.01891111282,1.0005193948745728,0.0002436005015624687
2388.0393435504084,1.0000954866409302,0.0002436417998978868
2388.0597758875374,0.9999437928199768,0.0002435532514937222
2388.0802082242008,1.0002098083496094,0.00024360507086385041
2388.1006405599255,1.000777006149292,0.00024356102221645415
2388.1210728956576,1.0003985166549683,0.0002436492795823142
2388.141505230924,1.0007362365722656,0.00024367243167944252
2388.1619375652517,1.0002028942108154,0.00024355988716706634
2388.182369899587,1.0002869367599487,0.0002436463546473533
2388.2028021329897,1.000515341758728,0.00024365556600969285
2388.2232345659213,1.000428557395935,0.00024355968344025314
2388.2436668988594,0.9999100565910339,0.00024358117661904544
2388.2640991308654,1.0004922151565552,0.0002436245558783412
2388.2845315628656,1.00066077709198,0.0002436070644762367
2388.366260884366,1.0008704662322998,0.00024362170370295644
2388.386693314038,1.0013643503189087,0.00024358407245017588
2388.4071255427843,1.0004898309707642,0.0002435779315419495
2388.427557871066,1.0005854368209839,0.00024353343178518116
2388.4479902988824,1.0008633136749268,0.00024357475922442973
2388.4684225262245,1.0006507635116577,0.0002436884242342785
2388.488854853109,1.0004539489746094,0.00024361733812838793
2388.5092872795212,1.0003896951675415,0.00024368376762140542
2388.529719505008,1.0002613067626953,0.0002436194772599265
2388.5501518304955,1.0006296634674072,0.0002436346694594249
2388.570584255518,1.0008854866027832,0.00024368759477511048
2388.591016580067,0.999983012676239,0.00024365996068809181
2388.6114488041567,1.0005971193313599,0.00024353782646358013
2388.6318812273093,1.000891089439392,0.00024354246852453798
2388.6523135504685,1.0005900859832764,0.0002435692586004734
2388.6727457731613,1.0004150867462158,0.00024365463468711823
2388.6931781949243,1.0002338886260986,0.00024359030066989362
2388.713610516679,1.0003660917282104,0.00024358111841138452
2388.7340427375093,1.0005953311920166,0.0002435678179608658
2388.7544751583337,1.0004246234893799,0.0002436197391944006
2388.774907478233,1.0001968145370483,0.0002435401256661862
2388.7953398981335,1.000956416130066,0.00024356343783438206
2388.815772117101,0.9999284148216248,0.00024351407773792744
2388.836204436062,1.0003042221069336,0.00024355984351132065
2388.8566368540996,1.0005794763565063,0.0002435761853121221
2388.877069071663,0.9999192357063293,0.00024357784423045814
2388.897501389234,1.0008673667907715,0.00024361559189856052
2388.917933705874,1.0002143383026123,0.00024359082453884184
2388.9383660220483,1.0003408193588257,0.00024359433155041188
2388.9587983377496,1.0001680850982666,0.0002436416398268193
2388.9792306529926,1.0003445148468018,0.00024365154968108982
2388.999662968228,1.0003058910369873,0.00024360688985325396
2389.02009528254,0.99998939037323,0.00024353712797164917
2389.040527596386,1.0000518560409546,0.0002435495116515085
2389.060959909766,1.0006723403930664,0.00024365869467146695
2389.0813922226735,1.0005772113800049,0.00024356560606975108
2389.101824635123,1.0009005069732666,0.00024366084835492074
2389.1222568470985,1.0001749992370605,0.00024363398551940918
2389.142689258617,1.0007034540176392,0.00024367994046770036
2389.163121569669,1.0003461837768555,0.00024364572891499847
2389.183553780247,1.0003594160079956,0.00024362154363188893
2389.2039861903686,1.0001918077468872,0.00024367761216126382
2389.2244185000236,1.000501036643982,0.00024361565010622144
2389.2448507087392,1.0005624294281006,0.00024363085685763508
2389.2652831174637,1.0006123781204224,0.00024369054881390184
2389.2857154257217,1.0009472370147705,0.00024368114827666432
2389.306147633506,1.0002825260162354,0.0002436223003314808
2389.3265800408335,1.0001381635665894,0.0002436614449834451
2389.347012347229,1.0002108812332153,0.0002436952927382663
2389.367444553616,1.0006179809570312,0.00024368397134821862
2389.3878769595467,1.0006190538406372,0.00024356893845833838
2389.408309264545,1.0002635717391968,0.00024355985806323588
2389.428741569536,0.9997128248214722,0.0002434796915622428
2389.449173874069,0.9995128512382507,0.00024351196771021932
2389.4696061776704,1.0000325441360474,0.00024361930263694376
2389.4900384812645,0.9999132752418518,0.00024357960501220077
2389.5104707839346,0.9992032051086426,0.00024360108363907784
2389.5309030866047,1.0000426769256592,0.000243626200244762
2389.551335488337,1.000002384185791,0.00024369920720346272
2389.5717677900757,1.0002154111862183,0.0002436815557302907
2389.5921999908824,1.0003505945205688,0.00024368066806346178
2389.6126323916833,1.0002280473709106,0.00024358306836802512
2389.6330645915587,1.0006781816482544,0.0002436247596051544
2389.6534968914348,1.0001678466796875,0.00024361920077353716
2389.673929290373,1.000400185585022,0.00024359628150705248
2389.694361489317,0.9998818635940552,0.00024351989850401878
2389.7147937873306,0.9998719692230225,0.0002436026552459225
2389.735226184872,1.0003560781478882,0.00024369200400542468
2389.755658382419,1.0002201795578003,0.00024364744604099542
2389.7760906790354,1.0005953311920166,0.000243701710132882
2389.7965230751797,1.0005110502243042,0.00024371384643018246
2389.81695527133,1.0003933906555176,0.00024373180349357426
2389.8373875665493,0.999965488910675,0.0002435975766275078
2389.8578199612966,1.0003308057785034,0.00024359268718399107
2389.878252155584,1.0002377033233643,0.00024363590637221932
2389.898684549873,1.0006141662597656,0.00024366243451368064
2389.9191168432226,1.0005191564559937,0.00024365716672036797
2389.939549136114,1.0002974271774292,0.00024372644838877022
2389.959981428532,1.0000780820846558,0.0002437423972878605
2389.9804137209576,1.000058650970459,0.00024366786237806082
2390.000846012452,1.0004427433013916,0.00024371591280214489
2390.0212783034804,1.0002387762069702,0.00024373170163016766
2390.041710594036,1.0001016855239868,0.0002436904760543257
2390.062142884133,1.0004668235778809,0.0002436886861687526
2390.0825751737575,1.0006989240646362,0.0002436950453557074
2390.1030074629234,1.0004090070724487,0.0002436675422359258
2390.1234397516237,1.0002446174621582,0.0002435771602904424
2390.1438721403174,1.0005877017974854,0.00024360633688047528
2390.1643043280856,1.000307321548462,0.0002435284695820883
2390.20516900222,1.000415563583374,0.00024357634538318962
2390.225601188591,1.0009878873825073,0.00024362262047361583
2390.2460334744974,1.0003970861434937,0.00024355779169127345
2390.2664658599315,0.9999991655349731,0.00024353481421712786
2390.3073304294157,1.0005481243133545,0.00024369049060624093
2390.327762713452,1.000341773033142,0.0002435891656205058
2390.3481948970293,1.00007164478302,0.00024353629851248115
2390.3686272801424,1.0006624460220337,0.0002436088107060641
2390.3890595627818,1.0007970333099365,0.0002437207876937464
2390.409491744962,1.0002412796020508,0.00024371108156628907
2390.429924126678,1.000504970550537,0.00024372435291297734
2390.4503563079197,1.0006262063980103,0.00024373311316594481
2390.4707885887037,1.0001922845840454,0.000243686736212112
2390.491220969023,1.0003647804260254,0.0002437739458400756
2390.5116532488682,1.000132441520691,0.00024374645727220923
2390.5320854282545,1.0004713535308838,0.00024381767434533685
2390.5525178071766,0.9998025298118591,0.00024371569452341646
2390.572950085625,0.9997640252113342,0.00024371113977394998
2390.5933822636143,0.9996522068977356,0.00024372250481974334
2390.613814640674,1.00076425075531,0.00024379858223255724
2390.6342469177252,1.0004503726959229,0.00024381408002227545
2390.6546790943175,1.0003443956375122,0.00024373017367906868
2390.6751114704457,1.00049889087677,0.00024373717315029353
2390.6955437461,1.0002998113632202,0.00024374225176870823
2390.715976121297,1.0004206895828247,0.0002437219227431342
2390.7364082960266,1.0004796981811523,0.00024368490267079324
2390.756840570284,1.0002397298812866,0.0002437370567349717
2390.777272944084,1.0000112056732178,0.00024363432021345943
2390.7977051174166,1.0003859996795654,0.00024365780700463802
2390.818137390277,1.0004624128341675,0.00024370256869588047
2390.83856976268,1.0003492832183838,0.00024358785594813526
2390.8590019346157,0.9999435544013977,0.00024368424783460796
2390.8794342056135,1.0000391006469727,0.0002437218645354733
2390.8998665766194,1.0001238584518433,0.00024368762387894094
2390.920298747158,0.9998831152915955,0.0002436376962577924
2390.9407310172246,1.0001440048217773,0.00024371923063881695
2390.9611633868335,1.0000306367874146,0.0002436922659398988
2390.981595655976,1.000479817390442,0.0002436985814711079
2391.0020278246448,0.9999702572822571,0.00024375380598939955
2391.0224601928567,0.9998741149902344,0.00024380514514632523
2391.042892460602,1.0003604888916016,0.00024379996466450393
2391.0633247278747,1.0003644227981567,0.0002437246876070276
2391.083756994689,1.0001287460327148,0.00024374286294914782
2391.1041892610374,1.0002845525741577,0.00024374687927775085
2391.124621526913,1.0000284910202026,0.00024377666704822332
2391.14505379233,1.0003718137741089,0.0002437680959701538
2391.165485957281,1.0001990795135498,0.00024372707412112504
2391.1859183217603,1.0003008842468262,0.00024380437389481813
2391.2063505857805,1.0000011920928955,0.00024380367540288717
2391.2267827493342,0.999627411365509,0.00024371445761062205
2391.2472151124166,1.0001027584075928,0.0002438003139104694
2391.26764737504,1.000265121459961,0.00024381166440434754
2391.2880795371966,1.0003265142440796,0.0002438368828734383
2391.308511898882,1.000196933746338,0.00024380626564379781
2391.328944160108,1.0001670122146606,0.00024381352704949677
2391.349376420869,1.0001918077468872,0.0002437219227431342
2391.3698086811564,0.9999852180480957,0.00024361172108910978
2391.3902409409857,1.000324010848999,0.0002436417416902259
2391.4106732003493,1.0006858110427856,0.00024368536833208054
2391.43110545924,1.0007879734039307,0.00024372902407776564
2391.451537717672,1.0002710819244385,0.0002437107905279845
2391.4719700756395,1.0006004571914673,0.00024375006614718586
2391.492402333133,1.0006922483444214,0.00024381763068959117
2391.5128344901677,1.0000938177108765,0.000243784612393938
2391.533266846731,0.9996911883354187,0.00024360297538805753
2391.553699102835,1.0000951290130615,0.00024362982367165387
2391.5741312584723,1.0002566576004028,0.00024368571757804602
2391.5945636136385,0.9996729493141174,0.00024359746021218598
2391.614995868811,1.0000666379928589,0.0002435422211419791
2391.6354280230516,1.0002390146255493,0.00024355830100830644
2391.655860376821,1.0001084804534912,0.0002435208880342543
2391.6967247829743,0.9997918009757996,0.00024341497919522226
2391.717157135812,0.9996547698974609,0.00024337177455890924
2391.737589387725,0.9991339445114136,0.00024333783949259669
2391.7580215391718,0.9994818568229675,0.0002432839828543365
2391.778453890147,0.9992684125900269,0.0002432950132060796
2391.7988861411286,0.9998800158500671,0.00024332592147402465
2391.8193184911797,0.999538242816925,0.00024345093697775155
2391.8397506407564,1.0000234842300415,0.00024335838679689914
2391.860182890341,1.0002483129501343,0.0002433408226352185
2391.8806151389945,1.0000330209732056,0.00024332141038030386
2391.901047387175,1.0003012418746948,0.00024325399135705084
2391.9214796353626,1.0004923343658447,0.0002431596367387101
2391.941911882619,0.999339759349823,0.0002430612366879359
2391.9623441294025,0.9997395277023315,0.0002431687171338126
2391.982776376193,0.9994046688079834,0.0002431332686683163
2392.0032087220534,0.999945878982544,0.0002430854510748759
2392.0236408679048,0.9995368719100952,0.00024300899531226605
2392.044073112833,0.9997923970222473,0.00024293383467011154
2392.0645054577617,0.9994200468063354,0.00024297602067235857
2392.0849376017504,0.9995304346084595,0.00024290928558912128
2392.105369845747,0.999873161315918,0.00024274854513350874
2392.1258021888134,1.000206708908081,0.00024260593636427075
2392.146234331871,1.0002920627593994,0.00024257591576315463
2392.1666665744706,1.000662922859192,0.0002425561979180202
2392.18709891614,1.0001556873321533,0.00024226507230196148
2392.2075310578,1.0004067420959473,0.0002421299577690661
2392.227963398538,1.0007009506225586,0.00024195743026211858
2392.2688277795387,1.000043272972107,0.0002438021474517882
2392.2892601193453,1.0001813173294067,0.0002437783987261355
2392.3096923582198,1.0002686977386475,0.000243668575421907
2392.330124597087,1.0005064010620117,0.0002437145303701982
2392.350556835496,1.0006738901138306,0.00024375026987399906
2392.370989073439,1.0011959075927734,0.00024383782874792814
2392.391421310909,0.9997071027755737,0.00024380855029448867
2392.4118535474554,1.0001473426818848,0.00024377329100389034
2392.4322857840016,0.9997568726539612,0.00024371551990043372
2392.452718020075,0.9996721744537354,0.00024362315889447927
2392.4731503556904,0.9994413256645203,0.0002436792419757694
2392.493582490839,0.9999827742576599,0.0002436186041450128
2392.514014725515,1.0001220703125,0.00024358055088669062
2392.534447059734,1.0001592636108398,0.0002435865899315104
2392.5548791934852,1.0001294612884521,0.00024353717162739486
2392.5753115267653,0.9997352957725525,0.00024350710737053305
2392.595743759586,0.9998255968093872,0.00024350562307517976
2392.6161758924063,0.9993904232978821,0.00024340594245586544
2392.6366082242894,1.0001143217086792,0.0002434860944049433
2392.6570403557125,0.9998865127563477,0.00024351659521926194
2392.677472586671,1.0002398490905762,0.00024347954604309052
2392.697904917157,0.9999284148216248,0.0002434330090181902
2392.7183370476487,0.9999463558197021,0.0002433108165860176
2392.73876927721,0.9998399019241333,0.00024331962049473077
2392.759201606299,0.9997531771659851,0.00024332298198714852
2392.779633735394,1.0001678466796875,0.00024318217765539885
2392.800065963558,0.9995622634887695,0.00024316531198564917
2392.820498291716,0.9993199706077576,0.00024316782946698368
2392.840930518949,0.9998629689216614,0.0002430790918879211
2392.861362646181,0.9993898868560791,0.0002431466564303264
2392.881794972476,1.0006886720657349,0.000243166767177172
2392.902227198778,0.9993406534194946,0.0002428626612527296
2392.9226593241474,0.9997100830078125,0.00024293546448461711
2392.943091649511,0.9998313784599304,0.00024288649728987366
2392.96352387395,1.0002696514129639,0.00024271376605611295
2392.9839561983827,1.0002532005310059,0.00024271111760754138
2393.004388322355,1.000145435333252,0.00024253541778307408
2393.024820545863,1.0003247261047363,0.0002425463608233258
2393.0452528684327,1.000510334968567,0.00024229238624684513
2393.188278316673,1.000512719154358,0.00024140000459738076
2393.2087105359897,1.0006047487258911,0.00024129844678100199
2393.229142854834,1.0010323524475098,0.00024110358208417892
2393.249574973219,1.0009390115737915,0.00024093427055049688
2393.2700071911386,1.001277208328247,0.00024073415261227638
2393.290439509052,1.0012210607528687,0.00024054580717347562
2393.31087172604,1.0007153749465942,0.0002403302933089435
2393.331303942563,1.000439167022705,0.000239940985920839
2393.3517361590784,1.001285195350647,0.0002395353076281026
2393.372168274669,1.001107096672058,0.0002391038287896663
2393.3926005897956,1.0018607378005981,0.00023876962950453162
2393.413032804914,1.0018072128295898,0.00023832933220546693
2393.433464919108,1.0014934539794922,0.00023776655143592507
2393.453897233303,1.0017503499984741,0.00023720524040982127
2393.494761559821,1.0003892183303833,0.00024378299713134766
2393.5151938726194,1.000603437423706,0.0002438045630697161
2393.5356260844783,0.9999895095825195,0.00024372001644223928
2393.5560581963437,1.0005041360855103,0.0002437645453028381
2393.576490507745,0.9994193911552429,0.00024366912839468569
2393.5969227186724,0.9999600052833557,0.00024375181237701327
2393.617354829141,0.9996815323829651,0.0002437262301100418
2393.637787139145,1.0002543926239014,0.00024362879048567265
2393.6582193486756,1.00006902217865,0.0002435934147797525
2393.678651557748,0.9999483823776245,0.0002436428767396137
2393.6990837663543,1.0000722408294678,0.00024354514607694
2393.719515974488,0.9998303055763245,0.00024354486959055066
2393.739948282164,1.0006378889083862,0.00024354936613235623
2393.7603803893726,0.9996212124824524,0.0002435410424368456
2393.780812596109,1.0006083250045776,0.000243491173023358
2393.801244902854,1.0005302429199219,0.00024341588141396642
2393.8216771086663,1.000241994857788,0.000243389920797199
2393.842109214005,0.9997907876968384,0.00024338570074178278
2393.862541519353,0.9996181130409241,0.00024318575742654502
2393.8829737237684,0.9996829628944397,0.00024329223379027098
2393.903405828176,0.9995948672294617,0.00024323414254467934
2393.923838131661,0.9991593360900879,0.0002430225576972589
2393.944270335138,0.9994701743125916,0.0002429958403808996
2393.9647024381557,0.9997356534004211,0.0002429387968732044
2393.9851347402437,1.0001660585403442,0.000242915193666704
2394.005566942331,0.9993419051170349,0.00024292209127452224
2394.0259990439445,1.0002208948135376,0.00024277610646095127
2394.046431345101,1.0004477500915527,0.00024275675241369754
2394.066863545784,0.9997974038124084,0.00024257448967546225
2394.087295646008,0.9998134970664978,0.00024252684670500457
2394.1077279457677,0.9993229508399963,0.00024237959587480873
2394.12816004506,0.9997732639312744,0.00024207208480220288
2394.1485923438813,1.0000665187835693,0.00024204094370361418
2394.1690245422433,1.000693917274475,0.00024193590797949582
2394.1894567401323,1.000734806060791,0.0002416183560853824
2394.2303211349936,0.9997543096542358,0.00024389445025008172
2394.250753331493,0.9999297261238098,0.00024388371093664318
2394.271185527985,1.0000693798065186,0.00024399219546467066
2394.291617723553,1.0001640319824219,0.00024388762540183961
2394.3120499191136,1.0003693103790283,0.00024379593378398567
2394.3324822142167,0.9999467134475708,0.00024380812828894705
2394.352914308387,1.0008838176727295,0.000243868023972027
2394.373346502558,0.9999393224716187,0.00024386383302044123
2394.393778796257,1.0004595518112183,0.00024375574139412493
2394.4142108894957,1.0002827644348145,0.0002437507500872016
2394.434643081797,1.0002155303955078,0.00024377882073167711
2394.455075374106,0.9996572732925415,0.00024372435291297734
2394.475507465948,0.9998252987861633,0.00024371457402594388
2394.4959397573184,0.9998274445533752,0.00024365019635297358
2394.5163719486955,0.9997732639312744,0.00024348813167307526
2394.5368040391404,0.9992193579673767,0.00024356551875825971
2394.557236329114,1.0001740455627441,0.00024361687246710062
2394.5776685186283,0.9997923970222473,0.00024353399930987507
2394.598100608142,1.0002833604812622,0.00024347477301489562
2394.6185328967185,1.000032901763916,0.00024347862927243114
2394.638965084836,0.9995201826095581,0.0002434391062706709
2394.6593972729534,0.9988625645637512,0.0002433926856610924
2394.679829460598,0.9991104602813721,0.0002433808404020965
2394.7002616473183,0.998971164226532,0.0002433082991046831
2394.7206938340387,0.9984660744667053,0.00024313360336236656
2394.741126020286,0.9990617036819458,0.00024307063722517341
2394.7615582060753,0.9991711974143982,0.0002431207976769656
2394.7819903913987,0.9995477199554443,0.00024299000506289303
2394.8024226757843,0.9997003078460693,0.0002430073218420148
2394.8228547601757,0.999707818031311,0.00024298587231896818
2394.843286944568,0.9995502829551697,0.00024277297779917717
2394.8637191280213,0.999925434589386,0.0002427682775305584
2394.8841513110165,1.0003148317337036,0.000242770227487199
2394.9045835935467,1.000477910041809,0.00024256612232420594
2394.925015676068,1.0002354383468628,0.00024239468621090055
2394.9454478576663,1.0006047487258911,0.0002422382531221956
2394.986312219924,1.000774621963501,0.00024196913000196218
2395.006744400591,1.0013258457183838,0.00024173209385480732
2395.027176680327,1.000277042388916,0.00024141107860486954
2395.0476087600546,1.0003180503845215,0.00024109226069413126
2395.0680409393244,1.0009452104568481,0.000241003799601458
2395.0884732181294,1.0005357265472412,0.00024068375932984054
2395.10890529646,1.0009586811065674,0.00024046564067248255
2395.1293374743327,1.000601887702942,0.00024019497504923493
2395.1497697517407,1.0002344846725464,0.00023998369579203427
2395.170201928675,1.000673770904541,0.00023969542235136032
2395.211066281161,1.0004914999008179,0.00024397119705099612
2395.231498457164,0.999884843826294,0.00024398109235335141
2395.251930632243,0.9999274611473083,0.00024399101675953716
2395.2723628073218,1.0001345872879028,0.00024396202934440225
2395.292794981462,1.0006108283996582,0.0002439951349515468
2395.3132272556104,1.0003690719604492,0.00024385578581131995
2395.3336593292915,1.000260353088379,0.00024389657482970506
2395.354091502035,0.9997115135192871,0.00024386067525483668
2395.374523774786,0.9995076060295105,0.0002438066730974242
2395.3949558470704,1.0000003576278687,0.0002439042436890304
2395.4153880188824,0.9999600052833557,0.00024382500851061195
2395.4358202902367,1.0001122951507568,0.00024375837529078126
2395.456252361124,0.9998223781585693,0.0002437082293909043
2395.476684531539,0.9997718334197998,0.0002436200447846204
2395.497116801962,1.0002506971359253,0.00024362446856684983
2395.517548871452,1.0005396604537964,0.00024359322560485452
2395.537981040936,0.9999126195907593,0.00024346318969037384
2395.5584133094962,0.9996933341026306,0.00024353219487238675
2395.578845378055,1.0000388622283936,0.00024341519747395068
2395.599277645677,0.9994902014732361,0.00024326278071384877
2395.6197097133045,1.0001381635665894,0.00024312161258421838
2395.640141880467,0.99974524974823,0.00024302670499309897
2395.6605741471576,1.0005909204483032,0.0002429093001410365
2395.681006213388,1.0002262592315674,0.00024281660444103181
2395.701438379154,1.0000141859054565,0.00024279610079247504
2395.7218706444473,0.9999514818191528,0.00024257540644612163
2395.7423028092817,1.0000971555709839,0.00024242514336947352
2395.7627348736496,1.0003539323806763,0.00024219580518547446
2395.783167138012,1.0005995035171509,0.0002420769160380587
2395.803599301449,1.0008277893066406,0.00024180895707104355
2395.8240313648857,1.0006885528564453,0.0002415474154986441
2395.8444636273853,1.000680685043335,0.00024122210743371397
2395.8648957898913,1.0008056163787842,0.000241127418121323
2395.885327851931,1.000463843345642,0.00024081527953967452
2395.9057601130335,1.0008456707000732,0.0002405760169494897
2395.9261922741425,1.000546932220459,0.00024023953301366419
2395.946624334785,1.001170039176941,0.0002400261873845011
2395.9670565949564,1.0003888607025146,0.00023962109116837382
2395.987488755134,1.0007919073104858,0.00023916963255032897
2396.007921014374,1.000791072845459,0.00023885014525149018
2396.028353073154,1.001120686531067,0.00023838909692130983
2396.0487852319347,1.0008015632629395,0.00023812809376977384
2396.0692174897777,1.0015848875045776,0.0002374089672230184
2396.0896495476263,1.0015655755996704,0.000236911466345191
2396.130513961456,1.0027269124984741,0.00023530671023763716
2396.191810429409,0.9998589754104614,0.00024319840304087847
2396.2122425844645,0.9999736547470093,0.00024309808213729411
2396.2326746390536,0.9997860789299011,0.00024309410946443677
2396.253106893171,0.9995156526565552,0.0002429559244774282
2396.2735390468297,0.999701201915741,0.0002428823645459488
2396.2939711004874,0.9998578429222107,0.00024289019347634166
2396.314403353208,1.0001846551895142,0.0002429017040412873
2396.334835505935,0.9997184872627258,0.00024286536790896207
2396.3552676581967,1.0001095533370972,0.00024278185446746647
2396.3756998095196,1.000194787979126,0.00024262159422505647
2396.396131860849,1.0002235174179077,0.00024248630506917834
2396.4165641117143,1.000902771949768,0.00024237848992925137
2396.436996262106,0.9996413588523865,0.0002422503603156656
2396.4574283120382,1.0004160404205322,0.00024213679716922343
2396.477860561972,1.0003588199615479,0.0002419647789793089
2396.498292710967,0.9999330043792725,0.00024186173686757684
2396.518724759502,1.0000717639923096,0.00024173971905838698
2396.539157008039,1.000933289527893,0.00024152518017217517
2396.559589155637,1.0004124641418457,0.0002414266054984182
2396.5800213032417,1.0008879899978638,0.0002411966706858948
2396.600453450381,1.0009030103683472,0.00024094565014820546
2396.620885597047,1.0001403093338013,0.00024060859868768603
2396.641317743255,1.000056266784668,0.0002402850368525833
2396.6821820342666,1.000211477279663,0.00024406402371823788
2396.7639107111754,0.9999701380729675,0.00024400823167525232
2396.7843428545893,1.0001671314239502,0.00024390882754232734
2396.8047748975296,0.9996737837791443,0.0002439632371533662
2396.8252071395473,0.9997503161430359,0.00024390890030190349
2396.845639281557,1.0003207921981812,0.00024392717750743032
2396.8660713231075,0.9998555779457092,0.0002438482188154012
2396.886503564194,1.0001286268234253,0.0002438011288177222
2396.9069357052795,0.9998655319213867,0.0002438394440105185
2396.9273677454257,1.0004298686981201,0.00024381352704949677
2396.947799985115,0.9999668002128601,0.00024373440828640014
2396.9682321247965,1.0005872249603271,0.000243780406890437
2396.988664263554,1.0001494884490967,0.0002436462527839467
2397.009096402311,0.9998369216918945,0.00024359309463761747
2397.0295285406028,1.0001318454742432,0.00024369028687942773
2397.0499606784215,1.0001894235610962,0.00024370291794184595
2397.070392815782,1.000292181968689,0.00024351419415324926
2397.090824952669,0.9998520612716675,0.00024346589634660631
2397.111257089098,0.9995408654212952,0.00024334351473953575
2397.1316892250616,0.999742865562439,0.00024326008860953152
2397.1521213605592,0.9992457628250122,0.00024319988733623177
2397.1725534960497,0.9996424913406372,0.0002431754401186481
2397.192985630616,1.0006120204925537,0.00024308747379109263
2397.213417765175,1.0007115602493286,0.00024300377117469907
2397.254282032911,1.0001330375671387,0.00024284314713440835
2397.33601056278,1.0002830028533936,0.0002417955984128639
2397.356442794553,1.0005615949630737,0.0002413399051874876
2397.3768748253933,1.0008925199508667,0.0002409423905191943
2397.3973069562344,1.0008376836776733,0.00024065635807346553
2397.4177391866033,1.0009647607803345,0.00024029292399063706
2397.4381712160466,1.0009421110153198,0.0002396071213297546
2397.458603445484,1.001105546951294,0.00023904906993266195
2397.4790355744626,1.0009095668792725,0.000238403954426758
2397.4994676034403,1.0009870529174805,0.00023783846700098366
2397.519899831481,1.0007795095443726,0.0002369150024605915
2397.5403319590623,1.0018998384475708,0.0002357692865189165
2397.5607640866438,1.0022896528244019,0.00023464324476663023
2397.662924717086,0.999935507774353,0.00024394289357587695
2397.6833568418733,0.9996879696846008,0.00024389005557168275
2397.7037890661886,1.0001713037490845,0.00024379677779506892
2397.724221090044,1.0001534223556519,0.0002438707451801747
2397.7446532139,0.9999805092811584,0.00024373462656512856
2397.7650854368185,1.0000299215316772,0.00024380152171943337
2397.7855174597426,1.0004596710205078,0.00024368039157707244
2397.8059496822025,0.999648928642273,0.0002435744827380404
2397.826381704188,0.9996739029884338,0.0002434360358165577
2397.846813825716,0.9996748566627502,0.00024331698659807444
2397.8672460467787,0.9995534420013428,0.00024318207579199225
2397.8876780673672,0.9997161626815796,0.00024300462973769754
2397.908110187498,1.0005886554718018,0.00024275454052258283
2397.9285424076297,1.0008885860443115,0.00024254833988379687
2397.948974426821,1.0003960132598877,0.00024232295982073992
2397.9694065460208,1.000711441040039,0.00024201614724006504
2397.9898387647554,1.0005418062210083,0.00024176434089895338
2398.0102707830156,1.0004956722259521,0.00024144169583451003
2398.030702900818,1.0007693767547607,0.00024098472204059362
2398.051135118156,1.0006132125854492,0.0002403997496003285
2398.0715672350198,1.0006719827651978,0.00023984373547136784
2398.0919992518902,1.0003678798675537,0.00023928210430312902
2398.112431467831,1.0006557703018188,0.00023861805675551295
2398.1532955987714,0.9997967481613159,0.00024350022431463003
2398.1737278137807,0.9996240735054016,0.00024335146008525044
2398.1941599283164,1.0000410079956055,0.00024328383733518422
2398.2145921423944,0.9994662404060364,0.0002431212633382529
2398.235024156471,1.000109076499939,0.0002430043532513082
2398.2554562696096,1.0004751682281494,0.0002429563901387155
2398.2758884822906,1.0002511739730835,0.00024293008027598262
2398.29632049497,1.0006252527236938,0.00024285202380269766
2398.3167526071775,1.0005909204483032,0.00024279065837617964
2398.3371848184615,1.000451922416687,0.00024253538867924362
2398.357616829744,1.0001825094223022,0.00024221841886173934
2398.3780489405544,1.000330924987793,0.00024194309662561864
2398.398481151373,1.0003077983856201,0.0002413975598756224
2398.4189131612584,1.0007027387619019,0.00024101052258629352
2398.4393452706718,0.9998199343681335,0.00024080723233055323
2398.459777480093,1.000625491142273,0.0002403947728453204
2398.480209589041,1.0000559091567993,0.00024001665588002652
2398.500641597064,1.0004193782806396,0.0002395821502432227
2398.5210738050882,1.000662922859192,0.00023896736092865467
2398.541505912639,1.0009829998016357,0.00023855787003412843
2398.561938020197,1.000881552696228,0.00023816687462385744
2398.5823701268237,1.001131296157837,0.00023772151325829327
2398.602802132984,1.001618504524231,0.00023694746778346598
2398.643666444368,0.9997077584266663,0.00024413275241386145
2398.66409844959,0.9997461438179016,0.0002441766846459359
2398.6845306543546,0.9994770288467407,0.00024403554562013596
2398.704962758653,0.9995108842849731,0.00024390882754232734
2398.725394762485,0.999466061592102,0.00024398665118496865
2398.745826966311,0.999148964881897,0.00024395201762672514
2398.7662590692125,0.9998830556869507,0.00024388103338424116
2398.786691072106,0.9999770522117615,0.00024384733114857227
2398.8071232740767,0.9999129772186279,0.00024374687927775085
2398.827555376047,1.0000120401382446,0.00024383969139307737
2398.8479873775505,1.0001744031906128,0.0002438462252030149
2398.8684195785827,1.0006951093673706,0.00024368971935473382
2398.888851679156,0.9997622966766357,0.0002435314527247101
2398.9092838797224,0.999336302280426,0.00024350587045773864
2398.9297158793634,0.9996129274368286,0.0002434018097119406
2398.950147979005,1.0001801252365112,0.00024334965564776212
2398.9705801781747,0.9998936057090759,0.00024338043294847012
2398.9910121764187,0.9997546672821045,0.0002433386107441038
2399.0114442746635,1.0001542568206787,0.0002431838511256501
2399.031876472902,0.9999096989631653,0.00024314559414051473
2399.0523085702152,1.0004901885986328,0.00024300393124576658
2399.0727405670623,1.0004169940948486,0.00024293155001942068
2399.0931727639036,1.0002782344818115,0.00024259583733510226
2399.11360485982,1.0004022121429443,0.0002423869154881686
2399.1340368557358,1.0004686117172241,0.00024224519438575953
2399.15446905118,1.0001312494277954,0.00024186950759030879
2399.174901146165,1.0002776384353638,0.00024152084370143712
2399.195333140684,1.000489592552185,0.0002411567693343386
2399.215765335197,1.0001085996627808,0.0002407591964583844
2399.236197428785,1.0006920099258423,0.0002403318794677034
2399.2566295223733,1.0003560781478882,0.00023967678134795278
2399.2770616154885,1.000027060508728,0.000239468106883578
2399.2974937076797,1.0006167888641357,0.00023906257410999388
2399.317925799871,1.0007414817810059,0.00023885496193543077
2399.338357892055,1.000677227973938,0.0002383852406637743
2399.379222074109,0.999880313873291,0.0002439897507429123
2399.3996541648958,1.000339150428772,0.00024412685888819396
2399.4200862552243,1.0007597208023071,0.0002442440309096128
2399.460950434477,1.0009509325027466,0.00024423302966170013
2399.4813825234087,1.0009572505950928,0.0002442221448291093
2399.5018146118746,1.0003001689910889,0.0002442664699628949
2399.5222466998675,0.9997107982635498,0.0002442403929308057
2399.5426787878678,1.0005393028259277,0.00024436827516183257
2399.563110975403,1.000732421875,0.00024427229072898626
2399.5835429619983,1.0003929138183594,0.0002441466203890741
2399.6039750486016,1.000200629234314,0.0002441588439978659
2399.6244072351983,1.0002089738845825,0.0002441430988255888
2399.6448392208695,0.9999591112136841,0.0002441527904011309
2399.6652714060765,0.9998916983604431,0.00024413649225607514
2399.6857034912828,0.999569296836853,0.00024396217486355454
2399.7061354760153,0.9998826384544373,0.00024389332975260913
2399.7265676598254,1.0003089904785156,0.00024383972049690783
2399.7469997436274,1.000165581703186,0.00024384497373830527
2399.7674317269702,0.999975860118866,0.00024384142307098955
2399.7878639103146,1.0007375478744507,0.00024377355293836445
2399.808295992727,1.0000393390655518,0.0002436421491438523
2399.828727975131,1.0006794929504395,0.0002434679918223992
2399.849160156613,0.9996232390403748,0.00024339546507690102
2399.8695922380866,0.9990196228027344,0.00024340911477338523
2399.890024319102,0.9992968440055847,0.00024333878536708653
2399.9104564001173,0.998746395111084,0.00024327247228939086
2399.9308884802012,0.9997162818908691,0.00024323440447915345
2399.9513205598123,0.9996569156646729,0.0002430332388030365
2399.992184718576,1.0006576776504517,0.00024283630773425102
2400.012616797263,1.0006437301635742,0.00024259132624138147
2400.0330488754844,1.0007476806640625,0.00024230426060967147
2400.05348095324,1.000260353088379,0.000242146837990731
2400.0739131305236,1.000117301940918,0.0002417817449895665
2400.1352093605237,1.0001201629638672,0.0002442918485030532
2400.155641336416,1.0003608465194702,0.0002444233978167176
2400.1760734118434,1.0005524158477783,0.00024423596914857626
2400.1965055867986,1.0000311136245728,0.00024416379164904356
2400.2169375617596,0.9998338222503662,0.0002442852419335395
2400.2373696357827,0.9996706247329712,0.0002442976401653141
2400.257801809814,0.9996123313903809,0.00024408021999988705
2400.278233783378,1.0000810623168945,0.00024411418417003006
2400.298665856477,0.9997720718383789,0.00024412621860392392
2400.3190980291038,1.0001099109649658,0.00024404599389526993
2400.3395300017364,1.0000511407852173,0.00024400728580076247
2400.359962173432,0.9994285106658936,0.00024393046624027193
2400.380394245134,1.0004422664642334,0.0002439124509692192
2400.4008263163705,1.000072717666626,0.00024393797502852976
2400.421258387134,1.0002466440200806,0.00024390793987549841
2400.441690457439,1.0003570318222046,0.00024376169312745333
2400.4621225272786,0.9997232556343079,0.00024366610159631819
2400.482554596645,1.0000463724136353,0.00024355092318728566
2400.502986666019,0.9997351765632629,0.00024348321312572807
2400.523418734927,0.9998040199279785,0.00024352091713808477
2400.543850903363,0.9992983937263489,0.0002434388006804511
2400.564282871339,0.9996694922447205,0.00024337024660781026
2400.58471493885,1.0000430345535278,0.00024324121477548033
2400.605147105889,1.000031590461731,0.00024310580920428038
2400.6255790729338,1.0002516508102417,0.0002429400774417445
2400.6460111395136,1.0006135702133179,0.00024280932848341763
2400.666443305621,1.0005621910095215,0.00024270704307127744
2400.686875271269,1.000253438949585,0.0002423884579911828
2400.7073074364525,1.0002669095993042,0.00024239058257080615
2400.7277395011624,1.0001957416534424,0.0002422419929644093
2400.748171465879,1.000291109085083,0.00024203343491535634
2400.7686036296654,0.9999015927314758,0.0002417704090476036
2400.789035693444,1.0000094175338745,0.00024142354959622025
2400.8094676567634,0.9999998211860657,0.00024116750864777714
2400.850331782465,1.000267744064331,0.0002443396078888327
2400.8707638443884,0.9999750256538391,0.00024425232550129294
2400.8911960063124,0.9999013543128967,0.000244203198235482
2400.9116280677626,0.9995514750480652,0.00024431306519545615
2400.9320600287538,0.9999825954437256,0.000244173570536077
2400.9524921892735,0.9994631409645081,0.00024417712120339274
2400.972924249334,0.999234139919281,0.0002440377720631659
2400.993356209394,0.9998472929000854,0.0002440167445456609
2401.013788368524,0.99997478723526,0.0002440223761368543
2401.034220427646,0.999956488609314,0.00024398171808570623
2401.0546523863086,1.00002121925354,0.0002439430681988597
2401.0750845445,1.0002856254577637,0.0002438261144561693
2401.095516602698,1.0004243850708008,0.0002437811199342832
2401.1159487599652,1.0000795125961304,0.00024354449124075472
2401.136380717231,0.9999055862426758,0.00024359197414014488
2401.1568127740247,0.9998627305030823,0.00024347739235963672
2401.1772449303608,1.0003290176391602,0.00024337905051652342
2401.279405105968,1.0003881454467773,0.00024239487538579851
2401.299837259976,0.9998376965522766,0.00024202727945521474
2401.320269213509,1.0001862049102783,0.00024152174592018127
2401.3407012670505,0.9999403953552246,0.0002409984590485692
2401.361133419661,1.000014305114746,0.0002404615079285577
2401.381565472264,0.9999333620071411,0.00024005438899621367
2401.4019974244075,1.000373363494873,0.00023945877910591662
2401.422429576087,1.000515103340149,0.0002386601991020143
2401.4428616272926,1.000555396080017,0.0002374996547587216
2401.4632936785056,1.0014557838439941,0.0002365169784752652
2401.4837257287872,1.0021064281463623,0.0002353922463953495
2401.5041577790616,1.0021722316741943,0.00023336207959800959
2401.5245898288777,1.002111554145813,0.0002309336414327845
2401.545021878228,1.0014420747756958,0.00022774474928155541
2401.58588597599,0.9995437264442444,0.00024363103148061782
2401.606318024409,0.999775230884552,0.00024348334409296513
2401.626749971896,1.0002397298812866,0.00024336870410479605
2401.6471821193772,1.0004429817199707,0.00024310339358635247
2401.667614166865,1.0001152753829956,0.000242941256146878
2401.6880461134133,1.000445008277893,0.00024267354456242174
2401.708478259505,1.0007613897323608,0.00024247352848760784
2401.7289103055955,0.9999786615371704,0.00024212864809669554
2401.7493423512133,0.9996280670166016,0.00024150412355083972
2401.7697743963727,0.9998051524162292,0.00024130944802891463
2401.7902064410664,0.9998812079429626,0.00024074125394690782
2401.8310705295153,1.0003048181533813,0.000244144321186468
2401.8515025732777,1.0000430345535278,0.000244354858295992
2401.871934716568,1.000158429145813,0.00024443937581963837
2401.8923666593982,1.0005589723587036,0.00024430511984974146
2401.9127987022293,1.0001479387283325,0.0002442644617985934
2401.9332308441226,1.0002036094665527,0.0002444774436298758
2401.9536628860224,1.0008033514022827,0.0002445290156174451
2401.9740948274557,1.000096082687378,0.00024431265774182975
2401.9945269684176,0.999803900718689,0.0002443461853545159
2402.0149590089204,0.9992347955703735,0.00024429967743344605
2402.0353909494224,0.9998990297317505,0.00024424755247309804
2402.076255128559,1.0001190900802612,0.0002444206620566547
2402.096687067664,0.9996348023414612,0.00024439365370199084
2402.1171192062975,0.9995867013931274,0.0002443404227960855
2402.1375512449376,0.9998719692230225,0.0002442742697894573
2402.15798338264,1.000174641609192,0.0002441963879391551
2402.178415320348,1.0000717639923096,0.00024413148639723659
2402.198847357591,0.9998895525932312,0.00024397340894211084
2402.2192793943686,1.000335931777954,0.0002440277166897431
2402.239711430673,0.9999471306800842,0.00024381412367802113
2402.260143466985,0.9998534917831421,0.00024380331160500646
2402.280575502831,0.9994298815727234,0.0002436723152641207
2402.3010075377388,0.9999276399612427,0.0002436757495161146
2402.3214395731193,0.9997261762619019,0.00024348344595637172
2402.3418716075685,1.000077247619629,0.00024340482195839286
2402.3623036415447,1.0001038312911987,0.00024332426255568862
2402.3827356755282,1.000270128250122,0.0002431507018627599
2402.4031678090396,1.0007015466690063,0.0002430425665806979
2402.423599742091,1.000611662864685,0.00024271327129099518
2402.4440317746776,0.9998260736465454,0.00024250468413811177
2402.464463906799,1.0001307725906372,0.0002420490636723116
2402.484895838912,1.000244140625,0.00024155393475666642
2402.505327970568,1.0001496076583862,0.00024114629195537418
2402.5257600017503,0.9996967315673828,0.00024085435143206269
2402.5666240627324,0.9999187588691711,0.0002444109704811126
2402.5870560929907,1.0000756978988647,0.0002443463308736682
2402.607488022775,1.000285029411316,0.00024453990045003593
2402.627920152103,0.9999833703041077,0.00024457750259898603
2402.648352180957,1.0001198053359985,0.00024447208852507174
2402.6687841093517,0.9994484782218933,0.0002443307312205434
2402.689216237748,0.9998011589050293,0.0002444154815748334
2402.7096482652123,0.9993735551834106,0.0002443120756652206
2402.7300801926685,0.9990795850753784,0.00024424551520496607
2402.750512319668,1.0001049041748047,0.00024434729130007327
2402.7709443466592,0.9996511936187744,0.00024416163796558976
2402.7913763727265,1.0002872943878174,0.0002441859687678516
2402.811808398794,0.9997926354408264,0.0002441032265778631
2402.8322404243954,1.0000519752502441,0.00024407509772572666
2402.852672549525,0.9995911121368408,0.00024384737480431795
2402.873104574195,1.0001505613327026,0.00024385281722061336
2402.8935364988574,1.0001473426818848,0.00024386285804212093
2402.913968623063,0.9998195767402649,0.00024375240900553763
2402.934400646802,0.9996781945228577,0.00024363603733945638
2402.9548325700744,0.9995059967041016,0.0002434134657960385
2403.0569926808384,0.9997414350509644,0.00024227926041930914
2403.077424702242,0.9996942281723022,0.0002416077913949266
2403.097856822722,1.0004022121429443,0.00024131324607878923
2403.1182887432005,1.0004416704177856,0.00024095828121062368
2403.138720763207,0.9994775652885437,0.0002403907128609717
2403.1591528827557,1.0002386569976807,0.0002398080105194822
2403.179584802303,1.000443935394287,0.00023905656416900456
2403.200016920913,1.0000237226486206,0.0002383861574344337
2403.22044893953,1.0006150007247925,0.00023765642254147679
2403.240880957681,1.000772476196289,0.00023690302623435855
2403.261312975359,1.0012210607528687,0.00023585061717312783
2403.3021770097985,0.9996053576469421,0.0002442662080284208
2403.3226090265453,0.9994025230407715,0.0002443644916638732
2403.3430410428336,1.0000073909759521,0.000244274502620101
2403.3634730586564,1.0004476308822632,0.00024418035172857344
2403.383905174007,0.999984622001648,0.00024406332522630692
2403.4043370893633,1.0004628896713257,0.0002439023373881355
2403.4247691042547,0.9997145533561707,0.00024371189647354186
2403.445201218674,0.9999205470085144,0.00024371547624468803
2403.4656331326332,0.9996541142463684,0.00024346461577806622
2403.4860651465933,1.0003366470336914,0.00024332001339644194
2403.5064972596156,1.000477910041809,0.00024323163961526006
2403.5269291726436,1.0000219345092773,0.00024295620096381754
2403.5473612852074,1.0004345178604126,0.0002426318678772077
2403.5677932977633,1.0002416372299194,0.00024235053570009768
2403.5882252093943,0.9993964433670044,0.0002419408701825887
2403.6086573210196,0.9995231032371521,0.0002413767942925915
2403.6290893321857,0.9997392296791077,0.00024093205865938216
2403.6495212428854,0.999881386756897,0.00024007161846384406
2403.6699533535866,1.00001859664917,0.00023901168606244028
2403.792545407996,0.9995142817497253,0.00024409836623817682
2403.812977415895,1.0003712177276611,0.000243996168137528
2403.833409323335,1.0000560283660889,0.00024381233379244804
2403.8538414307695,0.9994379281997681,0.00024359217786695808
2403.874273437279,0.99993497133255,0.00024357465736102313
2403.8947054437886,1.000136375427246,0.0002433657500660047
2403.9151374498324,1.0004280805587769,0.00024319521617144346
2403.9355694554033,0.9999479651451111,0.00024305109400302172
2403.9560015609823,1.0003362894058228,0.00024266698164865375
2403.976433465621,1.00018310546875,0.00024227066023740917
2403.996865470268,0.9997392892837524,0.00024173430574592203
2404.0377294781647,1.0001996755599976,0.0002431263856124133
2404.058161481873,1.000001072883606,0.00024301877419929951
2404.0785935851236,1.0001569986343384,0.00024283476523123682
2404.0990254879,1.000044584274292,0.00024267185654025525
2404.1194574902183,0.9997744560241699,0.00024246209068223834
2404.139889592072,0.9998067021369934,0.00024206226225942373
2404.160321493924,0.9998926520347595,0.00024177567684091628
2404.180753495304,0.9993399381637573,0.000241534537053667
2404.2011855962264,0.9994006752967834,0.00024101650342345238
2404.221617596675,0.999836802482605,0.000240583554841578
2404.242049597131,0.9996106624603271,0.00023989351757336408
2404.282913596173,0.9995980262756348,0.00024435503291897476
2404.303345595232,0.9998119473457336,0.0002444102137815207
2404.3237775942907,0.9998366236686707,0.0002442609693389386
2404.344209592411,0.9998945593833923,0.0002442296827211976
2404.3646415905387,0.999584972858429,0.00024413368373643607
2404.3850735882006,0.9994421601295471,0.00024418116663582623
2404.4055055858553,0.999284029006958,0.00024409066827502102
2404.425937582586,1.0,0.00024400233814958483
2404.4463695793165,1.0001622438430786,0.00024379971728194505
2404.466801575574,0.9996305704116821,0.00024387775920331478
2404.4872335713735,0.9988428950309753,0.00024371998733840883
2404.507665567173,0.9997613430023193,0.00024367659352719784
2404.52809746204,0.9994350671768188,0.00024353266053367406
2404.5485295569015,1.0001497268676758,0.0002435844362480566
2404.568961551304,0.9998065829277039,0.000243450136622414
2404.5893936456996,0.9995206594467163,0.00024312842288054526
2404.60982553917,0.9995678067207336,0.00024267341359518468
2404.630257532641,0.9996713995933533,0.00024226546520367265
2404.6506896256396,0.9995454549789429,0.00024189100076910108
2404.671121518644,1.000454068183899,0.0002414315822534263
2404.691553510718,1.000312089920044,0.0002411017194390297
2404.7119856027857,0.9992203712463379,0.00024048135674092919
2404.7324174943933,0.9998241066932678,0.00023983049322851002
2404.773281576672,0.9994310140609741,0.00024456632672809064
2404.7937135668835,0.9998457431793213,0.0002445460413582623
2404.814145457094,0.9992519617080688,0.0002446277067065239
2404.8345775468333,0.9989671111106873,0.0002443931589368731
2404.855009536579,0.9990425705909729,0.0002444400452077389
2404.8754414253926,0.9992300271987915,0.00024428684264421463
2404.8958735142005,0.9993644952774048,0.0002442746190354228
2404.916305502549,1.0000463724136353,0.00024423308786936104
2404.9367375908914,0.9994490742683411,0.00024408369790762663
2404.957169478308,1.0001581907272339,0.00024386182485613972
2404.9776014657255,0.9993768930435181,0.00024380644026678056
2404.998033552678,0.999437689781189,0.00024367294099647552
2405.059329511656,1.0001927614212036,0.00024323059187736362
2405.100193382299,0.9986328482627869,0.00024256065080408007
2405.1206254669232,0.9983041882514954,0.0002421634562779218
2405.1410573515386,0.9988015294075012,0.00024181746994145215
2405.1614893356964,0.9984036087989807,0.00024121295427903533
2405.1819213193885,0.9999463558197021,0.0002405037812422961
2405.2023533030733,0.9997943639755249,0.0002396213385509327
2405.2227852862998,1.0000251531600952,0.00023874980979599059
2405.2636492513484,0.9995759129524231,0.00024460814893245697
2405.2840813331786,0.9990580081939697,0.00024455113452859223
2405.324945196364,0.9989941120147705,0.0002445076825097203
2405.3453772772627,0.9987115263938904,0.00024431507335975766
2405.365809257695,0.998997151851654,0.0002441968536004424
2405.3862411381197,0.9991074204444885,0.00024420098634436727
2405.4066732180872,0.9996898770332336,0.00024397368542850018
2405.427105197581,0.9996969699859619,0.00024398858658969402
2405.447537076616,0.999786913394928,0.00024388496240135282
2405.467969155652,0.9991762042045593,0.00024368643062189221
2405.4884011342147,0.9999005794525146,0.00024357251822948456
2405.508833012318,0.9999115467071533,0.00024319396470673382
2405.5292650899573,0.9994329810142517,0.0002431105967843905
2405.5496970675886,0.9995290637016296,0.00024278844648506492
2405.5701289447607,0.9991640448570251,0.00024250261776614934
2405.5905610214686,0.9988632798194885,0.0002420227392576635
2405.610992997703,0.9992029666900635,0.0002413770416751504
2405.631425073945,0.9990679621696472,0.0002407866413705051
2405.6518569497202,0.9991365075111389,0.00024012410722207278
2405.672288925023,0.9995494484901428,0.0002394979092059657
2405.6927209998685,0.9990949630737305,0.0002384601248195395
2405.7131528747123,0.9998602271080017,0.00023740786127746105
2405.754016922998,1.0002602338790894,0.0002447150181978941
2405.7744488964454,0.9997611045837402,0.0002446307335048914
2405.794880769885,0.999506950378418,0.0002446517173666507
2405.815312842402,0.9994314312934875,0.00024463210138492286
2405.835744814918,0.9998915195465088,0.0002443786652293056
2405.8561766874263,0.9997714161872864,0.00024440069682896137
2405.876608759012,0.9998807311058044,0.0002442354743834585
2405.897040630596,0.9996943473815918,0.0002440322859911248
2405.917472601708,0.9994412660598755,0.0002440993848722428
2405.937904672828,0.9999222159385681,0.00024399076937697828
2405.9583365430153,0.9997121095657349,0.00024378170201089233
2405.999200582919,0.9997843503952026,0.00024414382642135024
2406.0196324526405,0.9991045594215393,0.00024390102771576494
2406.0400645218906,0.9989900588989258,0.0002438337542116642
2406.060496490216,0.99982750415802,0.00024373635824304074
2406.080928359006,0.9996328949928284,0.00024380140530411154
2406.101360426859,1.000099539756775,0.00024344133271370083
2406.121792394719,0.9997422695159912,0.00024324277183040977
2406.1422243621128,0.9995186924934387,0.00024298815696965903
2406.162656329034,0.9995594620704651,0.00024277159536723047
2406.1830882954964,0.9996668696403503,0.00024252892762888223
2406.203520261959,0.9994032979011536,0.00024241498613264412
2406.2239522279488,0.9999524354934692,0.0002421586832497269
2406.24438419348,0.9995970129966736,0.00024183496134355664
2406.2648161590114,0.9994606375694275,0.00024143823247868568
2406.285248223605,1.000001311302185,0.00024134517298080027
2406.305680088204,0.9998891353607178,0.0002408945729257539
2406.326112152805,0.9989755153656006,0.00024041383585426956
2406.3465441164662,0.9993082284927368,0.00023982783022802323
2406.366975980134,0.9995862245559692,0.0002393896720604971
2406.3874080433307,0.999400794506073,0.00023888111172709614
2406.407840006068,1.0004545450210571,0.00023840414360165596
2406.4282718688046,1.0003995895385742,0.00023782456992194057
2406.448703931077,1.0000613927841187,0.0002374915493419394
2406.4895677542154,0.9996673464775085,0.00024440078414045274
2406.5099998155492,0.9995435476303101,0.00024428332108072937
2406.530431776424,0.9996117353439331,0.0002441748802084476
2406.550863636832,0.9995114803314209,0.00024402665439993143
2406.571295697242,0.9992101192474365,0.00024375863722525537
2406.5917276567125,0.9996297359466553,0.00024369913444388658
2406.6734554927534,0.999767005443573,0.00024272018345072865
2406.693887450834,0.999388575553894,0.00024205740191973746
2406.734751366057,0.9999857544898987,0.00024476024555042386
2406.755183323199,0.9998334050178528,0.0002447181032039225
2406.775615279883,0.9997754693031311,0.0002446960425004363
2406.7960473361018,0.9995341300964355,0.00024465686874464154
2406.816479192319,0.9998640418052673,0.0002446371945552528
2406.8369111480642,0.9995800256729126,0.000244613183895126
2406.857343203352,0.9995114207267761,0.00024468230549246073
2406.8777750586305,0.9992833733558655,0.0002444988349452615
2406.898207012986,0.9994989633560181,0.0002444273850414902
2406.918639067342,0.9995995759963989,0.00024433727958239615
2406.939070921697,0.9998419284820557,0.00024424956063739955
2406.9595029751144,0.9996164441108704,0.00024397681409027427
2406.9799349285386,0.9994003772735596,0.0002437632210785523
2407.0616626385017,0.9992771148681641,0.00024315639166161418
2407.102526641618,0.9997838735580444,0.00024253298761323094
2407.1229585927067,0.9995065331459045,0.00024202177883125842
2407.143390543337,0.9994328618049622,0.00024166726507246494
2407.1638224935014,0.9988763332366943,0.00024093045794870704
2407.1842544434257,0.9990017414093018,0.0002405140403425321
2407.2251183425906,0.9987196922302246,0.00024411635240539908
2407.245550291351,0.9988618493080139,0.00024439857224933803
2407.265982340119,0.9990131258964539,0.00024459080304950476
2407.28641418842,0.9993298053741455,0.00024473058874718845
2407.30684623625,0.9992055296897888,0.0002447331207804382
2407.327278184086,0.9995375275611877,0.00024467843468301
2407.347710031223,0.9993677735328674,0.0002447346632834524
2407.3681420781213,0.9995936751365662,0.00024478958221152425
2407.3885739247926,0.9991937875747681,0.0002447011065669358
2407.409005871232,0.9987637996673584,0.0002447337028570473
2407.429437917199,0.999455451965332,0.00024463265435770154
2407.449869762706,0.9991844296455383,0.00024467313778586686
2407.470301707981,0.9996881484985352,0.0002446599828545004
2407.4907337530167,0.9995695352554321,0.000244496448431164
2407.5111655975925,0.9990807771682739,0.0002443873090669513
2407.531597541936,0.9991105198860168,0.0002443714765831828
2407.5520295858078,0.9998704195022583,0.0002442617551423609
2407.5724614294522,0.9997040629386902,0.0002440652606310323
2407.592893372632,0.9990910887718201,0.00024384589050896466
2407.613325415572,0.9995707869529724,0.00024385115830227733
2407.633757358286,1.0005179643630981,0.00024361905525438488
2407.654189300534,0.9999063611030579,0.00024329106963705271
2407.6746212425423,0.9997492432594299,0.0002430730382911861
2407.695053184092,0.9998235106468201,0.0002428258303552866
2407.715485125409,0.9999097585678101,0.00024241457867901772
2407.735917066486,0.9995560050010681,0.00024183841014746577
2407.7563490071043,0.9994118213653564,0.000241081666899845
2407.776781047258,0.999711811542511,0.00024048221530392766
2407.7972128874026,0.9992945790290833,0.00023961986880749464
2407.817644826857,0.9996834397315979,0.000238562366575934
2407.8380768663046,1.0005048513412476,0.00023732833506073803
2407.8585087052925,1.0001819133758545,0.00023598293773829937
2407.8789406438154,1.0006715059280396,0.00023407799017149955
2407.899372682099,1.0001814365386963,0.00023111922200769186
2407.9198045201556,0.9995881915092468,0.0002270164550282061
2407.9811003322247,0.9991055727005005,0.0002444082056172192
2408.001532368886,0.9995772838592529,0.0002444692072458565
2408.021964305073,0.9995930194854736,0.0002442853001412004
2408.0423961410343,0.9998942613601685,0.00024417697568424046
2408.062828176764,0.9998109340667725,0.00024400830443482846
2408.083260112253,0.9993453025817871,0.0002439397940179333
2408.1036920470506,0.9992914199829102,0.00024383491836488247
2408.1241239818482,0.9998677372932434,0.00024370332539547235
2408.144555916173,0.9994767308235168,0.00024351952015422285
2408.1649877502714,0.999962568283081,0.00024344104167539626
2408.1854197839057,1.0004020929336548,0.0002432296023471281
2408.205851717299,1.000028133392334,0.00024306178966071457
2408.226283550466,0.9995469450950623,0.00024271653092000633
2408.246715583169,0.9996181130409241,0.00024239906633738428
2408.267147515631,0.9988031983375549,0.000242143141804263
2408.287579347634,0.9996805191040039,0.0002417680952930823
2408.308011379406,0.9996722936630249,0.0002414635819150135
2408.3284433107037,0.9996095299720764,0.00024097328423522413
2408.348875341777,0.9995893239974976,0.00024037889670580626
2408.3693071726157,0.9999192357063293,0.00023948500165715814
2408.3897391029823,0.9995831847190857,0.00023886156850494444
2408.410171133124,0.999957263469696,0.00023808417608961463
2408.451034892467,0.9992759823799133,0.00024471519282087684
2408.4714669214445,0.9993433356285095,0.0002447834995109588
2408.4918987504207,0.9996247887611389,0.00024470395874232054
2408.5123306789246,0.9995841383934021,0.00024449804914183915
2408.532762706971,0.9994896054267883,0.00024452697834931314
2408.553194534783,0.9996594786643982,0.0002443912671878934
2408.5940584894706,0.9998488426208496,0.00024412351194769144
2408.614490416352,0.9997134208679199,0.00024403046700172126
2408.6349223429934,0.9997426271438599,0.00024388301244471222
2408.6553542691763,0.9999713897705078,0.0002436942158965394
2408.6757861951264,0.9996132254600525,0.00024336912611033767
2408.6962181206036,0.9995446801185608,0.000243157526711002
2408.716650045855,0.999441921710968,0.0002428693260299042
2408.737081970874,0.9990872740745544,0.00024277718330267817
2408.7575139954206,0.9995931386947632,0.00024236740136984736
2408.77794581974,0.9992206692695618,0.0002418107760604471
2408.7983777435948,0.9995533227920532,0.0002414150076219812
2408.81880976721,0.9998050332069397,0.00024071309599094093
2408.8392415905982,0.9993080496788025,0.00023999249970074743
2408.8596735135216,0.9995015263557434,0.00023929520102683455
2408.8801054362048,0.9997736215591431,0.0002386053092777729
2408.9005373586624,0.9994186162948608,0.0002376021584495902
2408.9414012021734,0.9994914531707764,0.0002449000021442771
2408.9618331236998,0.9997238516807556,0.0002449362655170262
2408.982265144761,0.9997147917747498,0.00024498190032318234
2409.002696965348,0.9994361996650696,0.00024487252812832594
2409.023128885943,0.9998642802238464,0.00024487587506882846
2409.043560906066,0.9989683032035828,0.00024475614191032946
2409.063992725729,0.9989489316940308,0.000244809576543048
2409.0844246451597,0.9996120929718018,0.0002446805592626333
2409.1048566643585,0.9998083710670471,0.0002445323916617781
2409.125288483083,0.9998961091041565,0.00024451312492601573
2409.1457204015824,0.9998884797096252,0.00024444476002827287
2409.2478800894096,0.9997167587280273,0.00024382486299145967
2409.2683119060457,0.9999282956123352,0.0002434963098494336
2409.2887439222104,0.9994971752166748,0.0002433840127196163
2409.3500396690943,0.9989967346191406,0.00024217010650318116
2409.370471584094,0.9994001388549805,0.00024146644864231348
2409.390903598869,0.9995085000991821,0.00024085439508780837
2409.4317673272453,0.9999843239784241,0.00024493204546160996
2409.452199340856,0.9997856020927429,0.0002449284365866333
2409.4726311542327,0.9994412660598755,0.0002449375169817358
2409.49306306737,0.9998098015785217,0.00024487837799824774
2409.513495080282,0.9994146227836609,0.00024487453629262745
2409.53392689272,0.9997066259384155,0.0002448435698170215
2409.554358804933,0.9998260140419006,0.0002448546583764255
2409.5747908166813,0.9999919533729553,0.00024476321414113045
2409.595222628195,0.9993423223495483,0.00024455637321807444
2409.6156546394704,0.9996887445449829,0.00024458731058984995
2409.636086450286,1.0002623796463013,0.00024450902128592134
2409.656518360862,1.000247597694397,0.0002442873374093324
2409.67695037098,0.9995107650756836,0.00024401154951192439
2409.697382281098,0.9997804760932922,0.00024374724307563156
2409.717814090749,0.999626636505127,0.0002434383932268247
2409.738246099929,1.0000004768371582,0.00024317280622199178
2409.7586780088823,0.9999958276748657,0.00024263025261461735
2409.779109817595,0.9999812245368958,0.00024196167942136526
2409.7995418260834,0.9994320273399353,0.000241335088503547
2409.8199737341056,0.9997026920318604,0.00024045498867053539
2409.840405541894,0.9996918439865112,0.00023935064382385463
2409.8608375492113,0.9997852444648743,0.000238118736888282
2409.881269456302,0.9997278451919556,0.00023662640887778252
2409.922133269778,0.9996408224105835,0.00024353234039153904
2409.9425651759375,1.0002849102020264,0.00024340496747754514
2409.962997181625,1.000037670135498,0.00024298591597471386
2409.983428987318,0.9992822408676147,0.00024252223374787718
2410.003860892546,0.999552309513092,0.0002419799129711464
2410.024292897535,0.9999253749847412,0.0002413706388324499
2410.044724702064,0.9998054504394531,0.00024090551596600562
2410.0651566063607,0.9996861815452576,0.00024036465038079768
2410.085588610418,0.9996163845062256,0.0002397000353084877
2410.106020414016,0.9994595646858215,0.00023900288215372711
2410.1264523173813,0.999500036239624,0.0002383336832281202
2410.1673162231746,0.9999089241027832,0.0002447708393447101
2410.187748025608,1.0001999139785767,0.00024493839009664953
2410.208180027803,1.0001014471054077,0.00024504109751433134
2410.2286119295386,0.9997724890708923,0.0002450780593790114
2410.249043831267,0.9997682571411133,0.0002451231412123889
2410.2694757323043,1.0000742673873901,0.000245092436671257
2410.2899076333415,0.9988409280776978,0.0002449336170684546
2410.310339533913,0.9989102482795715,0.00024503207532688975
2410.3307714340117,0.9992548227310181,0.00024482447770424187
2410.351203234117,0.9986673593521118,0.0002448939485475421
2410.3716352337506,0.9992284178733826,0.0002449321618769318
2410.392067133158,0.9993904829025269,0.0002448620507493615
2410.412498932099,1.0001423358917236,0.00024471612414345145
2410.4329309308087,0.9997261166572571,0.0002447529695928097
2410.4533628292775,1.0005862712860107,0.0002445134741719812
2410.47379462752,1.0003914833068848,0.00024441516143269837
2410.494226625291,0.9998573064804077,0.0002442783734295517
2410.514658522836,0.999966025352478,0.000244242197368294
2410.535090419915,0.9992218017578125,0.0002441016404191032
2410.555522316761,0.9999494552612305,0.00024388270685449243
2410.5759542133674,0.9999294281005859,0.00024358625523746014
2410.5963862097487,1.0001122951507568,0.00024338497314602137
2410.6168180056557,0.9996351599693298,0.00024304678663611412
2410.637249901338,0.9998466968536377,0.00024256376491393894
2410.657681896788,0.9995862245559692,0.00024204487272072583
2410.678113791764,0.9994558095932007,0.00024143040354829282
2410.6985455865142,0.9998870491981506,0.0002407320571364835
2410.7189775808,0.999922513961792,0.00024004076840355992
2410.739409475078,0.9997216463088989,0.0002391643065493554
2410.7598412688967,0.9997973442077637,0.00023818461340852082
2410.780273262484,0.9999995231628418,0.0002371536975260824
2410.821136948485,1.000443935394287,0.00023379645426757634
2410.8415689411413,1.0001227855682373,0.00023119102115742862
2410.8620008333237,0.9984943866729736,0.0002275361039210111
2410.9028646172374,0.9999579787254333,0.0002450522151775658
2410.9232965084884,0.9998266100883484,0.0002451595792081207
2410.9437284995147,0.9996234774589539,0.00024515847326256335
2410.9641602903066,1.0000815391540527,0.00024511927040293813
2410.984592180859,0.9998651742935181,0.0002451367035973817
2411.0050240709534,0.9995080828666687,0.0002450848405715078
2411.0254559610476,1.0001952648162842,0.0002450759056955576
2411.045887850436,1.00002121925354,0.00024502037558704615
2411.0663197398317,1.0001548528671265,0.00024507002672180533
2411.0867516287617,0.9999801516532898,0.0002449543389957398
2411.1071835174516,1.0000402927398682,0.0002447261940687895
2411.127615405683,1.0001615285873413,0.00024474525707773864
2411.1480472939147,1.0003827810287476,0.00024449508055113256
2411.1684791816733,1.0004327297210693,0.00024441711138933897
2411.2093429562738,0.9998544454574585,0.00024386354198213667
2411.229774943102,1.000176191329956,0.00024373865744564682
2411.270638615839,1.0001360177993774,0.00024306414707098156
2411.2910706017356,0.9998827576637268,0.00024236232275143266
2411.311502487406,1.0001369714736938,0.00024158053565770388
2411.331934272843,0.9996943473815918,0.0002407753054285422
2411.352366257808,1.000321388244629,0.0002400715893600136
2411.3932299270527,0.9999461770057678,0.0002451711625326425
2411.4136619113197,1.000010371208191,0.0002452265762258321
2411.4340937951274,0.9999054074287415,0.0002450965694151819
2411.4545255787016,0.9997439980506897,0.0002451500913593918
2411.474957562037,0.9997196197509766,0.00024507654597982764
2411.4953894449136,0.9995363354682922,0.00024502843734808266
2411.515821327557,0.9999585747718811,0.00024496152764186263
2411.5362532099607,1.0000566244125366,0.00024480317370034754
2411.556685091906,1.0005810260772705,0.00024468277115374804
2411.5771170738444,1.0009963512420654,0.00024451507488265634
2411.597548855323,1.0000721216201782,0.0002444227575324476
2411.6384127173515,1.0003998279571533,0.00024383356503676623
2411.679276378207,1.0000392198562622,0.00024284764367621392
2411.69970835805,0.9995422959327698,0.00024217147438321263
2411.7201402378996,0.999845027923584,0.00024155265418812633
2411.740572017283,0.9992778301239014,0.00024067256890702993
2411.761003996202,0.9996306300163269,0.0002394382026977837
2411.781435875113,0.9998018741607666,0.0002381932717980817
2411.801867653565,1.0008584260940552,0.0002365042018936947
2411.822299631778,1.0003633499145508,0.0002343399974051863
2411.8427314097644,1.0001425743103027,0.00023186444013845176
2411.9040270416226,1.0005440711975098,0.0002426229475531727
2411.924459018446,1.000420093536377,0.0002420735254418105
2411.944890894796,0.9997702240943909,0.00024160087923519313
2411.9653226709197,0.9994537830352783,0.00024128015502355993
2411.985754646812,0.999413013458252,0.00024055664835032076
2412.0061865224707,0.999580979347229,0.00024004724400583655
2412.0266183976564,0.9992552399635315,0.00023944287386257201
2412.0470502726166,0.999859631061554,0.00023870187578722835
2412.0674821473367,0.9991801977157593,0.00023797714675311
2412.0879140215984,0.9994208216667175,0.0002369588619330898
2412.1287777694233,0.9990248680114746,0.0002449018938932568
2412.1492096429793,0.9996779561042786,0.0002448135055601597
2412.1696416163104,1.0004771947860718,0.00024475768441334367
2412.190073389167,1.0005275011062622,0.0002445200807414949
2412.2105053617997,1.0004181861877441,0.000244399270741269
2412.230937234199,0.9995321035385132,0.00024429234326817095
2412.2513690061314,0.9995977282524109,0.00024402394774369895
2412.2718009778255,1.0000948905944824,0.00024400695110671222
2412.292232849293,0.999787449836731,0.00024368030426558107
2412.31266462052,0.999664306640625,0.00024337279319297522
2412.33309659129,0.9997771978378296,0.00024310678418260068
2412.3535284620593,0.9996424317359924,0.00024268319248221815
2412.373960232355,0.9995704293251038,0.00024223070067819208
2412.3943922021936,0.9997761845588684,0.00024176493752747774
2412.4148240720315,0.9997571110725403,0.00024117356224451214
2412.4352558413957,0.9992123246192932,0.00024031609063968062
2412.455687810536,0.9998731017112732,0.00023966195294633508
2412.4761196794425,1.000316858291626,0.00023880903609097004
2412.496551547876,1.000247597694397,0.00023809922276996076
2412.5169834160843,0.9996609687805176,0.00023714634880889207
2412.5374152840595,1.0003923177719116,0.00023600754502695054
2412.5578471517947,1.000148057937622,0.0002343376399949193
2412.5782790190715,0.999560534954071,0.00023302572662942111
2412.619142753152,1.0000184774398804,0.0002449141175020486
2412.6395746197304,0.9999619126319885,0.0002449111780151725
2412.660006485843,1.000380516052246,0.00024488847702741623
2412.6804384517163,0.9997210502624512,0.0002449102757964283
2412.7008702173625,1.0002236366271973,0.00024492136435583234
2412.7213020827767,0.9996657371520996,0.00024495235993526876
2412.7417340479515,1.0001922845840454,0.00024497852427884936
2412.7621658126664,1.0006139278411865,0.0002448541927151382
2412.782597677149,1.0005273818969727,0.0002447657170705497
2412.8030296413926,1.0000503063201904,0.00024474377278238535
2412.823461405409,1.000322699546814,0.0002446383296046406
2412.8438933689613,1.000299096107483,0.0002445473801344633
2412.8643252325055,0.9996232986450195,0.0002445370191708207
2412.8847569955906,0.9994433522224426,0.0002444536075927317
2412.9051889582042,0.9998786449432373,0.0002442530239932239
2412.9256208208244,0.9997418522834778,0.00024401764676440507
2412.946052582978,1.000017762184143,0.0002437959919916466
2412.986916406582,1.000299334526062,0.0002432296023471281
2413.007348268038,1.0000810623168945,0.00024287254200316966
2413.0277801290213,0.9992230534553528,0.00024245998065453023
2413.048211989779,0.9997766613960266,0.0002422801626380533
2413.0686438503035,0.9995903372764587,0.0002418699295958504
2413.1095075704143,1.0002665519714355,0.00024524290347471833
2413.1299395302412,1.000173568725586,0.0002452682238072157
2413.1503713895945,1.0002825260162354,0.0002453436318319291
2413.1708031487215,1.0002225637435913,0.00024532730458304286
2413.1912351073843,1.000491976737976,0.00024537541321478784
2413.2116668660456,1.0006910562515259,0.0002453829220030457
2413.2320987242347,0.9997937679290771,0.00024534942349419
2413.252530682199,0.9998862743377686,0.0002453829220030457
2413.2729624399217,0.9999520778656006,0.0002453549241181463
2413.2933942971868,0.9997557401657104,0.0002452740154694766
2413.3138262542197,0.9999238848686218,0.00024532852694392204
2413.334258011251,0.9996859431266785,0.0002452316984999925
2413.3546898678105,0.9996924996376038,0.00024530242080800235
2413.375121823912,0.9995203018188477,0.0002451979380566627
2413.395553580005,1.000465750694275,0.0002452213957440108
2413.4159854356403,0.9999967813491821,0.0002450717147439718
2413.4364173910435,1.0003602504730225,0.00024492712691426277
2413.4568491462123,1.0001916885375977,0.00024490946088917553
2413.4772811011426,1.0003373622894287,0.00024466970353387296
2413.4977129556137,1.0002835988998413,0.0002445151621941477
2413.5181448098447,0.9999315738677979,0.0002443013072479516
2413.53857666385,0.9998254776000977,0.00024408950412180275
2413.5590085176227,0.9999596476554871,0.0002437532675685361
2413.579440371155,0.9996479749679565,0.0002431529137538746
2413.5998722242293,0.9998672604560852,0.00024251594732049853
2413.6203040773034,0.9996617436408997,0.0002417674841126427
2413.6407359299046,0.9998417496681213,0.00024105867487378418
2413.6611677822802,0.9999009370803833,0.00023992816568352282
2413.68159963419,1.0002903938293457,0.0002388413849985227
2413.702031486093,1.000089406967163,0.00023748788225930184
2413.722463437538,1.0003914833068848,0.0002359518111916259
2413.7428951887487,0.9998180270195007,0.00023357868485618383
2413.763327139721,0.9992095828056335,0.0002296706079505384
2413.8450545406013,0.9997313022613525,0.00024535952252335846
2413.865486290182,0.9993868470191956,0.0002454217174090445
2413.8859182395245,0.9999217987060547,0.00024536202545277774
2413.9063500884076,0.9997247457504272,0.0002453264023642987
2413.92678183729,0.99948650598526,0.00024526126799173653
2413.947213785701,1.0000712871551514,0.0002452304179314524
2413.9676456338857,0.9996713995933533,0.00024494892568327487
2413.9880774818375,0.9992511868476868,0.0002450047177262604
2414.0085093293164,0.9997738003730774,0.00024494220269843936
2414.028941076802,0.9996464848518372,0.0002447158913128078
2414.049373023823,1.0006957054138184,0.0002446721773594618
2414.0698048706035,0.9997305274009705,0.0002445724094286561
2414.0902367171584,0.9997426271438599,0.00024451431818306446
2414.1106685632476,0.9994844198226929,0.00024425514857284725
2414.1311004093295,1.000149130821228,0.00024412166385445744
2414.151532254953,0.9999707341194153,0.00024394529464188963
2414.1719642003445,1.000000238418579,0.0002437845105305314
2414.1923959454944,0.9995374083518982,0.00024339492665603757
2414.2128277904194,0.9996873140335083,0.00024297305208165199
2414.233259735105,0.999375581741333,0.0002425414859317243
2414.253691479331,0.999863862991333,0.00024178715830203146
2414.2741233233246,0.9993768334388733,0.00024120465968735516
2414.2945552670863,1.0000171661376953,0.00024024021695367992
2414.3354188539015,0.9996381402015686,0.000245378992985934
2414.3558507969574,1.0001275539398193,0.00024541880702599883
2414.3762825395534,0.9999662041664124,0.0002454132481943816
2414.396714481918,0.9991359114646912,0.00024532718816772103
2414.417146324049,0.9997886419296265,0.0002453454362694174
2414.4375780659393,1.0001031160354614,0.0002452641783747822
2414.4580100076055,1.0001403093338013,0.00024507351918146014
2414.478441848798,0.9997761845588684,0.0002450881293043494
2414.498873589997,1.0001052618026733,0.000245046365307644
2414.519305530732,1.000017523765564,0.00024497881531715393
2414.539737371233,0.9998862743377686,0.0002447925799060613
2414.560169211494,0.9997934699058533,0.0002446924918331206
2414.580601051297,0.9998459815979004,0.00024454056983813643
2414.6010328910925,0.9999276995658875,0.0002442502591293305
2414.6214647304296,1.0000518560409546,0.0002443062257952988
2414.6418966697674,0.9998777508735657,0.00024410583137068897
2414.662328408638,1.0002518892288208,0.0002439446689095348
2414.6827603472702,1.0003613233566284,0.00024365853460039943
2414.7031920854424,1.0000026226043701,0.0002433320478303358
2414.723623923608,0.9991973638534546,0.00024310837034136057
2414.744055861316,0.9997429847717285,0.00024298638163600117
2414.7644875990227,0.9993583559989929,0.00024261162616312504
2414.7849194362643,0.9992103576660156,0.00024234542797785252
2414.825783110042,1.000241994857788,0.0002454972709529102
2414.846214946345,0.9994394183158875,0.00024547227076254785
2414.866646882656,0.9997633099555969,0.00024542369646951556
2414.8870786185,0.999954879283905,0.0002454496861901134
2414.9075104541043,0.9997313022613525,0.00024535806733183563
2414.927942389484,0.9996067881584167,0.000245344010181725
2414.9483741246295,0.9998011589050293,0.00024536397540941834
2414.9688060595363,1.0001033544540405,0.00024535824195481837
2414.989237894217,0.9994726181030273,0.00024524290347471833
2415.0096697284316,0.9999804496765137,0.0002450963656883687
2415.0301015624063,1.0001873970031738,0.0002451780019327998
2415.0505333963883,0.9991683959960938,0.00024507372290827334
2415.0709652299047,1.0001375675201416,0.00024496327387169003
2415.091397062948,0.9998913407325745,0.00024484324967488647
2415.1118288959988,0.9999065399169922,0.0002446403377689421
2415.1322607288166,0.999700665473938,0.0002446262806188315
2415.2548517196556,0.9994940757751465,0.00024305409169755876
2415.2752836503714,0.9994779229164124,0.00024253431183751673
2415.295715381093,0.9994358420372009,0.00024210977426264435
2415.3161473113432,0.9994668960571289,0.00024180050240829587
2415.336579141367,0.9992450475692749,0.00024128590303007513
2415.3570108711574,0.9998775124549866,0.00024076877161860466
2415.3774428007164,0.9986568689346313,0.00024017116811592132
2415.3978746300345,1.000326156616211,0.00023953896015882492
2415.4183063591263,0.9993072152137756,0.00023858551867306232
2415.4387382877467,0.9998832941055298,0.00023738923482596874
2415.459170016373,0.9992332458496094,0.00023630663054063916
2415.479601844534,0.9997827410697937,0.0002346810360904783
2415.500033772463,0.999693751335144,0.00023276367573998868
2415.5204655003836,0.998601496219635,0.00023073609918355942
2415.561329254837,0.9986720085144043,0.0002454466593917459
2415.581761081834,0.9994438290596008,0.0002454720961395651
2415.602192908598,0.9995212554931641,0.0002454379864502698
2415.622624734897,0.999627411365509,0.00024539438891224563
2415.6430565609553,0.999733030796051,0.00024538382422178984
2415.663488387021,0.9997154474258423,0.00024536484852433205
2415.683920212614,0.9993337392807007,0.00024519546423107386
2415.704352037981,0.9998095035552979,0.00024509106879122555
2415.7247839628835,0.999933123588562,0.0002449245366733521
2415.7452156877844,0.9998607039451599,0.00024484642199240625
2415.765647512446,1.0001195669174194,0.0002447545703034848
2415.806511160845,1.0002797842025757,0.0002456087386235595
2415.8269429845823,1.0000824928283691,0.00024548335932195187
2415.8473749080877,1.0001107454299927,0.00024549022782593966
2415.8678066313587,0.9999480247497559,0.0002455888024996966
2415.888238554391,0.9999328255653381,0.0002455477952025831
2415.9086703771973,0.9997238516807556,0.00024559488520026207
2415.9291020997625,0.9994033575057983,0.0002455603680573404
2415.949534021871,0.9996209144592285,0.00024554357514716685
2415.9699658439786,0.9996724724769592,0.0002454833884257823
2415.9903976656133,0.9997621178627014,0.0002455415087752044
2416.0108294870224,0.9995633959770203,0.00024555285926908255
2416.0312613084316,0.9993959069252014,0.00024563129409216344
2416.051693129368,0.9993166923522949,0.00024546627537347376
2416.0721249500784,0.9999721050262451,0.00024546703207306564
2416.0925567703234,1.0002437829971313,0.00024546647910028696
2416.112988590561,0.9997413158416748,0.00024535375996492803
2416.1334204105733,1.000200629234314,0.0002452842891216278
2416.15385223012,0.9998055696487427,0.00024525131448172033
2416.174284049659,1.0000907182693481,0.0002452449407428503
2416.19471586874,1.000198245048523,0.00024529194342903793
2416.215147687588,0.9996004700660706,0.0002451183972880244
2416.2355796064294,1.000349760055542,0.0002450493921060115
2416.256011324811,1.0000734329223633,0.0002449782914482057
2416.2764431429605,0.9996505379676819,0.0002449215098749846
2416.2968750608707,0.9997687935829163,0.00024476280668750405
2416.317306778321,0.9995077848434448,0.00024476481485180557
2416.337738595772,0.9994927644729614,0.00024471970391459763
2416.3581705129836,0.9990839958190918,0.00024453765945509076
2416.3786022297354,0.9996024370193481,0.00024444572045467794
2416.399034046488,1.0002319812774658,0.000244325608946383
2416.4194659627683,0.9999710321426392,0.00024420281988568604
2416.4398976788216,1.0000971555709839,0.00024413355276919901
2416.460329494643,1.000404953956604,0.00024396760272793472
2416.4807614102247,0.999751091003418,0.00024377899535465986
2416.5011931255794,0.9996657967567444,0.00024359514645766467
2416.521625040703,0.9997121095657349,0.0002435174974380061
2416.5420568555855,0.9995782971382141,0.00024332493194378912
2416.5624886702426,0.9993634819984436,0.00024309649597853422
2416.582920484434,0.9998498558998108,0.00024282596132252365
2416.603352298618,0.999603271484375,0.0002425287093501538
2416.623784112344,0.9996475577354431,0.00024214877339545637
2416.6442159260696,0.9994568228721619,0.00024193571880459785
2416.6646477393224,0.9997704029083252,0.00024152015976142138
2416.6850795523496,1.0004217624664307,0.0002410996676189825
2416.705511465145,0.999191164970398,0.00024051536456681788
2416.7259431776984,0.999779999256134,0.0002399842778686434
2416.746374990027,0.9995236396789551,0.00023895385675132275
2416.787238613979,0.999582052230835,0.0002456193615216762
2416.80767052561,0.9996561408042908,0.00024551147362217307
2416.8281022367737,0.9998564124107361,0.00024558548466302454
2416.848534047931,0.99973064661026,0.0002455306821502745
2416.8689659586307,1.0002965927124023,0.00024559878511354327
2416.8893977693224,0.9995497465133667,0.0002455504727549851
2416.909829479555,0.9999440312385559,0.000245463423198089
2416.930261389789,0.999921441078186,0.0002454495115671307
2416.950693099556,0.9997105002403259,0.00024530364316888154
2416.9711249090833,0.9994669556617737,0.000245275761699304
2416.991556818386,0.9994242191314697,0.0002451998007018119
2417.0119885274544,0.9997151494026184,0.00024514770484529436
2417.0324203362834,0.9997419714927673,0.00024508018395863473
2417.0528522448876,1.0004607439041138,0.0002449851017445326
2417.0732840532582,1.000083088874817,0.0002448180166538805
2417.093715861389,1.0001167058944702,0.0002448083250783384
2417.114147669061,0.9996614456176758,0.0002447596634738147
2417.257170317156,0.9995474219322205,0.00024346582358703017
2417.2776022229664,0.9995613098144531,0.0002430893509881571
2417.2980339285423,0.9992967844009399,0.00024265747924800962
2417.318465733879,0.9993959069252014,0.00024223703076131642
2417.3388976389906,0.9998723864555359,0.00024172030680347234
2417.359329343868,1.000291347503662,0.0002411781606497243
2417.379761248507,1.0006475448608398,0.000240762485191226
2417.4001930529193,1.0003539323806763,0.0002399273362243548
2417.4206247570983,0.999884307384491,0.00023934822820592672
2417.4410566610386,0.9993454217910767,0.00023889554722700268
2417.4614884647526,0.9990588426589966,0.00023833499290049076
2417.481920168233,0.9994305968284607,0.0002377921191509813
2417.5227838742576,1.0004308223724365,0.00024578734883107245
2417.5432156768074,0.9999576210975647,0.0002457955852150917
2417.56364747935,1.0002429485321045,0.0002457635127939284
2417.5840792814342,0.9999653100967407,0.00024575574207119644
2417.6045110835184,0.9999688267707825,0.0002457576629240066
2417.6249428851297,0.9998826384544373,0.00024575702263973653
2417.6453746867483,0.9993652701377869,0.00024569127708673477
2417.6658063879004,0.9995141625404358,0.00024567535729147494
2417.686238288814,0.9994961023330688,0.0002457507944200188
2417.706670089734,0.9998720288276672,0.00024568557273596525
2417.727101990182,0.9994651675224304,0.0002456329530104995
2417.7679654903914,1.0001381635665894,0.00024576540454290807
2417.788397390148,0.9999065399169922,0.0002457918308209628
2417.808829089663,0.9991382360458374,0.0002458197413943708
2417.8292608889533,0.9995778799057007,0.00024579730234108865
2417.849692788004,0.9996676445007324,0.0002457569935359061
2417.870124486828,0.9997667074203491,0.00024572666734457016
2417.8905562854197,0.999435544013977,0.00024568819208070636
2417.9109881837794,0.999352216720581,0.00024567361106164753
2417.9314198818975,0.9997252821922302,0.00024572855909354985
2417.9518516797907,0.9992256760597229,0.0002456655784044415
2417.9722835774446,1.0000041723251343,0.0002457518130540848
2417.9927152746386,1.0001568794250488,0.00024561790633015335
2418.013147171834,1.0002409219741821,0.0002456370566505939
2418.033578968796,0.9997942447662354,0.0002454096684232354
2418.054010765518,0.9994866251945496,0.000245474511757493
2418.0744425617813,0.9994760155677795,0.00024548626970499754
2418.0948743580375,0.9999106526374817,0.00024554235278628767
2418.1153061538353,0.9999979138374329,0.00024539526202715933
2418.135737949633,1.0001314878463745,0.0002453141496516764
2418.156169745198,1.0001081228256226,0.00024539566948078573
2418.17660154029,1.0000954866409302,0.00024508245405741036
2418.19703343539,1.0004425048828125,0.0002450702013447881
2418.2174651300156,0.9996021389961243,0.0002449679304845631
2418.2378969246492,0.9992881417274475,0.00024494138779118657
2418.258328818818,0.9997665882110596,0.0002448529121465981
2418.278760512985,0.9997714161872864,0.00024476659018546343
2418.299192406681,0.9999591112136841,0.0002447508741170168
2418.3196241003825,1.000006914138794,0.00024457016843371093
2418.340055893612,1.0002620220184326,0.0002446067810524255
2418.3604877868493,0.9999268054962158,0.0002444690908305347
2418.3809194796195,0.9996142983436584,0.00024420558474957943
2418.4013512721576,0.9993036985397339,0.0002439682139083743
2418.4217831646893,0.999474823474884,0.00024393915373366326
2418.442214856761,0.9992818832397461,0.0002437266957713291
2418.462646648826,0.9996836185455322,0.00024348580336663872
2418.503510231807,1.0000821352005005,0.00024592457339167595
2418.523942023181,1.00007164478302,0.0002458294329699129
2418.544373914083,1.0002120733261108,0.0002458838280290365
2418.5648057047583,0.9995878338813782,0.00024586240760982037
2418.5852374954266,1.0000702142715454,0.00024590155226178467
2418.6056692856364,0.9994038939476013,0.00024581572506576777
2418.6261010756134,0.9993501901626587,0.0002458213421050459
2418.646532865583,0.9995238184928894,0.0002458253875374794
2418.6669646550945,0.9993314146995544,0.0002458859817124903
2418.687396444373,0.9994302988052368,0.0002457754162605852
2418.707828333645,0.9993507266044617,0.0002457501250319183
2418.728260022457,0.9999097585678101,0.00024586429935880005
2418.748691811037,0.9995077252388,0.0002457016671542078
2418.7691236996106,0.9999934434890747,0.000245705246925354
2418.7895553877242,0.999700665473938,0.0002456029469612986
2418.809987175606,0.9996376633644104,0.0002455734647810459
2418.830419063481,0.999845027923584,0.0002455769863445312
2418.850850750896,0.9997398853302002,0.0002454324276186526
2418.8712826383126,0.9998658895492554,0.00024539235164411366
2418.8917144252555,1.0003173351287842,0.00024542564642615616
2418.912146111972,1.0001298189163208,0.00024522998137399554
2418.9325779986902,0.9998493790626526,0.0002451330656185746
2418.9530097849347,1.000220537185669,0.00024507916532456875
2419.0960321828607,0.9997177720069885,0.0002445015124976635
2419.21862298662,1.0002751350402832,0.0002436710783513263
2419.2390547696123,0.9998595714569092,0.00024360194220207632
2419.259486552597,0.9994795918464661,0.00024337087234016508
2419.279918435357,0.9995425939559937,0.00024318824580404907
2419.3003501178828,0.9996439814567566,0.00024281835067085922
2419.3207818999363,0.9991539716720581,0.00024251652939710766
2419.341213781998,0.999409556388855,0.00024240576021838933
2419.361645463825,0.9993510842323303,0.000242193418671377
2419.382077245413,0.9995155930519104,0.000241715315496549
2419.402509126776,1.000047206878662,0.00024132024555001408
2419.4229408079045,0.9993403553962708,0.00024086721532512456
2419.443372588561,0.9993224740028381,0.0002401863894192502
2419.4842361496558,1.000666856765747,0.00024600839242339134
2419.50466803008,1.0003269910812378,0.0002460104296915233
2419.5250998100455,1.000252604484558,0.0002461389813106507
2419.5455315897707,1.0003107786178589,0.0002461654949001968
2419.5659633692703,1.0002564191818237,0.0002459895331412554
2419.586395148537,0.9997454285621643,0.00024599177413620055
2419.606826927571,0.9992395639419556,0.0002459852257743478
2419.627258706365,0.9997830390930176,0.000246054696617648
2419.647690485166,0.9999945759773254,0.0002461040858179331
2419.6681222634943,0.9991531372070312,0.00024595504510216415
2419.6885541415977,0.9995936751365662,0.0002459769311826676
2419.7294175973293,0.9994988441467285,0.0002458715171087533
2419.749849474967,0.9995835423469543,0.00024583603953942657
2419.7702811521376,0.9996036887168884,0.0002458819653838873
2419.7907130293024,0.9999713897705078,0.0002458880189806223
2419.8111447060073,1.000154733657837,0.0002459741954226047
2419.831576482713,1.0000828504562378,0.00024592713452875614
2419.8520083591793,1.0002694129943848,0.00024582911282777786
2419.8724400354185,0.9997736215591431,0.00024581074831075966
2419.892871811193,0.9996157884597778,0.00024581130128353834
2419.9133036869607,0.9996969699859619,0.00024568079970777035
2419.9337353625015,0.9999741315841675,0.00024569520610384643
2419.95416713781,1.0001697540283203,0.0002457283262629062
2419.9745990128795,0.9998668432235718,0.00024572445545345545
2419.9950306877217,1.0002199411392212,0.0002457508526276797
2420.015462462332,1.000512719154358,0.0002456029469612986
2420.0358943367028,0.9997900128364563,0.00024555050185881555
2420.0563260110794,0.9998457431793213,0.0002455717767588794
2420.076757884992,1.0000035762786865,0.00024555582785978913
2420.0971896586634,0.9996640682220459,0.0002455681096762419
2420.1176214323423,0.9999540448188782,0.00024551982642151415
2420.1380532055555,1.0000065565109253,0.0002453647612128407
2420.1584849787614,0.9995529055595398,0.0002453080378472805
2420.178916751509,0.9997819066047668,0.000245321833062917
2420.1993485242565,1.0000234842300415,0.00024521126761101186
2420.219780296764,1.0002706050872803,0.00024523070896975696
2420.240212068813,0.9998365044593811,0.0002452195039950311
2420.2606439408555,0.9998161792755127,0.0002451178152114153
2420.281075612671,1.0000089406967163,0.0002449701423756778
2420.3015073842544,1.000149130821228,0.00024497119011357427
2420.3219392556057,1.00009286403656,0.00024473745725117624
2420.3423709267154,1.000902771949768,0.00024479214334860444
2420.362802797601,1.0003310441970825,0.00024451149511151016
2420.3832345684787,1.0011889934539795,0.0002446721773594618
2420.403666238897,1.0001585483551025,0.00024436000967398286
2420.4240981090843,0.999541163444519,0.0002442159748170525
2420.4445298792707,0.9999253749847412,0.00024403379939030856
2420.4649615489834,1.0000810623168945,0.00024390117323491722
2420.485393418705,0.9999878406524658,0.00024386070435866714
2420.5058251881856,0.9996983408927917,0.00024359626695513725
2420.526256857207,0.999930739402771,0.0002433667832519859
2420.54668872623,0.9994921684265137,0.00024308373394887894
2420.5671203950187,0.9993696212768555,0.00024262482475023717
2420.587552163568,1.000083327293396,0.0002424081030767411
2420.6079840318926,0.9994900822639465,0.00024211895652115345
2420.628415799976,0.9998339414596558,0.00024155329447239637
2420.6488475678343,1.0000975131988525,0.00024134083651006222
2420.6692793356924,0.9998565316200256,0.00024108200159389526
2420.71014287047,0.9997429847717285,0.0002463295531924814
2420.730574637397,0.9991439580917358,0.00024627530365251005
2420.7510064043163,0.9990027546882629,0.0002460647083353251
2420.771438270778,0.999058187007904,0.0002460949181113392
2420.7918699372385,0.9993152618408203,0.00024616587324999273
2420.812301703467,0.999274492263794,0.0002461586846038699
2420.8327335694557,0.999652624130249,0.0002462050470057875
2420.8531652352176,0.9996945858001709,0.0002462259726598859
2420.87359700074,1.0000576972961426,0.00024626991944387555
2420.894028866038,0.999893844127655,0.0002461677067913115
2420.914460531334,0.9999110102653503,0.00024620076874271035
2420.934892396159,1.0000998973846436,0.00024616700829938054
2420.95532416099,0.9996017217636108,0.0002461539988871664
2420.975755825355,0.9997382164001465,0.00024608877720311284
2420.996187689714,1.0000354051589966,0.00024622504133731127
2421.016619453847,1.0000693798065186,0.00024614299763925374
2421.037051117746,1.0004692077636719,0.0002461477124597877
2421.057482981407,1.0009500980377197,0.0002462367410771549
2421.077914744841,1.0000958442687988,0.00024620452313683927
2421.0983465080426,0.9994889497756958,0.0002460053365211934
2421.118778271004,1.0002461671829224,0.00024606945225968957
2421.1392100339726,0.9996978640556335,0.0002460133982822299
2421.1596417964756,0.999405026435852,0.00024597434094175696
2421.1800735589713,1.0002262592315674,0.00024590155226178467
2421.2005053210087,1.0004503726959229,0.0002458908420521766
2421.220937083046,1.0000032186508179,0.00024592841509729624
2421.241368944844,1.0000555515289307,0.00024578601005487144
2421.261800606415,1.001007080078125,0.00024585993378423154
2421.2822324677545,1.0004209280014038,0.00024571194080635905
2421.3026641288525,0.9997501969337463,0.00024557928554713726
2421.3230958899585,0.9999980330467224,0.00024546636268496513
2421.3435277505996,1.0002009868621826,0.0002453910419717431
2421.363959411232,1.0004059076309204,0.0002454461937304586
2421.3843911714066,0.9997375011444092,0.00024527712957933545
2421.486549969937,1.0002610683441162,0.00024397137167397887
2421.5069818289485,1.0001616477966309,0.00024337133800145239
2421.527413587959,1.0001506805419922,0.00024253608717117459
2421.5478452467287,0.999840497970581,0.00024183264758903533
2421.5682771050415,0.9993700981140137,0.00024065619800239801
2421.5887088633535,0.9991182088851929,0.00023935000353958458
2421.6091406214255,0.9983465671539307,0.00023781867639627308
2421.6908676516396,0.9996147155761719,0.00024624253273941576
2421.7112994085546,1.00017511844635,0.0002463026612531394
2421.7317311654624,1.000298023223877,0.0002463851706124842
2421.7521630221454,1.0001583099365234,0.0002461821713950485
2421.772594678594,1.0004792213439941,0.00024626997765153646
2421.793026534804,1.0004271268844604,0.00024610801483504474
2421.813458290788,0.9995558857917786,0.00024605743237771094
2421.833889946538,1.0001779794692993,0.0002459392708260566
2421.8543218020495,1.0002310276031494,0.0002459110110066831
2421.8747535575676,1.0009294748306274,0.00024592032423242927
2421.895185212852,1.0003025531768799,0.00024590687826275826
2421.915617067665,1.0006717443466187,0.00024578243028372526
2421.936048722484,1.0008924007415771,0.00024575964198447764
2421.9564804770707,0.9998968243598938,0.0002456659567542374
2421.976912331651,1.0000437498092651,0.0002455098438076675
2421.9973439857713,1.0002002716064453,0.0002455073408782482
2422.0177757396596,0.9998042583465576,0.0002454639761708677
2422.0382075935413,1.0000262260437012,0.0002454699424561113
2422.058639247196,1.0000368356704712,0.0002454965142533183
2422.079071100612,1.0002422332763672,0.00024527384084649384
2422.099502853802,1.0007399320602417,0.0002450862084515393
2422.1199346067588,1.000467300415039,0.0002450155734550208
2422.1403663594756,1.0001986026763916,0.0002448030572850257
2422.1607981121997,1.0007432699203491,0.0002448785526212305
2422.181229864458,1.0003881454467773,0.00024480358115397394
2422.2016616167093,1.000009536743164,0.00024462639703415334
2422.222093368735,1.0003235340118408,0.00024450456839986145
2422.2425251205277,1.0007514953613281,0.00024482497246935964
2422.262956972081,1.000616431236267,0.0002447695005685091
2422.2833886234075,1.000748872756958,0.00024481082800775766
2422.3038203747346,1.0007550716400146,0.0002446672588121146
2422.3242522255896,1.0001853704452515,0.00024446824681945145
2422.3446838764503,1.000350832939148,0.0002442163822706789
2422.3651157270797,1.0006057024002075,0.00024408036551903933
2422.385547477468,1.0002222061157227,0.00024394117644988
2422.426410977794,1.0002522468566895,0.00024654294247739017
2422.446842727484,1.0006828308105469,0.0002465137222316116
2422.4672743771807,1.0004429817199707,0.0002464184944983572
2422.487706226646,1.0006402730941772,0.00024646613746881485
2422.5081379758703,1.0007768869400024,0.00024650373961776495
2422.5285696248684,1.0003833770751953,0.0002463962009642273
2422.549001473635,1.0003116130828857,0.00024643552023917437
2422.569433222394,1.000085473060608,0.000246490933932364
2422.589865070695,0.9999078512191772,0.00024634675355628133
2422.6102967189945,1.0003629922866821,0.00024640007177367806
2422.6307284670547,1.0003584623336792,0.0002464434364810586
2422.65116031489,1.0001524686813354,0.0002463369455654174
2422.671591962491,1.0003257989883423,0.00024636631133034825
2422.692023710086,1.0000742673873901,0.0002463484415784478
2422.712455457222,1.0003336668014526,0.0002461815602146089
2422.732887204358,1.0008569955825806,0.0002462742559146136
2422.753318951254,1.000099778175354,0.000246067822445184
2422.7737507979255,1.0006036758422852,0.00024619195028208196
2422.7941824443624,1.0003199577331543,0.00024598080199211836
2422.814614190793,1.000869870185852,0.0002460393588989973
2422.8350460367656,1.000251293182373,0.00024599925382062793
2422.855477682737,1.000414490699768,0.00024584325728937984
2422.8759095284695,0.99982750415802,0.0002457074588164687
2422.896341273976,1.0004106760025024,0.0002457632508594543
2422.9167729194814,1.0001027584075928,0.0002455649373587221
2422.9372047645156,1.0006496906280518,0.00024565114290453494
2422.9576365095563,1.0003095865249634,0.00024561528698541224
2423.0802269751293,1.0005406141281128,0.0002449527964927256
2423.100658718773,1.0007429122924805,0.00024498385027982295
2423.1210904621767,1.0001540184020996,0.000244731898419559
2423.2232492764233,1.0002654790878296,0.00024346784630324692
2423.243681018903,1.0001670122146606,0.00024309195578098297
2423.264112660916,1.0004606246948242,0.00024263840168714523
2423.2845445026906,1.0000969171524048,0.0002419232187094167
2423.3049762444716,1.0000749826431274,0.00024125906929839402
2423.325407886019,1.0000189542770386,0.00024076260160654783
2423.345839727328,0.9997167587280273,0.00024036562535911798
2423.3662714686434,0.9996292591094971,0.0002398362848907709
2423.4071349503356,1.0004305839538574,0.00024648752878420055
2423.4275665909518,1.0014680624008179,0.0002465667203068733
2423.4479984313366,1.0002914667129517,0.0002465753350406885
2423.4684301714806,1.0003281831741333,0.0002466402074787766
2423.488861811631,1.0006930828094482,0.0002466699224896729
2423.5092936513174,1.000923752784729,0.0002466810983605683
2423.5297253909957,1.0008716583251953,0.00024676427710801363
2423.5501570304477,1.000126600265503,0.0002466551086399704
2423.5705888696684,0.9997026324272156,0.0002466722798999399
2423.591020608881,0.9996083974838257,0.0002467178856022656
2423.611452347868,1.0000007152557373,0.00024665045202709734
2423.6523158251366,1.000807285308838,0.00024658674374222755
2423.693179301481,1.0007948875427246,0.00024642402422614396
2423.7136110395295,1.000815987586975,0.00024626069352962077
2423.734042877353,1.0008139610290527,0.00024629622930660844
2423.7544745149426,1.002713680267334,0.00024640007177367806
2423.7749062525254,1.0008851289749146,0.0002463363343849778
2423.7953380896506,1.0010713338851929,0.0002463950659148395
2423.815769826775,1.0003116130828857,0.00024628540268167853
2423.8362014636587,1.000590205192566,0.00024636692251078784
2423.856633300318,0.9995931386947632,0.00024617172311991453
2423.877065036744,1.0004914999008179,0.0002461911935824901
2423.897496673162,1.0003366470336914,0.0002461920084897429
2423.917928509356,1.0013731718063354,0.00024628188111819327
2423.9383602453163,1.0007959604263306,0.0002462301927153021
2423.9587920810372,1.0012389421463013,0.000246170733589679
2423.979223716764,1.000867247581482,0.0002460372052155435
2423.9996554520258,1.000432014465332,0.0002461280091665685
2424.020087287281,1.000215768814087,0.00024603266501799226
2424.0405189223093,1.000309944152832,0.00024598115123808384
2424.0609506573383,1.0004061460494995,0.0002459239913150668
2424.0813823918943,0.999668300151825,0.00024587102234363556
2424.1018141264576,1.0001071691513062,0.0002457624359522015
2424.122245860788,1.0003468990325928,0.0002456249494571239
2424.1426775948785,1.0004256963729858,0.0002455240464769304
2424.163109328976,1.000275731086731,0.0002454877248965204
2424.183541062608,1.0007554292678833,0.00024536371347494423
2424.203972796233,1.0012855529785156,0.00024532084353268147
2424.224404529632,1.0008366107940674,0.00024524936452507973
2424.2448363630247,1.0005637407302856,0.00024523292086087167
2424.265268095958,1.0005531311035156,0.00024526024935767055
2424.285699728891,1.0006983280181885,0.00024522055173292756
2424.3061315615923,1.0008732080459595,0.0002452516055200249
2424.326563294053,1.0008572340011597,0.0002451227919664234
2424.34699492652,1.0004929304122925,0.00024509511422365904
2424.3674267587485,1.0004050731658936,0.0002450803585816175
2424.3878584907507,1.0005459785461426,0.0002449988969601691
2424.4082901225192,1.0006400346755981,0.0002448760496918112
2424.4287219540565,1.0002690553665161,0.0002447390870656818
2424.4491536855858,1.000516653060913,0.00024470279458910227
2424.46958551689,1.0004396438598633,0.00024443419533781707
2424.490017147953,1.0002869367599487,0.0002440336684230715
2424.510448879024,1.0007617473602295,0.0002436740614939481
2424.53088070963,1.0005378723144531,0.0002432551555102691
2424.551312340227,1.0007524490356445,0.00024296533956658095
2424.5717440705994,1.0001475811004639,0.00024258779012598097
2424.5921759009725,1.0006623268127441,0.00024219286569859833
2424.633039260778,1.000961184501648,0.00024695598403923213
2424.6534710904525,1.0009856224060059,0.0002469785395078361
2424.6739027201183,1.000864028930664,0.00024691413273103535
2424.6943344493266,1.000936508178711,0.00024683645460754633
2424.7147662785355,1.0006181001663208,0.0002468464954290539
2424.7351980075036,1.0003268718719482,0.00024689437123015523
2424.755629736479,1.0004677772521973,0.00024694352759979665
2424.7760614649887,1.0001561641693115,0.00024670056882314384
2424.796493193491,0.9999791979789734,0.00024679003399796784
2424.816924921768,1.0009523630142212,0.00024692880106158555
2424.837356650045,1.000707745552063,0.0002467365993652493
2424.857788377849,1.000313639640808,0.0002466982987243682
2424.87822010566,1.0013597011566162,0.00024681066861376166
2424.8986518332385,1.0009194612503052,0.0002466274017933756
2424.919083460809,1.0007760524749756,0.00024663525982759893
2424.9395152879224,1.0005966424942017,0.0002466703881509602
2424.959947015035,1.0009300708770752,0.0002465544093865901
2424.980378641907,1.0005782842636108,0.0002464998688083142
2425.0008104687877,1.0008987188339233,0.0002465643628966063
2425.021242195202,1.0003776550292969,0.0002465493744239211
2425.0416740216097,1.0006260871887207,0.00024651666171848774
2425.062105648023,1.0009324550628662,0.00024645819212310016
2425.0825373739717,1.0005197525024414,0.0002464457065798342
2425.102969199914,1.001021146774292,0.0002465059806127101
2425.123400825629,1.0007579326629639,0.0002462267002556473
2425.1438325511117,1.0005252361297607,0.00024613397545181215
2425.1642643763553,1.0000569820404053,0.0002459904062561691
2425.205127726622,1.0003535747528076,0.00024603624478913844
2425.245991276184,1.0004804134368896,0.00024582704645581543
2425.266423000736,1.0003364086151123,0.00024584433413110673
2425.2868547250473,1.0006108283996582,0.0002458332455717027
2425.4298767908404,1.0012309551239014,0.0002459772222209722
2425.4503086137556,1.0003585815429688,0.0002461036201566458
2425.4707402366766,1.0007556676864624,0.00024608959211036563
2425.4911719593656,1.0002866983413696,0.000246140145463869
2425.5116036818217,1.000722050666809,0.0002460756222717464
2425.5320354042706,1.0006232261657715,0.0002459029492456466
2425.552467226262,1.000717043876648,0.0002459690731484443
2425.572898848244,1.0003471374511719,0.000245898962020874
2425.6137623917602,1.0006238222122192,0.00024582704645581543
2425.6341940132843,0.9999091029167175,0.0002458067028783262
2425.654625734802,1.0009468793869019,0.0002456096117384732
2425.6750575558617,1.0006705522537231,0.00024555815616622567
2425.695489176913,1.0007911920547485,0.00024551289970986545
2425.715920897739,1.0004167556762695,0.0002454609202686697
2425.7363527183334,1.0005604028701782,0.0002455473004374653
2425.756784338926,1.0008033514022827,0.00024546164786443114
2425.77721615928,1.0016038417816162,0.00024555271374993026
2425.797647879408,1.000693917274475,0.0002454665955156088
2425.8180795992957,1.0009856224060059,0.00024549305089749396
2425.8385113191907,1.0007603168487549,0.000245415314566344
2425.858943038853,1.00100839138031,0.0002453815541230142
2425.8793747585078,1.0009949207305908,0.0002453961060382426
2425.8998064777043,1.0013501644134521,0.0002452386252116412
2425.9202381969008,1.0006086826324463,0.00024505742476321757
2425.94066991609,1.0000633001327515,0.0002449054445605725
2425.9611017348216,0.9998229146003723,0.00024491356452926993
2425.9815333535516,1.0001190900802612,0.0002449238963890821
2426.001965072275,0.999661386013031,0.0002448276209179312
2426.022396890541,0.9999484419822693,0.00024479429703205824
2426.0428285088055,1.0009344816207886,0.00024451722856611013
2426.0632603268314,1.001363754272461,0.0002444470301270485
2426.1041236624296,1.0007092952728271,0.0002471216721460223
2426.12455547999,1.0008984804153442,0.0002473015629220754
2426.1449871973236,1.0002280473709106,0.00024717036285437644
2426.1654188146567,1.0004647970199585,0.00024712804588489234
2426.1858506317512,1.0001479387283325,0.0002471587504260242
2426.2062823486194,1.000641942024231,0.00024716078769415617
2426.226713965487,1.0008317232131958,0.0002472034248057753
2426.2471457821157,1.0018298625946045,0.00024734073667787015
2426.267577498518,1.0004380941390991,0.00024726326228119433
2426.2880092149207,1.0001298189163208,0.0002471679472364485
2426.3084409308503,1.0006076097488403,0.00024721314548514783
2426.32887264702,1.0002665519714355,0.00024716468760743737
2426.349304362724,1.0007567405700684,0.0002472380001563579
2426.369736078421,1.0005465745925903,0.0002472036285325885
2426.390167793892,1.0007861852645874,0.0002472189662512392
2426.4105995091304,1.0010833740234375,0.0002472680644132197
2426.4310312243615,1.0003647804260254,0.00024723494425415993
2426.451462939367,1.0006223917007446,0.00024720525834709406
2426.4718947543734,1.0008161067962646,0.00024718570057302713
2426.492326368905,1.0007197856903076,0.0002472457417752594
2426.5127581836787,1.0005165338516235,0.0002472276974003762
2426.5331898979784,1.0002588033676147,0.00024723378010094166
2426.5536215122847,1.0002872943878174,0.0002472377091180533
2426.5740533263597,1.0006300210952759,0.0002472602645866573
2426.594485040201,1.0001766681671143,0.00024722653324715793
2426.6149166540345,1.0006310939788818,0.0002471989137120545
2426.635348467644,1.0006675720214844,0.000247339834459126
2426.6557801810122,1.0007134675979614,0.0002472428313922137
2426.676211794387,1.0009385347366333,0.0002473080239724368
2426.696643607531,1.000891089439392,0.0002472418418619782
2426.717075320441,1.0008407831192017,0.0002471795887686312
2426.737506933343,1.0007256269454956,0.00024719303473830223
2426.757938746021,1.00090491771698,0.0002471789193805307
2426.778370458458,1.0002572536468506,0.00024715831386856735
2426.7988022709033,1.0008399486541748,0.00024715164909139276
2426.819233883114,1.0005854368209839,0.00024723849492147565
2426.839665595093,1.000610113143921,0.00024721171939745545
2426.860097407065,1.00041925907135,0.0002472994092386216
2426.88052901881,1.0000861883163452,0.0002471470506861806
2426.900960730316,1.0000234842300415,0.00024723573005758226
2426.921392441829,1.0010507106781006,0.0002471482439432293
2426.94182425311,1.0008649826049805,0.0002471910265740007
2426.9622558641495,1.0004713535308838,0.00024728040443733335
2426.9826876751977,1.0009254217147827,0.00024726943229325116
2427.0031192860115,1.000401496887207,0.00024719134671613574
2427.0235510968196,1.000376582145691,0.00024707222473807633
2427.0439828071685,1.000666618347168,0.0002472404157742858
2427.0644144175167,1.001096487045288,0.00024712481535971165
2427.084846227859,1.0007929801940918,0.00024715354084037244
2427.105277937975,1.0009742975234985,0.0002469478058628738
2427.1257095478577,1.000466227531433,0.0002470270555932075
2427.1461413575016,1.0002771615982056,0.00024695333559066057
2427.166573067152,1.0006614923477173,0.0002470261533744633
2427.187004676569,1.000496745109558,0.0002470176259521395
2427.20743648598,1.0007362365722656,0.00024693115847185254
2427.227868195165,1.001144289970398,0.000247020332608372
2427.248299804116,1.000429391860962,0.00024690915597602725
2427.2687316130614,1.0003297328948975,0.00024693249724805355
2427.2891633217805,1.0006203651428223,0.0002468650636728853
2427.3095951302676,1.0010298490524292,0.0002468424791004509
2427.330026738746,1.0008907318115234,0.00024679044145159423
2427.3504584469993,1.0006036758422852,0.00024687277618795633
2427.3708902550134,1.000295639038086,0.0002466370351612568
2427.391321863033,1.0004138946533203,0.0002466027799528092
2427.411753570821,0.9999562501907349,0.0002465575817041099
2427.4526170859244,0.9998679757118225,0.00024651354760862887
2427.473048693246,1.0001561641693115,0.0002464366261847317
2427.4934805005614,0.9996863603591919,0.000246445502853021
2427.5139122076507,1.0003553628921509,0.00024635615409351885
2427.534343914507,1.0002119541168213,0.000246206735027954
2427.57520732798,1.0011348724365234,0.0002452244225423783
2427.6569341530703,1.0011398792266846,0.0002442275290377438
2427.6977975646805,1.0010210275650024,0.0002437104849377647
2427.718229270373,1.0005836486816406,0.00024360994575545192
2427.738660975825,1.0004913806915283,0.0002433938207104802
2427.7590927810525,1.000319242477417,0.00024346668215002865
2427.7795243862784,1.0003035068511963,0.00024338408547919244
2427.8203878962595,1.0005165338516235,0.00024761067470535636
2427.840819500787,1.0006728172302246,0.000247470336034894
2427.8612512055406,1.000328779220581,0.0002473784261383116
2427.8816830098367,1.000447154045105,0.0002473803178872913
2427.902114614364,1.0005916357040405,0.00024751623277552426
2427.9225463184266,1.000724196434021,0.00024753535399213433
2427.9429781224826,0.9998397827148438,0.0002474656794220209
2427.9634098263123,1.0000174045562744,0.0002474695793353021
2427.9838415301347,1.0000749826431274,0.00024749094154685736
2428.0042732337315,1.000169277191162,0.00024740342632867396
2428.0247049370955,0.9998688697814941,0.00024730380391702056
2428.0451366404523,0.9995187520980835,0.00024732231395319104
2428.0655683435834,0.9999507069587708,0.0002473485074006021
2428.086000046482,0.9997715950012207,0.00024740671506151557
2428.1064318493736,1.0002881288528442,0.00024744358961470425
2428.126863452271,1.0000498294830322,0.0002474110806360841
2428.147295154704,1.000260591506958,0.00024743974790908396
2428.16772695713,1.0000624656677246,0.00024743954418227077
2428.188158559562,1.0004222393035889,0.00024745232076384127
2428.208590261762,0.9999532699584961,0.00024739166838116944
2428.2290220637224,1.0002124309539795,0.0002474323846399784
2428.2494536656886,1.0006167888641357,0.00024745307746343315
2428.2698854674236,1.000067949295044,0.0002474331413395703
2428.2903171689177,1.0002036094665527,0.00024747353745624423
2428.3107487704183,1.000346064567566,0.00024753736215643585
2428.3311805719204,1.0003762245178223,0.00024744897382333875
2428.351612272949,1.0000426769256592,0.0002474622742738575
2428.372043873984,0.9998867511749268,0.0002474533685017377
2428.3924756750203,0.9997832775115967,0.0002474294451531023
2428.412907275815,1.0001879930496216,0.00024748570285737514
2428.433338976385,0.9995426535606384,0.00024747278075665236
2428.453770776956,0.9992115497589111,0.00024752470199018717
2428.474202377285,0.999803900718689,0.0002475260989740491
2428.4946341773903,0.9999088644981384,0.00024752519675530493
2428.5150658774946,1.0001249313354492,0.000247572228545323
2428.5354975775917,0.9998984336853027,0.0002475515066180378
2428.5559292772305,1.000673532485962,0.00024754111655056477
2428.576360977102,1.0005066394805908,0.0002475901274010539
2428.5967926765006,0.9997965693473816,0.0002475182409398258
2428.6172243759065,1.000599980354309,0.0002475830551702529
2428.6376560753124,1.0001848936080933,0.00024753654724918306
2428.6580877742454,1.0003159046173096,0.00024757382925599813
2428.678519573419,1.0004228353500366,0.0002477188827469945
2428.698951172126,0.9998547434806824,0.0002476039808243513
2428.739814669534,1.000116229057312,0.00024767289869487286
2428.760246268008,1.0007339715957642,0.00024761498207226396
2428.780678066243,1.0006990432739258,0.0002476609661243856
2428.801109764485,1.000895619392395,0.0002477424859534949
2428.821541362493,1.0005130767822266,0.00024765284615568817
2428.8419731602626,1.0004427433013916,0.00024768957518972456
2428.8624048580386,1.000138282775879,0.0002476535737514496
2428.882836455814,0.999882161617279,0.00024761378881521523
2428.9032682533507,1.0006123781204224,0.00024768928415142
2428.923699950661,1.000860333442688,0.0002478141977917403
2428.944131747965,1.000209093093872,0.00024776606005616486
2428.964563345042,1.000265121459961,0.0002478077367413789
2428.9849950418866,1.000453233718872,0.0002478199894540012
2429.005426838725,1.0010652542114258,0.0002478605310898274
2429.025858435569,1.0003429651260376,0.0002477449015714228
2429.0462901321807,1.000601053237915,0.000247735355515033
2429.0667218285525,1.0002021789550781,0.00024771090829744935
2429.0871535249316,1.0007410049438477,0.0002477747038938105
2429.107585221078,1.0008876323699951,0.00024772444157861173
2429.1280169169913,1.000719428062439,0.0002476996451150626
2429.1484486128975,0.9999593496322632,0.00024763637338764966
2429.168880308811,0.9999574422836304,0.0002476538356859237
2429.189312104485,1.0003976821899414,0.00024769408628344536
2429.209743699932,0.9998420476913452,0.00024766084970906377
2429.2301754953805,1.0006861686706543,0.00024775060592219234
2429.250607190588,1.0007435083389282,0.0002477890520822257
2429.2710387858024,1.001132845878601,0.0002477950183674693
2429.2914705807852,1.0004876852035522,0.00024776722420938313
2429.3119022755272,0.9999333024024963,0.0002477173402439803
2429.3323338702758,1.0001273155212402,0.00024764944100752473
2429.352765665026,1.000249981880188,0.00024767607101239264
2429.3731973594186,0.9998546242713928,0.00024760430096648633
2429.393628953818,0.9999624490737915,0.00024775005294941366
2429.414060748102,0.999830424785614,0.0002476838417351246
2429.4344924421457,1.0002048015594482,0.0002477211528457701
2429.454924236081,1.0000513792037964,0.0002476909721735865
2429.4753558300145,1.000288486480713,0.00024774635676294565
2429.4957875237087,1.0003057718276978,0.0002477562811691314
2429.5366509107625,0.9999321103096008,0.00024771556491032243
2429.557082603991,1.000534176826477,0.00024780305102467537
2429.577514397228,0.9999957084655762,0.0002477435627952218
2429.5979460903472,0.9999414682388306,0.0002477664966136217
2429.618377683226,0.9995743632316589,0.0002477209491189569
2429.6388094761132,0.9999670386314392,0.0002477097150404006
2429.6592411687598,1.0000247955322266,0.00024764103000052273
2429.679672861297,1.00016188621521,0.0002477762463968247
2429.7001045538345,1.0000563859939575,0.00024769012816250324
2429.720536246139,0.9999516606330872,0.00024775555357337
2429.74096793832,0.9997180700302124,0.00024767761351540685
2429.7613996303917,0.999648928642273,0.0002477422240190208
2429.781831222346,0.9997803568840027,0.00024776411009952426
2429.802263014062,1.0007548332214355,0.0002477897214703262
2429.8226947057847,1.0004041194915771,0.00024779472732916474
2429.8431263973907,1.0000685453414917,0.0002478420501574874
2429.863558088873,1.0001542568206787,0.00024776917416602373
2429.88398978013,1.0001763105392456,0.00024774917983449996
2429.90442157138,0.9994218349456787,0.00024770593154244125
2429.9248531624035,1.0001802444458008,0.00024771993048489094
2429.945284853311,0.9996185898780823,0.0002477015368640423
2429.965716644212,0.9998175501823425,0.0002476231602486223
2429.986148234886,0.999917209148407,0.00024778544320724905
2430.0065799254444,0.9993593692779541,0.0002476366644259542
2430.02701171588,0.9996126890182495,0.00024756198399700224
2430.047443306321,1.0026435852050781,0.00024767930153757334
2430.0678749964136,0.9994887709617615,0.0002475598594173789
2430.0883067864997,1.0001481771469116,0.00024744609254412353
2430.1087383764752,0.9994099140167236,0.0002473976637702435
2430.129170166336,0.9996992945671082,0.00024739891523495317
2430.149601856072,0.9999207854270935,0.0002474258653819561
2430.170033545699,0.9993122220039368,0.00024743276298977435
2430.1904652352096,0.9998354911804199,0.00024742790265008807
2430.21089692448,0.9993202090263367,0.0002473323547746986
2430.231328613758,0.999536395072937,0.00024725953699089587
2430.2721919918404,1.0005501508712769,0.00024705813848413527
2430.292623680769,1.0008994340896606,0.00024726733681745827
2430.3130554695817,1.000720739364624,0.0002473083441145718
2430.333487058153,1.0005817413330078,0.0002472867490723729
2430.353918846733,1.000948429107666,0.00024733846657909453
2430.3743505350794,1.0006461143493652,0.0002473451313562691
2430.394782123418,1.001241683959961,0.0002474549983162433
2430.415213911532,1.0008419752120972,0.00024741716333664954
2430.4356455995294,1.0007363557815552,0.00024746358394622803
2430.4560771875185,1.0008854866027832,0.0002474997309036553
2430.4765089752837,1.0004701614379883,0.0002476307563483715
2430.496940663048,1.0001636743545532,0.00024761154782027006
2430.5173722505715,1.0001927614212036,0.0002477075031492859
2430.5378040379874,1.0000873804092407,0.00024774568737484515
2430.5582356254017,1.0007071495056152,0.0002477931557223201
2430.5786674125775,1.00039541721344,0.0002477667585480958
2430.5990990996434,1.000108242034912,0.00024770208983682096
2430.6195306867085,1.0002351999282837,0.0002478393435012549
2430.639962473535,0.9997239708900452,0.00024788265000097454
2430.6603941602516,0.9995681047439575,0.00024790174211375415
2430.680825846968,1.000328540802002,0.0002479831746313721
2430.7012575334447,0.9999985694885254,0.0002479362301528454
2430.721689219812,0.9998606443405151,0.00024791641044430435
2430.7421209061795,0.9995238780975342,0.0002479690301697701
2430.7625525923067,0.999699056148529,0.00024798951926641166
2430.7829842784413,1.0000720024108887,0.00024797700461931527
2430.803415964343,1.0002120733261108,0.0002480325347278267
2430.823847750122,1.0004756450653076,0.00024816999211907387
2430.8442793359063,1.0002518892288208,0.00024812150513753295
2430.8647111214523,1.0001845359802246,0.0002480604744050652
2430.8851428070047,1.000372290611267,0.00024802397820167243
2430.9055743923236,1.000308632850647,0.00024799510720185935
2430.9260061775276,1.0007128715515137,0.00024795986246317625
2430.9464378627235,1.0008690357208252,0.00024813797790557146
2430.9668694478096,1.0000046491622925,0.00024796754587441683
2430.987301232657,1.0000274181365967,0.00024788110749796033
2431.007732917511,0.9998422861099243,0.0002477756643202156
2431.0281645021314,0.9996079802513123,0.00024778468650765717
2431.0485962867533,0.999943196773529,0.0002477224625181407
2431.0690279712508,0.9993911385536194,0.00024769501760602
2431.0894597555234,0.9999209046363831,0.00024764874251559377
2431.1098913397873,0.9996534585952759,0.0002473309577908367
2431.1303230239428,0.9995548725128174,0.0002472128835506737
2431.150754707982,0.9995513558387756,0.00024716381449252367
2431.1711863919045,0.9981617331504822,0.000246918061748147
2431.1916180757034,0.9980942010879517,0.0002467992890160531
2431.2529131264164,0.9998441934585571,0.00024758794461376965
2431.273344809757,0.9995624423027039,0.00024755357299000025
2431.293776492981,0.9996521472930908,0.00024737551575526595
2431.3142082761988,0.9996916651725769,0.0002473026979714632
2431.3346398591893,0.9992844462394714,0.00024731107987463474
2431.355071542057,0.9994214773178101,0.0002471671032253653
2431.3755033249327,0.9994813799858093,0.00024683555238880217
2431.3959350075747,0.9992369413375854,0.000246677576797083
2431.416366590216,0.9989499449729919,0.0002463085111230612
2431.436798372735,0.9998467564582825,0.00024606595980003476
2431.457230055028,1.0000742673873901,0.000245815550442785
2431.7637053777435,0.9997966289520264,0.0002480715047568083
2431.784137058399,1.000126838684082,0.0002481028495822102
2431.8045687390622,0.9997404217720032,0.00024809225578792393
2431.8250004194924,0.9997773170471191,0.0002480579714756459
2431.845432099799,1.0004127025604248,0.00024797164951451123
2431.8658637801127,0.9997128248214722,0.00024781576939858496
2431.8862954601937,0.9998170733451843,0.00024787502479739487
2431.9067271402673,0.9995706677436829,0.00024780796957202256
2431.927158720231,0.9995104670524597,0.0002478921669535339
2431.94759050008,0.9987519979476929,0.00024788748123683035
2431.9884539594204,0.9999454617500305,0.0002481117262504995
2432.0088855389185,0.9997143149375916,0.0002480907423887402
2432.0293172182937,1.0004395246505737,0.0002481766860000789
2432.049748997677,0.9998298287391663,0.0002481060510035604
2432.070180576935,1.0001851320266724,0.0002482021227478981
2432.090612255968,0.9999810457229614,0.0002482431009411812
2432.111044035002,1.0005735158920288,0.0002482776762917638
2432.131475613918,1.0006675720214844,0.00024822683189995587
2432.1519072927113,1.0005052089691162,0.00024823579587973654
2432.172339071396,1.0002291202545166,0.0002483012794982642
2432.192770650072,1.0008978843688965,0.00024827869492582977
2432.213202428524,1.0003788471221924,0.0002481625124346465
2432.233634106975,0.9994691014289856,0.00024824481806717813
2432.254065685309,0.9995489120483398,0.0002481972042005509
2432.2744974635207,1.0004528760910034,0.0002482540439814329
2432.2949291416226,1.0000009536743164,0.000248163501964882
2432.3153608196008,0.9992771148681641,0.00024794417549856007
2432.33579249747,0.9994980692863464,0.00024793148622848094
2432.356224175339,0.999963104724884,0.0002479027898516506
2432.376655852968,0.99974524974823,0.0002478145179338753
2432.397087530604,0.9994716644287109,0.0002477816306054592
2432.417519208124,0.9993579983711243,0.00024741553352214396
2432.4379509855207,0.9999724626541138,0.0002472310443408787
2432.478814240094,1.0010313987731934,0.00024776632199063897
2432.4992460171416,1.0006121397018433,0.0002478589303791523
2432.5196776941957,1.0001276731491089,0.0002479233662597835
2432.5401092711327,1.0004104375839233,0.00024813006166368723
2432.5605410479475,1.0000190734863281,0.0002482719428371638
2432.5809727246524,0.9992709755897522,0.0002482181880623102
2432.6014043013565,0.9997583031654358,0.0002482866693753749
2432.621836077822,0.9996874928474426,0.0002482106792740524
2432.6422676542934,1.0004127025604248,0.00024832398048602045
2432.66269943065,1.0002599954605103,0.0002484389115124941
2432.683131106882,1.0004204511642456,0.000248419470153749
2432.703562683004,0.9998552799224854,0.0002483002026565373
2432.7239944591274,1.0003814697265625,0.00024837287492118776
2432.74442613501,0.9994563460350037,0.0002482162381056696
2432.7648577108994,1.0003292560577393,0.0002482305280864239
2432.7852894866737,0.9997332096099854,0.00024804682470858097
2432.8057211623236,1.0001615285873413,0.00024801577092148364
2432.8261528378644,0.9994094967842102,0.00024784752167761326
2432.846584513405,0.99936842918396,0.000247610587393865
2432.867016188822,0.9992917776107788,0.0002475421060808003
2432.887447964131,0.9996318817138672,0.0002473480417393148
2432.9078795393216,0.9994295835494995,0.0002469296450726688
2432.9283112143894,0.9992123246192932,0.00024651523563079536
2432.9691745643067,1.0013368129730225,0.00024768701405264437
2432.9896062391417,1.0007944107055664,0.00024785453570075333
2433.0100380138683,1.0001139640808105,0.00024805101566016674
2433.030469688587,1.0002580881118774,0.0002483134448993951
2433.050901263079,0.9998482465744019,0.00024829411995597184
2433.071333037573,0.9995250105857849,0.0002483115531504154
2433.0917647119495,0.9997210502624512,0.0002482990676071495
2433.1121963862024,1.000342845916748,0.00024850049521774054
2433.132628060346,1.000295877456665,0.00024849161854945123
2433.1530597344827,1.000033974647522,0.0002484623109921813
2433.173491508511,0.9998244047164917,0.0002483362040948123
2433.193923082421,0.9994387626647949,0.00024803465930745006
2433.2143547562155,0.9993293285369873,0.00024805180146358907
2433.234786529887,0.9993075728416443,0.0002476628578733653
2433.2552181035644,0.9992866516113281,0.00024720473447814584
2433.275649777119,0.9994727969169617,0.0002467449812684208
2433.296081450564,0.9994028210639954,0.00024616645532660186
2433.3165131240094,1.0006345510482788,0.0002454774221405387
2433.3369448972153,0.9999998211860657,0.0002443533157929778
2433.357376470427,1.0001221895217896,0.00024271986330859363
2433.398239916496,0.9988555908203125,0.00023692517424933612
2433.479966507708,0.9997341632843018,0.000248463184107095
2433.5003981803384,1.0001769065856934,0.0002486399025656283
2433.5208299533115,1.000280737876892,0.00024846356245689094
2433.541261625709,0.99991375207901,0.0002484455762896687
2433.56169329799,0.9997518062591553,0.0002484213619027287
2433.582124970264,0.9996940493583679,0.0002483582647982985
2433.6025566423123,0.9999397993087769,0.0002481933915987611
2433.6229883143606,0.9998445510864258,0.00024811489856801927
2433.6434199864016,0.9997668266296387,0.00024807004956528544
2433.663851658217,0.9991930723190308,0.0002476949885021895
2433.7047150017243,0.9999534487724304,0.00024638138711452484
2433.7251466734233,1.0004698038101196,0.00024684707750566304
2433.7455784448903,1.0000227689743042,0.00024728482821956277
2433.7660100163484,1.0001341104507446,0.00024757374194450676
2433.786441787699,1.0004786252975464,0.0002477919915691018
2433.806873459049,1.0008602142333984,0.0002479407412465662
2433.8273050301577,1.0007435083389282,0.00024816024233587086
2433.8477368012755,0.9998213052749634,0.0002483127173036337
2433.8681684723924,0.9998010396957397,0.0002485218283254653
2433.8886000432685,1.0003180503845215,0.0002485299773979932
2433.9090318141534,1.0004388093948364,0.0002486411249265075
2433.929463484921,1.00027334690094,0.0002484997967258096
2433.9498950555644,1.000314474105835,0.00024868574109859765
2433.9703268262165,1.0005213022232056,0.0002486628363840282
2433.9907584967514,1.0002895593643188,0.0002486714511178434
2434.0111901671626,0.9999364018440247,0.0002486546873115003
2434.031621837581,1.0003275871276855,0.00024854272487573326
2434.052053507883,0.9996302723884583,0.00024842843413352966
2434.0724851780615,0.9997695684432983,0.00024823236162774265
2434.0929168481307,0.9998833537101746,0.0002482341951690614
2434.1133485182,0.9988868832588196,0.000247922376729548
2434.1337801881455,0.9993500113487244,0.00024768541334196925
2434.154211857982,0.9991604685783386,0.000247268530074507
2434.1950752975317,0.9998443126678467,0.00024864845909178257
2434.2155068671345,0.9997956156730652,0.0002485660370439291
2434.235938636615,0.9993905425071716,0.00024824379943311214
2434.2563703061023,0.9995704293251038,0.00024823113926686347
2434.2768018755887,0.999905526638031,0.0002482187992427498
2434.297233644844,0.9996313452720642,0.0002478743263054639
2434.317665314091,0.9992543458938599,0.0002475867513567209
2434.338096883228,0.9999443292617798,0.00024736765772104263
2434.358528652243,0.9992735385894775,0.00024691064027138054
2434.3789603212645,0.9996028542518616,0.0002463389828335494
2434.3993920901703,0.9994243383407593,0.0002457012888044119
2434.4402553277396,0.9993670582771301,0.0002487551828380674
2434.4606870964126,1.0001139640808105,0.0002487294259481132
2434.481118665077,1.000778317451477,0.00024879485135897994
2434.5015503336326,1.0000245571136475,0.00024868600303307176
2434.5219821019564,1.0002566576004028,0.0002487014280632138
2434.5424136703878,1.0000889301300049,0.00024851507623679936
2434.5628453387108,0.9995419383049011,0.0002484793949406594
2434.583277106918,0.9993472099304199,0.0002483246207702905
2434.6037086750002,0.9996745586395264,0.00024819097598083317
2434.624140443091,0.9993391633033752,0.0002478655078448355
2434.644572111065,0.9992153644561768,0.00024773922632448375
2434.6854354467723,0.9999997019767761,0.0002487035235390067
2434.7058671146297,0.999679446220398,0.000248653901508078
2434.726298782247,0.9999367594718933,0.0002484928409103304
2434.7467304498714,1.000203251838684,0.00024839374236762524
2434.7671621173795,0.9993093013763428,0.00024814935750328004
2434.7875936848795,0.9997557401657104,0.00024789018789306283
2434.808025452272,0.9991178512573242,0.00024766975548118353
2434.8284571195472,0.9992902874946594,0.00024700185167603195
2434.848888886816,0.9994893074035645,0.00024651657440699637
2434.869320453974,0.999661386013031,0.0002461005933582783
2434.8897521210165,1.0003267526626587,0.00024518693680875003
2434.9306154549777,1.0008760690689087,0.0002457866503391415
2434.991910455399,1.000240683555603,0.0002477637317497283
2435.012342121976,1.0006959438323975,0.0002480093389749527
2435.032773888546,1.0008193254470825,0.0002484326541889459
2435.053205455122,1.0006474256515503,0.0002485787554178387
2435.073637221576,1.0001201629638672,0.000248775992076844
2435.09406888792,1.0001121759414673,0.00024885107995942235
2435.1145004541468,1.0002492666244507,0.0002487646124791354
2435.134932220375,1.0006002187728882,0.00024886595201678574
2435.155363886479,1.0000437498092651,0.00024887497420422733
2435.17579555259,1.0005568265914917,0.00024865829618647695
2435.1962272185774,0.9992282390594482,0.0002484841679688543
2435.216658884572,1.0002927780151367,0.00024842401035130024
2435.2370905504504,0.999015212059021,0.00024791184114292264
2435.2575222162122,0.9995059370994568,0.00024750936427153647
2435.277953881967,0.9990710020065308,0.00024702123482711613
2435.298385647613,0.9995326399803162,0.0002465106372255832
2435.318817313135,0.9994543790817261,0.0002454754721838981
2435.339248878663,0.9995991587638855,0.0002447489241603762
2435.359680644193,0.9992001056671143,0.00024392236082348973
2435.3801122094883,1.0000836849212646,0.00024211342679336667
2435.420975640074,1.0018521547317505,0.0002456405491102487
2435.441407205246,1.001643419265747,0.0002459646202623844
2435.46183897031,1.0011354684829712,0.0002464604040142149
2435.502702200436,1.0003349781036377,0.0002469629980623722
2435.52313396526,1.0001667737960815,0.0002476219378877431
2435.5435656300906,1.0001425743103027,0.0002479081158526242
2435.563997194913,0.9999707341194153,0.000247966090682894
2435.584428959628,1.0001808404922485,0.0002482374547980726
2435.6048606242257,1.0000218152999878,0.0002483678108546883
2435.6252921888226,1.000344157218933,0.000248636381002143
2435.6457239532974,0.999900758266449,0.00024885262246243656
2435.6661556177787,0.9999231696128845,0.00024893891531974077
2435.686587382137,0.9998387694358826,0.0002488085883669555
2435.707018946385,0.9998281598091125,0.00024894968373700976
2435.7274506106332,1.0002580881118774,0.0002489100443199277
2435.747882374875,1.0003196001052856,0.00024900204152800143
2435.7683139390065,0.9997274279594421,0.00024900888092815876
2435.788745603022,1.0000855922698975,0.0002489559992682189
2435.809177367031,1.0001277923583984,0.00024885375751182437
2435.8296089309297,1.0002285242080688,0.00024882357683964074
2435.850040594829,0.9998104572296143,0.00024858186952769756
2435.870472358605,0.9999117851257324,0.0002485803561285138
2435.911335685938,0.9999353289604187,0.0002491376653779298
2435.993062340007,0.9999933838844299,0.00024864907027222216
2436.013494003324,0.9999435544013977,0.0002485461300238967
2436.033925666641,0.9995446801185608,0.00024833090719766915
2436.0543573298346,0.9994352459907532,0.00024799469974823296
2436.0747889930353,0.9991541504859924,0.00024768096045590937
2436.0952207561204,0.9991143941879272,0.00024739684886299074
2436.1156523191967,0.9998135566711426,0.00024702795781195164
2436.1565156451325,1.0004154443740845,0.000246999115915969
2436.1769473079767,1.0005656480789185,0.0002473393105901778
2436.1973790707125,0.9998504519462585,0.00024798494996502995
2436.217810633447,1.0001976490020752,0.00024815177312120795
2436.2382422961746,0.9999681711196899,0.00024840503465384245
2436.258674058794,1.0002833604812622,0.00024851562920957804
2436.279105621412,1.0003867149353027,0.00024874869268387556
2436.299537383791,0.9997442960739136,0.0002489294274710119
2436.3199690462934,0.9997722506523132,0.0002490901097189635
2436.340400708679,1.000064730644226,0.0002491216000635177
2436.3608323709414,0.999003529548645,0.00024888067855499685
2436.381264033327,0.9989582896232605,0.0002489764883648604
2436.401695695473,0.9993304014205933,0.0002491566992830485
2436.422127357626,0.9993046522140503,0.00024904607562348247
2436.442559019779,0.999072790145874,0.000249011762207374
2436.4629906818154,0.9993875026702881,0.0002487296878825873
2436.483422443729,0.9993823170661926,0.00024866306921467185
2436.5242857674457,0.9988641142845154,0.00024813934578560293
2436.544717429366,0.9996473789215088,0.0002479904214851558
2436.5651489910524,0.9993106126785278,0.0002476195222698152
2436.585580752733,0.9987868070602417,0.0002470061299391091
2436.6060124144205,1.0000122785568237,0.00024642780772410333
2436.646875737555,1.0000449419021606,0.00024821722763590515
2436.6673073990096,1.0002596378326416,0.000248540862230584
2436.687738960347,1.000440001487732,0.0002487199963070452
2436.708170721795,0.9998760223388672,0.0002489858597982675
2436.7286023830166,1.0001499652862549,0.00024908443447202444
2436.7490340443546,1.0005823373794556,0.0002491527993697673
2436.7694657054526,1.0002421140670776,0.0002491308841854334
2436.7898972666735,0.9995073676109314,0.0002492630446795374
2436.8103290277795,1.0002814531326294,0.00024910763022489846
2436.830760688761,0.9998990893363953,0.000249027885729447
2436.851192249749,1.0000146627426147,0.00024882840807549655
2436.8920556714875,0.9996134638786316,0.00024911572108976543
2436.9124874323606,0.9997029900550842,0.00024887689505703747
2436.932918993116,0.9998494386672974,0.000248597061727196
2436.9533506538646,0.9985901713371277,0.00024773579207248986
2436.973782414505,1.0000789165496826,0.0002465382276568562
2436.994213975144,0.9995676875114441,0.00024600778124295175
2437.0146456356597,0.9997508525848389,0.00024532951647415757
2437.0350773961836,1.0001996755599976,0.0002450798638164997
2437.0555090565904,1.0000571012496948,0.0002443842531647533
2437.075940616989,0.9991814494132996,0.0002429766464047134
2437.1372356978536,0.9999105334281921,0.0002497045206837356
2437.157667358144,1.000354290008545,0.0002499361289665103
2437.1780990182015,1.000022053718567,0.00025007547810673714
2437.198530778369,1.0003916025161743,0.00024994026171043515
2437.2189623384256,0.9993300437927246,0.00024984977790154517
2437.2393939983667,0.9992519617080688,0.0002496298111509532
2437.2598257583013,0.9989045858383179,0.0002493816427886486
2437.2802573182416,0.999285876750946,0.00024912969092838466
2437.3006889780663,0.999443769454956,0.0002487620513420552
2437.3211207378845,0.9997276663780212,0.0002484544238541275
2437.341552297592,1.0005757808685303,0.0002478218812029809
2437.4232790361784,0.9999432563781738,0.0002480056427884847
2437.443710695654,1.0002100467681885,0.0002482616400811821
2437.4641422551285,1.000543236732483,0.00024854749790392816
2437.484574014481,1.0001184940338135,0.0002488357131369412
2437.5050056739565,1.0005325078964233,0.00024890684289857745
2437.525437333199,1.0001338720321655,0.00024932107771746814
2437.545868992551,1.000138282775879,0.0002493897918611765
2437.5663006517934,0.9997872710227966,0.00024960454902611673
2437.5867323109196,0.9995083212852478,0.00024976677377708256
2437.6071639700385,0.9994546175003052,0.0002498475369066
2437.6275956291647,0.9996549487113953,0.00024988100631162524
2437.6480272881745,0.999950110912323,0.0002499553665984422
2437.668458947177,1.0003150701522827,0.00025003368500620127
2437.6888906061868,0.999938428401947,0.00025017643929459155
2437.709322365081,1.0001834630966187,0.00025015269056893885
2437.729753923966,0.9997809529304504,0.00025022393674589694
2437.750185682744,0.9998584389686584,0.0002501264098100364
2437.770617341521,0.9997198581695557,0.0002501067647244781
2437.7910489002898,0.9996141195297241,0.0002501143317203969
2437.811480658951,0.9994596838951111,0.0002500271948520094
2437.8319123176116,0.9997729063034058,0.00024990946985781193
2437.872775634809,1.0005217790603638,0.0002501232083886862
2437.8932072932366,1.0006778240203857,0.00025022635236382484
2437.913639051774,0.999986469745636,0.0002503198047634214
2437.934070610201,1.0000131130218506,0.0002502616844139993
2437.954502268629,0.9997801780700684,0.00025020333123393357
2437.9749340269336,0.9995293617248535,0.0002501141279935837
2437.995365585244,1.0000609159469604,0.0002501787676010281
2438.015797243439,0.9995327591896057,0.00025014366838149726
2438.036229001744,0.9996771216392517,0.00024993866099976003
2438.056660559938,0.9991235733032227,0.000249662552960217
2438.0770922180163,0.9992890357971191,0.0002494913642294705
2438.117955534166,0.9997556805610657,0.000246950687142089
2438.138387292245,0.9998407959938049,0.0002475241490174085
2438.158818850199,0.9999033212661743,0.00024811847833916545
2438.1792506080455,1.000715970993042,0.00024848507018759847
2438.1996822660003,1.0001623630523682,0.0002489707840140909
2438.220113923846,1.0001306533813477,0.00024930707877501845
2438.240545481691,1.0002615451812744,0.0002495803637430072
2438.2609772394208,0.9994467496871948,0.00024974747793748975
2438.2814088971427,0.9996665120124817,0.00024999413290061057
2438.301840454871,1.000348687171936,0.00025014113634824753
2438.3222722124774,0.9999176859855652,0.00025017469306476414
2438.3427038702066,1.000330924987793,0.0002503792056813836
2438.3631356277037,1.0000044107437134,0.0002504596777725965
2438.3835671853158,0.9995229244232178,0.0002503692521713674
2438.403998842805,0.9993650913238525,0.00025035193539224565
2438.424430600302,0.9996971487998962,0.0002502464922145009
2438.444862157674,0.9998194575309753,0.0002501675335224718
2438.465293815054,0.9993525743484497,0.0002500434347894043
2438.4857255724346,0.9992479085922241,0.0002498411340638995
2438.506157129814,0.9991686344146729,0.0002493318752385676
2438.526588887071,0.9994065165519714,0.000249164761044085
2438.5470205443344,1.0000543594360352,0.00024848090833984315
2438.5674521014735,0.9998939037322998,0.0002479393151588738
2438.608315515885,0.9994841814041138,0.000249985430855304
2438.628747072915,1.0000603199005127,0.0002501780982129276
2438.6491788300555,1.000152349472046,0.00025049495161511004
2438.669610487086,1.001218318939209,0.00025046110386028886
2438.690042143993,0.9997959136962891,0.000250425684498623
2438.710473801024,0.9998968243598938,0.0002504218427930027
2438.730905457938,0.9999013543128967,0.0002502835413906723
2438.751337214846,0.9998205900192261,0.00025021281908266246
2438.7717687717595,0.9994779229164124,0.00024999587913043797
2438.7922004285574,0.9993473291397095,0.00024979287991300225
2438.812632085348,0.999569296836853,0.0002495750377420336
2438.8534953988274,1.000891089439392,0.0002465209108777344
2438.8739270555016,0.9997502565383911,0.0002474100620020181
2438.9147904688652,0.9997483491897583,0.0002485351578798145
2438.935222125423,1.0003902912139893,0.0002492866478860378
2438.9556536819873,0.999921441078186,0.0002494851069059223
2438.976085438553,0.9995511174201965,0.0002499224210623652
2438.9965170949945,0.9997143745422363,0.0002500244590919465
2439.0169486514424,0.9997221231460571,0.00025012396508827806
2439.0373804078918,1.0003445148468018,0.0002503208816051483
2439.057812064333,1.0002199411392212,0.0002505769080016762
2439.0782436206646,0.9994004368782043,0.00025057123275473714
2439.0986753769976,1.0000932216644287,0.0002505870652385056
2439.1191070333225,1.0000323057174683,0.0002504821459297091
2439.1395387896555,0.9995930194854736,0.0002504477452021092
2439.1599703458705,0.9993659257888794,0.0002503003051970154
2439.180402002079,0.9997221231460571,0.0002501429698895663
2439.2008337582956,0.9989348649978638,0.00024968781508505344
2439.2212653145107,0.9990973472595215,0.0002494891232345253
2439.241696970603,0.9997114539146423,0.0002491875202395022
2439.262128726703,1.000206708908081,0.00024797095102258027
2439.2825602828016,0.9999827742576599,0.0002466831065248698
2439.3438553508604,0.9996733665466309,0.00025062423082999885
2439.364287006836,1.0000139474868774,0.0002505297015886754
2439.384718662819,0.999774158000946,0.0002505773154553026
2439.4051503186784,0.9994977116584778,0.00025056159938685596
2439.425581974545,0.9997687935829163,0.0002505734737496823
2439.4460136304115,1.0000990629196167,0.00025057708262465894
2439.466445286278,0.9998646974563599,0.00025043400819413364
2439.4868769421373,0.9991422295570374,0.00025052076671272516
2439.5073085978875,0.9995656609535217,0.0002503316500224173
2439.527740353631,0.9993758201599121,0.00025006389478221536
2439.5481719093805,0.9989556074142456,0.0002500340633559972
2439.589035320758,0.9995048642158508,0.0002502267307136208
2439.609466876391,1.0002450942993164,0.00025039594038389623
2439.6298985320245,0.9995669722557068,0.0002503850555513054
2439.6503302875353,0.999767005443573,0.0002505927113816142
2439.6707618431683,0.9998658299446106,0.0002506195451132953
2439.6911935986864,0.9997872114181519,0.0002506260643713176
2439.7116252541964,0.9998887777328491,0.00025071902200579643
2439.732056809713,0.9999435544013977,0.00025058822939172387
2439.752488565231,0.9994415640830994,0.0002504823205526918
2439.7729202206247,1.0000629425048828,0.000250401149969548
2439.793351776083,0.9989206194877625,0.000250174110988155
2439.8342151868783,0.9996101260185242,0.0002480230759829283
2439.85464674222,0.9993919730186462,0.0002484163560438901
2439.8750784975637,0.999152421951294,0.00024877695250324905
2439.895510152899,0.99887615442276,0.00024937448324635625
2439.9159419081843,0.9989949464797974,0.00024952454259619117
2439.936373463468,0.9993781447410583,0.00024999710149131715
2439.956805118687,0.9992011785507202,0.00025011549587361515
2439.977236873914,0.9995408058166504,0.00025027545052580535
2439.9976685291404,0.9997224807739258,0.0002505113952793181
2440.0181000843004,1.0004093647003174,0.0002505042648408562
2440.038531839469,0.999923586845398,0.00025069547700695693
2440.0589634946373,0.9998149275779724,0.00025064099463634193
2440.07939514974,0.9995492100715637,0.0002507432654965669
2440.0998268048497,1.000066876411438,0.00025080074556171894
2440.1202584599523,1.0000159740447998,0.00025067487149499357
2440.140690115004,0.9995335340499878,0.00025052388082258403
2440.1611217700556,0.9994087219238281,0.0002503208233974874
2440.181553425049,0.9995150566101074,0.00025019299937412143
2440.201985180036,0.9992021322250366,0.0002498753310646862
2440.2224167350287,0.9993188381195068,0.00024966587079688907
2440.242848390015,0.9994504451751709,0.0002492599014658481
2440.26328004495,1.0010625123977661,0.0002488495665602386
2440.2837116998853,0.9997871518135071,0.0002481529372744262
2440.3245750096903,1.0002262592315674,0.00025038723833858967
2440.3450066645673,1.0003865957260132,0.0002505970769561827
2440.3654384193796,1.000272274017334,0.00025084184017032385
2440.385869974256,1.00032639503479,0.0002508106699679047
2440.4063016290747,0.9998664259910583,0.0002508524339646101
2440.426733383887,0.9997326731681824,0.00025068482500500977
2440.447164938647,0.9995304942131042,0.0002506126184016466
2440.4675966934665,0.9995788335800171,0.0002504797885194421
2440.4880283481616,0.9995511174201965,0.00025013479171320796
2440.5084599031543,0.9991282820701599,0.00024970746017061174
2440.5288916578575,0.9998717308044434,0.00024922314332798123
2440.569754967255,0.99964839220047,0.00025088636903092265
2440.5901866219574,0.9998689889907837,0.00025078977341763675
2440.6106182765943,0.99983149766922,0.00025072606513276696
2440.6310499312385,1.000195860862732,0.00025051136617548764
2440.6514815858827,0.9998911023139954,0.00025047583039849997
2440.6719132404614,0.9992932081222534,0.000250218843575567
2440.6923449951064,0.9990564584732056,0.0002499263209756464
2440.7127766496924,0.9998745322227478,0.0002497222740203142
2440.7332082042703,0.9998048543930054,0.00024899624986574054
2440.753639958799,0.999884843826294,0.00024864505394361913
2440.774071613385,0.9999568462371826,0.0002478901587892324
2440.814934922433,0.9995364546775818,0.00024880911223590374
2440.8353665769027,1.0000600814819336,0.0002493932843208313
2440.855798331424,0.9995359778404236,0.0002496658999007195
2440.876229885893,0.999881386756897,0.0002501022827345878
2440.8966615403624,0.9993869066238403,0.00025032160920090973
2440.9170931948247,0.999779224395752,0.00025048982934094965
2440.9375248492943,0.9999333024024963,0.0002505724551156163
2440.957956403705,1.0001623630523682,0.0002509126206859946
2440.978388158168,0.9998490214347839,0.00025092618307098746
2440.9988198125793,0.999671995639801,0.0002509118348825723
2441.0192515669332,0.9990991353988647,0.0002508680918253958
2441.060114775748,0.9998459815979004,0.0002510107296984643
2441.0805465300946,0.9992284178733826,0.00025085743982344866
2441.100978084505,0.999417245388031,0.0002507972822058946
2441.1214097388,0.9997031688690186,0.00025061765336431563
2441.141841493154,0.999315619468689,0.0002503885771147907
2441.162273047499,0.9990780353546143,0.0002502397110220045
2441.182704701794,0.9994770884513855,0.0002499764086678624
2441.203136456141,0.9992965459823608,0.0002495440421625972
2441.2235681104357,0.9999524354934692,0.00024921828298829496
2441.2439997647307,0.9996070265769958,0.0002484328579157591
2441.2644314190256,1.0004432201385498,0.00024788762675598264
2441.3052947276083,0.9991689324378967,0.0002506407327018678
2441.3257263818377,0.9999077320098877,0.00025075292796827853
2441.3461580361327,1.0006499290466309,0.00025091631687246263
2441.36658979037,1.0001258850097656,0.00025095895398408175
2441.387021344606,1.000169038772583,0.0002509412879589945
2441.4074530988364,0.9996532797813416,0.0002509710320737213
2441.427884753073,0.9997235536575317,0.00025103954249061644
2441.448316307302,0.9997519850730896,0.00025088369147852063
2441.468748061481,1.0000178813934326,0.00025099748745560646
2441.489179715718,0.9998481273651123,0.0002509219921194017
2441.509611269954,0.9999096989631653,0.00025069803814403713
2441.5504746783045,1.0009236335754395,0.00024898373521864414
2441.570906232533,0.999950110912323,0.00024925568141043186
2441.5913379867125,0.9986732602119446,0.00024956572451628745
2441.611769640891,0.9990406036376953,0.00024974538246169686
2441.6322012950623,0.9990251064300537,0.0002499737311154604
2441.652632949241,0.9988632798194885,0.00025040970649570227
2441.6730645034186,0.9991433024406433,0.0002504349104128778
2441.6934962575324,0.9999260306358337,0.0002505810116417706
2441.713927911711,0.999125599861145,0.00025069850380532444
2441.7343594658887,0.9997793436050415,0.000250797689659521
2441.7547912200025,1.0006970167160034,0.0002509328769519925
2441.775222874181,0.9998613595962524,0.000250987708568573
2441.795654628302,1.0001256465911865,0.0002510185877326876
2441.8160861824726,1.0002501010894775,0.00025114044547080994
2441.836517836593,0.9991904497146606,0.00025105843087658286
2441.8569495907723,0.9999991655349731,0.0002509873593226075
2441.8773812448853,0.9999129176139832,0.0002510708582121879
2441.897812799063,0.9999384880065918,0.00025085959350690246
2441.918244553184,0.9994201064109802,0.0002506015880499035
2441.9386762072972,0.9993763566017151,0.0002504563017282635
2441.9591078614176,0.9995294809341431,0.00025017609004862607
2441.979539515538,1.0000466108322144,0.0002499283291399479
2441.999971169709,1.0002802610397339,0.00024929692153818905
2442.04083447795,1.0002285242080688,0.0002502839488442987
2442.061266132063,0.9994669556617737,0.00025065866066142917
2442.081697886184,1.0000673532485962,0.0002507451572455466
2442.1021294403618,0.999825119972229,0.0002508712059352547
2442.122561094475,1.0003407001495361,0.0002511150378268212
2442.142992848596,0.9995269775390625,0.0002510612830519676
2442.1634244027155,1.0004631280899048,0.00025119257043115795
2442.1838561568293,0.9996446967124939,0.00025107417604885995
2442.204287811008,0.999783992767334,0.00025100275524891913
2442.2247193651274,0.999638020992279,0.00025085368542931974
2442.2451511192994,0.9999114274978638,0.0002508434117771685
2442.2860143275393,1.0000290870666504,0.000251158548053354
2442.3064460817113,1.0000858306884766,0.00025111387367360294
2442.326877635889,0.9998139142990112,0.0002512022037990391
2442.34730939001,0.9995746612548828,0.00025120843201875687
2442.3677410441815,0.9998075366020203,0.0002510504564270377
2442.388172698302,0.999634325504303,0.0002510125923436135
2442.408604352473,0.9999688267707825,0.0002508796169422567
2442.4290360066516,0.9990510940551758,0.00025053179706446826
2442.44946766083,0.999671995639801,0.0002503569994587451
2442.4698993150014,0.9994808435440063,0.0002499726542737335
2442.49033096918,0.9997014999389648,0.0002496629604138434
2442.5311942775297,0.9992427229881287,0.0002497701207175851
2442.5516259317083,0.99941086769104,0.0002501186972949654
2442.5720576858876,0.9997180700302124,0.00025053092394955456
2442.592489340117,0.9991804957389832,0.0002506271412130445
2442.612920894353,0.9993377923965454,0.0002508471952751279
2442.6333526485323,1.0003026723861694,0.00025102036306634545
2442.653784302762,1.000573754310608,0.00025121893850155175
2442.6742158569978,0.99951171875,0.00025119283236563206
2442.6946476112353,1.0001590251922607,0.0002512031642254442
2442.7150792654647,0.999832034111023,0.0002511759230401367
2442.7355110197022,0.999782383441925,0.000251110817771405
2442.7559425739382,0.9997854828834534,0.00025099737104028463
2442.776374228226,0.9999181032180786,0.00025089154951274395
2442.7968059824634,0.9992889165878296,0.0002507412282284349
2442.8172375367576,0.9996683597564697,0.00025042658671736717
2442.8376691910453,0.9995908141136169,0.00025008301599882543
2442.858100945341,1.000260591506958,0.0002497361565474421
2442.878532499635,1.0000723600387573,0.00024903836310841143
2442.8989642539236,1.0003799200057983,0.0002486594603396952
2442.919395808276,0.999579668045044,0.00024768928415142
2442.939827462571,0.9996669292449951,0.0002467309823259711
2442.98069077127,0.9992256164550781,0.00024168864183593541
2443.02155417997,0.9999027252197266,0.00025120662758126855
2443.0419857343804,1.0000416040420532,0.00025097676552832127
2443.0624174887344,0.9995115995407104,0.00025069250841625035
2443.0828491431384,0.9991546273231506,0.00025039809406735003
2443.10328079755,0.9993777871131897,0.0002501022827345878
2443.123712451954,1.000105619430542,0.0002493327483534813
2443.1441441064235,1.0006431341171265,0.00024882055004127324
2443.164575760835,1.0001575946807861,0.0002477720263414085
2443.2258707242363,0.9996421337127686,0.00023719036835245788
2443.2667340332264,0.9995294809341431,0.00025067839305847883
2443.2871657876967,0.9995205402374268,0.0002508149482309818
2443.3075974422754,1.0007981061935425,0.0002510022313799709
2443.3280289968025,1.0000087022781372,0.0002510536869522184
2443.348460751331,1.0002186298370361,0.000251219782512635
2443.3688924059097,0.999562680721283,0.00025131891015917063
2443.389323960495,1.000213861465454,0.0002514100051485002
2443.4097557150817,1.000136137008667,0.00025135098258033395
2443.4301873696604,0.9994829297065735,0.0002514049701858312
2443.4506191243054,1.0002182722091675,0.0002512628852855414
2443.471050678949,0.999558687210083,0.0002510559279471636
2443.5119140882307,1.0004734992980957,0.0002499870315659791
2443.5323456429323,1.0000046491622925,0.00025037757586687803
2443.5527772976275,0.9998624920845032,0.0002506611926946789
2443.5732090523306,0.9996218085289001,0.0002508333418518305
2443.5936406070905,0.9994031190872192,0.00025089323753491044
2443.614072261844,1.0004445314407349,0.00025118360645137727
2443.634504016605,0.9998119473457336,0.00025133159942924976
2443.654935571365,0.9999134540557861,0.0002513919025659561
2443.6753673261774,0.9994221925735474,0.0002514147199690342
2443.6957988809954,1.000168800354004,0.000251456891419366
2443.7162305358142,1.0004968643188477,0.000251366407610476
2443.7570939455036,0.9995196461677551,0.0002494356594979763
2443.77752550038,0.999991238117218,0.0002499562397133559
2443.7979572552504,0.9998135566711426,0.000250187236815691
2443.8183889101856,0.9997081160545349,0.0002506175369489938
2443.838820565121,0.9994603991508484,0.0002507951285224408
2443.859252220049,0.9996086955070496,0.00025092996656894684
2443.8796838750422,0.9999524354934692,0.00025120843201875687
2443.9001156300365,1.0002391338348389,0.00025118273333646357
2443.920547185022,1.000139594078064,0.0002513887593522668
2443.9409788400735,1.0000487565994263,0.00025132959126494825
2443.9614105951187,0.9998698234558105,0.0002515497908461839
2444.00227390528,1.000386118888855,0.00024813623167574406
2444.02270556039,0.9999451637268066,0.00024904267047531903
2444.04313711555,0.9996354579925537,0.0002494269865565002
2444.0635688706607,0.9997959136962891,0.0002499234105926007
2444.0840005258215,0.9998257160186768,0.0002503122959751636
2444.104432081047,0.999585747718811,0.00025051014381460845
2444.124863836274,0.9997245669364929,0.0002508675679564476
2444.1452954915003,1.0001031160354614,0.0002510341873858124
2444.1657270467767,0.9999505877494812,0.00025117862969636917
2444.186158802004,1.0007188320159912,0.00025140761863440275
2444.206590457339,0.9998928308486938,0.00025140223442576826
2444.2270222126244,0.9999246001243591,0.0002515006926842034
2444.2474537679664,1.0004018545150757,0.00025157147319987416
2444.2678854233673,0.9997408390045166,0.0002513637882657349
2444.2883171787616,1.0002899169921875,0.0002513426006771624
2444.308748734162,0.9996904134750366,0.0002512154751457274
2444.3291803896136,0.9997393488883972,0.00025093762087635696
2444.3496120450727,0.9996212124824524,0.0002507171593606472
2444.370043700532,1.000171184539795,0.0002503388386685401
2444.3904754560426,1.0000821352005005,0.00024990562815219164
2444.41090711156,1.0005786418914795,0.0002491310006007552
2444.431338667193,1.000321865081787,0.0002483834105078131
2444.4517704227037,1.0001598596572876,0.00024741081870160997
2444.4926336339704,0.9993714690208435,0.00025084035587497056
2444.513065389656,0.9997203350067139,0.0002510389604140073
2444.5334970453478,0.9994808435440063,0.0002511878265067935
2444.5539287010397,0.9999732375144958,0.0002515027590561658
2444.5743603567826,0.9997304677963257,0.0002514938823878765
2444.5947920125327,1.000268816947937,0.0002516011300031096
2444.615223768342,1.0000734329223633,0.0002514915249776095
2444.635655324142,1.0002192258834839,0.0002515297383069992
2444.6560869799505,1.0005571842193604,0.0002512931532692164
2444.676518735818,1.0002254247665405,0.00025116742472164333
2444.6969502917345,0.9997645020484924,0.0002509341575205326
2444.737813703643,0.9998493194580078,0.0002514566294848919
2444.758245259618,0.9998133778572083,0.0002515101514291018
2444.7786770156017,1.000576138496399,0.00025159711367450655
2444.799108671643,0.9997333884239197,0.0002516099193599075
2444.8195402277343,1.0008476972579956,0.00025161143275909126
2444.8399719838053,1.0005096197128296,0.0002512917562853545
2444.860403639934,0.9999514222145081,0.0002511330822017044
2444.880835296084,1.0001981258392334,0.0002508141624275595
2444.901266952271,1.0001012086868286,0.00025049486430361867
2444.9216986084866,1.000373363494873,0.0002498377289157361
2444.9421302647243,1.000568151473999,0.00024936709087342024
2444.9829935773014,1.000266671180725,0.0002501355193089694
2445.003425333598,0.9996442198753357,0.000250511133344844
2445.0238568899877,1.0005451440811157,0.00025105918757617474
2445.044288546378,1.0008277893066406,0.0002511767379473895
2445.064720302791,0.9999792575836182,0.0002512998762540519
2445.085151859268,1.0009160041809082,0.00025161870871670544
2445.1055836157466,1.0003466606140137,0.0002516265376470983
2445.1260152722753,1.0007660388946533,0.0002517225802876055
2445.1464468288104,1.0003225803375244,0.0002516993845347315
2445.166878585398,1.0004976987838745,0.0002514798834454268
2445.1873102420213,1.0004022121429443,0.00025127717526629567
2445.228173555348,1.000821590423584,0.00025074361474253237
2445.2486052120585,1.0003012418746948,0.00025088380789384246
2445.2690367688265,1.0002957582473755,0.00025101646315306425
2445.2894685255887,0.9996657371520996,0.0002510867780074477
2445.3099001824157,0.9992302060127258,0.00025119789643213153
2445.3303319392435,0.9997667074203491,0.0002513843064662069
2445.3507634961497,0.9999415278434753,0.0002514811931177974
2445.371195153064,1.0002260208129883,0.00025159172946587205
2445.391626910008,1.0004061460494995,0.0002516456588637084
2445.4120584670018,1.0001378059387207,0.00025174120673909783
2445.4324901240034,1.0004314184188843,0.0002517314860597253
2445.473353438145,0.9998229146003723,0.0002514316001906991
2445.4937851952927,1.0004396438598633,0.00025169397122226655
2445.51421685244,1.0002143383026123,0.00025169685250148177
2445.534648509638,1.0002317428588867,0.0002517488901503384
2445.5550801668724,1.000133752822876,0.0002517880348023027
2445.575511824165,1.0003048181533813,0.00025176224880851805
2445.5959434814795,0.9998478293418884,0.0002516508975531906
2445.6163751388012,1.0007457733154297,0.0002515128580853343
2445.636806796181,0.9998822212219238,0.00025128983543254435
2445.657238553613,0.9998639822006226,0.0002510357880964875
2445.6776701110502,0.9995878338813782,0.00025077525060623884
2445.718533426094,1.0001755952835083,0.0002508574107196182
2445.7389650836485,1.0002988576889038,0.000251126941293478
2445.7593967412904,1.0000585317611694,0.0002512506616767496
2445.779828498926,1.0002381801605225,0.00025146020925603807
2445.800260056596,1.0003063678741455,0.00025157234631478786
2445.820691714325,1.000902771949768,0.0002517635584808886
2445.841123472106,1.0000611543655396,0.0002517774701118469
2445.8615550298928,1.000171422958374,0.0002517417015042156
2445.881986787732,1.0006070137023926,0.0002518710389267653
2445.9024184456357,1.0003677606582642,0.00025165738770738244
2445.922850003568,1.0002387762069702,0.0002516180102247745
2445.9637134195145,1.0000731945037842,0.0002518774999771267
2445.984144977592,0.9999285340309143,0.00025175465270876884
2446.004576735664,1.000653862953186,0.0002518250257708132
2446.0250083937717,1.0004781484603882,0.00025160712539218366
2446.0454401519382,1.0004407167434692,0.0002512873033992946
2446.0658717101614,0.9999048709869385,0.000250945653533563
2446.0863033684072,1.0000104904174805,0.00025063822977244854
2446.10673512669,1.0002802610397339,0.00024990225210785866
2446.1271666850516,1.0010923147201538,0.0002491123741492629
2446.147598343421,1.000341773033142,0.0002482991840224713
2446.1680301018496,1.0000412464141846,0.0002472499618306756
2446.2088933188134,0.9998651742935181,0.0002511980419512838
2446.229325077358,0.9998642802238464,0.00025142155936919153
2446.2497567359533,1.0002506971359253,0.0002515955129638314
2446.2701883945847,1.0004698038101196,0.00025186745915561914
2446.2906200532743,1.0006712675094604,0.00025186504353769124
2446.311051711986,1.0004708766937256,0.00025189275038428605
2446.3314833707627,1.000488519668579,0.0002518438850529492
2446.351915029598,1.000497579574585,0.0002518170513212681
2446.3723466884258,1.0007191896438599,0.0002515696396585554
2446.392778347348,1.000748634338379,0.0002513145445846021
2446.4132100063,0.9999626278877258,0.00025101876235567033
2446.454073324341,1.0007137060165405,0.0002488837344571948
2446.474504983409,1.000334620475769,0.00024956490960903466
2446.494936742529,1.0003834962844849,0.0002502273418940604
2446.5153683017124,1.000421166419983,0.0002506414020899683
2446.535799960955,1.0007401704788208,0.000251158548053354
2446.5562317202202,1.0001107454299927,0.00025129440473392606
2446.5766632795494,1.000190019607544,0.0002515745291020721
2446.597095038909,1.0004525184631348,0.00025182959507219493
2446.617526698319,1.0004507303237915,0.0002518268011044711
2446.637958257794,1.000887393951416,0.0002520021516829729
2446.65839001727,1.0006861686706543,0.0002519841364119202
2446.6788216768255,1.0008312463760376,0.0002519490080885589
2446.6992532364457,1.000322699546814,0.0002517436514608562
2446.7196849960965,1.0005619525909424,0.000251505000051111
2446.7401166557975,1.000380516052246,0.00025111695867963135
2446.760548315535,1.0003403425216675,0.00025076325982809067
2446.7809799753304,1.000411033630371,0.0002498225658200681
2446.801411635206,0.9999842047691345,0.00024923181626945734
2446.8218433950897,0.9995009899139404,0.00024798285448923707
2446.9648650157615,1.0006603002548218,0.00025169100263155997
2446.985296676052,1.0002005100250244,0.0002512849459890276
2447.0057283364004,1.0001811981201172,0.0002508923935238272
2447.026159996807,1.0007243156433105,0.0002502365387044847
2447.046591657265,1.0009989738464355,0.0002493704960215837
2447.067023317788,1.0005854368209839,0.000248135271249339
2447.1078866389435,0.9999433159828186,0.00024240236962214112
2447.271340025727,1.000625491142273,0.00025015536812134087
2447.2917715868316,1.0005571842193604,0.0002503747818991542
2447.312203247995,1.0004935264587402,0.0002507859608158469
2447.332635009181,1.000601887702942,0.0002511052880436182
2447.35306657046,1.0003582239151,0.0002514079096727073
2447.37349833177,1.0000662803649902,0.00025154356262646616
2447.39392999313,1.0000419616699219,0.0002515501400921494
2447.4143616545553,1.000235915184021,0.00025177604402415454
2447.4347933160243,1.0006756782531738,0.00025204336270689964
2447.455224977559,1.000198483467102,0.0002519827976357192
2447.4756566391443,1.0007967948913574,0.0002522204886190593
2447.4960883008025,1.0014985799789429,0.00025218509836122394
2447.516519962235,1.0009691715240479,0.0002521044807508588
2447.536951723996,1.0006071329116821,0.00025207927683368325
2447.5573833857998,1.0012058019638062,0.0002518953406251967
2447.577814947683,1.0007317066192627,0.00025180907687172294
2447.5982467096183,1.0004860162734985,0.00025150764849968255
2447.618678371611,1.0003788471221924,0.0002512422506697476
2447.639109933669,1.0006794929504395,0.00025097481557168067
2447.6799733579173,1.0004545450210571,0.00025182837271131575
2447.7004050201504,1.0004003047943115,0.0002520570997148752
2447.7208366824343,1.0003455877304077,0.0002520582056604326
2447.7412683447765,1.000909686088562,0.00025212857872247696
2447.761700007184,1.0003695487976074,0.00025216458016075194
2447.7821316696427,1.0010236501693726,0.00025206233840435743
2447.8025632321733,1.0005303621292114,0.0002519300323911011
2447.8229949947417,1.0004464387893677,0.00025187156279571354
2447.8434266573895,1.0011992454528809,0.0002516737440600991
2447.8638582200947,1.0003290176391602,0.00025133922463282943
2447.884289982838,1.0008708238601685,0.00025105843087658286
2447.9251534085342,1.0000903606414795,0.00025184336118400097
2447.945584971487,1.001129150390625,0.0002520932466723025
2447.966016634484,0.9998379945755005,0.00025204778648912907
2447.986448397547,1.0010931491851807,0.00025223451666533947
2448.0068799606743,1.0011799335479736,0.0002522750583011657
2448.027311623875,1.0005757808685303,0.00025218166410923004
2448.0477433871274,1.000349998474121,0.00025206574355252087
2448.06817505043,1.000220537185669,0.0002519674599170685
2448.08860671382,1.0010408163070679,0.00025172159075737
2448.109038377246,0.9999418258666992,0.00025139248464256525
2448.129470040767,1.0005658864974976,0.0002511120692361146
2448.170333367947,0.9994659423828125,0.0002517485700082034
2448.1907650316425,1.0006752014160156,0.00025186454877257347
2448.2111966954108,1.0002319812774658,0.00025208661099895835
2448.23162835923,1.0005048513412476,0.0002521908318158239
2448.252060123101,1.0008116960525513,0.00025221629766747355
2448.2724917870582,1.0009926557540894,0.0002522857685107738
2448.2929233510804,1.0005062818527222,0.0002521656861063093
2448.313355115155,1.0006203651428223,0.000252057914622128
2448.3337867793016,1.0006349086761475,0.0002519385307095945
2448.354218343513,1.0003093481063843,0.0002517609973438084
2448.3746501077912,1.00026273727417,0.00025135857868008316
2448.415513336542,1.000457763671875,0.000251555087743327
2448.435945101024,1.000375747680664,0.00025181149248965085
2448.4563766655774,1.0004647970199585,0.00025193265173584223
2448.476808430154,1.000702142715454,0.0002520951966289431
2448.497240094839,0.9999812245368958,0.00025213530170731246
2448.5176716596106,1.0006533861160278,0.0002522192953620106
2448.538103424391,1.0004743337631226,0.00025224790442734957
2448.558535089265,1.0002562999725342,0.0002521178685128689
2448.5789666542405,1.000665545463562,0.000252109719440341
2448.5993984192246,1.0003238916397095,0.00025199929950758815
2448.6198300843025,1.000515103340149,0.00025154673494398594
2448.660693414684,1.0008705854415894,0.00025235465727746487
2448.6811250799656,1.0006537437438965,0.0002521863498259336
2448.7015568453207,1.000216007232666,0.0002520630368962884
2448.7219885107406,1.0011019706726074,0.0002519168774597347
2448.742420076247,1.0005278587341309,0.00025159228243865073
2448.7628518417987,1.0001542568206787,0.0002511344209779054
2448.783283507437,1.0009931325912476,0.0002505215525161475
2448.8037151731405,1.0012493133544922,0.0002494376094546169
2448.824146838917,1.0008914470672607,0.00024859781842678785
2448.844578504759,1.0003798007965088,0.0002465067955199629
2448.905873502721,1.0007966756820679,0.0002489627222530544
2448.9263052688475,1.000380039215088,0.0002493884530849755
2448.9467368350597,1.0005831718444824,0.0002503817086108029
2448.9671685013236,1.000587821006775,0.00025077516329474747
2448.9876002676683,1.000670075416565,0.0002513603831175715
2449.0080318340842,1.0006049871444702,0.00025163922691717744
2449.028463600567,1.0005967617034912,0.00025186690618284047
2449.0488952671367,1.0006822347640991,0.00025215884670615196
2449.069326833778,1.0000898838043213,0.0002522053546272218
2449.0897586004794,1.0002894401550293,0.00025234115310013294
2449.1101901672737,1.0010002851486206,0.00025236039073206484
2449.171485168059,1.0004163980484009,0.00025183067191392183
2449.191916935124,1.0000247955322266,0.0002519819245208055
2449.2123486022756,1.0002609491348267,0.00025206137797795236
2449.2327801695137,1.0004303455352783,0.00025224898126907647
2449.2532119368043,1.000240683555603,0.0002522918221075088
2449.273643604174,1.0003325939178467,0.0002524163865018636
2449.2940752716313,1.0004241466522217,0.00025236394139938056
2449.314506939154,1.0005313158035278,0.0002524306473787874
2449.334938606764,1.0009359121322632,0.0002523139410186559
2449.355370374433,1.0009510517120361,0.0002523608272895217
2449.416665377925,1.000767469406128,0.00025047530652955174
2449.437097045906,1.0013386011123657,0.0002507858444005251
2449.4575286139807,1.0002734661102295,0.00025119524798355997
2449.4779603821153,1.0001300573349,0.0002513775252737105
2449.498392050322,1.0005334615707397,0.00025182581157423556
2449.5188236186223,1.0000724792480469,0.00025192435714416206
2449.5392553869897,1.0005550384521484,0.0002519566332921386
2449.559687055429,0.9997949004173279,0.00025208696024492383
2449.5801188239566,1.0008199214935303,0.00025235424982383847
2449.60055039257,1.0003608465194702,0.0002524200826883316
2449.6209820612567,1.000256896018982,0.0002524508163332939
2449.6414138300024,1.0006459951400757,0.0002524963638279587
2449.661845398863,1.000430941581726,0.0002523302100598812
2449.6822770677827,1.000084400177002,0.00025224516866728663
2449.7027088367686,1.0006694793701172,0.0002521380374673754
2449.723140405862,0.999995231628418,0.00025195738999173045
2449.7435721750153,1.0000824928283691,0.00025169303989969194
2449.764003844248,1.000108003616333,0.00025133261806331575
2449.7844354135887,1.0012242794036865,0.0002507167519070208
2449.8048671829747,1.0000954866409302,0.00025004794588312507
2449.8252987524684,1.000948190689087,0.00024930876679718494
2449.8457304220356,1.0012109279632568,0.00024834342184476554
2449.8865937614028,1.0001693964004517,0.00025237654335796833
2449.9070255312035,1.0007967948913574,0.00025249741156585515
2449.927457201091,1.000636339187622,0.0002525529416743666
2449.9478888710655,1.0006449222564697,0.000252520723734051
2449.968320541113,1.0006394386291504,0.0002524432202335447
2449.9887522112476,1.000597357749939,0.0002522560826037079
2450.009183881477,1.000429391860962,0.00025206245481967926
2450.029615551779,0.9998375177383423,0.0002517527900636196
2450.050047222154,1.000805377960205,0.00025146533153019845
2450.0704788926305,1.0005944967269897,0.0002507033641450107
2450.090910663166,1.0005590915679932,0.00024998324806801975
2450.131774004527,1.0002801418304443,0.00025239743990823627
2450.152205675331,1.000398874282837,0.0002525348390918225
2450.172637246229,1.000161051750183,0.00025252517662011087
2450.193069017194,1.0011154413223267,0.0002525033487472683
2450.2135006882454,1.0005089044570923,0.00025248239398933947
2450.2339322594053,1.0004329681396484,0.0002523020375519991
2450.254364030632,1.0001726150512695,0.0002519756380934268
2450.274795701931,0.9999894499778748,0.0002517406246624887
2450.295227473325,1.000923752784729,0.00025107170222327113
2450.315659044827,1.000339150428772,0.00025042262859642506
2450.336090716395,1.0009064674377441,0.0002495618537068367
2450.3769540598005,0.9994449019432068,0.0002522850700188428
2450.3973857316305,1.0002167224884033,0.00025252270279452205
2450.417817503534,0.9996116161346436,0.0002524486917536706
2450.4382490755524,1.000353217124939,0.00025255646323785186
2450.458680847638,1.000419020652771,0.0002526325697544962
2450.479112419831,1.0001415014266968,0.00025250573526136577
2450.4995440920975,0.9999520778656006,0.00025245817960239947
2450.519975864445,1.0002862215042114,0.00025232438929378986
2450.5404074369,0.9997678995132446,0.0002521112619433552
2450.5608391094283,1.0001806020736694,0.000251916324486956
2450.5812708820376,1.0004137754440308,0.0002515115775167942
2450.6221342275603,0.9998251795768738,0.0002522673748899251
2450.642565900438,0.999669075012207,0.00025230299797840416
2450.662997573425,1.0002657175064087,0.0002524521551094949
2450.683429246499,1.0000702142715454,0.00025259831454604864
2450.7038609196534,1.0001158714294434,0.00025268649915233254
2450.724292592895,1.00070059299469,0.0002525763993617147
2450.7447243662245,1.0003126859664917,0.00025254336651414633
2450.765155939669,1.000404715538025,0.000252311845542863
2450.785587613187,1.0000578165054321,0.00025192953762598336
2450.806019386786,0.9999808073043823,0.00025121195358224213
2450.826450960507,1.0007630586624146,0.000250659097218886
2450.8673144081695,0.9998847246170044,0.0002515845117159188
2450.8877459821597,1.0000420808792114,0.0002519813715480268
2450.908177756224,0.9999359846115112,0.00025219525559805334
2450.9286094303898,1.000072717666626,0.00025234479107894003
2450.949041004649,0.9998164176940918,0.0002526014286559075
2450.96947277899,1.0004839897155762,0.00025263361749239266
2450.9899044534322,1.0001128911972046,0.00025270701735280454
2451.010336227955,1.0001834630966187,0.0002527365577407181
2451.030767802593,1.0002135038375854,0.0002526366733945906
2451.0511994773115,1.0001236200332642,0.0002524634182918817
2451.071631252118,0.9998783469200134,0.000252278900006786
2451.1124945020347,0.999478280544281,0.0002521325368434191
2451.132926177139,0.9997888803482056,0.0002521530259400606
2451.1533578523376,0.9995633363723755,0.00025224563432857394
2451.1737896276027,0.999603271484375,0.00025243358686566353
2451.194221202997,1.0001333951950073,0.0002522971772123128
2451.2146528784797,0.9999052882194519,0.0002526285534258932
2451.2350846540357,1.000105381011963,0.00025254409410990775
2451.255516229714,1.0001949071884155,0.0002527213073335588
2451.2759479054876,1.0002472400665283,0.00025271164486184716
2451.2963796813274,1.0009875297546387,0.0002528781769797206
2451.31681135729,1.000158667564392,0.0002528332406654954
2451.3576747094994,0.9992489814758301,0.00025159475626423955
2451.378106385753,0.9995463490486145,0.0002518845140002668
2451.3985380620943,0.9993600845336914,0.00025208236183971167
2451.41896973853,0.9994251728057861,0.0002522299764677882
2451.439401415075,0.9995629787445068,0.0002524626033846289
2451.4598331917077,1.0001554489135742,0.00025261298287659883
2451.4802647684483,0.9997671246528625,0.00025268373428843915
2451.500696445284,0.9998573660850525,0.00025276525411754847
2451.521128222201,1.0005663633346558,0.0002528027107473463
2451.541559799254,0.9999511241912842,0.0002527825708966702
2451.5619915763673,0.9996423125267029,0.000252829457167536
2451.602854830933,0.9996172189712524,0.00025076555903069675
2451.623286608352,0.9997706413269043,0.0002511031343601644
2451.643718285879,1.0001529455184937,0.00025156408082693815
2451.6641498635145,0.9992719888687134,0.0002518918481655419
2451.6845816412388,0.9992167949676514,0.0002521091955713928
2451.7050133190787,0.9999155402183533,0.00025233521591871977
2451.7254450969995,0.9993240833282471,0.00025246356381103396
2451.766308353166,1.000396728515625,0.0002527942124288529
2451.786740131385,1.0002483129501343,0.00025272072525694966
2451.8071717097337,1.0002262592315674,0.0002527970646042377
2451.8276033881702,1.0003138780593872,0.00025286650634370744
2451.8480350667014,0.9996374845504761,0.0002527219185139984
2451.8684667453563,1.0003728866577148,0.00025278254179283977
2451.8888985240774,0.9999682307243347,0.00025235433713532984
2451.909330102935,0.9995921850204468,0.00025224039563909173
2451.9297617818956,1.0001249313354492,0.000251684250542894
2451.9501935609223,1.0005425214767456,0.00025127423577941954
2451.970625240072,1.0002412796020508,0.000250588491326198
2451.991056819352,1.0002992153167725,0.0002498762623872608
2452.011488598713,0.9995262026786804,0.00024916636175476015
2452.0319202781684,0.9989005923271179,0.0002477667876519263
2452.0523518577393,0.9992471933364868,0.0002465897996444255
2452.093215317196,0.9996153116226196,0.00025111864670179784
2452.113647097074,1.0000815391540527,0.00025151149020530283
2452.1340786770597,0.9999169111251831,0.0002517759567126632
2452.1545103571552,0.9995973706245422,0.00025223352713510394
2452.1749421373534,0.9993904829025269,0.00025238681701011956
2452.1953737176445,0.9990085363388062,0.00025234976783394814
2452.2158053980747,0.9996620416641235,0.00025261621340177953
2452.2362371785784,0.9990193843841553,0.00025285157607868314
2452.2566687592043,0.9986701607704163,0.00025274057406932116
2452.2771005399263,0.9997145533561707,0.00025286758318543434
2452.297532220764,1.0000157356262207,0.0002529104531276971
2452.31796380171,1.0003085136413574,0.00025293842190876603
2452.3383955827667,1.000082015991211,0.0002528418553993106
2452.35882726391,0.9997631311416626,0.0002527345495764166
2452.3792589451623,1.0006712675094604,0.0002526861790101975
2452.399690626553,0.9994676113128662,0.000252444384386763
2452.420122308031,0.9993872046470642,0.0002521905116736889
2452.4405540895896,1.0000752210617065,0.00025157752679660916
2452.4609856712996,1.0001826286315918,0.0002511330530978739
2452.4814173531267,1.0005981922149658,0.00025040635955519974
2452.501849035034,1.0004225969314575,0.0002496821980457753
2452.5222807170503,1.0005862712860107,0.00024819685495458543
2452.542712399183,1.0000065565109253,0.00024694192688912153
2452.5835757637615,0.9991850852966309,0.0002525057934690267
2452.604007446229,0.9994456171989441,0.0002526059397496283
2452.6244392288063,0.9996733665466309,0.0002528958139009774
2452.6448708114767,0.9996620416641235,0.00025291001657024026
2452.665302594265,1.0000240802764893,0.00025289590121246874
2452.685734277162,0.9995839595794678,0.00025301470304839313
2452.7061658601815,1.0004262924194336,0.0002530431083869189
2452.726597643312,0.9996656775474548,0.00025296054081991315
2452.747029326536,0.9997512102127075,0.00025279817054979503
2452.767460909905,0.9996178150177002,0.0002527677279431373
2452.7878926933627,0.9996192455291748,0.00025251260376535356
2452.8287561605903,0.9994720220565796,0.0002514129737392068
2452.8491877443885,0.9990072846412659,0.00025187895516864955
2452.869619428311,0.9988720417022705,0.00025214452762156725
2452.890051212322,0.9993000626564026,0.0002525008749216795
2452.9104827964766,0.9991306066513062,0.000252511294092983
2452.930914480712,0.9994626045227051,0.00025290256598964334
2452.951346265072,0.9998878240585327,0.0002528588520362973
2452.9717778495396,0.9995735883712769,0.000252986210398376
2452.9922096341325,0.9997532367706299,0.00025302800349891186
2453.012641318812,0.9999510049819946,0.00025309433112852275
2453.033072903665,0.9993264079093933,0.0002530363854020834
2453.1556631149506,0.999352216720581,0.0002513522340450436
2453.1760948005904,0.9995662569999695,0.0002516579406801611
2453.1965264863175,0.9993600845336914,0.00025192552129738033
2453.2169581721537,0.999100923538208,0.00025208076112903655
2453.2373898581427,0.9990014433860779,0.0002524003793951124
2453.257821544248,0.9984925389289856,0.0002526249154470861
2453.2782532304336,0.9996612668037415,0.00025269450270570815
2453.298684916743,0.9989756345748901,0.0002527371980249882
2453.3191166031975,0.9993995428085327,0.00025281409034505486
2453.339548389762,0.9993169903755188,0.00025298079708591104
2453.3599799764197,0.999908447265625,0.00025304246810264885
2453.3804117632244,0.9995063543319702,0.00025308100157417357
2453.4008434501375,0.9996609687805176,0.00025302395806647837
2453.4212750371735,0.9994442462921143,0.00025308012845925987
2453.4417068242983,0.9999111294746399,0.0002532000944484025
2453.4621385115606,0.9992551207542419,0.00025316805113106966
2453.482570098975,0.9999606013298035,0.000253069621976465
2453.503001886478,0.9999363422393799,0.00025299968547187746
2453.5234335740897,0.9997180104255676,0.00025294633815065026
2453.5642969496985,0.9989960789680481,0.0002527316682972014
2453.5847286376666,0.9988284111022949,0.000252731260843575
2453.605160425781,0.9993646144866943,0.0002529308549128473
2453.62559201401,0.9990863800048828,0.00025302974972873926
2453.6460237023493,0.9990180134773254,0.000253069621976465
2453.666455490813,0.9994481801986694,0.0002530842029955238
2453.6868870794133,0.9997268319129944,0.0002531620557419956
2453.7073188681097,1.000030279159546,0.00025326001923531294
2453.727750556951,0.9998500943183899,0.00025322509463876486
2453.7481822459013,1.0002995729446411,0.0002531265199650079
2453.7686139349753,0.9991210103034973,0.00025315204402431846
2453.8094773134944,0.9981883764266968,0.0002522183349356055
2453.8299090029177,0.9995115995407104,0.00025263417046517134
2453.8503406924865,0.9993918538093567,0.00025271065533161163
2453.8707723821935,0.9990253448486328,0.00025286563322879374
2453.891204071995,0.999308168888092,0.0002530147903598845
2453.9116357619423,0.9987546801567078,0.00025307093164883554
2453.9320675519702,0.9990631937980652,0.0002531313803046942
2453.9524991421786,1.0002098083496094,0.0002532682556193322
2453.972930832504,0.9996827244758606,0.00025324945454485714
2453.9933626229104,0.9996688365936279,0.0002532989892642945
2454.013794213468,0.9998179078102112,0.0002532250073272735
2454.0546576949564,0.9994412660598755,0.0002518514229450375
2454.0750892858923,0.9992210865020752,0.0002521014539524913
2454.095521076946,0.9987144470214844,0.0002523347793612629
2454.1159527681375,0.9992738366127014,0.0002526004973333329
2454.1363843594518,0.9993031024932861,0.0002528192999307066
2454.156816150884,0.9986317157745361,0.00025295699015259743
2454.1772478424245,0.9990438222885132,0.0002531226200517267
2454.197679434117,0.9992379546165466,0.000253163801971823
2454.2181112259277,0.9998810887336731,0.00025327372713945806
2454.2385429178757,1.0003660917282104,0.00025336749968118966
2454.2589747099482,0.9998313784599304,0.0002533118531573564
2454.2794063021356,1.0000076293945312,0.00025329558411613107
2454.299837994462,0.9997092485427856,0.00025331249344162643
2454.320269786913,0.9999968409538269,0.0002530851343180984
2454.3407013795077,0.9991986155509949,0.0002528428449295461
2454.3611330722124,0.9998902082443237,0.0002526865864638239
2454.3815648650416,0.9997327327728271,0.00025218381779268384
2454.401996557979,1.0003128051757812,0.00025194050977006555
2454.4224282510986,0.9997259974479675,0.0002510242920834571
2454.4428599443054,1.0005276203155518,0.00025053968420252204
2454.4632916376577,0.9998408555984497,0.00024959060829132795
2454.483723331148,0.9999118447303772,0.00024855497758835554
2454.545018413148,0.99886554479599,0.0002532735816203058
2454.5654501071404,1.0004624128341675,0.00025339750573039055
2454.5858818012784,0.9997919797897339,0.00025345312315039337
2454.606313495555,0.9997551441192627,0.0002533695660531521
2454.6267451899257,1.0000591278076172,0.0002534125524107367
2454.6471769844356,0.9996325969696045,0.0002532567596063018
2454.667608579097,0.9998018741607666,0.00025320446002297103
2454.6880402739043,0.9998818635940552,0.0002528191253077239
2454.7084720688217,0.9994373917579651,0.0002524003793951124
2454.7289036638613,0.9998214840888977,0.0002519505796954036
2454.749335359047,1.0002788305282593,0.00025113383890129626
2454.790198749819,0.9989911913871765,0.0002531328937038779
2454.810630545413,0.9994295835494995,0.0002532238722778857
2454.8310622410863,0.9997003078460693,0.00025343455490656197
2454.85149383697,0.9996998906135559,0.00025335533428005874
2454.8719256329423,0.9998868703842163,0.0002535031526349485
2454.892357329052,0.9997985363006592,0.00025351368822157383
2454.912788925314,0.99970543384552,0.00025340710999444127
2454.933220721694,1.00011146068573,0.0002533614751882851
2454.9536524182113,1.000670075416565,0.0002533947117626667
2454.974084214853,0.9996833801269531,0.0002529314369894564
2454.994515811639,0.9994537830352783,0.00025258809910155833
2455.035379305613,0.9986332654953003,0.00025263355928473175
2455.055810902806,0.9987564086914062,0.0002528819895815104
2455.0762426001384,0.999305009841919,0.0002528642653487623
2455.096674397595,0.9988877177238464,0.00025299275876022875
2455.1171060951965,0.9994773864746094,0.00025308114709332585
2455.137537792936,0.9998025298118591,0.0002531678765080869
2455.1579694908287,0.9998884201049805,0.00025332908262498677
2455.1784011888085,0.9994887709617615,0.00025340449064970016
2455.1988328869847,0.9998884797096252,0.00025344479945488274
2455.2192645852847,0.9997754693031311,0.00025360865402035415
2455.2396961837003,0.9997618794441223,0.0002535973326303065
2455.2601279822265,0.9993668794631958,0.0002535940147936344
2455.280559680934,1.0001649856567383,0.00025362978340126574
2455.3009914797585,0.9993885159492493,0.00025356150581501424
2455.321423078749,1.0000091791152954,0.0002535053063184023
2455.341854777864,1.0002011060714722,0.00025352704687975347
2455.3622865770885,1.0000733137130737,0.0002533503866288811
2455.3827181764937,0.9999322295188904,0.00025340873980894685
2455.403149876016,0.9994178414344788,0.0002530589117668569
2455.4235816757136,0.9999146461486816,0.0002529130724724382
2455.444013275519,0.9999528527259827,0.00025264237774536014
2455.4644449754487,1.0003358125686646,0.00025221065152436495
2455.4848767755466,0.9997780323028564,0.00025195127818733454
2455.5257401761046,1.0002646446228027,0.0002537247783038765
2455.5461718766746,1.0002506971359253,0.00025373930111527443
2455.566603477295,1.00018310546875,0.0002537632535677403
2455.5870352780985,0.9997355341911316,0.00025363260647282004
2455.6074669790105,0.9998391270637512,0.00025344654568471014
2455.6278986801044,1.000211238861084,0.0002535373787395656
2455.6483303813147,0.9996829628944397,0.0002532034704927355
2455.6687620826415,0.9998512864112854,0.0002529805351514369
2455.6891938841363,0.9994792342185974,0.00025253588682971895
2455.7096254858116,0.9996281266212463,0.0002524402516428381
2455.7300571875967,1.0002411603927612,0.0002517637622077018
2455.7709206915897,1.000072717666626,0.0002536752144806087
2455.791352293789,1.0002402067184448,0.00025382524472661316
2455.8117840961568,1.000391960144043,0.0002537996042519808
2455.8322157986477,1.0001773834228516,0.00025377434212714434
2455.8526475012477,1.0004123449325562,0.0002537613036110997
2455.873079204088,1.0005117654800415,0.0002536199172027409
2455.893510906986,1.0003629922866821,0.0002534749510232359
2455.913942610052,0.999056339263916,0.00025303021539002657
2455.9343743132995,0.9995060563087463,0.00025292314239777625
2455.9548059166627,1.0001513957977295,0.000252490455750376
2455.975237720195,1.0001837015151978,0.0002521526184864342
2456.016101227622,1.0001133680343628,0.0002538718981668353
2456.03653283156,1.0003485679626465,0.0002538015542086214
2456.056964535681,1.0001049041748047,0.0002538226544857025
2456.077396339919,1.000461459159851,0.00025355909019708633
2456.0978279442643,0.9998583793640137,0.0002534360974095762
2456.1182596488507,0.9995293617248535,0.0002532466023694724
2456.138691453496,0.999690055847168,0.00025286420714110136
2456.159123058307,1.000023365020752,0.00025253178318962455
2456.179554763301,1.0009745359420776,0.000251885037869215
2456.1999865684047,0.9998193383216858,0.0002514219959266484
2456.220418173689,0.9994532465934753,0.00025058072060346603
2456.2612816846668,0.9999367594718933,0.00025391438975930214
2456.281713390352,0.9999534487724304,0.0002537512918934226
2456.3021450962187,0.9997435808181763,0.0002536738174967468
2456.322576802253,1.0003037452697754,0.00025346290203742683
2456.343008508411,0.9996494054794312,0.0002532255311962217
2456.3634402147436,1.0000109672546387,0.00025288324104622006
2456.3838719211926,1.0000759363174438,0.00025242645642720163
2456.4043037277515,1.000595211982727,0.00025135991745628417
2456.42473543455,1.0009400844573975,0.0002507939061615616
2456.4451670414564,0.9999338984489441,0.00025000469759106636
2456.4655988484883,1.000506043434143,0.00024919796851463616
2456.5064621630736,1.000440239906311,0.0002540496934670955
2456.526893970564,0.9999119639396667,0.0002539996930863708
2456.547325678235,0.9998980760574341,0.0002538986736908555
2456.5677573860157,1.0007133483886719,0.0002539676788728684
2456.588189093978,1.0001440048217773,0.0002537613036110997
2456.6086207021144,0.999843418598175,0.00025340256979689
2456.6290525103614,1.0000362396240234,0.00025295649538747966
2456.6494842187894,0.9995049834251404,0.00025259185349568725
2456.6699158273914,0.9996246099472046,0.00025186644052155316
2456.690347636104,1.0004913806915283,0.00025124067906290293
2456.7107793449395,1.0006786584854126,0.00025048264069482684
2456.7516427631854,1.0004223585128784,0.0002539674169383943
2456.772074472545,1.0005145072937012,0.00025381564046256244
2456.792506281963,1.0007070302963257,0.0002538195112720132
2456.8129378916055,0.9999846816062927,0.0002534435479901731
2456.8333696014306,0.9999440908432007,0.00025325827300548553
2456.853801411373,1.000124216079712,0.0002526900207158178
2456.874233021481,1.0003337860107422,0.0002521686546970159
2456.9150965421795,1.000611662864685,0.00025056334561668336
2456.9355281527532,1.0004981756210327,0.00024973833933472633
2456.955959963452,1.0003942251205444,0.000247892108745873
2456.996823385365,0.9996475577354431,0.00025371526135131717
2457.017255096587,1.0000622272491455,0.0002539991110097617
2457.0376868079256,0.9998068809509277,0.0002540075802244246
2457.0581185194314,1.0000619888305664,0.0002540605782996863
2457.0785503310617,0.9999547004699707,0.0002541718422435224
2457.0989819429233,1.0000903606414795,0.00025413394905626774
2457.1194137548955,1.0005502700805664,0.0002542408474255353
2457.1398454669907,1.000481128692627,0.00025418339646421373
2457.160277079318,1.0007683038711548,0.00025420577730983496
2457.180708891756,1.0011155605316162,0.00025416226708330214
2457.201140604375,1.0006769895553589,0.0002540988789405674
2457.2420040300713,0.9992625117301941,0.00025279336841776967
2457.262435643097,0.9988860487937927,0.0002528406330384314
2457.28286745635,0.9986996650695801,0.00025318010011687875
2457.3032991697255,0.9990171790122986,0.00025342064327560365
2457.3237307833333,0.9996635913848877,0.0002536667452659458
2457.344162597059,0.9999915957450867,0.00025367591297253966
2457.364594310893,0.9998002648353577,0.0002539023698773235
2457.3850259249666,0.9997451305389404,0.00025414559058845043
2457.4054577391507,0.9999624490737915,0.00025409070076420903
2457.425889453516,1.0001163482666016,0.00025426317006349564
2457.4463212679984,1.000154733657837,0.0002541978028602898
2457.466752882712,1.0002639293670654,0.0002542302245274186
2457.487184597536,1.0002825260162354,0.0002543763548601419
2457.507616412542,1.0006392002105713,0.0002542952715884894
2457.5280480277142,1.000557541847229,0.00025423368788324296
2457.548479743011,1.0007282495498657,0.0002541574358474463
2457.568911558483,1.000484824180603,0.00025409855879843235
2457.5893432741213,1.0003780126571655,0.00025408610235899687
2457.609774989942,0.9995346665382385,0.00025359756546095014
2457.630206705937,1.000238060951233,0.0002535182284191251
2457.650638422041,0.9999086856842041,0.0002531789941713214
2457.671070138327,1.0006123781204224,0.00025287005701102316
2457.691501854788,1.000611662864685,0.0002524509036447853
2457.732365288226,1.0007115602493286,0.00025433467817492783
2457.7527970051524,1.0006976127624512,0.00025432361871935427
2457.773228822247,1.0003305673599243,0.0002542966103646904
2457.7936605395807,0.9998501539230347,0.00025416709831915796
2457.8140921570302,1.000744104385376,0.0002540936984587461
2457.8345239745904,1.0002830028533936,0.0002539902925491333
2457.85495569239,1.0005003213882446,0.00025374093092978
2457.875387310305,0.999860405921936,0.00025351400836370885
2457.895819128389,0.9996020197868347,0.00025312486104667187
2457.9162508466543,1.0001263618469238,0.00025291115161962807
2457.9366824650933,1.0003809928894043,0.0002519922563806176
2457.9775459024895,0.9996534585952759,0.0002542066213209182
2457.9979777213957,1.0002259016036987,0.00025437335716560483
2458.0184094404685,1.000230073928833,0.0002544355229474604
2458.0388410597807,1.0002025365829468,0.0002543618611525744
2458.0592728792108,1.0005674362182617,0.0002544087474234402
2458.0797045987492,1.0006481409072876,0.0002544166927691549
2458.100136218527,1.0006130933761597,0.0002543367736507207
2458.120568038481,1.0001871585845947,0.00025425359490327537
2458.1409997585433,1.0005176067352295,0.0002541647991165519
2458.1614315788465,1.000342607498169,0.00025395615375600755
2458.1818631992646,1.0004225969314575,0.00025356668629683554
2458.222726740678,0.9991126656532288,0.0002538154658395797
2458.24315836162,0.998923122882843,0.00025400755112059414
2458.2635900826717,0.9997681379318237,0.000254327489528805
2458.2840219039645,1.0002095699310303,0.0002542443689890206
2458.304453625431,0.9999853372573853,0.00025446288054808974
2458.324885347065,1.0001822710037231,0.0002543677401263267
2458.3453170688226,1.0001509189605713,0.00025443825870752335
2458.3657487907476,1.0007506608963013,0.0002545142488088459
2458.3861805129127,1.0006799697875977,0.000254476151894778
2458.406612235194,1.0003222227096558,0.0002543107548262924
2458.4270439577085,1.0007262229919434,0.00025427286163903773
2458.4679074031374,0.9992551207542419,0.0002531323698349297
2458.488339226111,0.9995751976966858,0.00025340417050756514
2458.5087709492655,0.9995043277740479,0.00025372792151756585
2458.529202572594,0.9989110827445984,0.00025381645536981523
2458.5496343960913,0.9992604851722717,0.0002540679997764528
2458.5700661197698,0.9993626475334167,0.00025424559134989977
2458.590497743622,0.999588668346405,0.0002543217269703746
2458.610929567585,0.9991527795791626,0.0002544535673223436
2458.6313611917867,0.9995836615562439,0.0002544329909142107
2458.6517929161637,1.0000007152557373,0.00025452289264649153
2458.6722247407088,1.0004637241363525,0.0002545243187341839
2458.692656365376,1.0003374814987183,0.00025441418983973563
2458.7130881902776,1.0003913640975952,0.000254396116361022
2458.733519915346,1.0001866817474365,0.0002542405854910612
2458.753951540537,1.0000797510147095,0.0002540554851293564
2458.7743833659624,0.9997619986534119,0.0002536261745262891
2458.7948150915545,0.9996665120124817,0.0002531681093387306
2458.8152468172702,1.0005978345870972,0.00025288856704719365
2458.835678543219,1.0007344484329224,0.0002519827976357192
2458.8561102693347,1.0002957582473755,0.0002513908257242292
2458.9174054486866,1.00003981590271,0.00024594785645604134
2458.95826900244,1.0004491806030273,0.0002529681078158319
2458.97870062961,1.0000313520431519,0.0002531220088712871
2458.9991324569564,1.000292181968689,0.0002532147627789527
2459.0195641844766,0.9994248151779175,0.00025352189550176263
2459.039995912164,0.9994580149650574,0.00025355094112455845
2459.0604276400336,0.9995352029800415,0.00025380434817634523
2459.0808593680704,0.9993835091590881,0.00025401508901268244
2459.10129119629,0.9996511936187744,0.00025412687682546675
2459.1217228246824,0.9999926090240479,0.00025427492801100016
2459.1421545532503,0.9995136260986328,0.0002543325535953045
2459.1625863819863,0.9997670650482178,0.0002544414601288736
2459.1830180109027,1.00006103515625,0.0002544601447880268
2459.2034498400462,0.9998466968536377,0.00025467295199632645
2459.2238815693127,1.000719428062439,0.00025463811471126974
2459.244313198811,1.0001282691955566,0.0002546546747907996
2459.2647450284203,1.000258207321167,0.00025463130441494286
2459.285176658268,1.0004507303237915,0.00025466151419095695
2459.305608388291,1.0002588033676147,0.0002546862233430147
2459.3260402184824,1.0007802248001099,0.00025460816686972976
2459.346471848854,0.9998935461044312,0.0002544565941207111
2459.3669036794017,1.0004594326019287,0.00025451654801145196
2459.387335410116,1.000515103340149,0.00025426270440220833
2459.4077670410115,1.0000784397125244,0.00025399980950169265
2459.4486306033796,0.99904465675354,0.0002540032146498561
2459.469062334858,0.9992948174476624,0.00025422172620892525
2459.489494066511,0.9992170929908752,0.00025444282800890505
2459.509925798331,0.9995651245117188,0.0002545568277128041
2459.5303575303333,1.0001838207244873,0.00025458389427512884
2459.55078926251,1.000117301940918,0.0002545922470744699
2459.5712209948542,1.0003743171691895,0.0002547890180721879
2459.591652827381,1.00019109249115,0.0002547900367062539
2459.61208456014,0.9998663067817688,0.00025470208493061364
2459.6325161930654,1.000436782836914,0.0002547299664001912
2459.652948026116,1.0007625818252563,0.00025470220134593546
2459.6938113929064,0.9997835755348206,0.0002543881710153073
2459.714243226539,0.9996867179870605,0.00025461107725277543
2459.7346749603457,0.9996621012687683,0.0002545776078477502
2459.755106694378,0.9995785355567932,0.0002546094183344394
2459.775538428592,1.0007749795913696,0.00025487644597887993
2459.7959701629807,1.0001935958862305,0.0002548024640418589
2459.8164019975375,0.9999693632125854,0.00025471061235293746
2459.836833632333,1.000048279762268,0.0002547831099946052
2459.8572653672454,1.0004892349243164,0.0002547276671975851
2459.8776972023843,1.0004258155822754,0.0002546688774600625
2459.8981288377036,1.0010406970977783,0.0002547341864556074
2459.938992408861,0.9999443292617798,0.00025450324756093323
2459.9594240447623,0.9995397925376892,0.00025463002384640276
2459.9798558807815,0.9999151825904846,0.00025463098427280784
2460.000287517083,1.0002273321151733,0.0002548246120568365
2460.020719253509,1.0002515316009521,0.0002547578187659383
2460.041151090103,1.000170111656189,0.000254786922596395
2460.0615827269357,1.000091791152954,0.00025485275546088815
2460.0820145639445,1.000609040260315,0.0002548048796597868
2460.102446301127,1.0004076957702637,0.0002547498152125627
2460.1228779384764,1.0008124113082886,0.00025477170129306614
2460.1433097760673,1.0002708435058594,0.0002544560411479324
2460.184173251764,1.0001384019851685,0.000254741869866848
2460.204604989878,0.9996558427810669,0.00025478863972239196
2460.2250367281667,1.0002847909927368,0.00025489149265922606
2460.245468466681,0.9999459981918335,0.0002548016491346061
2460.2659003053777,1.000868797302246,0.00025489594554528594
2460.2863319442986,1.0007952451705933,0.0002547787444200367
2460.3067637833446,1.0006661415100098,0.0002547369513195008
2460.327195522623,1.0005563497543335,0.00025465895305387676
2460.347627162075,0.9997174143791199,0.000254483544267714
2460.368059001754,1.0000311136245728,0.0002541840367484838
2460.388490741556,0.9998403191566467,0.00025388982612639666
2460.429354221851,1.0006487369537354,0.0002547853218857199
2460.449785962235,1.0002353191375732,0.0002547550539020449
2460.4702178028456,1.0006637573242188,0.0002546281320974231
2460.4906494436364,0.9996029734611511,0.00025451998226344585
2460.5110811846025,0.9994490742683411,0.0002541076682973653
2460.531513025795,0.9993492960929871,0.0002538424450904131
2460.551944667226,0.9998971819877625,0.00025341197033412755
2460.5723764087743,1.000037670135498,0.00025265655131079257
2460.592808250549,0.9999805092811584,0.0002521781134419143
2460.6132398924456,1.0001802444458008,0.00025124012609012425
2460.633671734693,1.0003997087478638,0.0002503090363461524
2460.6745351195277,0.9994664788246155,0.0002511703933123499
2460.694966962241,0.9994434118270874,0.00025182488025166094
2460.715398605178,0.9990029335021973,0.00025227933656424284
2460.735830348356,0.9986372590065002,0.00025275058578699827
2460.7562621916513,0.999273955821991,0.0002533446531742811
2460.7766938351706,0.999036431312561,0.0002536456740926951
2460.797125678815,0.998875617980957,0.00025403680047020316
2460.817557422808,0.9987152814865112,0.00025412620743736625
2460.8379891667937,0.9995591044425964,0.0002545016468502581
2460.858420911136,0.9996979236602783,0.00025470301625318825
2460.8788526555945,0.9996751546859741,0.00025482571800239384
2460.919716145203,0.9997633695602417,0.00025491867563687265
2460.9401478902437,1.0000932216644287,0.0002548755146563053
2460.9605797355107,0.9999384880065918,0.00025484716752544045
2460.981011481017,0.9999538064002991,0.0002548802294768393
2461.0014431267555,1.0003219842910767,0.0002548110205680132
2461.0218749726046,1.0005797147750854,0.0002547457697801292
2461.042306718693,1.000437617301941,0.00025463191559538245
2461.062738364897,0.9996390342712402,0.00025445816572755575
2461.0831702113283,1.0001314878463745,0.0002545069728512317
2461.1036019579988,1.000488519668579,0.0002541970170568675
2461.1240336049013,0.9997867345809937,0.00025387597270309925
2461.164897199167,0.9998741149902344,0.000254981336183846
2461.185329046646,0.9999528527259827,0.0002549851778894663
2461.2057606943636,0.9999256730079651,0.00025500741321593523
2461.226192442198,1.0000029802322388,0.0002548938209656626
2461.2466241902584,1.0004445314407349,0.0002549359342083335
2461.2670559384424,0.9994068741798401,0.00025479105534031987
2461.2874876869755,1.0004278421401978,0.00025482760975137353
2461.307919435625,1.0004132986068726,0.0002547210897319019
2461.3283511845,0.9997411966323853,0.00025451878900639713
2461.3487830335,0.9997861385345459,0.000254404527368024
2461.36921468284,0.9997951984405518,0.00025413971161469817
2461.410078281886,1.0005239248275757,0.00025501957861706614
2461.430509931808,1.0002847909927368,0.00025494626606814563
2461.4509416818546,1.000436544418335,0.0002549330529291183
2461.4713735321347,1.0005757808685303,0.000254724727710709
2461.4918052825233,0.9998836517333984,0.000254599581239745
2461.512237033152,0.9996595978736877,0.0002545114839449525
2461.5326687840134,0.9993114471435547,0.000254132435657084
2461.5531005351004,0.9998095631599426,0.00025388458743691444
2461.573532286311,0.9997042417526245,0.0002535702078603208
2461.593964037871,1.0001448392868042,0.00025348184863105416
2461.61439578954,1.0003787279129028,0.00025310166529379785
2461.6552592935914,0.9993725419044495,0.00025469475076533854
2461.6756911458433,0.9992216229438782,0.0002548939373809844
2461.6961228983346,0.9999628067016602,0.0002549288619775325
2461.716554551058,0.9993887543678284,0.0002550030476413667
2461.7369864040083,0.9997107982635498,0.0002550848585087806
2461.7574181570817,0.9997777342796326,0.00025498814648017287
2461.7778498105035,1.0000851154327393,0.00025502548669464886
2461.798281664036,1.0005645751953125,0.0002550710632931441
2461.8187134176915,1.0004931688308716,0.0002550447534304112
2461.8391452716896,1.0006847381591797,0.0002549483615439385
2461.85957692581,0.9997743964195251,0.0002547487383708358
2461.900440534744,0.998523473739624,0.0002536490501370281
2461.920872189563,0.9986442923545837,0.0002539187844377011
2461.941303944499,0.9986253380775452,0.0002542602305766195
2461.9617357996613,0.9986683130264282,0.0002544432645663619
2461.9821674551786,0.9990902543067932,0.000254712940659374
2462.0025992106966,0.9990128874778748,0.00025499233743175864
2462.023030966564,0.9992892742156982,0.00025488200481049716
2462.0434627225404,0.9994418025016785,0.00025510057457722723
2462.0638945787578,1.000018835067749,0.0002551267680246383
2462.084326235199,0.999855101108551,0.00025513023138046265
2462.1047579918813,1.0001013278961182,0.000254996120929718
2462.1251898486807,1.0002288818359375,0.00025513742002658546
2462.1456216058214,1.0002989768981934,0.000254983693594113
2462.166053263085,1.0007539987564087,0.00025507647660560906
2462.186485120583,1.000277042388916,0.00025468741660006344
2462.2069168783055,1.0002772808074951,0.0002545856114011258
2462.227348636152,1.0003916025161743,0.000254349346505478
2462.2477803943475,0.9994577765464783,0.00025420388556085527
2462.2682121526523,0.9994399547576904,0.000253970647463575
2462.288644011198,1.000022292137146,0.0002536697720643133
2462.3090756698584,1.000393271446228,0.0002534103987272829
2462.3295074288617,1.0000982284545898,0.00025293283397331834
2462.3499392879894,0.9997252821922302,0.0002525238087400794
2462.390802807051,0.9999251365661621,0.00025510837440378964
2462.41123456676,0.9999168515205383,0.0002550789213273674
2462.4316662268175,0.9989942312240601,0.00025507528334856033
2462.452098087102,0.9998028874397278,0.0002550402423366904
2462.4725298475096,0.9992440938949585,0.0002549435303080827
2462.492961508149,0.99932461977005,0.000254767423029989
2462.513393369016,0.9995330572128296,0.00025452557019889355
2462.533825130122,0.9998427033424377,0.0002543097361922264
2462.5542569913378,0.9996933341026306,0.0002540277782827616
2462.5746886529087,1.0003139972686768,0.0002537952095735818
2462.5951204145967,0.999991238117218,0.0002534177911002189
2462.6359839387806,0.9996764659881592,0.0002551305224187672
2462.6564157010507,0.9998505115509033,0.00025517353788018227
2462.67684746367,0.9998258948326111,0.0002550393110141158
2462.697279226515,1.0001150369644165,0.00025493718567304313
2462.7177109894837,0.999871551990509,0.0002548385236877948
2462.7381427526852,0.9999668002128601,0.00025457717129029334
2462.7585745161123,0.9997137188911438,0.00025443342747166753
2462.77900637978,0.999825119972229,0.0002538471599109471
2462.7994380436794,1.0000532865524292,0.0002533691003918648
2462.819869807805,1.0000134706497192,0.0002527039614506066
2462.840301672055,0.9997509121894836,0.0002520544803701341
2462.8811651013602,1.0002098083496094,0.0002550192875787616
2462.9015969663087,0.9997692108154297,0.0002551267680246383
2462.922028731482,0.9999483823776245,0.0002552619844209403
2462.9424604968954,0.9998138546943665,0.0002551721117924899
2462.9628922625416,0.9999224543571472,0.0002551137295085937
2462.983324028304,1.0002995729446411,0.00025509257102385163
2463.003755894293,1.0007290840148926,0.0002551876241341233
2463.024187560637,1.0000375509262085,0.00025482906494289637
2463.044619327091,1.000421166419983,0.00025470784748904407
2463.0650511937856,0.9998243451118469,0.00025437233853153884
2463.0854828607116,0.9997425675392151,0.000253975682426244
2463.126346495257,0.9995267987251282,0.00025519373593851924
2463.1467781627653,0.9995827078819275,0.0002551495563238859
2463.167210030617,0.9994829297065735,0.0002552336372900754
2463.1876417985914,0.9997930526733398,0.0002552960067987442
2463.2080734669144,0.9995341897010803,0.0002551692596171051
2463.228505335348,1.0005403757095337,0.00025525863748043776
2463.248937104021,0.9999871253967285,0.000255112157901749
2463.269368872927,1.0001517534255981,0.00025504917721264064
2463.2898006420583,0.9996750354766846,0.00025468599051237106
2463.3102324114298,1.0002609491348267,0.0002544000744819641
2463.3306641809177,1.0001250505447388,0.00025411503156647086
2463.3510959507475,1.0003869533538818,0.0002537214895710349
2463.371527720701,1.0004929304122925,0.00025303734582848847
