time,flux,flux_err
3072.7491896780775,1.001611590385437,3.333794302307069e-05
3072.769622253618,1.0014687776565552,3.336812733323313e-05
3072.790054928235,1.0012331008911133,3.3385873393854126e-05
3072.8104874028504,1.000787615776062,3.3399897802155465e-05
3072.830919976528,1.0004113912582397,3.3419022656744346e-05
3072.8513525497474,0.9997517466545105,3.34013529936783e-05
3072.871785122501,0.9994667172431946,3.339803879498504e-05
3072.8922176947817,0.9992577433586121,3.34046344505623e-05
3072.9126502661384,0.9993453621864319,3.3424475986976177e-05
3072.9330828370294,0.9994321465492249,3.341385308885947e-05
3072.953515507448,0.9999694228172302,3.3405507565476e-05
3072.973947977407,1.0001294612884521,3.34206415573135e-05
3072.9943805464354,1.0002288818359375,3.340715920785442e-05
3073.0148132154573,1.0005121231079102,3.3378008083673194e-05
3073.0352456835535,1.0004152059555054,3.335356086608954e-05
3073.055678251185,1.0001827478408813,3.3319291105726734e-05
3073.0761109178784,0.9999698400497437,3.328769525978714e-05
3073.0965433845777,0.9993147253990173,3.324069984955713e-05
3073.1169759503464,0.9989016652107239,3.316502261441201e-05
3073.137408615643,0.9982316493988037,3.3091877412516624e-05
3073.178273744852,1.0001906156539917,3.338161695864983e-05
3073.198706308285,1.0008009672164917,3.3434735087212175e-05
3073.21913887126,1.0012054443359375,3.345777076901868e-05
3073.239571433769,1.000946044921875,3.3481093851150945e-05
3073.260003995805,1.0010572671890259,3.351960185682401e-05
3073.2804365569173,1.000887393951416,3.3520922443130985e-05
3073.3008691180294,1.0005342960357666,3.3546526537975296e-05
3073.321301678203,1.0001217126846313,3.355444277985953e-05
3073.341734237918,0.9997014999389648,3.3554810215719044e-05
3073.362166897161,0.9993204474449158,3.355443186592311e-05
3073.3825993554783,0.9992006421089172,3.35570439347066e-05
3073.403031913331,0.9991374015808105,3.356123488629237e-05
3073.423464571184,0.9993268251419067,3.356633897055872e-05
3073.443897028097,0.9994732737541199,3.3548392821103334e-05
3073.4643296840877,0.9995529651641846,3.355825538164936e-05
3073.4847622400703,0.9998359680175781,3.3545413316460326e-05
3073.505194695128,0.9999992847442627,3.3521246223244816e-05
3073.5256273497216,1.0000410079956055,3.350963379489258e-05
3073.546059903849,1.0000028610229492,3.3459964470239356e-05
3073.5664923575023,0.9998984336853027,3.342538184369914e-05
3073.5869250102332,0.9995774626731873,3.3365209674229845e-05
3073.6073575624905,0.9991979002952576,3.3306430850643665e-05
3073.6277900142886,0.9986873865127563,3.3207870728801936e-05
3073.6686551164894,0.9992057085037231,3.360544360475615e-05
3073.6890876664183,0.999330997467041,3.3601882023504004e-05
3073.7095203163553,0.9994221329689026,3.358494723215699e-05
3073.729952865353,0.999269425868988,3.359213951625861e-05
3073.954710867598,0.9993790984153748,3.359993934282102e-05
3073.9751434096106,0.9994924068450928,3.3576623536646366e-05
3073.9955760516314,0.9997321963310242,3.35511977027636e-05
3074.0160084927193,0.9998838305473328,3.3530854125274345e-05
3074.036441033335,0.9998594522476196,3.349803591845557e-05
3074.056873673493,0.9997193217277527,3.344360811752267e-05
3074.0773061127184,0.9992133975028992,3.337487578392029e-05
3074.097738651937,0.9989024996757507,3.329457831569016e-05
3074.1181712902326,0.9981363415718079,3.313907654955983e-05
3074.1590363654177,0.9997682571411133,3.3562177122803405e-05
3074.1794689023154,0.9997571110725403,3.354122964083217e-05
3074.199901438282,0.9998092651367188,3.351534905959852e-05
3074.2203339737753,0.9997097253799438,3.346921221236698e-05
3074.2407665088103,0.9995210766792297,3.341620686114766e-05
3074.2611990433797,0.9992510080337524,3.332754204166122e-05
3074.4042267695113,0.9997714161872864,3.362897041370161e-05
3074.424659299424,0.9994999170303345,3.36369157594163e-05
3074.4450917288705,0.9992918372154236,3.365345037309453e-05
3074.4655243578454,1.0014278888702393,3.37555211444851e-05
3074.4859568863612,0.9993557929992676,3.365303564351052e-05
3074.5063893144106,0.9995839595794678,3.364282019902021e-05
3074.526821941523,0.9996514320373535,3.3627311495365575e-05
3074.547254468176,0.999666154384613,3.360951450304128e-05
3074.5676869943636,0.9998894929885864,3.359813126735389e-05
3074.588119520078,1.000118374824524,3.3579501177882776e-05
3074.6085520448687,1.0001972913742065,3.354548243805766e-05
3074.649417093511,0.9997915625572205,3.3618343877606094e-05
3074.6698496169047,0.9998263120651245,3.3603533665882424e-05
3074.690282239826,0.9999796748161316,3.3582404284970835e-05
3074.7107147622883,1.0000872611999512,3.357046807650477e-05
3074.7311471838184,1.0000487565994263,3.355554508743808e-05
3074.7515798048844,1.000126600265503,3.3524800528539345e-05
3074.7720123254767,1.0000907182693481,3.349563121446408e-05
3074.79244474561,1.0000464916229248,3.3473563235020265e-05
3074.8128773652716,1.0000097751617432,3.3441316190874204e-05
3074.833309884474,0.999542236328125,3.339667819091119e-05
3074.8537423027446,0.9993544220924377,3.331592233735137e-05
3074.8946074378837,0.999733030796051,3.362075221957639e-05
3074.915039854757,0.9997857213020325,3.359603579156101e-05
3074.9354724711593,0.9997610449790955,3.35869517584797e-05
3074.9559049866366,0.9999305605888367,3.3568067010492086e-05
3074.9763374016475,1.000043272972107,3.3554133551660925e-05
3074.996770016194,0.9999966025352478,3.3512842492200434e-05
3075.0172025302672,1.0000934600830078,3.347928577568382e-05
3075.037635043882,0.9999831318855286,3.344082142575644e-05
3075.058067556558,0.9997105598449707,3.337578527862206e-05
3075.0785000692413,0.999299168586731,3.331500192871317e-05
3075.0989325809933,0.9987875819206238,3.323557393741794e-05
3075.1397976026274,1.0000369548797607,3.362356801517308e-05
3075.1602301129824,1.0001147985458374,3.3640182664385065e-05
3075.180662622399,0.999959409236908,3.36474840878509e-05
3075.2010951318225,0.9997272491455078,3.364942313055508e-05
3075.2215277403157,0.9995439648628235,3.365473457961343e-05
3075.2419601483416,0.9992231726646423,3.365062366356142e-05
3075.2623926554297,0.9992048144340515,3.36640041496139e-05
3075.282825262526,0.9992330074310303,3.3649728720774874e-05
3075.303257668682,0.9993972778320312,3.3662672649370506e-05
3075.3236901743803,0.9994627237319946,3.365035081515089e-05
3075.344122779614,0.9995287656784058,3.365160955581814e-05
3075.36455518438,0.9995916485786438,3.363247014931403e-05
3075.3849876886743,0.9997088313102722,3.36246557708364e-05
3075.405420292045,0.999695360660553,3.3622443879721686e-05
3075.4258526949416,0.9998694062232971,3.360168557264842e-05
3075.4462851973803,1.0000474452972412,3.358776302775368e-05
3075.4667177993542,0.999927282333374,3.3565629564691335e-05
3075.487150200861,1.0000555515289307,3.353362262714654e-05
3075.5075827018954,1.000159740447998,3.351032501086593e-05
3075.5280153020067,1.0000072717666626,3.34798896801658e-05
3075.548447801644,0.9998660683631897,3.343167918501422e-05
3075.5688802008226,0.9996203184127808,3.3387073926860467e-05
3075.589312799537,0.9994460940361023,3.3314194297418e-05
3075.630177795094,0.9996954798698425,3.3608921512495726e-05
3075.6506102924104,0.9997214078903198,3.36121920554433e-05
3075.6710427887883,1.0000483989715576,3.35857221216429e-05
3075.6914753847086,1.000181794166565,3.355286389705725e-05
3075.711907779696,1.0001144409179688,3.353188367327675e-05
3075.732340274677,1.0001808404922485,3.351280975039117e-05
3075.7527727691995,1.0000406503677368,3.348025347804651e-05
3075.7732052627907,0.9997810125350952,3.34192045556847e-05
3075.793637755909,0.9994721412658691,3.334768916829489e-05
3075.814070248569,0.9990888833999634,3.325843863422051e-05
3075.834502740763,0.9984557628631592,3.314221976324916e-05
3075.8753677232817,0.9996488094329834,3.363670839462429e-05
3075.8958002136133,0.9996304512023926,3.362684583407827e-05
3075.916232703472,0.9998405575752258,3.3589371014386415e-05
3075.936665192872,0.9999728202819824,3.35789991368074e-05
3075.9570976818068,1.0001600980758667,3.3551870728842914e-05
3075.977530169803,1.0001991987228394,3.351929990458302e-05
3075.997962657806,1.0000892877578735,3.3480217098258436e-05
3076.018395144878,1.0000660419464111,3.344973083585501e-05
3076.038827631477,0.9997763633728027,3.3378182706655934e-05
3076.0592602176184,0.9993674755096436,3.330054096295498e-05
3076.0796926032926,0.9988579750061035,3.3191572583746165e-05
3076.1205576727734,0.9997425079345703,3.361397466505878e-05
3076.140990056585,0.9997021555900574,3.3624484785832465e-05
3076.1614225399244,0.9998763203620911,3.359639595146291e-05
3076.181855122806,1.0000145435333252,3.357317837071605e-05
3076.2022875052207,1.000467300415039,3.354850923642516e-05
3076.2227199866975,1.0002974271774292,3.352034036652185e-05
3076.2431525681823,1.0001037120819092,3.348590325913392e-05
3076.263584948734,1.0000884532928467,3.3467920729890466e-05
3076.2840175288147,0.9997438192367554,3.340561670484021e-05
3076.304450008436,0.9994160532951355,3.334671418997459e-05
3076.324882387591,0.9991583228111267,3.3250566048081964e-05
3076.3657474440333,0.9996751546859741,3.366018063388765e-05
3076.386179921319,0.9997003078460693,3.363960058777593e-05
3076.4066123981465,0.9997496604919434,3.3623222407186404e-05
3076.4270448745083,0.9998235106468201,3.359130641911179e-05
3076.4474773504044,0.9999796748161316,3.358017056598328e-05
3076.4679098258275,1.0000735521316528,3.3554133551660925e-05
3076.4883423003266,1.0002354383468628,3.35301119775977e-05
3076.508774774353,1.0002049207687378,3.3513981179567054e-05
3076.5292072479206,1.0001214742660522,3.3476539101684466e-05
3076.5496397210227,0.9999639987945557,3.3420110412407666e-05
3076.570072193659,0.9997092485427856,3.334440407343209e-05
3076.631369508301,1.0001335144042969,3.366798773640767e-05
3076.6518020786025,0.9999427199363708,3.3663298381725326e-05
3076.672234548445,0.999862790107727,3.3676195016596466e-05
3076.692666917821,0.9996119737625122,3.367084718775004e-05
3076.71309948626,0.9995108842849731,3.36721604980994e-05
3076.7335319547055,0.9993333220481873,3.367615499882959e-05
3076.7539644222124,0.999445378780365,3.367995304870419e-05
3076.7743968897266,0.9994681477546692,3.3685617381706834e-05
3076.7948293563095,0.9994142651557922,3.3681986678857356e-05
3076.8152618224267,0.9995836615562439,3.367173849255778e-05
3076.8356942876053,0.999779224395752,3.3654832805041224e-05
3076.856126752791,0.9997060298919678,3.364693111507222e-05
3076.876559317505,0.9999251961708069,3.3633241400821134e-05
3076.8969917812938,0.9999762773513794,3.36157318088226e-05
3076.9174241446162,0.9998804330825806,3.3611126127652824e-05
3076.9378567074673,0.999937891960144,3.358420872245915e-05
3076.958289169859,1.000037431716919,3.356714660185389e-05
3076.9787215317847,1.0002055168151855,3.3542324672453105e-05
3076.999154092773,1.0003951787948608,3.352406929479912e-05
3077.0195865533024,1.000264286994934,3.350153565406799e-05
3077.040018913831,1.0001417398452759,3.346822995808907e-05
3077.0604514734223,1.000012993812561,3.343364369357005e-05
3077.1013162907548,0.9997612237930298,3.366749660926871e-05
3077.121748848949,0.999727725982666,3.3670981792965904e-05
3077.142181306219,0.9996413588523865,3.3682139473967254e-05
3077.1626136634877,0.9995360970497131,3.36772391165141e-05
3077.1830462198195,0.9994329810142517,3.368477337062359e-05
3077.203478675692,0.9994497895240784,3.3683445508359e-05
3077.223911131099,0.999466061592102,3.36871380568482e-05
3077.244343586033,0.9996144771575928,3.368647594470531e-05
3077.264776040043,0.9995514750480652,3.367773024365306e-05
3077.285208494053,0.9996488690376282,3.3673895813990384e-05
3077.3056409471246,0.9997167587280273,3.36583616444841e-05
3077.3260733997377,0.9997246265411377,3.365575321367942e-05
3077.3465057518843,0.9997784495353699,3.363511132192798e-05
3077.3669383035594,0.9997800588607788,3.3620632166275755e-05
3077.38737075431,0.9996845722198486,3.3622658520471305e-05
3077.4078031050594,0.9997462630271912,3.3596727007534355e-05
3077.428235654872,1.0001144409179688,3.35873628500849e-05
3077.448668104691,0.9999886751174927,3.358071990078315e-05
3077.469100453578,1.0001176595687866,3.355901935719885e-05
3077.4895330019935,1.0000914335250854,3.3547865314176306e-05
3077.5099654494843,1.000259518623352,3.3523425372550264e-05
3077.5303977969743,1.00035560131073,3.349668259033933e-05
3077.550830343993,1.0003951787948608,3.3479806006653234e-05
3077.5916953357155,0.9996799230575562,3.367704266565852e-05
3077.61212768087,0.9997634887695312,3.367624958627857e-05
3077.6325601255667,0.9998955726623535,3.365571319591254e-05
3077.6529926697986,0.9998360276222229,3.363731229910627e-05
3077.673425013556,0.9998859167098999,3.3644835639279336e-05
3077.69385745639,1.0000746250152588,3.362369170645252e-05
3077.714289999225,1.000027060508728,3.360302798682824e-05
3077.7347224411205,1.0001106262207031,3.359251422807574e-05
3077.755154782557,1.0002793073654175,3.3574950066395104e-05
3077.775587323529,1.0002753734588623,3.355945955263451e-05
3077.7960197640277,1.0006401538848877,3.355167427798733e-05
3077.8368846431767,0.9999804496765137,3.368179022800177e-05
3077.8573170818127,0.9999131560325623,3.368762554600835e-05
3077.877749420455,0.9997917413711548,3.3686603273963556e-05
3077.8981819581677,0.9998084902763367,3.3700289350235835e-05
3077.9186143954066,0.999729335308075,3.36923731083516e-05
3077.9390467317207,0.9996620416641235,3.3691219869069755e-05
3077.9594792680364,0.9995532035827637,3.3687956602079794e-05
3077.9799117038783,0.99964839220047,3.36851371685043e-05
3078.0003440387954,0.999862015247345,3.366920645930804e-05
3078.0207765732484,0.9997884035110474,3.36644661729224e-05
3078.0412089076926,0.9998899102210999,3.366057717357762e-05
3078.0616414412143,0.9999457597732544,3.36454322678037e-05
3078.082073873804,0.9999972581863403,3.363034193171188e-05
3078.102506306386,0.9999570846557617,3.3608248486416414e-05
3078.1229386385094,0.999927818775177,3.360617483849637e-05
3078.1433711697027,1.000221848487854,3.35931581503246e-05
3078.163803600888,1.000107765197754,3.356984962010756e-05
3078.1842359311486,1.0002695322036743,3.3564101613592356e-05
3078.204668460945,1.000389575958252,3.354860018589534e-05
3078.2251008902676,1.0004409551620483,3.352201383677311e-05
3078.245533418667,1.000558853149414,3.350193946971558e-05
3078.265965747065,1.0001499652862549,3.3460379199823365e-05
3078.2863981749906,0.9999972581863403,3.3423100830987096e-05
3078.3272630285283,0.9996592402458191,3.3701366191962734e-05
3078.3476954545913,0.999671220779419,3.36978082486894e-05
3078.3681279801967,0.9997326135635376,3.369075420778245e-05
3078.388560305335,0.9997981786727905,3.368337274878286e-05
3078.408992730001,0.9998511075973511,3.367297176737338e-05
3078.4294252542095,0.9999698400497437,3.367384852026589e-05
3078.449857577478,0.9999077320098877,3.3666827221168205e-05
3078.4702900002885,0.999924898147583,3.365077282069251e-05
3078.4907225231,0.999902606010437,3.365824159118347e-05
3078.5111548449786,1.0001022815704346,3.3641521440586075e-05
3078.531587266385,1.0001031160354614,3.3625572541495785e-05
3078.5724522073433,0.9998114109039307,3.3710472052916884e-05
3078.5928845273593,0.9997879862785339,3.3714430173859e-05
3078.6133170464454,0.9996851086616516,3.370098056620918e-05
3078.6337494655236,0.9997310638427734,3.3689568226691335e-05
3078.654181783677,0.9997638463973999,3.368458055774681e-05
3078.674614301366,0.9998193383216858,3.36817538482137e-05
3078.6950467185816,0.9998446702957153,3.36808298015967e-05
3078.715479035338,0.9999637603759766,3.3674146834528074e-05
3078.7359115511645,0.9999645352363586,3.3670428820187226e-05
3078.7563438669895,0.9999017715454102,3.367191311554052e-05
3078.7767762818767,0.9999935626983643,3.365807424415834e-05
3078.797208796306,0.9998825192451477,3.364368239999749e-05
3078.8176412107277,0.9999872446060181,3.3642234484432265e-05
3078.8380735242245,1.000063419342041,3.362590359756723e-05
3078.858506037257,1.0001013278961182,3.361519338795915e-05
3078.8789383493568,1.000168800354004,3.358237518114038e-05
3078.8993708614507,1.0004236698150635,3.3569507650099695e-05
3078.9198032730856,1.0005007982254028,3.356415982125327e-05
3078.940235583781,1.0004442930221558,3.3513966627651826e-05
3078.9606680940196,1.0004277229309082,3.348814425407909e-05
3078.9811005042575,0.9999850392341614,3.342542549944483e-05
3079.0015329135567,0.9998652935028076,3.3367410651408136e-05
3079.0219653223976,0.9995931386947632,3.331022526253946e-05
3079.0628301382094,1.000427007675171,3.361072958796285e-05
3079.083262645654,1.0003931522369385,3.3657357562333345e-05
3079.103694952166,1.0006072521209717,3.3664498914731666e-05
3079.124127358671,1.0004026889801025,3.3672356948954985e-05
3079.144559864253,1.0002988576889038,3.3677733881631866e-05
3079.164992169368,1.000209093093872,3.3693897421471775e-05
3079.1854245740105,1.000098705291748,3.369449404999614e-05
3079.2058570781955,1.0001235008239746,3.36916018568445e-05
3079.2262893819134,1.0000028610229492,3.370490958332084e-05
3079.2467217846934,0.999991238117218,3.369513797224499e-05
3079.2671542874814,0.9998829960823059,3.3705680834827945e-05
3079.2875865893366,0.9998018145561218,3.368843317730352e-05
3079.3080189907196,0.9999575614929199,3.368384204804897e-05
3079.3284514921106,1.0000755786895752,3.3675747545203194e-05
3079.348883792569,1.00011146068573,3.36581542796921e-05
3079.369316192555,1.000340461730957,3.364802978467196e-05
3079.3897486916176,1.000298261642456,3.3628100936766714e-05
3079.4101810906795,1.000373363494873,3.361980270710774e-05
3079.430613389268,1.0003623962402344,3.360742630320601e-05
3079.4510458869336,1.0004923343658447,3.3592961699469015e-05
3079.4714782845986,1.0005519390106201,3.357460445840843e-05
3079.491910581324,1.0008376836776733,3.356170782353729e-05
3079.512343077593,1.0007723569869995,3.353731153765693e-05
3079.553207768724,1.0003145933151245,3.3693897421471775e-05
3079.5736402635957,1.0002360343933105,3.3690907002892345e-05
3079.5940725575347,1.0000858306884766,3.369199112057686e-05
3079.614505051468,1.00019109249115,3.3704654924804345e-05
3079.634937444942,0.9999802708625793,3.369556725374423e-05
3079.655369737484,1.0000282526016235,3.369999103597365e-05
3079.6758022295544,0.9999323487281799,3.369777186890133e-05
3079.696234621166,0.9999246597290039,3.3697648177621886e-05
3079.7166669123108,0.9999609589576721,3.369859041413292e-05
3079.7370994029843,1.0001417398452759,3.3702141081448644e-05
3079.7575317931987,1.0002342462539673,3.369674595887773e-05
3079.7779640829467,1.000370740890503,3.3679887565085664e-05
3079.7983965717576,1.0003172159194946,3.368957550264895e-05
3079.818828960575,1.0003080368041992,3.367517638253048e-05
3079.839261348461,1.000339388847351,3.366413147887215e-05
3079.8596937358743,1.0001968145370483,3.3662199712125584e-05
3079.8801261232948,1.0002440214157104,3.3654068829491735e-05
3079.900558509784,1.0003200769424438,3.3651816920610145e-05
3079.920990995801,1.0003587007522583,3.3648626413196325e-05
3079.941423280892,1.0002977848052979,3.365425072843209e-05
3079.9618556659843,1.0004888772964478,3.365402153576724e-05
3079.9822881506043,1.0004403591156006,3.3644388167886063e-05
3080.0027204342987,1.0002484321594238,3.363533687661402e-05
3080.023152817994,1.0005252361297607,3.363504583830945e-05
3080.043585300751,1.0003840923309326,3.3627609809627756e-05
3080.0640175830486,1.0004050731658936,3.362951611052267e-05
3080.084449964881,1.0003433227539062,3.363936048117466e-05
3080.1048824462414,1.0003541707992554,3.3633365092100576e-05
3080.125314727142,1.0003888607025146,3.362284041941166e-05
3080.1457471075773,1.0003770589828491,3.361973722348921e-05
3080.1661795875407,1.0004128217697144,3.361862400197424e-05
3080.1866118665785,1.0005505084991455,3.362453207955696e-05
3080.207044245617,1.0003278255462646,3.360507253091782e-05
3080.2274767237177,1.0005966424942017,3.360006303410046e-05
3080.2479091013593,1.0005662441253662,3.360457412782125e-05
3080.2887738557038,1.0005499124526978,3.371209095348604e-05
3080.3092062319483,1.0005203485488892,3.3707518014125526e-05
3080.3296386077272,1.0005677938461304,3.369775367900729e-05
3080.3500709825676,1.0003782510757446,3.3698088373057544e-05
3080.3705032574144,1.0003000497817993,3.369378100614995e-05
3080.39093573179,1.0003044605255127,3.371393177076243e-05
3080.4113681052404,1.0001407861709595,3.3706357498886064e-05
3080.4318003782246,1.0001647472381592,3.3710010029608384e-05
3080.4522328512103,1.000329852104187,3.3714575693011284e-05
3080.4726652232566,1.0001676082611084,3.3718428312567994e-05
3080.493097494844,1.000072956085205,3.3704887755448e-05
3080.5339623366162,1.0004314184188843,3.367529279785231e-05
3080.5543946068065,1.0003077983856201,3.367442332091741e-05
3080.5748270765253,1.0003108978271484,3.365872908034362e-05
3080.5952594453192,1.0003491640090942,3.36685188813135e-05
3080.6156917141125,1.0004301071166992,3.365378870512359e-05
3080.6361241819686,1.0004442930221558,3.36441007675603e-05
3080.6565565493656,1.0004034042358398,3.3625783544266596e-05
3080.6769889167626,1.0014963150024414,3.362957795616239e-05
3080.697421283221,1.0006214380264282,3.3604021155042574e-05
3080.717853649221,1.0005372762680054,3.358688991283998e-05
3080.7382860147554,1.000709056854248,3.358803951414302e-05
3080.7791507439542,1.0005683898925781,3.3703101507853717e-05
3080.7995831080916,1.0003535747528076,3.3713349694153294e-05
3080.820015571757,1.0002202987670898,3.371177444932982e-05
3080.8404478344964,1.0004699230194092,3.37090423272457e-05
3080.860880197237,1.0003167390823364,3.370374543010257e-05
3080.8813126590394,1.0003448724746704,3.3700438507366925e-05
3080.901744920382,1.0003242492675781,3.3703716326272115e-05
3080.92217728126,1.0002899169921875,3.3709220588207245e-05
3080.9426097416654,1.000237226486206,3.371216735104099e-05
3080.963042001611,1.000289797782898,3.371011553099379e-05
3080.983474361092,1.0002217292785645,3.3702479413477704e-05
3081.0039067200996,1.0003454685211182,3.371105049154721e-05
3081.0243390781834,1.0003582239151,3.371338243596256e-05
3081.044771536268,1.0003738403320312,3.3722018997650594e-05
3081.065203793878,1.0001212358474731,3.371151251485571e-05
3081.085636150565,1.0002496242523193,3.3705811802065e-05
3081.1060686067867,1.000288724899292,3.3709631679812446e-05
3081.1265009630006,1.0001788139343262,3.370691410964355e-05
3081.1469332182896,1.0002529621124268,3.372245919308625e-05
3081.1673656731145,1.0001273155212402,3.371173079358414e-05
3081.1877980274658,1.0001188516616821,3.370948616066016e-05
3081.208230281358,1.0001661777496338,3.370848935446702e-05
3081.2286627347858,1.0001845359802246,3.369935802766122e-05
3081.2490950872743,1.0000874996185303,3.370369449839927e-05
3081.2695273397694,1.0000898838043213,3.369761907379143e-05
3081.2899597913347,1.0001477003097534,3.369988189660944e-05
3081.310392142892,1.0002357959747314,3.369879414094612e-05
3081.3308243935244,1.0001579523086548,3.37076089635957e-05
3081.3512568441583,1.0001963376998901,3.369868500158191e-05
3081.371689193853,1.0002115964889526,3.370373451616615e-05
3081.3921214430884,1.0003407001495361,3.370413469383493e-05
3081.4125538918597,1.0002542734146118,3.368396937730722e-05
3081.4329862401573,1.0003315210342407,3.367732642800547e-05
3081.453418487996,1.0002027750015259,3.367819590494037e-05
3081.47385093537,1.0003830194473267,3.367439057910815e-05
3081.4942832822708,1.000321865081787,3.3678887120913714e-05
3081.5147156282474,1.0003055334091187,3.366808596183546e-05
3081.535147974224,1.0002574920654297,3.3663774956949055e-05
3081.555580319262,1.0004349946975708,3.3655458537396044e-05
3081.576012664307,1.0004185438156128,3.364658186910674e-05
3081.5964451084146,1.0004243850708008,3.3650077966740355e-05
3081.616877352062,1.0005360841751099,3.364969961694442e-05
3081.6373096952448,1.0004518032073975,3.3636479201959446e-05
3081.657742138428,1.0003337860107422,3.363528230693191e-05
3081.6781743806714,1.0004651546478271,3.3635304134804755e-05
3081.698606722457,1.0004169940948486,3.361405470059253e-05
3081.719039163305,1.0005654096603394,3.362863208167255e-05
3081.7394714041584,1.0005546808242798,3.3639469620538875e-05
3081.759903844548,1.0005990266799927,3.3596312277950346e-05
3081.78033608447,1.000635027885437,3.3604206691961735e-05
3081.8007684234544,1.0006133317947388,3.358375033712946e-05
3081.821200862447,1.0007188320159912,3.3581378374947235e-05
3081.8416331005064,1.0006670951843262,3.357086097821593e-05
3081.862065438094,1.0008827447891235,3.355546505190432e-05
3081.8824978756893,1.0009329319000244,3.3535292459419e-05
3081.902930112352,1.0009061098098755,3.35306758643128e-05
3081.9233624485423,1.000910997390747,3.352741987328045e-05
3081.943794884275,1.0008279085159302,3.352867133799009e-05
3081.964227219534,1.0009218454360962,3.3503936720080674e-05
3082.00509188867,1.0003516674041748,3.3700689527904615e-05
3082.0255242225394,1.0004476308822632,3.370647391420789e-05
3082.0459564554694,1.0004894733428955,3.3698524930514395e-05
3082.0663888884083,1.0002597570419312,3.3704727684380487e-05
3082.0868212204077,1.0002987384796143,3.372462742845528e-05
3082.1072534524137,1.0001949071884155,3.3710057323332876e-05
3082.12768588349,1.000083088874817,3.372265200596303e-05
3082.1481182145653,1.00018310546875,3.371131242602132e-05
3082.1685504447014,1.0002096891403198,3.3714324672473595e-05
3082.1889828743806,1.00019371509552,3.370734702912159e-05
3082.209415203586,1.0001113414764404,3.371643470018171e-05
3082.2298474323325,1.000272274017334,3.3720978535711765e-05
3082.2502798606147,1.0000855922698975,3.369184196344577e-05
3082.2707121884305,1.0001710653305054,3.3703592634992674e-05
3082.2911444157726,1.0001791715621948,3.369572004885413e-05
3082.311576842658,1.0002869367599487,3.368804755154997e-05
3082.3320091690694,1.0002422332763672,3.36907287419308e-05
3082.352441494557,1.000372290611267,3.368372927070595e-05
3082.3728738200443,1.000307559967041,3.367257886566222e-05
3082.3933061446005,1.0002567768096924,3.366070086485706e-05
3082.4137384691494,1.0003879070281982,3.364564690855332e-05
3082.434170892775,1.000293254852295,3.363905489095487e-05
3082.454603116392,1.0003690719604492,3.3636893931543455e-05
3082.495467761313,1.000418782234192,3.3716423786245286e-05
3082.5159000830754,1.0003117322921753,3.371453931322321e-05
3082.5363325043654,1.00034499168396,3.3728858397807926e-05
3082.5567648251963,1.0003138780593872,3.371126149431802e-05
3082.5771970455535,1.0002593994140625,3.371392085682601e-05
3082.597629465454,1.0002343654632568,3.371521961526014e-05
3082.618061684887,1.0003076791763306,3.37128913088236e-05
3082.638494003848,1.0002177953720093,3.371767161297612e-05
3082.6589264218856,1.0002912282943726,3.3709759009070694e-05
3082.6793586399217,1.0001819133758545,3.3710133720887825e-05
3082.6997909574857,1.000076174736023,3.371577258803882e-05
3082.7202233741264,1.000170350074768,3.371163984411396e-05
3082.7406555907655,1.0001624822616577,3.370819831616245e-05
3082.7610879069325,1.000223994255066,3.371428101672791e-05
3082.781520322176,1.0001202821731567,3.371812999830581e-05
3082.8019526369535,1.000070333480835,3.3715125027811155e-05
3082.822384851257,1.0001856088638306,3.3712058211676776e-05
3082.8428172655695,1.00001859664917,3.37118653988e-05
3082.8632495789498,1.0001311302185059,3.3703890949254856e-05
3082.8836817918564,1.0002521276474,3.3712949516484514e-05
3082.904114204306,1.000557541847229,3.371131970197894e-05
3082.9245465162894,1.0005489587783813,3.3712083677528426e-05
3082.944978727799,1.0004339218139648,3.3717125916155055e-05
3082.965411138386,1.0004169940948486,3.37302299158182e-05
3082.9858434489724,1.0004817247390747,3.371593265910633e-05
3083.06757258618,1.000013828277588,3.370608465047553e-05
3083.0880049939733,0.9998984336853027,3.3697273465804756e-05
3083.1084373017657,1.0000247955322266,3.3705906389513984e-05
3083.1288695086187,1.0000191926956177,3.3710071875248104e-05
3083.149301915015,1.0004099607467651,3.371007915120572e-05
3083.16973422141,1.000026822090149,3.3695210731821135e-05
3083.1901666268677,0.9999590516090393,3.3695872843964025e-05
3083.2105988318654,0.9999769330024719,3.3704327506711707e-05
3083.231031136398,0.9999016523361206,3.3716700272634625e-05
3083.251463440458,0.9999521374702454,3.369342812220566e-05
3083.27189584406,0.9999234676361084,3.3697375329211354e-05
3083.292328047195,0.9999262690544128,3.3708507544361055e-05
3083.312760349858,1.0000510215759277,3.37036581186112e-05
3083.3331926520623,0.9998542070388794,3.3703803637763485e-05
3083.353624953801,0.9999822974205017,3.3709518902469426e-05
3083.3740573550676,1.0001273155212402,3.370460035512224e-05
3083.3944895554087,1.0001357793807983,3.369941987330094e-05
3083.4149218557504,1.0000004768371582,3.370038393768482e-05
3083.43535425562,0.9999670386314392,3.370345802977681e-05
3083.455786454564,0.9999197721481323,3.3695345337037e-05
3083.476218753509,0.9998910427093506,3.3695734600769356e-05
3083.496651151516,0.9999753832817078,3.3689044357743114e-05
3083.5170833495285,0.999973714351654,3.368951365700923e-05
3083.5375156466107,0.9998947978019714,3.369071055203676e-05
3083.5579480436863,0.9998977780342102,3.368952457094565e-05
3083.5783802398364,1.000011682510376,3.3683365472825244e-05
3083.5988125355216,0.9999712705612183,3.368068064446561e-05
3083.6192449307346,1.0000841617584229,3.367629324202426e-05
3083.639677225954,1.0001078844070435,3.368227044120431e-05
3083.6601094202415,1.0001510381698608,3.367049794178456e-05
3083.6805418140575,1.0001722574234009,3.3667689422145486e-05
3083.7009741074144,1.000117301940918,3.367978206370026e-05
3083.721406300305,1.0001314878463745,3.366489181644283e-05
3083.741838692724,1.0001451969146729,3.367346289451234e-05
3083.7622709846837,1.0002306699752808,3.36555385729298e-05
3083.782703176177,1.0002086162567139,3.365121301612817e-05
3083.803135567199,1.00020170211792,3.3650601835688576e-05
3083.8235678572964,1.0001012086868286,3.365015800227411e-05
3083.844000247387,1.0001800060272217,3.363216092111543e-05
3083.864432437018,1.0002785921096802,3.3628686651354656e-05
3083.884864725718,1.0001217126846313,3.3631378755671903e-05
3083.905297114412,1.0002466440200806,3.360992923262529e-05
3083.925729302646,1.0003042221069336,3.361608469276689e-05
3083.946161589949,1.00022292137146,3.3600517781451344e-05
3083.966593977246,1.0002517700195312,3.360271148267202e-05
3083.987026163617,1.0003000497817993,3.359579568495974e-05
3084.007458449989,1.0002774000167847,3.35900804202538e-05
3084.0278907354223,1.000191330909729,3.358841786393896e-05
3084.048323020397,1.000361442565918,3.3574709959793836e-05
3084.068755305372,1.000329852104187,3.357234163559042e-05
3084.089187589416,1.0005090236663818,3.357170135132037e-05
3084.1096198729865,1.0004712343215942,3.3567957871127874e-05
3084.1300521565645,1.0004936456680298,3.356041997903958e-05
3084.150484439204,1.000537633895874,3.357331297593191e-05
3084.170916721385,1.0005691051483154,3.356887464178726e-05
3084.2117813843433,1.0001872777938843,3.3677060855552554e-05
3084.2322135651266,1.0001112222671509,3.3678024919936433e-05
3084.252645845445,1.0001047849655151,3.367635144968517e-05
3084.273078225291,1.000049352645874,3.365925658727065e-05
3084.2935104046774,1.000212550163269,3.36426637659315e-05
3084.3139426835987,1.0001696348190308,3.363985160831362e-05
3084.334375062048,1.0001541376113892,3.364430085639469e-05
3084.354807240037,1.0002586841583252,3.3641696063568816e-05
3084.375239517096,1.0002756118774414,3.3635005820542574e-05
3084.395671894148,1.0001583099365234,3.361987546668388e-05
3084.4161040707404,1.0003193616867065,3.362744610058144e-05
3084.4569687220574,0.9999717473983765,3.37098135787528e-05
3084.4774009972534,0.9998255372047424,3.3717813494149595e-05
3084.497833171983,0.9999635815620422,3.371234197402373e-05
3084.5182655457756,0.9999284744262695,3.371492857695557e-05
3084.5386978195747,0.9998658299446106,3.370774720679037e-05
3084.5591300924425,0.9998311996459961,3.371720958966762e-05
3084.579562365303,1.0000134706497192,3.37128913088236e-05
3084.5999946372394,0.9998313784599304,3.371396451257169e-05
3084.6204270091766,0.9999212622642517,3.371437196619809e-05
3084.6408591801737,0.9999332427978516,3.3706983231240883e-05
3084.661291451179,0.9998573660850525,3.370265039848164e-05
3084.6817238212534,0.999855101108551,3.372240098542534e-05
3084.7021559908535,0.9998745322227478,3.371474667801522e-05
3084.7225882604616,0.9998627305030823,3.371411366970278e-05
3084.7430205291384,0.9998799562454224,3.3708969567669556e-05
3084.7634527973423,0.9999614953994751,3.371228012838401e-05
3084.7838850655535,0.9999259114265442,3.3712498407112435e-05
3084.8043173328333,1.0000929832458496,3.371305865584873e-05
3084.82474959964,1.0000956058502197,3.371366619830951e-05
3084.8451818659887,0.9999737739562988,3.371244383743033e-05
3084.8656141318716,1.0000920295715332,3.372002538526431e-05
3084.8860463972815,0.9999831318855286,3.3717838960001245e-05
3084.9064786626986,1.0001001358032227,3.371536877239123e-05
3084.9269109271845,1.0001285076141357,3.372274659341201e-05
3084.9473431911974,1.0001797676086426,3.3714812161633745e-05
3084.967775454752,1.0001786947250366,3.370502236066386e-05
3084.988207717841,1.0001730918884277,3.371556522324681e-05
3085.008639980457,1.0000970363616943,3.3713360608089715e-05
3085.0290722426143,1.0001884698867798,3.370892954990268e-05
3085.049504604307,1.0001252889633179,3.370716513018124e-05
3085.069936765525,1.0001003742218018,3.3714448363753036e-05
3085.0903690262858,1.00001060962677,3.37088386004325e-05
3085.1108013861085,0.9999887347221375,3.3700714993756264e-05
3085.131233545937,1.0001282691955566,3.3714186429278925e-05
3085.1516658053006,1.0000746250152588,3.371425555087626e-05
3085.1720981641993,1.0000628232955933,3.371978527866304e-05
3085.1925303226235,1.0002461671829224,3.3708744012983516e-05
3085.212962680591,1.0001388788223267,3.37148412654642e-05
3085.2333949380845,1.0002633333206177,3.371013735886663e-05
3085.2538270946534,1.0002052783966064,3.37128403771203e-05
3085.2742594512238,1.000256896018982,3.372619175934233e-05
3085.2946917073277,1.0002927780151367,3.371073034941219e-05
3085.3151239629588,1.000239372253418,3.371360435266979e-05
3085.3355562176657,1.000179648399353,3.371226921444759e-05
3085.3559884723654,1.0001955032348633,3.371394632267766e-05
3085.3764207266067,0.9989485740661621,3.3702926884870976e-05
3085.580743241524,0.9994596838951111,3.370956255821511e-05
3085.60117549017,0.9999711513519287,3.3719265047693625e-05
3085.6216076388228,0.9998979568481445,3.371159255038947e-05
3085.6420399870112,0.9997746348381042,3.3716976759023964e-05
3085.6624722342676,0.9998056888580322,3.37119672622066e-05
3085.682904381516,0.9998093247413635,3.371616912772879e-05
3085.703336727842,0.9998368620872498,3.3716387406457216e-05
3085.7237689741596,0.9997669458389282,3.371862112544477e-05
3085.7442012195534,0.9998317360877991,3.3720276405801997e-05
3085.764633464947,0.9998273253440857,3.3721480576787144e-05
3085.7850657094095,0.9997270703315735,3.3711836294969544e-05
3085.8054980534,0.9998468160629272,3.370812555658631e-05
3085.825930197396,0.9997570514678955,3.371064303792082e-05
3085.846362440454,0.999667227268219,3.3702453947626054e-05
3085.86679478352,0.999647319316864,3.370784907019697e-05
3085.8872270256543,0.9996570944786072,3.3705757232382894e-05
3085.9076591677876,0.9997792840003967,3.371205093571916e-05
3085.928091508984,0.9997718334197998,3.369995829416439e-05
3085.9485237501867,0.9997562766075134,3.369959449628368e-05
3085.96895589045,0.9997276067733765,3.370405829627998e-05
3085.9893882302567,0.9997308850288391,3.369974729139358e-05
3086.0098204700626,0.9997633695602417,3.37070414389018e-05
3086.0302526089363,0.9997860789299011,3.369677142472938e-05
3086.0506849478043,0.9997119307518005,3.369673868292011e-05
3086.0711171857474,0.9998119473457336,3.3689655538182706e-05
3086.0915493236826,0.9996311664581299,3.3688869734760374e-05
3086.111981660695,0.9998466372489929,3.369021214894019e-05
3086.1324138972413,0.9997428059577942,3.369998376001604e-05
3086.1528461337803,0.9997400641441345,3.3690143027342856e-05
3086.173278369395,0.9998368620872498,3.369044134160504e-05
3086.19371060501,0.9997473359107971,3.3684602385619655e-05
3086.2141428396862,0.9997373819351196,3.3674768928904086e-05
3086.234575073904,1.0002793073654175,3.369442856637761e-05
3086.255007308122,0.9997974038124084,3.367610042914748e-05
3086.2754395414013,0.999858558177948,3.3686304959701374e-05
3086.295871774688,0.999845027923584,3.3686643291730434e-05
3086.316304007043,0.9998953342437744,3.368166653672233e-05
3086.3367361393903,0.9998641014099121,3.367994577274658e-05
3086.357168470815,0.9997638463973999,3.36788798449561e-05
3086.377600701773,0.9997918605804443,3.368500620126724e-05
3086.418465162751,1.0002341270446777,3.366296004969627e-05
3086.438897392778,1.0001764297485352,3.3671582059469074e-05
3086.4593295218656,1.000349521636963,3.366359669598751e-05
3086.479761850962,1.0002171993255615,3.3652140700723976e-05
3086.5001940791262,1.0000370740890503,3.3654843718977645e-05
3086.5206264068183,1.000065803527832,3.364404255989939e-05
3086.541058534516,1.0001734495162964,3.365882730577141e-05
3086.5614907612835,1.0000325441360474,3.364402073202655e-05
3086.5819230880443,1.000093698501587,3.363149880897254e-05
3086.6023552138795,1.0001155138015747,3.364239091752097e-05
3086.6227874397155,0.9999886155128479,3.3632804843364283e-05
3086.6432197646136,0.9999063611030579,3.3625896321609616e-05
3086.6636518895175,0.9998770952224731,3.361926064826548e-05
3086.684084113491,0.9998766779899597,3.3627722586970776e-05
3086.7045164374576,0.999934196472168,3.362483766977675e-05
3086.7249486604996,0.9998396635055542,3.36372249876149e-05
3086.745380783541,0.9999143481254578,3.3626147342147306e-05
3086.7658131061107,0.999862015247345,3.362813004059717e-05
3086.7862453277558,1.0000536441802979,3.3623695344431326e-05
3086.8066774494,0.999965250492096,3.360844129929319e-05
3086.827109770107,0.9999321699142456,3.359003676450811e-05
3086.847541990821,0.9998427629470825,3.360306436661631e-05
3086.867974111068,0.9998779892921448,3.35934673785232e-05
3086.8884064303784,1.0000571012496948,3.359941183589399e-05
3086.908838649695,1.0000826120376587,3.359104084665887e-05
3086.9292707685454,0.9999462366104126,3.3581189200049266e-05
3086.9497030864586,1.0000066757202148,3.3595511922612786e-05
3086.9701353043783,1.0001862049102783,3.35817203449551e-05
3086.9905675218324,1.0002347230911255,3.355939406901598e-05
3087.010999738348,1.0000481605529785,3.3563941542524844e-05
3087.0314319548706,1.0001567602157593,3.355661465320736e-05
3087.0518641709277,1.0001543760299683,3.354778527864255e-05
3087.072296386046,1.0002193450927734,3.353696592967026e-05
3087.092728601172,1.000281810760498,3.3550681109772995e-05
3087.1131607158313,1.0003339052200317,3.3524112950544804e-05
3087.154025243748,1.0001862049102783,3.3710748539306223e-05
3087.174457456538,1.0001174211502075,3.370720878592692e-05
3087.1948896693357,1.0001981258392334,3.3710810384945944e-05
3087.2153218816675,1.0002541542053223,3.369958358234726e-05
3087.235754193527,1.0001410245895386,3.369580372236669e-05
3087.256186304927,1.000097393989563,3.369415571796708e-05
3087.2766185158616,1.0002312660217285,3.3693107980070636e-05
3087.2970508263243,1.0002632141113281,3.370134436408989e-05
3087.317482936327,1.0002952814102173,3.3692409488139674e-05
3087.337915145865,1.0001813173294067,3.369549085618928e-05
3087.3583474549305,1.0002084970474243,3.368304896866903e-05
3087.378779563536,1.0003252029418945,3.369406840647571e-05
3087.399211771677,1.0002535581588745,3.3685191738186404e-05
3087.4196440793457,1.0003010034561157,3.36763660016004e-05
3087.4400761865545,1.0002148151397705,3.368772740941495e-05
3087.4605083932984,1.0002555847167969,3.367565659573302e-05
3087.48094069957,1.0001280307769775,3.3670217817416415e-05
3087.5013728058475,0.9999814629554749,3.366162127349526e-05
3087.5218050111944,1.0000925064086914,3.365135125932284e-05
3087.542237316069,0.9999627470970154,3.3665452065179124e-05
3087.5626695204846,0.9998812675476074,3.365600423421711e-05
3087.5831016248994,1.000015377998352,3.3650965633569285e-05
3087.603533928377,0.9999485015869141,3.3645061193965375e-05
3087.6239661313957,0.9998161792755127,3.363765063113533e-05
3087.644398233948,0.9998239278793335,3.364223812241107e-05
3087.6648305364943,0.9997856616973877,3.3633241400821134e-05
3087.685262738116,0.9999282360076904,3.363238647580147e-05
3087.7056948397367,1.0001767873764038,3.36188095388934e-05
3087.7261271404204,0.9998776912689209,3.361748895258643e-05
3087.7465593411107,0.9998770952224731,3.3616317523410544e-05
3087.7669915408696,1.0000947713851929,3.360625123605132e-05
3087.7874237406213,0.9998599886894226,3.360782648087479e-05
3087.807855939449,0.9999255537986755,3.360787741257809e-05
3087.8282881382765,0.9998757839202881,3.3604806958464906e-05
3087.8487203361656,1.0000252723693848,3.3604934287723154e-05
3087.869152434061,1.0000624656677246,3.359573020134121e-05
3087.8895847314925,1.0000816583633423,3.358546018716879e-05
3087.9100169279845,1.0001834630966187,3.357670357218012e-05
3087.930449124484,1.0001850128173828,3.356092929607257e-05
3087.9508813205175,1.000276803970337,3.356437446200289e-05
3087.971313516078,1.0003414154052734,3.355501758051105e-05
3087.9917457111806,1.0003103017807007,3.3553969842614606e-05
3088.0121779053516,1.000313401222229,3.353718057041988e-05
3088.0326100995153,1.0002368688583374,3.3528576750541106e-05
3088.0530422932206,1.0004338026046753,3.3515781979076564e-05
3088.073474586461,1.0004959106445312,3.350060433149338e-05
3088.093906679227,1.0004394054412842,3.3482105209259316e-05
3088.134771163379,0.9997172355651855,3.359703259775415e-05
3088.155203254748,0.9997371435165405,3.3607833756832406e-05
3088.175635446125,0.9998928904533386,3.362799543538131e-05
3088.1960677365714,0.9998383522033691,3.36386619892437e-05
3088.2164998265434,0.9997631907463074,3.364430085639469e-05
3088.236932016058,0.9997735619544983,3.365719749126583e-05
3088.257364305573,0.9998138546943665,3.366732198628597e-05
3088.277796394148,0.9998301267623901,3.367496537975967e-05
3088.2982285822654,0.9998093247413635,3.3672782592475414e-05
3088.3186608703836,0.9997925162315369,3.367871977388859e-05
3088.3390929575617,0.9995341897010803,3.367769386386499e-05
3088.4003896172508,0.9997607469558716,3.3714448363753036e-05
3088.420821802574,0.99979567527771,3.3716514735715464e-05
3088.4412539878977,1.0001556873321533,3.372085120645352e-05
3088.461686172748,1.0000481605529785,3.3708933187881485e-05
3088.4821183566746,1.0000094175338745,3.370901322341524e-05
3088.502550540601,1.0000579357147217,3.37071978719905e-05
3088.5229827240546,1.00014066696167,3.370058402651921e-05
3088.5434149070497,1.0000965595245361,3.3714561141096056e-05
3088.563847089579,1.0000803470611572,3.371064303792082e-05
3088.584279171635,1.0001373291015625,3.370413469383493e-05
3088.604711453234,1.0000630617141724,3.370443300809711e-05
3088.6251436343664,1.0001413822174072,3.3700838685035706e-05
3088.645575715025,1.0001940727233887,3.3702115615596995e-05
3088.666007995227,1.0001541376113892,3.369557816768065e-05
3088.6864401749626,1.0003154277801514,3.369707701494917e-05
3088.7068722542244,1.000125527381897,3.368440593476407e-05
3088.7273045330294,1.000085711479187,3.368894977029413e-05
3088.7477367118336,1.0002602338790894,3.367676617926918e-05
3088.768168889699,1.0000611543655396,3.367186582181603e-05
3088.7886010671064,1.0000053644180298,3.3672295103315264e-05
3088.8090332445136,0.9999728202819824,3.36800585500896e-05
3088.829465420982,1.0000346899032593,3.3670905395410955e-05
3088.849897597458,0.9999901652336121,3.3663589420029894e-05
3088.8703297730026,0.9998676776885986,3.365525117260404e-05
3088.89076194854,0.9999173283576965,3.364937947480939e-05
3088.9111942236195,0.9996826648712158,3.363834912306629e-05
3088.9316262977663,0.9997348189353943,3.3640859328443184e-05
3088.9520584719066,0.9996817708015442,3.363181895110756e-05
3088.9724907455893,0.9995099306106567,3.362288043717854e-05
3088.992922818805,0.9996933937072754,3.362361530889757e-05
3089.013355091549,0.9998356699943542,3.36182456521783e-05
3089.033787263834,0.9996864795684814,3.361493509146385e-05
3089.0542193356523,0.9998036623001099,3.3626172807998955e-05
3089.0746516069994,0.9998111724853516,3.3615717256907374e-05
3089.115515848309,0.9997977614402771,3.3719454222591594e-05
3089.135948118259,0.9999627470970154,3.3708471164572984e-05
3089.1563802882156,0.9999985098838806,3.370912600075826e-05
3089.17681235724,1.0000826120376587,3.371818093000911e-05
3089.1972446257932,0.9999943375587463,3.3709620765876025e-05
3089.217676794353,1.0000102519989014,3.3712072763592005e-05
3089.238108961974,1.0000996589660645,3.370843478478491e-05
3089.2585411296022,1.0000420808792114,3.371246930328198e-05
3089.2789732962992,1.0001270771026611,3.370686317794025e-05
3089.299405462989,1.000062108039856,3.369851765455678e-05
3089.3198376292203,1.000059962272644,3.370618651388213e-05
3089.340269794986,1.0003044605255127,3.368733450770378e-05
3089.3607018598123,1.0000905990600586,3.367470344528556e-05
3089.3811341246474,1.000083088874817,3.3687680115690455e-05
3089.401566289016,1.0001426935195923,3.367583849467337e-05
3089.4219983529183,0.9999758005142212,3.366342934896238e-05
3089.442430616349,0.9999053478240967,3.3664899092400447e-05
3089.462862779321,0.9998825192451477,3.365415977896191e-05
3089.4832948422845,1.00005304813385,3.36509219778236e-05
3089.5037271043257,0.9997788667678833,3.3655393053777516e-05
3089.5241592659004,0.9996773600578308,3.3645035728113726e-05
3089.5445913274743,0.9996234774589539,3.362485585967079e-05
3089.565023588111,0.9995596408843994,3.361591006978415e-05
3089.585455748289,0.9997272491455078,3.363279392942786e-05
3089.6058879084594,0.9996784925460815,3.360456685186364e-05
3089.6263200681715,0.9997532367706299,3.35843360517174e-05
3089.6467522269522,0.9998310804367065,3.358540197950788e-05
3089.6671844857265,0.9998847842216492,3.359318361617625e-05
3089.687616544041,0.9999123811721802,3.358373942319304e-05
3089.70804870189,1.0001524686813354,3.3574648114154115e-05
3089.7284809592675,1.000090479850769,3.35481199726928e-05
3089.7489131161856,1.000152826309204,3.3548643841641024e-05
3089.7693451726373,1.000180959701538,3.3526863262522966e-05
3089.7897774286175,1.0003042221069336,3.348970494698733e-05
3089.8102095841386,1.0003037452697754,3.3464370062574744e-05
3089.8510738942423,0.9995497465133667,3.371556522324681e-05
3089.8715060483664,0.999512255191803,3.3722506486810744e-05
3089.891938102024,0.9995837807655334,3.3717926271492615e-05
3089.912370355676,0.9997231364250183,3.372411447344348e-05
3089.932802508869,0.9997246861457825,3.3708194678183645e-05
3089.9532345611296,0.9998310804367065,3.370631020516157e-05
3089.9736668133846,0.9999287724494934,3.3715987228788435e-05
3089.9940989651805,1.0000418424606323,3.371587808942422e-05
3090.01453101651,0.9998473525047302,3.370204649399966e-05
3090.034963266902,0.999984622001648,3.3711497962940484e-05
3090.055395417301,1.000133991241455,3.37156088789925e-05
3090.075827467699,0.9998829960823059,3.370661215740256e-05
3090.09625971716,1.0000323057174683,3.368860780028626e-05
3090.116691866162,0.99998539686203,3.368631223565899e-05
3090.1371239146974,0.9999505877494812,3.367206227267161e-05
3090.1575561627615,0.9999807476997375,3.3681888453429565e-05
3090.177988310832,0.9998552799224854,3.366464443388395e-05
3090.1984203579705,0.9997162222862244,3.365406155353412e-05
3090.218852605103,0.9997979998588562,3.365305019542575e-05
3090.2392847517767,0.999614417552948,3.363780342624523e-05
3090.259716797518,0.9995190501213074,3.363283030921593e-05
3090.280149043254,0.9998225569725037,3.3614640415180475e-05
3090.3005811885305,0.999623715877533,3.3620031899772584e-05
3090.361877621559,0.9997965097427368,3.371467755641788e-05
3090.3823098649736,0.999805212020874,3.3724067179718986e-05
3090.402741907914,0.9998818635940552,3.3710595744196326e-05
3090.423174050862,0.9999345541000366,3.370229751453735e-05
3090.4436062928726,0.999895453453064,3.370030754012987e-05
3090.4640383348888,1.0000323057174683,3.371470302226953e-05
3090.4844704759744,0.999958872795105,3.371315688127652e-05
3090.5049027170608,0.9999653100967407,3.369917249074206e-05
3090.525334757207,1.000227928161621,3.3704716770444065e-05
3090.5457668973613,1.0002391338348389,3.369551632204093e-05
3090.5661991370434,1.0000288486480713,3.3685140806483105e-05
3090.5866312762664,1.0000574588775635,3.368207035236992e-05
3090.607063315023,0.9999721646308899,3.3677297324175015e-05
3090.6274955533154,0.9999222159385681,3.3659736800473183e-05
3090.647927691134,0.9996961355209351,3.3665251976344734e-05
3090.6683597289593,0.9996957182884216,3.3657946914900094e-05
3090.6887919658475,0.999745786190033,3.364733493071981e-05
3090.7092241022765,0.9995262026786804,3.363535870448686e-05
3090.7296561387047,0.999498724937439,3.362982170074247e-05
3090.750088374203,0.9996362924575806,3.363493669894524e-05
3090.7705205096936,0.9995749592781067,3.361934795975685e-05
3090.790952544725,0.9997051358222961,3.360602931934409e-05
3090.8318168133846,0.9995015263557434,3.3703890949254856e-05
3090.8522489470197,0.9996920228004456,3.373786239535548e-05
3090.87268118019,0.9996550679206848,3.372382343513891e-05
3090.8931132128855,0.999638020992279,3.372089850017801e-05
3090.9135453451236,0.9998535513877869,3.371179263922386e-05
3090.933977577355,0.9998137354850769,3.3710985007928684e-05
3090.954409708662,0.9999262690544128,3.3713462471496314e-05
3090.9748418399686,0.9998663663864136,3.3710010029608384e-05
3090.995273970344,0.9999784827232361,3.370911508682184e-05
3091.015706100712,0.9999123215675354,3.3704040106385946e-05
3091.036138230622,1.000084400177002,3.370499689481221e-05
3091.056570359593,1.0001497268676758,3.370568447280675e-05
3091.0770024885715,1.0001200437545776,3.3700802305247635e-05
3091.0974347175506,1.0001846551895142,3.369819023646414e-05
3091.117866745597,1.0000834465026855,3.368438410689123e-05
3091.138298873171,1.0000845193862915,3.369168553035706e-05
3091.1587311002877,1.000115990638733,3.36845732817892e-05
3091.1791631273954,0.999952495098114,3.366444070707075e-05
3091.19959525358,0.9999118447303772,3.367065073689446e-05
3091.220027479765,0.999863862991333,3.364616713952273e-05
3091.2404595050175,0.9996239542961121,3.3642536436673254e-05
3091.2608916302634,0.9995682239532471,3.364687290741131e-05
3091.2813238550516,0.9996413588523865,3.364844815223478e-05
3091.3017558793654,0.9997062683105469,3.36325065291021e-05
3091.3221880032215,0.9996950030326843,3.3631600672379136e-05
3091.342620226613,0.9995099306106567,3.361938797752373e-05
3091.3630522499952,0.9997047185897827,3.3619191526668146e-05
3091.3834843724544,0.9996987581253052,3.360447590239346e-05
3091.4039165944487,0.9997642636299133,3.359860056662001e-05
3091.424348716435,0.9999097585678101,3.359279071446508e-05
3091.4447807374963,0.9999619126319885,3.358884350745939e-05
3091.4652129585593,1.0000156164169312,3.356955494382419e-05
3091.4856450791485,1.0001312494277954,3.356219167471863e-05
3091.5060770992786,1.0001417398452759,3.353244028403424e-05
3091.5265093189446,1.0001577138900757,3.350470797158778e-05
3091.56737345687,0.9998950958251953,3.3709256967995316e-05
3091.587805675139,0.9997900724411011,3.3724307286320254e-05
3091.608237693399,1.000120997428894,3.3709482522681355e-05
3091.628669910737,1.0000768899917603,3.371409547980875e-05
3091.6491020280737,1.0001078844070435,3.371612910996191e-05
3091.669534044937,1.0000593662261963,3.370294871274382e-05
3091.6899662608776,1.0001338720321655,3.3704742236295715e-05
3091.7103983768175,1.0000698566436768,3.3710308343870565e-05
3091.7308303922837,1.0001734495162964,3.370867852936499e-05
3091.7512626077587,1.0001674890518188,3.3699689083732665e-05
3091.7921268363716,0.999954342842102,3.3667627576505765e-05
3091.812558949983,0.9999161958694458,3.36626180796884e-05
3091.832991063595,0.9999037981033325,3.365514930919744e-05
3091.8534231767335,0.9998061060905457,3.3642860216787085e-05
3091.873855288948,0.9998593330383301,3.36500488629099e-05
3091.8942874011627,0.9996429085731506,3.3636864827713e-05
3091.9147195129044,0.9996697902679443,3.36280427291058e-05
3091.9351517241885,0.9996488690376282,3.362541610840708e-05
3091.9555837350053,0.9996845722198486,3.361734707141295e-05
3091.97601584535,0.9998326301574707,3.3618805900914595e-05
3091.996448055703,0.9998229742050171,3.361097697052173e-05
3092.0168800651227,1.00003981590271,3.3585944038350135e-05
3092.057744383492,0.9998329281806946,3.362857023603283e-05
3092.0781763915147,0.9997135996818542,3.364412987139076e-05
3092.098608499531,0.999673068523407,3.36450211761985e-05
3092.11904070709,0.9996678829193115,3.36533339577727e-05
3092.1394727141815,0.9996272921562195,3.366291639395058e-05
3092.159904820801,0.9995890259742737,3.36749799316749e-05
3092.1803370274283,0.9995443224906921,3.3693395380396396e-05
3092.200769033123,0.9993698000907898,3.369021214894019e-05
3092.221201238812,0.9995155334472656,3.3701551728881896e-05
3092.241633243575,0.9993816614151001,3.3710846764734015e-05
3092.2620654483326,0.9994851350784302,3.371522689121775e-05
3092.32336165983,0.9996675848960876,3.3724307286320254e-05
3092.343793862725,0.9998236298561096,3.3712349249981344e-05
3092.3642259656262,0.9999642968177795,3.370489866938442e-05
3092.3846579675956,0.9999943971633911,3.372321225469932e-05
3092.405090169559,1.000026822090149,3.371522689121775e-05
3092.425522270598,0.9998966455459595,3.3708292903611436e-05
3092.445954271636,1.0000096559524536,3.3712221920723096e-05
3092.4663864722024,1.0001673698425293,3.3713360608089715e-05
3092.48681857231,1.0001399517059326,3.371126877027564e-05
3092.507250571951,1.0000323057174683,3.3701566280797124e-05
3092.5276827711205,1.0001094341278076,3.369884507264942e-05
3092.5481148702966,1.0001471042633057,3.368890975252725e-05
3092.5685468685406,1.000206708908081,3.369960904819891e-05
3092.588979066779,1.0000033378601074,3.3677548344712704e-05
3092.6094111640923,0.9998763203620911,3.36666707880795e-05
3092.6298432613985,0.999724805355072,3.3664276998024434e-05
3092.6502753582463,0.9997833371162415,3.36617449647747e-05
3092.6707074546284,0.9997925162315369,3.364631993463263e-05
3092.691139550545,0.9997115731239319,3.365040538483299e-05
3092.711571646454,0.9995843768119812,3.363773430464789e-05
3092.7320037414393,0.999703586101532,3.364863368915394e-05
3092.752435836417,0.9996848702430725,3.363455107319169e-05
3092.793300024525,0.9992802739143372,3.370013291714713e-05
3092.8137322181065,0.9995918869972229,3.371938510099426e-05
3092.834164311229,0.9995360374450684,3.371600905666128e-05
3092.854596303885,0.9995520710945129,3.3727796107996255e-05
3092.8750284960697,0.9995386600494385,3.3722379157552496e-05
3092.895460588261,0.9996708035469055,3.3721080399118364e-05
3092.91589257952,0.9998034238815308,3.371370621607639e-05
3092.9363247707734,0.9998496770858765,3.371644197613932e-05
3092.9567568615676,0.9999385476112366,3.372038554516621e-05
3092.9771888518953,1.0001013278961182,3.371635466464795e-05
3092.9976210417517,0.9999092221260071,3.3710872230585665e-05
3093.018053131149,0.9999508261680603,3.37144811055623e-05
3093.0384851200797,1.0000358819961548,3.370484773768112e-05
3093.058917308539,1.0001462697982788,3.37117126036901e-05
3093.0793492970042,1.000030517578125,3.369256228324957e-05
3093.0997813850045,1.0000100135803223,3.3673921279842034e-05
3093.120213572067,0.9998140931129456,3.366696910234168e-05
3093.140645559135,0.9996815919876099,3.365863085491583e-05
3093.1610776457383,0.9995977282524109,3.366067539900541e-05
3093.1815098318693,0.9996232390403748,3.36608754878398e-05
3093.201941918007,0.9997149109840393,3.3640746551100165e-05
3093.2223739032124,0.9997228384017944,3.3643511414993554e-05
3093.242806088412,0.9998287558555603,3.362499046488665e-05
3093.2836701569613,0.9994365572929382,3.370538979652338e-05
3093.304102340764,0.9994567036628723,3.37120181939099e-05
3093.3245344241077,0.9994029402732849,3.371671846252866e-05
3093.344966406985,0.9995772838592529,3.372411447344348e-05
3093.3653985898563,0.9997311234474182,3.372134960955009e-05
3093.385830671803,0.999870240688324,3.3718726626830176e-05
3093.406262653749,0.9998717904090881,3.372799255885184e-05
3093.4266948347577,0.9999172687530518,3.372617356944829e-05
3093.447126915773,1.000123143196106,3.3716300094965845e-05
3093.4675590963234,1.0002609491348267,3.372537685208954e-05
3093.4879910763993,1.0001842975616455,3.371860657352954e-05
3093.5084231564833,1.0001623630523682,3.371273123775609e-05
3093.5288553356368,1.0000892877578735,3.368991383467801e-05
3093.5492873143157,1.0000423192977905,3.368224133737385e-05
3093.5697193930027,0.9999292492866516,3.3671920391498134e-05
3093.590151571225,0.9998692274093628,3.366175587871112e-05
3093.6105836489733,0.9996731281280518,3.365794327692129e-05
3093.6310156262625,0.9995459914207458,3.366526652825996e-05
3093.6514478030876,0.9998162984848022,3.3643398637650535e-05
3093.671879879439,0.9998627305030823,3.362879215274006e-05
3093.692311855797,0.9998188018798828,3.361554627190344e-05
3093.712744031225,0.9999353885650635,3.361140625202097e-05
3093.7331761066453,1.0001311302185059,3.361068957019597e-05
3093.774040256103,0.9993535876274109,3.371421917108819e-05
3093.794472330126,0.9995909929275513,3.371026105014607e-05
3093.814904304156,0.9996649026870728,3.3716070902301e-05
3093.8353364772483,0.9996170997619629,3.372152059455402e-05
3093.8557684503467,0.9996345639228821,3.372169885551557e-05
3093.8762005225144,0.9997928738594055,3.372393621248193e-05
3093.896632694683,1.0000563859939575,3.372090941411443e-05
3093.917064666377,1.0000157356262207,3.3720076316967607e-05
3093.937496738079,1.0001462697982788,3.3723306842148304e-05
3093.9579289088433,1.0002585649490356,3.371866114321165e-05
3093.9783608791477,1.0003514289855957,3.3709107810864225e-05
3093.9987929494528,1.00027334690094,3.3688669645925984e-05
3094.019225119293,0.9999368190765381,3.3677973988233134e-05
3094.039657188194,0.9997389316558838,3.36596931447275e-05
3094.0600892575676,0.9996566772460938,3.366048258612864e-05
3094.080521326003,0.9995378851890564,3.36449193127919e-05
3094.1009533939796,0.9996894598007202,3.364256917848252e-05
3094.1213854614907,0.9996776580810547,3.3619482564972714e-05
3094.141817529002,0.9999513626098633,3.362043935339898e-05
3094.16224959604,1.00013267993927,3.360192204127088e-05
3094.1826817626206,1.0002206563949585,3.354829823365435e-05
3094.2031137287267,1.0002409219741821,3.349696999066509e-05
3094.2235457943752,1.0002939701080322,3.3452473871875554e-05
3094.284841989451,0.9995539784431458,3.3722230000421405e-05
3094.3052741532374,0.9996967911720276,3.372507853782736e-05
3094.325706117015,0.9998323917388916,3.371623097336851e-05
3094.3461381803354,0.9999657869338989,3.371405546204187e-05
3094.3665703436563,0.9999690651893616,3.372779974597506e-05
3094.3870023060445,1.0000885725021362,3.37144811055623e-05
3094.407434368426,1.0000993013381958,3.371491766301915e-05
3094.4278665298843,1.0001198053359985,3.3718151826178655e-05
3094.4482985913346,1.0001966953277588,3.3705942769302055e-05
3094.4687305523257,1.0001965761184692,3.369497790117748e-05
3094.489162612852,1.0001412630081177,3.369580372236669e-05
3094.5095947733716,1.0001283884048462,3.368300895090215e-05
3094.530026732966,0.9999593496322632,3.3674332371447235e-05
3094.5504588925614,0.9998961091041565,3.367442332091741e-05
3094.570890851217,0.9997922778129578,3.3669602998998016e-05
3094.5913229098805,0.9997033476829529,3.364643998793326e-05
3094.611755068079,0.9997314214706421,3.365932934684679e-05
3094.6321870262764,0.9998226165771484,3.36434313794598e-05
3094.6526191835364,0.9999437928199768,3.3644388167886063e-05
3094.673051240803,0.9997904300689697,3.3617270673858e-05
3094.6934831971303,0.9998786449432373,3.3623622584855184e-05
3094.7139153534663,1.0000275373458862,3.3606771467020735e-05
3094.754779364739,0.9996524453163147,3.3714910387061536e-05
3094.7752115201365,0.9996194243431091,3.372004721313715e-05
3094.795643574609,0.9998317360877991,3.372074934304692e-05
3094.8160755290737,0.9998226165771484,3.372880382812582e-05
3094.8365076830814,0.9998499155044556,3.371909406268969e-05
3094.8569397366227,1.0001777410507202,3.371598359080963e-05
3094.877371789691,1.0002567768096924,3.371981074451469e-05
3094.897803842301,1.0001455545425415,3.3717387850629166e-05
3094.918235894911,1.0001317262649536,3.3708332921378314e-05
3094.9386679465824,1.0002363920211792,3.3697699109325185e-05
3094.959099998261,1.0001373291015625,3.368739999132231e-05
3094.979532049474,1.0000793933868408,3.368451871210709e-05
3094.999964100214,1.000018835067749,3.3686392271192744e-05
3095.020396250962,0.9998136162757874,3.3677286410238594e-05
3095.0408282007775,0.9997718334197998,3.367019962752238e-05
3095.061260250586,0.9997766613960266,3.366275632288307e-05
3095.0816923994716,0.9997081756591797,3.364637814229354e-05
3095.1021243483556,0.999672532081604,3.36432785843499e-05
3095.1225563967673,0.9997280240058899,3.3641357731539756e-05
3095.142988545187,0.9998239278793335,3.3615102438488975e-05
3095.163420492674,1.0001835823059082,3.361001654411666e-05
3095.1838525401545,1.0001097917556763,3.3591459214221686e-05
3095.204284586711,1.000274896621704,3.356224624440074e-05
3095.2451486798163,0.9999838471412659,3.372305218363181e-05
3095.2655807254414,1.0000170469284058,3.3724532841006294e-05
3095.286012770601,1.0002455711364746,3.371187995071523e-05
3095.3064449157537,1.0002467632293701,3.370811100467108e-05
3095.3268768604466,1.0000813007354736,3.368803299963474e-05
3095.3473089046747,0.9999682903289795,3.367406316101551e-05
3095.3677410484306,0.999749481678009,3.3655469451332465e-05
3095.3881730917274,0.9996735453605652,3.3660398912616074e-05
3095.4086050345577,0.999976634979248,3.36477933160495e-05
3095.4290371773823,0.9998545050621033,3.364225631230511e-05
3095.4494692197477,0.9998963475227356,3.3639182220213115e-05
3095.4903333030743,0.9994316697120667,3.371259299456142e-05
3095.5107653440427,0.9994959831237793,3.371354614500888e-05
3095.5311972850104,0.9996334314346313,3.3716401958372444e-05
3095.551629425041,0.9997920989990234,3.3719690691214055e-05
3095.572061465078,0.9997901916503906,3.371531784068793e-05
3095.592493404649,0.999951183795929,3.372097125975415e-05
3095.612925544214,1.0000237226486206,3.372034552739933e-05
3095.633357582854,1.000114917755127,3.371180719113909e-05
3095.6537895210276,1.0001214742660522,3.371554339537397e-05
3095.6742216591956,1.0001503229141235,3.370133708813228e-05
3095.6946536969044,1.0001938343048096,3.3687669201754034e-05
3095.7150857341476,1.0000410079956055,3.368355828570202e-05
3095.735517770918,0.9998048543930054,3.367427780176513e-05
3095.7559498076953,0.9997137188911438,3.366560849826783e-05
3095.7763818435415,0.9998814463615417,3.3658398024272174e-05
3095.7968138793804,0.9997386932373047,3.366822420503013e-05
3095.817245914761,0.999860942363739,3.3643635106272995e-05
3095.8376780496765,0.9997822642326355,3.3617190638324246e-05
3095.858110084584,0.9998943209648132,3.360915070516057e-05
3095.878542018567,1.000261902809143,3.360416667419486e-05
3095.898974152544,1.0002738237380981,3.3570810046512634e-05
3095.9194061860617,1.0007046461105347,3.3524338505230844e-05
3095.939838119113,1.000367283821106,3.344976357766427e-05
3095.9807021838133,0.9998182654380798,3.363988798810169e-05
3096.001134215934,0.9999364614486694,3.361397466505878e-05
3096.021566347583,1.0001499652862549,3.3594486012589186e-05
3096.0419982787716,1.000296950340271,3.356224624440074e-05
3096.0624303094955,1.0002139806747437,3.3502310543553904e-05
3096.0828624397473,1.000370979309082,3.3434436772949994e-05
3096.1032943700047,1.000329613685608,3.336784720886499e-05
3096.1237263993316,1.0004932880401611,3.3254917070735246e-05
3096.144158528652,1.000437617301941,3.312221815576777e-05
3096.1645904575125,1.0004496574401855,3.29334034177009e-05
3096.185022485908,1.000531792640686,3.272616959293373e-05
3096.2258866417615,0.9994457960128784,3.372177161509171e-05
3096.246318569225,0.9997242093086243,3.371715501998551e-05
3096.266750696217,0.9996930360794067,3.371452112332918e-05
3096.28718272275,0.999728262424469,3.3719941711751744e-05
3096.307614649282,1.0000053644180298,3.373617437318899e-05
3096.3280467748773,0.9999293684959412,3.3719054044922814e-05
3096.348478800479,1.000038981437683,3.371769344084896e-05
3096.368910725614,1.0002293586730957,3.3719279599608853e-05
3096.389342850278,1.000333547592163,3.372048740857281e-05
3096.4097748744825,1.000232458114624,3.370583362993784e-05
3096.430206998688,0.999967634677887,3.370512058609165e-05
3096.450638922419,1.0000545978546143,3.3700351195875555e-05
3096.471070945692,0.9998989105224609,3.368255784153007e-05
3096.4915030685006,0.9998024106025696,3.367384124430828e-05
3096.5119349908346,0.9997507333755493,3.3667965908534825e-05
3096.532367012711,0.9997382760047913,3.3666114177322015e-05
3096.552799134588,0.9996956586837769,3.366160308360122e-05
3096.5732310559906,0.9996356964111328,3.364372969372198e-05
3096.5936630769356,0.9997604489326477,3.3647836971795186e-05
3096.6140951974157,0.9997493028640747,3.362861752975732e-05
3096.634527117887,0.9999404549598694,3.363896030350588e-05
3096.654959137435,1.0000337362289429,3.3611326216487214e-05
3096.675391256984,1.0001178979873657,3.358729736646637e-05
3096.716255194675,0.9998639822006226,3.371872298885137e-05
3096.7366873132924,1.0000330209732056,3.373031722730957e-05
3096.7571193309705,1.0002305507659912,3.371465209056623e-05
3096.777551248655,1.0001522302627563,3.372077117091976e-05
3096.7979833658756,1.000205159187317,3.3712934964569286e-05
3096.8184152826216,1.00010085105896,3.372276114532724e-05
3096.8388472993756,1.0001062154769897,3.3708620321704075e-05
3096.859279415199,1.000180721282959,3.37094024871476e-05
3096.879711331014,1.0001986026763916,3.3700252970447764e-05
3096.900143346371,1.0001236200332642,3.369298065081239e-05
3096.920575461263,0.9999773502349854,3.3684453228488564e-05
3096.9410073761464,0.999772846698761,3.366358214407228e-05
3096.9614393901065,0.9997105002403259,3.365807424415834e-05
3096.9818715040674,0.9996601343154907,3.3658594475127757e-05
3097.002303417554,0.9994038939476013,3.365114753250964e-05
3097.2066237319887,0.998837947845459,3.369790647411719e-05
3097.227055641757,1.0001943111419678,3.371049388078973e-05
3097.2474876505876,1.000104546546936,3.3715386962285265e-05
3097.267919759426,1.000104546546936,3.369934347574599e-05
3097.2883516677975,1.0001211166381836,3.368986290297471e-05
3097.3087836756968,0.9998902678489685,3.367598765180446e-05
3097.3292157831384,0.9998071789741516,3.366479722899385e-05
3097.3496476905784,0.9997771382331848,3.365884185768664e-05
3097.3700796970807,0.9995599985122681,3.3672920835670084e-05
3097.390511803591,0.9997046589851379,3.3654119761195034e-05
3097.410943709634,0.9996074438095093,3.3641659683780745e-05
3097.451807720783,0.9993199706077576,3.3684016671031713e-05
3097.4722397258956,0.999422013759613,3.3696109312586486e-05
3097.492671730535,0.9994540214538574,3.370638296473771e-05
3097.5131037347164,0.9995154142379761,3.3713473385432735e-05
3097.533535738432,0.999448835849762,3.371086131664924e-05
3097.553967842141,0.9996362924575806,3.372451101313345e-05
3097.574399845391,0.9997167587280273,3.371990896994248e-05
3097.5948317481743,0.9997509717941284,3.3724856621120125e-05
3097.6152638504864,0.9998784065246582,3.37186866090633e-05
3097.635695852805,0.9999455213546753,3.3716976759023964e-05
3097.6561277541914,1.000092625617981,3.3728585549397394e-05
3097.676559855572,1.0000653266906738,3.37279234372545e-05
3097.6969918564937,1.0002405643463135,3.371465209056623e-05
3097.7174237574145,1.0000784397125244,3.3712771255522966e-05
3097.7378558573982,1.0000817775726318,3.371608181623742e-05
3097.7582878573885,1.0001039505004883,3.370208651176654e-05
3097.7787197569123,1.0002615451812744,3.370388367329724e-05
3097.7991518559647,1.000067114830017,3.3689982956275344e-05
3097.819583854558,0.9998323321342468,3.367765748407692e-05
3097.8400157531505,0.9995059967041016,3.366999590070918e-05
3097.8604478512716,0.9997203350067139,3.366813325555995e-05
3097.8808798489335,0.9996077418327332,3.3657885069260374e-05
3097.90131184613,1.0000029802322388,3.365137672517449e-05
3097.9421758400495,0.9996228814125061,3.37150449922774e-05
3097.9626078358415,0.9996216297149658,3.372419814695604e-05
3097.9830398321064,0.9999399185180664,3.372588616912253e-05
3098.00347182744,0.9999966621398926,3.372476567164995e-05
3098.0239038227664,1.000035047531128,3.372226274223067e-05
3098.0443359171695,1.0000395774841309,3.371675848029554e-05
3098.0647678120367,1.000160574913025,3.371820639586076e-05
3098.105631899438,1.0002180337905884,3.370301055838354e-05
3098.126063792908,1.000109076499939,3.3694635931169614e-05
3098.146495885907,0.9998317360877991,3.367905082996003e-05
3098.2077918625873,0.9995225071907043,3.3723317756084725e-05
3098.228223754195,0.9997319579124451,3.3729433198459446e-05
3098.2486557453376,0.9997264742851257,3.372149876668118e-05
3098.269087836008,0.9999908208847046,3.372422361280769e-05
3098.2895197266844,0.9998939037322998,3.372853097971529e-05
3098.3099517168957,1.0000604391098022,3.372078572283499e-05
3098.330383806635,1.000051498413086,3.3718726626830176e-05
3098.350815695914,1.000115990638733,3.3721353247528896e-05
3098.3712476847286,1.0001813173294067,3.3716700272634625e-05
3098.3916797735365,1.0002402067184448,3.37042729370296e-05
3098.412111761885,1.0002225637435913,3.369607657077722e-05
3098.4325436497675,1.0000203847885132,3.3692809665808454e-05
3098.4529757371783,0.9997069835662842,3.367477984284051e-05
3098.4734077245957,0.9997467994689941,3.366429518791847e-05
3098.4938396115467,0.9995596408843994,3.366105374880135e-05
3098.5142716980263,0.9995494484901428,3.365406519151293e-05
3098.5347036840467,0.9997992515563965,3.364610529388301e-05
3098.5551355700663,0.999830961227417,3.36435332428664e-05
3098.575567655149,0.9998917579650879,3.365914380992763e-05
3098.595999640238,1.0002671480178833,3.362181087140925e-05
3098.616431725328,1.000160813331604,3.360850314493291e-05
3098.6368636094776,1.000271201133728,3.3575212000869215e-05
3098.677727677321,1.0000500679016113,3.372539140400477e-05
3098.6981595605466,1.0001823902130127,3.373069557710551e-05
3098.7185915433074,1.0002338886260986,3.370836566318758e-05
3098.739023626069,1.000206470489502,3.371115235495381e-05
3098.759455508356,1.000052809715271,3.369939076947048e-05
3098.7798874901855,0.9999727606773376,3.367842873558402e-05
3098.800319571543,0.999729335308075,3.367304816492833e-05
3098.820751452906,0.9997270703315735,3.366086457390338e-05
3098.8411834333383,0.9996789693832397,3.366310920682736e-05
3098.861615514237,0.9999571442604065,3.36578486894723e-05
3098.8820474941967,1.0000383853912354,3.363608630024828e-05
3098.922911453192,0.999912440776825,3.3716627513058484e-05
3098.9433433322265,1.0000122785568237,3.373653089511208e-05
3098.9637753107963,1.0001273155212402,3.3726781111909077e-05
3098.984207389367,1.0001633167266846,3.3726180845405906e-05
3099.004639267463,1.0002868175506592,3.3721680665621534e-05
3099.0250712451016,1.000180721282959,3.371595448697917e-05
3099.045503322268,1.0001654624938965,3.370720150996931e-05
3099.0659351989743,1.0001782178878784,3.3706735848682e-05
3099.0863671756815,1.000059962272644,3.367897807038389e-05
3099.106799251924,0.9999971985816956,3.3682277717161924e-05
3099.1272311276916,0.9999502301216125,3.367051249369979e-05
3099.1476631034675,0.9997584223747253,3.3670428820187226e-05
3099.1680951783055,0.9997172951698303,3.3660722692729905e-05
3099.1885270531493,0.9997389316558838,3.367227691342123e-05
3099.208959127529,0.999833881855011,3.3655454899417236e-05
3099.229391101908,0.9998341202735901,3.363980431458913e-05
3099.249823075348,0.9999781847000122,3.363741052453406e-05
3099.2702550487957,0.9998724460601807,3.3615291613386944e-05
3099.2906870217703,1.0003209114074707,3.360536356922239e-05
3099.311118994752,1.0002522468566895,3.3620617614360526e-05
3099.3315509668028,1.0003843307495117,3.3581865864107385e-05
3099.3519829388533,1.000247597694397,3.354696309543215e-05
3099.372414910431,1.0004860162734985,3.3515018003527075e-05
3099.413278853128,1.0002472400665283,3.372622450115159e-05
3099.433710823316,1.0001612901687622,3.371431739651598e-05
3099.45414289397,1.0003291368484497,3.370762351551093e-05
3099.4745747636916,1.0001907348632812,3.370495687704533e-05
3099.4950067334066,1.0001591444015503,3.370177364558913e-05
3099.5154388021983,1.000059962272644,3.368715988472104e-05
3099.535870671447,0.9996166825294495,3.3683827496133745e-05
3099.556302639772,0.9997091293334961,3.367932731634937e-05
3099.5767347080982,0.9997210502624512,3.369439946254715e-05
3099.597166575957,0.9997575283050537,3.3683503716019914e-05
3099.617598543344,0.9999265074729919,3.3674059523036703e-05
3099.658462477193,0.9993042945861816,3.361197741469368e-05
3099.6788944436557,0.9993257522583008,3.364078656886704e-05
3099.6993264096527,0.9993607401847839,3.365236989338882e-05
3099.719758375184,0.9995399713516235,3.3674044971121475e-05
3099.740190340708,0.9995753765106201,3.3679349144222215e-05
3099.7606224057745,0.9995995163917542,3.369054684299044e-05
3099.7810542703664,0.9997550845146179,3.3694072044454515e-05
3099.801486334967,1.0002105236053467,3.371322600287385e-05
3099.8219182988687,1.0002284049987793,3.371757338754833e-05
3099.8423501625366,1.0002168416976929,3.370973718119785e-05
3099.862782225733,1.0001260042190552,3.370769991306588e-05
3099.8832141887033,0.9999725222587585,3.369129990460351e-05
3099.9036460514326,1.0006699562072754,3.3699576306389645e-05
3099.924078113705,0.9997925162315369,3.3680560591164976e-05
3099.944510075511,1.0000452995300293,3.367766476003453e-05
3099.9649419370835,1.0000931024551392,3.3664364309515804e-05
3099.9853739984173,1.0003424882888794,3.3616390282986686e-05
3100.005805959292,1.0004266500473022,3.356299930601381e-05
3100.026237819693,1.0005401372909546,3.347109304741025e-05
3100.046669880103,1.000646948814392,3.332310734549537e-05
3100.0671018398134,1.0005478858947754,3.311445834697224e-05
3100.087533799284,1.0004876852035522,3.2892083254409954e-05
3100.1079657585287,1.0004706382751465,3.26197587128263e-05
3100.148829675847,0.9994463324546814,3.3649139368208125e-05
3100.1692616341606,0.9994444847106934,3.364387885085307e-05
3100.1896935917757,0.9994803071022034,3.3671429264359176e-05
3100.2101255493835,0.9993381500244141,3.366210148669779e-05
3100.2305576065337,0.9994542598724365,3.367557656019926e-05
3100.2509894632167,0.9995012879371643,3.3682077628327534e-05
3100.2714214196603,0.9995918869972229,3.368638499523513e-05
3100.2918534756463,0.9996638894081116,3.369491241755895e-05
3100.312285331631,0.9997583031654358,3.3697735489113256e-05
3100.332717386911,0.999924898147583,3.37037090503145e-05
3100.353149341965,0.9997817873954773,3.370153717696667e-05
3100.3735811967854,0.9998154640197754,3.3697426260914654e-05
3100.3940132511343,1.000044584274292,3.37140700139571e-05
3100.414445205257,1.0001417398452759,3.370675403857604e-05
3100.434877058913,1.0001431703567505,3.3704629458952695e-05
3100.4553091123307,1.0003467798233032,3.3712811273289844e-05
3100.4757409652884,1.0003116130828857,3.371347702341154e-05
3100.496172918014,1.0002129077911377,3.370523700141348e-05
3100.5166049702675,1.0002086162567139,3.37039127771277e-05
3100.537036822294,1.0002806186676025,3.370943886693567e-05
3100.557468774088,0.9999720454216003,3.370289414306171e-05
3100.5779008254103,0.9999262094497681,3.369665500940755e-05
3100.598332776506,0.9998489022254944,3.3691634598653764e-05
3100.6391966772935,0.9994264841079712,3.363018549862318e-05
3100.659628627458,0.999413788318634,3.363953874213621e-05
3100.6800604769232,0.9995646476745605,3.364803342265077e-05
3100.7004925263827,0.9994502663612366,3.365784141351469e-05
3100.720924475383,0.9993268251419067,3.3663625799817964e-05
3100.741356323917,0.9994974732398987,3.366812597960234e-05
3100.7617883722123,0.9995616674423218,3.368494435562752e-05
3100.7822203202813,0.9996088743209839,3.36735974997282e-05
3100.802652167884,0.9997625946998596,3.368945908732712e-05
3100.823084215015,0.9998116493225098,3.369414116605185e-05
3100.843516162153,0.9998706579208374,3.369592741364613e-05
3100.8639482085855,0.9998956918716431,3.369921614648774e-05
3100.884380055024,1.0000864267349243,3.370539707248099e-05
3100.9048120009975,1.000159740447998,3.371405910002068e-05
3100.925244046499,1.0001695156097412,3.371134152985178e-05
3100.945675891773,1.000152587890625,3.3708409318933263e-05
3100.9661078368154,1.0001695156097412,3.37105302605778e-05
3100.9865398813854,1.0001440048217773,3.370562626514584e-05
3101.0069717257284,1.0001418590545654,3.369803380337544e-05
3101.0274036696064,0.999937117099762,3.369591649970971e-05
3101.047835713245,0.9999183416366577,3.369146725162864e-05
3101.0682676564247,0.9998404383659363,3.3688218536553904e-05
3101.0886994993707,0.9998687505722046,3.369570185896009e-05
3101.1091315418453,0.9997912049293518,3.368733450770378e-05
3101.1295634843264,0.9998745322227478,3.369715341250412e-05
3101.149995326108,1.0000078678131104,3.3674783480819315e-05
3101.1704273676514,0.9999681115150452,3.367752651683986e-05
3101.1908592089676,1.0000852346420288,3.366766031831503e-05
3101.2112911500517,1.0002939701080322,3.3641135814832523e-05
3101.2317231906636,1.0004328489303589,3.360712435096502e-05
3101.2521550308156,1.0004565715789795,3.357194145792164e-05
3101.2725869707356,1.0005236864089966,3.3519598218845204e-05
3101.293019010416,1.0004860162734985,3.34330543410033e-05
3101.313450849637,1.0004873275756836,3.335015935590491e-05
3101.3338827886255,1.000556230545044,3.322210250189528e-05
3101.3747466654313,1.0001929998397827,3.371444108779542e-05
3101.3951786034886,1.000259518623352,3.3727246773196384e-05
3101.4156106410737,1.0001927614212036,3.370743797859177e-05
3101.4360425784325,0.9999856948852539,3.369850674062036e-05
3101.4564745153257,0.9999041557312012,3.368552279425785e-05
3101.4769064519787,0.9998912215232849,3.3695559977786615e-05
3101.4973383881734,0.9996507167816162,3.368632678757422e-05
3101.517770324135,0.9997111558914185,3.3692558645270765e-05
3101.538202259857,0.9998089671134949,3.368145553395152e-05
3101.5586341951202,0.9998742938041687,3.3669391996227205e-05
3101.5790662301515,1.0001826286315918,3.3639957109699026e-05
3101.6199299990403,0.9993643760681152,3.3613850973779336e-05
3101.6403620331403,0.9992653727531433,3.361142807989381e-05
3101.6607938667657,0.9994004368782043,3.364141957717948e-05
3101.6812257999336,0.9993559122085571,3.3659584005363286e-05
3101.701657833102,0.999426543712616,3.3670090488158166e-05
3101.7220896657964,0.9994704723358154,3.3674870792310685e-05
3101.742521598033,0.9999496340751648,3.368720717844553e-05
3101.7629536300374,0.9996815323829651,3.368360557942651e-05
3101.7833854618,0.9998791813850403,3.3703305234666914e-05
3101.8038173931054,1.0000340938568115,3.3705880923662335e-05
3101.8242494241786,1.000042200088501,3.371576895006001e-05
3101.84468125501,1.0000485181808472,3.370436388649978e-05
3101.865113185384,1.000239610671997,3.371460843482055e-05
3101.885545215293,1.0000371932983398,3.3703665394568816e-05
3101.905977144961,0.999989926815033,3.371423372300342e-05
3101.926408974403,0.9998660683631897,3.369963451405056e-05
3101.9468410036134,0.9997493028640747,3.368923717061989e-05
3101.9672728323494,0.9997175335884094,3.3691143471514806e-05
3101.9877048608614,0.9997156262397766,3.368872057762928e-05
3102.008136788907,0.9997877478599548,3.367388853803277e-05
3102.0285686167117,0.9999781847000122,3.366162127349526e-05
3102.0490006440596,1.0001568794250488,3.364380245329812e-05
3102.069432571174,1.0001157522201538,3.361609560670331e-05
3102.1102964244637,0.9994730949401855,3.362276765983552e-05
3102.1307283506467,0.999335527420044,3.362839561305009e-05
3102.1511601765887,0.9994309544563293,3.3646025258349255e-05
3102.171592202074,0.9993645548820496,3.3651744161034e-05
3102.1920241270927,0.999388575553894,3.365876546013169e-05
3102.2124559521035,0.9993637800216675,3.366618693689816e-05
3102.2328879766574,0.999435544013977,3.368017132743262e-05
3102.253319900745,0.9995473027229309,3.368462057551369e-05
3102.273751824592,0.9996668696403503,3.370015474501997e-05
3102.294183748214,0.9996306896209717,3.36908851750195e-05
3102.314615671603,0.9997504949569702,3.37030942318961e-05
3102.335047594519,0.9998070597648621,3.369772821315564e-05
3102.3554795169766,0.9999848008155823,3.370848935446702e-05
3102.3759114394343,0.9999028444290161,3.370694685145281e-05
3102.396343361186,0.9999891519546509,3.3706292015267536e-05
3102.416775382946,1.0000853538513184,3.370902413735166e-05
3102.4372072042315,1.0000441074371338,3.3718039048835635e-05
3102.457639225293,1.0003374814987183,3.3714324672473595e-05
3102.478071145888,1.000147819519043,3.371159255038947e-05
3102.4985029662494,1.0002188682556152,3.371552884345874e-05
3102.518934986372,1.0001846551895142,3.3713873563101515e-05
3102.539366906036,0.9999179244041443,3.371315324329771e-05
3102.5597987254587,0.9999157190322876,3.3696935133775696e-05
3102.5802307444246,0.9997740387916565,3.3687916584312916e-05
3102.600662663157,0.9996489882469177,3.3689881092868745e-05
3102.6210944816557,0.9996629953384399,3.3698062907205895e-05
3102.641526499683,0.9996367692947388,3.36777520715259e-05
3102.661958417484,0.9997825026512146,3.368752732058056e-05
3102.6823902350443,0.9997326135635376,3.367845420143567e-05
3102.7028222521476,0.9997608661651611,3.367563112988137e-05
3102.7232540690165,1.0000680685043335,3.366967575857416e-05
3102.7436859856534,1.0001715421676636,3.366022792761214e-05
3102.764118001818,1.000303864479065,3.364183794474229e-05
3102.7845499177565,1.000338077545166,3.359650872880593e-05
3102.804981733221,1.0003365278244019,3.3549891668371856e-05
3102.845845663469,1.0003567934036255,3.3714273740770295e-05
3102.8662774780096,1.000119924545288,3.371869388502091e-05
3102.8867094923116,1.0001734495162964,3.371663115103729e-05
3102.9071414063874,1.000237226486206,3.371213097125292e-05
3102.9275732199894,1.0000156164169312,3.3700900530675426e-05
3102.9480052333674,0.9998905062675476,3.370566264493391e-05
3102.968437146279,0.9998100399971008,3.368984107510187e-05
3102.988869159184,0.9996879696846008,3.369386831764132e-05
3103.0093009713964,0.9996606707572937,3.3685530070215464e-05
3103.0297328836095,0.9996381402015686,3.369373007444665e-05
3103.0501648953505,0.9998136162757874,3.369351179571822e-05
3103.0910286179133,0.9994792342185974,3.3639884350122884e-05
3103.111460628723,0.999314546585083,3.365164957358502e-05
3103.1318924393054,0.9994352459907532,3.3667041861917824e-05
3103.152324349423,0.9994502663612366,3.366842429386452e-05
3103.1727563593013,0.999535858631134,3.368115721968934e-05
3103.1931881689525,0.999618649482727,3.368379839230329e-05
3103.213620078139,0.9996770024299622,3.369413025211543e-05
3103.2340520870857,0.9998650550842285,3.3696785976644605e-05
3103.2544839958064,0.9998748302459717,3.37094534188509e-05
3103.2749158040606,1.0000063180923462,3.370718695805408e-05
3103.295347812076,1.000052571296692,3.371019192854874e-05
3103.3157797196327,1.0001431703567505,3.3711698051774874e-05
3103.3362115271884,1.0001424551010132,3.371645652805455e-05
3103.35664353404,1.0000646114349365,3.371569255250506e-05
3103.377075440898,1.0001249313354492,3.3717940823407844e-05
3103.3975072472895,1.0000638961791992,3.3699750929372385e-05
3103.4179392534425,0.9999048709869385,3.369549085618928e-05
3103.4383710593684,0.9998199939727783,3.36905250151176e-05
3103.4588029648294,0.9996840953826904,3.368830221006647e-05
3103.479234970051,0.9996184706687927,3.3692271244945005e-05
3103.499666774813,0.9997881650924683,3.3693933801259845e-05
3103.5200987793432,0.9998567700386047,3.3685992093523964e-05
3103.540530683633,0.9998658299446106,3.3661079214653e-05
3103.581394491295,0.9995303153991699,3.359324182383716e-05
3103.6018263946535,0.9994637966156006,3.3620555768720806e-05
3103.6222582975533,0.999470591545105,3.363081850693561e-05
3103.6426902002204,0.9993337988853455,3.3646250813035294e-05
3103.6631221026473,0.9992880821228027,3.365815064171329e-05
3103.6835540048487,0.9993911385536194,3.3668555261101574e-05
3103.7039859065844,0.9995091557502747,3.368418038007803e-05
3103.72441780808,0.9995383620262146,3.3681688364595175e-05
3103.7448497091173,0.9997187852859497,3.370076228748076e-05
3103.7652816101545,0.9998530149459839,3.370450212969445e-05
3103.785713510719,1.0000416040420532,3.3708605769788846e-05
3103.8061454108247,1.00015127658844,3.37117635353934e-05
3103.8265774106985,1.0003126859664917,3.3721506042638794e-05
3103.8470092103307,1.000236988067627,3.3717515179887414e-05
3103.867441109738,1.0002015829086304,3.371502680238336e-05
3103.8878731086734,1.0000309944152832,3.3705116948112845e-05
3103.9083049073815,0.9999183416366577,3.3701890060910955e-05
3103.9287368058576,0.9999188184738159,3.3699387131491676e-05
3103.949168803869,0.9997304081916809,3.369390469742939e-05
3103.9696006016384,0.9997321367263794,3.3701398933772e-05
3103.990032599184,0.9995964765548706,3.369302794453688e-05
3104.0104644962557,0.9997210502624512,3.368745092302561e-05
3104.0308962931013,0.9998409748077393,3.368420584592968e-05
3104.0717601858632,0.9994821548461914,3.3666288800304756e-05
3104.092192081771,0.9994720220565796,3.3679960324661806e-05
3104.112623977453,0.9995080232620239,3.368258330738172e-05
3104.133055872895,0.9996445178985596,3.3688917028484866e-05
3104.153487667878,0.9997531771659851,3.369084879523143e-05
3104.1739196626295,0.9997540712356567,3.37010424118489e-05
3104.1943515569146,0.9998758435249329,3.370578269823454e-05
3104.2147833511917,0.9999547600746155,3.3712447475409135e-05
3104.235215345012,0.9999992847442627,3.370807826286182e-05
3104.2556472383585,0.9999988079071045,3.3707805414451286e-05
3104.2760790317116,1.0001641511917114,3.371439015609212e-05
3104.2965110246005,1.0001437664031982,3.371790444361977e-05
3104.316942917023,1.0003679990768433,3.3723168598953635e-05
3104.357806701395,1.0001777410507202,3.371484490344301e-05
3104.3782385931117,1.0001410245895386,3.371564162080176e-05
3104.3986703843693,0.999990701675415,3.369999467395246e-05
3104.4191023753956,0.9997702240943909,3.369440673850477e-05
3104.4395342661883,0.9997321963310242,3.36841112584807e-05
3104.459966156741,0.9998112916946411,3.369491969351657e-05
3104.480398046835,0.999697744846344,3.369044134160504e-05
3104.500829936689,0.9996678233146667,3.369991827639751e-05
3104.5212619263184,0.9997221827507019,3.3685351809253916e-05
3104.5621256046434,0.9996217489242554,3.368455509189516e-05
3104.5825575931012,0.9996727108955383,3.369146725162864e-05
3104.602989381565,0.9997982978820801,3.370149715919979e-05
3104.6234212695563,0.9998419284820557,3.370080594322644e-05
3104.643853257323,0.9999600648880005,3.371566708665341e-05
3104.664285144856,0.9999935626983643,3.370485865161754e-05
3104.684716932148,0.999931812286377,3.372325954842381e-05
3104.7051489189835,0.9999603629112244,3.371742423041724e-05
3104.7255808053524,1.0000063180923462,3.371961793163791e-05
3104.746012591713,1.0002604722976685,3.3722331863828003e-05
3104.766444577617,1.0003308057785034,3.3727483241818845e-05
3104.7868764632876,1.00028657913208,3.371536513441242e-05
3104.807308248717,1.000178575515747,3.372101127752103e-05
3104.82774023369,1.0000041723251343,3.371184357092716e-05
3104.8481721186618,1.0001041889190674,3.3706692192936316e-05
3104.868603902927,1.000119924545288,3.371226557646878e-05
3104.8890358872013,0.9997656345367432,3.3692958822939545e-05
3104.909467771009,0.9999262094497681,3.3697113394737244e-05
3104.929899554576,0.9998695254325867,3.370803460711613e-05
3104.950331537919,0.9997894763946533,3.3690219424897805e-05
3104.9707633210273,0.9997336268424988,3.369480691617355e-05
3104.9911953036644,0.9998157620429993,3.370787453604862e-05
3105.011627186075,0.9999890327453613,3.3675070881145075e-05
3105.052490949958,0.9993847608566284,3.362714414834045e-05
3105.0729228314376,0.9994509816169739,3.364695294294506e-05
3105.0933547126842,0.9994202256202698,3.366141754668206e-05
3105.113786593458,0.9993776679039001,3.3665390219539404e-05
3105.134218474006,0.9995874762535095,3.368181933183223e-05
3105.1546503543213,1.00078284740448,3.370505874045193e-05
3105.1750823343973,0.9996588230133057,3.3693097066134214e-05
3105.195514114246,0.9999675750732422,3.370003105374053e-05
3105.21594599363,1.000046968460083,3.370542617631145e-05
3105.236377972775,1.0000779628753662,3.370827835169621e-05
3105.2568097514595,1.0000450611114502,3.37136079906486e-05
3105.277241630145,1.0002286434173584,3.37149940605741e-05
3105.2976736083583,1.0002857446670532,3.371433194843121e-05
3105.3181053863445,1.0002210140228271,3.3721353247528896e-05
3105.3385372640987,1.0001219511032104,3.37142773787491e-05
3105.3589692413807,1.000230312347412,3.371054845047183e-05
3105.3794010184356,1.0001628398895264,3.3706830436130986e-05
3105.420264871842,0.9998092651367188,3.369101614225656e-05
3105.4406966479655,0.9997158050537109,3.369364276295528e-05
3105.4611286238505,0.9997571110725403,3.3700289350235835e-05
3105.481560499509,0.9998586177825928,3.36917037202511e-05
3105.5019923747022,0.9999845027923584,3.3682252251310274e-05
3105.5428561246154,0.9993456602096558,3.365941665833816e-05
3105.56328799911,0.9994525909423828,3.368023317307234e-05
3105.5837198731315,0.9997193813323975,3.370249396539293e-05
3105.6041517469275,0.9998545050621033,3.369977275724523e-05
3105.6245836207236,1.0000089406967163,3.370180638739839e-05
3105.645015493821,1.0000556707382202,3.371331331436522e-05
3105.6654473669114,1.0002410411834717,3.3717100450303406e-05
3105.6858791395425,1.0002784729003906,3.373894651303999e-05
3105.706311111935,1.0003132820129395,3.373370782355778e-05
3105.7267429841013,1.000201940536499,3.371149068698287e-05
3105.747174756034,0.9999935030937195,3.371030106791295e-05
3105.7676067275024,0.9999908208847046,3.370623380760662e-05
3105.78803859873,0.9998137354850769,3.3694148442009464e-05
3105.8084703697314,0.9998108148574829,3.370283229742199e-05
3105.828902340494,0.9997871518135071,3.370185004314408e-05
3105.8493342107977,0.9999195337295532,3.369250407558866e-05
3105.8697660808684,0.9999812841415405,3.367464159964584e-05
3105.8901979507064,1.0000604391098022,3.3657594030955806e-05
3105.910629820304,1.0003763437271118,3.365741576999426e-05
3105.9310617894444,1.0004026889801025,3.3618354791542515e-05
3105.951493558343,1.00044584274292,3.3587559300940484e-05
3105.9719254270167,1.0005406141281128,3.356052911840379e-05
3105.9923573954584,1.0006282329559326,3.345026198076084e-05
3106.033221031401,0.9995139241218567,3.366069358889945e-05
3106.0536529989113,0.9994792938232422,3.3666277886368334e-05
3106.074084866181,0.9994754195213318,3.3671854907879606e-05
3106.094516632991,0.9996682405471802,3.368316902196966e-05
3106.11494859957,0.9995081424713135,3.368280522408895e-05
3106.135380466141,0.9997714161872864,3.369190017110668e-05
3106.155812232253,0.999803364276886,3.369537807884626e-05
3106.176244197901,0.999838650226593,3.3702315704431385e-05
3106.1966760635405,0.9999539852142334,3.371208003954962e-05
3106.217107828721,1.0000085830688477,3.371216735104099e-05
3106.2375397936703,1.0001518726348877,3.3723732485668734e-05
3106.2579716583787,1.0002845525741577,3.372133141965605e-05
3106.278403422628,1.0002297163009644,3.37224337272346e-05
3106.298835386646,1.0001883506774902,3.372397259227e-05
3106.319267250423,1.0002501010894775,3.3719203202053905e-05
3106.3396991139743,1.0003496408462524,3.3719577913871035e-05
3106.360130977293,1.000190019607544,3.372539867996238e-05
3106.3805628401387,1.0000654458999634,3.371467028046027e-05
3106.4009947029917,1.000104546546936,3.371218917891383e-05
3106.421426565379,0.9998513460159302,3.369582918821834e-05
3106.4418584272935,0.9998663663864136,3.370126796653494e-05
3106.462290289215,0.9997994303703308,3.369988189660944e-05
3106.482722150671,0.9997498393058777,3.3716438338160515e-05
3106.523585972878,0.9995789527893066,3.368144825799391e-05
3106.544017733635,0.9996927976608276,3.3688069379422814e-05
3106.5644495941524,0.9997687339782715,3.3697360777296126e-05
3106.584881554212,0.9998979568481445,3.370528429513797e-05
3106.6053133140376,1.0000008344650269,3.371450657141395e-05
3106.6257451736237,1.0000680685043335,3.3714801247697324e-05
3106.646177132752,1.0000723600387573,3.372105129528791e-05
3106.666608891879,1.0002065896987915,3.37257151841186e-05
3106.687040750534,1.0002700090408325,3.372052378836088e-05
3106.707472708964,1.000279188156128,3.372748687979765e-05
3106.7279044671595,1.0002838373184204,3.372490391484462e-05
3106.748336325116,1.0001635551452637,3.373427898623049e-05
3106.7687682826145,1.0002341270446777,3.372374703758396e-05
3106.789200039879,0.9999216198921204,3.3709307899698615e-05
3106.8096318971366,1.0000605583190918,3.371119237272069e-05
3106.830063853704,1.0000096559524536,3.370864214957692e-05
3106.8504957102705,0.9998297691345215,3.3706706744851544e-05
3106.870927566364,0.9998958706855774,3.3710872230585665e-05
3106.891359422465,0.9999313950538635,3.369553814991377e-05
3106.9117912781003,0.9999130964279175,3.3703705412335694e-05
3106.9322231334954,1.000110149383545,3.367751924088225e-05
3106.952654988432,1.0001529455184937,3.366263990756124e-05
3106.973086843369,1.0004262924194336,3.36306584358681e-05
3107.013950552071,0.9995774626731873,3.368752004462294e-05
3107.034382406069,0.9995550513267517,3.3698961487971246e-05
3107.054814259842,0.9998161792755127,3.3708744012983516e-05
3107.0752461131488,0.9999566078186035,3.370881313458085e-05
3107.0956779664557,0.9999706745147705,3.3711585274431854e-05
3107.1161098192897,1.0000054836273193,3.372287392267026e-05
3107.136541671898,1.0001800060272217,3.37220735673327e-05
3107.1569735240337,1.0003407001495361,3.373402068973519e-05
3107.1774053761765,1.0000633001327515,3.373066647327505e-05
3107.1978372278536,1.0002038478851318,3.3731812436599284e-05
3107.2182690795307,1.0002484321594238,3.3731812436599284e-05
3107.238700930735,1.0002546310424805,3.372798892087303e-05
3107.2591327817136,1.0002835988998413,3.372674837009981e-05
3107.2795646322193,1.00006103515625,3.372675564605743e-05
3107.2999964827322,1.0000015497207642,3.372126229805872e-05
3107.3204283327796,0.9998649954795837,3.370723425177857e-05
3107.3408602825875,0.9997827410697937,3.371722414158285e-05
3107.361292132169,0.9998201131820679,3.369841579115018e-05
3107.3817238815172,0.9998777508735657,3.368049146956764e-05
3107.402155830394,1.0001766681671143,3.367247336427681e-05
3107.422587679277,1.0003963708877563,3.363420910318382e-05
3107.443019427694,1.000462532043457,3.355127410031855e-05
3107.463451375872,1.00088632106781,3.3472762879682705e-05
3107.504314971542,0.9999823570251465,3.3578977308934554e-05
3107.524746918789,0.9997923374176025,3.36014200001955e-05
3107.545178766042,0.9997791647911072,3.361663766554557e-05
3107.565610512829,0.9996655583381653,3.363980067661032e-05
3107.5860424593775,0.9996144771575928,3.365868178661913e-05
3107.6064743056995,0.9995681643486023,3.36696466547437e-05
3107.626906051788,0.9997661709785461,3.3682477805996314e-05
3107.647337997405,0.9997239112854004,3.36974517267663e-05
3107.6677698430285,0.9998264908790588,3.370826379978098e-05
3107.6882016881864,1.0001530647277832,3.371797356521711e-05
3107.708633533104,1.0002667903900146,3.3724343666108325e-05
3107.7290653777964,1.0001815557479858,3.3729022106854245e-05
3107.7494973222565,1.000350832939148,3.372691571712494e-05
3107.769929066242,1.000258207321167,3.37262790708337e-05
3107.790360910236,1.0004173517227173,3.372574064997025e-05
3107.810792753764,1.0002177953720093,3.371966886334121e-05
3107.831224597052,0.9999146461486816,3.372562787262723e-05
3107.8516564401143,0.9999969005584717,3.3705280657159165e-05
3107.8720883829446,0.9997159838676453,3.37104793288745e-05
3107.8925201253005,0.9999398589134216,3.370418198755942e-05
3107.9129519676644,0.9998571872711182,3.3693384466459975e-05
3107.9333839095634,1.0001671314239502,3.371679849806242e-05
3107.953815651221,1.0001581907272339,3.3676107705105096e-05
3107.994679433854,1.0002244710922241,3.371868297108449e-05
3108.015111174813,1.0001314878463745,3.3727785194059834e-05
3108.035543015547,1.0001590251922607,3.372636638232507e-05
3108.055974955816,1.0001964569091797,3.372050923644565e-05
3108.0764066958436,1.0001864433288574,3.372628998477012e-05
3108.0968385356464,1.0002700090408325,3.3728483685990795e-05
3108.117270475217,1.0001440048217773,3.3718028134899214e-05
3108.137702214546,1.000160574913025,3.371982529642992e-05
3108.1581340536504,1.000001072883606,3.3710046409396455e-05
3108.17856599229,0.999829888343811,3.3721840736689046e-05
3108.198997830921,0.9997255206108093,3.37128913088236e-05
3108.239861507034,0.9998119473457336,3.370306876604445e-05
3108.2602933447342,0.9998825192451477,3.370936610735953e-05
3108.2807251822087,0.9999616146087646,3.370816557435319e-05
3108.3011570194503,1.000086784362793,3.372458377270959e-05
3108.321588856219,1.000167727470398,3.372492938069627e-05
3108.3420207929958,1.0004113912582397,3.372882929397747e-05
3108.3624525293053,1.0004136562347412,3.3733726013451815e-05
3108.3828843653755,1.0002522468566895,3.372714127181098e-05
3108.403316301221,1.0002171993255615,3.3739117498043925e-05
3108.423748036832,1.0002635717391968,3.373547951923683e-05
3108.4441798722037,1.0002377033233643,3.371782440808602e-05
3108.4646118073506,1.0000866651535034,3.3713222364895046e-05
3108.4850435420303,0.9998264908790588,3.37085293722339e-05
3108.5054753767035,0.9999133944511414,3.371727143530734e-05
3108.525907310919,0.9998265504837036,3.3701428037602454e-05
3108.5463390449004,0.9999273419380188,3.3705393434502184e-05
3108.5667708786423,0.9997887015342712,3.370657577761449e-05
3108.5872027121586,0.99995356798172,3.370229751453735e-05
3108.6076345452093,0.9999909400939941,3.369171827216633e-05
3108.6280664782535,1.0001356601715088,3.366792225278914e-05
3108.8323847933716,0.9981794357299805,3.370764170540497e-05
3108.8528165236276,1.0002049207687378,3.372918217792176e-05
3108.873248453412,1.0002707242965698,3.3721291401889175e-05
3108.8936802829703,1.0001617670059204,3.3726068068062887e-05
3108.914112012295,1.0002820491790771,3.372004357515834e-05
3108.934543941381,1.0001308917999268,3.37190977006685e-05
3108.9549757702407,0.9999672770500183,3.3718253689585254e-05
3108.975407498634,1.0000044107437134,3.370418926351704e-05
3108.9958394270216,0.9997908473014832,3.36985795001965e-05
3109.01627125495,0.9997879266738892,3.3695472666295245e-05
3109.036703182639,0.9998043179512024,3.3713211450958624e-05
3109.057134910334,0.9999845027923584,3.3708169212331995e-05
3109.0775667375638,1.000038981437683,3.368710167706013e-05
3109.0979986645543,1.0001322031021118,3.366399687365629e-05
3109.118430391318,1.0003560781478882,3.364660733495839e-05
3109.1388622176164,1.0004504919052124,3.361887502251193e-05
3109.1592941439085,1.0006542205810547,3.358775575179607e-05
3109.1797259699742,1.0007437467575073,3.352382918819785e-05
3109.2205896209343,0.9995635151863098,3.3677286410238594e-05
3109.2410214463016,0.999855101108551,3.370728882146068e-05
3109.2614531712024,0.9998084902763367,3.370611011632718e-05
3109.2818850958647,1.000036358833313,3.371339334989898e-05
3109.3023168203,1.0001964569091797,3.372716309968382e-05
3109.322748644503,1.0001424551010132,3.372067294549197e-05
3109.343180568467,1.0001622438430786,3.3725671528372914e-05
3109.3636122919706,1.0002665519714355,3.372507853782736e-05
3109.3840441154753,1.000471591949463,3.3737367630237713e-05
3109.4044760385077,1.0003846883773804,3.3730535506037995e-05
3109.424907761546,1.0002777576446533,3.373922663740814e-05
3109.44533968412,1.0002224445343018,3.3732398151187226e-05
3109.465771506453,1.0004353523254395,3.373108847881667e-05
3109.486203228793,1.000114917755127,3.372668652446009e-05
3109.5066351506684,1.0000650882720947,3.373035724507645e-05
3109.527066972303,0.9999363422393799,3.371592902112752e-05
3109.5474987934795,0.9998574256896973,3.371509228600189e-05
3109.567930614656,0.9997634887695312,3.3718475606292486e-05
3109.588362435592,0.9997606873512268,3.371326602064073e-05
3109.6087942563026,0.9998735785484314,3.371850471012294e-05
3109.6292260765476,0.9997912645339966,3.370094782439992e-05
3109.6496578967854,0.9999491572380066,3.370218473719433e-05
3109.6700897165647,1.0000255107879639,3.369300247868523e-05
3109.7109533556504,1.000077724456787,3.3572010579518974e-05
3109.7313851747313,0.9999954104423523,3.358316462254152e-05
3109.75181709358,0.9998079538345337,3.36074190272484e-05
3109.772248812187,0.9997686147689819,3.361663402756676e-05
3109.7926806305695,0.9997867345809937,3.3630789403105155e-05
3109.8131125487125,0.9996016621589661,3.364617077750154e-05
3109.8335442663956,0.9995979070663452,3.3662276109680533e-05
3109.8539761840802,0.999524712562561,3.3681037166388705e-05
3109.8744080015313,0.9997005462646484,3.36901648552157e-05
3109.8948397185086,0.9997190237045288,3.3699488994898275e-05
3109.9152716354947,0.9999061226844788,3.371327693457715e-05
3109.976567084581,1.0001499652862549,3.373376603121869e-05
3109.996998900402,1.0001338720321655,3.372969149495475e-05
3110.017430715983,1.0003185272216797,3.3735239412635565e-05
3110.0378625313388,1.0001471042633057,3.373135405126959e-05
3110.058294346454,1.0002609491348267,3.374043444637209e-05
3110.0787260613433,1.0002137422561646,3.373395884409547e-05
3110.099157976001,1.0003156661987305,3.373666186234914e-05
3110.1195897904254,1.0002590417861938,3.3734198950696737e-05
3110.1400215046087,1.0000481605529785,3.3715710742399096e-05
3110.1604534183352,0.9999865889549255,3.3722528314683586e-05
3110.1808852320537,0.9999620318412781,3.3720301871653646e-05
3110.201316945546,0.999804675579071,3.3713298762449995e-05
3110.221748858574,0.9996542930603027,3.3714550227159634e-05
3110.242180671601,0.9997574090957642,3.371272032381967e-05
3110.262612584156,0.9997199177742004,3.372054561623372e-05
3110.283044296484,0.9998905062675476,3.370233753230423e-05
3110.3034761088056,0.999911904335022,3.369029218447395e-05
3110.3239080206695,1.000077724456787,3.3691634598653764e-05
3110.344339732299,1.000079870223999,3.3675409213174134e-05
3110.3647715436964,1.0004016160964966,3.3655454899417236e-05
3110.3852034548545,1.0004189014434814,3.36241937475279e-05
3110.4056351657855,1.0006308555603027,3.358067260705866e-05
3110.446498886944,1.0001649856567383,3.372028368175961e-05
3110.4669305971765,1.0001816749572754,3.372856735950336e-05
3110.487362407177,1.000177025794983,3.373246727278456e-05
3110.507794316938,1.000295639038086,3.3740903745638207e-05
3110.528226126473,1.000099539756775,3.374186417204328e-05
3110.548657835534,1.0003002882003784,3.373841173015535e-05
3110.569089744604,1.0003199577331543,3.3737778721842915e-05
3110.58952155344,1.0002363920211792,3.374276275280863e-05
3110.60995326181,1.0003026723861694,3.374208972672932e-05
3110.630385170174,1.0001457929611206,3.3728985727066174e-05
3110.650816978079,1.000100016593933,3.3727796107996255e-05
3110.671248785977,1.0000015497207642,3.372436549398117e-05
3110.691680593416,0.9999397993087769,3.37170458806213e-05
3110.7121124008554,0.9997833371162415,3.370902777533047e-05
3110.732544207822,0.999794065952301,3.371606726432219e-05
3110.7529760145626,0.9997366070747375,3.371385537320748e-05
3110.7734078213034,0.999707043170929,3.371815910213627e-05
3110.7938396275713,0.9997498393058777,3.370138074387796e-05
3110.8142714336136,0.9997556209564209,3.371333878021687e-05
3110.8347031394223,0.9998654127120972,3.370577542227693e-05
3110.8551350449925,0.9997971653938293,3.369882324477658e-05
3110.875566850569,0.9998757839202881,3.371228012838401e-05
3110.89599865568,1.0000004768371582,3.367001045262441e-05
3110.9368622651964,0.9997503757476807,3.369928526808508e-05
3110.957294069609,0.9997240304946899,3.37007841153536e-05
3110.9777258737813,0.9998255372047424,3.3707379770930856e-05
3110.998157677728,0.9998193383216858,3.371368075022474e-05
3111.018589481442,1.0001180171966553,3.3727996196830645e-05
3111.039021284916,1.00001060962677,3.373345680302009e-05
3111.0594530881644,1.000223994255066,3.374477455508895e-05
3111.079884990948,1.0003199577331543,3.373115760041401e-05
3111.1003167937233,1.000210165977478,3.373560684849508e-05
3111.1207484962724,1.0001614093780518,3.373439176357351e-05
3111.14118039859,1.000091314315796,3.373948493390344e-05
3111.161612200667,1.0002233982086182,3.3740117942215875e-05
3111.1820439025178,1.0001296997070312,3.374585503479466e-05
3111.2024758039042,1.000191569328308,3.3736589102772996e-05
3111.2229076052827,1.0002588033676147,3.373459912836552e-05
3111.243339306435,1.0000041723251343,3.372809078427963e-05
3111.2637712073556,0.9999157190322876,3.3730171708157286e-05
3111.2842030078027,1.0000075101852417,3.3724045351846144e-05
3111.3046347082563,0.9999075531959534,3.371706770849414e-05
3111.3250666084787,0.9996682405471802,3.372146966285072e-05
3111.3454984082273,0.9997067451477051,3.371948696440086e-05
3111.365930207983,0.9996644854545593,3.37187375407666e-05
3111.3863620075062,0.9997573494911194,3.371636921656318e-05
3111.4067938065564,0.9997258186340332,3.370937702129595e-05
3111.427225605614,0.9996713399887085,3.370521517354064e-05
3111.4476574044384,0.9998656511306763,3.369621481397189e-05
3111.46808920279,1.0000529289245605,3.369080150150694e-05
3111.488521001149,0.9999423623085022,3.366263990756124e-05
3111.5089527992677,1.0000368356704712,3.36415869242046e-05
3111.529384596928,1.0003058910369873,3.361497147125192e-05
3111.5498163945886,1.0003610849380493,3.360641494509764e-05
3111.5702481917833,1.0004736185073853,3.354213185957633e-05
3111.590679988971,1.000511646270752,3.3516207622596994e-05
3111.6111118859335,1.0005667209625244,3.3451520721428096e-05
3111.6315435824217,1.0007753372192383,3.340125840622932e-05
3111.672407275182,0.9998236298561096,3.370548802195117e-05
3111.692838970979,0.9997649788856506,3.371627099113539e-05
3111.7132707667697,1.0001447200775146,3.3724882086971775e-05
3111.7337026621026,1.0000696182250977,3.372822538949549e-05
3111.7541343574267,0.9999973773956299,3.372548962943256e-05
3111.774566152526,1.0001611709594727,3.374692460056394e-05
3111.7949980471603,1.00014328956604,3.373786239535548e-05
3111.815429741793,1.0000909566879272,3.373700747033581e-05
3111.8358615361867,1.0002529621124268,3.373926301719621e-05
3111.8562934301226,1.000335454940796,3.3744283427949995e-05
3111.8767251240497,1.000120759010315,3.3742944651748985e-05
3111.9175888112222,1.0002180337905884,3.3737276680767536e-05
3111.9380206042188,1.0001840591430664,3.374057632754557e-05
3111.9584523972226,1.0002638101577759,3.373773870407604e-05
3111.9788841899936,1.0002381801605225,3.3740154322003946e-05
3111.9993159825244,1.000174880027771,3.373619256308302e-05
3112.0197477748297,1.0001729726791382,3.373908839421347e-05
3112.040179566902,1.0002326965332031,3.3734326279954985e-05
3112.060611358502,1.000144600868225,3.374175867065787e-05
3112.0810432501094,1.0000934600830078,3.372695209691301e-05
3112.1014749414826,1.0001771450042725,3.373301660758443e-05
3112.1219067326165,0.9998043179512024,3.3733238524291664e-05
3112.1423386235256,0.9997466206550598,3.372189530637115e-05
3112.1627703142003,0.9997859597206116,3.372405262780376e-05
3112.1832021046357,0.9997743964195251,3.3716638426994905e-05
3112.2036338948456,0.9997105002403259,3.372343417140655e-05
3112.2240656848226,0.9997733235359192,3.371605635038577e-05
3112.2444974745595,0.9996393322944641,3.371829370735213e-05
3112.264929264071,0.9997698664665222,3.371877028257586e-05
3112.2853610533493,0.9996954798698425,3.370121703483164e-05
3112.3057929426213,0.9998789429664612,3.369537807884626e-05
3112.3262246314334,0.9998517036437988,3.3684304071357474e-05
3112.3466564200135,1.0000677108764648,3.3675056329229847e-05
3112.367088308354,1.000207543373108,3.365533848409541e-05
3112.407951784582,0.9999778866767883,3.372477658558637e-05
3112.4283836722243,0.9999649524688721,3.3727610571077093e-05
3112.448815459873,1.0000468492507935,3.3731310395523906e-05
3112.4692471470553,1.0000754594802856,3.374361040187068e-05
3112.489679034232,1.000199556350708,3.374575680936687e-05
3112.510110820949,1.0002015829086304,3.374453808646649e-05
3112.530542507666,1.000229001045227,3.374684456503019e-05
3112.550974393911,1.0001906156539917,3.3747259294614196e-05
3112.5714061801627,1.0002098083496094,3.37423880409915e-05
3112.591837866181,1.0001590251922607,3.3735814213287085e-05
3112.6122697517276,1.0000818967819214,3.3740419894456863e-05
3112.632701537281,0.9999852776527405,3.374063453520648e-05
3112.6531332226004,0.9999016523361206,3.3725882531143725e-05
3112.6735651076815,0.9998560547828674,3.3727297704899684e-05
3112.6939968925362,0.9996477961540222,3.371004277141765e-05
3112.7144287771516,0.9996090531349182,3.371703132870607e-05
3112.73486046154,0.9995477199554443,3.371404454810545e-05
3112.755292245696,0.999500572681427,3.370036938576959e-05
3112.7757241296204,0.9995619654655457,3.3706004614941776e-05
3112.796155813303,0.9997273683547974,3.370332342456095e-05
3112.8165875967607,0.9996885061264038,3.37000165018253e-05
3112.837019479979,0.9996606707572937,3.369430487509817e-05
3112.857451163203,0.9998170733451843,3.368665784364566e-05
3112.8983148287225,0.9995962381362915,3.3687418181216344e-05
3112.918746511008,0.999771773815155,3.370441118022427e-05
3112.9391782933017,0.9997430443763733,3.370902777533047e-05
3112.959610175123,0.9997201561927795,3.3719727071002126e-05
3112.9800418569503,0.9998829960823059,3.371686034370214e-05
3113.0004736385454,1.000038743019104,3.3729102142388e-05
3113.0209055196756,1.0000489950180054,3.372521314304322e-05
3113.041337200797,0.999999463558197,3.372644277988002e-05
3113.0617690816944,1.000049114227295,3.373685831320472e-05
3113.082200862351,1.0001475811004639,3.373812069185078e-05
3113.102632542781,1.000101089477539,3.374180960236117e-05
3113.12306442298,1.0001635551452637,3.374312655068934e-05
3113.1434962029452,1.000157356262207,3.3744534448487684e-05
3113.1639278829025,1.000150203704834,3.374865627847612e-05
3113.184359762403,1.000197410583496,3.374132211320102e-05
3113.2047915416624,1.000067114830017,3.374076550244354e-05
3113.2252232209285,0.9999774098396301,3.374242805875838e-05
3113.2456550997304,0.9999874234199524,3.374051448190585e-05
3113.2660868785315,0.9999391436576843,3.372962964931503e-05
3113.2865186568597,0.9996957182884216,3.372423452674411e-05
3113.306950435195,0.9997853636741638,3.372011997271329e-05
3113.3273822132905,0.9996452927589417,3.37182791554369e-05
3113.3478139911604,0.9995443224906921,3.371121783857234e-05
3113.3682457687974,0.9995812177658081,3.3709922718117014e-05
3113.3886775462015,0.9997547268867493,3.371235652593896e-05
3113.4091093233656,0.999664306640625,3.369593832758255e-05
3113.429541200305,0.9997085928916931,3.370963531779125e-05
3113.4499728770024,0.9997304677963257,3.369037585798651e-05
3113.470404753709,0.99996018409729,3.3683925721561536e-05
3113.490836529949,1.000138282775879,3.3638330933172256e-05
3113.5112682059553,1.0002517700195312,3.362142888363451e-05
3113.531700081956,1.0004281997680664,3.35524782713037e-05
3113.5521318577303,1.0005865097045898,3.349633334437385e-05
3113.572563533031,1.0005214214324951,3.339898103149608e-05
3113.5929954083404,1.0006005764007568,3.333921267767437e-05
3113.633858858251,1.0001484155654907,3.373971412656829e-05
3113.654290732862,1.0001256465911865,3.3745498512871563e-05
3113.6747224074716,1.0002639293670654,3.374739389983006e-05
3113.695154181609,1.000220775604248,3.374764492036775e-05
3113.7155860555213,1.0001691579818726,3.3749147405615076e-05
3113.736017729432,0.9999580979347229,3.374254811205901e-05
3113.756449502871,1.0000230073928833,3.37327946908772e-05
3113.7768813763178,0.9997009038925171,3.3723306842148304e-05
3113.797313149298,0.9998118281364441,3.372829087311402e-05
3113.8177448222705,0.9995516538619995,3.372312494320795e-05
3113.838176695019,0.9996141195297241,3.371830825926736e-05
3113.89947201209,1.000042200088501,3.373223444214091e-05
3113.919903783906,1.0000804662704468,3.373250365257263e-05
3113.940335655483,1.000191330909729,3.373345680302009e-05
3113.9607673270657,1.000108003616333,3.3745171094778925e-05
3113.9811990981834,1.0002031326293945,3.3747659472282976e-05
3114.0016309692946,1.0000375509262085,3.374745574546978e-05
3114.022062640179,1.000074863433838,3.3744672691682354e-05
3114.042494410831,1.000118374824524,3.374339212314226e-05
3114.0629262812436,1.000035285949707,3.374409061507322e-05
3114.083357951429,1.0001587867736816,3.374662992428057e-05
3114.103789721383,1.0002403259277344,3.375434971530922e-05
3114.12422159133,0.9999542236328125,3.374203879502602e-05
3114.144653260817,1.0000337362289429,3.3746971894288436e-05
3114.165085030305,1.0001044273376465,3.37497222062666e-05
3114.1855168993206,0.9998221397399902,3.3737527701305225e-05
3114.205948568342,0.999972403049469,3.372785431565717e-05
3114.2263804371323,0.9998608827590942,3.37271521857474e-05
3114.2468122056816,0.9997375011444092,3.3724067179718986e-05
3114.2672439740054,0.9996622204780579,3.371973798493855e-05
3114.287675742089,0.9998149275779724,3.372686842340045e-05
3114.30810751018,0.9996013045310974,3.372296487214044e-05
3114.3285392778052,0.9995987415313721,3.371467755641788e-05
3114.369402812583,1.0000770092010498,3.358247340656817e-05
3114.3898345797425,0.9999236464500427,3.3616466680541635e-05
3114.410266346662,1.0000543594360352,3.361349808983505e-05
3114.430698113356,0.9998760223388672,3.362399365869351e-05
3114.451129780049,0.9998404383659363,3.3625208743615076e-05
3114.471561646278,0.9997548460960388,3.363678843015805e-05
3114.4919934122663,0.9997250437736511,3.363284849910997e-05
3114.512425078261,0.9997028708457947,3.3647640520939603e-05
3114.5328569437843,0.9995608329772949,3.364585427334532e-05
3114.553288709314,0.9996870160102844,3.365190787008032e-05
3114.5737203746103,0.9996611475944519,3.36599514412228e-05
3114.594152239675,0.9996306896209717,3.3666128729237244e-05
3114.614584004499,0.9995216727256775,3.3672979043331e-05
3114.6350158693313,0.9995185732841492,3.3678785257507116e-05
3114.655447533689,0.9997586607933044,3.368690886418335e-05
3114.6758792980545,0.9997323751449585,3.368964098626748e-05
3114.696311162188,0.9996960163116455,3.370155900483951e-05
3114.7167428258545,1.0000410079956055,3.370791091583669e-05
3114.7371745895143,0.9999514222145081,3.3712622098391876e-05
3114.7576064529494,0.999988853931427,3.372425271663815e-05
3114.7780382163764,0.9999833106994629,3.372262290213257e-05
3114.7984698793443,1.0001041889190674,3.372492574271746e-05
3114.8189017423138,1.0000561475753784,3.373045547050424e-05
3114.8393335048095,1.0001386404037476,3.373682557139546e-05
3114.8597651673117,1.0001790523529053,3.373757499502972e-05
3114.8801970295826,1.0003206729888916,3.374102379893884e-05
3114.9006287916127,1.0001529455184937,3.3740954677341506e-05
3114.9210604534164,1.0002299547195435,3.374451262061484e-05
3114.9414923152217,1.000201940536499,3.3750977308955044e-05
3114.9619240765533,1.0001641511917114,3.375088272150606e-05
3114.982355937893,1.0003604888916016,3.3749747672118247e-05
3115.002787598998,1.00019109249115,3.374605148565024e-05
3115.023219359864,1.0001938343048096,3.374744483153336e-05
3115.043651220505,1.0001308917999268,3.37414639943745e-05
3115.064082880912,1.0002493858337402,3.374159132363275e-05
3115.084514541086,1.0000672340393066,3.375145388417877e-05
3115.104946401254,1.0000379085540771,3.374809239176102e-05
3115.125378161196,1.0000269412994385,3.374244988663122e-05
3115.1458099208976,0.9998676776885986,3.37388992193155e-05
3115.166241680141,0.999817967414856,3.37356686941348e-05
3115.186673439617,0.9998273253440857,3.373481013113633e-05
3115.2071051986204,0.9996954798698425,3.372162245796062e-05
3115.227536957398,0.9995927810668945,3.371464117662981e-05
3115.247968716176,0.9995749592781067,3.3716627513058484e-05
3115.2684004747134,0.9998325109481812,3.370938793523237e-05
3115.288832333026,0.9995616674423218,3.371487036929466e-05
3115.3092639911047,0.999625027179718,3.3711734431562945e-05
3115.329695748944,0.9996029734611511,3.371251295902766e-05
3115.350127606558,0.9996349215507507,3.37059136654716e-05
3115.370559264171,0.9998264908790588,3.369737896719016e-05
3115.390991121545,0.9998331069946289,3.369941623532213e-05
3115.411422878693,0.9999568462371826,3.368698889971711e-05
3115.4318545356073,0.9998090267181396,3.3677584724500775e-05
3115.452286392283,1.000049352645874,3.3659071050351486e-05
3115.4727181487324,1.000283122062683,3.364202711964026e-05
3115.493149805181,1.000267744064331,3.362257484695874e-05
3115.513581661391,1.0005463361740112,3.3584743505343795e-05
3115.534013417142,1.000518560409546,3.357103560119867e-05
3115.554445073125,1.0007331371307373,3.353538704686798e-05
3115.5953086839218,0.9997020959854126,3.364575968589634e-05
3115.615740439207,0.9997882843017578,3.366937016835436e-05
3115.6361721940193,0.9996916055679321,3.3676260500214994e-05
3115.656603948839,0.9996946454048157,3.369267506059259e-05
3115.6770357034256,0.9999171495437622,3.3699787309160456e-05
3115.697467458005,0.9999180436134338,3.370923514012247e-05
3115.717899212126,1.0001068115234375,3.371645652805455e-05
3115.738331066241,1.0001846551895142,3.372600258444436e-05
3115.758762820129,1.0001057386398315,3.37261772074271e-05
3115.7791944737837,1.0001070499420166,3.3738830097718164e-05
3115.799626327207,1.0001975297927856,3.373915023985319e-05
3115.8404897335786,1.0003550052642822,3.375342203071341e-05
3115.860921586296,1.000206708908081,3.3753178286133334e-05
3115.8813532390195,1.0002864599227905,3.375359665369615e-05
3115.901784991511,1.0001755952835083,3.375663436600007e-05
3115.92221684377,1.0000708103179932,3.37471574312076e-05
3115.9426484960204,0.999924898147583,3.373823710717261e-05
3115.963080247813,0.9997590780258179,3.37317687808536e-05
3115.9835120995995,0.9997974038124084,3.372575156390667e-05
3116.0039437511587,0.9995881915092468,3.3709446142893285e-05
3116.024375502486,0.999601423740387,3.3717227779561654e-05
3116.0448073538137,0.9994630217552185,3.3705768146319315e-05
3116.0856707555286,0.9999421834945679,3.3622283808654174e-05
3116.1061026061507,0.9998423457145691,3.364710937603377e-05
3116.1265343565465,0.9999005794525146,3.3647924283286557e-05
3116.1469661069423,0.9997705221176147,3.365776137798093e-05
3116.167397856865,0.9996126890182495,3.368012039572932e-05
3116.1878296067953,0.9996293187141418,3.366625605849549e-05
3116.2082613564926,0.9995570778846741,3.367366662132554e-05
3116.22869310595,0.9995668530464172,3.3676835300866514e-05
3116.2491248551814,0.9998084902763367,3.3693144359858707e-05
3116.269556704414,0.9998070001602173,3.370094418642111e-05
3116.289988353172,0.9998206496238708,3.369919795659371e-05
3116.310420101938,0.9999861121177673,3.3706255635479465e-05
3116.3308519504717,0.9999138116836548,3.371636557858437e-05
3116.351283598997,1.0000189542770386,3.3727119443938136e-05
3116.3717153470643,1.0001718997955322,3.3733736927388236e-05
3116.3921471951326,1.0001710653305054,3.373116851435043e-05
3116.412578842959,1.000149130821228,3.374835796421394e-05
3116.433010590561,1.0003409385681152,3.374276275280863e-05
3116.453442437931,1.0003491640090942,3.374781954335049e-05
3116.4738740852918,1.0004781484603882,3.375648520886898e-05
3116.4943059324287,1.0002765655517578,3.3752039598766714e-05
3116.514737679332,1.0002399682998657,3.3756015909602866e-05
3116.5351693259945,1.000278115272522,3.3752065064618364e-05
3116.555601172433,1.0002593994140625,3.375388769200072e-05
3116.57603281887,1.000179648399353,3.3751824958017096e-05
3116.5964645650674,1.0001375675201416,3.3751213777577505e-05
3116.61689641104,1.000054955482483,3.3746986446203664e-05
3116.6373280567786,0.9999932646751404,3.3739856007741764e-05
3116.6577598025106,0.9999074339866638,3.3727883419487625e-05
3116.678191647785,0.9998070001602173,3.372500941623002e-05
3116.6986233930584,0.9996141195297241,3.371934508322738e-05
3116.719055038091,0.9994051456451416,3.372594801476225e-05
3116.7394868831325,0.9996521472930908,3.3708471164572984e-05
3116.7599186277075,0.9994247555732727,3.370160993654281e-05
3116.7803502722745,0.9995097517967224,3.370104604982771e-05
3116.821213860727,1.000067114830017,3.3624583011260256e-05
3116.8416457048297,0.9999115467071533,3.363415089552291e-05
3116.8620773484727,0.9998020529747009,3.3640259061940014e-05
3116.8825090921164,0.9998288750648499,3.365231168572791e-05
3116.9029409357536,0.9997841715812683,3.365169686730951e-05
3116.923372578931,0.9997581243515015,3.366456076037139e-05
3116.943804322109,0.9998588562011719,3.3676020393613726e-05
3116.964236164815,0.9995714426040649,3.367906538187526e-05
3116.9846678075264,0.9997954964637756,3.368562465766445e-05
3117.005099550239,0.9997458457946777,3.3683201763778925e-05
3117.025531392479,0.9999982118606567,3.370149715919979e-05
3117.045963034725,1.0000816583633423,3.3723743399605155e-05
3117.066394776739,1.0002046823501587,3.3709082345012575e-05
3117.0868266185134,1.0001016855239868,3.372302307980135e-05
3117.1072583602945,1.0001300573349,3.3721516956575215e-05
3117.127690001609,1.0002232789993286,3.3736163459252566e-05
3117.148121842918,1.0003812313079834,3.3738604543032125e-05
3117.1685535840006,1.0002268552780151,3.374542575329542e-05
3117.188985325076,1.0003793239593506,3.375424421392381e-05
3117.209417065693,1.0004339218139648,3.3757380151655525e-05
3117.2298488063097,1.0003610849380493,3.3752501622075215e-05
3117.250280546694,1.0004156827926636,3.376092354301363e-05
3117.2707122870706,1.0004903078079224,3.375541200512089e-05
3117.291144026989,1.0003769397735596,3.37531600962393e-05
3117.3115757669,1.0003219842910767,3.375245432835072e-05
3117.332007506586,1.0003657341003418,3.37520323228091e-05
3117.3524391462706,1.0001342296600342,3.3751686714822426e-05
3117.3728709854913,1.0001918077468872,3.374450170667842e-05
3117.393302724704,1.0000407695770264,3.373029539943673e-05
3117.4137343636903,0.9999613761901855,3.3725533285178244e-05
3117.434166202671,0.9998303651809692,3.3725005778251216e-05
3117.4545979411923,0.9997450113296509,3.371182901901193e-05
3117.475029579713,0.9997947216033936,3.3706404792610556e-05
3117.4954614180024,0.9997161626815796,3.3712534786900505e-05
3117.5158931562837,0.9996886849403381,3.3711210562614724e-05
3117.5363249941074,0.999690592288971,3.371182901901193e-05
3117.5567566319223,0.9998021125793457,3.369260230101645e-05
3117.5771883695124,0.9998828768730164,3.368804027559236e-05
3117.5976202068705,0.9999303817749023,3.368348188814707e-05
3117.618051844227,1.0001438856124878,3.367044701008126e-05
3117.638483581344,1.0001777410507202,3.3661872294032946e-05
3117.6589154182366,1.0004380941390991,3.364047370268963e-05
3117.679347155121,1.0003546476364136,3.3629912650212646e-05
3117.699778791546,1.0003478527069092,3.3625023206695914e-05
3117.720210627973,1.000435709953308,3.3617292501730844e-05
3117.7406423641587,1.0004162788391113,3.3607728255447e-05
3117.761074000351,1.0005909204483032,3.3567681384738535e-05
3117.822369207526,1.0001002550125122,3.374463994987309e-05
3117.842801042789,1.0001581907272339,3.373472281964496e-05
3117.8632327780433,1.000063180923462,3.373698564246297e-05
3117.883664613073,1.0000643730163574,3.373000072315335e-05
3117.9040962481013,0.9998401999473572,3.371932325535454e-05
3117.9245279826573,0.9997231960296631,3.3719490602379665e-05
3117.9449597172206,0.9995769262313843,3.3716463804012164e-05
3117.965391451551,0.9996803402900696,3.3714910387061536e-05
3117.985823085881,0.9996830224990845,3.372300125192851e-05
3118.006254919739,0.9996769428253174,3.370428385096602e-05
3118.0471183872287,1.000268816947937,3.3625536161707714e-05
3118.0675501208607,1.000187873840332,3.363651194376871e-05
3118.08798185426,1.0001740455627441,3.36375342158135e-05
3118.108413587419,1.0001648664474487,3.364228177815676e-05
3118.1288453203524,0.9999077916145325,3.3652991987764835e-05
3118.149277053286,0.9999010562896729,3.3653806895017624e-05
3118.1697087859793,0.9998568296432495,3.3658747270237654e-05
3118.190140618448,0.999933660030365,3.368373290868476e-05
3118.210572250682,1.000001072883606,3.3680447813821957e-05
3118.2310040829107,1.0000226497650146,3.369708429090679e-05
3118.251435814913,1.0000803470611572,3.3701813663356006e-05
3118.2718674469143,1.0002083778381348,3.3715874451445416e-05
3118.2922992784443,1.0003751516342163,3.372174978721887e-05
3118.312731009981,1.0002624988555908,3.372331411810592e-05
3118.3331626412837,1.0004048347473145,3.37351048074197e-05
3118.353594472581,1.0006468296051025,3.37346937158145e-05
3118.3740262036517,1.000424861907959,3.3737676858436316e-05
3118.394457834489,1.0004417896270752,3.374916559550911e-05
3118.4148896650877,1.000435709953308,3.374557854840532e-05
3118.435321395693,1.0005112886428833,3.375045344000682e-05
3118.4557530260645,1.0005768537521362,3.3756252378225327e-05
3118.4761848561975,1.0004782676696777,3.376225504325703e-05
3118.496616586104,1.0006694793701172,3.3758238714654e-05
3118.5170483160036,1.0005507469177246,3.37643432430923e-05
3118.5374800456775,1.0003846883773804,3.376384120201692e-05
3118.5579117753514,1.0003767013549805,3.375991218490526e-05
3118.578343604786,1.0004271268844604,3.375460801180452e-05
3118.598775333994,1.0002506971359253,3.375837331986986e-05
3118.6192069629687,1.0001436471939087,3.375074447831139e-05
3118.6396387919376,1.000135898590088,3.374380321474746e-05
3118.6600705204473,0.9998086094856262,3.3740081562427804e-05
3118.680502149189,0.9999328255653381,3.373581785126589e-05
3118.7009339774595,0.9996175765991211,3.3721516956575215e-05
3118.7213656057356,0.9995419383049011,3.371849743416533e-05
3118.7417973337797,0.9995468258857727,3.371328057255596e-05
3118.7826607900934,1.0003516674041748,3.3589996746741235e-05
3118.8030925176718,1.0003843307495117,3.36093180521857e-05
3118.823524345011,1.0002901554107666,3.362378993188031e-05
3118.8439559723556,1.0003488063812256,3.3621683542151004e-05
3118.8643876994684,1.0003585815429688,3.363620271557011e-05
3118.8848195263417,1.0002650022506714,3.362982897670008e-05
3118.905251153221,1.0000804662704468,3.362874485901557e-05
3118.9256829798687,1.0002498626708984,3.363455107319169e-05
3118.9461147062757,1.0002410411834717,3.364930671523325e-05
3118.9665463324563,1.0000334978103638,3.365320299053565e-05
3118.9869781586385,1.000085473060608,3.3657557651167735e-05
3119.0074098848127,1.0000361204147339,3.366822420503013e-05
3119.0278416105284,1.0000516176223755,3.36728262482211e-05
3119.048273336244,1.0000516176223755,3.36686716764234e-05
3119.06870506172,1.0002158880233765,3.3683678339002654e-05
3119.0891367872027,1.0001633167266846,3.368905163370073e-05
3119.10956851222,1.0001623630523682,3.37154560838826e-05
3119.13000023723,1.0001753568649292,3.370108606759459e-05
3119.1504319622472,1.0005086660385132,3.3724245440680534e-05
3119.1708637870324,1.0003689527511597,3.371273123775609e-05
3119.191295411576,1.0004074573516846,3.372173523530364e-05
3119.2117271358948,1.0003849267959595,3.373201980139129e-05
3119.2321589602143,1.000483512878418,3.3733787859091535e-05
3119.252590584292,1.000508189201355,3.373368235770613e-05
3119.273022408379,1.0005370378494263,3.37352576025296e-05
3119.293454131999,1.0006027221679688,3.374041261849925e-05
3119.3138857556114,1.0006718635559082,3.374239895492792e-05
3119.3343175792324,1.0005342960357666,3.3743119274731725e-05
3119.354749302387,1.0007212162017822,3.373497020220384e-05
3119.3751809257665,1.0006290674209595,3.374028892721981e-05
3119.395612748689,1.0006898641586304,3.374631342012435e-05
3119.416044471611,1.000716209411621,3.37585479428526e-05
3119.4364760942917,1.000771164894104,3.376247695996426e-05
3119.4569079167486,1.0007081031799316,3.376356471562758e-05
3119.477339539204,1.000583291053772,3.376676977495663e-05
3119.49777126142,1.0007929801940918,3.3761483791749924e-05
3119.518203083411,1.0007120370864868,3.376816675881855e-05
3119.5386348054017,1.0005868673324585,3.3773230825318024e-05
3119.559066527152,1.000518560409546,3.377356188138947e-05
3119.5794982489097,1.0005966424942017,3.377221219125204e-05
3119.5999299704345,1.0002702474594116,3.377208122401498e-05
3119.620361691719,1.0004832744598389,3.376057793502696e-05
3119.6407934127783,1.0002679824829102,3.376110544195399e-05
3119.6612251338374,1.000571846961975,3.376369204488583e-05
3119.6816569546572,1.0001544952392578,3.375017695361748e-05
3119.702088575483,0.9999526143074036,3.374749576323666e-05
3119.7225202960763,0.9999579191207886,3.374048537807539e-05
3119.7838154566853,0.999682605266571,3.37268429575488e-05
3119.8042472768066,0.9997375011444092,3.372881474206224e-05
3119.824678896468,0.9998152256011963,3.373226718395017e-05
3119.84511061613,0.9997512698173523,3.37247911375016e-05
3119.8655424357858,0.9996315836906433,3.372049468453042e-05
3119.8859740549815,0.9995972514152527,3.370830017956905e-05
3119.9064058741787,0.999666154384613,3.370949343661778e-05
3119.926837593368,0.9997995495796204,3.370318881934509e-05
3119.947269212331,0.9996607899665833,3.370147169334814e-05
3119.967701031055,0.9998254776000977,3.369421392562799e-05
3120.008564468051,1.000516653060913,3.3617830922594294e-05
3120.0289961863164,1.0003924369812012,3.362711504450999e-05
3120.0494279045743,1.0003259181976318,3.363335781614296e-05
3120.0698596226066,1.00026273727417,3.364328949828632e-05
3120.090291340399,1.000190019607544,3.363962605362758e-05
3120.1107230581983,1.0001577138900757,3.364449366927147e-05
3120.131154775765,1.0001730918884277,3.364352960488759e-05
3120.151586493099,1.000127911567688,3.366012970218435e-05
3120.1720182104254,1.0000849962234497,3.364479562151246e-05
3120.1924498275257,1.0000331401824951,3.36664124915842e-05
3120.21288164462,1.0000808238983154,3.365757947904058e-05
3120.2333133612556,0.9998992681503296,3.3666616218397394e-05
3120.2537451781245,1.0000382661819458,3.367188764968887e-05
3120.2741767945263,0.999240517616272,3.366185774211772e-05
3120.478493952003,1.0001120567321777,3.371280035935342e-05
3120.4989257670095,1.0002866983413696,3.3703727240208536e-05
3120.519357481775,1.0003315210342407,3.371000639162958e-05
3120.5397891965476,1.0003124475479126,3.3711032301653177e-05
3120.5602209110875,1.0003222227096558,3.3717064070515335e-05
3120.5806526253873,1.0003982782363892,3.372427090653218e-05
3120.6010843396944,1.0003691911697388,3.3715714380377904e-05
3120.6215160537686,1.000510573387146,3.372484934516251e-05
3120.6419477676027,1.000421166419983,3.372232094989158e-05
3120.662379581445,1.0005007982254028,3.372621358721517e-05
3120.6828111950526,1.000486969947815,3.373031722730957e-05
3120.703242908654,1.000755786895752,3.374164953129366e-05
3120.7236747220304,1.0007268190383911,3.374369771336205e-05
3120.7441063351725,1.000738263130188,3.373658546479419e-05
3120.764538048308,1.0007452964782715,3.375261803739704e-05
3120.784969861219,1.0007742643356323,3.374126390554011e-05
3120.8054014741283,1.0007004737854004,3.37559322360903e-05
3120.8258331867983,1.0006071329116821,3.3756390621419996e-05
3120.8462648992427,1.0006967782974243,3.375502637936734e-05
3120.866696611687,1.000715970993042,3.3755553886294365e-05
3120.887128423892,1.0006823539733887,3.3758267818484455e-05
3120.907560036103,1.0006850957870483,3.3756703487597406e-05
3120.9279917480817,1.0006704330444336,3.3756030461518094e-05
3120.948423559821,1.0007219314575195,3.3765212720027193e-05
3120.9688551715662,1.0005425214767456,3.375894812052138e-05
3120.9892868830793,1.0007131099700928,3.376279346412048e-05
3121.009718694586,1.0006836652755737,3.376140375621617e-05
3121.030150405866,1.0006561279296875,3.37627025146503e-05
3121.0505820171456,1.000633716583252,3.376382665010169e-05
3121.0710138279537,1.0005582571029663,3.376582026248798e-05
3121.091445539001,1.0004451274871826,3.376612949068658e-05
3121.111877149582,1.0003877878189087,3.376345193828456e-05
3121.1323089601574,1.0005027055740356,3.376891982043162e-05
3121.152740670739,1.000287652015686,3.376410313649103e-05
3121.173172381081,1.0003398656845093,3.3771892049117014e-05
3121.193604091197,1.0003961324691772,3.377089524292387e-05
3121.214035801313,1.0001983642578125,3.3759570214897394e-05
3121.2344676111898,1.000097632408142,3.376489257789217e-05
3121.2548992208394,1.000145673751831,3.375953747308813e-05
3121.27533093049,0.9999342560768127,3.375753658474423e-05
3121.295762739901,1.0000466108322144,3.375914820935577e-05
3121.316194349318,0.9999098181724548,3.374488005647436e-05
3121.3366260587354,0.9996961355209351,3.373362778802402e-05
3121.357057867681,0.9997031688690186,3.373080107849091e-05
3121.377489476632,0.9997236132621765,3.373453000676818e-05
3121.397921185584,0.9995627403259277,3.372060018591583e-05
3121.4183529940638,0.9994866251945496,3.3719439670676365e-05
3121.438784602782,0.9996131062507629,3.372608625795692e-05
3121.4592163112684,0.9995869994163513,3.3716576581355184e-05
3121.4796481195153,0.9995438456535339,3.371287675690837e-05
3121.500079827536,0.9994147419929504,3.3709595300024375e-05
3121.5205115355566,0.9993898272514343,3.370901322341524e-05
3121.54094324357,0.9994542598724365,3.371256752870977e-05
3121.561374851357,0.9995543956756592,3.368906618561596e-05
3121.5818066589127,0.9995895028114319,3.370244667166844e-05
3121.6022383664604,0.9997516870498657,3.368002217030153e-05
3121.6226699737817,0.9997645020484924,3.367539829923771e-05
3121.643101780872,0.9998728632926941,3.3672316931188107e-05
3121.663533487954,0.9999034404754639,3.3668802643660456e-05
3121.6839650950424,1.0000907182693481,3.3659573091426864e-05
3121.724828608516,1.0001428127288818,3.365926386322826e-05
3121.745260215139,0.999853253364563,3.3669555705273524e-05
3121.7656920215304,0.9999741315841675,3.367083627381362e-05
3121.786123727914,0.9997804760932922,3.368546822457574e-05
3121.8065555340727,0.999958872795105,3.3674034057185054e-05
3121.826987139997,0.9999619722366333,3.369399928487837e-05
3121.847418845915,1.0000522136688232,3.3690706914057955e-05
3121.867850651608,1.0000977516174316,3.370369449839927e-05
3121.8882822572996,1.0000766515731812,3.3709020499372855e-05
3121.908713962752,1.0001556873321533,3.3713688026182353e-05
3121.929145768212,1.00026535987854,3.370784907019697e-05
3121.949577373438,1.0003466606140137,3.372066930751316e-05
3121.9700090786573,1.0003230571746826,3.3711661671986803e-05
3121.990440883652,1.0003873109817505,3.371433922438882e-05
3122.010872488645,1.0004090070724487,3.373006620677188e-05
3122.0313041933987,1.0005145072937012,3.3732285373844206e-05
3122.0517359979276,1.0005360841751099,3.372517676325515e-05
3122.0721677024558,1.0004146099090576,3.3734588214429095e-05
3122.092599406744,1.0004202127456665,3.373873914824799e-05
3122.113031111039,1.0006213188171387,3.37449528160505e-05
3122.1334628151017,1.0005953311920166,3.37434648827184e-05
3122.1538946191577,1.0005486011505127,3.374474181327969e-05
3122.1743262229866,1.0005601644515991,3.374871812411584e-05
3122.1947579267,1.0005935430526733,3.375065716682002e-05
3122.2151896302894,1.0006004571914673,3.376037420821376e-05
3122.23562133377,1.0007710456848145,3.376214954187162e-05
3122.256053037134,1.0006376504898071,3.376031600055285e-05
3122.2764847402577,1.0006294250488281,3.376301901880652e-05
3122.296916443389,1.000657558441162,3.3767413697205484e-05
3122.3173481464037,1.0006121397018433,3.376733366167173e-05
3122.3377798491783,1.0005041360855103,3.376460517756641e-05
3122.3582115519603,1.0005897283554077,3.376379390829243e-05
3122.378643354503,1.0005165338516235,3.377151733729988e-05
3122.399074957051,1.000675082206726,3.376868335180916e-05
3122.4195066593675,1.0006084442138672,3.3771138987503946e-05
3122.439938461568,1.0004383325576782,3.37692690663971e-05
3122.4603700636435,1.0005725622177124,3.377040775376372e-05
3122.4808017656105,1.0004823207855225,3.376749737071805e-05
3122.5012335674546,1.0004934072494507,3.3776756026782095e-05
3122.521665269189,1.0005580186843872,3.377001121407375e-05
3122.542096870806,1.0003806352615356,3.377105895197019e-05
3122.562528672308,1.0004832744598389,3.3770302252378315e-05
3122.5829603736856,1.0004738569259644,3.377360917511396e-05
3122.6033919749534,1.0002354383468628,3.37664459948428e-05
3122.6238237759826,1.000192403793335,3.376662789378315e-05
3122.6442554770183,1.0002206563949585,3.3760956284822896e-05
3122.664687077937,1.0002731084823608,3.3757281926227733e-05
3122.685118878624,1.0000314712524414,3.376641689101234e-05
3122.7055505793032,1.0,3.375725282239728e-05
3122.7259823797576,0.9998346567153931,3.3748161513358355e-05
3122.746413980087,0.9998318552970886,3.3749198337318376e-05
3122.766845680424,0.999841570854187,3.374610605533235e-05
3122.787277480529,0.999771773815155,3.374429797986522e-05
3122.807709080633,0.9998407363891602,3.375955930096097e-05
3122.828140780497,0.9997178316116333,3.375481901457533e-05
3122.848572580253,0.9996976852416992,3.3749613066902384e-05
3122.8690041798836,0.9996634721755981,3.374007428647019e-05
3122.889435879406,0.9995709657669067,3.373661820660345e-05
3122.9098676788126,0.9994231462478638,3.3724005334079266e-05
3122.9302992782177,0.9993444085121155,3.3718064514687285e-05
3122.9507309773835,0.9992667436599731,3.372573701199144e-05
3122.97116267644,0.9992329478263855,3.372451101313345e-05
3122.991594375373,0.9992073178291321,3.371716957190074e-05
3123.0120261741977,0.9992696046829224,3.371220009285025e-05
3123.0324577729043,0.9991626143455505,3.372208448126912e-05
3123.052889471488,0.9991422891616821,3.37138153554406e-05
3123.0733212699633,0.9990972876548767,3.371662023710087e-05
3123.0937529683215,0.9990904331207275,3.370977356098592e-05
3123.114184566555,0.9991558194160461,3.371018829056993e-05
3123.1346163646813,0.9991031289100647,3.369705882505514e-05
3123.15504806269,0.9989990592002869,3.369869227753952e-05
3123.1754796605746,0.999066948890686,3.3706717658787966e-05
3123.1959114583515,0.9990911483764648,3.3701202482916415e-05
3123.216343156011,0.9991040229797363,3.371022830833681e-05
3123.2367747535463,0.9990283846855164,3.371121420059353e-05
3123.257206550974,0.9990451335906982,3.369734258740209e-05
3123.2776382482843,0.9992156028747559,3.370466220076196e-05
3123.298070045472,0.9992062449455261,3.370613922015764e-05
3123.3185016425487,0.9992340803146362,3.3699750929372385e-05
3123.33893333951,0.9991257786750793,3.3690408599795774e-05
3123.359365136348,0.999092698097229,3.3686003007460386e-05
3123.3797967330756,0.9993314743041992,3.3701115171425045e-05
3123.4002284296876,0.999043881893158,3.369650221429765e-05
3123.4206602261766,0.9992531538009644,3.3700638596201316e-05
3123.441091822555,0.9993283748626709,3.369227852090262e-05
3123.4615235188176,0.9991299510002136,3.369332625879906e-05
3123.4819553149573,0.9992793798446655,3.3688680559862405e-05
3123.502387010987,0.9993347525596619,3.369047772139311e-05
3123.5228186070162,0.9990125298500061,3.3699387131491676e-05
3123.5432504028067,0.9990723729133606,3.369699697941542e-05
3123.5636820984873,0.9990408420562744,3.369207479408942e-05
3123.5841137940442,0.9991630911827087,3.368628676980734e-05
3123.6045454896084,0.9991661906242371,3.3687829272821546e-05
3123.62497718494,0.9990425109863281,3.369910336914472e-05
3123.6454088801547,0.9989631772041321,3.369676414877176e-05
3123.6862722703445,1.0003501176834106,3.376979293534532e-05
3123.7067039653193,1.0001717805862427,3.377238681423478e-05
3123.7271356600686,1.0000966787338257,3.376923268660903e-05
3123.747567254817,0.9999868869781494,3.3776017517084256e-05
3123.7679990493343,1.0000299215316772,3.3770589652704075e-05
3123.7884307438435,1.0000286102294922,3.376922177267261e-05
3123.8088623382428,1.0001157522201538,3.376733002369292e-05
3123.82929413252,1.0003563165664673,3.378245673957281e-05
3123.8497258265706,1.0002143383026123,3.377190660103224e-05
3123.870157620622,1.0002132654190063,3.377248867764138e-05
3123.890589214556,1.000227928161621,3.376881795702502e-05
3123.9110209083665,1.000054121017456,3.376981112523936e-05
3123.931452702069,1.000083327293396,3.376866879989393e-05
3123.9518842957623,1.0003265142440796,3.377867687959224e-05
3123.972315989231,1.0003552436828613,3.377585380803794e-05
3123.992747782584,1.0002620220184326,3.377542088855989e-05
3124.013179375819,1.0002233982086182,3.377476241439581e-05
3124.0336110690478,1.000359058380127,3.3774042094592005e-05
3124.0540428620516,1.0003451108932495,3.376855602255091e-05
3124.0744745550473,1.0002646446228027,3.377894245204516e-05
3124.094906147933,1.000506043434143,3.377107350388542e-05
3124.115337940588,1.0003606081008911,3.3774118492146954e-05
3124.1357696332343,1.0003993511199951,3.377336179255508e-05
3124.1562013257717,1.0003478527069092,3.377296889084391e-05
3124.1766330181927,1.0003867149353027,3.377991379238665e-05
3124.2583597868143,1.0004180669784546,3.377238317625597e-05
3124.278791578654,1.0006357431411743,3.3786061976570636e-05
3124.299223170492,1.000432014465332,3.3781772799557075e-05
3124.319654862091,1.000580906867981,3.376945824129507e-05
3124.340086553697,1.0007119178771973,3.3771902963053435e-05
3124.3605182451865,1.0004159212112427,3.3766875276342034e-05
3124.3809499365525,1.0007318258285522,3.3763048122636974e-05
3124.4013816278093,1.0004669427871704,3.3757478377083316e-05
3124.4218133189497,1.000503420829773,3.375524465809576e-05
3124.442245109967,1.0004527568817139,3.3766409615054727e-05
3124.462676700874,1.0004595518112183,3.374874358996749e-05
3124.4831083917816,1.0003057718276978,3.37397723342292e-05
3124.50354018245,1.0002068281173706,3.374566222191788e-05
3124.523971773124,1.0001481771469116,3.373474100953899e-05
3124.544403463682,1.0000741481781006,3.375406231498346e-05
3124.564835254001,1.000125527381897,3.373251456650905e-05
3124.6056985346513,0.9999327063560486,3.373194340383634e-05
3124.6261303247375,0.9997755885124207,3.372402716195211e-05
3124.6465620147137,0.9998120665550232,3.371818456798792e-05
3124.666993604689,0.9998189806938171,3.371165075805038e-05
3124.687425394426,0.9998983144760132,3.3703265216900036e-05
3124.7078570841695,0.9999356865882874,3.3708583941916004e-05
3124.7282888737973,0.9997179508209229,3.369130354258232e-05
3124.7487204633,0.9997037053108215,3.368506077094935e-05
3124.7691521528104,0.9996746778488159,3.369184196344577e-05
3124.789583942198,0.999605655670166,3.367819226696156e-05
3124.8100155313587,0.9996686577796936,3.3687178074615076e-05
3124.83044722052,0.9997488260269165,3.367904355400242e-05
3124.8508790094493,0.9997300505638123,3.367071985849179e-05
3124.8713105983697,0.9997712969779968,3.365455268067308e-05
3124.8917422872983,0.9999291300773621,3.36492812493816e-05
3124.9121740759874,0.999953031539917,3.364793155924417e-05
3124.932605664566,1.0001016855239868,3.364723306731321e-05
3124.953037353029,1.0001540184020996,3.363268479006365e-05
3124.9734691414924,1.0000715255737305,3.362437564646825e-05
3124.993900729831,1.0000934600830078,3.3616241125855595e-05
3125.034764206168,1.000101923942566,3.3610838727327064e-05
3125.055195894165,1.0003520250320435,3.360061964485794e-05
3125.075627582046,1.000342845916748,3.358054527780041e-05
3125.0960592699266,1.0002679824829102,3.3579788578208536e-05
3125.116490857683,1.0005067586898804,3.356815068400465e-05
3125.157354332856,1.0003063678741455,3.3779546356527135e-05
3125.198217707686,1.0003745555877686,3.377404937054962e-05
3125.2186493948684,1.0003373622894287,3.378369001438841e-05
3125.2390809820427,1.0003317594528198,3.377657412784174e-05
3125.2595127691093,1.000528335571289,3.3766875276342034e-05
3125.2799444560515,1.0003715753555298,3.376430686330423e-05
3125.3003762428852,1.000478982925415,3.376323002157733e-05
3125.3208078297175,1.000207781791687,3.376192762516439e-05
3125.341239516434,1.0001845359802246,3.374831430846825e-05
3125.3616713029114,0.9999951720237732,3.373387880856171e-05
3125.3821028893944,0.999739408493042,3.373061917955056e-05
3125.402534575871,0.9996838569641113,3.370492777321488e-05
3125.4229663621227,0.9995825290679932,3.3695083402562886e-05
3125.443397948373,0.9995859265327454,3.368896432220936e-05
3125.4638296345,0.9996541142463684,3.367522367625497e-05
3125.484261420519,0.9997612833976746,3.366080636624247e-05
3125.50469300642,0.9998638033866882,3.36635930580087e-05
3125.5251247921988,0.9999758005142212,3.363805080880411e-05
3125.545556477984,1.000015139579773,3.3623957278905436e-05
3125.565988163653,0.999880313873291,3.360541086294688e-05
3125.586419849198,1.0002115964889526,3.3596901630517095e-05
3125.606851534634,1.0004422664642334,3.356772867846303e-05
3125.647714905266,1.0003225803375244,3.378634573891759e-05
3125.6681465904694,1.0002679824829102,3.3792843169067055e-05
3125.688578275556,1.0003843307495117,3.3781059755710885e-05
3125.70901006052,1.0003337860107422,3.3777545468183234e-05
3125.7294416454897,1.000226378440857,3.37750643666368e-05
3125.7498733303437,1.0002480745315552,3.377324901521206e-05
3125.770305015074,1.0001481771469116,3.377039320184849e-05
3125.790736699695,1.0002609491348267,3.3768086723284796e-05
3125.8111684842006,1.0001444816589355,3.3758606150513515e-05
3125.8316000686973,1.0001308917999268,3.375193409738131e-05
3125.8520317530856,1.0000396966934204,3.376016684342176e-05
3125.872463537351,1.0002368688583374,3.379028566996567e-05
3125.892895121622,0.9998119473457336,3.377928078407422e-05
3125.913326805661,0.9998121857643127,3.37874298566021e-05
3125.933758589701,0.9996727108955383,3.378166729817167e-05
3125.9541901736156,0.999576985836029,3.378647306817584e-05
3125.974621857422,0.9993836879730225,3.377966277184896e-05
3125.9950536412216,0.9994276762008667,3.378684777999297e-05
3126.0154852249107,0.9994843602180481,3.378400288056582e-05
3126.035916908484,0.9993273019790649,3.379449117346667e-05
3126.056348691942,0.9994547963142395,3.3782347600208595e-05
3126.0767803753915,0.9996604323387146,3.3781398087739944e-05
3126.0972120586157,0.999697744846344,3.3784988772822544e-05
3126.1176437418326,0.9995245337486267,3.378131805220619e-05
3126.1380754250567,0.999821662902832,3.377909160917625e-05
3126.158507108048,0.9998655915260315,3.3776206691982225e-05
3126.1789387910394,0.9998116493225098,3.3781772799557075e-05
3126.199370473907,0.9998318552970886,3.37836827384308e-05
3126.2198022566663,1.000029444694519,3.379012196091935e-05
3126.2402338394168,1.0000706911087036,3.3769789297366515e-05
3126.260665522059,1.000148057937622,3.3770189475035295e-05
3126.2810973045853,1.0003557205200195,3.376545282662846e-05
3126.3015288869938,1.000349998474121,3.3764023100957274e-05
3126.3219605693957,1.0005254745483398,3.374947846168652e-05
3126.3423923516893,1.0005240440368652,3.374083462404087e-05
3126.383255716035,0.9999746084213257,3.372989158378914e-05
3126.4036873979785,1.0002086162567139,3.376590393600054e-05
3126.4241189800377,1.0003117322921753,3.377012399141677e-05
3126.4445507618584,1.000443696975708,3.3772252209018916e-05
3126.464982443569,1.000300407409668,3.3774031180655584e-05
3126.485414025272,1.0003455877304077,3.378483961569145e-05
3126.5058458069834,1.0002154111862183,3.379226109245792e-05
3126.5262773884606,1.0001695156097412,3.3798485674196854e-05
3126.5467090699385,1.000057339668274,3.379971894901246e-05
3126.5671408512935,0.999854326248169,3.378679321031086e-05
3126.5875725325386,0.9998368620872498,3.3793567126849666e-05
3126.6080042137764,0.9996488690376282,3.379678673809394e-05
3126.628435894905,0.9995586276054382,3.379007102921605e-05
3126.6488675759174,0.9994047284126282,3.379949339432642e-05
3126.6692992569224,0.9996103048324585,3.38054851454217e-05
3126.689730937702,0.9998524785041809,3.3797532523749396e-05
3126.7101626185977,0.9999377131462097,3.379088593646884e-05
3126.7305942992534,1.0001578330993652,3.378528344910592e-05
3126.7510259799164,1.000070333480835,3.3786363928811625e-05
3126.771457660463,1.0001420974731445,3.377353277755901e-05
3126.7918894408867,1.0004810094833374,3.3757281926227733e-05
3126.812321021316,1.0003931522369385,3.3758431527530774e-05
3126.83275270163,1.0004469156265259,3.3736876503098756e-05
3126.8736160620174,1.000302791595459,3.3771841117413715e-05
3126.894047842099,1.0002869367599487,3.3784337574616075e-05
3126.9144795220564,1.0002977848052979,3.378976907697506e-05
3126.93491110202,1.0000797510147095,3.379293775651604e-05
3126.955342881869,0.9998947978019714,3.380214548087679e-05
3126.9757745615934,0.9998502135276794,3.3787164284149185e-05
3126.9962061413244,0.9996795058250427,3.380228008609265e-05
3127.0166379209404,0.9995039105415344,3.3791766327340156e-05
3127.037069600432,0.9994642734527588,3.38028185069561e-05
3127.0575012798145,0.9996101260185242,3.3793869079090655e-05
3127.077932959197,0.9997687339782715,3.3792031899793074e-05
3127.098364638572,0.9998588562011719,3.3793367038015276e-05
3127.1187963177217,0.9999147057533264,3.37985620717518e-05
3127.1392279968713,0.9999251961708069,3.379152622073889e-05
3127.1596596760137,1.0000755786895752,3.377469693077728e-05
3127.1800913549305,1.0003080368041992,3.377937900950201e-05
3127.2005230338473,1.000518798828125,3.376838503754698e-05
3127.220954712757,1.000467300415039,3.376112726982683e-05
3127.2413863914408,1.0006358623504639,3.3733587770257145e-05
3127.2618180701247,1.0002992153167725,3.3712483855197206e-05
3127.2822497488014,0.9998167753219604,3.368657053215429e-05
3127.3026815272533,0.9991269111633301,3.3651729609118775e-05
3127.32311310582,0.9982346892356873,3.36173216055613e-05
3127.363976562483,0.999559223651886,3.3791817259043455e-05
3127.3844081407005,0.999477744102478,3.380568523425609e-05
3127.4048399189123,0.9996051788330078,3.379788904567249e-05
3127.425271597014,0.9997080564498901,3.379123882041313e-05
3127.445703174999,0.9998682141304016,3.3794920454965904e-05
3127.466134952978,0.9999576807022095,3.379699046490714e-05
3127.486566630847,1.0000338554382324,3.3786651329137385e-05
3127.506998208599,1.0003563165664673,3.3789867302402854e-05
3127.527429986345,1.0003894567489624,3.378410474397242e-05
3127.547861663981,1.0005381107330322,3.376904714968987e-05
3127.5682932416166,1.000598669052124,3.377989924047142e-05
3127.629588473814,0.9986444115638733,3.361981362104416e-05
3127.6500200512164,0.9986574649810791,3.364524309290573e-05
3127.670451728387,0.9991207122802734,3.365808879607357e-05
3127.690883505551,0.999221682548523,3.366712553543039e-05
3127.7113150826044,0.9992907643318176,3.367561293998733e-05
3127.7317467596586,0.999614417552948,3.370219565113075e-05
3127.75217853659,0.9998173117637634,3.371283310116269e-05
3127.772610213411,0.9997961521148682,3.372429637238383e-05
3127.7930417902317,1.0000289678573608,3.372503852006048e-05
3127.8134735670465,1.000125527381897,3.374871812411584e-05
3127.833905243635,1.0003243684768677,3.3755117328837514e-05
3127.8543368202227,1.0002802610397339,3.374388688826002e-05
3127.8747685968046,1.0005340576171875,3.3773529139580205e-05
3127.895200173276,1.0004926919937134,3.3781383535824716e-05
3127.9156319496324,1.0004078149795532,3.378772089490667e-05
3127.9360636258643,1.0006283521652222,3.3786389394663274e-05
3127.9564952022192,1.0002888441085815,3.379360350663774e-05
3127.976926978343,1.000239372253418,3.380310954526067e-05
3127.9973586544584,1.0003337860107422,3.3810618333518505e-05
3128.0177902305804,1.0000582933425903,3.3803062251536176e-05
3128.038222006471,1.0000379085540771,3.381141141289845e-05
3128.058653682354,1.0000585317611694,3.3809417800512165e-05
3128.079085258243,0.9996626973152161,3.3805150451371446e-05
3128.0995170340175,0.9997999668121338,3.3809519663918763e-05
3128.119948709784,0.9994502067565918,3.3797932701418176e-05
3128.1403804853253,0.9994933605194092,3.380275666131638e-05
3128.1608120609817,0.9996477961540222,3.3808442822191864e-05
3128.181243736515,0.9996016621589661,3.3802301913965493e-05
3128.2016755119403,0.9996280670166016,3.381093483767472e-05
3128.2221070872474,1.0000485181808472,3.380355701665394e-05
3128.242538762548,0.9999596476554871,3.380561247467995e-05
3128.2629705378567,0.9999545216560364,3.380798807484098e-05
3128.283402213041,0.9999428987503052,3.3802811230998486e-05
3128.3038337881153,1.0000206232070923,3.3783962862798944e-05
3128.34469723815,1.000443696975708,3.374790321686305e-05
3128.3651288131005,1.0003732442855835,3.377526445547119e-05
3128.3855605879435,1.000449299812317,3.376559106982313e-05
3128.4059922627785,1.0004693269729614,3.378028122824617e-05
3128.426424037505,1.0005253553390503,3.378484325367026e-05
3128.44685561223,1.000380516052246,3.3796084608184174e-05
3128.4672872868396,1.000413179397583,3.3799249649746343e-05
3128.487719061326,1.0001448392868042,3.380906491656788e-05
3128.5081506358183,1.0000642538070679,3.381250280654058e-05
3128.528582310304,0.9998797178268433,3.381341230124235e-05
3128.549013984564,0.9997142553329468,3.3805950806709006e-05
3128.569445658941,0.9996356964111328,3.381660280865617e-05
3128.589877333201,0.9994645118713379,3.381032729521394e-05
3128.6103090073375,0.9994956851005554,3.38096906489227e-05
3128.6307406814813,0.9994529485702515,3.3815260394476354e-05
3128.651172455502,0.9996142387390137,3.381438727956265e-05
3128.6716040295287,0.9997363090515137,3.3810832974268124e-05
3128.6920357034396,0.9997749328613281,3.380616180947982e-05
3128.7124674772276,0.9998026490211487,3.380497946636751e-05
3128.732899051138,0.999896228313446,3.379544796189293e-05
3128.753330724816,1.000020146369934,3.380601992830634e-05
3128.7737624984875,1.000364899635315,3.37962519552093e-05
3128.7941941721656,1.0005427598953247,3.3786327549023554e-05
3128.8350575191653,1.0002270936965942,3.380839916644618e-05
3128.8554891926105,1.0001537799835205,3.380842099431902e-05
3128.875920766055,1.0001051425933838,3.381400529178791e-05
3128.8963525393774,0.9998239278793335,3.381895658094436e-05
3128.9167842127063,0.9995009303092957,3.381042552064173e-05
3128.9372159859195,0.9993748068809509,3.380153066245839e-05
3128.9576475590075,0.9995099306106567,3.380875205039047e-05
3128.9780792321035,0.9997011423110962,3.381939313840121e-05
3128.9985110052003,0.9997059106826782,3.382064096513204e-05
3129.018942578172,0.9999544620513916,3.3802436519181356e-05
3129.0393742511515,0.9999935626983643,3.380295675015077e-05
3129.0598060240154,1.0000019073486328,3.380027555976994e-05
3129.080237596754,1.0002834796905518,3.379751797183417e-05
3129.100669269501,1.0003725290298462,3.379123518243432e-05
3129.1211010422485,1.000528335571289,3.378549081389792e-05
3129.141532614871,1.0004925727844238,3.37691162712872e-05
3129.161964387502,1.0003257989883423,3.373989966348745e-05
3129.243691077201,0.998228132724762,3.363815267221071e-05
3129.3254177661947,0.999468207359314,3.3823816920630634e-05
3129.345849438243,0.9996204376220703,3.380791167728603e-05
3129.3662811102913,0.999697744846344,3.38174395437818e-05
3129.3867127823323,0.9998401999473572,3.381293936399743e-05
3129.407144454264,0.999972939491272,3.381104761501774e-05
3129.4275761260797,1.0002275705337524,3.379992995178327e-05
3129.4480078978886,1.000504970550537,3.3799547964008525e-05
3129.4684394697033,1.0005613565444946,3.37866076733917e-05
3129.4888711414023,1.0004723072052002,3.376714084879495e-05
3129.509302913095,1.0003169775009155,3.375120650161989e-05
3129.5297344846767,0.999646008014679,3.3729233109625056e-05
3129.5910294991845,1.000110387802124,3.3820851967902854e-05
3129.611461270644,1.0000139474868774,3.382269642315805e-05
3129.631892941994,0.9999601244926453,3.3825130230979994e-05
3129.652324513343,0.9996439814567566,3.382001523277722e-05
3129.672756284577,0.9994019865989685,3.381192800588906e-05
3129.6931879558033,0.9994215965270996,3.381670103408396e-05
3129.7136195269195,0.9992610216140747,3.382056092959829e-05
3129.73405129803,0.9992678165435791,3.3821590477600694e-05
3129.7544829690305,0.9995552897453308,3.381452552275732e-05
3129.774914640031,0.9995318651199341,3.381396527402103e-05
3129.7953463110316,0.9996249675750732,3.381949500180781e-05
3129.8157779819085,0.9998291730880737,3.382004069862887e-05
3129.8362096527926,0.9998675584793091,3.38048193953e-05
3129.856641323553,0.9999390244483948,3.381089845788665e-05
3129.8770729943208,0.9999192357063293,3.3803102269303054e-05
3129.8975047650893,1.0001715421676636,3.3813572372309864e-05
3129.9179364357333,1.0001484155654907,3.3799045922933146e-05
3129.9383680062674,1.0003973245620728,3.379787449375726e-05
3129.9587996769187,1.0004695653915405,3.3783475373638794e-05
3129.9792313474463,1.0005009174346924,3.37761957780458e-05
3129.999663017865,1.0005111694335938,3.375707456143573e-05
3130.020094788284,1.0004249811172485,3.374325024196878e-05
3130.0609580289965,0.9994170069694519,3.382545037311502e-05
3130.0813897992994,0.9994437098503113,3.3820939279394224e-05
3130.101821369477,0.9993603229522705,3.381009082659148e-05
3130.1222531396634,0.9996298551559448,3.381335045560263e-05
3130.142684809849,0.9997037053108215,3.3810141758294776e-05
3130.1631163799175,0.9997630715370178,3.381344140507281e-05
3130.18354814998,0.9998454451560974,3.380658745300025e-05
3130.2039798200494,1.0001806020736694,3.380369525984861e-05
3130.224411389994,1.000404953956604,3.380190173629671e-05
3130.2448431598314,1.0006028413772583,3.3802763937273994e-05
3130.265274829784,1.0004842281341553,3.378366818651557e-05
3130.3061381693333,0.9994537234306335,3.381058922968805e-05
3130.3265698390533,0.9995080828666687,3.381835631444119e-05
3130.3470016087667,0.9996535778045654,3.3819676900748163e-05
3130.367433178486,0.9997504949569702,3.381177884875797e-05
3130.3878648480895,0.9998936653137207,3.3815973438322544e-05
3130.40829661757,0.999764621257782,3.380764974281192e-05
3130.428728187173,1.0000355243682861,3.3812193578341976e-05
3130.44915985666,1.000249981880188,3.379908957867883e-05
3130.4695916260243,1.0003583431243896,3.37974306603428e-05
3130.490023295395,1.0004578828811646,3.379223926458508e-05
3130.510454864765,1.0006135702133179,3.3777771022869274e-05
3130.5513183033836,0.9995285868644714,3.372557330294512e-05
3130.571750072515,0.9999755024909973,3.373848448973149e-05
3130.5921816417685,1.0002199411392212,3.374876541784033e-05
3130.6126133109065,1.0002846717834473,3.376365566509776e-05
3130.6330449800444,1.000345230102539,3.377694156370126e-05
3130.6534766490586,1.0002987384796143,3.3787600841606036e-05
3130.6739082180793,1.0001640319824219,3.379238842171617e-05
3130.6943399870943,1.0000940561294556,3.3799547964008525e-05
3130.7147716559994,1.0000163316726685,3.381402711966075e-05
3130.7352032249037,0.9998217821121216,3.380654743523337e-05
3130.7556349938095,0.9995777606964111,3.3822063414845616e-05
3130.776066662591,0.9994497299194336,3.382487193448469e-05
3130.7964984313803,0.999316394329071,3.381737769814208e-05
3130.8169300000445,0.9993434548377991,3.382160502951592e-05
3130.8373616687168,0.9994438290596008,3.3817810617620125e-05
3130.85779343739,0.9995676279067993,3.3812608307925984e-05
3130.8782250060613,0.9996025562286377,3.3808089938247576e-05
3130.89865667461,0.999687910079956,3.381996066309512e-05
3130.9190884431664,0.9997445940971375,3.380391717655584e-05
3130.939520111715,0.9999986290931702,3.380388443474658e-05
3130.9599516801536,1.0002877712249756,3.380135240149684e-05
3130.980383448594,1.0002996921539307,3.378108885954134e-05
3131.000815117026,1.0003697872161865,3.377592292963527e-05
3131.041678453672,0.9998779892921448,3.382157228770666e-05
3131.0621101219876,0.9996314644813538,3.382046998012811e-05
3131.082541890195,0.9994736313819885,3.381494025234133e-05
3131.102973458401,0.9992464184761047,3.38184145221021e-05
3131.1234051266,0.9992888569831848,3.382464637979865e-05
3131.143836894691,0.9994746446609497,3.3823103876784444e-05
3131.164268462897,0.9997232556343079,3.381145870662294e-05
3131.1847001308633,0.9998586773872375,3.382398790563457e-05
3131.2051318989543,0.9998934268951416,3.381089845788665e-05
3131.2255634669273,0.9998941421508789,3.381795613677241e-05
3131.2459952348945,1.0003143548965454,3.380231646588072e-05
3131.286858470725,0.999646782875061,3.3820477256085724e-05
3131.3072902385757,0.9993124604225159,3.3819473173934966e-05
3131.3277218064322,0.9991521239280701,3.381600618013181e-05
3131.3481534742896,0.9993991255760193,3.383377770660445e-05
3131.368585242024,0.999642014503479,3.381462374818511e-05
3131.389016809764,0.9997686743736267,3.382129216333851e-05
3131.4094484773887,1.000135064125061,3.380766065674834e-05
3131.4298802450066,1.0003232955932617,3.380681300768629e-05
3131.450311812747,1.0003297328948975,3.379552435944788e-05
3131.4707435802557,1.0004578828811646,3.3778709621401504e-05
3131.491175247873,1.0004196166992188,3.375353117007762e-05
3131.5524702502735,0.9996250867843628,3.37159181071911e-05
3131.5729019177816,0.9998936653137207,3.3761130907805637e-05
3131.5933335851732,1.0000289678573608,3.37505953211803e-05
3131.6137652525576,1.000108242034912,3.3753451134543866e-05
3131.634196919833,1.0003159046173096,3.3774478652048856e-05
3131.654628687218,1.0003368854522705,3.378115070518106e-05
3131.6750602544926,1.0001204013824463,3.378264591447078e-05
3131.6954920217686,1.0001373291015625,3.38084610120859e-05
3131.7159236889274,1.0001875162124634,3.381161150173284e-05
3131.7363552561947,1.0001286268234253,3.381304122740403e-05
3131.7567870231214,1.0000112056732178,3.381472561159171e-05
3131.777218690273,0.999893307685852,3.381618807907216e-05
3131.7976502573147,0.9995757341384888,3.382465001777746e-05
3131.8180820244743,0.9995921850204468,3.3828218874987215e-05
3131.8385136915167,0.9992486834526062,3.3820098906289786e-05
3131.8589452584347,0.9991865158081055,3.3827003790065646e-05
3132.104125360471,0.998481273651123,3.377089524292387e-05
3132.124557027164,1.0000483989715576,3.3791478927014396e-05
3132.1449887937342,1.0002459287643433,3.380350972292945e-05
3132.1654204604274,1.0001726150512695,3.3814721973612905e-05
3132.1858520270034,0.9998236894607544,3.382177965249866e-05
3132.2062837935737,0.999736487865448,3.381258648005314e-05
3132.226715460034,0.9993366003036499,3.3814994822023436e-05
3132.24714702661,0.9990509748458862,3.381811620783992e-05
3132.267578793064,0.9990809559822083,3.381547503522597e-05
3132.2880104595242,0.9990705251693726,3.381951682968065e-05
3132.308442025984,0.9993125200271606,3.382132126716897e-05
3132.3493054587816,0.9996278285980225,3.3812695619417354e-05
3132.3697372251263,0.9998013377189636,3.3820913813542575e-05
3132.390168791462,0.9998596906661987,3.3818450901890174e-05
3132.410600457806,1.0000001192092896,3.381105852895416e-05
3132.431032224151,1.0002954006195068,3.3807929867180064e-05
3132.4514637903703,1.0003650188446045,3.3786975109251216e-05
3132.471895456598,1.0003767013549805,3.3787175198085606e-05
3132.5127587890456,0.9992265105247498,3.382450813660398e-05
3132.533190455273,0.9991505742073059,3.382674913154915e-05
3132.553622221443,0.9991336464881897,3.3817959774751216e-05
3132.5740537876045,0.9991656541824341,3.382198337931186e-05
3132.5944855537164,0.9995216727256775,3.3830419852165505e-05
3132.6149172198275,0.9996411204338074,3.382931026862934e-05
3132.635348885873,0.9998622536659241,3.3813445043051615e-05
3132.655780551926,0.9998078346252441,3.3813070331234485e-05
3132.676212217979,1.0002961158752441,3.380195630597882e-05
3132.6966438840245,1.000291347503662,3.3797285141190514e-05
3132.717075550019,1.000339150428772,3.3778596844058484e-05
3132.7579387819424,0.9995815753936768,3.3832948247436434e-05
3132.7783705478796,0.999224841594696,3.383589501027018e-05
3132.798802213816,0.9990739226341248,3.3820288081187755e-05
3132.819233979688,0.999157190322876,3.382278373464942e-05
3132.8396655456236,0.9993622303009033,3.382706563570537e-05
3132.8600972114436,0.9995540976524353,3.382478098501451e-05
3132.8805289773154,0.9996219873428345,3.3818749216152355e-05
3132.9009605431347,0.9998428821563721,3.381532951607369e-05
3132.921392208955,1.000084638595581,3.3824202546384186e-05
3132.9418239747683,1.0003647804260254,3.3822776458691806e-05
3132.9622555405294,1.0004220008850098,3.378811015863903e-05
3133.0031189720467,0.9996680021286011,3.3838874514913186e-05
3133.0235505377495,0.9993453025817871,3.383107832632959e-05
3133.0439823034467,0.9992081522941589,3.382679642527364e-05
3133.0644139691503,0.999122679233551,3.382861177669838e-05
3133.0848455348532,0.9992988109588623,3.382384602446109e-05
3133.105277300492,0.9995031952857971,3.382143040653318e-05
3133.1257089661376,0.9996867179870605,3.382987415534444e-05
3133.146140631783,0.9998405575752258,3.381769056431949e-05
3133.166572297421,1.0002715587615967,3.380716952960938e-05
3133.1870039630085,1.0003345012664795,3.3811356843216345e-05
3133.2074356285957,1.000335454940796,3.3780284866224974e-05
3133.2482989597047,0.9992939233779907,3.382734576007351e-05
3133.2687307252345,0.9991201758384705,3.381531496415846e-05
3133.2891623907562,0.9992693066596985,3.382911017979495e-05
3133.3095939562845,0.9995946288108826,3.382284558028914e-05
3133.330025721756,0.9997304081916809,3.382398062967695e-05
3133.350457387278,1.0000522136688232,3.382625800441019e-05
3133.370888952748,1.0004041194915771,3.3811793400673196e-05
3133.3913207182195,1.0003918409347534,3.379574991413392e-05
3133.4117522836823,1.0003005266189575,3.3773452742025256e-05
3133.4321840490957,0.9998769760131836,3.375759843038395e-05
3133.4526157145083,0.9992716312408447,3.3724081731634215e-05
3133.4934790453262,0.9990942478179932,3.3677708415780216e-05
3133.513910710739,0.9992636442184448,3.369218029547483e-05
3133.534342276085,0.9994139075279236,3.369666592334397e-05
3133.5547740414404,0.9991801381111145,3.368409306858666e-05
3133.575205706795,0.9993487596511841,3.3687578252283856e-05
3133.595637272141,0.9994758367538452,3.370461126905866e-05
3133.6160690374963,0.9997357726097107,3.371606726432219e-05
3133.6365007027925,0.9999501705169678,3.3730299037415534e-05
3133.6569324680822,1.0000710487365723,3.375589949428104e-05
3133.6773640333777,1.0003396272659302,3.377325992914848e-05
3133.697795698732,1.0003650188446045,3.3780823287088424e-05
3133.7182274639636,1.000322699546814,3.3793679904192686e-05
3133.738659029259,1.0003440380096436,3.381232454557903e-05
3133.759090694497,1.0002375841140747,3.38110257871449e-05
3133.7795224597285,1.000032663345337,3.3821463148342445e-05
3133.7999541250247,1.0001566410064697,3.382917566341348e-05
3133.820385690262,0.9998536705970764,3.381765418453142e-05
3133.8408174554934,0.9995402097702026,3.383337025297806e-05
3133.861249120673,0.999352216720581,3.383371949894354e-05
3133.881680785911,0.9991121292114258,3.383331568329595e-05
3133.9021124510837,0.9991945624351501,3.382156137377024e-05
3133.9225441163217,0.999191164970398,3.38350328092929e-05
3133.942975881495,0.9994031190872192,3.3823816920630634e-05
3133.963407446674,0.9994664788246155,3.382296199561097e-05
3133.9838391118537,0.9996762275695801,3.381958958925679e-05
3134.004270876969,0.999779999256134,3.38276986440178e-05
3134.024702442148,1.0000096559524536,3.38243626174517e-05
3134.0451341073276,1.0003658533096313,3.381790520506911e-05
3134.065565772442,1.0005046129226685,3.382504655746743e-05
3134.0859974376217,1.000462532043457,3.3804350096033886e-05
3134.106429202744,1.0003721714019775,3.379106055945158e-05
3134.126860767865,1.0000649690628052,3.3769087167456746e-05
3134.147292432979,0.9994664788246155,3.373579238541424e-05
3134.1677241981015,0.9992692470550537,3.372718128957786e-05
3134.188155763215,0.9984127879142761,3.367870885995217e-05
3134.2290191934007,0.9992198348045349,3.3826705475803465e-05
3134.2494507585798,0.9991148710250854,3.3831660402938724e-05
3134.269882423636,0.9992294907569885,3.383515650057234e-05
3134.2903141887,0.9994880557060242,3.382742579560727e-05
3134.3107457538135,0.999633252620697,3.3833184716058895e-05
3134.3311775188777,0.999833881855011,3.3832133340183645e-05
3134.3516091839992,0.9998816847801208,3.3827043807832524e-05
3134.3720408490553,1.0001767873764038,3.3830834581749514e-05
3134.3924725141187,1.0005414485931396,3.3832573535619304e-05
3134.412904179182,1.0004279613494873,3.380743146408349e-05
3134.4333358442964,1.0003647804260254,3.37920973834116e-05
3134.474199174423,0.999392032623291,3.3828007872216403e-05
3134.49463093948,0.9995753169059753,3.384498995728791e-05
3134.5150626045433,0.9996987581253052,3.384032970643602e-05
3134.535494169606,1.0000700950622559,3.3829233871074393e-05
3134.555925934663,1.0002766847610474,3.382382055860944e-05
3134.576357599726,1.0006029605865479,3.382505747140385e-05
3134.596789164789,1.0006027221679688,3.38114368787501e-05
3134.6172209298456,1.0003478527069092,3.379429108463228e-05
3134.637652594909,1.0001620054244995,3.378191468073055e-05
3134.6580841599716,0.9994844794273376,3.3752778108464554e-05
3134.6785159250285,0.9989985823631287,3.371152706677094e-05
3134.719379255155,0.9997838139533997,3.384281080798246e-05
3134.7398109202113,0.9995596408843994,3.3838565286714584e-05
3134.7602425852747,0.9994685053825378,3.384695082786493e-05
3134.780674250338,0.9994445443153381,3.383574585313909e-05
3134.801105915394,0.9995952248573303,3.384025694685988e-05
3134.8215374804568,0.9997958540916443,3.383516741450876e-05
3134.841969245521,0.9997908473014832,3.383673174539581e-05
3134.862400910577,1.000174880027771,3.384421142982319e-05
3134.8828325756404,1.0002530813217163,3.3830245229182765e-05
3134.9032642407037,1.000569462776184,3.381868009455502e-05
3134.923695905818,1.0006372928619385,3.3807384170359e-05
3134.9645592359448,1.0003880262374878,3.380098132765852e-05
3134.984990901001,1.0002316236495972,3.382263457751833e-05
3135.005422666123,1.0002142190933228,3.383569492143579e-05
3135.0258543311793,0.9999649524688721,3.38404206559062e-05
3135.0462858963,0.999524712562561,3.38517056661658e-05
3135.0667176613642,0.9993682503700256,3.383859439054504e-05
3135.087149326486,0.9993564486503601,3.383046350791119e-05
3135.1075808915994,0.9996721148490906,3.384599040145986e-05
3135.1280126567217,0.9999133944511414,3.383521470823325e-05
3135.148444321836,1.0001212358474731,3.3840413379948586e-05
3135.1688760869583,1.0002775192260742,3.3828680898295715e-05
3135.2097393172007,1.0005065202713013,3.3820586395449936e-05
3135.230171082316,1.0003174543380737,3.3840540709206834e-05
3135.250602647495,0.9999318718910217,3.384035517228767e-05
3135.2710343126673,0.9995994567871094,3.384222145541571e-05
3135.2914660777897,0.9994087815284729,3.3843265555333346e-05
3135.3118976429687,0.99940025806427,3.383911825949326e-05
3135.3323293081485,0.9995314478874207,3.3837011869763955e-05
3135.3527610733217,0.9997550845146179,3.384546653251164e-05
3135.3731926385008,1.0000299215316772,3.384751107660122e-05
3135.393624403674,1.0003353357315063,3.3842716220533475e-05
3135.414056068854,1.0006150007247925,3.38409845426213e-05
3135.4549193992643,1.0000286102294922,3.373978688614443e-05
3135.4753509645016,0.999972939491272,3.374031075509265e-05
3135.4957826297396,1.0003670454025269,3.37697820214089e-05
3135.516214394971,1.0005358457565308,3.377772372914478e-05
3135.536646060209,1.0004736185073853,3.378704423084855e-05
3135.557077725505,1.000461220741272,3.380953421583399e-05
3135.577509390736,1.0005494356155396,3.381231726962142e-05
3135.597941056032,1.0004570484161377,3.382523937034421e-05
3135.61837272127,1.0003124475479126,3.38353420374915e-05
3135.6388043866173,1.0003689527511597,3.385071249795146e-05
3135.6592360519135,1.0001442432403564,3.385001764399931e-05
3135.6796678172104,0.9998923540115356,3.3844116842374206e-05
3135.700099382557,0.9996775984764099,3.384814044693485e-05
3135.720531047853,0.9994856119155884,3.384187220945023e-05
3135.740962813208,0.9994330406188965,3.383942384971306e-05
3135.7613943785545,0.999492347240448,3.384951196494512e-05
3135.781826143968,0.9995502233505249,3.38526297127828e-05
3135.8022578093223,0.999875545501709,3.385365198482759e-05
3135.822689374727,0.9999018311500549,3.384521187399514e-05
3135.843121140082,1.0001689195632935,3.383845614735037e-05
3135.8635528055456,1.000296711921692,3.384967931197025e-05
3135.8839843709575,1.0005687475204468,3.385071249795146e-05
3135.904416136371,1.000540018081665,3.383585135452449e-05
3135.9452793673045,0.9998158812522888,3.3845168218249455e-05
3135.965711132776,0.9999299049377441,3.3848195016616955e-05
3135.986142798298,1.000004768371582,3.385382660781033e-05
3136.0065745637694,1.0004287958145142,3.384880255907774e-05
3136.0270061292977,1.000477910041809,3.384847877896391e-05
3136.0474377948267,1.0008400678634644,3.3840500691439956e-05
3136.0678695604074,1.0006306171417236,3.382300565135665e-05
3136.0883011259357,1.0007067918777466,3.3813696063589305e-05
3136.1087327915156,1.0001637935638428,3.378107430762611e-05
3136.129164457103,0.9997255206108093,3.3759330108296126e-05
3136.1495961227483,0.9988462328910828,3.372954233782366e-05
3136.1904595539745,0.9999421238899231,3.384546289453283e-05
3136.210891119619,0.9997209310531616,3.38687386829406e-05
3136.231322885258,0.9992840886116028,3.3851185435196385e-05
3136.251754550962,0.999613344669342,3.3860040275612846e-05
3136.2721861166647,0.9998488426208496,3.386086245882325e-05
3136.292617882362,0.9998679757118225,3.3855063520604745e-05
3136.3130495481237,1.0002461671829224,3.385421587154269e-05
3136.333481113885,1.0004093647003174,3.3858566894195974e-05
3136.35391287964,1.0007117986679077,3.3853586501209065e-05
3136.374344545402,1.000748634338379,3.384091905900277e-05
3136.394776311223,1.0006630420684814,3.3818523661466315e-05
3136.435639542855,0.999809980392456,3.386617754586041e-05
3136.456071308734,0.9998428821563721,3.3853873901534826e-05
3136.476502874604,0.9999307990074158,3.3860367693705484e-05
3136.4969345404825,1.0003324747085571,3.386127718840726e-05
3136.5173663064197,1.0005165338516235,3.38529898726847e-05
3136.537797872348,1.0005557537078857,3.384338924661279e-05
3136.5582295382846,1.0007076263427734,3.382834984222427e-05
3136.578661304222,1.0006860494613647,3.380878843017854e-05
3136.5990928702086,1.0004206895828247,3.3801636163843796e-05
3136.619524636262,0.999720573425293,3.377483881195076e-05
3136.639956302257,0.9990962743759155,3.374575317138806e-05
3136.6808196343554,0.9995177984237671,3.3853448258014396e-05
3136.7012513004665,0.999631404876709,3.386240132385865e-05
3136.7216829665704,0.999740481376648,3.3852109481813386e-05
3136.7421146326815,0.999890923500061,3.38583740813192e-05
3136.762546298851,1.0000581741333008,3.3853735658340156e-05
3136.782977965013,1.0004026889801025,3.386402386240661e-05
3136.8034096312404,1.0005933046340942,3.385395393706858e-05
3136.8238412974097,1.000677466392517,3.386397656868212e-05
3136.8442730636307,1.0006098747253418,3.382461363798939e-05
3136.8647046299157,1.0003293752670288,3.380409543751739e-05
3136.8851362962014,0.9999367594718933,3.377352186362259e-05
3136.925999628824,0.9979827404022217,3.3764361432986334e-05
3136.9464312951677,0.9984424114227295,3.363000359968282e-05
3136.9668630615633,0.9989829063415527,3.3666790841380134e-05
3136.9872946279647,0.9996452927589417,3.372091305209324e-05
3137.007726294367,0.9999534487724304,3.375597589183599e-05
3137.0281580608207,1.0003257989883423,3.376915992703289e-05
3137.0485896272803,1.000517725944519,3.380631096661091e-05
3137.0690213937924,1.0007442235946655,3.381129863555543e-05
3137.089453060311,1.0007518529891968,3.383395232958719e-05
3137.1098846268287,1.0005208253860474,3.385643140063621e-05
3137.1303163934062,1.0003975629806519,3.3852611522888765e-05
3137.1507480599757,1.000109076499939,3.386740718269721e-05
3137.17117962661,0.9997276067733765,3.3857639209600165e-05
3137.1916113932384,0.9996123909950256,3.387984543223865e-05
3137.2120430599316,0.9996364712715149,3.386189564480446e-05
3137.2324748266255,0.9999010562896729,3.385992386029102e-05
3137.252906393318,1.0003395080566406,3.386651587788947e-05
3137.2733380601203,1.0004327297210693,3.386621392564848e-05
3137.2937698268724,1.0008128881454468,3.38486788677983e-05
3137.314201493675,1.0006788969039917,3.38374957209453e-05
3137.3346330604836,1.0001285076141357,3.380703492439352e-05
3137.355064827352,0.9991376996040344,3.3756692573660985e-05
3137.3754964942127,0.9986094832420349,3.372352512087673e-05
3137.4163598280647,1.0007197856903076,3.381794522283599e-05
3137.4367914950417,1.0006625652313232,3.383670627954416e-05
3137.457223162026,1.0004476308822632,3.383988223504275e-05
3137.4776548290683,1.0005630254745483,3.385265881661326e-05
3137.49808639611,1.0004013776779175,3.3855976653285325e-05
3137.518518163204,1.000380277633667,3.386555181350559e-05
3137.538949830305,1.0002508163452148,3.386690514162183e-05
3137.5593813974556,0.9998915791511536,3.386938988114707e-05
3137.579813164615,0.9998641014099121,3.388021650607698e-05
3137.600244831774,0.9995157122612,3.387502147234045e-05
3137.6206763990485,0.999489963054657,3.386586831766181e-05
3137.641108166259,0.9997517466545105,3.387321703485213e-05
3137.6615398335343,0.9999935626983643,3.3870575862238184e-05
3137.6819716008613,1.0001661777496338,3.3868447644636035e-05
3137.702403168194,1.0004454851150513,3.3864143915707245e-05
3137.7228348355857,1.0005767345428467,3.386503522051498e-05
3137.743266603,1.0010061264038086,3.386969547136687e-05
3137.763698170449,1.00088369846344,3.384537194506265e-05
3137.784129837928,1.0003923177719116,3.381749411346391e-05
3137.8045616054296,1.0002573728561401,3.380597991053946e-05
3137.8249932729377,0.9995319247245789,3.377661050762981e-05
3137.8454248405324,0.9990682005882263,3.3753465686459094e-05
3137.8658566081212,0.9983991980552673,3.371739876456559e-05
3137.9067199434285,1.0000784397125244,3.3871525374706835e-05
3137.927151611104,0.9996943473815918,3.387236938579008e-05
3137.947583278845,0.999647319316864,3.38729441864416e-05
3137.968014946615,0.9996121525764465,3.388062395970337e-05
3137.988446614436,0.9998552203178406,3.388342884136364e-05
3138.008878282235,1.0000636577606201,3.38714053214062e-05
3138.0293100500858,1.0003069639205933,3.38705831381958e-05
3138.0497416180297,1.0006723403930664,3.3873326174216345e-05
3138.070173385946,1.0008741617202759,3.3867985621327534e-05
3138.090604953919,1.0009031295776367,3.387443575775251e-05
3138.1110366219145,1.000786542892456,3.384705269127153e-05
3138.1518999580367,1.0005618333816528,3.380757334525697e-05
3138.1723316261487,1.000807523727417,3.3839525713119656e-05
3138.192763394298,1.0007615089416504,3.384463707334362e-05
3138.2131949624745,1.0007123947143555,3.385867239558138e-05
3138.233626630703,1.000862717628479,3.387255492270924e-05
3138.2540583989394,1.0002553462982178,3.387644392205402e-05
3138.2744899672543,0.9998676776885986,3.3879729016916826e-05
3138.294921735578,0.9997345209121704,3.3877317036967725e-05
3138.31535340393,0.9998152256011963,3.388286131666973e-05
3138.3357849723398,0.9999188184738159,3.38864883815404e-05
3138.3562167407727,0.999932587146759,3.388316326891072e-05
3138.3970800777606,0.9991291761398315,3.369491969351657e-05
3138.4175117463164,0.9998571276664734,3.376074892003089e-05
3138.4379434149014,1.0002022981643677,3.378148903721012e-05
3138.458375183538,1.0005903244018555,3.38103600370232e-05
3138.4788067522095,1.0007292032241821,3.383156581548974e-05
3138.499238420911,1.0008670091629028,3.38423196808435e-05
3138.519670189635,1.0006910562515259,3.3877717214636505e-05
3138.5401018584234,1.0005486011505127,3.387611286598258e-05
3138.5605334272404,1.000166654586792,3.387040123925544e-05
3138.58096519611,0.9999088048934937,3.3882057323353365e-05
3138.601396865015,0.9995895028114319,3.388261757208966e-05
3138.6218284339775,0.9996210932731628,3.388748882571235e-05
3138.6422602029343,0.9998169541358948,3.3895230444613844e-05
3138.6626918719558,1.0002162456512451,3.3884709409903735e-05
3138.683123641007,1.000438928604126,3.388151526451111e-05
3138.703555210137,1.0007156133651733,3.387969627510756e-05
3138.723986879275,1.0008171796798706,3.386736716493033e-05
3138.744418548471,1.0008376836776733,3.38636091328226e-05
3138.764850217689,1.0002965927124023,3.381369970156811e-05
3138.7852818869724,0.9995617866516113,3.379263944225386e-05
3138.8057136562566,0.9986657500267029,3.3742657251423225e-05
3138.887440233928,0.9995437860488892,3.3880041883094236e-05
3138.907872003445,0.9999043345451355,3.388477853150107e-05
3138.9283035730186,1.0000455379486084,3.38886929966975e-05
3138.948735242644,1.0006712675094604,3.3890639315359294e-05
3138.9691670122775,1.0007866621017456,3.386769458302297e-05
3138.9895985819967,1.000942587852478,3.386895332369022e-05
3139.0100302517385,1.000536561012268,3.383480361662805e-05
3139.0304620215175,0.9999437928199768,3.381423084647395e-05
3139.0508936913247,0.9989301562309265,3.3761269151000306e-05
3139.071325361212,0.9981216192245483,3.372721766936593e-05
3139.1326203710923,1.0004217624664307,3.388445111340843e-05
3139.1530520411616,1.0008773803710938,3.387911056051962e-05
3139.17348371126,1.0009361505508423,3.3866021112771705e-05
3139.193915481381,1.0004794597625732,3.3841504773590714e-05
3139.214347051595,0.9998789429664612,3.3808053558459505e-05
3139.2347787218314,0.9988895654678345,3.376077438588254e-05
3139.377800514776,1.0000396966934204,3.3890239137690514e-05
3139.3982320854266,0.9997109174728394,3.38891040883027e-05
3139.4186638560714,0.999738872051239,3.38848440151196e-05
3139.439095526781,0.9997355341911316,3.389353514648974e-05
3139.459527097548,0.9999566078186035,3.3898781111929566e-05
3139.479958868338,0.9999953508377075,3.389063203940168e-05
3139.5003904391924,1.0002127885818481,3.389717312529683e-05
3139.5208222101064,1.0005263090133667,3.389987978152931e-05
3139.5412538810706,1.000700831413269,3.388793265912682e-05
3139.561685552071,1.0008466243743896,3.389903940842487e-05
3139.58211722313,1.0009278059005737,3.386645039427094e-05
3139.6229805653857,1.000685691833496,3.387792457942851e-05
3139.64341223659,1.0004934072494507,3.388136246940121e-05
3139.663843907845,1.0003341436386108,3.389126140973531e-05
3139.6842756791375,1.0000141859054565,3.387929973541759e-05
3139.7047073504873,0.9996774196624756,3.389629637240432e-05
3139.7251389219164,0.9996472597122192,3.3892429200932384e-05
3139.7455706933542,0.9996903538703918,3.3888311008922756e-05
3139.7660023648787,0.9999756217002869,3.389378616702743e-05
3139.786433936424,1.0000033378601074,3.388789627933875e-05
3139.8068657080366,1.0002775192260742,3.389991252333857e-05
3139.8272973797066,1.0004791021347046,3.38884347002022e-05
3139.868160723214,0.999601423740387,3.374354128027335e-05
3139.8885923950293,0.9999919533729553,3.377562461537309e-05
3139.9090241668964,1.000463604927063,3.3805652492446825e-05
3139.9294557388275,1.0006966590881348,3.382935028639622e-05
3139.9498874108176,1.0008726119995117,3.3855176297947764e-05
3139.9703191828303,1.0009080171585083,3.386015669093467e-05
3139.990750754936,1.000814437866211,3.386663956916891e-05
3140.0111824270716,1.0006117820739746,3.3881893614307046e-05
3140.031614199259,1.000525712966919,3.389763878658414e-05
3140.0520457715393,1.0003124475479126,3.3892953069880605e-05
3140.0724774438495,0.9999210834503174,3.3887346944538876e-05
3140.0929092161823,0.9995884895324707,3.3885346056194976e-05
3140.1133407886373,0.9997065663337708,3.3894055377459154e-05
3140.133772561094,0.9997913837432861,3.389641278772615e-05
3140.154204133629,0.9999661445617676,3.3900647395057604e-05
3140.1746359062017,1.0001405477523804,3.389628909644671e-05
3140.195067578825,1.0004874467849731,3.3898944820975885e-05
3140.2154991515417,1.0008596181869507,3.389755875105038e-05
3140.2359308242885,1.000944972038269,3.387470860616304e-05
3140.2563625970943,1.0007667541503906,3.387035758350976e-05
3140.27679426995,1.0005730390548706,3.3841253753053024e-05
3140.2972259428716,0.9999193549156189,3.382338036317378e-05
3140.317657615844,0.9990461468696594,3.377847315277904e-05
3140.3585209619923,1.000533938407898,3.389575795154087e-05
3140.3789526351466,1.0003340244293213,3.3904674637597054e-05
3140.399384308337,0.9998036026954651,3.3895390515681356e-05
3140.4198160816086,0.9996023774147034,3.389197081560269e-05
3140.440247654944,0.9997619390487671,3.390082929399796e-05
3140.4606793283165,0.9998443126678467,3.389890480320901e-05
3140.4811111017625,1.000137209892273,3.389158155187033e-05
3140.5015426752652,1.0005861520767212,3.390602796571329e-05
3140.5219744488204,1.0007041692733765,3.389829726074822e-05
3140.5424061224403,1.0009381771087646,3.388377808732912e-05
3140.5628376961395,1.0007661581039429,3.387252218089998e-05
3140.603701143671,1.0006755590438843,3.384477167855948e-05
3140.6241327175376,1.0007458925247192,3.3852924389066175e-05
3140.644564491442,1.00088369846344,3.387295873835683e-05
3140.6649961654257,1.000799298286438,3.388074765098281e-05
3140.685427839475,1.0006877183914185,3.3893142244778574e-05
3140.7058595135604,1.000304102897644,3.3895343221956864e-05
3140.7262911877333,1.0000360012054443,3.390863275853917e-05
3140.7467229619433,0.9996563792228699,3.389763878658414e-05
3140.7671545366247,0.9996166825294495,3.390253914403729e-05
3140.787586210987,0.9998096227645874,3.391155769350007e-05
3140.8080178853997,1.0000159740447998,3.39080834237393e-05
3140.8284495598637,1.0003186464309692,3.390560959815048e-05
3140.8488812344003,1.0005512237548828,3.3897656976478174e-05
3140.8693130089887,1.0008256435394287,3.388095137779601e-05
3140.8897445836556,1.0007306337356567,3.387067044968717e-05
3140.910176358382,1.0002453327178955,3.384260708116926e-05
3140.930608033159,0.9995633363723755,3.380963244126178e-05
3140.9510396080295,0.9987503290176392,3.377029861439951e-05
3141.094061433774,0.9982953667640686,3.367488534422591e-05
3141.1144931091476,0.9993360042572021,3.3734726457623765e-05
3141.134924884558,0.9997022747993469,3.376565655344166e-05
3141.1553564600617,1.0005252361297607,3.381192436791025e-05
3141.1757881356316,1.000664234161377,3.384161027497612e-05
3141.1962199112604,1.0009692907333374,3.3869062463054433e-05
3141.216651486975,1.0006905794143677,3.388178447494283e-05
3141.237083162712,1.0006846189498901,3.389266203157604e-05
3141.257514938545,1.0004377365112305,3.3897693356266245e-05
3141.2779465144267,1.0002070665359497,3.3903808798640966e-05
3141.298378190404,0.9995694756507874,3.390122583368793e-05
3141.3392416425268,1.0008355379104614,3.387922333786264e-05
3141.3596733186787,1.0007010698318481,3.388745608390309e-05
3141.380104994918,1.000562310218811,3.389116682228632e-05
3141.400536671208,1.0004222393035889,3.3904736483236775e-05
3141.4209683475783,1.0004150867462158,3.3902146242326126e-05
3141.4414000240213,1.0000642538070679,3.3913365768967196e-05
3141.4618317005297,1.0000536441802979,3.392137659830041e-05
3141.482263377089,0.9995409250259399,3.390313213458285e-05
3141.502695053736,0.9995635151863098,3.3899268601089716e-05
3141.523126730448,0.9997714161872864,3.39151119987946e-05
3141.5435584072256,1.000117301940918,3.391568679944612e-05
3141.563990084076,1.0002237558364868,3.3924214221769944e-05
3141.5844218609927,1.0002574920654297,3.390643178136088e-05
3141.604853437988,1.0003985166549683,3.3917694963747635e-05
3141.6252851150566,1.0007259845733643,3.3899406844284385e-05
3141.645716892177,1.0008344650268555,3.3884422009577975e-05
3141.6661484693905,1.000832438468933,3.388379991520196e-05
3141.686580146663,1.00055992603302,3.387052856851369e-05
3141.7070119239943,1.000086784362793,3.3850061299744993e-05
3141.7274435014187,0.9994332790374756,3.3827254810603335e-05
3141.7478752788957,0.9989050626754761,3.37966630468145e-05
3141.768306956452,0.9981799721717834,3.3754215110093355e-05
3141.829601989557,0.999605655670166,3.391310019651428e-05
3141.8500335674107,0.9996646642684937,3.3908650948433205e-05
3141.8704653453315,1.000109076499939,3.391537393326871e-05
3141.890897023317,1.000272274017334,3.391614882275462e-05
3141.9113287013824,1.0005733966827393,3.3911041100509465e-05
3141.9317603795207,1.000773310661316,3.389941775822081e-05
3141.9521920577317,1.0008302927017212,3.388934419490397e-05
3141.9726238360163,1.0007598400115967,3.3871761843329296e-05
3141.9930554143866,1.0001304149627686,3.385105082998052e-05
3142.0134870928086,0.9995949864387512,3.384130832273513e-05
3142.0339188713115,0.99873948097229,3.3793068723753095e-05
3142.074782128562,0.9997372627258301,3.391437712707557e-05
3142.0952139072833,0.9999293088912964,3.392333019291982e-05
3142.115645586091,1.000166416168213,3.3924814488273114e-05
3142.1360772649787,1.000354290008545,3.3911339414771646e-05
3142.156508943939,1.0004181861877441,3.391304926481098e-05
3142.1769406229723,1.0007479190826416,3.3891301427502185e-05
3142.1973723020783,1.000651240348816,3.3893353247549385e-05
3142.2178039812716,1.0002351999282837,3.387072865734808e-05
3142.2382356605303,0.9994306564331055,3.382652721484192e-05
3142.258667339869,0.9986621141433716,3.379841291462071e-05
3142.319962378351,0.9995070099830627,3.390941128600389e-05
3142.3403940579956,0.9998049139976501,3.39218313456513e-05
3142.360825837706,0.9999794960021973,3.3929565688595176e-05
3142.3812574175245,1.0001875162124634,3.391884092707187e-05
3142.401689097409,1.0005159378051758,3.391084828763269e-05
3142.4221208773524,1.0005792379379272,3.38991048920434e-05
3142.4425524574035,1.0006625652313232,3.3891501516336575e-05
3142.462984137528,1.0003275871276855,3.387437027413398e-05
3142.4834159177044,1.0000759363174438,3.386248863535002e-05
3142.5038474979883,0.9992129802703857,3.3817534131230786e-05
3142.524279278332,0.9986311197280884,3.378554538358003e-05
3142.5651426392797,1.0002731084823608,3.3923024602700025e-05
3142.585574319877,1.0006673336029053,3.3919222914846614e-05
3142.60600600054,1.0006673336029053,3.390554411453195e-05
3142.626437681305,1.000746488571167,3.390234996913932e-05
3142.6468693621355,1.0002577304840088,3.386223397683352e-05
3142.667301043046,0.9999483823776245,3.3855398214655e-05
3142.6877327240363,0.9988681077957153,3.379814006621018e-05
3142.708164505115,0.99810791015625,3.375342203071341e-05
3142.8103229117114,1.000025749206543,3.392314101802185e-05
3142.830754593284,1.0003716945648193,3.3938409615075216e-05
3142.8511861749357,1.0007686614990234,3.392914732103236e-05
3142.871617956662,1.0005465745925903,3.389344783499837e-05
3142.892049538488,1.0004266500473022,3.387799733900465e-05
3142.9124813203744,0.9998449683189392,3.385360832908191e-05
3142.9329130023543,0.9992998242378235,3.3834960049716756e-05
3142.9533445844354,0.9985094666481018,3.378328983671963e-05
3143.0555030960095,1.0008823871612549,3.391492282389663e-05
3143.0759346785926,1.0006426572799683,3.38941827067174e-05
3143.0963664612354,1.0002702474594116,3.387389369891025e-05
3143.1167981439794,0.9996956586837769,3.385246964171529e-05
3143.137229926797,0.9987379908561707,3.380973794264719e-05
3143.321115076098,0.9993748068809509,3.392878352315165e-05
3143.3415467598024,0.9994255304336548,3.391344944247976e-05
3143.361978543573,0.9993458390235901,3.392181679373607e-05
3143.382410127444,0.9995031952857971,3.392474536667578e-05
3143.402841811396,0.9997319579124451,3.392345752217807e-05
3143.4232735954356,0.9998216032981873,3.3926826290553436e-05
3143.4437051795685,1.0002381801605225,3.392459257156588e-05
3143.4641368637895,1.0002633333206177,3.3931191865121946e-05
3143.484568648091,1.0005029439926147,3.392958387848921e-05
3143.5050002325006,1.0005327463150024,3.3916243410203606e-05
3143.5458636015683,0.9985780119895935,3.3904023439390585e-05
3143.729748866812,0.9981720447540283,3.38958234351594e-05
3143.7910439235347,1.0004936456680298,3.3870950574055314e-05
3143.811475609291,1.0004558563232422,3.388446202734485e-05
3143.8319072951417,1.000504493713379,3.3902397262863815e-05
3143.852338981087,1.000324010848999,3.390829806448892e-05
3143.8727706671198,1.0002353191375732,3.391181962797418e-05
3143.8932023532543,0.9999293088912964,3.392006328795105e-05
3143.9136341394624,0.9999359846115112,3.392367216292769e-05
3143.934065825779,0.9995825290679932,3.392905637156218e-05
3143.9544974121964,0.9992544054985046,3.3918633562279865e-05
3143.9749291987027,0.999293327331543,3.392988946870901e-05
3143.9953608852884,0.9995984435081482,3.393223596503958e-05
3144.0157924719897,0.9996901154518127,3.3935506507987157e-05
3144.036224258758,0.9998645782470703,3.3933680242625996e-05
3144.0566559456493,0.9999976754188538,3.393122824491002e-05
3144.0770875326343,1.0005122423171997,3.393685256014578e-05
3144.0975193196937,1.000477910041809,3.392904545762576e-05
3144.1179510068614,1.0004585981369019,3.391403879504651e-05
3144.13838279411,1.0003993511199951,3.389364428585395e-05
3144.1588143814733,1.0000312328338623,3.3876727684400976e-05
3144.179246068925,0.9994648694992065,3.3861742849694565e-05
3144.199677756478,0.9991273283958435,3.385450327186845e-05
3144.281404507623,1.0004000663757324,3.38741738232784e-05
3144.30183629565,1.0004204511642456,3.3892112696776167e-05
3144.322267883792,1.000439167022705,3.3904521842487156e-05
3144.342699572022,1.000324010848999,3.390796700841747e-05
3144.3631313603328,1.0001635551452637,3.392751023056917e-05
3144.3835629487658,0.9999005794525146,3.3934658858925104e-05
3144.4039946372795,0.9994615316390991,3.393637962290086e-05
3144.4244264258887,0.999164879322052,3.3926753530977294e-05
3144.4448581146135,0.9993937015533447,3.393544102436863e-05
3144.465289703425,0.9993659853935242,3.39380421792157e-05
3144.4857214923322,0.999711275100708,3.3935710234800354e-05
3144.506153181348,1.0000417232513428,3.3942302252398804e-05
3144.5265848704585,1.0004290342330933,3.394249506527558e-05
3144.547016559678,1.0005102157592773,3.3929631172213703e-05
3144.567448248985,1.000525712966919,3.391718564671464e-05
3144.5878800383725,1.0001124143600464,3.3896380045916885e-05
3144.6083116279115,0.9994929432868958,3.387154720257968e-05
3144.6287433175094,0.9988757967948914,3.383373041287996e-05
3144.649175107217,0.998313844203949,3.3801985409809276e-05
3144.771765247613,1.0002495050430298,3.3928314223885536e-05
3144.7921968380397,0.9999292492866516,3.3926015021279454e-05
3144.812628628555,0.9997859597206116,3.394135273993015e-05
3144.833060319179,0.9993765354156494,3.393771839910187e-05
3144.8534919099257,0.9993536472320557,3.3932807127712294e-05
3144.8739237007467,0.9994403719902039,3.393807855900377e-05
3144.894355391676,0.9996805787086487,3.395703242858872e-05
3144.9147870827,0.9999067783355713,3.395400199224241e-05
3144.9352187738405,1.00043785572052,3.394569648662582e-05
3144.95565046509,1.0005478858947754,3.394875238882378e-05
3144.976082156434,1.0004335641860962,3.392427242943086e-05
3145.0169455394353,0.9995930790901184,3.394086525077e-05
3145.037377231114,0.99928218126297,3.394134546397254e-05
3145.05780892288,0.9994136691093445,3.393341467017308e-05
3145.078240614741,0.9996432065963745,3.3943702874239534e-05
3145.098672406697,0.9999231696128845,3.395519524929114e-05
3145.119103998797,1.000374674797058,3.3956046536331996e-05
3145.1395357909787,1.000442624092102,3.393899169168435e-05
3145.159967483254,1.000406265258789,3.393306178622879e-05
3145.1803990756744,1.0003286600112915,3.3916356187546626e-05
3145.2008308681616,0.9999737739562988,3.3900145353982225e-05
3145.2212625607717,0.999420166015625,3.388127151993103e-05
3145.282557639235,1.0004912614822388,3.39045946020633e-05
3145.3029894322462,1.000481128692627,3.3925651223398745e-05
3145.3234210254086,1.000144600868225,3.3923348382813856e-05
3145.343852718659,1.0000638961791992,3.3935957617359236e-05
3145.364284512005,0.9999848008155823,3.394977102288976e-05
3145.3847161054728,0.9997255206108093,3.393397855688818e-05
3145.405147799058,0.9994930624961853,3.394903615117073e-05
3145.425579592724,0.9991083741188049,3.3934382372535765e-05
3145.4460111865264,0.9993384480476379,3.394193481653929e-05
3145.4664428804317,0.9993816614151001,3.3950582292163745e-05
3145.4868746744323,0.9996023774147034,3.394371015019715e-05
3145.5073062685406,0.9995787739753723,3.39466605510097e-05
3145.5277380627667,0.9999301433563232,3.396193642402068e-05
3145.5481697571013,1.0003557205200195,3.394521991140209e-05
3145.5686013515588,1.0003197193145752,3.3945165341719985e-05
3145.589033146105,1.000447392463684,3.393780207261443e-05
3145.6094648407598,1.0004428625106812,3.3929114579223096e-05
3145.6298964355665,1.000174880027771,3.3907275792444125e-05
3145.650328230433,0.9997014999389648,3.3893840736709535e-05
3145.6707599254078,0.9992845058441162,3.38651989295613e-05
3145.6911916205354,0.9988161325454712,3.385138188605197e-05
3145.7116233157503,0.9980868697166443,3.380269481567666e-05
3145.7524868069886,0.9994062781333923,3.395044768694788e-05
3145.772918402552,0.9992524981498718,3.394015948288143e-05
3145.7933500981962,0.9995132684707642,3.395129897398874e-05
3145.813781893994,0.9995265603065491,3.395189924049191e-05
3145.8342134898776,0.9996509552001953,3.395030944375321e-05
3145.854645185871,1.0000327825546265,3.396176907699555e-05
3145.875076981989,1.000234603881836,3.3955733670154586e-05
3145.895508578222,1.0003913640975952,3.3951469958992675e-05
3145.915940374536,1.000443696975708,3.3944463211810216e-05
3145.9363720710026,1.0003950595855713,3.3954696846194565e-05
3145.9568036675846,1.0002882480621338,3.391753853065893e-05
3145.9976671610348,1.00013267993927,3.393700535525568e-05
3146.018098757966,1.0001075267791748,3.39699508913327e-05
3146.038530554979,0.9995748400688171,3.393833321752027e-05
3146.0589622521147,0.9994288682937622,3.394908344489522e-05
3146.0793940493313,0.9993044137954712,3.3948253985727206e-05
3146.0998256467283,0.9994087815284729,3.395146632101387e-05
3146.1202573442133,0.9996364712715149,3.395511885173619e-05
3146.1406891417864,0.9996650218963623,3.395606836420484e-05
3146.1611207395254,1.0001308917999268,3.39557918778155e-05
3146.1815524373305,1.0003504753112793,3.396793908905238e-05
3146.2019842352747,1.0007688999176025,3.396253305254504e-05
3146.2428475315246,0.9987462759017944,3.376157837919891e-05
3146.2632792298245,0.9995414614677429,3.3813059417298064e-05
3146.2837109282336,0.9996940493583679,3.3829157473519444e-05
3146.304142726767,1.0002559423446655,3.3869524486362934e-05
3146.32457442538,1.0003058910369873,3.38785357598681e-05
3146.345006024174,1.000423789024353,3.388533878023736e-05
3146.3654378230276,1.000428557395935,3.3913842344190925e-05
3146.3858695220188,1.0004743337631226,3.39228063239716e-05
3146.406301121162,1.0003718137741089,3.392275903024711e-05
3146.426732920394,1.0000029802322388,3.39340404025279e-05
3146.4471646197344,0.999940812587738,3.3943626476684585e-05
3146.4675964191993,0.9997129440307617,3.394708255655132e-05
3146.488028018779,0.9994365572929382,3.3948919735848904e-05
3146.5084597184978,0.9993484020233154,3.394769009901211e-05
3146.528891518312,0.9992480278015137,3.3959400752792135e-05
3146.54932311827,0.9993933439254761,3.3962591260205954e-05
3146.569754818338,0.9997255802154541,3.396857573534362e-05
3146.5901866185304,0.9998151063919067,3.3971173252211884e-05
3146.6106182188378,1.000282645225525,3.3968346542678773e-05
3146.631049919255,1.00040864944458,3.396593456272967e-05
3146.6514817197967,1.0004252195358276,3.394986561033875e-05
3146.6719133204824,1.000314712524414,3.39277830789797e-05
3146.6923451212497,0.999843955039978,3.390949859749526e-05
3146.733208423204,1.000344157218933,3.393297811271623e-05
3146.7536402243495,1.0000485181808472,3.3960590371862054e-05
3146.774071925618,1.000615119934082,3.396319516468793e-05
3146.794503627003,0.9994789361953735,3.396843749214895e-05
3146.814935328526,0.9994052052497864,3.395982275833376e-05
3146.835367030173,0.999523937702179,3.397074397071265e-05
3146.8557987319364,0.9995039701461792,3.396484680706635e-05
3146.8762305338096,0.9997105598449707,3.396614556550048e-05
3146.896662135834,0.9998652338981628,3.397058753762394e-05
3146.9170938379466,1.000284194946289,3.3966654882533476e-05
3146.9375255401974,1.000468373298645,3.395802195882425e-05
3146.9783890450635,1.0003598928451538,3.390306665096432e-05
3146.998820647692,1.0003998279571533,3.392842336324975e-05
3147.019252350474,1.0002895593643188,3.3938522392418236e-05
3147.0396841533075,1.0001349449157715,3.393801671336405e-05
3147.0601157563215,0.9997422695159912,3.395679595996626e-05
3147.0805475594534,0.9994503855705261,3.396260581212118e-05
3147.100979262701,0.9993918538093567,3.396422107471153e-05
3147.121410866057,0.9993920922279358,3.3960775908781216e-05
3147.1418426695673,0.9996833801269531,3.396338070160709e-05
3147.162274373186,0.9998776316642761,3.398883927729912e-05
3147.1827059769275,1.0004953145980835,3.3954107493627816e-05
3147.2440012889056,0.9996926784515381,3.398304761503823e-05
3147.2644328932,0.9996020793914795,3.397816180950031e-05
3147.2848645975464,0.999728262424469,3.397262844373472e-05
3147.3052964020753,1.0000076293945312,3.396980537218042e-05
3147.325728006719,1.0002717971801758,3.3972384699154645e-05
3147.34615971148,1.0003342628479004,3.3968255593208596e-05
3147.366591516351,1.000525712966919,3.395884778001346e-05
3147.387023221345,1.0003997087478638,3.395914245629683e-05
3147.4074548265053,1.0004018545150757,3.3947228075703606e-05
3147.427886631791,1.00015389919281,3.3930227800738066e-05
3147.4687500427026,0.999230682849884,3.396121974219568e-05
3147.489181748366,0.9992027282714844,3.396750980755314e-05
3147.5096134541454,0.9993824362754822,3.396062311367132e-05
3147.5300451600633,0.9996041655540466,3.398300032131374e-05
3147.550476866105,0.9997011423110962,3.3964315662160516e-05
3147.570908572292,0.9999473690986633,3.397749605937861e-05
3147.591340278588,1.0000532865524292,3.397405089344829e-05
3147.611771985037,1.0004463195800781,3.39715406880714e-05
3147.6322037916034,1.000558853149414,3.3964628528337926e-05
3147.652635398277,1.000651478767395,3.396113243070431e-05
3147.6730671051046,1.000393271446228,3.3946693292818964e-05
3147.7139305191595,1.0001014471054077,3.394355735508725e-05
3147.734362226365,1.000152349472046,3.3960113796638325e-05
3147.754794033717,0.999683678150177,3.396725151105784e-05
3147.775225641206,0.999370276927948,3.3965330658247694e-05
3147.795657348819,0.9991574287414551,3.396378087927587e-05
3147.8160891565494,0.9995097517967224,3.398357512196526e-05
3147.8365207644456,0.9996462464332581,3.39831349265296e-05
3147.856952572438,0.999781608581543,3.397674663574435e-05
3147.877384280575,1.0001972913742065,3.397997352294624e-05
3147.8978158888785,1.0002777576446533,3.398816625121981e-05
3147.9182476972783,1.0005131959915161,3.397402906557545e-05
3147.9591111144764,0.9999154806137085,3.396852480364032e-05
3147.979542823283,0.999506413936615,3.396521060494706e-05
3147.999974532235,0.9994547963142395,3.3973661629715934e-05
3148.0204063412966,0.9993066191673279,3.397041655262001e-05
3148.0408379505097,0.9995994567871094,3.397590990061872e-05
3148.061269659869,0.999575138092041,3.397536420379765e-05
3148.0817014693384,0.9999332427978516,3.398173794266768e-05
3148.1021331789307,1.0001928806304932,3.3985921618295833e-05
3148.1225647886968,1.000198245048523,3.398459011805244e-05
3148.1429965985735,1.0006294250488281,3.399350316612981e-05
3148.163428308573,1.0005831718444824,3.396889951545745e-05
3148.204291729031,1.0005384683609009,3.393354199943133e-05
3148.2247233394955,1.0005252361297607,3.393772931303829e-05
3148.2451551500126,1.0005841255187988,3.394159284653142e-05
3148.2655868607108,1.0003507137298584,3.395008388906717e-05
3148.2860185715836,1.000277042388916,3.39664111379534e-05
3148.3064502825146,0.9998809099197388,3.3964755857596174e-05
3148.326881993671,0.9996421337127686,3.3968131901929155e-05
3148.3473136048924,0.9993962049484253,3.397346517886035e-05
3148.3677454162826,0.9994682669639587,3.3979638828895986e-05
3148.3881771277956,0.9995684027671814,3.398354965611361e-05
3148.408608939426,0.9998225569725037,3.398229455342516e-05
3148.4290405512293,0.9998380541801453,3.3981716114794835e-05
3148.4494722632007,1.0001249313354492,3.398577973712236e-05
3148.4699040752384,1.000373125076294,3.397597174625844e-05
3148.4903356875,1.0005866289138794,3.3976062695728615e-05
3148.510767399828,1.000666618347168,3.39638463628944e-05
3148.5311992122733,1.0004448890686035,3.3955071558011696e-05
3148.55163082495,0.9999516010284424,3.393293445697054e-05
3148.572062537736,0.9995180368423462,3.3917469409061596e-05
3148.592494350589,0.9987759590148926,3.388566983630881e-05
3148.6129260636662,0.9980977177619934,3.384130832273513e-05
3148.6946529172783,0.9997709393501282,3.398320041014813e-05
3148.7150846310033,0.9999737739562988,3.398697299417108e-05
3148.7355163448956,1.0000684261322021,3.399185152375139e-05
3148.7559481589124,1.0002977848052979,3.398537955945358e-05
3148.7763797731022,1.000577449798584,3.397647014935501e-05
3148.7968115874028,1.0007109642028809,3.396191095816903e-05
3148.8172433018844,1.000254511833191,3.3936397812794894e-05
3148.837674916482,0.9998263120651245,3.392668440937996e-05
3148.8581067311898,0.9989161491394043,3.389540142961778e-05
3148.878538446079,0.9983400106430054,3.3851611078716815e-05
3148.939833591612,0.9994089007377625,3.398602711968124e-05
3148.9602652070826,0.9995912313461304,3.398505214136094e-05
3148.9806970226637,0.9996901154518127,3.399484194233082e-05
3149.001128638425,0.9997578859329224,3.398891203687526e-05
3149.0215604543046,1.000267505645752,3.398626722628251e-05
3149.0419921702924,1.0004987716674805,3.39862126566004e-05
3149.0624237865195,1.0007108449935913,3.3986918424488977e-05
3149.082855602799,1.0004851818084717,3.395418025320396e-05
3149.10328731926,1.0003900527954102,3.3948181226151064e-05
3149.123719035895,0.9996123909950256,3.392841244931333e-05
3149.144150752647,0.9990387558937073,3.3904500014614314e-05
3149.1850142865514,0.9983591437339783,3.3774565963540226e-05
3149.205445903761,0.9987033605575562,3.379328336450271e-05
3149.2258776210947,0.998936116695404,3.37843521265313e-05
3149.2463094385457,0.9992286562919617,3.3836688089650124e-05
3149.2667411562215,0.9994773864746094,3.3837299270089716e-05
3149.2871727740203,0.9999220967292786,3.3857475500553846e-05
3149.328036309962,1.0004891157150269,3.3888412872329354e-05
3149.3484679282265,1.0004864931106567,3.390460551599972e-05
3149.3688997465506,1.0005522966384888,3.3912030630744994e-05
3149.3893314650413,1.0006214380264282,3.3930642530322075e-05
3149.4097632837147,1.0006873607635498,3.3938973501790315e-05
3149.430194902503,1.000332236289978,3.3932767109945416e-05
3149.4506266214594,1.0003705024719238,3.3948581403819844e-05
3149.47105844054,1.0003833770751953,3.396072861505672e-05
3149.4914900598524,1.000231146812439,3.396567626623437e-05
3149.511921779216,1.0000120401382446,3.3975713449763134e-05
3149.5323535987627,0.9998751282691956,3.3977150451391935e-05
3149.5527852184823,0.9994388818740845,3.3989585062954575e-05
3149.5732170383126,0.9993516802787781,3.3972199162235484e-05
3149.593648758324,0.9994412064552307,3.398792978259735e-05
3149.614080378451,0.9995527863502502,3.3988133509410545e-05
3149.634512198747,0.9998647570610046,3.3991222153417766e-05
3149.654943819165,0.9999370574951172,3.397996260900982e-05
3149.6753755398167,1.000124216079712,3.398301123525016e-05
3149.69580736052,1.0003665685653687,3.398402259335853e-05
3149.716238981404,1.0003012418746948,3.397780528757721e-05
3149.736670702463,1.0006517171859741,3.398153421585448e-05
3149.7571025236903,1.0007518529891968,3.39714388246648e-05
3149.7775341450397,1.000550389289856,3.3952685043914244e-05
3149.797965966507,1.0003482103347778,3.395706517039798e-05
3149.818397688199,1.0001274347305298,3.393342922208831e-05
3149.838829409957,0.9997239708900452,3.39289108524099e-05
3149.8592611319473,0.9989392757415771,3.3902422728715464e-05
3149.879692854047,0.9984835982322693,3.387352262507193e-05
3149.9205562987263,0.9993739724159241,3.397518958081491e-05
3149.9409880212916,0.9994633793830872,3.398314947844483e-05
3149.9614198439813,0.9995336532592773,3.398643821128644e-05
3149.981851566903,0.9997954964637756,3.399260458536446e-05
3150.002283189933,0.9999194741249084,3.39800571964588e-05
3150.0227150130886,1.000144600868225,3.399304114282131e-05
3150.0431467364106,1.0003894567489624,3.398347325855866e-05
3150.0635783599137,1.000510811805725,3.398022454348393e-05
3150.0840101835347,1.0007030963897705,3.397194086574018e-05
3150.1044419073296,1.000675916671753,3.395946623641066e-05
3150.124873531291,1.0003015995025635,3.394144732737914e-05
3150.165737079631,0.9996823072433472,3.397277760086581e-05
3150.186168904067,0.9998388886451721,3.39780053764116e-05
3150.206600528676,1.0002259016036987,3.398663830012083e-05
3150.2270322534023,1.0003480911254883,3.3977550629060715e-05
3150.2474639782376,1.0005855560302734,3.3976601116592064e-05
3150.267895703313,1.0006192922592163,3.39737453032285e-05
3150.2883273285042,1.0005754232406616,3.3956253901124e-05
3150.3087591538642,1.0002164840698242,3.3937798434635624e-05
3150.329190879347,0.9998176693916321,3.392233338672668e-05
3150.349622704998,0.999312698841095,3.390759229660034e-05
3150.370054330888,0.998869001865387,3.389085759408772e-05
3150.410917882953,0.999994158744812,3.397872933419421e-05
3150.43134950925,1.0003180503845215,3.397984619368799e-05
3150.4517812357226,1.000515341758728,3.396845204406418e-05
3150.472213062305,1.0005877017974854,3.396309693926014e-05
3150.4926447891266,1.0006223917007446,3.3964490285143256e-05
3150.513076416006,1.0004616975784302,3.394839586690068e-05
3150.533508243112,1.0001842975616455,3.394299710635096e-05
3150.553939970341,0.9995636343955994,3.390794154256582e-05
3150.574371697745,0.9991798400878906,3.389937410247512e-05
3150.594803425316,0.9982658624649048,3.387521064723842e-05
3150.6560986089753,0.999468207359314,3.396334432181902e-05
3150.676530337194,0.9997236132621765,3.3987256756518036e-05
3150.69696216553,0.9996793866157532,3.3961863664444536e-05
3150.7173937940897,1.0001102685928345,3.396062311367132e-05
3150.737825622775,1.000342845916748,3.397844557184726e-05
3150.7582573515756,1.000529170036316,3.397065665922128e-05
3150.778688980601,1.0005971193313599,3.3950145734706894e-05
3150.799120809752,1.000481367111206,3.3943953894777223e-05
3150.8195525390765,1.0002528429031372,3.3931068173842505e-05
3150.839984168626,0.9997326135635376,3.39161379088182e-05
3150.8604159982424,0.99898362159729,3.389123230590485e-05
3150.9012794580485,0.9995975494384766,3.3968681236729026e-05
3150.942142918502,0.9998900294303894,3.3972835808526725e-05
3150.9625746489255,1.0003846883773804,3.397350155864842e-05
3150.983006379589,1.0005415678024292,3.3965930924750865e-05
3151.0034381103687,1.0007270574569702,3.394899977138266e-05
3151.023869841316,1.0005055665969849,3.394471787032671e-05
3151.044301572445,1.0002872943878174,3.392282815184444e-05
3151.0647333037487,0.9997519254684448,3.392105645616539e-05
3151.0851650351615,0.9991220831871033,3.389369885553606e-05
3151.1055967668144,0.9982336759567261,3.385742093087174e-05
3151.146460330521,0.999265193939209,3.3786513085942715e-05
3151.166891962581,0.999286413192749,3.379757617949508e-05
3151.187323794875,0.9994987845420837,3.381433634785935e-05
3151.207755527277,0.9997371435165405,3.3820801036199555e-05
3151.228187159919,0.9999444484710693,3.3830947359092534e-05
3151.2486189926713,1.0002121925354004,3.385424497537315e-05
3151.2690507256048,1.0003784894943237,3.386308526387438e-05
3151.2894825587136,1.000562310218811,3.3876567613333464e-05
3151.3099141919956,1.0005632638931274,3.389901030459441e-05
3151.3303459253875,1.000597357749939,3.390276833670214e-05
3151.3507777590203,1.0004976987838745,3.390948040760122e-05
3151.3712093927606,1.0003300905227661,3.3944190363399684e-05
3151.3916411266837,1.000302791595459,3.3935884857783094e-05
3151.412072960782,1.0000028610229492,3.3957949199248105e-05
3151.4325045951045,1.0000216960906982,3.394388477317989e-05
3151.4529363294932,0.9995042681694031,3.394079612917267e-05
3151.4733681641155,0.9992798566818237,3.395752719370648e-05
3151.4937997989036,0.9993440508842468,3.396982356207445e-05
3151.514231633817,0.9994766116142273,3.3959462598431855e-05
3151.534663368904,0.9997172951698303,3.39590224029962e-05
3151.555095004216,0.9996486902236938,3.395717067178339e-05
3151.5755268396533,0.9999380111694336,3.396041938685812e-05
3151.5959585752644,1.0002096891403198,3.395349995116703e-05
3151.636822047003,0.9993276000022888,3.3949905628105626e-05
3151.657253783138,0.9995962381362915,3.3954896935028955e-05
3151.677685519382,0.9997280240058899,3.3952081139432266e-05
3151.6981172558662,0.9997111558914185,3.395714156795293e-05
3151.718548992525,1.0001221895217896,3.395817839191295e-05
3151.738980729293,1.0003854036331177,3.3932818041648716e-05
3151.759412466301,1.0007449388504028,3.393942097318359e-05
3151.7798442034255,1.0006572008132935,3.394573286641389e-05
3151.8002759407173,1.0004878044128418,3.391887730685994e-05
3151.820707678249,1.0002715587615967,3.393307633814402e-05
3151.8411394158975,0.9995986819267273,3.3897718822117895e-05
3151.8820028917107,1.000290036201477,3.394808663870208e-05
3151.9024347298837,1.0003297328948975,3.395237581571564e-05
3151.922866468223,1.0004521608352661,3.393212318769656e-05
3151.943298106744,1.0006206035614014,3.39271682605613e-05
3151.9637299454334,1.0005457401275635,3.392137659830041e-05
3151.984161684304,1.0001527070999146,3.391762948012911e-05
3152.0045933233487,0.9996759295463562,3.390197525732219e-05
3152.0250251625694,0.9991266131401062,3.3888776670210063e-05
3152.0454569019566,0.9985947608947754,3.386962998774834e-05
3152.1271839612164,0.9993560910224915,3.3949767384910956e-05
3152.1476156014833,0.9995954632759094,3.3947842894122005e-05
3152.16804734186,0.9997583031654358,3.394796294742264e-05
3152.1884791824777,1.00014328956604,3.39477373927366e-05
3152.2089108232612,1.0002278089523315,3.394152736291289e-05
3152.229342664228,1.0008100271224976,3.3944077586056665e-05
3152.249774405369,1.0005552768707275,3.393883162061684e-05
3152.2702060466836,1.0004974603652954,3.393209772184491e-05
3152.290637888109,1.0004373788833618,3.390669007785618e-05
3152.3110696297736,1.0000818967819214,3.390873462194577e-05
3152.331501271663,0.9996216297149658,3.389029370737262e-05
3152.372364855808,1.0002542734146118,3.3954522223211825e-05
3152.3927964981704,1.000472903251648,3.395634485059418e-05
3152.4132283407016,1.000661015510559,3.394340455997735e-05
