time,flux,flux_err
2306.6315090456847,0.9864339232444763,0.00022476346930488944
2306.6519411952686,0.9859676957130432,0.00022475019795820117
2306.6723734443876,0.9858686327934265,0.00022478093160316348
2306.6928057930345,0.9859033823013306,0.00022470593103207648
2306.7132379412215,0.9864317774772644,0.00022475561127066612
2306.7336702889443,0.9867684245109558,0.00022476860613096505
2306.754102435727,0.9864115118980408,0.00022474963043350726
2306.7745346825177,0.987031102180481,0.00022471601550932974
2306.7949670288363,0.9860845804214478,0.00022458065359387547
2306.8153991742292,0.986327052116394,0.00022463573259301484
2306.835831419623,0.9871184825897217,0.00022464450739789754
2306.856263764086,0.9866458773612976,0.00022468050883617252
2306.8766959085406,0.9869046807289124,0.00022462687047664076
2306.8971281520717,0.9868519902229309,0.00022464634093921632
2306.9175604951306,0.9865646958351135,0.00022468052338808775
2306.9379927377304,0.9866868853569031,0.00022450120013672858
2306.9584249798645,0.9862315058708191,0.0002245155774289742
2306.978857221533,0.9863340258598328,0.00022451199765782803
2306.999289463194,0.9874453544616699,0.00022454254212789237
2307.0197217034656,0.9873320460319519,0.00022457278100773692
2307.04015394373,0.9877333045005798,0.00022453309793490916
2307.0605861835356,0.9878796935081482,0.00022464946960099041
2307.0810185228765,0.9873390793800354,0.00022452815028373152
2307.1014506617503,0.9875205159187317,0.0002246028307126835
2307.121882900152,0.9869225025177002,0.00022461148910224438
2307.14231523763,0.9868255853652954,0.00022444064961746335
2307.1627473750996,0.9870885610580444,0.0002243904018541798
2307.1831797116465,0.9868165850639343,0.00022457340674009174
2307.2036119481927,0.9876213669776917,0.00022456272563431412
2307.224044083807,0.9877768158912659,0.00022450539108831435
2307.244476419415,0.9890387654304504,0.00022449933749157935
2307.2649086540987,0.98900306224823,0.00022439677559304982
2307.2853407883085,0.9895052313804626,0.000224395640543662
2307.305773122527,0.9905138611793518,0.00022442340559791774
2307.3262053558137,0.9908807873725891,0.00022439577151089907
2307.346637488634,0.9909809827804565,0.00022446128423325717
2307.3670698209826,0.9911648631095886,0.0002244721254101023
2307.387502052872,0.9924207925796509,0.0002244654024252668
2307.407934284289,0.9929816722869873,0.00022436463041231036
2307.428366515247,0.9942552447319031,0.00022437410370912403
2307.4487987457396,0.9954075813293457,0.00022423006885219365
2307.4692309757593,0.9968973398208618,0.00022423398331739008
2307.489663204855,0.997914731502533,0.00022410613019019365
2307.5100954339505,1.0001349449157715,0.0002239928289782256
2307.5509598907374,1.020622968673706,0.00022282067220658064
2307.5713921179704,1.0184876918792725,0.00022294897644314915
2307.591824445197,1.017368197441101,0.00022305863967631012
2307.6122565714977,1.0166786909103394,0.00022324796009343117
2307.6326887977993,1.0159499645233154,0.00022332962544169277
2307.653121123163,1.0151901245117188,0.00022333876404445618
2307.6735532485327,1.0154616832733154,0.0002234261919511482
2307.6939854729717,1.014241337776184,0.000223488052142784
2307.7144177969385,1.0138431787490845,0.000223575159907341
2307.734849920911,1.012772560119629,0.00022355190594680607
2307.755282243954,1.012067198753357,0.00022362366144079715
2307.775714466523,1.0113927125930786,0.00022381037706509233
2307.796146588633,1.0105078220367432,0.00022386609634850174
2307.8165789102786,1.009165644645691,0.00022391462698578835
2307.8370111314507,1.0080969333648682,0.00022392082610167563
2307.8574432526293,1.0081485509872437,0.00022391030506696552
2307.877875572878,1.0075373649597168,0.00022385435295291245
2307.898307792653,1.007246732711792,0.00022392325627151877
2307.9187400115043,1.0060218572616577,0.00022398676082957536
2307.9391722303553,1.0043604373931885,0.00022401585010811687
2307.9596044487334,1.0032364130020142,0.00022397049178835005
2307.980036666653,1.0033411979675293,0.0002240156609332189
2308.0004688841072,1.0033599138259888,0.00022402183094527572
2308.0209011010884,1.0031059980392456,0.00022395452833734453
2308.0413333171455,1.0020184516906738,0.00022402696777135134
2308.0617656332033,1.0010817050933838,0.00022402511967811733
2308.0821977487867,1.0009421110153198,0.0002241478068754077
2308.1026300634476,1.002402663230896,0.00022408687800634652
2308.123062178107,1.002366304397583,0.0002240276662632823
2308.1434943918284,1.0020060539245605,0.00022405017807614058
2308.163926705558,1.0014634132385254,0.00022407092910725623
2308.1843588183547,1.0007222890853882,0.00022405896743293852
2308.204791031145,0.9999422430992126,0.00022405237541534007
2308.2252233430117,0.999183714389801,0.00022404294577427208
2308.2456554544115,0.9988551735877991,0.00022408094082493335
2308.2660876658047,0.9978875517845154,0.00022407910728361458
2308.2865199762746,0.9968454241752625,0.00022405196796171367
2308.3069520862773,0.9964445233345032,0.0002239865279989317
2308.3273842962735,0.9957727193832397,0.00022398769215214998
2308.3478166053465,0.9958326816558838,0.00022391036327462643
2308.368248713952,0.9956175088882446,0.00022391653328668326
2308.3886809220858,0.9965013861656189,0.0002239418390672654
2308.4091132297617,0.9973434805870056,0.00022401117894332856
2308.4295454369712,0.996254026889801,0.00022391921083908528
2308.449977543707,0.9950668215751648,0.00022397770953830332
2308.470409849986,0.994899332523346,0.00022394416737370193
2308.4908420557913,0.9942554235458374,0.00022390909725800157
2308.5317064660194,1.0168416500091553,0.00022423826158046722
2308.5521386704277,1.0150351524353027,0.00022341893054544926
2308.5725708743776,1.0134782791137695,0.00022342251031659544
2308.593003077862,1.0125555992126465,0.000223578856093809
2308.613435280873,1.011572241783142,0.00022363946482073516
2308.6338675834268,1.0103254318237305,0.00022377156710717827
2308.6542996855133,1.0089277029037476,0.00022376324341166764
2308.674731886662,1.0065380334854126,0.00022382747556548566
2308.6951641878186,1.0048348903656006,0.00022387062199413776
2308.715596288508,1.0042141675949097,0.0002239481545984745
2308.7360284887254,1.0020016431808472,0.00022388901561498642
2308.7564607880195,1.0006431341171265,0.00022377242567017674
2308.776892887312,0.9992212653160095,0.00022387552598956972
2308.7973250861323,0.9977788925170898,0.00022391432139556855
2308.8177573840294,0.9965913891792297,0.00022381618327926844
2308.838189481925,0.99554044008255,0.00022387552598956972
2308.8586216793483,0.9945318102836609,0.00022401829482987523
2308.8790539758484,0.993312418460846,0.00022387773788068444
2308.899486072347,0.992769181728363,0.00022390838421415538
2308.9199183679084,0.9921218156814575,0.00022386304044630378
2308.9403504634756,0.991692066192627,0.00022388619254343212
2308.9607826581123,0.9914440512657166,0.00022393760445993394
2308.9812149527424,0.9920288324356079,0.00022395896667148918
2309.001647146448,0.9921677708625793,0.00022391504899132997
2309.0220792401524,0.9924202561378479,0.00022404652554541826
2309.04251153292,0.9919646382331848,0.0002239998575532809
2309.062943725694,0.9924551248550415,0.00022402795730158687
2309.083375817536,0.9930939674377441,0.00022401177557185292
2309.1038081089064,0.9931953549385071,0.00022404645278584212
2309.1242403002834,0.9934735894203186,0.00022400192392524332
2309.1446723907284,0.9933753609657288,0.00022394444386009127
2309.1651046811676,0.9943737387657166,0.00022392028768081218
2309.185536870682,0.9955237507820129,0.00022392412938643247
2309.20596895973,0.996304988861084,0.00022393350081983954
2309.226401248772,0.9971678256988525,0.00022402383910957724
2309.2468334368896,0.9975299835205078,0.00022396979329641908
2309.2672656245413,0.9980781078338623,0.00022396004351321608
2309.28769781172,0.9989175200462341,0.00022390912636183202
2309.308129998906,0.9997752904891968,0.0002239635941805318
2309.328562185161,1.0002799034118652,0.00022391392849385738
2309.348994370943,1.001118779182434,0.00022389134392142296
2309.3694265562663,1.0024665594100952,0.00022390186495613307
2309.3898588415905,1.0031698942184448,0.00022383328177966177
2309.4102909259746,1.0040932893753052,0.00022389351215679199
2309.430723109901,1.005175232887268,0.00022375296975951642
2309.4511553933553,1.0062710046768188,0.0002237800945295021
2309.4715875763504,1.0070041418075562,0.00022371462546288967
2309.5124519414094,1.018754243850708,0.0002242720074718818
2309.5328841230003,1.0163829326629639,0.00022349835489876568
2309.553316204132,1.0153672695159912,0.00022358585556503385
2309.5737484847923,1.013869285583496,0.00022355798864737153
2309.594180665459,1.011997103691101,0.00022368559439200908
2309.614612745194,1.0108712911605835,0.0002237055596197024
2309.6350450244645,1.009943962097168,0.00022372308012563735
2309.6554771032606,1.0087450742721558,0.00022376046399585903
2309.675909281599,1.008217453956604,0.00022386119235306978
2309.6963415594655,1.0072410106658936,0.00022380346490535885
2309.716773636872,1.0060673952102661,0.00022398278815671802
2309.737205814279,1.0036286115646362,0.0002238418092019856
2309.757638090756,1.002271294593811,0.00022387418721336871
2309.778070166758,1.000301718711853,0.0002238723391201347
2309.7985023423025,0.9984427690505981,0.00022384861949831247
2309.818934617375,0.9966908693313599,0.00022387647186405957
2309.839366791988,0.9955990314483643,0.00022388748766388744
2309.8597989661357,0.9943758249282837,0.00022387327044270933
2309.8802311398176,0.9937198162078857,0.00022387820354197174
2309.9006633130266,0.9934712648391724,0.00022384584008250386
2309.9210955862436,0.993638277053833,0.0002238776214653626
2309.9415276585205,0.9934443235397339,0.00022385723423212767
2309.9619598303398,0.9942090511322021,0.00022386077034752816
2309.982392101694,0.9953957796096802,0.00022383648320101202
2310.0028241725813,0.997328519821167,0.00022388527577277273
2310.0232563429963,0.9984207153320312,0.00022392247046809644
2310.0436886129537,0.9997732043266296,0.0002238973102066666
2310.0641206824366,1.0009418725967407,0.00022383310715667903
2310.0845528519276,1.0017153024673462,0.00022384167823474854
2310.104985120488,1.003928542137146,0.00022384840121958405
2310.125417188581,1.0059665441513062,0.00022369028010871261
2310.1458493562022,1.0076857805252075,0.00022361110313795507
2310.1662816233656,1.0099929571151733,0.0002235194406239316
2310.1867136900546,1.0116219520568848,0.0002233642735518515
2310.207145856286,1.0130330324172974,0.00022327713668346405
2310.227578122518,1.0139411687850952,0.00022311056090984493
2310.2480101878173,1.014758825302124,0.0002228358353022486
2310.2684423526443,1.014168620109558,0.00022250429901760072
2310.288874617014,1.0151780843734741,0.00022217968944460154
2310.3093067809095,1.0147035121917725,0.0002217201836174354
2310.3297389448126,1.0132529735565186,0.0002210956736234948
2310.3501711077843,1.01157808303833,0.0002203281910624355
2310.3706031702895,1.0093748569488525,0.0002194251719629392
2310.3910354323234,1.0064295530319214,0.00021829918841831386
2310.411467594364,1.0033761262893677,0.00021705415565520525
2310.431899655465,0.9999346733093262,0.00021535810083150864
2310.452331916109,0.9960090517997742,0.00021354135242290795
2310.4931961364637,0.9969848990440369,0.00022381290909834206
2310.5136283957036,0.9991706609725952,0.00022401778551284224
2310.5340605544843,1.0006216764450073,0.0002239466120954603
2310.554492613257,1.0027137994766235,0.00022396526765078306
2310.574924871107,1.0046354532241821,0.00022389806690625846
2310.595357028491,1.0068273544311523,0.000223784867557697
2310.615789085874,1.0080870389938354,0.00022379017900675535
2310.63622134232,1.010039210319519,0.00022363031166605651
2310.6566534987724,1.0120607614517212,0.0002234576386399567
2310.677085654286,1.0131696462631226,0.00022326414182316512
2310.6975178098073,1.0141303539276123,0.00022318982519209385
2310.738382118514,1.0062968730926514,0.00022398239525500685
2310.758814372639,1.0037569999694824,0.00022395234555006027
2310.779246425831,1.001573920249939,0.00022396956046577543
2310.7996785790165,0.9995832443237305,0.000223918046685867
2310.8201108317444,0.9983599185943604,0.00022398003784473985
2310.8405428835395,0.9967154264450073,0.0002239428140455857
2310.8609751353288,0.9963247179985046,0.00022405928757507354
2310.8814072861933,0.9959670305252075,0.00022394960978999734
2310.901839337057,0.9943734407424927,0.00022388435900211334
2310.9222715874494,0.9948979020118713,0.00022386395721696317
2310.942703736917,0.9949130415916443,0.0002238957822555676
2310.9631357863836,0.9952422380447388,0.00022398022701963782
2310.983568035379,0.9962074756622314,0.00022388355864677578
2311.0040001834495,0.998081624507904,0.00022393747349269688
2311.0244322315193,0.9986348152160645,0.0002239853929495439
2311.0448644791177,1.0001633167266846,0.00022409720986615866
2311.065296626257,1.0006047487258911,0.0002240231988253072
2311.0857286729297,1.0025190114974976,0.00022401665046345443
2311.1061609186654,1.0041537284851074,0.0002240017056465149
2311.1265930644076,1.0064383745193481,0.0002240070898551494
2311.1470251096835,1.009231448173523,0.00022379167785402387
2311.167457354488,1.01235830783844,0.00022359617287293077
2311.187889498833,1.014386773109436,0.00022338125563692302
2311.2287537861193,1.0096731185913086,0.00022392859682440758
2311.2491859290676,1.0068305730819702,0.00022401029127649963
2311.2696179715495,1.0041555166244507,0.00022393757535610348
2311.29005021356,1.001358151435852,0.00022400185116566718
2311.310482355111,0.9995488524436951,0.0002240115572931245
2311.3309143966617,0.9976198077201843,0.00022396666463464499
2311.351346637275,0.9971920251846313,0.00022398582950700074
2311.3717787774294,0.9964019656181335,0.00022396813437808305
2311.3922110171115,0.994653582572937,0.00022394044208340347
2311.4126430563338,0.9956557750701904,0.0002239592868136242
2311.4330751955567,0.9959101676940918,0.00022401056776288897
2311.453507433842,0.9979339838027954,0.00022411053942050785
2311.473939471667,0.9994151592254639,0.00022401459864340723
2311.494371609493,1.000823736190796,0.00022404658375307918
2311.5148038463813,1.0034018754959106,0.0002240205358248204
2311.535235883275,1.0070483684539795,0.00022402282047551125
2311.5556680192385,1.0102825164794922,0.00022384643671102822
2311.5761002551953,1.0128583908081055,0.00022353362874127924
2311.5965323902274,1.0149282217025757,0.00022325811733026057
2311.6169644252586,1.0163123607635498,0.00022288525360636413
2311.637396659353,1.0163897275924683,0.0002223411574959755
2311.6578287934535,1.015990138053894,0.00022162958339322358
2311.678260827088,1.012930154800415,0.0002206904609920457
2311.7191251924887,0.9982767105102539,0.00022401071328204125
2311.739557224726,0.9965870976448059,0.0002240470639662817
2311.759989456492,0.9960567951202393,0.00022401229944080114
2311.7804215877986,0.996113121509552,0.00022400857415050268
2311.800853618639,0.9978087544441223,0.0002240639878436923
2311.821285849008,0.9997400045394897,0.0002240810135845095
2311.8417179789176,1.001333236694336,0.0002240434696432203
2311.8621501083617,1.0038553476333618,0.00022409131634049118
2311.882582237333,1.0056976079940796,0.0002240281319245696
2311.903014265845,1.0081819295883179,0.00022396435088012367
2311.9234464938927,1.0106552839279175,0.00022381023154594004
2311.943878621467,1.0142385959625244,0.00022352566884364933
2311.9643106490475,1.015856146812439,0.0002232164260931313
2311.9847428756984,1.0164600610733032,0.00022273029026109725
2312.0051750018756,1.0162068605422974,0.00022200759849511087
2312.0256071275944,1.0143578052520752,0.00022107678523752838
2312.046039253313,1.0116361379623413,0.00022000893659424037
2312.0664713780934,1.0071625709533691,0.0002184254553867504
2312.086903502881,1.002855896949768,0.00021673271839972585
2312.107335626737,1.0002106428146362,0.00021527480566874146
2312.127767750586,0.9964103102684021,0.0002132837107637897
2312.209496240881,0.99600750207901,0.00022401908063329756
2312.2299284624096,0.9967546463012695,0.0002241575566586107
2312.250360482998,0.9984222650527954,0.00022416630235966295
2312.2707926035946,0.9999575018882751,0.00022411110694520175
2312.291224823726,1.002547264099121,0.00022412685211747885
2312.3116568433834,1.0045475959777832,0.00022409643861465156
2312.332088962583,1.0073233842849731,0.00022414738486986607
2312.3525211813176,1.0093361139297485,0.0002239865279989317
2312.3729532000434,1.010610818862915,0.00022393095423467457
2312.3933854178467,1.0131957530975342,0.00022371970408130437
2312.4138175351836,1.0166068077087402,0.00022362216259352863
2312.454681768919,1.0181858539581299,0.00022399111185222864
2312.4751138848587,1.0163651704788208,0.00022408565564546734
2312.4955460007914,1.0145004987716675,0.00022408223594538867
2312.5159781158,1.012799859046936,0.00022414977138396353
2312.5364102308085,1.0119942426681519,0.00022412322869058698
2312.5568423448785,1.0108612775802612,0.00022415048442780972
2312.577274458956,1.0089348554611206,0.000224165924009867
2312.5977065725674,1.0054022073745728,0.000224135656026192
2312.6181385852396,1.0029853582382202,0.0002241886395495385
2312.6385707979207,1.0007517337799072,0.00022410503879655153
2312.6590029101353,0.9988681077957153,0.00022414320847019553
2312.6794349218762,0.9978221654891968,0.00022421067114919424
2312.6998671331603,0.9963902235031128,0.00022406531206797808
2312.720299243978,0.9966310858726501,0.00022409504163078964
2312.740731254322,0.9974024891853333,0.00022425479255616665
2312.761163464209,0.9980458617210388,0.00022412835096474737
2312.7815955740953,0.9990047216415405,0.00022417257423512638
2312.802027583042,1.0007184743881226,0.00022421717585530132
2312.8224597915323,1.0017008781433105,0.00022429645468946546
2312.8428919000216,1.0030633211135864,0.0002242011541966349
2312.8633240075724,1.0046392679214478,0.00022419627930503339
2312.8837561151304,1.0058170557022095,0.00022421333414968103
2312.904188221757,1.007033109664917,0.00022412423277273774
2312.9246204283772,1.0108975172042847,0.00022397018619813025
2312.9450524345375,1.0133373737335205,0.0002238990127807483
2312.965484539767,1.0145983695983887,0.00022371583327185363
2312.9859167449904,1.015329122543335,0.0002234922139905393
2313.0063488497544,1.0167007446289062,0.00022319579147733748
2313.026780854052,1.0169981718063354,0.00022286885359790176
2313.0472130578783,1.016968011856079,0.00022229326714295894
2313.0676451612453,1.0152266025543213,0.00022168163559399545
2313.0880771641387,1.0145858526229858,0.00022113884915597737
2313.108509367041,1.0124661922454834,0.00022055080626159906
2313.128941469011,1.0107545852661133,0.00021996085706632584
2313.1493734705145,1.0087933540344238,0.00022036519658286124
2313.1902377725855,0.9982525110244751,0.00022425095085054636
2313.2106697731506,0.9976418614387512,0.00022416451247408986
2313.231101972793,0.9956053495407104,0.00022409023949876428
2313.251534072435,0.9954108595848083,0.00022406619973480701
2313.2719661716037,0.997378945350647,0.00022430891112890095
2313.292398270314,0.9985336661338806,0.0002242653863504529
2313.3128303680933,1.0001356601715088,0.00022426017676480114
2313.333262465865,1.0015921592712402,0.00022428603551816195
2313.3536945631786,1.0038142204284668,0.00022428079682867974
2313.3741266600264,1.0063577890396118,0.00022416851425077766
2313.3945586568734,1.009133219718933,0.00022421461471822113
2313.435422948234,1.029849886894226,0.00022361396986525506
2313.4558550436777,1.0257971286773682,0.00022379023721441627
2313.476287138197,1.022966980934143,0.0002239966270281002
2313.4967192327167,1.0193876028060913,0.00022406599600799382
2313.5171514262984,1.0164164304733276,0.00022418760636355728
2313.537583419886,1.0128138065338135,0.00022425467614084482
2313.5580155130083,1.0100233554840088,0.0002243166381958872
2313.578447705193,1.0071200132369995,0.00022422312758862972
2313.5988796973834,1.0041762590408325,0.00022427592193707824
2313.619311789109,1.0009757280349731,0.000224145915126428
2313.6397439803623,0.9997824430465698,0.00022425617498811334
2313.6601759711557,0.9982017278671265,0.00022427870135288686
2313.6806080614842,0.9981566667556763,0.00022424022608902305
2313.7010402518063,0.9968996047973633,0.0002241801848867908
2313.7214722412027,0.9977135062217712,0.0002243046765215695
2313.7419043306,0.9989016056060791,0.00022428746160585433
2313.7623365190593,1.000046968460083,0.000224312228965573
2313.7827685075245,1.002379298210144,0.00022434093989431858
2313.803200595059,1.0038737058639526,0.00022427512158174068
2313.823632782587,1.0077598094940186,0.00022430035460274667
2313.844064869656,1.009710431098938,0.00022415290004573762
2313.8644968562585,1.0118119716644287,0.00022399792214855552
2313.8849290423896,1.0140665769577026,0.0002237074513686821
2313.9053611280615,1.015239953994751,0.0002232901897514239
2313.9257932132678,1.0169296264648438,0.00022294821974355727
2313.946225298001,1.016459345817566,0.00022230387548916042
2313.966657382276,1.014394998550415,0.00022151698067318648
2313.987089466551,1.0117112398147583,0.00022042774071451277
2314.0075215498873,1.008398175239563,0.00021941210434306413
2314.027953633231,1.0051162242889404,0.00021816325897816569
2314.0483857156432,1.002083659172058,0.00021652733266819268
2314.0688177980483,0.9968438744544983,0.0002141757431672886
2314.089249879995,0.9919356107711792,0.00021167017985135317
2314.1709782031176,0.9988105893135071,0.0002243556664325297
2314.1914102827286,0.9979522228240967,0.00022422769689001143
2314.2118423618813,0.9968212246894836,0.00022424585768021643
2314.232274441034,0.997185468673706,0.00022430626268032938
2314.252706519248,0.998725175857544,0.00022431701654568315
2314.2731385974694,0.9999960660934448,0.0002243129420094192
2314.293570675225,1.0018070936203003,0.00022437519510276616
2314.314002752042,1.0039397478103638,0.00022436301514972
2314.3344348288665,1.0065109729766846,0.00022432979312725365
2314.354867005226,1.0095645189285278,0.00022428073862101883
2314.375298981111,1.0116454362869263,0.00022401446767617017
2314.4161632314936,0.9998107552528381,0.0002243418275611475
2314.4365952064545,0.9989941120147705,0.0002243175549665466
2314.4570273804857,0.9981988668441772,0.00022436425206251442
2314.477459454516,0.9973596334457397,0.00022429712407756597
2314.497891427607,0.9968839883804321,0.0002242573391413316
2314.518323600707,0.9968091249465942,0.00022424875351134688
2314.538755673333,0.9975689649581909,0.00022432924015447497
2314.5591876455,0.9981571435928345,0.0002244295465061441
2314.579619817203,0.9986609816551208,0.00022432388504967093
2314.6000518884393,0.9997696280479431,0.0002243441267637536
2314.620483859202,0.9998006224632263,0.00022436310246121138
2314.640916029508,1.0016461610794067,0.0002243613707832992
2314.66134809934,1.0024806261062622,0.00022434939455706626
2314.6817801691795,1.0036442279815674,0.00022433271806221455
2314.7022122380877,1.0051958560943604,0.00022429732780437917
2314.722644306996,1.0072928667068481,0.000224412462557666
2314.743076375431,1.0090800523757935,0.00022424708004109561
2314.7635084434078,1.0107327699661255,0.00022418714070226997
2314.783940510446,1.011399507522583,0.0002240483881905675
2314.8043725774914,1.01199471950531,0.00022402903414331377
2314.824804644537,1.0129938125610352,0.00022387380886357278
2314.845236710651,1.0139636993408203,0.00022376293782144785
2314.8656686762915,1.0145974159240723,0.00022341875592246652
2314.9065329066507,1.0061461925506592,0.00022436780272983015
2314.9269650713686,1.0033469200134277,0.00022443155467044562
2314.9473970351537,1.00180184841156,0.00022436487779486924
2314.9678290989395,0.9995911121368408,0.00022437491861637682
2314.988261262253,0.9991028904914856,0.00022441860346589237
2315.008693225107,0.9982607364654541,0.0002243918424937874
2315.0291252874886,0.9976246953010559,0.00022440703469328582
2315.049557449878,0.9972580075263977,0.0002242907212348655
2315.069989411335,0.9967980980873108,0.00022431655088439584
2315.090421472327,0.9974672198295593,0.00022435128630604595
2315.110853633312,0.9977902770042419,0.0002244798670290038
2315.1312855938377,0.9986898303031921,0.0002243947092210874
2315.1517176534253,0.9994832873344421,0.00022442596673499793
2315.172149813021,1.0013161897659302,0.0002244217903353274
2315.19258187215,1.0025672912597656,0.00022450943652074784
2315.2130138308057,1.0036619901657104,0.00022443706984631717
2315.2334459890044,1.0049797296524048,0.00022434460697695613
2315.2538780472023,1.0066263675689697,0.00022440349857788533
2315.274310004461,1.008760929107666,0.00022428577358368784
2315.294742161728,1.0112615823745728,0.00022414978593587875
2315.3151742180635,1.013085961341858,0.00022402261674869806
2315.3356061743907,1.013793706893921,0.00022390989761333913
2315.356038330261,1.014333963394165,0.0002236978616565466
2315.396902540597,1.0127089023590088,0.0002244825300294906
2315.4173344950686,1.0099360942840576,0.00022443791385740042
2315.4377665490756,1.0067710876464844,0.00022442598128691316
2315.458198703076,1.0043317079544067,0.00022432436526287347
2315.478630656151,1.0019125938415527,0.00022439785243477672
2315.4990627092266,1.000295877456665,0.00022441460168920457
2315.5194947618293,0.9983764886856079,0.0002244037896161899
2315.5399268139736,0.9969651103019714,0.00022437720326706767
2315.5603588656522,0.996464729309082,0.00022429483942687511
2315.580790916858,0.9969017505645752,0.00022439254098571837
2315.6012229676053,0.997296929359436,0.0002245004870928824
2315.621655017887,0.9984712600708008,0.00022437726147472858
2315.6420870681613,0.9998244047164917,0.00022440672910306603
2315.6625191175117,1.0013113021850586,0.00022446471848525107
2315.682951166862,1.0018061399459839,0.0002244128263555467
2315.70338331574,1.003707766532898,0.00022442155750468373
2315.7238152641585,1.006657600402832,0.00022449072275776416
2315.744247312112,1.009152889251709,0.00022424414055421948
2315.764679459593,1.0118380784988403,0.00022404199989978224
2315.7851114066143,1.014047622680664,0.00022351906227413565
2315.8055434536363,1.0144280195236206,0.0002227211371064186
2315.8259755997206,1.0125735998153687,0.0002218303707195446
2315.8464075458105,1.0092482566833496,0.00022062288189772516
2315.887271736123,1.008729338645935,0.00022449903190135956
2315.9077036808158,1.0065263509750366,0.0002245364448754117
2315.9281358250446,1.0037461519241333,0.00022441976761911064
2315.9485678692654,1.0009191036224365,0.00022437545703724027
2315.9689998125614,0.9997900724411011,0.0002243546477984637
2315.9894319558516,0.9994755387306213,0.00022454441932495683
2316.009863998217,0.9978881478309631,0.0002244834031444043
2316.0302960405825,0.9977128505706787,0.0002244283678010106
2316.071160123909,0.9965800046920776,0.00022444745991379023
2316.0915921648775,0.9967930316925049,0.00022430869285017252
2316.112024205373,0.9965189695358276,0.00022436719154939055
2316.132456245876,0.9967906475067139,0.00022435035498347133
2316.1528882854473,0.9962490200996399,0.00022442710178438574
2316.173320425012,0.996707558631897,0.00022446535876952112
2316.1937523636516,0.9969108700752258,0.00022447465744335204
2316.2141844022917,0.9970667958259583,0.00022450288815889508
2316.234616440459,0.9976663589477539,0.00022454929421655834
2316.2550484781677,0.9979438185691833,0.00022448440722655505
2316.275480415876,0.9985359907150269,0.00022442445333581418
2316.295912552654,0.9994328022003174,0.0002244828938273713
2316.3163445894243,1.0001503229141235,0.00022448399977292866
2316.336776725271,1.0005146265029907,0.0002245165960630402
2316.37764069649,1.0016918182373047,0.0002244322677142918
2316.3980728314054,1.0005961656570435,0.0002244610368506983
2316.418504765854,0.9990162253379822,0.00022441474720835686
2316.438936800296,0.9985992312431335,0.00022450071992352605
2316.4593689338144,0.9977172613143921,0.0002244354982394725
2316.4798008673242,0.9967154860496521,0.00022441100736614317
2316.5002328999108,0.9968900680541992,0.00022449179959949106
2316.520665032498,0.9964972734451294,0.00022436858853325248
2316.5410970646117,0.9963010549545288,0.00022434948186855763
2316.561528996266,0.9964204430580139,0.0002244956122012809
2316.581961127922,0.9965595602989197,0.0002244850038550794
2316.6023931586387,0.9973195791244507,0.00022453533892985433
2316.622825089362,0.9980089068412781,0.00022447742230724543
2316.643257219155,0.9984589219093323,0.0002244905917905271
2316.6636892489405,0.999330461025238,0.0002244794595753774
2316.6841211782667,1.0003383159637451,0.00022450702090281993
2316.7045533071287,1.0018784999847412,0.0002245442010462284
2316.724985335517,1.0036779642105103,0.00022449604875873774
2316.745417263912,1.0049042701721191,0.00022443450870923698
2316.765849391377,1.0070990324020386,0.000224431641981937
2316.786281418834,1.0093715190887451,0.0002243185881525278
2316.806713545833,1.0104461908340454,0.00022418673324864358
2316.8271454718997,1.0112520456314087,0.00022401942987926304
2316.8680096240278,1.0123041868209839,0.00022456089209299535
2316.949737622701,0.999798595905304,0.0002244150819024071
2316.9701696464326,0.9983843564987183,0.00022455349972005934
2316.9906017697067,0.9976097345352173,0.00022453490237239748
2317.0110336925136,0.9963907599449158,0.0002244897623313591
2317.031465715314,0.995953381061554,0.00022446626098826528
2317.0518977371903,0.9958082437515259,0.00022446512593887746
2317.0723297590666,0.9971113801002502,0.00022457778686657548
2317.09276178047,0.9982445240020752,0.00022454993450082839
2317.113193901416,0.9994255900382996,0.0002245218784082681
2317.1336258218944,1.0007343292236328,0.00022458139574155211
2317.154057841901,1.003278136253357,0.00022448220988735557
2317.1744899614496,1.0063815116882324,0.00022454879945144057
2317.194921880997,1.0073198080062866,0.0002243594208266586
2317.2153540000727,1.010022521018982,0.00022424000781029463
2317.2357860182237,1.011227011680603,0.0002241247275378555
2317.256217936374,1.0117677450180054,0.00022382719907909632
2317.2766500545185,1.012424111366272,0.00022355989494826645
2317.2970820717383,1.012735366821289,0.00022326035832520574
2317.3175139884916,1.013164758682251,0.00022274941147770733
2317.3583781215275,1.0091767311096191,0.00022455130238085985
2317.3788101373502,1.0062229633331299,0.00022452791745308787
2317.3992421527,1.0042675733566284,0.0002245655923616141
2317.4196741675914,1.0025215148925781,0.0002245879004476592
2317.440106182017,0.9994828701019287,0.00022444251226261258
2317.4605381964357,0.9978719353675842,0.00022450035612564534
2317.48097020993,0.9967500567436218,0.00022449390962719917
2317.5014022234245,0.995820939540863,0.0002244137431262061
2317.521834236446,0.9962882995605469,0.00022455108410213143
2317.542266249009,0.99738609790802,0.00022450063261203468
2317.562698261565,0.999149739742279,0.0002245774958282709
2317.5831303731975,1.0016108751296997,0.00022454668942373246
2317.6035622848285,1.0052733421325684,0.0002244981878902763
2317.623994295529,1.0078320503234863,0.00022427306976169348
2317.644426406223,1.0107141733169556,0.00022410777455661446
2317.664858316457,1.0115164518356323,0.0002237814333057031
2317.6852904266852,1.0128355026245117,0.0002232970728073269
2317.7057224359887,1.0119413137435913,0.0002226844517281279
2317.7261543452914,1.010624885559082,0.0002218747540609911
2317.746586453657,1.00657320022583,0.000220688569243066
2317.7670183620285,1.0030207633972168,0.0002191252278862521
2317.787450369935,0.9975452423095703,0.00021688333072233945
2317.8078824773693,0.9921038746833801,0.00021466973703354597
2317.848746391319,0.9987433552742004,0.00022456684382632375
2317.869178497822,1.0011018514633179,0.0002245120849693194
2317.889610403865,1.0031776428222656,0.00022450389224104583
2317.910042409443,1.006922960281372,0.00022452601115219295
2317.930474514549,1.0087990760803223,0.00022429553791880608
2317.9509065196617,1.0103449821472168,0.00022411694226320833
2317.971338423842,1.011832594871521,0.00022369436919689178
2317.991770528017,1.012217402458191,0.0002231430698884651
2318.0122025317323,1.0112096071243286,0.00022221248946152627
2318.0326344349814,1.007010579109192,0.00022102244838606566
2318.053066537759,1.0027202367782593,0.00021950415975879878
2318.0939304423955,0.9958338141441345,0.0002244949428131804
2318.114362543776,0.9951406121253967,0.00022459153842646629
2318.1347945451635,0.9958165287971497,0.0002246004150947556
2318.155226646086,0.9978065490722656,0.00022457730665337294
2318.1756585465337,1.0010440349578857,0.00022459140745922923
2318.1960905469896,1.0043686628341675,0.00022455659927800298
2318.216522646515,1.0092426538467407,0.00022434131824411452
2318.2369545460315,1.0111502408981323,0.00022388344223145396
2318.2573865450904,1.011816143989563,0.00022318448463920504
2318.2778186436844,1.0113292932510376,0.0002227027143817395
2318.298250541804,1.009803295135498,0.0002219825837528333
2318.359546534317,1.0065631866455078,0.00022455384896602482
2318.3799785310475,1.0081994533538818,0.00022435185383073986
2318.4004106273132,1.0101412534713745,0.00022420939058065414
2318.4208426231053,1.0110536813735962,0.00022390863159671426
2318.441274518904,1.0111569166183472,0.00022356805857270956
2318.4617066137725,1.0116385221481323,0.00022312544751912355
2318.4821385086325,1.011767864227295,0.00022271691705100238
2318.502570503035,1.0101935863494873,0.00022206745052244514
2318.523002596972,1.0077216625213623,0.00022145381080918014
2318.5842985769123,0.9953199028968811,0.0002246402291348204
2318.6047304689782,0.9948370456695557,0.00022461872140411288
2318.6251625615187,0.9955257773399353,0.00022464391076937318
2318.645594553127,0.9954488277435303,0.00022460106993094087
2318.6660264442617,0.9973428249359131,0.00022458551393356174
2318.686458535405,0.9988430142402649,0.00022467435337603092
2318.7068905256165,1.0003139972686768,0.00022472125419881195
2318.72732241582,1.002377986907959,0.00022465865185949951
2318.747754506032,1.0055172443389893,0.0002246277581434697
2318.768186495312,1.0083340406417847,0.00022442209592554718
2318.788618484119,1.0098681449890137,0.0002241544716525823
2318.829482461282,1.0032284259796143,0.0002246465883217752
2318.849914449158,1.0047260522842407,0.00022463394270744175
2318.870346536576,1.007302165031433,0.00022448503295890987
2318.890778423527,1.0098165273666382,0.00022424831695389003
2318.9112104104715,1.0105876922607422,0.00022379860456567258
2318.9316424969584,1.0111002922058105,0.00022335186076816171
2318.952074382978,1.0101802349090576,0.0002228801604360342
2318.9725063685255,1.0095694065093994,0.00022222673578653485
2318.9929384536154,1.0079396963119507,0.0002216078864876181
2319.0133703387037,1.0058190822601318,0.0002207744400948286
2319.0338024233206,1.0022135972976685,0.00021974652190692723
2319.074666290704,0.9983252882957458,0.00022456064471043646
2319.0950983743896,0.9966557025909424,0.00022466729569714516
2319.1155303571504,0.9951572418212891,0.00022458324383478612
2319.1359622399104,0.9943214654922485,0.0002245452196802944
2319.156394322199,0.9943902492523193,0.0002246353542432189
2319.1768262040277,0.9952706098556519,0.0002246666990686208
2319.1972581853915,0.9961851835250854,0.00022459204774349928
2319.217690266283,0.9970515966415405,0.000224622170208022
2319.2381221471805,0.998818576335907,0.0002246987132821232
2319.258554127613,1.0005593299865723,0.00022475629521068186
2319.2789862075733,1.003204584121704,0.00022467905364464968
2319.2994181870745,1.0053858757019043,0.00022460561012849212
2319.319850066109,1.0080920457839966,0.00022436243307311088
2319.340282145138,1.009562373161316,0.000224087736569345
2319.360714123708,1.010941505432129,0.00022351417283061892
2319.3811460018114,1.0107098817825317,0.000222889386350289
2319.4015780794434,1.0080572366714478,0.00022192895994521677
2319.4220100566163,1.0056371688842773,0.00022090954007580876
2319.4424421337826,1.0001749992370605,0.00021938688587397337
2319.462874010489,0.9946832656860352,0.00021669850684702396
2319.483305986265,0.9890579581260681,0.00021396098600234836
2319.565033987492,0.9995262622833252,0.0002247783268103376
2319.58546586187,1.0013517141342163,0.00022473411809187382
2319.6058978357833,1.0028598308563232,0.00022465171059593558
2319.62632990969,1.0050253868103027,0.00022461495245806873
2319.646761782671,1.0068050622940063,0.00022446650837082416
2319.667193755653,1.0087257623672485,0.00022430562239605933
2319.6876258281627,1.0096925497055054,0.00022405243362300098
2319.7080578002133,1.0105208158493042,0.00022353415261022747
2319.7284896717974,1.0094778537750244,0.0002229370438726619
2319.748921743376,1.0080763101577759,0.00022203358821570873
2319.769353714495,1.0042527914047241,0.00022069744591135532
2319.8102176553293,1.0026392936706543,0.0002247067604912445
2319.8306496250516,0.9991939663887024,0.00022476896992884576
2319.851081594774,0.9963976740837097,0.00022458306921180338
2319.871513564023,0.994933009147644,0.0002246313524665311
2319.8919454328134,0.9944044947624207,0.00022469632676802576
2319.9123775011394,0.9942249059677124,0.00022468980751000345
2319.9328094689918,0.9948599934577942,0.00022467365488409996
2319.9532414368514,0.9966185092926025,0.0002246356598334387
2319.9736734042453,0.9977173209190369,0.0002247478550998494
2319.9941053711664,0.9998130202293396,0.00022473900753539056
2320.0145372376282,1.0024648904800415,0.0002247239026473835
2320.034969303859,1.0050830841064453,0.00022464741778094321
2320.0554012696157,1.0073442459106445,0.00022446847287938
2320.0758331351462,1.0092195272445679,0.00022415295825339854
2320.0962652002127,1.0096148252487183,0.00022375014668796211
2320.1166971648054,1.0102521181106567,0.0002231631224276498
2320.1371291291725,1.0088231563568115,0.00022268493194133043
2320.157561093307,1.0069129467010498,0.00022182543762028217
2320.1779930569683,1.004162073135376,0.0002207960787927732
2320.1984250201713,1.0000253915786743,0.00021927761554252356
2320.2188569831414,0.9950549602508545,0.00021748644940089434
2320.2392889456387,0.9905610084533691,0.00021562282927334309
2320.3005848310495,1.001863718032837,0.00022480767802335322
2320.321016891925,0.9986296892166138,0.00022473130957223475
2320.3414488527924,0.9960101842880249,0.0002246215008199215
2320.361880712968,0.9955294132232666,0.00022472396085504442
2320.382312772912,0.9942308068275452,0.00022464852372650057
2320.4027447326225,0.9941737651824951,0.0002246405347250402
2320.4231765918594,0.9932499527931213,0.00022469076793640852
2320.4436086506394,0.9951549768447876,0.00022479532344732434
2320.4640406091785,0.9962963461875916,0.0002246722433483228
2320.4844724674913,0.9975466728210449,0.00022480609186459333
2320.504904525107,0.9992499351501465,0.00022486248053610325
2320.525336482722,1.0005766153335571,0.00022478736354969442
2320.5457684396315,1.0018175840377808,0.00022481009364128113
2320.5662003963153,1.0037301778793335,0.00022476870799437165
2320.586632352759,1.004509687423706,0.00022467087546829134
2320.607064308744,1.0063807964324951,0.00022459171304944903
2320.6274962642638,1.007484793663025,0.00022441193868871778
2320.6479282195505,1.0076075792312622,0.00022433610865846276
2320.6683601743644,1.008719563484192,0.00022417806030716747
2320.6887921289526,1.009659767150879,0.00022388462093658745
2320.709224083068,1.0092406272888184,0.00022360611183103174
2320.7296560369577,1.0094488859176636,0.0002232002152595669
2320.750087990382,1.0081140995025635,0.00022237320081330836
2320.7909519960594,0.9962658882141113,0.00022467703092843294
2320.8113838485515,0.9939419627189636,0.00022464788344223052
2320.8318158005713,0.9937172532081604,0.00022474341676570475
2320.8522478521336,0.9938713908195496,0.00022473769786302
2320.8726797034615,0.9942227005958557,0.0002247157972306013
2320.8931116543245,0.9941931962966919,0.00022475466539617628
2320.913543704948,0.9949412941932678,0.00022485457884613425
2320.933975555112,0.9952440857887268,0.0002246873191324994
2320.954407505036,0.9969881772994995,0.0002248692762805149
2320.974839554503,0.9986550211906433,0.00022484740475192666
2320.9952714035026,0.9998002052307129,0.0002248073578812182
2321.01570335227,1.0015678405761719,0.00022478451137430966
2321.0361354007982,1.0039277076721191,0.00022471802367363125
2321.0565672488665,1.005757212638855,0.00022460751642938703
2321.0769992964633,1.0069142580032349,0.00022437622828874737
2321.097431243834,1.008190631866455,0.00022420755703933537
2321.1178631907387,1.0084710121154785,0.0002237949229311198
2321.1382951374035,1.008670449256897,0.00022332044318318367
2321.15872708361,1.0084283351898193,0.0002228988887509331
2321.1791590295834,1.0073693990707397,0.00022226353758014739
2321.199590975084,1.0047821998596191,0.00022149361029732972
2321.220022920359,1.002515196800232,0.00022091322171036154
2321.2404548651684,1.00010085105896,0.00021989390370436013
2321.281318753616,1.004112958908081,0.0002248236269224435
2321.301750697494,1.0009053945541382,0.00022487001842819154
2321.3221827408997,0.9977508783340454,0.000224782939767465
2321.3426145838457,0.9961631894111633,0.00022471966804005206
2321.3630465265596,0.9949982166290283,0.0002247994561912492
2321.3834784690334,0.9946097135543823,0.00022468483075499535
2321.403910411049,0.9935672879219055,0.0002248106466140598
2321.424342252598,0.9934656023979187,0.00022474660363513976
2321.4447742939083,0.9943307042121887,0.00022477949096355587
2321.4652062347595,0.9955250024795532,0.00022474827710539103
2321.4856382753787,0.9964689612388611,0.0002248327509732917
2321.5060701157563,0.9980729222297668,0.00022480030020233244
2321.5265020556762,1.0002192258834839,0.00022487439855467528
2321.5469340951313,1.00211501121521,0.0002248393720947206
2321.5673659343447,1.0035580396652222,0.00022472675482276827
2321.5877978731005,1.004421591758728,0.0002247174270451069
2321.608229911624,1.0053294897079468,0.000224621660890989
2321.6286618496742,1.0062670707702637,0.00022441775945480913
2321.649093687498,1.007534384727478,0.00022435899882111698
2321.6695257248575,1.0079892873764038,0.00022416865976992995
2321.689957661976,1.0084080696105957,0.00022382436145562679
2321.710389498636,1.0087043046951294,0.0002233974519185722
2321.730821535064,1.0082626342773438,0.00022295743110589683
2321.771685306514,1.0116782188415527,0.0002248554228572175
2321.792117341778,1.0067325830459595,0.00022477096354123205
2321.8125492768013,1.002946376800537,0.00022480795450974256
2321.8329811113654,1.0001063346862793,0.00022489293769467622
2321.853413145698,0.997181236743927,0.00022478486062027514
2321.873845079557,0.9955860376358032,0.00022475511650554836
2321.8942771131915,0.9949376583099365,0.00022486501256935298
2321.9147089463586,0.9934815168380737,0.0002247560041723773
2321.9351408790535,0.9931057691574097,0.00022470969997812063
2321.9555729117565,0.9946779608726501,0.00022485305089503527
2321.9760047437594,0.9955029487609863,0.00022484631335828453
2321.996436675523,0.9969457387924194,0.000224906878429465
2322.016868707062,0.9993368983268738,0.00022485463705379516
2322.0373005381334,1.0005062818527222,0.00022489874390885234
2322.0577324689657,1.002747654914856,0.00022476923186331987
2322.0781643993396,1.0045245885849,0.00022468208044301718
2322.0985963294806,1.0058457851409912,0.0002244633942609653
2322.1190282591488,1.0070348978042603,0.0002243577182525769
2322.1394602883593,1.007843017578125,0.00022398833243642002
2322.159892117561,1.0081173181533813,0.00022356919362209737
2322.180324046072,1.008203148841858,0.00022320264542941004
2322.200756074584,1.0064327716827393,0.00022257061209529638
2322.221187902396,1.005398154258728,0.00022201512183528394
2322.2620518573167,0.9940130114555359,0.00022482800704892725
2322.282483684423,0.9932654500007629,0.00022489669208880514
2322.3029157108394,0.9937193393707275,0.00022480539337266237
2322.323347637255,0.9940416216850281,0.0002248059172416106
2322.3437794629717,0.994333803653717,0.00022488983813673258
2322.3642114886825,0.9956303238868713,0.00022488602553494275
2322.384643413934,0.9962224364280701,0.0002249047247460112
2322.405075238712,0.9971765279769897,0.00022490331321023405
2322.425507263266,0.9983775615692139,0.00022487314708996564
2322.4459391873534,0.9997288584709167,0.0002248674863949418
2322.4663711112007,1.00138258934021,0.00022487237583845854
2322.4868030348225,1.0030176639556885,0.00022478609753306955
2322.5072349579787,1.004307508468628,0.00022470515978056937
2322.527666880662,1.0057895183563232,0.00022453618294093758
2322.5480988031195,1.0059261322021484,0.00022434204583987594
2322.5685307253443,1.0071394443511963,0.0002240225876448676
2322.588962647096,1.0077731609344482,0.00022364525648299605
2322.6093946686233,1.0074896812438965,0.0002232650585938245
2322.629826489683,1.0130478143692017,0.00022326651378534734
2322.6502585102717,1.005417823791504,0.00022235653887037188
2322.6706904308667,1.003488540649414,0.00022160795924719423
2322.6911222509952,1.0003160238265991,0.00022050339612178504
2322.7115542706524,0.9968633651733398,0.00021917484991718084
2322.7524180090477,1.0063130855560303,0.00022491267009172589
2322.7728500277735,1.0035603046417236,0.0002249205717816949
2322.7932818460395,1.0006579160690308,0.00022489186085294932
2322.8137137640733,0.9987112283706665,0.00022490700939670205
2322.834145781868,0.9964354038238525,0.00022486638044938445
2322.8545775992025,0.9946959018707275,0.0002248089440399781
2322.875009516305,0.9941198825836182,0.00022489669208880514
2322.8954415329354,0.9930161833763123,0.00022485134832095355
2322.915873349106,0.9926511645317078,0.0002247456432087347
2322.936305265277,0.9933983683586121,0.0002248998498544097
2322.9567372807433,0.9938575625419617,0.0002248743548989296
2322.977169196216,0.9934267401695251,0.00022491926210932434
2322.9976010112223,0.9944751262664795,0.0002248874952783808
2323.018033025757,0.9954913258552551,0.00022491863637696952
2323.0384649400658,0.995223879814148,0.00022492202697321773
2323.0588968539087,0.9979302883148193,0.00022492777497973293
2323.0793287675115,0.9991428256034851,0.00022489034745376557
2323.0997606808887,1.0000312328338623,0.0002249200624646619
2323.1201925938003,1.0008111000061035,0.00022480517509393394
2323.140624506472,1.0022475719451904,0.00022481827181763947
2323.161056418685,1.0050902366638184,0.00022469232499133795
2323.181488430666,1.005821704864502,0.000224462419282645
2323.2019202421725,1.0067182779312134,0.00022440313478000462
2323.2427841644967,1.0125677585601807,0.00022485163935925812
2323.263215975079,1.0100281238555908,0.0002249162207590416
2323.2836478854297,1.0070666074752808,0.00022491217532660812
2323.304079895315,1.0052801370620728,0.0002250278485007584
2323.3245117047263,1.0046554803848267,0.00022501967032440007
2323.3449436141454,1.0012447834014893,0.0002249442768516019
2323.3653756230924,0.9977378249168396,0.00022490796982310712
2323.3858074315795,0.9960673451423645,0.0002249221142847091
2323.4062393398344,0.9940376281738281,0.00022491137497127056
2323.4266713478573,0.9931265115737915,0.00022484206419903785
2323.4471032554065,0.9930347800254822,0.00022493957658298314
2323.4675351624974,0.9926101565361023,0.00022485735826194286
2323.487967069581,0.9931524395942688,0.0002248708624392748
2323.5083988759725,0.9934377670288086,0.0002250378020107746
2323.5288308823656,0.9947859048843384,0.00022495047596748918
2323.5492627882923,0.9956453442573547,0.00022494829318020493
2323.569694593745,0.9971768260002136,0.00022493797587230802
2323.590126598974,0.9986634254455566,0.00022492505377158523
2323.6105585039622,1.000507116317749,0.00022492618882097304
2323.630990308491,1.0026687383651733,0.00022481812629848719
2323.651422312789,1.005419135093689,0.00022453976271208376
2323.671854216853,1.0070228576660156,0.00022441470355261117
2323.692286020443,1.0066145658493042,0.00022396500571630895
2323.733149926469,1.0214529037475586,0.0002246473013656214
2323.7535817291355,1.0174665451049805,0.00022471703414339572
2323.7740137313376,1.0144857168197632,0.00022481943597085774
2323.8148776350354,1.008179783821106,0.0002249686513096094
2323.8353094363047,1.0047093629837036,0.00022497719328384846
2323.855741337102,1.0026564598083496,0.00022497441386803985
2323.876173337674,0.999464750289917,0.00022500524937640876
2323.896605138012,0.9974650740623474,0.0002250249672215432
2323.917037038118,0.9945340156555176,0.0002249674580525607
2323.9374690377517,0.9933621883392334,0.00022487818205263466
2323.9579008369255,0.9930591583251953,0.00022492441348731518
2323.97833273586,0.9929596781730652,0.00022488839749712497
2323.9987647345697,0.9934989809989929,0.00022494167205877602
2324.019196632813,0.9958038926124573,0.00022496323799714446
2324.0396284308226,0.9971630573272705,0.000225046620471403
2324.0600604285937,0.9981889128684998,0.0002249218086944893
2324.0804923259057,1.0006122589111328,0.00022494563017971814
2324.1009241229767,1.0034323930740356,0.00022478567552752793
2324.121356119591,1.0054872035980225,0.00022452605480793864
2324.1417880159715,1.005651831626892,0.00022415703278966248
2324.1622198118857,1.0065914392471313,0.00022366370831150562
2324.1826518075613,1.0049362182617188,0.00022310763597488403
2324.243947492738,0.9972407221794128,0.00022492684365715832
2324.2643793872558,0.9960020780563354,0.00022497637837659568
2324.284811281301,0.9941648840904236,0.00022491476556751877
2324.3052431751203,0.9938179850578308,0.00022491793788503855
2324.3256749684733,0.9924217462539673,0.00022496446035802364
2324.346106961588,0.9923651814460754,0.00022499308397527784
2324.366538854243,0.9921696186065674,0.00022485884255729616
2324.3869707466656,1.0000540018081665,0.00022538102348335087
2324.407402638848,0.9927689433097839,0.00022488688409794122
2324.427834530805,0.9939689636230469,0.00022502080537378788
2324.448266422063,0.9953224658966064,0.0002249885437777266
2324.468698413315,0.9961302876472473,0.0002250737597933039
2324.489130204107,0.9974300861358643,0.00022498652106150985
2324.5095620946668,0.9982965588569641,0.00022501366038341075
2324.5299940847544,0.9997172355651855,0.00022500545310322195
2324.550425874615,1.001510500907898,0.00022487582464236766
2324.570857864237,1.0029187202453613,0.00022484181681647897
2324.5912897534,1.0035632848739624,0.0002247415395686403
2324.611721542329,1.0043069124221802,0.00022448839445132762
2324.632153531027,1.0051161050796509,0.00022441829787567258
2324.6525854192514,1.0052084922790527,0.00022401635942514986
2324.6730172072494,1.0055010318756104,0.00022351340157911181
2324.713881082076,1.012494444847107,0.00022492244897875935
2324.73431286891,1.008268117904663,0.00022494353470392525
2324.7547448557452,1.0051772594451904,0.00022506859386339784
2324.775176741874,1.0003741979599,0.00022490417177323252
2324.7956085280093,0.9971169829368591,0.0002248576784040779
2324.816040513673,0.9953511953353882,0.00022493654978461564
2324.836472399111,0.9942718148231506,0.00022499501938000321
2324.8569042840827,0.9931598901748657,0.0002249186218250543
2324.877336168822,0.9925253391265869,0.00022494808945339173
2324.8977680533208,0.9929811954498291,0.00022495922166854143
2324.9181999373614,0.992403507232666,0.00022508097754325718
2324.9386319211626,0.9924646615982056,0.00022495115990750492
2324.959063704504,0.9925767183303833,0.0002249898243462667
2324.979495587613,0.9918295741081238,0.00022496255405712873
2324.9999274704896,0.9936095476150513,0.00022507183894049376
2325.020359352893,0.9933818578720093,0.00022502243518829346
2325.040791335072,0.9954565167427063,0.00022511942370329052
2325.061223117009,0.9978125095367432,0.0002250609250040725
2325.081654998721,0.9985476136207581,0.0002250415418529883
2325.1020869797358,1.0006123781204224,0.00022491307754535228
2325.122518760749,1.0020315647125244,0.00022485786757897586
2325.1429506412896,1.0034290552139282,0.00022468873066827655
2325.1633826216057,1.0045992136001587,0.00022447090304922312
2325.204246281297,1.0120277404785156,0.00022488423564936966
2325.2246782606817,1.008931279182434,0.00022510578855872154
2325.2451100395992,1.0058244466781616,0.00022516961325891316
2325.2655419182774,1.0031490325927734,0.00022504817752633244
2325.285973896731,1.0008670091629028,0.00022498612815979868
2325.3064057747106,0.9989051818847656,0.00022506881214212626
2325.3268376524647,0.9959855079650879,0.00022503115178551525
2325.347269829981,0.994450032711029,0.00022505654487758875
2325.3677017070368,0.9924201369285583,0.0002249349927296862
2325.3881335838596,0.9926584362983704,0.0002250207180622965
2325.4085654604423,0.991948664188385,0.0002249268291052431
2325.428997236566,0.9927254915237427,0.00022499129408970475
2325.449429212458,0.9939530491828918,0.00022506320965476334
2325.4698610881096,0.9951668381690979,0.00022506853565573692
2325.490292863302,0.9959261417388916,0.00022512198484037071
2325.510724838263,0.9970733523368835,0.0002250541583634913
2325.53115671275,0.9984849691390991,0.00022506157984025776
2325.551588487244,1.0006966590881348,0.00022497762984130532
2325.5720204612735,1.0011305809020996,0.0002249219105578959
2325.5924523348294,1.002648115158081,0.00022459466708824039
2325.612884108159,1.0043786764144897,0.000224413481191732
2325.6333160812574,1.005664587020874,0.0002240433095721528
2325.653747954115,1.0053011178970337,0.0002234211569884792
2325.69461169868,1.017842411994934,0.00022481282940134406
2325.7150435703734,1.0141109228134155,0.00022493641881737858
2325.7354755420747,1.010686993598938,0.0002250585239380598
2325.755907313076,1.006615400314331,0.00022513666772283614
2325.776339184071,1.0034583806991577,0.00022523468942381442
2325.796771154608,1.0018154382705688,0.00022513166186399758
2325.817202924911,0.9996444582939148,0.00022512344003189355
2325.8376347949743,0.9972401261329651,0.00022510455164592713
2325.85806676458,0.9956267476081848,0.00022508931579068303
2325.8784986339524,0.9944525361061096,0.00022509208065457642
2325.898930402851,0.9928568601608276,0.00022502911451738328
2325.9193623715255,0.9919571876525879,0.00022511242423206568
2325.9397942399664,0.9919001460075378,0.00022496857855003327
2325.9602260081665,0.992358922958374,0.00022498499311041087
2325.9806579759097,0.9937488436698914,0.00022510158305522054
2326.0010898434193,0.9945951700210571,0.00022508045367430896
2326.021521610688,0.996601402759552,0.0002251178229926154
2326.0419535775,0.9992498755455017,0.0002250647230539471
2326.0623854440782,1.0012048482894897,0.0002249014942208305
2326.082817410417,1.0025293827056885,0.0002246696240035817
2326.1032491762962,1.004348635673523,0.00022448702657129616
2326.123681041943,1.0051612854003906,0.00022409764642361552
2326.14411290735,1.004669189453125,0.0002235070278402418
2326.2054085014897,1.0044269561767578,0.00022519884805660695
2326.2258403657397,1.0020155906677246,0.00022513458679895848
2326.246272229524,0.9992649555206299,0.00022505572997033596
2326.2667040930683,0.9984540939331055,0.00022509325935970992
2326.287135956154,0.9973390698432922,0.0002251213591080159
2326.30756781924,0.9959356784820557,0.0002250686811748892
2326.327999681853,0.9951068758964539,0.00022504618391394615
2326.3484315440073,0.9944494962692261,0.00022515990713145584
2326.368863405929,0.9936095476150513,0.00022509183327201754
2326.3892953676113,0.9928355813026428,0.0002250638062832877
2326.4097271290666,0.9926773309707642,0.0002250820689368993
2326.4301590902905,0.9924250841140747,0.00022507731046061963
2326.450590951041,0.9924108386039734,0.00022515401360578835
2326.4710227115647,0.9923475384712219,0.00022515053569804877
2326.4914546716172,0.9923120141029358,0.00022501467901747674
2326.5118865314435,0.992548942565918,0.00022505420201923698
2326.532318291036,0.9927544593811035,0.00022516369062941521
2326.5527502503974,0.9934568405151367,0.00022510967392008752
2326.573182109285,0.9941548705101013,0.00022511582938022912
2326.5936138679463,0.9963568449020386,0.00022521341452375054
2326.614045826369,0.998481035232544,0.00022514488955494016
2326.6344776843325,0.9997625946998596,0.00022501123021356761
2326.6549094420625,1.0002703666687012,0.00022498882026411593
2326.675341399561,1.002691626548767,0.00022504727530758828
2326.695773256819,1.0020222663879395,0.00022494519362226129
2326.7162051136183,1.0031993389129639,0.0002247754455311224
2326.7366369701776,1.0042259693145752,0.00022459664614871144
2326.7570688265114,1.004460096359253,0.00022424026974476874
2326.7775006823795,1.0037696361541748,0.0002238937304355204
2326.7979325380147,1.0039485692977905,0.00022339604038279504
2326.81836439341,1.0025999546051025,0.0002228182420367375
2326.83879634858,1.0009053945541382,0.00022194119810592383
2326.859228103276,0.9982916116714478,0.0002209869708167389
2326.879659957747,0.9950628876686096,0.00021997978910803795
2326.920523665758,1.002202033996582,0.00022528096451424062
2326.9409555192906,1.000382423400879,0.00022517351317219436
2326.9613874725983,0.997889518737793,0.00022519240155816078
2326.9818192256644,0.9955193400382996,0.00022511153656523675
2327.002251078273,0.9947040677070618,0.00022518043988384306
2327.022683030649,0.993861198425293,0.0002252120029879734
2327.043114782784,0.9928580522537231,0.0002251790283480659
2327.063546634461,0.9928053021430969,0.00022521890059579164
2327.083978586139,0.9915940165519714,0.00022519197955261916
2327.1044103373424,0.9923454523086548,0.0002251163386972621
2327.124842188088,0.9925291538238525,0.00022523326333612204
2327.145274138835,0.9929328560829163,0.00022520152560900897
2327.165705889107,0.9940761923789978,0.00022518316109199077
2327.186137839155,0.9947841167449951,0.0002251867117593065
2327.2065696887366,0.9965322017669678,0.00022518730838783085
2327.227001538078,0.9985464811325073,0.00022522076324094087
2327.247433387427,1.000648856163025,0.00022501965577248484
2327.2678652360773,1.0025397539138794,0.00022491972777061164
2327.2882970847204,1.0035653114318848,0.00022469708346761763
2327.308728932905,1.004512071609497,0.0002242392802145332
2327.329160780857,1.0046364068984985,0.0002237274602521211
2327.3495926285686,1.0033174753189087,0.00022329951752908528
2327.3700245758228,1.0026917457580566,0.00022262209677137434
2327.4108881698558,1.013025164604187,0.00022519835329148918
2327.4313201161785,1.0109033584594727,0.00022525526583194733
2327.4517518625,1.0084037780761719,0.00022533928859047592
2327.472183708349,1.0057551860809326,0.00022541377984452993
2327.492615653973,1.0033758878707886,0.00022534001618623734
2327.513047399363,1.0011800527572632,0.00022534890740644187
2327.5334793442817,0.9992728233337402,0.00022517883917316794
2327.553911188974,0.9968984723091125,0.00022522066137753427
2327.5743429334325,0.9946420192718506,0.00022527755936607718
2327.5947748776525,0.9932719469070435,0.00022524721862282604
2327.6152067214134,0.9922996163368225,0.0002252663834951818
2327.6356384649407,0.9922046661376953,0.00022524199448525906
2327.6560704082294,0.9924356937408447,0.00022514851298183203
2327.676502151291,0.9996764063835144,0.00022561415971722454
2327.696933993888,0.9937027096748352,0.00022535515017807484
2327.717365936478,0.9937094449996948,0.00022525763779412955
2327.737797778609,0.9946739673614502,0.00022521629580296576
2327.7582295202737,0.9958372116088867,0.00022520823404192924
2327.7786614619326,0.9977099299430847,0.00022519037884194404
2327.7990933031324,1.000356912612915,0.0002250959223601967
2327.8195250440986,1.002092719078064,0.00022510233975481242
2327.839956984826,1.0034433603286743,0.00022478621394839138
2327.8603888250946,1.0035829544067383,0.00022428938245866448
2327.9012525051585,1.027870774269104,0.00022484653163701296
2327.9216843444956,1.0253651142120361,0.00022455323778558522
2327.942116283826,1.02243971824646,0.00022478266328107566
2327.962548022697,1.020017385482788,0.00022492538846563548
2327.9829798613355,1.018003225326538,0.0002249910612590611
2328.0034117997347,1.0155812501907349,0.00022520733182318509
2328.023843537907,1.0129313468933105,0.00022521556820720434
2328.0442753756142,1.01137113571167,0.00022525410167872906
2328.064707313082,1.0083248615264893,0.00022537136101163924
2328.085139050323,1.0049524307250977,0.00022539726342074573
2328.105570887332,1.003538727760315,0.0002254013525089249
2328.146434560411,0.9957559704780579,0.0002253287675557658
2328.1668663964883,0.997356116771698,0.00022529446869157255
2328.1872983323265,0.9987390041351318,0.00022532349976245314
2328.2077301677054,0.9997965693473816,0.00022512803843710572
2328.2281619030837,1.0008587837219238,0.00022509471455123276
2328.2485938379905,1.0014259815216064,0.0002251790720038116
2328.269025672671,1.003064513206482,0.0002248875971417874
2328.289457506886,1.004321575164795,0.00022476511367131025
2328.3098893410934,1.0041625499725342,0.00022458417515736073
2328.3303211748425,1.0042415857315063,0.00022432469995692372
2328.350753008359,1.0037859678268433,0.00022406176140066236
2328.391616574685,1.003036618232727,0.00022544637613464147
2328.412048507271,1.0001204013824463,0.00022543439990840852
2328.4324803396157,0.9985112547874451,0.00022535311290994287
2328.4529120717343,0.9964278936386108,0.00022527498367708176
2328.4733440036216,0.9949019551277161,0.00022535209427587688
2328.493775835035,0.9937424659729004,0.00022535452444572002
2328.514207566688,0.996044397354126,0.00022547290427610278
2328.534639497644,0.9924787282943726,0.00022540650388691574
2328.555071328359,0.992364227771759,0.0002253501006634906
2328.575503158616,0.993314802646637,0.00022526050452142954
2328.5959349888726,0.9926103353500366,0.000225357900490053
2328.6163668186564,0.9935014843940735,0.0002254216669825837
2328.6367987482154,0.9933056831359863,0.00022539542987942696
2328.65723047754,0.9942718148231506,0.00022539569181390107
2328.6776623066253,0.9950459003448486,0.00022540579084306955
2328.698094235253,0.9953286647796631,0.00022532822913490236
2328.718525963879,0.9971251487731934,0.00022541373618878424
2328.738957792033,0.9973018765449524,0.0002253129641758278
2328.759389719962,0.9989632368087769,0.00022531503054779023
2328.779821547425,1.0008221864700317,0.0002252596168546006
2328.8002532748797,1.002030849456787,0.00022522937797475606
2328.8206852018775,1.0030854940414429,0.00022499090118799359
2328.8411170286417,1.0036674737930298,0.00022482858912553638
2328.8819806814645,1.0025538206100464,0.00022550587891601026
2328.9024125075302,1.0004302263259888,0.00022548373090103269
2328.9228442331223,0.9982296228408813,0.00022541596263181418
2328.9432761584903,0.99549400806427,0.00022539655037689954
2328.9637079836248,0.9949643611907959,0.0002254018618259579
2328.98413990852,0.9940809011459351,0.00022541213547810912
2329.004571632955,0.9931023120880127,0.00022535552852787077
2329.025003457391,0.993812620639801,0.00022546155378222466
2329.045435281354,0.9930081963539124,0.00022542770602740347
2329.0658671050915,0.993141770362854,0.0002252877311548218
2329.086298928596,0.9930327534675598,0.00022547077969647944
2329.1067307518606,0.9929860830307007,0.00022539994097314775
2329.1271625746667,0.9935875535011292,0.00022543313389178365
2329.14759439724,0.9946907758712769,0.00022540446661878377
2329.168026219806,0.9952118396759033,0.00022540404461324215
2329.1884580419137,0.9972221851348877,0.00022546466789208353
2329.2088898635557,0.9983132481575012,0.0002253850834676996
2329.229321785191,1.0007632970809937,0.00022536142205353826
2329.2497535063667,1.0022163391113281,0.0002253340499009937
2329.270185327543,1.0029358863830566,0.0002250677498523146
2329.290617248247,1.0036696195602417,0.0002247749362140894
2329.311048968724,1.0035732984542847,0.00022444182832259685
2329.331480888737,1.0040948390960693,0.0002237718435935676
2329.3723444282878,1.008349895477295,0.0002257976302644238
2329.392776347595,1.0019537210464478,0.00022554311726707965
2329.4132081666758,0.9996548891067505,0.00022557373449672014
2329.433639885523,0.9975829720497131,0.0002254666615044698
2329.4540718041317,0.9951496720314026,0.00022544995590578765
2329.474503622281,0.9940916895866394,0.0002255047729704529
2329.49493534043,0.9936380386352539,0.00022554762836080045
2329.5153672581073,0.9928979277610779,0.00022560558863915503
2329.5357990755583,0.9925068616867065,0.0002254991850350052
2329.5562307927758,0.9929360747337341,0.0002253968414152041
2329.5766627097546,0.9937903881072998,0.00022550500580109656
2329.5970945262743,0.994899332523346,0.00022548335255123675
2329.617526342794,0.9949365854263306,0.00022548442939296365
2329.637958158841,0.9965741634368896,0.00022554659517481923
2329.658389974662,0.9970536828041077,0.00022545007232110947
2329.678821890251,0.9977373480796814,0.00022543800878338516
2329.6992537055994,0.9987533688545227,0.00022552743030246347
2329.7196854204885,0.9999815821647644,0.00022539212659467012
2329.740117335379,1.0011619329452515,0.00022533460287377238
2329.760549149796,1.0022109746932983,0.00022531203285325319
2329.7809808639868,1.0028088092803955,0.00022503173386212438
2329.801412777946,1.003577709197998,0.0002248467644676566
2329.8218445916646,1.0040138959884644,0.00022447737865149975
2329.8627082181847,0.9956343173980713,0.00022553937742486596
2329.883139931204,0.9963884949684143,0.00022554030874744058
2329.9035717437655,0.9982842206954956,0.00022551567235495895
2329.924003656095,1.0007519721984863,0.0002253810380352661
2329.944435368183,1.0020760297775269,0.0002251619880553335
2329.964867180046,1.0039441585540771,0.0002248618402518332
2329.985299091677,1.0038998126983643,0.0002242523041786626
2330.0057308028336,1.0022906064987183,0.0002233679551864043
2330.026162713766,1.000808596611023,0.00022241650731302798
2330.046594524698,0.9973701238632202,0.0002210902894148603
2330.0670263351567,0.9926531910896301,0.0002193475083913654
2330.1078899553904,1.0070594549179077,0.00022563191305380315
2330.128321764918,1.0045723915100098,0.00022570649161934853
2330.1487535744527,1.0034563541412354,0.00022560048091690987
2330.169185383522,1.0033378601074219,0.00022568157874047756
2330.1896171925837,1.0022140741348267,0.00022572562738787383
2330.210049101188,0.9999086260795593,0.00022571369481738657
2330.230480809558,0.9994188547134399,0.00022580478980671614
2330.2509126176883,0.9980756044387817,0.00022556785552296788
2330.271344525361,0.9972055554389954,0.00022560973593499511
2330.2917762330326,0.997167706489563,0.00022557078045792878
2330.3122080404646,0.9960154294967651,0.00022565833933185786
2330.332639947439,0.9951341152191162,0.00022559762874152511
2330.353071654179,0.9948762655258179,0.00022560349316336215
2330.3735035606805,0.9944129586219788,0.0002255954168504104
2330.3939353669557,0.9931150674819946,0.0002256223961012438
2330.4143670729973,0.9931109547615051,0.0002257421874674037
2330.4347989788002,0.993575930595398,0.00022565980907529593
2330.455230784377,0.9932240843772888,0.00022550484573002905
2330.475662489487,0.9936788082122803,0.00022564406390301883
2330.4960943945916,0.9942951202392578,0.0002256848820252344
2330.516526199237,0.9941664934158325,0.00022563464881386608
2330.5369580036495,0.9945340752601624,0.00022560229990631342
2330.557389807822,0.9950854182243347,0.00022564292885363102
2330.5778216117687,0.9964013695716858,0.0002256234729429707
2330.598253315482,0.9965465068817139,0.0002256795996800065
2330.6186852189567,0.9976970553398132,0.00022563843231182545
2330.639117021972,0.9984189867973328,0.0002256220468552783
2330.659548724987,0.9986235499382019,0.00022566773986909539
2330.6799806275303,0.9992601275444031,0.0002256979059893638
2330.7004124298473,1.0001497268676758,0.00022550090216100216
2330.7208442319243,1.0009034872055054,0.0002254071441711858
2330.7412760337756,1.002042293548584,0.00022543614613823593
2330.761707835394,1.0016050338745117,0.00022542719671037048
2330.7821397367734,1.0027300119400024,0.00022521171194966882
2330.8025714379255,1.0032371282577515,0.00022504961816594005
2330.8434351392934,1.0185467004776,0.00022549826826434582
2330.8638668395142,1.0156062841415405,0.00022550165886059403
2330.884298639503,1.0147322416305542,0.00022547028493136168
2330.904730539485,1.0130181312561035,0.00022571354929823428
2330.9251622390075,1.0104973316192627,0.00022562780941370875
2330.9455940382977,1.0086801052093506,0.0002257392043247819
2330.9660259373486,1.0073670148849487,0.00022569001885131001
2330.9864576359396,1.0051747560501099,0.00022577431809622794
2331.0068894345313,1.0043641328811646,0.000225822048378177
2331.0273213328837,1.0032978057861328,0.00022574019385501742
2331.047753130777,1.0024564266204834,0.00022580084623768926
2331.0681849286702,1.0013850927352905,0.0002257570595247671
2331.0886167260905,0.9999457001686096,0.000225802359636873
2331.1090485232853,0.9979639649391174,0.0002257720334455371
2331.1294803202472,0.9974105954170227,0.00022560209617950022
2331.149912116969,0.995816707611084,0.00022574421018362045
2331.1703439134653,0.995261549949646,0.00022574527247343212
2331.1907757097288,0.9939867258071899,0.00022573475143872201
2331.211207505752,0.9936025142669678,0.00022575636103283614
2331.231639301317,0.9931302070617676,0.0002256928273709491
2331.252071096882,0.9936254620552063,0.00022581910889130086
2331.272502891974,0.9938264489173889,0.00022570682631339878
2331.2929346870733,0.9944401383399963,0.0002257633168483153
2331.313366481707,0.994819700717926,0.000225696581765078
2331.3337982763333,0.9955694079399109,0.00022571666340809315
2331.3542299705005,0.9967261552810669,0.00022574090689886361
2331.3746618644363,0.9980259537696838,0.0002257117157569155
2331.3950936581314,0.9987950325012207,0.000225738956942223
2331.4155255516016,1.0000568628311157,0.00022550633002538234
2331.4359572448375,1.0015678405761719,0.00022547577100340277
2331.456389037601,1.0020661354064941,0.00022536475444212556
2331.476820930373,1.0023472309112549,0.00022519360936712474
2331.4972526229103,1.002893328666687,0.00022500669001601636
2331.5176844149755,1.0033215284347534,0.00022481006453745067
2331.5381163070488,1.003485918045044,0.00022460348554886878
2331.5789797900215,1.0005569458007812,0.00022194562188815325
2331.5994116813963,1.0019171237945557,0.00022176837956067175
2331.6198434723046,1.0019164085388184,0.00022174658079165965
2331.640275162972,1.0025399923324585,0.0002216331340605393
2331.6607070534155,1.0028581619262695,0.00022135328617878258
2331.6811388436254,1.0033247470855713,0.00022120584617368877
2331.701570633595,1.0031843185424805,0.00022108007397037
2331.7220024233393,1.0027798414230347,0.00022081554925534874
2331.7424342128506,1.0023173093795776,0.0002207264769822359
2331.76286610189,1.0030523538589478,0.0002206135104643181
2331.7832977909347,1.0020631551742554,0.00022041791817173362
2331.8241614680883,1.0208460092544556,0.00022289009939413518
2331.8445931564347,1.0192445516586304,0.00022283592261373997
2331.8650249443162,1.0181223154067993,0.00022282662393990904
2331.8854568319584,1.01371431350708,0.00022267775784712285
2331.9058885196064,1.011905312538147,0.00022267363965511322
2331.926320306782,1.0104293823242188,0.00022267911117523909
2331.946752193733,1.007733702659607,0.0002225920179625973
2331.9671838804497,1.0054746866226196,0.00022254297800827771
2331.987615667167,1.0033677816390991,0.0002224182680947706
2332.0080474534116,1.0006132125854492,0.00022234139032661915
2332.0284792394305,0.9981338977813721,0.00022233165509533137
2332.0693428105296,1.0122368335723877,0.0002227752556791529
2332.08977459585,1.0091530084609985,0.0002226431533927098
2332.110206480931,1.0069912672042847,0.00022255319345276803
2332.130638265786,1.0060195922851562,0.00022252318740356714
2332.151069950407,1.0045793056488037,0.00022253334464039654
2332.1715018345567,1.003617286682129,0.0002224846975877881
2332.191933618713,1.0028637647628784,0.00022237315715756267
2332.2123653024028,1.0024229288101196,0.00022247123706620187
2332.232797186087,1.0010806322097778,0.00022235546202864498
2332.2532289693117,1.00032639503479,0.00022231311595533043
2332.273660652536,0.9998484253883362,0.00022236366930883378
2332.2940925352887,0.9979608654975891,0.00022236017684917897
2332.314524318048,0.9978840351104736,0.00022226881992537528
2332.3349560003408,0.9966455698013306,0.00022210227325558662
2332.355387882395,0.9951959848403931,0.00022216254728846252
2332.375819664456,0.994918942451477,0.00022213942429516464
2332.3962515460516,0.9945366978645325,0.00022214898490346968
2332.416683227406,0.9944145083427429,0.00022210885072126985
2332.4371150085353,0.994486391544342,0.00022220599930733442
2332.4575468894327,0.9936122894287109,0.00022219447419047356
2332.4779785700885,0.9939557909965515,0.00022219677339307964
2332.4984103507522,0.9939742684364319,0.00022222244297154248
2332.518842230951,0.9937998056411743,0.00022229549358598888
2332.5392739109084,0.993256688117981,0.00022221761173568666
2332.559705690641,0.9933249950408936,0.0002222522016381845
2332.5801375701412,0.9930210709571838,0.00022223309497348964
2332.600569349168,0.9928670525550842,0.00022213933698367327
2332.621001028201,0.9930740594863892,0.0002221550530521199
2332.641432907003,0.992924690246582,0.00022219323727767915
2332.661864685564,0.9931344985961914,0.0002222286129835993
2332.682296363899,0.9928411245346069,0.000222194503294304
2332.702728242002,0.9933398365974426,0.00022222800180315971
2332.7231600198647,0.9935553669929504,0.00022218954109121114
2332.743591797269,0.9939607381820679,0.00022231208276934922
2332.764023574673,0.9944646954536438,0.00022221700055524707
2332.784455351837,0.9951093792915344,0.00022222858387976885
2332.8253189052484,0.9972134232521057,0.00022220652317628264
2332.845750581713,0.9971945285797119,0.00022220776008907706
2332.866182457954,0.9969069957733154,0.00022224239364732057
2332.886614233961,0.9979021549224854,0.00022225556313060224
2332.9070459094946,0.9979497194290161,0.00022217119112610817
2332.927477785037,0.9987730979919434,0.00022224572603590786
2332.9479095603456,0.9989392161369324,0.00022210358292795718
2332.9683413351813,1.0003608465194702,0.0002220444439444691
2332.9887731100243,1.0006170272827148,0.00022202199033927172
2333.0092048844017,1.0011974573135376,0.00022191439347807318
2333.0500684329163,1.0233274698257446,0.00022274351795203984
2333.070500206595,1.0226585865020752,0.0002229389938293025
2333.0909320802675,1.0215572118759155,0.000222742062760517
2333.1113638537136,1.021317720413208,0.00022299977717921138
2333.131795526693,1.0207196474075317,0.00022301802528090775
2333.152227399667,1.0180859565734863,0.0002229223755421117
2333.1726591721817,1.0170094966888428,0.00022294578957371414
2333.1930908446957,1.0167196989059448,0.00022295082453638315
2333.213522716971,1.0156198740005493,0.00022287914180196822
2333.2339544887873,1.014180064201355,0.00022286869352683425
2333.2543861606027,1.012913465499878,0.00022282807913143188
2333.2748180321796,1.0117642879486084,0.00022283011639956385
2333.2952498032973,1.0094103813171387,0.00022275594528764486
2333.3156814744143,1.007243275642395,0.00022277173411566764
2333.33611334506,1.0055607557296753,0.0002226287469966337
2333.356545115712,1.0042803287506104,0.00022257314412854612
2333.3769769861246,1.0031226873397827,0.00022249981702771038
2333.3974086563103,1.0013130903244019,0.00022253135102801025
2333.417840426031,1.0006439685821533,0.00022248461027629673
2333.4382722957453,0.9983328580856323,0.00022245344007387757
2333.4587039652324,0.9981784224510193,0.00022250271285884082
2333.4791357342547,0.99735027551651,0.00022249051835387945
2333.4995675032696,0.9962703585624695,0.0002223706105723977
2333.519999272059,0.9949647188186646,0.00022232164337765425
2333.5404310406157,0.994472324848175,0.0002223023766418919
2333.5608628087066,0.9946437478065491,0.00022234735661186278
2333.5812945767902,0.993812620639801,0.00022230639297049493
2333.6017263446483,0.9936439394950867,0.00022234086645767093
2333.622158212267,0.9935781955718994,0.00022236625954974443
2333.6425898796588,0.9931689500808716,0.00022231707407627255
2333.663021746819,0.9922587275505066,0.00022231946059037
2333.6834535137386,0.9926325082778931,0.0002222265611635521
2333.703885180432,0.9933503270149231,0.0002222885814262554
2333.7243170468937,0.9924265146255493,0.00022231788898352534
2333.7447488131147,0.9928919672966003,0.00022235760116018355
2333.7651804791094,0.9931075572967529,0.0002223338233307004
2333.785612344873,0.992503821849823,0.0002223264309577644
2333.8060441103953,0.9927826523780823,0.00022235087817534804
2333.8264757756915,0.9926605224609375,0.00022233952768146992
2333.8469076407564,0.9933107495307922,0.0002223932242486626
2333.8673394055804,0.993533730506897,0.00022233837808016688
2333.887771070411,0.9937060475349426,0.00022243351850192994
2333.9082029347774,0.9944980144500732,0.00022237413213588297
2333.928634698903,0.9946911931037903,0.0002222955081379041
2333.969498226703,0.9975779056549072,0.00022226550208870322
2333.98992999013,0.9994187951087952,0.00022213307966012508
2334.030793516533,1.0176692008972168,0.00022298669500742108
2334.0512252794942,1.0172063112258911,0.0002230007667094469
2334.071657141998,1.0163254737854004,0.0002229743404313922
2334.092088904501,1.0158116817474365,0.00022300929413177073
2334.112520566763,1.0149787664413452,0.0002229439269285649
2334.1329524285684,1.0145260095596313,0.00022296560928225517
2334.153384190373,1.012420654296875,0.00022291998902801424
2334.1738158519365,1.0117093324661255,0.00022289682237897068
2334.194247713276,1.0100760459899902,0.0002228613302577287
2334.2146793743814,1.009415626525879,0.00022286905732471496
2334.2351111352473,1.0073508024215698,0.00022286202874965966
2334.2555429958884,1.0057858228683472,0.0002227004006272182
2334.275974656295,1.0042698383331299,0.00022271239140536636
2334.2964065164633,1.0032347440719604,0.000222638642298989
2334.316838276405,1.0018138885498047,0.00022263998107519
2334.3372699361134,0.9998846054077148,0.0002225870848633349
2334.357701795583,0.9986830949783325,0.00022253248607739806
2334.3781335550593,0.997029721736908,0.00022251535847317427
2334.398565214069,0.9951364398002625,0.00022242120758164674
2334.4189970728403,0.9950886964797974,0.00022236902441363782
2334.439428831618,0.9944643974304199,0.00022240038379095495
2334.4598605899228,0.9939397573471069,0.00022242410341277719
2334.480292348235,0.9928680658340454,0.00022244465071707964
2334.500724106314,0.9926188588142395,0.00022242982231546193
2334.5211558639276,0.9927281737327576,0.00022247408924158663
2334.541587621534,0.9924318790435791,0.00022239706595428288
2334.5620193789146,0.9930933713912964,0.00022243827697820961
2334.582451236056,0.9932587742805481,0.000222436836338602
2334.602882992971,0.9930837154388428,0.00022242817794904113
2334.6233146496525,0.9936692118644714,0.00022245234868023545
2334.6437465060953,0.9940188527107239,0.0002224867494078353
2334.664178262312,0.9950947761535645,0.00022253277711570263
2334.684609918295,0.9953532814979553,0.00022252622875384986
2334.705041774272,0.9960148930549622,0.00022246332082431763
2334.72547352979,0.9966813921928406,0.00022242814884521067
2334.7459051853075,0.9976351261138916,0.00022246285516303033
2334.7663370403534,0.9984621405601501,0.00022226748114917427
2334.786768795406,0.9991410970687866,0.00022214831551536918
2334.8072004502246,0.9993526935577393,0.00022220225946512073
2334.827632304572,0.9999539852142334,0.00022194278426468372
2334.848064058926,1.000421404838562,0.00022162597451824695
2334.8684957130463,1.0003057718276978,0.00022143010573927313
2334.888927566928,1.0003160238265991,0.00022106108372099698
2334.9093593205835,1.0012438297271729,0.00022089459525886923
2334.929791174007,1.0005611181259155,0.00022056429588701576
2334.9502228274214,0.9989426136016846,0.00021996544091962278
2334.9706545803783,0.9976224899291992,0.00021947981440462172
2335.0115180858193,1.0214481353759766,0.00022300037380773574
2335.0319498380777,1.0199334621429443,0.00022304203594103456
2335.052381590336,1.0187079906463623,0.00022305446327663958
2335.0728133423545,1.0175169706344604,0.00022307907056529075
2335.0932450941473,1.0162559747695923,0.00022308973711915314
2335.1136768457072,1.014944314956665,0.00022305804304778576
2335.134108597027,1.013309121131897,0.0002231085964012891
2335.1545403481214,1.011710286140442,0.00022300230921246111
2335.1749721989836,1.0104447603225708,0.0002229552046628669
2335.195403849604,1.0082472562789917,0.0002230543177574873
2335.2158357002336,1.0060843229293823,0.00022295206144917756
2335.2362674503966,1.00505793094635,0.0002228549710707739
2335.2566991005515,1.0024068355560303,0.00022267007443588227
2335.2771309502496,1.0015790462493896,0.00022273547074291855
2335.297562699947,0.9999073147773743,0.00022263184655457735
2335.3179943494033,0.99870365858078,0.0002226459764642641
2335.3384261986357,0.9974414110183716,0.00022259497200138867
2335.3588579476345,0.9955567717552185,0.00022252171766012907
2335.3792895963925,0.9945818185806274,0.00022249328321777284
2335.3997214449264,0.9948756098747253,0.0002224664785899222
2335.4201531934596,0.9943565130233765,0.00022245713626034558
2335.44058494152,0.9945876598358154,0.0002225308126071468
2335.4610166895873,0.9931756258010864,0.00022250047186389565
2335.481448437422,0.9936412572860718,0.00022256484953686595
2335.5018802850173,0.993212103843689,0.00022259943943936378
2335.5223119323855,0.9927979111671448,0.00022255290241446346
2335.5427436795217,0.992984414100647,0.0002225464122602716
2335.5631755264185,0.9927462339401245,0.00022250498295761645
2335.583607273089,0.9924854636192322,0.00022264399740379304
2335.6040389197588,0.9928682446479797,0.0002224903873866424
2335.624470765957,0.9935798048973083,0.00022266859014052898
2335.644902512162,0.9944018721580505,0.0002225540956715122
2335.6653341579004,0.9949467778205872,0.0002225547650596127
2335.685766003633,0.9957275390625,0.0002227048244094476
2335.7061976491386,0.9958524703979492,0.00022251890914049
2335.726629394412,0.9964119791984558,0.00022251246264204383
2335.7470612394463,0.9980183243751526,0.00022239802638068795
2335.7674928842534,0.9992923140525818,0.00022234396601561457
2335.7879246290613,1.000082015991211,0.00022207251458894461
2335.808356473397,1.0005085468292236,0.0002219361485913396
2335.8287881177384,0.9999363422393799,0.00022177054779604077
2335.8492199618486,1.0003024339675903,0.00022157056082505733
2335.869651705718,1.0003207921981812,0.0002212931722169742
2335.890083349361,1.0002222061157227,0.0002209321828559041
2335.910515192765,0.9991156458854675,0.0002201696770498529
2335.930946935943,0.9971694946289062,0.00021949733491055667
2335.9513785791205,0.9949124455451965,0.000218401342863217
2335.9922421645388,1.0197300910949707,0.00022313230147119612
2336.0126739067855,1.0191094875335693,0.00022316229296848178
2336.033105649025,1.0184121131896973,0.00022327557962853462
2336.053537391039,1.016951084136963,0.00022318182163871825
2336.0739691330527,1.0168449878692627,0.00022315721435006708
2336.094400874601,1.0162848234176636,0.00022319448180496693
2336.114832615909,1.0154078006744385,0.00022319378331303596
2336.1352644572253,1.01468825340271,0.00022314740635920316
2336.1556961983006,1.013919472694397,0.00022317742696031928
2336.1761278391496,1.0130059719085693,0.00022317940602079034
2336.1965596797672,1.0115875005722046,0.00022318422270473093
2336.216991420144,1.0106464624404907,0.0002231372200185433
2336.2374230602945,1.0083081722259521,0.00022316725517157465
2336.2578549002137,1.0076948404312134,0.00022312530199997127
2336.278286640125,1.0067263841629028,0.00022309452469926327
2336.2987182798097,1.0046122074127197,0.00022295511735137552
2336.3191501190304,1.0036888122558594,0.0002229333040304482
2336.339581858243,1.001849889755249,0.00022294613881967962
2336.360013497462,1.0009357929229736,0.00022285596060100943
2336.3804453362172,1.0010251998901367,0.0002228531811852008
2336.4008770747314,0.9988323450088501,0.0002227202639915049
2336.421308813253,0.9981498718261719,0.00022274604998528957
2336.4417405515414,0.9975419640541077,0.00022282404825091362
2336.462172189589,0.9962962865829468,0.00022267822350841016
2336.482604027413,0.9953641891479492,0.0002227895602118224
2336.503035765003,0.9959831237792969,0.00022282575082499534
2336.523467502353,0.9944406747817993,0.000222561793634668
2336.5438992397103,0.9939835071563721,0.00022270853514783084
2336.564330976602,0.9929457902908325,0.00022270721092354506
2336.5847627134863,0.992962121963501,0.0002226927172159776
2336.605194450145,0.9925883412361145,0.000222613918595016
2336.625626186571,0.9932212829589844,0.00022262666607275605
2336.646057922757,0.9931055903434753,0.00022264562721829861
2336.666489758951,0.9932631254196167,0.00022275060473475605
2336.6869213949103,0.9948237538337708,0.00022268638713285327
2336.7073532303984,0.995288074016571,0.00022275470837485045
2336.727784965893,0.9957885146141052,0.00022276652453001589
2336.748216601154,0.9963696002960205,0.00022260901459958404
2336.7686484364094,0.9971661567687988,0.00022268580505624413
2336.7890801712056,0.99728924036026,0.00022254370560403913
2336.809511806001,0.9988128542900085,0.000222437854972668
2336.829943640325,0.998263955116272,0.0002224262134404853
2336.8503753746554,0.9988018274307251,0.00022215687204152346
2336.8708070087523,1.0001275539398193,0.0002220285969087854
2336.8912388428434,0.9995613694190979,0.00022171712771523744
2336.9116705764754,1.000063180923462,0.000221505033550784
2336.9321022101067,1.000512719154358,0.00022109290875960141
2336.972965776433,0.9986423254013062,0.00022279800032265484
2336.9933976095926,0.9963504672050476,0.00022281616111285985
2337.0138292422926,0.9954367280006409,0.00022273419017437845
2337.0342609747604,0.9947455525398254,0.00022268328757490963
2337.0546928072217,0.9942013621330261,0.00022268533939495683
2337.0751245394567,0.993820309638977,0.00022280630946625024
2337.095556171458,0.994037926197052,0.00022285335580818355
2337.1159879032202,0.9935545921325684,0.00022281140263658017
2337.1364197349903,0.9931610822677612,0.00022277122479863465
2337.1568513662933,0.9930986166000366,0.00022271787747740746
2337.1772831975904,0.9928223490715027,0.00022271311900112778
2337.1977148286605,0.9934449195861816,0.00022267519671004266
2337.2181465594986,0.9929775595664978,0.00022272340720519423
2337.2385783900972,0.9937429428100586,0.00022280220582615584
2337.2590100207017,0.9951562881469727,0.00022277465905062854
2337.279441850842,0.9955649375915527,0.0002228614903287962
2337.2998735809742,0.9952132701873779,0.00022280092525761575
2337.32030521088,0.9954664707183838,0.0002228271187050268
2337.3407370407876,0.9960312843322754,0.0002227018412668258
2337.3611687702214,0.9967019557952881,0.0002226526994490996
2337.3816003996617,0.9973520636558533,0.00022252107737585902
2337.4020322288707,0.9981874227523804,0.000222424219828099
2337.4224639578388,0.9990887641906738,0.00022233370691537857
2337.4428955865806,0.9989541172981262,0.00022193678887560964
2337.463327415091,0.9996919631958008,0.00022187814465723932
2337.4837591435935,0.9995996952056885,0.00022183138935361058
2337.5041908718704,0.9998404383659363,0.00022161602100823075
2337.5246225999144,1.000123381614685,0.0002215387357864529
2337.5450543277184,0.9995152950286865,0.000221146154217422
2337.565486055297,0.9994854927062988,0.00022078535403124988
2337.585917782875,0.9989916086196899,0.00022043706849217415
2337.6063495102135,0.9971024990081787,0.0002197622088715434
2337.626781337327,0.9962447881698608,0.0002194028056692332
2337.647213064207,0.9946988821029663,0.00021867906616535038
2337.6676446910787,0.992229163646698,0.0002175694244215265
2337.708508243908,1.018149495124817,0.00022338789131026715
2337.7289398700814,1.016048550605774,0.00022333470406010747
2337.7493716960307,1.0150362253189087,0.0002235377032775432
2337.7698034219793,1.0108332633972168,0.00022338738199323416
2337.790235047687,1.0088132619857788,0.00022337005066219717
2337.810666872938,1.0074964761734009,0.0002232479164376855
2337.83109849842,1.0053476095199585,0.00022316080867312849
2337.85153022343,1.0044342279434204,0.0002231588150607422
2337.871962048215,1.0022220611572266,0.00022305641323328018
2337.8923937729996,1.0015231370925903,0.00022306526079773903
2337.912825497544,1.0002055168151855,0.00022302854631561786
2337.9741206700273,0.9929811954498291,0.00022281667042989284
2337.9945523938804,0.9930898547172546,0.0002228979137726128
2338.0149841175007,0.9935047030448914,0.00022284200531430542
2338.0354158411137,0.9933726787567139,0.0002227940276497975
2338.0558475642683,0.9947797060012817,0.00022298139811027795
2338.076279287423,0.9943554997444153,0.00022288855689112097
2338.0967110103375,0.9947249293327332,0.00022284785518422723
2338.1171427330264,0.995244562625885,0.00022293477377388626
2338.1375744557154,0.9957428574562073,0.00022292167705018073
2338.158006277932,0.9961258769035339,0.0002228834491688758
2338.1784379001547,0.9965306520462036,0.00022283058206085116
2338.1988697221386,0.9962593913078308,0.00022275479568634182
2338.219301444129,0.9968198537826538,0.00022257745149545372
2338.239733065653,0.9982412457466125,0.0002227141085313633
2338.2601648871787,0.9992427825927734,0.00022261106641963124
2338.2805966084634,0.9997105002403259,0.00022238561359699816
2338.3010282295218,0.9993572235107422,0.00022231723414734006
2338.3214600505744,0.9988333582878113,0.00022202347463462502
2338.3418917714007,0.9997588396072388,0.00022154217003844678
2338.3623233919934,0.9986400604248047,0.00022107413678895682
2338.382755212355,0.9980471730232239,0.0002204512566095218
2338.4031869324754,0.997594952583313,0.00021997537987772375
2338.444050372491,1.0010616779327393,0.00022309031919576228
2338.464482092153,0.9997667074203491,0.00022313605586532503
2338.484913911816,0.998295783996582,0.00022300740238279104
2338.5053455312445,0.9980772733688354,0.0002230529789812863
2338.525777250201,0.9975035190582275,0.00022306392202153802
2338.546209069398,0.9971199631690979,0.0002231117250630632
2338.566640688121,0.9961090087890625,0.00022299449483398348
2338.587072406852,0.9949526190757751,0.0002229466917924583
2338.60750412535,0.9953063130378723,0.00022296245151665062
2338.627935843615,0.9951789975166321,0.00022289577464107424
2338.64836756164,0.99474036693573,0.00022290911874733865
2338.668799379673,0.9941381216049194,0.00022301654098555446
2338.6892309974646,0.9940942525863647,0.00022307506878860295
2338.7096627150313,0.9939952492713928,0.00022303394507616758
2338.7300945325987,0.9941591620445251,0.00022304983576759696
2338.750526149699,0.9937273859977722,0.00022308580810204148
2338.7709579667935,0.9937174916267395,0.0002229355595773086
2338.7913896836617,0.9945532083511353,0.00022304292360786349
2338.811821300522,0.9948272109031677,0.00022302896832115948
2338.832253117158,0.9953219890594482,0.0002230657555628568
2338.8526848335605,0.9952973127365112,0.0002229983074357733
2338.873116449722,0.9959403872489929,0.0002229505480499938
2338.89354826566,0.9962242841720581,0.0002228754456155002
2338.9139799815966,0.9974865317344666,0.00022290583001449704
2338.9344115972926,0.9979097843170166,0.00022267608437687159
2338.9548434129974,0.9985974431037903,0.00022270593035500497
2338.975275128236,0.9985799193382263,0.0002225067582912743
2338.9957069434677,0.9991052150726318,0.00022249252651818097
2339.0161385584724,0.9998835921287537,0.0002221505856141448
2339.036570273478,0.999523937702179,0.00022190103481989354
2339.0570020880114,0.9995023012161255,0.0002217414294136688
2339.0774337025505,0.9994352459907532,0.00022141006775200367
2339.0978654168575,0.9994300007820129,0.0002212213585153222
2339.118297231158,0.9991651177406311,0.00022072110732551664
2339.1387289449995,0.9984486699104309,0.00022035508300177753
2339.179592372675,1.0238572359085083,0.00022293388610705733
2339.2000240860507,1.0236103534698486,0.00022322779113892466
2339.2204556994257,1.0225772857666016,0.00022325606551021338
2339.240887512562,1.0220972299575806,0.00022338512644637376
2339.261319225705,1.0215330123901367,0.00022344529861584306
2339.281750938375,1.0204079151153564,0.00022346690820995718
2339.302182651052,1.0204674005508423,0.0002236005529994145
2339.3226142637286,1.0186265707015991,0.00022355446708388627
2339.343046075941,1.0185887813568115,0.00022356281988322735
2339.3634777881452,1.0184062719345093,0.00022354831162374467
2339.3839094001232,1.0183143615722656,0.00022363044263329357
2339.4043412118626,1.0171306133270264,0.0002236774453194812
2339.4247729236085,1.0171499252319336,0.00022366191842593253
2339.445204535121,1.0166230201721191,0.0002235976280644536
2339.465636346402,1.0168795585632324,0.0002236048603663221
2339.486068057675,1.0167027711868286,0.00022367080964613706
2339.5064997687223,1.0160561800003052,0.00022357942361850291
2339.5269314795296,1.015789270401001,0.00022370414808392525
2339.5473631901114,1.0155298709869385,0.0002237447479274124
2339.567795000694,1.0150773525238037,0.00022367395285982639
2339.588226611042,1.0146695375442505,0.00022371603699866682
2339.608658321151,1.0138570070266724,0.00022372871171683073
2339.6290901312677,1.0134923458099365,0.00022375561820808798
2339.649521741143,1.0135443210601807,0.00022367763449437916
2339.6699534507934,1.0133382081985474,0.00022369759972207248
2339.6903852602118,1.0124030113220215,0.00022361679293680936
2339.710816969622,1.0121376514434814,0.00022361350420396775
2339.731248578806,1.0119775533676147,0.000223705152166076
2339.751680387759,1.010934829711914,0.00022365387121681124
2339.7721120967035,1.011237621307373,0.00022368496865965426
2339.792543705422,1.0109878778457642,0.00022361626906786114
2339.812975513909,1.0100712776184082,0.00022358301794156432
2339.833407222388,1.0100517272949219,0.00022364023607224226
2339.853839030642,1.0096726417541504,0.00022363202879205346
2339.874270638662,1.0090497732162476,0.00022359777358360589
2339.915134154231,0.9947430491447449,0.0002231161925010383
2339.935565762018,0.9963384866714478,0.00022325232566799968
2339.955997469333,0.996404767036438,0.00022329176135826856
2339.976429276656,0.9963598251342773,0.00022320651623886079
2339.9968608837444,0.9967933297157288,0.0002230838144896552
2340.0172925905936,0.996963381767273,0.00022297300165519118
2340.03772429745,0.9984331130981445,0.0002228511730208993
2340.0581560040737,0.9984996914863586,0.0002228290686616674
2340.078587710457,0.9996399879455566,0.00022264118888415396
2340.099019416848,0.9992882609367371,0.00022258359240368009
2340.119451123006,0.9991731643676758,0.0002224451891379431
2340.16031463485,1.0077239274978638,0.0002236465661553666
2340.1807462405413,1.0051813125610352,0.00022350614017341286
2340.2011780459943,1.0044338703155518,0.00022346756304614246
2340.221609751454,1.0030553340911865,0.00022342937882058322
2340.2420413566797,1.002014398574829,0.00022347408230416477
2340.262473161667,1.0019502639770508,0.0002234919957118109
2340.282904866428,1.001783013343811,0.0002234485000371933
2340.3033364711882,1.0016447305679321,0.0002234529674751684
2340.32376827571,1.0004547834396362,0.00022347016783896834
2340.344199980238,1.0006424188613892,0.00022343616001307964
2340.364631784527,1.0004186630249023,0.00022351494408212602
2340.3850633885886,1.0001062154769897,0.00022348706261254847
2340.405495092651,0.9993479251861572,0.00022344649187289178
2340.4259268962487,0.9997196793556213,0.00022350110521074384
2340.4463585000703,0.9991617202758789,0.0002233982231700793
2340.4667902034344,0.9992613792419434,0.00022344356693793088
2340.487222006792,0.9985568523406982,0.0002233617997262627
2340.5076536099223,0.9983200430870056,0.00022327766055241227
2340.5280853130535,0.9971538782119751,0.0002233541599707678
2340.5485171159526,0.9976571798324585,0.00022332137450575829
2340.56894871861,0.9977750182151794,0.00022336187248583883
2340.5893804210427,0.997428297996521,0.00022340327268466353
2340.609812223469,0.9971173405647278,0.00022331340005621314
2340.6302439256688,0.9969326853752136,0.0002232956321677193
2340.6506756278686,0.9968137741088867,0.0002234480925835669
2340.6711073298356,0.9961791038513184,0.00022337226255331188
2340.6915390315626,0.9963967204093933,0.000223460141569376
2340.7119707332968,0.9964228272438049,0.00022335932590067387
2340.732402434791,0.996548593044281,0.00022337300470098853
2340.7528341360594,0.9960259795188904,0.00022336466645356268
2340.773265837328,0.9958656430244446,0.0002233907871413976
2340.7936975383636,0.9957721829414368,0.00022339835413731635
2340.8141291391585,0.9957593083381653,0.00022336054826155305
2340.834560939962,0.9962016344070435,0.00022346965852193534
2340.854992640525,0.9962621927261353,0.00022332672961056232
2340.8754242408613,0.9957501292228699,0.0002233840205008164
2340.8958560411993,0.9958390593528748,0.0002234248531749472
2340.9162877413037,0.9958154559135437,0.00022336696565616876
2340.9367195414015,0.9959630966186523,0.00022338723647408187
2340.9571511412723,0.9960167407989502,0.00022342339798342437
2340.977582840904,0.9959191083908081,0.00022337389236781746
2340.9980146403104,0.9954105615615845,0.00022344988246914
2341.0184462397156,0.9954740405082703,0.00022352814266923815
2341.0388779391214,0.995026171207428,0.00022353212989401072
2341.059309738055,0.9962854385375977,0.0002235850552096963
2341.0797413369946,0.9950873851776123,0.00022355924011208117
2341.1001730359276,0.9959888458251953,0.0002235528372693807
2341.120604834403,0.9953722953796387,0.00022355534019879997
2341.1410365328775,0.9953555464744568,0.000223552793613635
2341.1614682313448,0.9950953125953674,0.0002234786079498008
2341.1818999295865,0.995887041091919,0.00022347431513480842
2341.2023316275954,0.9957039952278137,0.00022347485355567187
2341.222763325364,0.9955921769142151,0.0002235808497061953
2341.2431950231403,0.9958710670471191,0.00022360531147569418
2341.2636267209164,0.9957905411720276,0.00022357348643708974
2341.2840584182195,0.9952955842018127,0.00022361120500136167
2341.30449011553,0.995795488357544,0.00022359991271514446
2341.3249218128403,0.9956033825874329,0.00022358587011694908
2341.3453536099114,0.9955432415008545,0.00022359416470862925
2341.3657852067554,0.9957189559936523,0.0002235991705674678
2341.3862169033673,0.9952899813652039,0.000223554641706869
2341.406648599972,0.9955422878265381,0.00022358322166837752
2341.427080296584,0.9960371851921082,0.00022364361211657524
2341.447512092731,0.9962038397789001,0.00022360643197316676
2341.467943688869,0.9961610436439514,0.00022369612997863442
2341.4883753850154,0.996237576007843,0.00022350485960487276
2341.5088071809296,0.9951624274253845,0.00022342006559483707
2341.529238776602,0.9953497052192688,0.00022347315098159015
2341.5496704722827,0.9959547519683838,0.0002235437568742782
2341.570102267724,0.9956775307655334,0.0002234940475318581
2341.590533862938,0.9960904121398926,0.00022353454551193863
2341.610965558153,0.9958125948905945,0.00022348470520228148
2341.631397353136,0.9958823323249817,0.00022352620726451278
2341.651828947877,0.99562668800354,0.00022343231830745935
2341.6722607426273,0.9956023693084717,0.00022349307255353779
2341.6926924373693,0.9969200491905212,0.00022351393999997526
2341.713124131653,0.9970051646232605,0.00022358879505190998
2341.7335558259365,0.9974923729896545,0.0002234800049336627
2341.75398752022,0.9969356060028076,0.00022357112902682275
2341.7744192142636,0.9969762563705444,0.00022351855295710266
2341.7948509080816,0.9966612458229065,0.0002235408901469782
2341.8152826018922,0.9971581101417542,0.0002234624553238973
2341.8357142954774,0.9967189431190491,0.00022351545339915901
2341.897009375527,1.0071731805801392,0.00022379907022695988
2341.9174411684144,1.0061782598495483,0.00022379288566298783
2341.937872761293,1.0057461261749268,0.00022373886895366013
2341.9583045541804,1.0045896768569946,0.00022376530978363007
2341.978736246834,1.0040851831436157,0.0002237183798570186
2341.9991678392544,1.0037192106246948,0.00022378969879355282
2342.019599631669,1.0026096105575562,0.0002237325388705358
2342.040031323857,1.0023552179336548,0.00022368364443536848
2342.0604629158042,1.0021748542785645,0.00022378300491254777
2342.0808947077603,1.0015636682510376,0.00022385352349374443
2342.1013263997156,1.0014493465423584,0.00022387922217603773
2342.1217579912045,1.0010404586791992,0.00022383846226148307
2342.1421897829205,1.001713752746582,0.00022382651513908058
2342.1626214741773,1.0015053749084473,0.00022381750750355422
2342.183053165427,1.0012497901916504,0.000223831448238343
2342.203484856451,1.0012280941009521,0.0002237709704786539
2342.223916547475,1.0006599426269531,0.00022378514404408634
2342.2443482382587,1.0003408193588257,0.0002237579901702702
2342.26477992905,1.0008758306503296,0.00022377853747457266
2342.285211619608,0.9993652105331421,0.00022374861873686314
2342.305643310043,0.9987252354621887,0.00022377089771907777
2342.3260750003683,1.0000076293945312,0.00022380807786248624
2342.3465066905774,0.9994784593582153,0.00022381264716386795
2342.366938480547,0.999333381652832,0.00022372898820322007
2342.3873700705226,0.9989340305328369,0.00022374323452822864
2342.407801760266,0.9993332624435425,0.0002237725566374138
2342.4282335498865,0.9993589520454407,0.00022376421838998795
2342.4486651393963,0.9988827705383301,0.00022378067660611123
2342.4690969287913,0.9988859295845032,0.0002237399312434718
2342.4895286179453,0.9986838698387146,0.0002237824082840234
2342.509960207106,0.9980770945549011,0.0002237574808532372
2342.530391996035,0.9982559084892273,0.00022378278663381934
2342.55082368484,0.998115599155426,0.00022385599731933326
2342.571255273535,0.9972485899925232,0.00022385265037883073
2342.591687062115,0.9974877238273621,0.00022374938998837024
2342.6121187505705,0.9971750974655151,0.00022374036780092865
2342.632550338916,0.9972261190414429,0.0002238216547993943
2342.6529821270306,0.9978165626525879,0.00022388511570170522
2342.6734138150205,0.9974789619445801,0.00022383446048479527
2342.6938456030184,0.9977576732635498,0.00022390515368897468
2342.714277190782,0.9974983930587769,0.0002237433654954657
2342.7347088784227,0.9975754022598267,0.00022375688422471285
2342.755140665955,0.9968912601470947,0.00022370860096998513
2342.7755722533693,0.99685138463974,0.00022368664212990552
2342.7960039405443,0.9971926808357239,0.0002237081207567826
2342.8164356277266,0.9976956248283386,0.00022380362497642636
2342.836867414677,0.9976614713668823,0.00022371986415237188
2342.8572990016182,0.9976093769073486,0.00022372396779246628
2342.8777307883356,0.9973058104515076,0.00022378265566658229
2342.898162374935,0.9979037642478943,0.00022374909895006567
2342.9185941614123,0.9990721940994263,0.00022372456442099065
2342.9390258477797,0.9979122281074524,0.00022365013137459755
2342.9594574339135,0.9977437257766724,0.00022371334489434958
2342.9798892200415,0.9983806610107422,0.00022366135090123862
2343.0003209060596,0.9986782670021057,0.00022361509036272764
2343.020752491844,0.9986867904663086,0.00022372596140485257
2343.041184277623,0.9984965920448303,0.00022356260160449892
2343.0616159631754,0.9993244409561157,0.00022356516274157912
2343.0820475486107,0.9994663000106812,0.00022353054373525083
2343.102479333924,0.9985339045524597,0.0002235619758721441
2343.122911019127,0.9982646107673645,0.0002236602158518508
2343.143342604213,0.9990569353103638,0.00022362708114087582
2343.163774389177,0.999172568321228,0.00022373234969563782
2343.184206074031,0.998592734336853,0.00022352805535774678
2343.204637858762,0.9992921352386475,0.00022356398403644562
2343.225069443266,0.9994382858276367,0.0002235134452348575
2343.2455011277707,0.998985767364502,0.00022348023776430637
2343.265932912036,0.9997085332870483,0.00022333105152938515
2343.286364496307,0.9988757371902466,0.00022333984088618308
2343.3067961803463,0.9995676875114441,0.0002233837149105966
2343.3272279642624,0.9992573261260986,0.00022339886345434934
2343.3476596480687,0.9991403222084045,0.00022342994634527713
2343.368091231874,1.0000041723251343,0.00022354787506628782
2343.388523015441,0.9986374974250793,0.00022356296540237963
2343.408954698898,0.9997521042823792,0.00022357740090228617
2343.4293863822386,0.9996830821037292,0.0002235825959360227
2343.4498180654555,0.9996086359024048,0.00022360905131790787
2343.470249748563,0.9994969964027405,0.0002235042047686875
2343.490681531439,0.999505877494812,0.0002235085266875103
2343.5111131143058,1.0003713369369507,0.0002233886334579438
2343.5315447970643,0.9989898800849915,0.00022349685605149716
2343.55197647959,0.9999937415122986,0.00022339918359648436
2343.5724081621083,0.9999982714653015,0.00022343010641634464
2343.5928398445176,0.9998534917831421,0.0002234654239146039
2343.613271526694,0.9995324015617371,0.00022361878654919565
2343.633703208863,0.9993287324905396,0.00022370697115547955
2343.6541349908075,0.9990872740745544,0.0002236755535705015
2343.674566572634,0.9993012547492981,0.000223664115765132
2343.694998254454,0.9989485740661621,0.00022363239258993417
2343.715430036049,0.9991995692253113,0.0002236872533103451
2343.735861617526,1.0001791715621948,0.0002238150773337111
2343.7562932989968,0.9997361898422241,0.00022375209664460272
2343.7767250802426,0.9991159439086914,0.0002237400331068784
2343.7971566613705,0.999135434627533,0.00022390237427316606
2343.8380201233886,1.006822943687439,0.0002242203918285668
2343.858451804168,1.006453037261963,0.00022425308998208493
2343.878883384823,1.0060313940048218,0.00022428747615776956
2343.8993151653704,1.0053735971450806,0.00022420089226216078
2343.9197468458005,1.0062403678894043,0.0002242372720502317
2343.940178526107,1.0059705972671509,0.0002241858164779842
2343.9606102063044,1.0072507858276367,0.00022433926642406732
2343.981041886378,1.0084556341171265,0.00022428864031098783
2344.00147366646,1.0096184015274048,0.00022435278515331447
2344.021905246307,1.0090022087097168,0.0002243546914542094
2344.042336926039,1.00966215133667,0.00022434246784541756
2344.0627687056476,1.010863184928894,0.0002243783965241164
2344.0832002851457,1.0110270977020264,0.00022444034402724355
2344.103631964521,1.011552333831787,0.00022438479936681688
2344.1240637437877,1.011650562286377,0.0002244630450149998
2344.1444953229366,1.0134756565093994,0.00022446665388997644
2344.1649271019633,1.0138040781021118,0.00022447691299021244
2344.18535878088,1.0144200325012207,0.00022451191034633666
2344.205790359796,1.015440821647644,0.00022442525369115174
2344.2262221384735,1.015539288520813,0.00022447829542215914
2344.246653817041,1.0158199071884155,0.00022442342014983296
2344.2670853954914,1.0161982774734497,0.0002244573988718912
2344.2875171738197,1.0163919925689697,0.00022453675046563148
2344.3079487521536,1.0190389156341553,0.00022457490558736026
2344.3283805302563,1.0192631483078003,0.0002245094219688326
2344.3488122082344,1.0193978548049927,0.0002244857605546713
2344.3692437861027,1.019189715385437,0.0002244708448415622
2344.3896755639726,1.0202364921569824,0.00022437103325501084
2344.4101072416015,1.020431399345398,0.00022442422050517052
2344.4305389192377,1.0209269523620605,0.00022441954934038222
2344.450970596641,1.0210094451904297,0.00022433954291045666
2344.471402273921,1.0221526622772217,0.000224180897930637
2344.491833951208,1.0216436386108398,0.00022396232816390693
2344.5122656283784,1.022505283355713,0.00022402645845431834
2344.532697305309,1.0225639343261719,0.0002240361791336909
2344.5531289822466,1.022001028060913,0.00022395212727133185
2344.573560758952,1.0222184658050537,0.0002239224995719269
2344.593992335649,1.0230860710144043,0.00022396849817596376
2344.6144240122376,1.0230673551559448,0.00022352091036736965
2344.6348557887104,1.0237678289413452,0.0002231700491392985
2344.655287365058,1.0235987901687622,0.00022278167307376862
2344.675719141298,1.0231338739395142,0.0002222048642579466
2344.696150817421,1.022863507270813,0.0002215718268416822
2344.7165823934192,1.0232938528060913,0.00022129750868771225
2344.73701416931,1.0229090452194214,0.00022111204452812672
2344.7574458450836,1.023430347442627,0.00022061543131712824
2344.7778774207327,1.0235764980316162,0.0002199521113652736
2344.818740871815,1.0145870447158813,0.00022459047613665462
2344.8391725471156,1.01675283908844,0.0002245826181024313
2344.8596042224235,1.0186887979507446,0.00022459910542238504
2344.880035897615,1.0207709074020386,0.00022454981808550656
2344.900467672567,1.0218700170516968,0.00022423997870646417
2344.920899247525,1.0222113132476807,0.00022407577489502728
2344.9413309223673,1.0229376554489136,0.0002239990863017738
2344.961762597086,1.0232363939285278,0.00022385908232536167
2344.9821942716953,1.0233827829360962,0.00022354396060109138
2345.0026259461883,1.024262547492981,0.00022336101392284036
2345.0230577205584,1.0240678787231445,0.00022258343233261257
2345.063920969078,1.0005645751953125,0.00022397043358068913
2345.084352743099,1.001137375831604,0.00022412772523239255
2345.1047843171254,0.9998075366020203,0.00022410396195482463
2345.125216091037,1.0001637935638428,0.00022420688765123487
2345.145647764708,1.0011032819747925,0.00022428271768148988
2345.1660793383853,1.0010520219802856,0.00022419934975914657
2345.1865111119405,1.0027941465377808,0.00022437657753471285
2345.2069427853858,1.003488302230835,0.00022424731287173927
2345.227374358714,1.003708004951477,0.00022431313118431717
2345.2478061320435,1.0056535005569458,0.0002243187336716801
2345.2682378051322,1.0083009004592896,0.00022451410768553615
2345.2886693782275,1.0102157592773438,0.00022451930271927267
2345.309101151084,1.0118587017059326,0.00022460895706899464
2345.3295328239474,1.0131313800811768,0.00022461659682448953
2345.349964596695,1.0151803493499756,0.0002246601361548528
2345.3703961693245,1.016783356666565,0.00022465953952632844
2345.390827841831,1.0195302963256836,0.00022478225582744926
2345.4112596142295,1.0207748413085938,0.0002246656658826396
2345.4316911865026,1.0209946632385254,0.0002244713541585952
2345.4521228587837,1.0217770338058472,0.0002244272909592837
2345.4725546308327,1.021672010421753,0.00022433583217207342
2345.4929863028738,1.0230087041854858,0.00022406678181141615
2345.513417874805,1.0232387781143188,0.00022374061518348753
2345.533849646621,1.023275375366211,0.0002234513667644933
2345.554281318313,1.0230786800384521,0.0002229484962299466
2345.574712990012,1.0229676961898804,0.00022250754409469664
2345.595144661478,1.0227057933807373,0.00022168188297655433
2345.615576332937,1.0228766202926636,0.00022141801309771836
2345.6360080041704,1.0228095054626465,0.0002212998369941488
2345.656439675404,1.0228382349014282,0.00022067531244829297
2345.6768713465135,1.0234819650650024,0.00021959267905913293
2345.697303017514,1.0246655941009521,0.0002179314906243235
2345.7177346885146,1.0212671756744385,0.00021542391914408654
2345.738166359275,1.009878396987915,0.00021208522957749665
2345.758598030043,0.9921733736991882,0.00020994733495172113
2345.799461271221,1.0154123306274414,0.0002247251832159236
2345.8198930415238,1.0161880254745483,0.0002248359378427267
2345.8403247119422,1.017549753189087,0.000224794028326869
2345.8607564821214,1.0188804864883423,0.00022481189807876945
2345.8811880523062,1.0192378759384155,0.00022470843396149576
2345.9016197223755,1.0207463502883911,0.00022451605764217675
2345.9220514922054,1.0215415954589844,0.00022442119370680302
2345.9424830621574,1.0219001770019531,0.00022441352484747767
2345.9629147318774,1.0226902961730957,0.0002244397473987192
2345.9833465014744,1.0228235721588135,0.0002241987967863679
2346.0037780710772,1.023720622062683,0.0002238221641164273
2346.0446415099286,1.016499638557434,0.000224796895054169
2346.065073179183,1.0178452730178833,0.00022484789951704443
2346.085504848321,1.019332766532898,0.00022478692699223757
2346.1059365174515,1.020247459411621,0.00022466020891442895
2346.126368186473,1.0217852592468262,0.00022461677144747227
2346.146799855378,1.0211246013641357,0.00022451671247836202
2346.1672315241594,1.0217790603637695,0.0002244382631033659
2346.1876631928317,1.0221538543701172,0.00022417507716454566
2346.2080949613883,1.0224981307983398,0.00022386322962120175
2346.228526529936,1.0230227708816528,0.00022364986944012344
2346.2489581983755,1.0232139825820923,0.00022339547285810113
2346.289821535014,1.0223275423049927,0.00022427686781156808
2346.310253303105,1.022955060005188,0.00022403171169571579
2346.3306849711953,1.0224987268447876,0.00022371190425474197
2346.351116539161,1.0225811004638672,0.00022340293799061328
2346.371548307019,1.0235282182693481,0.00022273244394455105
2346.3919799747528,1.0227779150009155,0.00022224956774152815
2346.412411542493,1.0221164226531982,0.00022165548580233008
2346.432843310118,1.0219541788101196,0.0002210684324381873
2346.4532748776255,1.0237840414047241,0.00021990202367305756
2346.47370654501,1.0242701768875122,0.0002191880194004625
2346.494138312286,1.0246917009353638,0.00021858038962818682
2346.5350016467128,1.0203396081924438,0.00022479331528302282
2346.555433313755,1.0218188762664795,0.00022460379113908857
2346.5758649807904,1.02262544631958,0.00022458162857219577
2346.5962966476,1.023348093032837,0.00022436496510636061
2346.6167283144096,1.023119568824768,0.0002240990725113079
2346.6371599810955,1.0235167741775513,0.00022348349739331752
2346.6575916477886,1.02363920211792,0.00022302706202026457
2346.678023314249,1.0234006643295288,0.0002227776567451656
2346.698454980702,1.0224453210830688,0.00022224438725970685
2346.718886747047,1.0224683284759521,0.00022112920123618096
2346.7393183132735,1.0228784084320068,0.00021995727729517967
2346.7801817456057,1.0020194053649902,0.00022454811551142484
2346.8006133115996,1.00246000289917,0.0002246137009933591
2346.8210450774714,1.0032109022140503,0.0002246479707537219
2346.8414767433496,1.0043178796768188,0.000224676652578637
2346.8619083089943,1.0058801174163818,0.00022461764456238598
2346.8823400746332,1.0087463855743408,0.00022486205853056163
2346.9027717402787,1.0110303163528442,0.00022480462212115526
2346.9232033056905,1.0130406618118286,0.00022487432579509914
2346.9436350710967,1.0154128074645996,0.00022489114780910313
2346.964066736393,1.0192124843597412,0.00022494079894386232
2346.9844985016825,1.0216448307037354,0.00022493973665405065
2347.004930066745,1.0230700969696045,0.00022468171664513648
2347.0253617318085,1.023427963256836,0.00022450843243859708
2347.045793396872,1.0230809450149536,0.00022401471505872905
2347.066225061695,1.0236753225326538,0.00022356380941346288
2347.0866567265257,1.0230604410171509,0.0002230433456134051
2347.1070884912333,1.022748351097107,0.0002224776108050719
2347.1275200558302,1.0222433805465698,0.00022150871518533677
2347.147951720428,1.0229101181030273,0.00022045876539777964
2347.1683833849092,1.023518443107605,0.00021948470384813845
2347.188815049267,1.0238053798675537,0.00021852149802725762
2347.209246813516,1.0197417736053467,0.00021574058337137103
2347.229678377764,1.012273907661438,0.00021315885533113033
2347.2705418060214,1.0181355476379395,0.0002250074758194387
2347.2909734699206,1.0215476751327515,0.00022494765289593488
2347.3114050338118,1.0218149423599243,0.00022469756368082017
2347.3318367975953,1.022640585899353,0.00022444369096774608
2347.352268461371,1.0228686332702637,0.00022402226750273257
2347.3727000250365,1.023403286933899,0.00022341354633681476
2347.393131788587,1.0228139162063599,0.00022277768584899604
2347.4135634520208,1.0227131843566895,0.0002219837624579668
2347.433995215448,1.0225927829742432,0.0002206226490670815
2347.454426778764,1.023571491241455,0.00021916355763096362
2347.474858442074,1.0241023302078247,0.00021783445845358074
2347.5157217682427,1.0040513277053833,0.0002247187658213079
2347.536153431327,1.0049779415130615,0.0002247201482532546
2347.556585194172,1.0067682266235352,0.0002248037635581568
2347.5770167570226,1.009687066078186,0.00022489506227429956
2347.597448419867,1.014640212059021,0.0002250127145089209
2347.6178801824863,1.0174187421798706,0.00022501169587485492
2347.638311745104,1.0197477340698242,0.00022497160534840077
2347.6587435077163,1.0218452215194702,0.00022487432579509914
2347.679175170102,1.022774577140808,0.00022451452969107777
2347.699606832488,1.023442029953003,0.00022406902280636132
2347.7200384948665,1.0226294994354248,0.00022338077542372048
2347.7609018191724,1.0125502347946167,0.00022500321210827678
2347.781333481318,1.012966513633728,0.00022496569727081805
2347.8017651432383,1.0152920484542847,0.0002251412079203874
2347.8221968051585,1.018131136894226,0.00022509433620143682
2347.8426284670713,1.0185394287109375,0.00022513206931762397
2347.8630601287587,1.0198431015014648,0.0002251500845886767
2347.8834918904467,1.019902229309082,0.00022498764155898243
2347.903923452126,1.0208238363265991,0.0002248075616080314
2347.924355113697,1.0225565433502197,0.0002248299861093983
2347.944786875152,1.0233120918273926,0.00022460479522123933
2347.9652184364822,1.022507667541504,0.00022413767874240875
2348.0060818590428,1.0159869194030762,0.0002250817051390186
2348.0265134202564,1.0185494422912598,0.0002251380792586133
2348.0469450813616,1.0201655626296997,0.000225022915401496
2348.067376842351,1.0215883255004883,0.00022506395180244
2348.087808403332,1.0219688415527344,0.00022492892458103597
2348.108240164205,1.0230145454406738,0.0002247743250336498
2348.128671824961,1.0227067470550537,0.00022445281501859426
2348.149103385709,1.0227352380752563,0.00022403600451070815
2348.1695351463495,1.0223971605300903,0.0002234869753010571
2348.189966806989,1.0226585865020752,0.0002229963574791327
2348.210398467505,1.0220091342926025,0.00022249892936088145
2348.2512617883185,1.0167027711868286,0.00022517853358294815
2348.2716934486016,1.018042802810669,0.00022526847897097468
2348.2921251087755,1.0196820497512817,0.0002252032863907516
2348.3125567689494,1.0214018821716309,0.00022515426098834723
2348.3329885290004,1.0220876932144165,0.0002249065728392452
2348.353420189058,1.022327184677124,0.00022475174046121538
2348.3738517489983,1.0222327709197998,0.00022452925622928888
2348.394283508933,1.0230015516281128,0.0002239034656668082
2348.414715168641,1.0234609842300415,0.00022365423501469195
2348.435146728465,1.0219011306762695,0.00022314878879114985
2348.4555784880504,1.0217700004577637,0.00022249047469813377
2348.4964417072333,1.0219296216964722,0.0002249507379019633
2348.5168734667022,1.0223026275634766,0.0002247710945084691
2348.5373050260605,1.0226601362228394,0.00022430058743339032
2348.557736785413,1.022701382637024,0.00022400057059712708
2348.5781684446556,1.0229785442352295,0.000223604089114815
2348.598600003781,1.0219472646713257,0.0002228977537015453
2348.619031762908,1.021474838256836,0.0002220723981736228
2348.639463422027,1.0218918323516846,0.00022118930064607412
2348.6598949809195,1.022060751914978,0.00022045624791644514
2348.6803267399227,1.0231397151947021,0.00021879197447560728
2348.7007583986997,1.0226141214370728,0.00021745784033555537
2348.7416217162536,1.0205378532409668,0.00022515447926707566
2348.762053374907,1.0222325325012207,0.00022510869894176722
2348.7824851334517,1.0221080780029297,0.00022482732310891151
2348.802916691988,1.0223253965377808,0.00022455723956227303
2348.8233483504155,1.0228023529052734,0.00022391247330233455
2348.843780108844,1.022346019744873,0.00022335407265927643
2348.864211667147,1.0218544006347656,0.00022268478642217815
2348.884643325342,1.0212334394454956,0.00022153697500471026
2348.9050750835377,1.021431565284729,0.00022062975040171295
2348.9255067417253,1.02207612991333,0.00021981002646498382
2348.9459383998037,1.0225392580032349,0.00021813302009832114
2348.9868017157205,1.0217498540878296,0.0002251662954222411
2349.007233373566,1.0222890377044678,0.00022497907048091292
2349.0276650314117,1.022851824760437,0.00022463410277850926
2349.0480966891337,1.0231057405471802,0.000224303497816436
2349.0685284468636,1.022782325744629,0.00022394135885406286
2349.0889600044757,1.021857500076294,0.00022283082944341004
2349.1093916619648,1.0206605195999146,0.0002223288465756923
2349.129823419462,1.0210291147232056,0.00022138180793263018
2349.1502549769575,1.0221155881881714,0.00022012763656675816
2349.170686734331,1.0230094194412231,0.00021879489941056818
2349.1911182915937,1.021359920501709,0.00021706911502406
2349.231981705998,1.021093487739563,0.00022521942446473986
2349.2524132631443,1.022173523902893,0.00022514867305289954
2349.2728449202914,1.0219920873641968,0.00022483582142740488
2349.293276677199,1.0225731134414673,0.00022450477990787476
2349.313708234229,1.0224977731704712,0.0002240687608718872
2349.334139891027,1.0217567682266235,0.00022343253658618778
2349.354571647935,1.0210411548614502,0.00022267100575845689
2349.375003204732,1.0203574895858765,0.00022164951951708645
2349.395434961407,1.021052360534668,0.00022072588035371155
2349.415866617972,1.022559404373169,0.00021944663603790104
2349.4362982746534,1.0217467546463013,0.00021757010836154222
2349.4771615875434,1.0061123371124268,0.00022515023010782897
2349.497593243992,1.008451223373413,0.00022522367362398654
2349.5180249004334,1.009559154510498,0.00022506099776364863
2349.5384565567656,1.0133211612701416,0.0002252658741781488
2349.5588882129814,1.0170722007751465,0.00022535868629347533
2349.5793199691907,1.0198711156845093,0.00022541682119481266
2349.5997515252893,1.0216798782348633,0.00022525824897456914
2349.6201832813895,1.0223397016525269,0.00022483951761387289
2349.640614937365,1.0222476720809937,0.00022441470355261117
2349.6610464933474,1.022377371788025,0.00022401897876989096
2349.6814782492147,1.021094799041748,0.00022289867047220469
2349.7427732165743,1.0073620080947876,0.00022517191246151924
2349.763204872317,1.008167028427124,0.0002252089761896059
2349.783636627835,1.009723424911499,0.00022524662199430168
2349.804068183468,1.0115578174591064,0.00022522702056448907
2349.824499838978,1.013376235961914,0.00022529001580551267
2349.84493159438,1.0150327682495117,0.0002253654383821413
2349.86536314978,1.0170789957046509,0.00022543087834492326
2349.8857948051736,1.0180858373641968,0.00022537280165124685
2349.906226460458,1.0191019773483276,0.0002253496932098642
2349.926658115626,1.0217269659042358,0.00022528335102833807
2349.9470897709034,1.022034764289856,0.00022516697936225682
2349.967521425955,1.0220822095870972,0.0002249948011012748
2349.987953081123,1.021992564201355,0.00022458512103185058
2350.008384836052,1.0223360061645508,0.00022430132958106697
2350.0288163911027,1.0219221115112305,0.00022402824833989143
2350.049248046038,1.0202794075012207,0.0002232944971183315
2350.0696798008503,1.0206431150436401,0.00022301560966297984
2350.090111455669,1.0197466611862183,0.00022242090199142694
2350.110543010487,1.0193811655044556,0.00022112714941613376
2350.130974765183,1.0204306840896606,0.00022059079492464662
2350.151406419769,1.0209136009216309,0.0002199056325480342
2350.1718379744707,1.0211890935897827,0.00021820819529239088
2350.2127013835197,1.0119564533233643,0.0002253830898553133
2350.233133137983,1.014620065689087,0.00022546864056494087
2350.253564692335,1.0161290168762207,0.00022544014791492373
2350.2739963466884,1.018396258354187,0.00022552540758624673
2350.2944281010423,1.0198137760162354,0.00022535596508532763
2350.314859655271,1.0207133293151855,0.00022537348559126258
2350.3352913095077,1.0210992097854614,0.00022519602498505265
2350.3557230636216,1.0207265615463257,0.0002248580422019586
2350.376154617741,1.0208778381347656,0.00022451009135693312
2350.396586371746,1.0207436084747314,0.00022426618670579046
2350.417018025866,1.0197354555130005,0.0002234446001239121
2350.4578813337503,1.005005955696106,0.00022522261133417487
2350.478312987514,1.0047576427459717,0.00022536650067195296
2350.498744541401,1.0050692558288574,0.0002252807462355122
2350.5191762951727,1.0070040225982666,0.0002253464044770226
2350.5396079489437,1.0085647106170654,0.000225261872401461
2350.560039602591,1.0103540420532227,0.00022532253933604807
2350.580471256246,1.0122041702270508,0.0002253856509923935
2350.600902909777,1.0147671699523926,0.00022539027850143611
2350.621334563315,1.0169435739517212,0.00022547299158759415
2350.6417662168533,1.0185643434524536,0.00022546961554326117
2350.662197870275,1.0197334289550781,0.000225299212615937
2350.6826295236897,1.0207939147949219,0.00022510881535708904
2350.703061176995,1.02008056640625,0.00022479781182482839
2350.7234928302933,1.019902229309082,0.0002244188217446208
2350.7439245835994,1.02024245262146,0.00022407177311833948
2350.7643561367877,1.018396019935608,0.00022314098896458745
2350.78478788997,1.0176758766174316,0.00022256649390328676
2350.805219543159,1.01738440990448,0.00022182943939696997
2350.825651096231,1.0194251537322998,0.00022046205413062125
2350.8460828491807,1.0198014974594116,0.00021941683371551335
2350.8665145022533,1.0193442106246948,0.0002180286101065576
2350.8869460552087,1.0122390985488892,0.0002152311644749716
2350.9073778081583,1.002951979637146,0.00021271727746352553
2350.948241013837,1.0192142724990845,0.00022490094124805182
2350.968672766554,1.0194462537765503,0.00022447980882134289
2350.9891044192773,1.018493890762329,0.00022393120161723346
2351.0095361720014,1.018476128578186,0.00022319916752167046
2351.0299677247167,1.0169787406921387,0.00022221991093829274
2351.0503993773236,1.0175895690917969,0.00022126251133158803
2351.0708311299313,1.018141269683838,0.0002199107111664489
2351.091262682414,1.0189635753631592,0.00021900245337747037
2351.1116943349043,1.0160616636276245,0.00021671265130862594
2351.1321260873956,1.0061028003692627,0.0002135561080649495
2351.1525576397617,0.9933773875236511,0.00021198103786446154
2351.1934210445106,1.017734169960022,0.00022556557087227702
2351.213852696761,1.0189783573150635,0.00022541044745594263
2351.2342843490187,1.0197173357009888,0.00022530939895659685
2351.25471600116,1.01893150806427,0.0002249732060590759
2351.2751475534096,1.019863486289978,0.000224447445361875
2351.2955793055517,1.0173749923706055,0.0002236701111542061
2351.3160109575765,1.0165528059005737,0.00022314775560516864
2351.336442609594,1.0161839723587036,0.0002221977774752304
2351.356874261619,1.016547441482544,0.00022106285905465484
2351.377305913644,1.0171419382095337,0.00022038376482669264
2351.3977376655457,1.0183531045913696,0.00021846820891369134
2351.438600869362,1.0124139785766602,0.00022552763402927667
2351.4590326211473,1.0161930322647095,0.00022559713397640735
2351.4794641729386,1.017288327217102,0.0002255617146147415
2351.4998958247306,1.0180816650390625,0.0002253395359730348
2351.5203275763997,1.0184681415557861,0.00022506658569909632
2351.5407591280746,1.0184191465377808,0.00022458196326624602
2351.561190779743,1.017578125,0.00022394182451535016
2351.581622531303,1.0163629055023193,0.00022308688494376838
2351.6020540828613,1.0153958797454834,0.00022201478714123368
2351.622485834414,1.0163853168487549,0.00022026390070095658
2351.642917485973,1.017648458480835,0.00021873573132324964
2351.704212440178,1.007885456085205,0.00022559775970876217
2351.72464399162,1.0083898305892944,0.0002255351864732802
2351.7450757429397,1.0093079805374146,0.00022543463273905218
2351.7655073941496,1.010576844215393,0.00022554620227310807
2351.7859391454767,1.0120561122894287,0.00022553342569153756
2351.8063706966786,1.0143132209777832,0.00022559739591088146
2351.8268023478886,1.0146671533584595,0.0002255552972201258
2351.847234098983,1.016950249671936,0.00022557051852345467
2351.867665750069,1.0174272060394287,0.00022545702813658863
2351.8880973012783,1.0177007913589478,0.00022535592142958194
2351.908529052256,1.0180331468582153,0.00022518854530062526
2351.9289607033425,1.0183061361312866,0.00022512671421281993
2351.949392254319,1.0180145502090454,0.00022477813763543963
2351.9698240052967,1.0174273252487183,0.00022449716925621033
2351.99025565615,1.0167156457901,0.00022408401127904654
2352.0106873071272,1.0161212682724,0.00022367102792486548
2352.031118957988,1.0146416425704956,0.00022334409004542977
2352.051550508724,1.0145419836044312,0.00022276029631029814
2352.0719822595856,1.0144883394241333,0.00022199624800123274
2352.09241391033,1.0141007900238037,0.0002214168052887544
2352.112845461066,1.0157750844955444,0.00022025492216926068
2352.133277211811,1.0160971879959106,0.0002195045817643404
2352.1741406130604,1.0091402530670166,0.00022556759358849376
2352.194572163804,1.010207176208496,0.0002255481231259182
2352.2150038143154,1.0122795104980469,0.00022564521350432187
2352.235435564937,1.013917326927185,0.00022561046353075653
2352.2558671154475,1.0149699449539185,0.0002255998842883855
2352.276298765959,1.0166611671447754,0.00022553485177922994
2352.2967305163475,1.0171678066253662,0.0002254432183690369
2352.317162066858,1.0173782110214233,0.00022523326333612204
2352.337593717253,1.0164564847946167,0.00022491214622277766
2352.3580254676417,1.0158344507217407,0.00022458331659436226
2352.3784571180367,1.0160400867462158,0.00022418603475671262
2352.419320418703,1.0172961950302124,0.00022525608073920012
2352.4397520689818,1.0162838697433472,0.0002250192774226889
2352.4806153694153,1.015715479850769,0.00022442106273956597
2352.501047019694,1.0146392583847046,0.0002237632143078372
2352.521478669849,1.0136150121688843,0.00022340190480463207
2352.541910320011,1.0132657289505005,0.00022268207976594567
2352.5623420700576,1.0126065015792847,0.00022201375395525247
2352.5827737202126,1.0128296613693237,0.0002213729458162561
2352.6032052702576,1.013431191444397,0.00022021836775820702
2352.623637020304,1.015311360359192,0.00021908960479777306
2352.6645002203295,1.0155298709869385,0.00022426240320783108
2352.684931970318,1.01408052444458,0.00022394566622097045
2352.7053635202465,1.0136154890060425,0.00022328125487547368
2352.7257952701693,1.012571930885315,0.00022267781605478376
2352.7462269200987,1.0122824907302856,0.00022231579350773245
2352.766658469962,1.0137609243392944,0.00022085000819060951
2352.7870902198338,1.0150699615478516,0.00021954123803880066
2352.8075218696467,1.0128673315048218,0.00021702167578041553
2352.827953419459,1.0042669773101807,0.00021434016525745392
2352.8483851692654,0.9991526007652283,0.00021296671184245497
2352.86881681902,0.9853706955909729,0.000211311926250346
2352.9301117681607,1.0004185438156128,0.0002245886280434206
2352.9505435178507,1.0016005039215088,0.00022486099624074996
2352.9709750674883,1.001744031906128,0.00022500789782498032
2352.9914067171267,1.0018224716186523,0.0002251319237984717
2353.0118384667585,1.0021045207977295,0.0002251719997730106
2353.032270016338,1.002091884613037,0.00022538831399288028
2353.052701665918,1.0027934312820435,0.00022555959003511816
2353.0731334154916,1.0035972595214844,0.0002256505686091259
2353.0935650650135,1.0041587352752686,0.00022565464314538985
2353.1139967145355,1.0049532651901245,0.0002256425650557503
2353.134428363992,1.0066752433776855,0.00022563505626749247
2353.1548600134556,1.008238673210144,0.00022559489298146218
2353.1752916629193,1.0100911855697632,0.0002256523002870381
2353.195723312376,1.0119860172271729,0.00022569937573280185
2353.2161549617813,1.0133357048034668,0.00022563464881386608
2353.2365867111803,1.015352725982666,0.00022566098778042942
2353.257018260527,1.0145150423049927,0.00022533781884703785
2353.2774499099323,1.0148698091506958,0.00022511076531372964
2353.297881659222,1.0137325525283813,0.00022449225070886314
2353.3183132085614,1.0129601955413818,0.00022414885461330414
2353.3387449578513,1.0115784406661987,0.00022362079471349716
2353.3591766071913,1.0108718872070312,0.00022278631513472646
2353.4000399057113,1.0148872137069702,0.00022546254331246018
2353.4204714549414,1.013964056968689,0.00022515241289511323
2353.440903104165,1.0131384134292603,0.00022450322285294533
2353.4613348533385,1.012061595916748,0.0002240307512693107
2353.4817664025686,1.0114792585372925,0.00022339897986967117
2353.502198151735,1.0103975534439087,0.00022221355175133795
2353.5226298009075,1.0115797519683838,0.00022112540318630636
2353.543061350021,1.0124768018722534,0.00021959254809189588
2353.563493099129,1.012181282043457,0.0002173678221879527
2353.583924748302,1.004744529724121,0.00021506528719328344
2353.604356397351,0.9844421148300171,0.00021155196009203792
2353.6656514445713,1.003226637840271,0.00022569677093997598
2353.6860829936268,1.0038360357284546,0.0002256617444800213
2353.706514642683,1.0036944150924683,0.00022582916426472366
2353.7269463916746,1.0045063495635986,0.00022564822575077415
2353.7473780406726,1.0045124292373657,0.000225649171625264
2353.76780958967,1.0059328079223633,0.00022566177358385175
2353.7882413386033,1.0067174434661865,0.00022572344460058957
2353.8086729876013,1.0086290836334229,0.00022568638087250292
2353.8291045365404,1.0084553956985474,0.00022564244864042848
2353.8495362854737,1.0098353624343872,0.00022566886036656797
2353.8699679344136,1.0109883546829224,0.00022569153225049376
2353.890399683296,1.012454867362976,0.00022566926782019436
2353.910831232228,1.0133222341537476,0.00022566130792256445
2353.9312628811094,1.0133363008499146,0.00022557683405466378
2353.951694629992,1.0139306783676147,0.00022545948741026223
2353.9721261788654,1.0134447813034058,0.00022518663899973035
2353.992557827747,1.0122041702270508,0.00022494148288387805
2354.0129895765713,1.0122114419937134,0.0002246385847683996
2354.033421125445,1.0116811990737915,0.00022427311341743916
2354.053852874269,1.0105481147766113,0.00022385551710613072
2354.0742844230917,1.0102522373199463,0.00022347761841956526
2354.094716071908,1.0094155073165894,0.0002227680233772844
2354.1355793694966,1.008515477180481,0.00022575975162908435
2354.1560110182545,1.0100294351577759,0.00022570585133507848
2354.1764427670205,1.0117703676223755,0.00022563991660717875
2354.196874315785,1.0133754014968872,0.00022566899133380502
2354.217305964543,1.0129982233047485,0.00022547067783307284
2354.237737713309,1.0131360292434692,0.00022521999198943377
2354.258169362074,1.0122123956680298,0.0002249269891763106
2354.278601010774,1.0116147994995117,0.00022461907065007836
2354.299032659539,1.0112392902374268,0.00022431662364397198
2354.319464308239,1.0098830461502075,0.00022347259800881147
2354.339895956946,1.0088207721710205,0.0002229736710432917
2354.38075925436,1.00189208984375,0.00022568715212401003
2354.4011910030604,1.0029610395431519,0.0002257480373373255
2354.4216225517666,1.0046539306640625,0.00022591355082113296
2354.442054300409,1.005064606666565,0.00022577874187845737
2354.462485949116,1.0062099695205688,0.00022574634931515902
2354.482917497764,1.0083210468292236,0.00022564429673366249
2354.5033492464063,1.0095378160476685,0.0002257277665194124
2354.5237808951133,1.011296272277832,0.0002257453161291778
2354.5442124437614,1.0116939544677734,0.0002256494335597381
2354.5646441924036,1.0123683214187622,0.0002255103609059006
2354.5850758410525,1.0127737522125244,0.00022523487859871238
2354.605507589702,1.0116243362426758,0.0002251721452921629
2354.625939138343,1.0115618705749512,0.00022465139045380056
2354.6463707869334,1.0108391046524048,0.00022424726921599358
2354.666802435582,1.0097776651382446,0.0002237875305581838
2354.6872340842237,1.0085309743881226,0.00022307923063635826
2354.7076657328726,1.0079257488250732,0.000222426577238366
2354.728097381463,1.0087867975234985,0.0002215058048022911
2354.7485290301047,1.009695291519165,0.00022037196322344244
2354.7689606786953,1.0102523565292358,0.00021936153643764555
2354.789392327344,1.0090901851654053,0.00021710929286200553
2354.8098239759274,1.004022240638733,0.000215334483073093
2354.830255724519,0.9910244941711426,0.00021341320825740695
2354.87111892175,1.0096913576126099,0.00022420207096729428
2354.8915506703415,1.0087385177612305,0.0002233563718618825
2354.9119822189896,1.00732421875,0.00022282982536125928
2354.932413867573,1.0078622102737427,0.00022198223450686783
2354.9528456161643,1.0091261863708496,0.0002210542734246701
2354.973277264813,1.0095893144607544,0.0002200379385612905
2354.9937089133964,1.009721040725708,0.0002179384173359722
2355.014140561987,1.0061805248260498,0.00021598406601697206
2355.034572210636,0.9954339861869812,0.00021323643159121275
2355.1162989050426,1.0100363492965698,0.00022580611403100193
2355.1367304536325,1.0111976861953735,0.0002256466686958447
2355.157162202275,1.012088418006897,0.00022551488655153662
2355.1775938508654,1.0109483003616333,0.00022509640257339925
2355.1980253995134,1.010495662689209,0.0002246418152935803
2355.218457148105,1.010339379310608,0.00022427063959185034
2355.2388887967463,1.0085673332214355,0.00022351136431097984
2355.2593203453944,1.007401466369629,0.0002227320655947551
2355.2797520939785,1.0078190565109253,0.0002217081346316263
2355.3001837426273,1.0095412731170654,0.0002199981245212257
2355.3206152912753,1.010481834411621,0.00021867586474400014
2355.3614786885664,1.0104390382766724,0.0002248917007818818
2355.381910437158,1.009722352027893,0.00022450010874308646
2355.4023419858568,1.0078080892562866,0.00022336866823025048
2355.4227736345056,1.0074312686920166,0.00022260620607994497
2355.4432052831544,1.0082519054412842,0.00022121977235656232
2355.463636931803,1.0101081132888794,0.00021994409325998276
2355.484068580503,1.0089869499206543,0.00021800104877911508
2355.5045002291517,1.0013164281845093,0.0002148806961486116
2355.5249318778515,0.9839126467704773,0.00021082541206851602
2355.606658572615,1.0113911628723145,0.000225828422117047
2355.627090221322,1.010249137878418,0.00022581603843718767
2355.647521770079,1.0106648206710815,0.00022565956169273704
2355.667953518787,1.0110290050506592,0.00022550305584445596
2355.688385167494,1.0110665559768677,0.0002253772399853915
2355.708816816252,1.0109130144119263,0.00022527913097292185
2355.729248465017,1.010268211364746,0.0002250100369565189
2355.749680113724,1.0096495151519775,0.0002246842486783862
2355.7701118624827,1.0090738534927368,0.0002244717616122216
2355.7905434113054,1.0081809759140015,0.0002238410379504785
2355.8109750600706,1.0069172382354736,0.00022342907323036343
2355.851838357652,1.0001975297927856,0.0002257462911074981
2355.8722700064754,1.0001856088638306,0.0002256837033201009
2355.8927017552924,1.0010112524032593,0.00022577543859370053
2355.913133304115,1.0011008977890015,0.00022583552345167845
2355.9335650529392,1.0023937225341797,0.00022601557429879904
2355.9539967018136,1.0033698081970215,0.0002258614986203611
2355.9744282506363,1.0035879611968994,0.00022575276670977473
2355.9948599995187,1.0059858560562134,0.00022589685977436602
2356.015291648393,1.0062549114227295,0.0002258722233818844
2356.0357232972747,1.0076617002487183,0.00022578790958505124
2356.0561549462145,1.009833574295044,0.00022580281074624509
2356.076586595089,1.009433627128601,0.0002257862506667152
2356.0970182440287,1.0107216835021973,0.00022550151334144175
2356.1174498929686,1.0104173421859741,0.00022535890457220376
2356.137881541901,1.009648323059082,0.00022497630561701953
2356.158313190841,1.0086839199066162,0.00022461891057901084
2356.178744839839,1.0077669620513916,0.00022433241247199476
2356.19917648883,1.0072779655456543,0.0002238017914351076
2356.219608137828,1.005934715270996,0.0002232286351500079
2356.240039786826,1.0053550004959106,0.0002222512266598642
2356.2604715358757,1.0068044662475586,0.00022152038582134992
2356.2809031848738,1.0069094896316528,0.00022052136773709208
2356.3013347339293,1.0085772275924683,0.00021899573039263487
2356.3421981320935,1.0070985555648804,0.0002259038737975061
2356.362629681207,1.008695125579834,0.00022587938292417675
2356.383061430315,1.0098907947540283,0.0002257850719615817
2356.4034930794296,1.0103447437286377,0.00022554413590114564
2356.4239246286015,1.0094857215881348,0.0002254602441098541
2356.4443563777095,1.008815884590149,0.00022508640540763736
2356.464788026882,1.0087720155715942,0.00022469944087788463
2356.4852197760483,1.0077096223831177,0.0002242760529043153
2356.5056513253367,1.0061914920806885,0.00022672780323773623
2356.5260829745675,1.0067309141159058,0.00022625453129876405
2356.546514723792,1.0053043365478516,0.00022510821872856468
2356.587377922311,1.0006604194641113,0.0002279382897540927
2356.6078096715937,1.0010374784469604,0.00022815556440036744
2356.628241220882,1.0019505023956299,0.00022837940196041018
2356.648672970172,1.0039219856262207,0.00022857384465169162
2356.669104619512,1.0054888725280762,0.00022869720123708248
2356.6895361689167,1.0073933601379395,0.00022875634022057056
2356.7099679182647,1.0089000463485718,0.0002288159157615155
2356.730399567663,1.0090194940567017,0.0002287640527356416
2356.7508312170685,1.0100106000900269,0.00022839548182673752
2356.771262866474,1.0087716579437256,0.00022818548313807696
2356.7916945159304,1.0079034566879272,0.0002274715807288885
2356.832557814916,1.0084201097488403,0.00022886277292855084
2356.8529894643725,1.0097713470458984,0.00022865661594551057
2356.8734211138944,1.009105920791626,0.0002284211659571156
2356.8938527634746,1.0080019235610962,0.0002281204506289214
2356.914284412989,1.0072470903396606,0.00022747281764168292
2356.93471616257,1.0066242218017578,0.00022695311054121703
2356.9551477122077,1.0052698850631714,0.00022591663582716137
2356.9755793618388,1.0053768157958984,0.00022504090156871825
2356.996011111478,1.0071426630020142,0.00022319331765174866
2357.0164426611736,1.0078667402267456,0.00022173819888848811
2357.0368744108055,1.0037716627120972,0.0002191836101701483
2357.077737610256,0.9981089234352112,0.00022733538935426623
2357.0981693600042,0.9994416832923889,0.00022781254665460438
2357.118601009817,0.9997459650039673,0.00022809888469055295
2357.1390325596294,1.002301812171936,0.0002283477078890428
2357.159464309436,1.0031489133834839,0.00022853436530567706
2357.179895959249,1.0060102939605713,0.0002287320967298001
2357.2003277091135,1.0083686113357544,0.00022880034521222115
2357.220759259042,1.0082542896270752,0.0002287786192027852
2357.2411909089715,1.009046196937561,0.00022841487952973694
2357.2616226588943,1.007201075553894,0.00022809689107816666
2357.282054208881,1.0062105655670166,0.000227329830522649
2357.32291760885,1.000510811805725,0.0002280525804962963
2357.343349158895,1.001234769821167,0.00022836764401290566
2357.3637809089414,1.0032323598861694,0.00022852796246297657
2357.384212559038,1.0052343606948853,0.0002287334209540859
2357.404644209142,1.0076444149017334,0.00022893653658684343
2357.4250758593043,1.0079325437545776,0.0002287726674694568
2357.4455075094593,1.009107232093811,0.0002285144291818142
2357.4659391596215,1.007962703704834,0.00022819927835371345
2357.486370809842,1.006026029586792,0.000227201177040115
2357.506802460055,1.0046411752700806,0.0002263810602016747
2357.527234010391,1.0046718120574951,0.00022484386863652617
2357.588529061337,1.008371114730835,0.00022837994038127363
2357.608960711732,1.0076674222946167,0.00022829786757938564
2357.6293923621197,1.0076229572296143,0.00022787890338804573
2357.6498241125155,1.006912112236023,0.00022760519641451538
2357.670255663026,1.0061264038085938,0.00022719692788086832
2357.690687313472,1.0055264234542847,0.000226530188228935
2357.7111190639844,1.0040696859359741,0.00022592197638005018
2357.7315506145533,1.005237340927124,0.0002249616227345541
2357.7519823651164,1.005279541015625,0.00022437176085077226
2357.7724140157443,1.007066249847412,0.00022302060096990317
2357.813277317022,1.00321364402771,0.00022869226813782007
2357.833708967737,1.005515694618225,0.00022884875943418592
2357.8541405184515,1.006639838218689,0.0002288358664372936
2357.8745722691892,1.008044719696045,0.00022889592219144106
2357.8950039199626,1.0088024139404297,0.0002287759562022984
2357.9154356707877,1.0085291862487793,0.00022873513808008283
2357.9358672216476,1.0075551271438599,0.00022831521346233785
2357.9562988725374,1.0068650245666504,0.000227949014515616
2357.976730623428,1.0062344074249268,0.0002273966238135472
2357.997162174368,1.004569172859192,0.0002267326635774225
2358.017593825345,1.0039012432098389,0.00022594114125240594
2358.05845722738,1.0003893375396729,0.0002283506910316646
2358.0788888784446,1.0022324323654175,0.0002285544906044379
2358.099320529538,1.0024776458740234,0.00022864680795464665
2358.1197521806826,1.0046641826629639,0.00022879727475810796
2358.1401838318343,1.0063108205795288,0.00022885219368617982
2358.160615483037,1.0076227188110352,0.00022897553571965545
2358.1810470342753,1.0085057020187378,0.00022892023844178766
2358.201478785515,1.0084868669509888,0.00022867394727654755
2358.2219104368414,1.0075372457504272,0.00022829421504866332
2358.242341988189,1.007180094718933,0.00022819536388851702
2358.262773739545,1.0063174962997437,0.000227568278205581
2358.303637142366,0.9996193647384644,0.0002282581408508122
2358.324068693866,1.0008187294006348,0.0002284370712004602
2358.344500345367,1.0021651983261108,0.00022856138821225613
2358.3649320968907,1.0039249658584595,0.00022875206195749342
2358.3853636484782,1.005371332168579,0.0002287836978211999
2358.4057953000884,1.0073904991149902,0.0002290278789587319
2358.4262270517356,1.007822036743164,0.0002290027478011325
2358.4466586034396,1.0080130100250244,0.00022879127936903387
2358.4670903551378,1.0077296495437622,0.0002285648661199957
2358.4875220069007,1.0074225664138794,0.00022834434639662504
2358.507953558721,1.0062307119369507,0.00022781628649681807
2358.548816962415,0.9992026686668396,0.00022811538656242192
2358.569248514352,1.0008834600448608,0.00022843018814455718
2358.5896802662537,1.0007134675979614,0.0002284999209223315
2358.6101119182495,1.002273678779602,0.000228759745368734
2358.630543670275,1.004141926765442,0.00022882857592776418
2358.650975222321,1.0052725076675415,0.00022892773267813027
2358.671406874433,1.0068905353546143,0.00022896297741681337
2358.691838626575,1.0081642866134644,0.0002289449912495911
2358.7122702787383,1.008345365524292,0.00022872004774399102
2358.732701830966,1.0074087381362915,0.00022845000785309821
2358.7531335832246,1.0065999031066895,0.00022790998627897352
2358.7939967878483,0.9994053840637207,0.00022837388678453863
2358.814428540223,1.0011590719223022,0.00022853222617413849
2358.8348600926474,1.0014697313308716,0.00022860299213789403
2358.8552918451096,1.0033754110336304,0.0002288226824020967
2358.8757234976,1.005078673362732,0.00022893109417054802
2358.896155050141,1.0062655210494995,0.00022898112365510315
2358.9165868026903,1.007991909980774,0.00022904196521267295
2358.9370184553263,1.008331298828125,0.00022882618941366673
2358.9574500080125,1.0074530839920044,0.0002285865630256012
2358.9778817606784,1.0069364309310913,0.00022832059767097235
2358.998313413431,1.0055062770843506,0.00022765908215660602
2359.039176719074,1.0000290870666504,0.0002284618967678398
2359.059608371943,1.0011100769042969,0.0002286848030053079
2359.0800401248343,1.0021370649337769,0.00022879603784531355
2359.100471677819,1.0044547319412231,0.00022887560771778226
2359.120903330804,1.0055395364761353,0.00022896773589309305
2359.141335083841,1.0068022012710571,0.00022901488409843296
2359.161766636942,1.0086963176727295,0.0002288984105689451
2359.1821983900736,1.007603645324707,0.0002287266543135047
2359.2026300432262,1.0067332983016968,0.00022834051924291998
2359.2230615964727,1.0055692195892334,0.00022783510212320834
2359.2434933497134,1.0041769742965698,0.00022688403259962797
2359.2843566563824,1.0074244737625122,0.00022858862939756364
2359.3047883098043,1.0063180923461914,0.0002280701883137226
2359.325219963219,1.0051970481872559,0.00022741872817277908
2359.345651616728,1.0035616159439087,0.00022604827245231718
2359.366083270259,1.0039448738098145,0.000224965056986548
2359.3865149238554,1.006034255027771,0.00022333434026222676
2359.4069466774818,1.0060467720031738,0.00022121808433439583
2359.427378331129,0.9967216849327087,0.00021783853298984468
2359.529536600239,0.9980657696723938,0.00022762169828638434
2359.549968154206,0.9972733855247498,0.00022766341862734407
2359.5703999082107,0.9988771080970764,0.0002280237094964832
2359.590831562273,0.998590350151062,0.0002282024797750637
2359.611263116356,0.9986871480941772,0.00022839763551019132
2359.631694870506,1.0000501871109009,0.00022849877132102847
2359.652126524714,1.0005714893341064,0.0002286533999722451
2359.6725580789716,1.0017071962356567,0.000228691307711415
2359.6929898332673,1.0024142265319824,0.0002288671676069498
2359.7134214876205,1.0038055181503296,0.00022896332666277885
2359.7338532419963,1.0052073001861572,0.00022900394105818123
2359.754284796465,1.0066514015197754,0.00022916161105968058
2359.7747164509638,1.0072550773620605,0.0002291146811330691
2359.795148205485,1.0075401067733765,0.00022900280600879341
2359.8155797600994,1.0073058605194092,0.00022893186542205513
2359.8360114147727,1.0070185661315918,0.00022863899357616901
2359.8564431694394,1.0061254501342773,0.0002282948262291029
2359.8768747241993,1.005121111869812,0.00022767392511013895
2359.89730647899,1.004170298576355,0.00022727301984559745
2359.9177381338595,1.0036046504974365,0.00022657513909507543
2359.9381697887657,1.0027085542678833,0.00022592728782910854
2359.9586014437227,1.0031789541244507,0.00022522491053678095
2359.979033098716,1.0045112371444702,0.0002240176108898595
2360.019896408907,1.003543734550476,0.0002289120020577684
2360.1016230298846,1.0079638957977295,0.00022896906011737883
2360.14248644068,1.0062686204910278,0.0002285705995745957
2360.1629179961965,1.0049210786819458,0.0002280024200445041
2360.1833497517437,1.0041182041168213,0.00022741938300896436
2360.2037813073403,1.0029667615890503,0.00022664153948426247
2360.224212963003,1.0032118558883667,0.00022580818040296435
2360.2650762744743,1.000937819480896,0.0002286690432811156
2360.285508030276,1.0021919012069702,0.0002288603427587077
2360.3059396861427,1.0040068626403809,0.00022902186901774257
2360.3263712420885,1.006502389907837,0.00022914967848919332
2360.3468029980722,1.0061759948730469,0.0002291768614668399
2360.3672346541134,1.0074713230133057,0.00022911869746167213
2360.387666210212,1.0070232152938843,0.00022902134514879435
2360.408097966363,1.0067546367645264,0.00022878630261402577
2360.428529622579,1.005929946899414,0.0002286003000335768
2360.448961378832,1.005401611328125,0.00022815946431364864
2360.4693929351633,1.0046194791793823,0.00022746094327885658
2360.5102563479813,0.9972091317176819,0.00022766894835513085
2360.5306879044874,0.9980725646018982,0.0002280213520862162
2360.5511195610525,0.998702883720398,0.00022828478540759534
2360.5715513176547,0.9987260699272156,0.00022842299949843436
2360.5919829743216,1.0002228021621704,0.00022864203492645174
2360.6124146310613,1.0018246173858643,0.00022885696671437472
2360.632846287852,1.003805160522461,0.00022909500694368035
2360.653277944708,1.0050065517425537,0.00022913615975994617
2360.6737096016222,1.0055822134017944,0.00022909764084033668
2360.6941412585875,1.006597638130188,0.0002291917335242033
2360.714572915618,1.007291316986084,0.00022899227042216808
2360.735004672708,1.0062263011932373,0.0002285756781930104
2360.755436229847,1.0053319931030273,0.00022816435375716537
2360.775867887067,1.0042698383331299,0.0002273601567139849
2360.796299544345,1.0025672912597656,0.00022633423213846982
2360.8167312016594,1.0031051635742188,0.00022549403365701437
2360.8371629590547,1.00453519821167,0.00022398032888304442
2360.8575946165074,1.0065518617630005,0.00022279014228843153
2360.878026174025,1.0028387308120728,0.00022016507864464074
2360.8984579316093,0.9973629713058472,0.0002180117298848927
2360.9188894892504,0.9828691482543945,0.0002143955643987283
2361.0006162204154,1.0065735578536987,0.00022918538888916373
2361.0210478783774,1.0068110227584839,0.000228874443564564
2361.041479436397,1.005882740020752,0.00022863250342197716
2361.061911194469,1.0047657489776611,0.00022814568364992738
2361.0823428526055,1.0035268068313599,0.00022749109484720975
2361.1027745108295,1.0030601024627686,0.00022692594211548567
2361.12320616909,1.0025721788406372,0.00022635266941506416
2361.1436378274157,1.002509355545044,0.00022551360598299652
2361.1640695858077,1.0043970346450806,0.00022399294539354742
2361.184501144293,1.0048012733459473,0.00022263906430453062
2361.2049328028224,1.004982590675354,0.0002212443359894678
2361.2457961200635,1.0055238008499146,0.00022836608695797622
2361.2662277787967,1.0043591260910034,0.0002277024177601561
2361.2866595375817,1.0027844905853271,0.00022710922348778695
2361.3070911964314,1.0025707483291626,0.00022575877665076405
2361.327522855354,1.003788709640503,0.00022437996813096106
2361.347954514342,1.0053852796554565,0.00022218062076717615
2361.3683861733953,1.0038458108901978,0.00022045070363674313
2361.388817832536,0.992297351360321,0.0002169506042264402
2361.409249491713,0.9628819823265076,0.0002118182455888018
2361.511407888662,0.9970493316650391,0.00021114182891324162
2361.5522712079255,1.0010634660720825,0.00022903562057763338
2361.5727027676694,1.0025334358215332,0.00022903249191585928
2361.593134427465,1.0045857429504395,0.00022924761287868023
2361.613566187327,1.0057202577590942,0.0002292538119945675
2361.6339977472744,1.0067616701126099,0.00022915784211363643
2361.654429407281,1.0061070919036865,0.00022890247055329382
2361.674861167354,1.0054755210876465,0.00022834388073533773
2361.6952927275124,1.0035761594772339,0.00022786491899751127
2361.736156148014,1.002145767211914,0.00022903118224348873
2361.7565877083834,1.0044794082641602,0.00022932370484340936
2361.7770194688055,1.0057004690170288,0.0002293398865731433
2361.797451129307,1.006575584411621,0.00022926997917238623
2361.817882789881,1.0059483051300049,0.0002289329277118668
2361.8383144505206,1.0049638748168945,0.00022867394727654755
2361.85874611124,1.0030884742736816,0.00022852985421195626
2361.8791778720115,1.0025873184204102,0.00022747610637452453
2361.899609432883,1.0014820098876953,0.00022666010772809386
2361.9200410938283,1.0033050775527954,0.00022560768411494792
2361.940472854825,1.0020958185195923,0.00022467327653430402
2361.9813360770568,1.0030765533447266,0.0002291706477990374
2362.0017678382646,1.0054433345794678,0.00022943993099033833
2362.0221994995663,1.0047916173934937,0.00022928918770048767
2362.0426311609335,1.0067894458770752,0.00022933627769816667
2362.0630628223807,1.005947470664978,0.00022911911946721375
2362.0834944838934,1.0051017999649048,0.0002290377306053415
2362.103926245487,1.0049031972885132,0.0002286300587002188
2362.124357807159,1.0041720867156982,0.00022827449720352888
2362.1447894689045,1.0030239820480347,0.00022754505334887654
2362.165221230709,1.0013835430145264,0.00022699765395373106
2362.185652792614,1.0021768808364868,0.00022594918846152723
2362.226516116614,0.999919593334198,0.00022884779900778085
2362.246947778731,1.001189112663269,0.00022895836445968598
2362.267379540921,1.002157211303711,0.00022914922737982124
2362.287811103204,1.0046929121017456,0.00022930615523364395
2362.308242765539,1.0054726600646973,0.00022930435079615563
2362.3286745279547,1.0062488317489624,0.0002291813725605607
2362.3491060904635,1.0056016445159912,0.00022901728516444564
2362.3695378530247,1.0043377876281738,0.00022863107733428478
2362.3899695156797,1.0033338069915771,0.00022797621204517782
2362.4104010784213,1.0017365217208862,0.00022716238163411617
2362.4308328412153,1.0006871223449707,0.00022602122044190764
2362.4716961670783,0.998807430267334,0.00022876859293319285
2362.4921278301117,0.9995212554931641,0.00022883644851390272
2362.5125594932324,1.0013298988342285,0.0002290548145538196
2362.532991156433,1.0023531913757324,0.00022918837203178555
2362.5534228197066,1.0049277544021606,0.0002293573779752478
2362.57385448306,1.0048710107803345,0.00022934313165023923
2362.59428624648,1.0055054426193237,0.00022928942053113133
2362.6147179100008,1.0056124925613403,0.00022898871975485235
2362.6351494736155,1.004179835319519,0.00022861183970235288
2362.6555812372826,1.00357186794281,0.00022797987912781537
2362.676012901029,1.0022224187850952,0.00022732350043952465
2362.7168762287765,0.9955466985702515,0.0002274251455673948
2362.7373078927703,0.9969490766525269,0.0002281051711179316
2362.757739656845,0.9971370100975037,0.00022838891891296953
2362.7781712210126,0.9980874061584473,0.0002286276430822909
2362.7986028852465,0.9995981454849243,0.0002288258692715317
2362.819034649561,1.0000195503234863,0.0002289352851221338
2362.839466213969,1.001489281654358,0.00022916663147043437
2362.8598978784576,1.0021854639053345,0.0002292036806466058
2362.8803296430124,1.0045549869537354,0.00022943019575905055
2362.900761207675,1.005564570426941,0.000229430734179914
2362.9211929723897,1.0052088499069214,0.00022919289767742157
2362.9416245372195,1.0050565004348755,0.0002291379205416888
2362.962056202108,1.0043481588363647,0.00022871758847031742
2362.982487967085,1.0030735731124878,0.00022828335931990296
2363.002919532162,1.00229811668396,0.00022766798792872578
2363.023351197313,1.0009229183197021,0.00022676402295473963
2363.04378296253,1.0004373788833618,0.00022601769887842238
2363.0642145278543,1.0018938779830933,0.00022468759561888874
2363.0846462932386,1.0028053522109985,0.00022337684640660882
2363.105077958724,1.0028592348098755,0.00022128921409603208
2363.1255096242967,0.9985523223876953,0.0002191681123804301
2363.145941289942,0.9851387143135071,0.00021529254445340484
2363.166372955682,0.9686549305915833,0.0002137304691132158
2363.207236287424,1.0035252571105957,0.000229361277888529
2363.227667953419,1.0040704011917114,0.00022936421737540513
2363.2480997194943,1.0054032802581787,0.0002293576399097219
2363.268531285663,1.0046800374984741,0.00022927398094907403
2363.2889629519195,1.004685401916504,0.00022881296172272414
2363.3093947182497,1.002758502960205,0.00022844408522360027
2363.3298263846737,1.0018171072006226,0.00022760196588933468
2363.3502579511987,0.9996334314346313,0.00022690616606269032
2363.370689717798,0.9997540712356567,0.00022591903689317405
2363.391121384484,1.0008313655853271,0.00022488131071440876
2363.4115529512637,1.0031334161758423,0.0002234439889434725
2363.452416385073,0.9971020221710205,0.00022865615028422326
2363.4728481521015,0.9974123239517212,0.0002287027455167845
2363.493279719245,0.9984570741653442,0.0002287912357132882
2363.5137113868477,0.9980517029762268,0.00022885874204803258
2363.5341431541456,0.9987801313400269,0.00022895060828886926
2363.554574721551,0.9985040426254272,0.00022895583242643625
2363.5750063890373,0.9986593723297119,0.00022894813446328044
2363.595438056611,0.9998482465744019,0.0002290714328410104
2363.615869724279,1.0010449886322021,0.0002292069111717865
2363.6363014920134,1.0014880895614624,0.0002292123535880819
2363.65673305987,1.002987265586853,0.00022939218615647405
2363.6771647278,1.0027238130569458,0.00022947648540139198
2363.697596495811,1.0030943155288696,0.00022953607549425215
2363.718028063937,1.0040749311447144,0.0002294563892064616
2363.7384597321434,1.0046931505203247,0.00022946635726839304
2363.7588915004308,1.0043824911117554,0.0002295161975780502
2363.7793231688192,1.0051724910736084,0.00022932840511202812
2363.799754837295,1.0038505792617798,0.00022905156947672367
2363.8201865058654,1.00361168384552,0.00022888924286235124
2363.8406181745304,1.0021836757659912,0.00022850054665468633
2363.86104984329,1.0013450384140015,0.0002282840432599187
2363.8814815121295,1.0003771781921387,0.00022766439360566437
2363.901913181071,0.9995189905166626,0.00022724545851815492
2363.9427765192377,0.9952360391616821,0.00022821016318630427
2363.963208288449,0.9960591197013855,0.00022848557273391634
2363.9836399577543,0.9971396327018738,0.00022874001297168434
2364.0040715271753,0.9971910119056702,0.0002289059921167791
2364.024503296663,0.9985837340354919,0.00022901907505001873
2364.044934966252,1.0001037120819092,0.00022925942903384566
2364.065366535957,1.0020171403884888,0.00022932590218260884
2364.0857983057285,1.0031346082687378,0.00022958574118092656
2364.1062299756013,1.0037435293197632,0.00022949058620724827
2364.1266617455767,1.003719449043274,0.00022955363965593278
2364.147093315645,1.003341794013977,0.00022938022448215634
2364.1675249858235,1.0038011074066162,0.00022928498219698668
2364.1879566560674,1.0029222965240479,0.00022914091823622584
2364.2083883264277,1.0031529664993286,0.0002289817639393732
2364.228819996868,1.0017623901367188,0.00022863279446028173
2364.249251667432,1.0013093948364258,0.00022845659987069666
2364.2696833380687,1.000221610069275,0.0002279090549563989
2364.2901151087863,1.000076413154602,0.0002276313171023503
2364.3105466796405,0.998848021030426,0.00022714758233632892
2364.330978350583,0.9987395405769348,0.0002263306378154084
2364.351410121606,0.998816728591919,0.00022523218649439514
2364.371841692737,1.0010465383529663,0.00022359337890520692
2364.39227336397,1.0010428428649902,0.00022208473819773644
2364.433136706706,1.0024449825286865,0.0002295530284754932
2364.4535683782306,1.0031710863113403,0.00022961467038840055
2364.474000149836,1.0038951635360718,0.00022953658481128514
2364.494431821564,1.0033982992172241,0.00022941300994716585
2364.5148634933794,1.0022937059402466,0.00022906783851794899
2364.5352951652894,1.0020195245742798,0.00022858503507450223
2364.555726837294,0.9996382594108582,0.00022799542057327926
2364.5761585094297,0.9991827607154846,0.00022745027672499418
2364.5965901816307,0.9986903667449951,0.0002265025395900011
2364.617021853941,0.998471736907959,0.00022565231483895332
2364.6374536263465,1.0005801916122437,0.0002243832714157179
2364.6783169714763,1.0017340183258057,0.00022892162087373435
2364.698748644194,1.0010995864868164,0.0002285120717715472
2364.71918021702,0.9997320175170898,0.000227952201385051
2364.7396119899277,0.998239278793335,0.00022729969350621104
2364.7600436629436,0.9983108639717102,0.00022659353271592408
2364.7804752360826,0.9986056685447693,0.00022543282830156386
2364.8009070092958,0.9997877478599548,0.00022438519226852804
2364.8213386826246,1.0015496015548706,0.00022254843497648835
2364.862202029566,0.9916698932647705,0.000217882203287445
2364.8826337031933,0.980745255947113,0.00021487732010427862
2364.9234970507678,0.9971014261245728,0.00022903307399246842
2364.943928724708,0.9987111687660217,0.00022933406580705196
2364.964360398757,0.999550461769104,0.00022932284628041089
2364.9847920729007,1.0008068084716797,0.0002295268641319126
2365.00522384714,1.0020453929901123,0.0002296142338309437
2365.025655421501,1.0031013488769531,0.00022962015646044165
2365.046087095965,1.0034376382827759,0.0002294188307132572
2365.0665188705243,1.0025851726531982,0.00022919524053577334
2365.0869504452057,1.0010324716567993,0.00022873605485074222
2365.10738211999,0.9996005296707153,0.0002283200592501089
2365.1278138948546,0.9981525540351868,0.00022737566905561835
2365.1686772449175,0.9949806928634644,0.0002284330694237724
2365.1891089201163,0.995553731918335,0.00022874242858961225
2365.209540595424,0.9967913627624512,0.00022899967734701931
2365.229972270834,0.9971578121185303,0.00022909084509592503
2365.2504039463383,0.9976457953453064,0.00022925720259081572
2365.2708356219664,1.0000765323638916,0.00022937788162380457
2365.2912673976825,1.0008039474487305,0.00022951960272621363
2365.3116989735354,1.0023993253707886,0.00022973315208218992
2365.3321307494552,1.0024141073226929,0.0002296376769663766
2365.3525624255126,1.001842737197876,0.00022928975522518158
2365.3729940016783,1.0015813112258911,0.00022909528343006968
2365.4138574543176,1.001200795173645,0.00022920309856999665
2365.4342890308108,1.0015983581542969,0.000228979202802293
2365.454720807371,1.0009174346923828,0.0002288838877575472
2365.4751524840685,0.9994888305664062,0.0002284504589624703
2365.495584060889,0.9993067383766174,0.00022806938795838505
2365.5160158377985,0.9982459545135498,0.0002276439918205142
2365.5364475148235,0.9968646764755249,0.0002269344258820638
2365.5568792919585,0.9968835711479187,0.00022660315153189003
2365.5773108692156,0.9977160692214966,0.00022565801918972284
2365.5977425465535,0.9983579516410828,0.0002251343394163996
2365.618174224015,1.000022053718567,0.0002239781606476754
2365.6590375792875,0.9944453835487366,0.00022823765175417066
2365.679469257062,0.9946175217628479,0.00022848910884931684
2365.6999009349893,1.041532278060913,0.00023169188352767378
2365.7203327129973,0.9954973459243774,0.0002289195981575176
2365.7407642911276,0.9961026310920715,0.00022916799935046583
2365.761195969375,0.9975358843803406,0.00022920878836885095
2365.7816277477323,0.9984959959983826,0.0002293672732776031
2365.8020594261834,0.9990594387054443,0.00022941087081562728
2365.8224910047793,0.9997246265411377,0.0002294915757374838
2365.8429227834567,1.0016165971755981,0.0002296774327987805
2365.863354462257,1.00173020362854,0.0002297467435710132
2365.883786141174,1.0019102096557617,0.00022972495935391635
2365.9042178202,1.0024243593215942,0.00022971034923102707
2365.9246494993495,1.0021613836288452,0.00022946704120840877
2365.945081278587,1.001806378364563,0.00022921754862181842
2365.9655128579616,1.0012011528015137,0.000228971301112324
2365.9859445374605,0.9998241066932678,0.00022865318169351667
2366.0063763170474,0.9976702928543091,0.00022808107314631343
2366.026807896742,0.9974696040153503,0.00022753143275622278
2366.0472396765617,0.9964398145675659,0.00022692873608320951
2366.067671356497,0.9968259334564209,0.00022587938292417675
2366.08810293657,0.997238278388977,0.00022540747886523604
2366.108534716739,0.9993029832839966,0.0002240998001070693
2366.149397977446,0.9957463145256042,0.00022914873261470348
2366.169829757935,0.9967203736305237,0.00022928626276552677
2366.190261438569,0.9969961047172546,0.00022934607113711536
2366.210693119312,0.9984479546546936,0.00022940526832826436
2366.231124800179,0.9999589920043945,0.00022952146537136286
2366.251556481162,1.0013371706008911,0.0002297596074640751
2366.2719881622543,1.001566767692566,0.00022973511659074575
2366.2924198434703,1.0017999410629272,0.00022969477868173271
2366.3128515248027,1.000938057899475,0.00022949709091335535
2366.3332832062442,1.0005457401275635,0.00022923562210053205
2366.3537148878386,0.9994032979011536,0.000228875782340765
2366.394578251311,0.9958217144012451,0.0002290406118845567
2366.4150099332255,0.9960448741912842,0.00022920346236787736
2366.43544171525,0.997392475605011,0.00022934965090826154
2366.4558732974256,0.9985554814338684,0.00022949223057366908
2366.4763049797184,0.9989577531814575,0.00022949933190830052
2366.4967367620993,1.0007257461547852,0.0002297784376423806
2366.5171684446177,1.0019043684005737,0.00022975471802055836
2366.558031809982,1.0017008781433105,0.00022962268849369138
2366.578463492857,1.0008654594421387,0.0002294085716130212
2366.598895275849,1.0006431341171265,0.00022902351338416338
2366.619326858985,0.9992038607597351,0.00022880712640471756
2366.639758542202,0.9988987445831299,0.00022827679640613496
2366.6601903255723,0.9970839023590088,0.00022765422181691974
2366.6806219090213,0.9963030219078064,0.0002271374687552452
2366.7010536926246,0.9960846304893494,0.00022610406449530274
2366.7214853763435,0.9965657591819763,0.0002253616403322667
2366.741916960207,0.9992302060127258,0.00022406432253774256
2366.7623487441524,1.000089406967163,0.00022302322031464428
2366.7827804282206,0.9965319633483887,0.0002206066419603303
2366.8032120124553,0.9930590391159058,0.0002188979124184698
2366.823643796757,0.9785765409469604,0.0002153617242584005
2366.8440754812036,0.9649715423583984,0.00021414425282273442
2366.884938850497,1.0015469789505005,0.00022981225629337132
2366.9053705353217,1.0011532306671143,0.00022944112424738705
2366.9258023202565,1.0012032985687256,0.00022931009880267084
2366.9462339053134,0.9998140931129456,0.00022883886413183063
2366.9666655905166,0.9986365437507629,0.00022843203623779118
2366.9870972758,0.9968176484107971,0.00022812129464000463
2367.007528961265,0.9957148432731628,0.0002273054124088958
2367.0279606468175,0.995189905166626,0.0002267056843265891
2367.0483923325082,0.9963006973266602,0.00022564645041711628
2367.0688240183226,0.9968970417976379,0.0002249673561891541
2367.089255804254,0.9991980195045471,0.00022382639872375876
2367.1301190765153,0.9935255646705627,0.00022857985459268093
2367.150550862825,0.9946832060813904,0.00022890529362484813
2367.1709825492435,0.9950941205024719,0.00022906376398168504
2367.191414135814,0.9957289099693298,0.00022932961292099208
2367.211845922502,0.9967406392097473,0.00022943390649743378
2367.232277609328,0.9976027011871338,0.0002295156300533563
2367.2527092962773,0.9987180233001709,0.0002295856538694352
2367.273140983343,1.000114917755127,0.00022981125221122056
2367.293572670518,1.0001938343048096,0.00022979768982622772
2367.3140044578467,1.0004857778549194,0.00022960985370445997
2367.3344360453193,1.0,0.00022939982591196895
2367.3957311084305,0.9968317747116089,0.0002294872683705762
2367.416162896392,0.9979628324508667,0.00022956378234084696
2367.4365945844766,0.9987325668334961,0.0002296921011293307
2367.457026172706,0.998813807964325,0.00022979175264481455
2367.4774579610457,0.9997710585594177,0.0002298582112416625
2367.4978896495377,1.0002189874649048,0.0002298125036759302
2367.5183212381744,1.0009620189666748,0.0002298206090927124
2367.5387530268927,1.0005701780319214,0.00022987916599959135
2367.559184715763,1.0007524490356445,0.00022976523905526847
2367.5796164047497,1.0001721382141113,0.00022957409964874387
2367.6000480938746,0.9999842643737793,0.00022933204309083521
2367.6204797831524,0.9984382390975952,0.0002289359108544886
2367.6409114725393,0.9977318048477173,0.00022878627351019531
2367.66134316205,0.9975363612174988,0.00022830239322502166
2367.681774851706,0.9962567090988159,0.0002279433247167617
2367.7022065414785,0.9954600930213928,0.0002274546422995627
2367.7226382313893,0.9945776462554932,0.00022698460088577121
2367.7430700214245,0.9952623844146729,0.0002263286296511069
2367.7635016116255,0.9946282505989075,0.0002255178987979889
2367.783933301922,0.9968933463096619,0.0002246979856863618
2367.8043650923646,0.9983351230621338,0.00022386995260603726
2367.8247967829157,0.9972054362297058,0.00022310575877781957
2367.865660164469,0.9925669431686401,0.0002292237477377057
2367.8860918554274,0.9934917688369751,0.00022922773496247828
2367.9065235465387,0.9939695596694946,0.00022940849885344505
2367.9269552377955,0.9943104386329651,0.00022944534430280328
2367.9473869291614,0.9965261816978455,0.0002295387239428237
2367.967818720652,0.9985238313674927,0.00022979846107773483
2367.9882503123154,0.9995958209037781,0.00022984239330980927
2368.0086820040888,0.9996631741523743,0.00022984950919635594
2368.0291137959575,1.0001896619796753,0.0002298572799190879
2368.0495453880285,0.9995641708374023,0.00022966497635934502
2368.06997718021,0.9996587634086609,0.00022959732450544834
2368.0904088725147,0.9987762570381165,0.00022942060604691505
2368.110840464993,0.9980165958404541,0.00022898399038240314
2368.131272257524,0.9972874522209167,0.00022876316506881267
2368.151703950294,0.9958717226982117,0.0002282935893163085
2368.172135543122,0.9955461621284485,0.0002278582687722519
2368.1925673361184,0.9943963885307312,0.00022704365255776793
2368.212999029238,0.9937849640846252,0.00022661960974801332
2368.2334307225246,0.9953324198722839,0.00022587944113183767
2368.253862415877,0.9959775805473328,0.0002251156693091616
2368.274294109462,0.9971752166748047,0.0002241024048998952
2368.2947258031054,0.9982364177703857,0.00022280773555394262
2368.315157496916,0.9964945912361145,0.00022130752040538937
2368.356020884952,0.9988473057746887,0.00022964032541494817
2368.3764525791776,0.9983910918235779,0.00022937171161174774
2368.39688437352,0.9977515935897827,0.00022912844724487513
2368.417315968036,0.9965088963508606,0.00022869820531923324
2368.4377476627196,0.994741678237915,0.00022835192794445902
2368.4581794574697,0.9939952492713928,0.0002275266160722822
2368.4786111523863,0.9941982626914978,0.00022704055299982429
2368.499042747426,0.9939706921577454,0.0002260878827655688
2368.5194745426415,0.995678186416626,0.00022524013184010983
2368.5399062379656,0.9965330958366394,0.00022440814063884318
2368.560337833471,0.9988938570022583,0.00022294190421234816
2368.6012013248255,0.9950059056282043,0.0002295237936777994
2368.6216331207397,0.9954883456230164,0.00022959531634114683
2368.642064716769,0.996515691280365,0.00022975045430939645
2368.662496412908,0.9976300001144409,0.00022987148258835077
2368.6829282092294,0.9983450174331665,0.00022982488735578954
2368.703359805724,0.9986029863357544,0.00022989387798588723
2368.723791502329,0.9983408451080322,0.00022964108211454004
2368.744223299058,0.9974337220191956,0.0002294213481945917
2368.76465489596,0.9961572289466858,0.00022887272643856704
2368.785086692973,0.9954536557197571,0.00022838820586912334
2368.805518390109,0.9936280250549316,0.00022769706265535206
2368.846381784897,0.9911531209945679,0.00022832851391285658
2368.8668134824984,0.9907093048095703,0.00022862320474814624
2368.8872450802737,0.9913395643234253,0.0002288579271407798
2368.9076768781015,0.9916059374809265,0.00022907675884198397
2368.9281085761686,0.9937708377838135,0.00022927072132006288
2368.9485403742874,0.9932794570922852,0.00022923853248357773
2368.968971972645,0.9938849210739136,0.00022945593809708953
2368.989403671061,0.9957264065742493,0.0002296718448633328
2369.0098353697103,0.9965407252311707,0.0002297859755344689
2369.0302670684105,0.997708797454834,0.00022992092999629676
2369.0506987673507,0.9986070394515991,0.0002299146872246638
2369.071130466349,0.9986123442649841,0.00022975147294346243
2369.091562165515,0.9975957274436951,0.00022961964714340866
2369.1119939648634,0.9965266585350037,0.0002291756827617064
2369.1324255643267,0.9949225187301636,0.00022868164523970336
2369.152857263958,0.9938364028930664,0.00022822902246844023
2369.173289063714,0.9928255677223206,0.00022734396043233573
2369.1937207636365,0.992486834526062,0.00022657033696305007
2369.214152363682,0.994173526763916,0.00022547150729224086
2369.2345841639035,0.9956885576248169,0.00022461260959971696
2369.2550158642407,0.9969198107719421,0.00022278755204752088
2369.2754475647453,0.9959035515785217,0.0002215425338363275
2369.2958792653735,0.9864869713783264,0.00021824169380124658
2369.3571743681823,0.998641312122345,0.0002299992775078863
2369.377606069451,0.998426079750061,0.00022973754676058888
2369.398037870771,0.9969854950904846,0.00022944937518332154
2369.41846947233,0.9959503412246704,0.0002294029836775735
2369.4389012739994,0.9954763650894165,0.0002291151467943564
2369.45933297585,0.9948744177818298,0.00022876917500980198
2369.4797645778162,0.9932519793510437,0.0002284104994032532
2369.5001963799514,0.9932893514633179,0.00022807400091551244
2369.5206280822094,0.9924524426460266,0.00022752767836209387
2369.5410596846414,0.9916563630104065,0.00022713045473210514
2369.5819231899077,0.9968445897102356,0.00022996171901468188
2369.602354892806,0.9973493218421936,0.00023001915542408824
2369.6227865958135,0.997758150100708,0.00022990518482401967
2369.643218299003,0.997830331325531,0.0002297789469594136
2369.6636500023087,0.9972917437553406,0.00022968499979469925
2369.684081705782,0.9959357976913452,0.00022938352776691318
2369.704513409437,0.9955310225486755,0.0002294834703207016
2369.7249451132084,0.994975209236145,0.00022891406842973083
2369.745376817147,0.993218183517456,0.00022866082144901156
2369.7658086212105,0.9927806258201599,0.00022813126270193607
2369.786240225447,0.9922105669975281,0.00022750844073016196
2369.82710373438,0.9956762790679932,0.00022987843840382993
2369.847535439083,0.996259868144989,0.00022987258853390813
2369.8679670439524,0.9968289136886597,0.00022992538288235664
2369.8883988488888,0.9970557689666748,0.00022988487035036087
2369.908830554057,0.997178316116333,0.00022981948859523982
2369.929262259393,0.996629536151886,0.0002297524770256132
2369.9496939648525,0.9950258135795593,0.00022946410172153264
2369.9701256704284,0.995137095451355,0.00022928245016373694
2369.9905574761724,0.9943411946296692,0.00022884758072905242
2370.010989082097,0.9936633110046387,0.00022860044555272907
2370.0314207881966,0.9924397468566895,0.00022806788911111653
2370.0722842007963,0.990825355052948,0.00022903909848537296
2370.0927159073617,0.991047203540802,0.00022913572320248932
2370.113147714037,0.99159836769104,0.00022935782908461988
2370.1335793208927,0.9915924668312073,0.00022933370200917125
2370.154011127859,0.992750346660614,0.00022956896282266825
2370.174442835065,0.9934443831443787,0.00022975343745201826
2370.194874442386,0.9944201111793518,0.00022977085609454662
2370.2153062498255,0.9957824945449829,0.00022996071493253112
2370.2357379574314,0.996440589427948,0.00023003881506156176
2370.256169665219,0.9970342516899109,0.00022997762425802648
2370.2766013731743,0.9962210059165955,0.00022986521071288735
2370.2970330813114,0.9953153729438782,0.0002295316953677684
2370.3174648895656,0.9949790835380554,0.00022931642888579518
2370.337896497993,0.9939473867416382,0.00022886328224558383
2370.35832820653,0.9921281933784485,0.0002284571819473058
2370.3787599152492,0.9910362362861633,0.0002279021719004959
2370.3991916241357,0.9906408786773682,0.0002271445409860462
2370.419623333204,0.9911643862724304,0.00022645399440079927
2370.440055042389,0.9920246601104736,0.00022546153923030943
2370.4604867518065,0.9931760430335999,0.000224845323828049
2370.4809185612758,0.9951610565185547,0.0002234176645288244
2370.501350270926,0.9953241348266602,0.0002226212527602911
2370.5217818808014,0.9912819266319275,0.00022035806614439934
2370.562645400976,0.9962069392204285,0.0002299592160852626
2370.583077011259,0.9960856437683105,0.0002300045161973685
2370.603508821725,0.996012270450592,0.00022982961672823876
2370.623940532365,0.9953826665878296,0.00022967330005485564
2370.644372343173,0.9945683479309082,0.00022957664623390883
2370.6648039541615,0.9939266443252563,0.00022900661861058325
2370.685235665267,0.991831362247467,0.0002283891080878675
2370.705667476541,0.9913375377655029,0.0002280580811202526
2370.726099087995,0.9905633926391602,0.00022729391639586538
2370.7465307996245,0.9912964701652527,0.00022639115923084319
2370.766962611364,0.991676926612854,0.00022576520859729499
2370.8078260353795,0.9912480115890503,0.0002295260492246598
2370.828257747642,0.9927650690078735,0.00022986797557678074
2370.8486893600857,0.9940915703773499,0.00022987571719568223
2370.86912117264,0.9950399398803711,0.00023002733360044658
2370.8895528853755,0.9959185123443604,0.00022996308689471334
2370.9099844982848,0.9959078431129456,0.00022989044373389333
2370.93041631137,0.9958061575889587,0.00022979473578743637
2370.950848024564,0.9943056106567383,0.00022949016420170665
2370.971279737998,0.9921485781669617,0.0002288890245836228
2370.991711451541,0.9897969365119934,0.00022836265270598233
2371.012143165266,0.989850640296936,0.00022765129688195884
2371.05300659324,0.9925870299339294,0.00022976148466113955
2371.073438307423,0.9937506914138794,0.00022993436141405255
2371.0938700218467,0.9946836233139038,0.0002299715852132067
2371.1143017363793,0.9956457614898682,0.00022999351494945586
2371.1347335510945,0.9952542781829834,0.00022986653493717313
2371.155165165983,0.9940900802612305,0.00022980156063567847
2371.1755968809885,0.9936283826828003,0.00022943763178773224
2371.1960286962203,0.9930905699729919,0.00022926140809431672
2371.216460411575,0.9916840195655823,0.0002284994552610442
2371.2368920271547,0.9911060929298401,0.00022802792955189943
2371.2573238428595,0.9894246459007263,0.00022698460088577121
2371.2981873747267,0.9949509501457214,0.00023001448425929993
2371.318618990954,0.9932054281234741,0.00022994975734036416
2371.3390507073564,0.9937787652015686,0.00022998370695859194
2371.359482523869,0.9942435026168823,0.0002300258493050933
2371.37991414062,0.9955939054489136,0.00023010204313322902
2371.400345857488,0.9952234029769897,0.00023004530521575361
2371.4207776745243,0.9951009154319763,0.0002300160122103989
2371.441209291741,0.9954406023025513,0.00023011016310192645
2371.461641109134,0.994898796081543,0.0002298579493071884
2371.482072826693,0.9946375489234924,0.0002299054031027481
2371.502510202976,0.9941733479499817,0.0002297990577062592
2371.522936236419,0.9933507442474365,0.0002296655293321237
2371.543367954444,0.9927785396575928,0.00022943553631193936
2371.5637995727084,0.9933607578277588,0.0002290715929120779
2371.5842313910907,0.9918995499610901,0.00022896885639056563
2371.6046631096397,0.9916086196899414,0.00022858232841826975
2371.6250949283713,0.9912863373756409,0.00022849995002616197
2371.645526547334,0.9896566867828369,0.00022777599224355072
2371.665958266407,0.9893867373466492,0.00022752716904506087
2371.6863900856624,0.9898875951766968,0.00022693797654937953
2371.706821705091,0.9897164702415466,0.00022668555902782828
2371.7272534246877,0.9911242723464966,0.0002257311571156606
2371.747685244409,0.9924957752227783,0.00022500175691675395
2371.7885485844818,0.9948570728302002,0.0002300903433933854
2371.808980404785,0.9949837327003479,0.00023015016631688923
2371.829412125204,0.9945932626724243,0.00023004974354989827
2371.849843845848,0.9936614632606506,0.00022974265448283404
2371.8702755666163,0.9931725263595581,0.00022963898663874716
2371.8907072876173,0.992824912071228,0.00022971027647145092
2371.911139108728,0.9919987916946411,0.00022916033049114048
2371.9315707300775,0.9914324879646301,0.00022899902251083404
2371.9520024516023,0.9899411797523499,0.000228318473091349
2371.972434273237,0.9895360469818115,0.00022786280896980315
2371.992865895052,0.989220380783081,0.00022713841462973505
2372.0337294392593,0.9949605464935303,0.00023010651057120413
2372.0541610616565,0.9944446682929993,0.00023001768568065017
2372.0745928841643,0.9940475225448608,0.00022989977151155472
2372.0950245068525,0.9937714338302612,0.00022969749988988042
2372.1154562297743,0.9926655292510986,0.00022947163961362094
2372.1358880528132,0.9919587969779968,0.0002292538119945675
2372.1563196760762,0.9917156100273132,0.00022894931316841394
2372.1767514994644,0.9905416965484619,0.000228481090744026
2372.1971832230774,0.9896052479743958,0.00022779617574997246
2372.2176148468134,0.9893715381622314,0.00022707560856360942
2372.2380466707837,0.9894540905952454,0.00022651191102340817
2372.278910119181,0.9879513382911682,0.0002292680728714913
2372.2993418436745,0.9886760711669922,0.000229439974646084
2372.319773568277,0.9884728789329529,0.00022945596720091999
2372.3402053931204,0.9904496073722839,0.00022965969401411712
2372.360637018137,0.9903228878974915,0.00022973387967795134
2372.381068743329,0.9913347959518433,0.0002299260231666267
2372.4015005686306,0.9922594428062439,0.00022995821200311184
2372.4219322941717,0.9929586052894592,0.00023015603073872626
2372.4423639198794,0.9944024085998535,0.00023015195620246232
2372.4627957457706,0.9939249753952026,0.00023010912991594523
2372.4832274718938,0.9943943023681641,0.0002300073392689228
2372.503659198126,0.9934293627738953,0.00022986080148257315
2372.5240909245404,0.9921576380729675,0.0002297576138516888
2372.5445226511292,0.9920181035995483,0.0002294419246027246
2372.5649543779436,0.9913554191589355,0.00022907181119080633
2372.5853861048818,0.9906258583068848,0.00022892511333338916
2372.6058178320527,0.9896976947784424,0.00022840651217848063
2372.6262496593336,0.9885967969894409,0.00022788967180531472
2372.646681286853,0.9884194731712341,0.00022690516198053956
2372.6671131145486,0.9893966913223267,0.0002263355127070099
2372.68754474241,0.9915663599967957,0.0002254957362310961
2372.707976470454,0.9921282529830933,0.0002248488162877038
2372.7284082986735,0.9938990473747253,0.00022323655139189214
2372.769271655685,0.9886768460273743,0.00022937428730074316
2372.7897034844864,0.9892232418060303,0.0002293438883498311
2372.8101351134537,0.9886813163757324,0.0002295182057423517
2372.8305669425463,0.9896382093429565,0.0002296067395946011
2372.850998671871,0.9900960922241211,0.00022972194710746408
2372.871430301362,0.9919793009757996,0.0002300076448591426
2372.891862131095,0.9922823309898376,0.00023003932437859476
2372.9122938609435,0.9930384159088135,0.0002301600034115836
2372.9327254910168,0.9941749572753906,0.00023024708207231015
2372.9531573212153,0.9940192699432373,0.00023023497487884015
2372.973589051646,0.9935288429260254,0.0002300535561516881
2372.9940208822445,0.9937463998794556,0.00022992702724877745
2373.0144525130236,0.9924709796905518,0.00022973207524046302
2373.034884243978,0.9910701513290405,0.00022923611686564982
2373.0553160751006,0.9902730584144592,0.00022897090821061283
2373.0757478064625,0.9889772534370422,0.00022834321134723723
2373.096179437998,0.9876535534858704,0.0002275302103953436
2373.116611269703,0.9885852336883545,0.00022671700571663678
2373.1370430015886,0.9892844557762146,0.00022625878045801073
2373.1574747336417,0.9912777543067932,0.00022515525051858276
2373.177906465935,0.9925496578216553,0.0002245681534986943
2373.1983381983446,0.9935862421989441,0.00022290661581791937
2373.2187700309805,0.9921490550041199,0.00022151449229568243
2373.2800652300066,0.9869678020477295,0.0002286802773596719
2373.300496863405,0.9871008992195129,0.00022867594088893384
2373.3209286969213,0.9869376420974731,0.00022889411775395274
2373.341360330669,0.9869552254676819,0.0002290196280227974
2373.361792064643,0.987698495388031,0.00022921734489500523
2373.3822238987414,0.9881007075309753,0.00022936378081794828
2373.402655533064,0.9881353974342346,0.00022940646158531308
2373.423087267569,0.9876683354377747,0.00022948082187213004
2373.4435191023076,0.9881308078765869,0.00022954738233238459
2373.463950737103,0.9888031482696533,0.00022962484217714518
2373.4843825721255,0.9895628690719604,0.00022969371639192104
2373.5048143073873,0.9902018308639526,0.00022988731507211924
2373.525245942874,0.9901776313781738,0.00022993785387370735
2373.5456777784857,0.9915510416030884,0.00023012336168903857
2373.5661095143296,0.9919966459274292,0.000230203804676421
2373.5865411504055,0.9929585456848145,0.0002302497741766274
2373.606972986592,0.9936647415161133,0.00023031160526443273
2373.6274047229017,0.9936919212341309,0.00023029596195556223
2373.647836559554,0.9925687909126282,0.00023018928186502308
2373.6682681963284,0.9931159019470215,0.000230107267270796
2373.68869993322,0.9923194050788879,0.0002300329797435552
2373.709131770338,0.9919700026512146,0.0002298457984579727
2373.7295634076945,0.9909103512763977,0.00022963555238675326
2373.7499951452846,0.9895793795585632,0.00022921041818335652
2373.7704269829846,0.9904381632804871,0.00022895225265529007
2373.790858720924,0.9885857105255127,0.0002284833899466321
2373.811290358979,0.9883031249046326,0.00022816665295977145
2373.831722197261,0.9884381890296936,0.00022789128706790507
2373.8521539357826,0.9875601530075073,0.0002274688595207408
2373.8725856744204,0.9885693192481995,0.00022683119459543377
2373.893017413284,0.9896520376205444,0.00022627193538937718
2373.9134491523873,0.990150511264801,0.00022558876662515104
2373.933880991608,0.9916940927505493,0.00022479590552393347
2373.9543126310527,0.9925453066825867,0.00022394626284949481
2373.9951762106502,0.9923670887947083,0.00022999018256086856
2374.0156078506843,0.9905827641487122,0.00022956125030759722
2374.0360396908363,0.9904105067253113,0.00022936677851248533
2374.056471331336,0.9890672564506531,0.00022874613932799548
2374.0769030719457,0.988743782043457,0.00022850526147522032
2374.09733491268,0.9897300004959106,0.00022791398805566132
2374.117766553645,0.987673282623291,0.00022743451700080186
2374.1381982949533,0.9894340634346008,0.00022646266734227538
2374.1586301362695,0.9898151159286499,0.00022599162184633315
2374.179061777817,0.9920608401298523,0.00022493932920042425
2374.1994936195915,0.9925512075424194,0.00022393622202798724
2374.240357003844,0.9863672256469727,0.00022883953351993114
2374.260788846208,0.9868765473365784,0.00022905226796865463
2374.2812205886876,0.98694908618927,0.0002291774144396186
2374.301652331509,0.9869782328605652,0.00022934790467843413
2374.3220840744543,0.9870999455451965,0.00022949262347538024
2374.3425158176324,0.9880651235580444,0.0002294888108735904
2374.3629476609203,0.9876501560211182,0.00022973887098487467
2374.383379304447,0.9888619184494019,0.00022975985484663397
2374.403811048207,0.9896845817565918,0.00022987622651271522
2374.4242428921934,0.9891599416732788,0.00023001352383289486
2374.444674636303,0.9907004237174988,0.00023022970708552748
2374.4651062806442,0.9924033880233765,0.00023042599787004292
2374.4855381252128,0.993249773979187,0.0002304733934579417
2374.505969869904,0.993895411491394,0.00023038688232190907
2374.5264016148285,0.9928928017616272,0.00023031275486573577
2374.5468333599783,0.9920901656150818,0.0002302938373759389
2374.5672651053683,0.9908444881439209,0.00022989616263657808
2374.587696950868,0.9921213984489441,0.00022983190137892962
2374.6081285966065,0.9891381859779358,0.00022921593335922807
2374.6285603425786,0.9877108931541443,0.0002288120158482343
2374.6489921886678,0.9879120588302612,0.00022809917572885752
2374.669423834981,0.9874176979064941,0.00022754563542548567
2374.689855681536,0.9882803559303284,0.00022657828230876476
2374.730719075218,0.9923709630966187,0.00023028877330943942
2374.7511509222386,0.9918558597564697,0.00023021054221317172
2374.771582569607,0.991447925567627,0.0002301005006302148
2374.7920143172014,0.9903284907341003,0.00022977394110057503
2374.8124461649204,0.9892510771751404,0.0002294668956892565
2374.8328778128707,0.9874952435493469,0.00022889897809363902
2374.8533096609317,0.9872983694076538,0.00022849395463708788
2374.8737414093484,0.9872435927391052,0.0002275155420647934
2374.894173057881,0.9872087240219116,0.0002269460674142465
2374.914604906524,0.9893152117729187,0.00022604702098760754
2374.9350366555227,0.9904294013977051,0.00022543597151525319
2374.9759001539787,0.9904581308364868,0.00022986224212218076
2374.9963319035596,0.9891065955162048,0.00022942521900404245
2375.0167637532504,0.9878511428833008,0.00022894414723850787
2375.037195403296,0.9873886108398438,0.00022830111265648156
2375.057627153459,0.9869202375411987,0.00022782270389143378
2375.078059003732,0.9873411655426025,0.00022722221910953522
2375.0984907543607,0.9886603951454163,0.00022650788014288992
2375.1189225051057,0.9899876713752747,0.0002256246079923585
2375.1393542560763,0.9923238158226013,0.0002246945514343679
2375.159786007287,0.9921422004699707,0.0002237905137008056
2375.1802177587306,0.9901392459869385,0.00022183294640854
2375.2415131141024,0.9904301762580872,0.00023038835206534714
2375.2619447662364,0.9911336302757263,0.00023028637224342674
2375.2823766187284,0.9914303421974182,0.00023040246742311865
2375.302808371336,0.992661714553833,0.0002305040688952431
2375.3232400241686,0.9925804734230042,0.00023046265414450318
2375.3436718771263,0.9928780198097229,0.00023054731718730181
2375.3641035304317,0.9930559992790222,0.00023062300169840455
2375.384535283847,0.9931579232215881,0.00023046013666316867
2375.4049671375033,0.9927165508270264,0.00023050600429996848
2375.4253988913915,0.9913498759269714,0.00023017927014734596
2375.445830645389,0.9905292391777039,0.00023006829724181443
2375.466262399743,0.990408182144165,0.0002299706538906321
2375.4866940542124,0.9900274276733398,0.00022953537700232118
2375.507125908909,0.9887399077415466,0.00022925701341591775
2375.5275576637287,0.9878450632095337,0.00022881041513755918
2375.5479893188967,0.9874535202980042,0.0002282781497342512
2375.5684211741755,0.9876438975334167,0.00022761245782021433
2375.5888529296935,0.987693190574646,0.00022715020168107003
2375.609284785445,0.9895991086959839,0.0002263990172650665
2375.629716441421,0.9908846020698547,0.00022555347823072225
2375.650148197521,0.9918026924133301,0.00022488248941954225
2375.6705800538475,0.9923788905143738,0.00022385882039088756
2375.711443467211,0.9923793077468872,0.000230474877753295
2375.7318753242434,0.9926578402519226,0.00023049279116094112
2375.7523069814997,0.9908671975135803,0.0002301238855579868
2375.772738838881,0.9904800057411194,0.00022999674547463655
2375.7931705964875,0.9911130666732788,0.00022968294797465205
2375.813602354334,0.9890713691711426,0.00022937300673220307
2375.8340341122966,0.9882359504699707,0.00022878307208884507
2375.8544658706087,0.988357663154602,0.00022858312877360731
2375.87489762903,0.9878302812576294,0.00022789729700889438
2375.895329487692,0.9878312945365906,0.00022722483845427632
2375.915761146578,0.9887555837631226,0.0002266535157104954
2375.9566247650655,0.9920406341552734,0.0002303427754668519
2375.977056424541,0.9910774230957031,0.0002300066116731614
2375.9974882842434,0.9905278086662292,0.0002297684404766187
2376.0179200441853,0.9897101521492004,0.00022933786385692656
2376.0383517044684,0.9888131022453308,0.000228982898988761
2376.0587835647602,0.9881171584129333,0.0002283061039634049
2376.0792152254,0.9883178472518921,0.0002278728352393955
2376.0996469861566,0.9887126684188843,0.0002272768469993025
2376.1200788471397,0.9900012016296387,0.00022652363986708224
2376.1405105084777,0.9913837313652039,0.00022584505495615304
2376.16094236981,0.9928370118141174,0.00022458002786152065
2376.2018057934183,0.9924620985984802,0.0002305150992469862
2376.222237655449,0.9925751090049744,0.0002304648223798722
2376.2426694178357,0.9913808107376099,0.00023020741355139762
2376.263101080338,0.9906076192855835,0.00022988987620919943
2376.2835329430673,0.9899234175682068,0.00022947063553147018
2376.303964706036,0.9893679618835449,0.000229047640459612
2376.3243965691217,0.9888058304786682,0.0002285420778207481
2376.344828232548,0.9876695275306702,0.0002278974134242162
2376.3652599960988,0.9887739419937134,0.0002274861908517778
2376.3856918599995,0.9894856214523315,0.00022674546926282346
2376.406123524008,0.9907559752464294,0.00022614130284637213
2376.44698715274,0.9884370565414429,0.00022889785759616643
2376.467418917331,0.988526463508606,0.0002281925262650475
2376.487850682279,0.9885599613189697,0.0002278358006151393
2376.508282447343,0.9893338084220886,0.00022672113846056163
2376.528714212749,0.9905706644058228,0.0002263459173263982
2376.549145978279,0.9933797121047974,0.00022513406293001026
2376.5695777440415,0.9937471747398376,0.00022422167239710689
2376.5900095100296,0.9923805594444275,0.00022278010146692395
2376.6104413762587,0.9895567297935486,0.0002210854145232588
2376.630873042719,0.9821472764015198,0.0002185499033657834
2376.65130490929,0.9708777070045471,0.00021552284306380898
2376.6921683432593,0.992899477481842,0.00023060489911586046
2376.7126002105288,0.9937271475791931,0.00023066466383170336
2376.733031878037,0.9931150674819946,0.00023052327742334455
2376.7534636457785,0.993086040019989,0.00023056498321238905
2376.7738955137465,0.992384135723114,0.00023026407870929688
2376.794327181953,0.9910500049591064,0.00023005821276456118
2376.814759050394,0.990416944026947,0.00022959447233006358
2376.8351908189434,0.9890518188476562,0.00022916749003343284
2376.8556224878484,0.9889829158782959,0.0002285024238517508
2376.876054356864,0.9892170429229736,0.00022783501481171697
2376.8964861261193,0.9893513917922974,0.00022695600637234747
2376.937349665328,0.9932875037193298,0.00023035159392748028
2376.9577814352742,0.99136883020401,0.00023017538478597999
2376.9782133054614,0.9907997846603394,0.00022979435743764043
2376.9986449758726,0.9895994067192078,0.000229148383368738
2377.0190767465247,0.9886850118637085,0.00022877455921843648
2377.039508617294,0.9890953302383423,0.0002279362961417064
2377.0599402884036,0.9887412786483765,0.00022729375632479787
2377.0803720596377,0.9896250367164612,0.00022623977565672249
2377.100803931222,0.9929545521736145,0.00022506307868752629
2377.1212357029144,0.993910551071167,0.00022361610899679363
2377.141667474847,0.9915289282798767,0.00022222349070943892
2377.1825310194035,0.9923118352890015,0.0002306003007106483
2377.2029627920347,0.9923357963562012,0.00023060862440615892
2377.2233945648986,0.992923378944397,0.00023073572083376348
2377.243826337988,0.9936928153038025,0.00023067712027113885
2377.2642582113185,0.9938247203826904,0.0002307218237547204
2377.284689884764,0.9944060444831848,0.0002307712857145816
2377.3051217585526,0.994717538356781,0.00023067467554938048
2377.3255535324643,0.9942374229431152,0.00023068254813551903
2377.3459852067244,0.9938488602638245,0.00023061622050590813
2377.3664170810953,0.9932425022125244,0.00023030070587992668
2377.386848855822,0.9919013977050781,0.00023017099010758102
2377.407280530664,0.9913923144340515,0.00022987485863268375
2377.4277124057335,0.991228461265564,0.00022972823353484273
2377.4685759565764,0.9891296029090881,0.0002289781259605661
2377.489007732467,0.9889591932296753,0.00022852832626085728
2377.5094394082407,0.9890776872634888,0.00022817451099399477
2377.5298712844815,0.9893273711204529,0.0002274424332426861
2377.550303060947,0.9899276494979858,0.00022708420874550939
2377.5911666144675,0.9917929768562317,0.00022588337014894933
2377.611598391639,0.9939221143722534,0.00022467778762802482
2377.6320302690438,0.9947373270988464,0.00022426337818615139
2377.672893724426,0.9949761033058167,0.00023082066036295146
2377.6933256025295,0.9943966865539551,0.0002307791291968897
2377.713757280857,0.9937282800674438,0.00023072811018209904
2377.734189059309,0.9939143657684326,0.00023058730585034937
2377.7546209381107,0.9923886060714722,0.0002303488872712478
2377.775052717021,0.9918976426124573,0.00023006634728517383
2377.795484496288,0.9914001226425171,0.00022974640887696296
2377.815916275671,0.9908402562141418,0.00022953709412831813
2377.8363480553962,0.989653468132019,0.00022902828641235828
2377.856779835245,0.9893805384635925,0.0002287817042088136
2377.877211615327,0.9890474081039429,0.00022811043891124427
2377.9180752762986,0.9899246096611023,0.0002302118082297966
2377.9385069571945,0.9896238446235657,0.00023028289433568716
2377.958938838201,0.9904338121414185,0.00023029555450193584
2377.979370619447,0.9910920858383179,0.00023049215087667108
2377.999802300925,0.9923296570777893,0.0002305955276824534
2378.020234182746,0.9930236339569092,0.000230795907555148
2378.0406659646906,0.9937018752098083,0.00023087272711563855
2378.061097646867,0.9943602085113525,0.00023078259255271405
2378.081529529387,0.9949987530708313,0.00023083618725650012
2378.101961212029,0.9940102100372314,0.00023069206508807838
2378.1223930949054,1.0133056640625,0.00023212992527987808
2378.142824878123,0.9928876757621765,0.00023035002232063562
2378.1632565614636,0.9917954802513123,0.00023010396398603916
2378.1836884450386,0.9915610551834106,0.00022974851890467107
2378.2041202288383,0.9902809858322144,0.00022946897661313415
2378.224551912994,0.9898420572280884,0.0002289872063556686
2378.244983797267,0.9890803694725037,0.00022846725187264383
2378.2654155817654,0.9895618557929993,0.0002280227781739086
2378.285847466621,0.9905319809913635,0.00022733774676453322
2378.3062791515913,0.9913257956504822,0.00022674218052998185
2378.3267109369044,0.9934818148612976,0.00022550341964233667
2378.347142822342,0.9940659403800964,0.00022507086396217346
2378.367574508011,0.994830310344696,0.0002235176070826128
2378.4084381801586,0.9943092465400696,0.0002307888789800927
2378.4288698666423,0.9948738217353821,0.00023083123960532248
2378.449301753237,0.9940887689590454,0.0002307684626430273
2378.469733540187,0.9933127164840698,0.00023041314852889627
2378.4901653272536,0.9924983978271484,0.0002302473149029538
2378.5105971146622,0.9919325709342957,0.0002299663028679788
2378.5310289021945,0.9910562634468079,0.00022961098875384778
2378.551460690069,0.990093469619751,0.000229121811571531
2378.571892478183,0.9901525974273682,0.00022882652410771698
2378.5923242665303,0.9897188544273376,0.00022809949587099254
2378.6127561549874,0.9896597266197205,0.00022769876522943377
2378.653619632845,0.9939440488815308,0.00023052384494803846
2378.674051522117,0.9924230575561523,0.00023021033848635852
2378.6944833116286,0.9922807216644287,0.0002298221515957266
2378.714915001372,0.991032063961029,0.00022940807684790343
2378.7353468913425,0.9901354312896729,0.00022903016360942274
2378.7557785815516,0.9903194308280945,0.00022844664636068046
2378.776210471995,0.990572452545166,0.00022803402680438012
2378.796642262663,0.9903125166893005,0.0002273378922836855
2378.817073953687,0.9921777844429016,0.00022660936519969255
2378.837505844829,0.9935888648033142,0.00022573531896341592
2378.857937636196,0.9948867559432983,0.0002244520583190024
2378.8988012197588,0.9956947565078735,0.00023093500931281596
2378.9192330119404,0.9953471422195435,0.00023089272144716233
2378.9396649042465,0.9951189160346985,0.00023068040900398046
2378.9600965969003,0.9946332573890686,0.00023064458218868822
2378.9805283897804,0.9929632544517517,0.00023033420438878238
2379.000960282785,0.9924854636192322,0.00023013903410173953
2379.0213919761372,0.9920464158058167,0.0002297490427736193
2379.041823769716,0.9910575747489929,0.0002294444857398048
2379.0622556635353,0.9905391931533813,0.00022883932979311794
2379.082687357586,0.9900835156440735,0.0002281907800352201
2379.1031192519804,0.9907892346382141,0.0002275386796100065
2379.1439828412476,0.9942638278007507,0.00023083847190719098
2379.1644146363396,0.9941489696502686,0.0002307714894413948
2379.1848464315553,0.994150698184967,0.00023081546532921493
2379.2052782271203,0.995175302028656,0.000230957186431624
2379.225710022911,0.9952023029327393,0.00023090401373337954
2379.246141818825,0.9958581328392029,0.00023078537196852267
2379.266573715082,0.9953719973564148,0.00023089020396582782
2379.287005511578,0.9959790706634521,0.00023101322585716844
2379.3074372083065,0.9950956702232361,0.00023074517957866192
2379.327869105269,0.9944735169410706,0.00023074867203831673
2379.348300902573,0.9942971467971802,0.0002305833768332377
2379.3687326,0.9935185313224792,0.0002303897199453786
2379.3891644977703,0.9929685592651367,0.00023020579828880727
2379.4095962956635,0.9921076893806458,0.00022982218069955707
2379.4300279939052,0.9914621710777283,0.00022973217710386962
2379.4504598923813,0.9918577671051025,0.00022936427558306605
2379.4708915910815,0.9913014769554138,0.00022900117619428784
2379.491323490023,0.9905726909637451,0.0002285960508743301
2379.5117552891898,0.9904869198799133,0.00022820182493887842
2379.5321869885956,0.990962564945221,0.00022799613361712545
2379.552618888236,0.9914412498474121,0.0002271744015160948
2379.5730506882246,0.9918878674507141,0.00022691792401019484
2379.5934823883217,0.9943002462387085,0.00022588137653656304
2379.634346089457,0.9958747029304504,0.0002307705144630745
2379.6547779903776,0.995710551738739,0.00023067359870765358
2379.6752096915297,0.9939815998077393,0.00023049612354952842
2379.695641492908,0.9933912754058838,0.00023035323829390109
2379.7160733945275,0.9934035539627075,0.00023020946537144482
2379.7365050964945,0.9921723008155823,0.00022994641039986163
2379.7569368985714,0.9917018413543701,0.00022955956228543073
2379.7773688010057,0.991259753704071,0.00022927815734874457
2379.797800603672,0.9906542897224426,0.0002288293035235256
2379.8182324065638,0.990839421749115,0.0002282782515976578
2379.8386642096957,0.9903483986854553,0.00022779831488151103
2379.879527816767,0.9965723752975464,0.00023096551012713462
2379.8999596205977,0.9963005185127258,0.00023091571347322315
2379.9203914247773,0.9958459734916687,0.00023079717357177287
2379.9408233291833,0.9945327043533325,0.0002304431691300124
2379.961255033828,0.9939560890197754,0.00023039229563437402
2379.9816869386996,0.9931413531303406,0.0002301948406966403
2380.0021187438106,0.9926770329475403,0.00022982149675954133
2380.02255044927,0.9916292428970337,0.0002293974976055324
2380.0429823548475,0.9914600253105164,0.00022925050870981067
2380.063414160766,0.9908455610275269,0.00022872464614920318
2380.083845866924,0.9911383390426636,0.00022825760242994875
2380.124709479933,0.9960218071937561,0.00023074858472682536
2380.145141386791,0.9943752288818359,0.00023054394114296883
2380.1655731939973,0.9937845468521118,0.00023029741714708507
2380.1860049014285,0.9935973882675171,0.00023014120233710855
2380.2064368091014,0.9927778244018555,0.0002298291801707819
2380.226868616999,0.9922279119491577,0.00022951039136387408
2380.247300325136,0.9918330907821655,0.00022916086891200393
2380.2677322335076,0.9908730387687683,0.00022893978166393936
2380.2881640422274,0.991385281085968,0.00022820962476544082
2380.308595951057,0.9911477565765381,0.00022778738639317453
2380.329027660242,0.9925088882446289,0.00022695978987030685
2380.3698913794215,0.9964876770973206,0.0002309931005584076
2380.3903230893047,0.996614933013916,0.00023099395912140608
2380.410754899538,0.9961862564086914,0.00023088751186151057
2380.4311868099976,0.9957398772239685,0.0002308133407495916
2380.451618520696,0.9948421120643616,0.00023060933745000511
2380.472050431621,0.99446702003479,0.00023038049403112382
2380.4924822427856,0.9937889575958252,0.000230178062338382
2380.5129140542995,0.9928416013717651,0.0002298176259500906
2380.533345866039,0.9918397665023804,0.00022940905182622373
2380.5537776780184,0.9912979602813721,0.00022891002299729735
2380.5742094902307,0.9908575415611267,0.00022830732632428408
2380.615073115463,0.9959447979927063,0.00023094404605217278
2380.6355050283746,0.9960896968841553,0.00023095525102689862
2380.6559368416274,0.99629807472229,0.0002308540715603158
2380.676368555236,0.9946753978729248,0.00023052697360981256
2380.6968004689625,0.9938589930534363,0.0002303326764376834
2380.7172322829138,0.9931348562240601,0.0002298196777701378
2380.737663997221,0.9927973747253418,0.00022957402688916773
2380.758095911762,0.9913411140441895,0.00022901807096786797
2380.778527626644,0.991088330745697,0.00022870826069265604
2380.798959541651,0.9911460280418396,0.00022783460735809058
2380.8193913570067,0.9924629330635071,0.00022746431932318956
2380.8602549882926,0.9959068298339844,0.00023086609144229442
2380.880686804463,0.9953111410140991,0.0002306286187376827
2380.901118520742,0.9941083788871765,0.00023040076484903693
2380.9215504373788,0.9933920502662659,0.00023023322864901274
2380.9419822542477,0.9928024411201477,0.0002298366598552093
2380.962414171343,0.9915585517883301,0.000229551806114614
2380.9828458887932,0.9910574555397034,0.00022898132738191634
2381.0032777063607,0.9909613728523254,0.00022837879077997059
2381.023709624271,0.9921387434005737,0.00022775173420086503
2381.0441413424196,0.9929006099700928,0.00022717031242791563
2381.0645731609184,0.9951488375663757,0.00022618655930273235
2381.1054368984915,0.9931280612945557,0.00022994447499513626
2381.1258687176887,0.9924131035804749,0.0002297123137395829
2381.1463005371115,0.9916853904724121,0.00022918754257261753
2381.166732356891,0.9911425709724426,0.00022889806132297963
2381.1871641768957,0.9914970993995667,0.00022808615176472813
2381.2075959971407,0.9916868805885315,0.0002278313331771642
2381.2280278176186,0.994065523147583,0.0002266899828100577
2381.2484596384456,0.9943025708198547,0.0002262648195028305
2381.268891459382,0.9961240887641907,0.00022493269352708012
2381.2893233807918,0.9968542456626892,0.00022419712331611663
2381.30975520231,0.994773805141449,0.00022222308325581253
2381.350618846176,0.9964478611946106,0.00023099991085473448
2381.3710506685093,0.996449887752533,0.0002309691917616874
2381.391482391198,0.9959301948547363,0.00023088361194822937
2381.411914314005,0.9947474598884583,0.00023056811187416315
2381.432346137153,0.9936228394508362,0.00023026837152428925
