time,flux,flux_err
1977.3645540183206,1.009990930557251,0.0016012571286410093
1977.3849862725547,1.00717294216156,0.0016010738909244537
1977.4054185263303,1.0046194791793823,0.0016009205719456077
1977.4258507796403,1.0062665939331055,0.0016008105594664812
1977.4462831324781,1.0090121030807495,0.0016017335001379251
1977.466715284856,1.0046522617340088,0.0016012376872822642
1977.4871476367698,1.0063084363937378,0.0016008103266358376
1977.5075798886755,1.0020620822906494,0.0015993239358067513
1977.5280120396565,1.0018223524093628,0.0016000235918909311
1977.5484443901732,1.0018452405929565,0.0016001374460756779
1977.5688766402163,0.9997797608375549,0.0015996642177924514
1977.5893087898003,0.9965671300888062,0.0015993957640603185
1977.60974113892,0.9960837960243225,0.001598879462108016
1977.6301733875662,1.0035381317138672,0.001600111136212945
1977.6506055357531,0.9942710399627686,0.001599108218215406
1977.671037883476,0.9946197271347046,0.0015992586268112063
1977.691470130725,0.997340202331543,0.0015993161359801888
1977.711902277515,0.9989792108535767,0.0015991813270375133
1977.7323346238409,0.9946447610855103,0.0015982926124706864
1977.7527668701587,0.9947817325592041,0.0015987502411007881
1977.7731990155517,0.9971758723258972,0.0015991366235539317
1977.7936313604805,0.9955773949623108,0.0015990339452400804
1977.8140636049357,0.9946789145469666,0.0015987165970727801
1977.8344958489324,0.9943181872367859,0.0015989704988896847
1977.8549280924635,0.9970648884773254,0.001599291805177927
1977.8753603359874,0.9932517409324646,0.0015988736413419247
1977.8957925785871,0.9947317838668823,0.0015991759719327092
1977.9162248207213,0.9945691227912903,0.0015993369743227959
1977.9366570623824,0.9922897219657898,0.0015988268423825502
1977.9570894040517,0.9907023310661316,0.001597663969732821
1977.977521544788,0.9916685819625854,0.0015980254393070936
1977.9979537850522,0.9923031330108643,0.001598068163730204
1978.0183861248588,0.9933993816375732,0.0015974335838109255
1978.0388182646639,0.985776424407959,0.0015963183250278234
1978.059250503531,0.9880796670913696,0.001596509013324976
1978.0796828424063,0.987097978591919,0.0015972816618159413
1978.1001149803487,0.9838982224464417,0.0015961951576173306
1978.120547217819,0.9850717782974243,0.0015963301993906498
1978.1409795552972,0.984776496887207,0.0015962094767019153
1978.1614116918427,0.9831043481826782,0.0015955629060044885
1978.1818439283816,0.9779232740402222,0.0015943858306854963
1978.2022762639972,0.9790400266647339,0.001593283494003117
1978.2227083996113,0.9747216701507568,0.0015933910617604852
1978.2431407342883,0.9735649228096008,0.0015929335495457053
1978.2635729689719,0.9712902903556824,0.0015924426261335611
1978.2840052027168,0.9693092107772827,0.0015909975627437234
1978.304437436469,0.9730035066604614,0.001591435051523149
1978.32486966929,0.9674234986305237,0.0015900478465482593
1978.3453019021108,0.9658100008964539,0.0015898706624284387
1978.3861663658827,0.9683641791343689,0.0015852523501962423
1978.570056430981,1.0095566511154175,0.0016032304847612977
1978.590488558213,1.0092569589614868,0.0016033599385991693
1978.610920884974,1.0079176425933838,0.0016033166320994496
1978.6313531112755,1.0096293687820435,0.001603336539119482
1978.651785437105,1.0082321166992188,0.0016032728599384427
1978.6722175624745,1.0141757726669312,0.0016036401502788067
1978.6926497873792,1.0117970705032349,0.001603651442565024
1978.7130821118117,1.0081498622894287,0.0016033754218369722
1978.7335142357842,1.0088741779327393,0.0016033395659178495
1978.753946459292,1.0129879713058472,0.0016036472516134381
1978.7743787823274,1.0136573314666748,0.0016044197836890817
1978.7948110049037,1.0139325857162476,0.001603815471753478
1978.8152431274793,1.0167243480682373,0.0016042225761339068
1978.8356754491178,1.0166486501693726,0.0016045511001721025
1978.8561076702972,1.0166653394699097,0.001603300217539072
1978.8765397910101,1.017109990119934,0.0016036361921578646
1978.9174043314997,1.017080545425415,0.0016038911417126656
1978.9378364508157,1.0171575546264648,0.0016041217604652047
1978.9582687701259,1.0178887844085693,0.001603888813406229
1978.9787009885113,1.0209583044052124,0.0016041048802435398
1978.999133106896,1.015404462814331,0.0016035737935453653
1979.0195654243435,1.0138695240020752,0.0016034090658649802
1979.0604297583195,1.018674373626709,0.0016034329310059547
1979.0808620748357,1.0185240507125854,0.0016034464351832867
1979.1012942908928,1.0175138711929321,0.0016037046443670988
1979.1217266060194,1.0180846452713013,0.0016034068539738655
1979.142158721137,1.019059419631958,0.0016035429434850812
1979.1625909357972,1.0163676738739014,0.0016036455053836107
1979.1830231499916,1.0171597003936768,0.0016036395682021976
1979.2034553632475,1.0173789262771606,0.0016034150030463934
1979.2238875765106,1.018259882926941,0.0016037493478506804
1979.244319789308,1.0204979181289673,0.001604237244464457
1979.2647520016326,1.019026517868042,0.001604035496711731
1979.2851842134987,1.018325924873352,0.0016038438770920038
1979.3056164248992,1.0195504426956177,0.0016042540082708001
1979.3260486358267,1.0170848369598389,0.0016035424778237939
1979.346480846296,1.0174169540405273,0.00160381686873734
1979.3669131563001,1.0163688659667969,0.0016036811284720898
1979.3873452662956,1.0170753002166748,0.0016036391025409102
1979.4077774753678,1.0198441743850708,0.0016037103487178683
1979.428209783975,1.0186141729354858,0.0016036657616496086
1979.4486418921078,1.0203438997268677,0.0016039778711274266
1979.4690741002487,1.0198653936386108,0.0016036940505728126
1979.4895064074517,1.015797734260559,0.0016036533052101731
1979.5099385141948,1.0150245428085327,0.001603069482371211
1979.5303707209387,1.013942003250122,0.0016031032428145409
1979.550803026752,1.020039439201355,0.0016036907909438014
1979.5712351325565,1.0163737535476685,0.001603420590981841
1979.5916674374384,1.018226146697998,0.0016036269953474402
1979.6120996423124,1.0172442197799683,0.0016035732114687562
1979.632531846728,1.0201584100723267,0.0016036740271374583
1979.6529640502122,1.0188686847686768,0.0016036108136177063
1979.6733962536964,1.0175164937973022,0.0016037359600886703
1979.6938284567077,1.0158894062042236,0.001603542361408472
1979.7142606592606,1.0158096551895142,0.0016033635474741459
1979.7346928613406,1.0174448490142822,0.0016035259468480945
1979.775557264118,1.017570972442627,0.0016039652982726693
1979.7959894648084,1.0173313617706299,0.0016034748405218124
1979.8164216650257,1.0193806886672974,0.0016041889321058989
1979.8368539647854,1.0187110900878906,0.0016037046443670988
1979.8572860640706,1.0178805589675903,0.0016034655272960663
1979.8777182628983,1.0150718688964844,0.0016035904409363866
1979.8981504612602,1.0157737731933594,0.0016050963895395398
1979.9185826596222,1.0177345275878906,0.0016051649581640959
1979.9390148570455,1.0130615234375,0.0016045846277847886
1979.9594470544762,1.0156376361846924,0.00160484598018229
1979.9798792509682,1.0158483982086182,0.0016046699602156878
1980.0003114474675,1.015341877937317,0.0016047416720539331
1980.0207436430355,1.013852834701538,0.001604737131856382
1980.0411758386035,1.011398434638977,0.0016044974327087402
1980.0616081332337,1.0132246017456055,0.0016050746198743582
1980.0820402278696,1.0100902318954468,0.0016042430652305484
1980.1024724220333,1.012572169303894,0.0016040544724091887
1980.1229047157394,1.0112764835357666,0.0016043573850765824
1980.1433368089783,1.0126749277114868,0.0016044838121160865
1980.1637690012867,1.0124355554580688,0.0016044810181483626
1980.1842012935886,1.0128225088119507,0.0016045445809140801
1980.2046334854313,1.0150432586669922,0.0016047770623117685
1980.225065577266,1.0120428800582886,0.0016045846277847886
1980.245497868178,1.0097298622131348,0.0016039824113249779
1980.2659300586238,1.0080416202545166,0.0016035286244004965
1980.286362148603,1.0079424381256104,0.0016034487634897232
1980.306794438111,1.0110297203063965,0.001603779848664999
1980.3272266276254,1.006932020187378,0.0016036300221458077
1980.3476587162004,1.0036572217941284,0.0016030597034841776
1980.3680910047842,1.0058807134628296,0.001603296841494739
1980.388523192436,1.0059137344360352,0.0016027647070586681
1980.408955280087,1.0063687562942505,0.0016035117441788316
1980.4293875668009,1.0069348812103271,0.0016032197745516896
1980.4498197535213,1.0028631687164307,0.001602860982529819
1980.4702519397688,1.0044834613800049,0.001602663891389966
1980.490684125558,1.005123257637024,0.0016029118560254574
1980.5111163108813,1.0047122240066528,0.001602960517629981
1980.5315485957326,1.0007257461547852,0.0016023506177589297
1980.551980680124,1.0036369562149048,0.001602683449164033
1980.5724128640504,1.002348780632019,0.0016025385120883584
1980.5928451475047,1.0005416870117188,0.0016023787902668118
1980.613277230499,1.003661036491394,0.001602550270035863
1980.6337094130286,1.0039523839950562,0.0016018884489312768
1980.6541416950859,0.9998375773429871,0.0016018704045563936
1980.674573777149,1.0057796239852905,0.0016026985831558704
1980.6950059582814,1.0026137828826904,0.0016025893855839968
1980.7154382394074,0.9991303086280823,0.0016022317577153444
1980.7358703196078,1.0071983337402344,0.001602395554073155
1980.756302499809,1.0026460886001587,0.001602116390131414
1980.776734779538,1.0040243864059448,0.0016012281412258744
1980.7971668583414,0.9996101260185242,0.0016009677201509476
1980.8175990371456,0.9973077774047852,0.0016002999618649483
1980.8380313154776,1.0012820959091187,0.0016000737668946385
1980.8584633933497,1.0008702278137207,0.0016002928605303168
1980.8788955707569,1.0031218528747559,0.0016001573530957103
1980.899327847692,1.0004119873046875,0.0015990817919373512
1980.919759924167,0.9979396462440491,0.0015986986691132188
1980.9401921001772,0.9993800520896912,0.0015989260282367468
1980.960624376181,1.0029876232147217,0.0015989190433174372
1980.981056451259,1.000869631767273,0.0015983757330104709
1981.021920900479,1.0079302787780762,0.0016041125636547804
1981.042353074161,1.0058742761611938,0.0016038811299949884
1981.0627852478428,1.0060135126113892,0.001603469136171043
1981.0832174210518,1.0044128894805908,0.0016034115105867386
1981.1036495933367,1.0066393613815308,0.0016032663406804204
1981.1240817656217,1.0044684410095215,0.0016032076673582196
1981.1445139374337,1.0014137029647827,0.001602857024408877
1981.1649461087873,1.0022497177124023,0.001602943753823638
1981.1853783796687,1.0047025680541992,0.0016030273400247097
1981.2058104500902,1.0004491806030273,0.0016023976495489478
1981.2262426200468,1.0000691413879395,0.0016026492230594158
1981.2466748900042,1.0021172761917114,0.001602375996299088
1981.2671069590215,0.999847948551178,0.0016016487497836351
1981.287539127581,0.9963937997817993,0.0016009685350582004
1981.3079713961342,1.0009984970092773,0.0016010224353522062
1981.3284034637618,0.9977049827575684,0.0016005943762138486
1981.34883563139,1.0004584789276123,0.0016008485108613968
1981.3692678985535,0.9984689354896545,0.0016004748176783323
1981.3896999647768,1.000037670135498,0.0016006510704755783
1981.4101321310081,1.0008314847946167,0.0016002191696316004
1981.4305642967738,0.9985164403915405,0.0015997597947716713
1981.4509964620665,1.00003981590271,0.0015994778368622065
1981.4714287269016,1.0007045269012451,0.0015986997168511152
1981.512292955631,0.99195396900177,0.0015993614215403795
1981.5940217075113,0.99195396900177,0.00159979157615453
1981.6144538690787,0.9940149188041687,0.0016006961232051253
1981.6348859306527,0.9930742979049683,0.0016004331409931183
1981.6553181917625,0.9924793243408203,0.0016003433847799897
1981.6757503523986,0.9923141002655029,0.0016004268545657396
1981.6961824125756,0.9938774108886719,0.0016002615448087454
1981.7166146722884,0.993054986000061,0.001600892748683691
1981.7370468315276,0.9960944056510925,0.001600731397047639
1981.7574788903075,0.9943288564682007,0.0016008286038413644
1981.7779111486234,0.9951235055923462,0.001600921736098826
1981.7983433069312,0.9984306693077087,0.0016013933345675468
1981.8187753643142,0.9976646900177002,0.0016013927524909377
1981.8392076216987,0.9972724318504333,0.001600801944732666
1981.859639778144,0.995190441608429,0.0016012749401852489
1981.8800719345963,0.9973974227905273,0.0016008607344701886
1981.9005040905831,0.9981353878974915,0.0016012872802093625
1981.9209362456313,1.00209379196167,0.0016013727290555835
1981.9413685006875,1.0033944845199585,0.001601742347702384
1981.9618005552766,1.0058529376983643,0.0016034323489293456
1981.9822327093934,1.0048043727874756,0.0016018807655200362
1982.0026649635183,1.0066123008728027,0.0016021804185584188
1982.0230971167111,1.0074702501296997,0.0016029031248763204
1982.0435291694303,1.0074102878570557,0.0016028363024815917
1982.0639614221582,1.0066784620285034,0.0016030429396778345
1982.084393573954,1.0092939138412476,0.0016036431770771742
1982.1048256257418,1.0079721212387085,0.001603708602488041
1982.125257876607,1.008516550064087,0.0016038751928135753
1982.1456899274708,1.0103062391281128,0.0016038456233218312
1982.1661220778624,1.010961651802063,0.0016042900970205665
1982.1865543277963,1.0080599784851074,0.0016032805433496833
1982.206986377263,1.0107084512710571,0.0016038621542975307
1982.2274185262577,1.0131454467773438,0.0016039797337725759
1982.2478507747946,1.0142744779586792,0.0016044387593865395
1982.26828282333,1.0133644342422485,0.001604451215825975
1982.2887149709277,1.0140796899795532,0.001605125260539353
1982.3091472185333,1.0136116743087769,0.0016051935963332653
1982.3295792652061,1.0107876062393188,0.001604718156158924
1982.3500114118724,1.0150129795074463,0.0016050562262535095
1982.370443658081,1.0148869752883911,0.001605082186870277
1982.3908758038233,1.014230728149414,0.0016058076871559024
1982.4113079490926,1.0126599073410034,0.0016057210741564631
1982.4317400939035,1.0147243738174438,0.0016054381849244237
1982.4521722382487,1.0130088329315186,0.0016056416789069772
1982.472604382121,1.0123800039291382,0.0016055781161412597
1982.493036525535,1.0145859718322754,0.0016053208382800221
1982.513468668949,1.0174825191497803,0.0016060927882790565
1982.533900911425,1.0133994817733765,0.0016048445831984282
1982.5543329539069,1.010266661643982,0.0016049304977059364
1982.5747650959238,1.013049602508545,0.0016051431884989142
1982.5951973374686,1.0136611461639404,0.0016052514547482133
1982.6156293785534,1.0100271701812744,0.001604439690709114
1982.6360615191734,1.011123538017273,0.0016048600664362311
1982.6564937593212,1.0117301940917969,0.0016054875450208783
1982.676925799009,1.0118024349212646,0.0016049565747380257
1982.697357938232,1.0116939544677734,0.0016050689155235887
1982.7177901774485,1.0132015943527222,0.001605322351679206
1982.7382222157394,1.011399269104004,0.0016051472630351782
1982.758654354031,1.0154261589050293,0.0016059557674452662
1982.7790865913848,1.014662742614746,0.0016055468004196882
1982.7995186287444,1.0112297534942627,0.0016056593740358949
1982.819950765639,1.0078388452529907,0.0016051093116402626
1982.8403830020616,1.0089651346206665,0.0016052701976150274
1982.860815138025,1.0117576122283936,0.0016056913882493973
1982.8812472735153,1.0126280784606934,0.0016058717155829072
1982.901679409013,1.0060778856277466,0.0016047670505940914
1982.9221114435786,1.005706787109375,0.0016054089646786451
1982.9425436781457,1.0066605806350708,0.0016045388765633106
1982.9834078454078,1.0052114725112915,0.0016045540105551481
1983.0038400785706,1.0031574964523315,0.0016040605260059237
1983.0242722112744,1.001151204109192,0.0016041257185861468
1983.0447042435117,1.0034587383270264,0.0016040678601711988
1983.0651364752848,0.99905925989151,0.0016035159351304173
1983.0855686065843,0.9999619722366333,0.0016035739099606872
1983.1060006378902,0.9980185031890869,0.0016034884611144662
1983.1264328682591,0.9963610768318176,0.001602814649231732
1983.1468649986346,1.0019495487213135,0.001603199983946979
1983.1672970280779,0.9982867240905762,0.0016027468955144286
1983.1877292575227,0.9958771467208862,0.00160263292491436
1983.2081613864939,0.9960671067237854,0.0016022806521505117
1983.2285935150067,1.000314712524414,0.0016018899623304605
1983.2490256430465,0.9978228211402893,0.0016017801826819777
1983.269457770628,0.9977669715881348,0.0016014764551073313
1983.2898898977437,0.9966292977333069,0.0016006885562092066
1983.3103220248595,0.996313750743866,0.0016008593374863267
1983.3307541510367,0.9982518553733826,0.001601046184077859
1983.351186377222,0.9978880286216736,0.0016006181249395013
1983.3716185029334,0.997630774974823,0.0016005422221496701
1983.3920505281858,1.000306487083435,0.0015996430302038789
1983.412482752974,1.0052011013031006,0.0015994063578546047
1983.4329148772886,1.0021981000900269,0.001599213806912303
1983.4737791245352,1.002777338027954,0.00160239078104496
1983.4942112479184,1.003510594367981,0.0016029397957026958
1983.5146432703768,1.0040405988693237,0.0016042677452787757
1983.5350754928368,1.0076266527175903,0.0016043806681409478
1983.555507614823,1.005468487739563,0.0016044857911765575
1983.57593963635,1.0089842081069946,0.001604812336154282
1983.596371857413,1.012817144393921,0.0016043545911088586
1983.6168039780023,1.011121392250061,0.0016039533074945211
1983.6372359981324,1.0121839046478271,0.00160412082914263
1983.6576682177983,1.0093135833740234,0.0016040217597037554
1983.6781002374628,1.0095369815826416,0.0016040472546592355
1983.6985324561902,1.011230707168579,0.0016048875404521823
1983.718964574924,1.012324571609497,0.001604963676072657
1983.7393965931842,1.0122805833816528,0.0016052484279498458
1983.7598287109868,1.0139923095703125,0.0016057828906923532
1983.7802609283244,1.0111587047576904,0.0016051552956923842
1983.8006930451884,1.0112053155899048,0.0016047180397436023
1983.821125161594,1.0123928785324097,0.0016055803280323744
1983.8415572779995,1.0105921030044556,0.0016053611179813743
1983.8619893934665,1.0097222328186035,0.001605403725989163
1983.8824216089415,1.00413179397583,0.0016046041855588555
1983.9028536234837,1.0038244724273682,0.001604671124368906
1983.9232857380193,1.0026520490646362,0.0016041194321587682
1983.9437179520974,1.0032356977462769,0.001604548655450344
1983.9641499657082,1.0007439851760864,0.0016034969594329596
1983.9845820793125,0.9976998567581177,0.0016036657616496086
1984.0050142919936,0.9960338473320007,0.0016030805418267846
1984.025446304673,0.9982394576072693,0.0016027147648856044
1984.0458784164148,0.9962580800056458,0.0016024283831939101
1984.0663106281645,0.994989275932312,0.0016016656300053
1984.086742639447,0.9963592290878296,0.0016016929876059294
1984.1071747502574,0.9977267384529114,0.0016013894928619266
1984.1276069606101,0.9971655607223511,0.0016014089342206717
1984.1480389704957,0.9964135885238647,0.0016011137049645185
1984.168471079909,0.9981205463409424,0.0016008565435186028
1984.1889032893305,1.000687837600708,0.001600986230187118
1984.2093353978125,0.9982227087020874,0.0016001295298337936
1984.229767406301,0.9955487847328186,0.0015996285947039723
1984.2501996143255,0.9990678429603577,0.0015996505971997976
1984.2706317218835,0.9985135793685913,0.001599066541530192
1984.2910638289686,0.9984010457992554,0.0015984976198524237
1984.3114959355953,1.0005292892456055,0.001597353257238865
1984.3319280422147,1.0014811754226685,0.0015965689672157168
1984.3523602479108,1.0033557415008545,0.0015958866570144892
1984.3727922536054,1.0058199167251587,0.0015952960820868611
1984.3932242588344,1.0017800331115723,0.0015938547439873219
1984.413656463592,1.0049726963043213,0.0015924955951049924
1984.4545205717222,1.0066967010498047,0.0016042274655774236
1984.4749527750828,1.0071996450424194,0.0016035393346101046
1984.4953848779842,1.011000394821167,0.0016041900962591171
1984.5158168808848,1.0089244842529297,0.0016049561090767384
1984.536249083314,1.0099799633026123,0.001605248311534524
1984.5566811848184,1.00959050655365,0.001605532132089138
1984.577113186322,1.0081148147583008,0.0016048033721745014
1984.5975453873543,1.0078258514404297,0.0016047980170696974
1984.617977488393,1.0015171766281128,0.0016041682101786137
1984.6384095885005,0.9980121850967407,0.0016036649467423558
1984.658841688135,0.9955111145973206,0.0016032541170716286
1984.6792737877768,1.0003507137298584,0.001603815471753478
1984.6997058869456,0.9967260360717773,0.001602653181180358
1984.7201380856568,0.9981930255889893,0.0016022142954170704
1984.7405700839008,0.9979448318481445,0.0016014139400795102
1984.7610022816734,0.9982539415359497,0.0016004698118194938
1984.781434378987,0.9995121359825134,0.0015996318543329835
1984.801866375834,1.0000556707382202,0.001599072478711605
1984.8222985726752,1.0025922060012817,0.0015978666488081217
1984.8427306690573,1.0018571615219116,0.0015978059964254498
1984.8631626645074,1.0005855560302734,0.0015962444012984633
1984.8835948599517,1.0017131567001343,0.0015952789690345526
1984.9040269554025,1.0042668581008911,0.0015943895559757948
1984.9653232380224,1.0012246370315552,0.0016031900886446238
1984.9857552311441,1.0085700750350952,0.0016040108166635036
1985.0061874242601,1.0025742053985596,0.0016035347944125533
1985.026619516917,1.004861831665039,0.0016039680922403932
1985.0470516091082,1.0037915706634521,0.001604350283741951
1985.0674837008264,1.0094422101974487,0.0016049082623794675
1985.087915792552,1.0114578008651733,0.0016052010469138622
1985.1083478833461,1.0104044675827026,0.001605110359378159
1985.128779974133,1.00786554813385,0.0016059480840340257
1985.1492120644616,1.0102983713150024,0.00160559406504035
1985.1696440543237,1.0073740482330322,0.001605380093678832
1985.1900762437144,1.0088741779327393,0.001605573226697743
1985.210508332646,1.0045726299285889,0.001605070661753416
1985.2309405211126,0.9989913702011108,0.0016041973140090704
1985.2513725095705,0.9995562434196472,0.0016041970811784267
1985.271804597105,0.9981751441955566,0.0016036774031817913
1985.2922367846404,0.9973783493041992,0.0016035221051424742
1985.3126687717013,0.9966843128204346,0.0016031346749514341
1985.3331008583045,0.9956936836242676,0.0016019778558984399
1985.3535330449085,0.995071530342102,0.0016014915890991688
1985.3739650305724,0.9973401427268982,0.0016014727298170328
1985.3943971162444,0.9982895255088806,0.0016005084617063403
1985.4352612857183,1.0052974224090576,0.001603553770110011
1985.4556933699932,1.0012538433074951,0.0016036091838032007
1985.4761255538033,1.0090798139572144,0.0016049068653956056
1985.4965575371389,1.0047060251235962,0.0016045678639784455
1985.5169896204825,1.0063484907150269,0.0016044930089265108
1985.5374218028956,1.0093982219696045,0.0016047897515818477
1985.5578538853006,1.0136901140213013,0.001605565077625215
1985.5782858672464,1.0093059539794922,0.0016052479622885585
1985.5987180487282,1.0108742713928223,0.0016054380685091019
1985.6191501297362,1.0116465091705322,0.0016058142064139247
1985.6395821107508,1.0087707042694092,0.0016055930173024535
1985.6600142908355,1.0058680772781372,0.0016049944097176194
1985.6804463709123,1.006425142288208,0.0016053603030741215
1985.7008785505313,1.0033048391342163,0.0016049499390646815
1985.7213105296833,1.0004174709320068,0.001604199642315507
1985.741742608363,0.9977637529373169,0.0016042834613472223
1985.762174786585,0.9995838403701782,0.0016040834598243237
1985.78260676434,0.9963914752006531,0.0016035062726587057
1985.8030388420884,0.9958603382110596,0.0016036058077588677
1985.8234710193792,0.9941234588623047,0.0016031103441491723
1985.8439029962028,0.9933395385742188,0.0016023803036659956
1985.8643350725542,0.9977967143058777,0.001602090778760612
1985.8847671484473,0.9953991174697876,0.0016013655113056302
1985.9256312992948,0.9944415092468262,0.0016018684254959226
1985.9460633737908,0.9996939301490784,0.0016026771627366543
1985.9664954482869,1.0021419525146484,0.0016035506268963218
1985.98692752231,1.0028313398361206,0.0016038775211200118
1986.0073595958747,1.0022668838500977,0.0016042129136621952
1986.0277916694395,1.0057802200317383,0.0016047025565057993
1986.0482237420656,1.008723497390747,0.0016050984850153327
1986.0686559146998,1.0108245611190796,0.0016053549479693174
1986.089087886401,1.0108262300491333,0.0016053741564974189
1986.109519958096,1.0090233087539673,0.001605328405275941
1986.129952129333,1.0076991319656372,0.0016052037244662642
1986.1503841005615,1.0041954517364502,0.001605006749741733
1986.1708162708674,1.0050524473190308,0.0016048336401581764
1986.1912483411725,1.0017595291137695,0.0016049736877903342
1986.2116803110112,1.0003516674041748,0.0016042290953919291
1986.2321124799128,0.9973339438438416,0.0016038750763982534
1986.2525445488209,0.9964656233787537,0.0016039555193856359
1986.272976517721,0.9951989650726318,0.0016043966170400381
1986.2934086856985,0.9938490986824036,0.0016035739099606872
1986.3138407536753,0.9962124228477478,0.001603282755240798
1986.33427272072,0.9967147707939148,0.0016020162729546428
1986.354704887759,0.9960474967956543,0.0016013727290555835
1986.3751369543388,0.9983891248703003,0.0016015449073165655
1986.3955690209114,0.9973295331001282,0.0016007572412490845
1986.4160010865598,0.9989141225814819,0.0015990491956472397
1986.4364331522083,1.0009708404541016,0.001598621835000813
1986.4568652169182,1.0000720024108887,0.00159720447845757
1986.4772972816354,1.0034091472625732,0.0015951120294630527
1986.497729345887,1.0027024745941162,0.0015936788404360414
1986.5181614101311,1.0035278797149658,0.0015921560116112232
1986.538593573452,0.9986591935157776,0.0015889168716967106
1986.5590255367715,0.9969745874404907,0.001586396712809801
1986.579457599153,0.994586706161499,0.001580764539539814
1986.599889661542,0.993078351020813,0.0015755603089928627
1986.6203217234652,0.9839751124382019,0.0015675767790526152
1986.661185846373,1.0029590129852295,0.0016053755534812808
1986.6816179073649,1.0079232454299927,0.0016052133869379759
1986.702050067419,1.0019668340682983,0.0016047927783802152
1986.7224820274787,0.997450053691864,0.0016041292110458016
1986.7429140870736,0.9974043369293213,0.0016044877702370286
1986.763346246662,0.9998953938484192,0.0016042990610003471
1986.7837782053248,0.996755838394165,0.0016031517880037427
1986.8042102639884,0.9948815107345581,0.0016014258144423366
1986.8246424221797,0.9984211921691895,0.001601409981958568
1986.8450743799112,0.9950068593025208,0.001601553289219737
1986.8655064371778,0.9997478723526001,0.001600314280949533
1986.9063706507732,0.9943946599960327,0.0016033696010708809
1986.926802606642,0.9908317923545837,0.001602189731784165
1986.947234762505,0.9970081448554993,0.0016019390895962715
1986.967666817909,0.9934378266334534,0.0016008743550628424
1986.9880987733122,0.9973798990249634,0.00160124315880239
1987.0085309277783,1.0000205039978027,0.0016005649231374264
1987.028962982251,1.0009740591049194,0.0015999242896214128
1987.0493949357915,0.9986689686775208,0.0015985858626663685
1987.0698270893263,1.0008269548416138,0.0015983239281922579
1987.090259142402,1.0019668340682983,0.001597945112735033
1987.110691295471,1.0012295246124268,0.0015957592986524105
1987.151555299759,1.0034948587417603,0.0016051081474870443
1987.1719874514383,1.0076923370361328,0.0016049811383709311
1987.1924194026433,1.0061156749725342,0.00160524423699826
1987.2128514533906,1.0064760446548462,0.0016047818353399634
1987.2332836036658,1.0073320865631104,0.001605731318704784
1987.2537155539467,1.0040230751037598,0.001605066703632474
1987.274147603297,1.0051579475402832,0.0016055925516411662
1987.2945797526481,1.0011212825775146,0.00160491862334311
1987.3150117019904,1.0016840696334839,0.0016053059371188283
1987.3354437504095,0.9955964088439941,0.0016045953379943967
1987.3558758983563,0.9945506453514099,0.0016037271125242114
1987.376307846309,0.9977381229400635,0.0016044290969148278
1987.3967398937966,0.9939475655555725,0.001603867276571691
1987.4171719408187,0.9920023083686829,0.001602483680471778
1987.4376039873678,0.9936623573303223,0.0016020560869947076
1987.4580360334585,0.9948452711105347,0.0016015595756471157
1987.4784681795427,0.9970012307167053,0.001600540243089199
1987.498900125167,1.0002466440200806,0.0015998140443116426
1987.5193322703271,0.9996194839477539,0.001598938601091504
1987.5397643150209,1.0011399984359741,0.0015984408091753721
1987.560196259241,1.0016897916793823,0.0015967177459970117
1987.5806284034697,1.0008236169815063,0.0015947497449815273
1987.6010604472249,1.0026899576187134,0.0015939930453896523
1987.6419245333527,1.008020043373108,0.0016057913890108466
1987.6623565757181,1.0066711902618408,0.0016057322500273585
1987.6827885176099,1.006164312362671,0.001605452736839652
1987.7032206595104,0.9980189204216003,0.0016046877717599273
1987.7236527009372,0.9953609108924866,0.001604673801921308
1987.7440847419057,0.9938547015190125,0.0016045625088736415
1987.7645167824085,0.9945228099822998,0.0016040799673646688
1987.7849488229112,0.9922391176223755,0.0016037320019677281
1987.8053808624754,0.9939760565757751,0.0016025810036808252
1987.825812902047,0.9951565861701965,0.0016027241945266724
1987.8462449411454,0.9932186007499695,0.0016018097521737218
1987.8871090184257,0.9889600872993469,0.0016025066142901778
1987.9075410561345,0.9912664890289307,0.0016022893832996488
1987.927973093836,0.9955263137817383,0.001602786942385137
1987.94840523108,0.9996375441551208,0.0016033187275752425
1987.9688371678494,1.0008751153945923,0.0016048874240368605
1987.9892693046277,1.001166820526123,0.0016046661185100675
1988.0097013404738,1.0041885375976562,0.0016055478481575847
1988.0301332763192,1.0079095363616943,0.0016055414453148842
1988.0505654116932,1.0081604719161987,0.0016057239845395088
1988.070997446608,1.0038396120071411,0.001605688827112317
1988.091429381515,1.00093674659729,0.0016052486607804894
1988.1118615154992,1.00062096118927,0.0016052968567237258
1988.132293449482,0.9973151683807373,0.001605234225280583
1988.1527254829998,0.9951916933059692,0.0016045282827690244
1988.1731576160455,0.9954557418823242,0.0016043386422097683
1988.1935895486313,0.992577850818634,0.001603470416739583
1988.2140215812105,0.9943045377731323,0.0016023449134081602
1988.2344537133322,0.9929943680763245,0.0016024146461859345
1988.2548856449866,0.999540388584137,0.0016012489795684814
1988.275317676169,1.0020742416381836,0.0016000234754756093
1988.2957498068936,1.0006359815597534,0.0015979274176061153
1988.3161818376175,1.003340244293213,0.0015968335792422295
1988.3366137678677,1.0009822845458984,0.0015948045765981078
1988.377477926988,1.0035426616668701,0.0016058837063610554
1988.3979098558411,1.0065131187438965,0.0016059173503890634
1988.4183419847031,1.0046380758285522,0.0016055721789598465
1988.4387740130987,1.0047317743301392,0.0016060571651905775
1988.4592061410222,0.9974285364151001,0.001605145982466638
1988.4796380684857,0.9940796494483948,0.0016045322408899665
1988.5000700954843,0.9925681352615356,0.0016042037168517709
1988.5205022220107,0.9953179359436035,0.0016039137262851
1988.5409341485429,0.994922399520874,0.0016025290824472904
1988.5613661746102,0.9978177547454834,0.0016020267503336072
1988.5817983002053,0.9960298538208008,0.0016008374514058232
1988.6226622504764,0.9939996004104614,0.0016027519013732672
1988.6430943751402,0.9900457859039307,0.0016026749508455396
1988.663526299344,0.9919472336769104,0.0016025969525799155
1988.6839583235487,0.9923661947250366,0.0016028309473767877
1988.7043904468155,0.992529034614563,0.0016036892775446177
1988.724822370088,1.0007965564727783,0.0016051201382651925
1988.7452543928957,0.9992366433143616,0.0016055296873673797
1988.7656865152312,1.0014832019805908,0.0016059607733041048
1988.7861185371075,1.0043283700942993,0.0016059870831668377
1988.806550458983,1.002712368965149,0.0016059469198808074
1988.8269825803873,0.9962872862815857,0.001605345169082284
1988.888278641818,0.9823796153068542,0.0016007783124223351
1988.908710561831,0.9814133048057556,0.0016009560786187649
1988.9291426813725,0.9852069020271301,0.001601695315912366
1988.9495747004548,0.9867165088653564,0.0016024926444515586
1988.9700066190708,0.985215425491333,0.0016020862385630608
1988.9904387372226,0.9872083067893982,0.0016024839133024216
1989.0108707553663,0.9916979670524597,0.001602530712261796
1989.031302673051,0.9907066226005554,0.0016028920654207468
1989.0517347902642,0.9917141199111938,0.0016031714621931314
1989.0721668070182,1.0005252361297607,0.001605295343324542
1989.0925987237715,0.999993622303009,0.0016058512264862657
1989.1130308400607,1.001365303993225,0.001605772296898067
1989.1334628558761,1.005843162536621,0.0016061653150245547
1989.1538948712332,1.0094655752182007,0.0016060200287029147
1989.1743268861173,1.0051708221435547,0.0016059271292760968
1989.1947589010088,1.0041979551315308,0.0016058457549661398
1989.2151909154345,1.0062931776046753,0.001606375677511096
1989.2356229293946,1.0030951499938965,0.001605717814527452
1989.2560549428817,0.995991587638855,0.0016054550651460886
1989.2764869563762,0.9961518049240112,0.001605283236131072
1989.2969190693984,0.9903402328491211,0.001604529214091599
1989.3582151056835,0.9882983565330505,0.0016019700560718775
1989.3786470173145,0.9822126626968384,0.0016016848385334015
1989.3990791284814,0.9866160750389099,0.001602531992830336
1989.4195111391746,0.989481508731842,0.0016024091746658087
1989.4399430494086,0.9931426644325256,0.0016030670376494527
1989.4603751596442,0.9943438172340393,0.0016031842678785324
1989.4808071689404,0.9978300333023071,0.0016047785757109523
1989.501239078243,0.9999761581420898,0.0016055861487984657
1989.5216711875473,1.0008243322372437,0.001605901401489973
1989.5421031959122,1.0033254623413086,0.0016064015217125416
1989.5625351042836,1.0060956478118896,0.0016061451751738787
1989.5829672121909,1.004676342010498,0.0016063780058175325
1989.6033992196244,1.002909779548645,0.0016062228241935372
1989.6238311265988,0.9975717663764954,0.0016054288716986775
1989.6442632335747,1.000096321105957,0.0016057364409789443
1989.6646952396113,0.9962520599365234,0.001605181023478508
1989.6851271456544,0.9920843243598938,0.0016044634394347668
1989.705559251699,0.9935193061828613,0.0016046520322561264
1989.7259912568043,0.9933604598045349,0.0016037736786529422
1989.746423161916,0.9954115152359009,0.0016031503910198808
1989.7668552665637,0.9961720108985901,0.0016015497967600822
1989.7872872707376,0.9980315566062927,0.0016003462951630354
1989.8077191744524,0.9983466863632202,0.0015984061174094677
1989.8485832814113,1.0013175010681152,0.001605264376848936
1989.8690153841962,1.002600908279419,0.0016060558846220374
1989.889447286514,1.0024833679199219,0.0016066733514890075
1989.9098792888253,1.0040831565856934,0.0016057082684710622
1989.930311390679,1.0038838386535645,0.0016069408738985658
1989.9507432920655,1.002236247062683,0.0016062128124758601
1989.9711752929798,0.996248185634613,0.001605752739124
1989.991607393902,0.9973679780960083,0.0016052622813731432
1990.0120392938916,0.9925447106361389,0.0016050484264269471
1990.0324712938746,0.9926506876945496,0.0016037364257499576
1990.0529033934,0.9925509691238403,0.0016032729763537645
1990.0733352929237,0.99480140209198,0.0016022369964048266
1990.0937672919754,0.9992341995239258,0.0016007375670596957
1990.1141993905694,1.0042176246643066,0.0015995374415069818
1990.134631388697,1.0032286643981934,0.0015982647892087698
1990.155063286351,1.0040026903152466,0.0015955190174281597
1990.1754953840136,1.0021774768829346,0.001592382206581533
1990.19592738121,0.9975905418395996,0.001588153769262135
1990.2163592779325,0.9921423196792603,0.0015810850309208035
1990.2367913741982,0.9884485006332397,0.0015701544471085072
1990.2572233704632,0.9840453863143921,0.001551857334561646
1990.2776553657895,0.980855405330658,0.0015240628272294998
1990.2980873611232,0.991112470626831,0.0014743147185072303
1990.3389513508519,0.9922665953636169,0.001604806282557547
1990.3593833452542,0.9935941100120544,0.0016048490069806576
1990.37981523919,0.9952102899551392,0.0016030877595767379
1990.4002473326545,0.9984855651855469,0.0016015567816793919
1990.4206793261255,1.0034605264663696,0.0015989408129826188
1990.44111121913,1.0047117471694946,0.0015963308978825808
1990.4615433116633,0.9998108744621277,0.0015912788221612573
1990.4819753037373,0.9926897883415222,0.0015847710892558098
1990.5024072953456,0.9886178970336914,0.0015731891617178917
1990.5228392869467,0.9846784472465515,0.001556076924316585
1990.5432712780894,0.9822998642921448,0.0015347546432167292
1990.5841352594362,0.9896427392959595,0.0016048785764724016
1990.6045672496475,0.9894483089447021,0.0016056136228144169
1990.624999239386,0.9941839575767517,0.0016033726278692484
1990.6454313286667,0.992755115032196,0.0016033707652240992
1990.6658632174804,0.9967169761657715,0.0016024227952584624
1990.6862952062947,0.9940336346626282,0.0016014408320188522
1990.706727294637,1.002476453781128,0.0015998509479686618
1990.7271591825192,1.0054218769073486,0.0015988879604265094
1990.7475912703958,1.000802755355835,0.0015972330002114177
1990.7680232573475,1.0014991760253906,0.0015958844451233745
1990.7884551442985,0.9990038275718689,0.0015915558906272054
1990.8293192172641,0.9841518402099609,0.001603038515895605
1990.8497511032838,0.9879993200302124,0.0016032557468861341
1990.870183188832,0.9919071793556213,0.001603378215804696
1990.890615173921,0.9941990971565247,0.001603941316716373
1990.9110470585438,0.9954216480255127,0.0016051289858296514
1990.9314791431607,0.9960179924964905,0.0016055569285526872
1990.9519111273185,0.9992547035217285,0.0016063122311607003
1990.9723431110106,1.000072956085205,0.0016066298121586442
1990.9927750946954,1.0011228322982788,0.0016062790527939796
1991.0132070774562,1.0010673999786377,0.001606665668077767
1991.033639060217,1.004970908164978,0.0016074117738753557
1991.0540710429705,1.0033284425735474,0.001606703968718648
1991.0745030248,1.0053248405456543,0.0016069802222773433
1991.0949349066286,1.001064419746399,0.0016065650852397084
1991.115366987986,0.9958010911941528,0.0016058653127402067
1991.135798968884,0.9948785901069641,0.001605882658623159
1991.156231049783,0.9914789199829102,0.0016055466840043664
1991.1766629297417,0.9940252304077148,0.001605898141860962
1991.1970949097085,0.9912299513816833,0.0016053096624091268
1991.2175269896761,0.9913415312767029,0.0016051719430834055
1991.2379588687036,0.9904187321662903,0.0016054930165410042
1991.258390847739,0.9913023114204407,0.0016058208420872688
1991.2788229263097,0.9913514852523804,0.0016045274678617716
1991.31968678251,0.9855475425720215,0.0016034706495702267
1991.3401188601492,0.9859133958816528,0.0016035614535212517
1991.360550737314,0.9867504239082336,0.0016029677353799343
1991.3809827140212,0.9870683550834656,0.0016030871775001287
1991.4014147907292,0.9881085753440857,0.001603336539119482
1991.4218466669627,0.9890941381454468,0.001603691023774445
1991.4422786427385,0.9925748705863953,0.0016041481867432594
1991.4627107182823,0.9928454756736755,0.0016041334019973874
1991.4831426933524,0.995460033416748,0.0016048566903918982
1991.5035745681962,0.9979016780853271,0.0016060094349086285
1991.5240066425758,1.0006496906280518,0.0016067373799160123
1991.5444386167146,1.0031771659851074,0.0016070634592324495
1991.564870490627,1.0004020929336548,0.0016070546116679907
1991.5853025640754,1.0030651092529297,0.0016073011793196201
1991.60573453705,1.0044031143188477,0.0016074839513748884
1991.6261666097998,1.0068001747131348,0.0016077673062682152
1991.6465984823153,1.0021424293518066,0.0016068874392658472
1991.6670304543586,1.00238835811615,0.0016067852266132832
1991.6874625261771,0.998725950717926,0.0016066497191786766
1991.7078943975284,0.995336651802063,0.0016062661306932569
1991.7283263686404,0.9931383728981018,0.0016058726469054818
1991.748758339294,0.9905058741569519,0.0016056634485721588
1991.7691903097148,0.9871593117713928,0.0016050098929554224
1991.7896222796626,0.9878705739974976,0.001604846096597612
1991.8100542493848,0.9907329678535461,0.0016044112853705883
1991.8304862188743,0.9901863932609558,0.0016042455099523067
1991.8509181878908,0.9919908046722412,0.0016036691376939416
1991.871350156449,0.9991551041603088,0.0016025424702093005
1991.8917821247742,1.002834439277649,0.001601474592462182
1991.9122140928594,1.0011597871780396,0.0015995928552001715
1991.9326460604861,1.0042054653167725,0.0015982500044628978
1991.95307802788,1.002469778060913,0.0015959225129336119
1991.9735099948011,1.0040435791015625,0.001593688502907753
1991.9939420614974,1.0013785362243652,0.0015897791599854827
1992.0143739277264,0.9957529306411743,0.0015850368654355407
1992.0552379592482,1.0028064250946045,0.0016075277235358953
1992.075669824546,1.000936508178711,0.0016067653195932508
1992.096101889605,1.0011340379714966,0.0016073868609964848
1992.116533854205,0.9981098771095276,0.001606689766049385
1992.1369657185714,0.9938139319419861,0.001606325968168676
1992.1573977824664,0.9932549595832825,0.001606157049536705
1992.177829746135,0.991563081741333,0.0016058372566476464
1992.1982616093374,0.990164041519165,0.0016054365551099181
1992.218693672301,0.9923954010009766,0.0016048784600570798
1992.2391256348055,0.9948898553848267,0.001604558783583343
1992.2595574970765,0.9944958686828613,0.0016037855530157685
1992.300421520682,0.9902732372283936,0.0016038333997130394
1992.3208534817823,0.9904022812843323,0.0016039342153817415
1992.3412854428898,0.991974949836731,0.0016057486645877361
1992.3617174032988,0.996712327003479,0.0016060508787631989
1992.3821493637079,0.999259889125824,0.0016069139819592237
1992.402581323644,1.0043753385543823,0.0016078928019851446
1992.4230132831217,1.0046669244766235,0.001607869635336101
1992.44344534236,1.0039880275726318,0.0016071023419499397
1992.4638773013721,0.9958740472793579,0.0016064697410911322
1992.4843091599178,0.9885267019271851,0.0016060048947110772
1992.504741217992,0.9910933375358582,0.0016062440117821097
1992.525173076072,0.9916439056396484,0.0016054100124165416
1992.545605033687,0.9901195764541626,0.0016058282926678658
1992.56603709083,0.9897323846817017,0.0016054472653195262
1992.5864689477457,0.9937598705291748,0.0016041804337874055
1992.6069009044295,0.9957334399223328,0.0016029024263843894
1992.6477648163927,0.9984257221221924,0.0016006255755200982
1992.6681967721452,0.9990575313568115,0.0015993884298950434
1992.6886288271926,1.0006418228149414,0.001597836846485734
1992.7090606822458,1.0021026134490967,0.0015962228644639254
1992.729492636834,1.0007511377334595,0.0015921290032565594
1992.7499246909501,0.9974709749221802,0.0015873219817876816
1992.790788498496,0.9923454523086548,0.001605998259037733
1992.8112205519137,1.000402569770813,0.0016066809184849262
1992.8316525046394,0.9995648264884949,0.00160733622033149
1992.852084457365,1.0017842054367065,0.001607418293133378
1992.8725164096177,1.001632809638977,0.0016074185259640217
1992.8929483616448,1.006211757659912,0.0016082917572930455
1992.9133803132063,1.001157522201538,0.0016066194511950016
1992.9338122645277,0.9971664547920227,0.001606801408343017
1992.9542442153906,0.9958308935165405,0.0016065872041508555
1992.9746762660216,0.9953320026397705,0.0016068515833467245
1992.9951081164108,0.9929472208023071,0.0016063961666077375
1993.0155400663425,0.9883317947387695,0.0016058210749179125
1993.0359721158093,0.9881954193115234,0.0016058055916801095
1993.0564039652672,0.9897311925888062,0.0016050559934228659
1993.0768359142676,0.9924530386924744,0.0016046750824898481
1993.097267962803,0.9925078749656677,0.0016044846270233393
1993.1176998110968,0.998173713684082,0.0016038806643337011
1993.1381317591658,0.9975311160087585,0.0016038116300478578
1993.1585638067627,0.9992210268974304,0.0016028160462155938
1993.1789956541324,1.0006911754608154,0.0016021084738895297
1993.1994276010373,0.9996266961097717,0.0016010412946343422
1993.21985964771,1.0048542022705078,0.0015990156680345535
1993.2402914941413,1.0046577453613281,0.0015964709455147386
1993.2811553858555,1.002912163734436,0.0016074820887297392
1993.3015873313561,1.0065008401870728,0.0016079728957265615
1993.322019376399,1.0019768476486206,0.001607556245289743
1993.3424513209757,1.00272798538208,0.0016079226043075323
1993.3628831653114,0.9980311989784241,0.0016069086268544197
1993.383315209423,0.9944965243339539,0.0016060691559687257
1993.4037471532938,0.9956851005554199,0.0016066181706264615
1993.4241789967055,0.9911385178565979,0.0016061975620687008
1993.444611039653,0.9893207550048828,0.0016057356260716915
1993.4650429825997,0.9903619885444641,0.0016065746312960982
1993.48547482484,0.9900463223457336,0.0016056201420724392
1993.5263388088642,0.9880596995353699,0.0016041402705013752
1993.5467706504132,0.9900603890419006,0.0016049282858148217
1993.567202691498,0.9925123453140259,0.001606026547960937
1993.5876346323494,0.9958173036575317,0.0016065158415585756
1993.608066472727,1.0000903606414795,0.0016072439029812813
1993.6284985128805,1.0028613805770874,0.001608219463378191
1993.6489304527931,1.0042458772659302,0.0016078425105661154
1993.6693624922482,1.000110387802124,0.0016070257406681776
1993.6897943314689,1.001715898513794,0.001608023652806878
1993.7102262704575,0.9977440237998962,0.001606788020581007
1993.730658308974,0.9964633584022522,0.0016068984987214208
1993.7510901472633,0.9921393394470215,0.0016066613607108593
1993.7715220850805,0.9929630160331726,0.0016063679940998554
1993.791954122673,1.0031826496124268,0.001607949030585587
1993.8123860600317,0.9900416731834412,0.0016065253876149654
1993.832817896924,0.9910950660705566,0.0016057125758379698
1993.853249933578,0.9905157089233398,0.0016046996461227536
1993.8736818697726,0.9946420788764954,0.0016042671632021666
1993.8941137059592,0.9923425316810608,0.0016027612145990133
1993.914545741456,0.9979936480522156,0.001602484961040318
1993.9349776769523,0.9966630339622498,0.0016012061387300491
1993.955409511982,1.0021591186523438,0.0016005634097382426
1993.9758415465403,1.006508231163025,0.001597694237716496
1994.0167053149635,0.997748613357544,0.0016072889557108283
1994.0371373488306,1.0014066696166992,0.0016082659130916
1994.0575691822305,1.0003752708435059,0.0016074683517217636
1994.0780012153919,0.9983068108558655,0.00160797534044832
1994.098433148094,0.993582546710968,0.0016068390104919672
1994.1188649805626,0.9927038550376892,0.0016067161923274398
1994.1392970127927,0.99076908826828,0.0016070619458332658
1994.1597289445635,0.9887068271636963,0.001606923877261579
1994.1801608761016,0.9901342391967773,0.0016061026835814118
1994.2005928071667,0.9919207096099854,0.0016052208375185728
1994.221024738239,0.9965633153915405,0.001604073797352612
1994.2618885989796,0.9805507063865662,0.0016039101174101233
1994.2823205288878,0.9872382283210754,0.0016043607611209154
1994.3027524585632,0.9921540021896362,0.0016059151384979486
1994.3231843877657,0.9965453743934631,0.0016074945451691747
1994.3436163167426,0.9948795437812805,0.0016071096761152148
1994.3640482454866,1.0006269216537476,0.001608304912224412
1994.3844802737585,1.0008920431137085,0.0016080664936453104
1994.4049121018033,0.9996269345283508,0.0016081416979432106
1994.4253440293833,0.9926056861877441,0.0016073161968961358
1994.4457760567238,0.9910600781440735,0.0016066650860011578
1994.4662078838373,0.9890968799591064,0.0016067917458713055
1994.4866399107195,0.9908263683319092,0.001606771256774664
1994.507071837128,0.9919987916946411,0.0016060607740655541
1994.5275036633102,0.9912863969802856,0.00160523084923625
1994.5479356890282,0.9977524280548096,0.0016031772829592228
1994.5683676145054,0.9999630451202393,0.0016023822827264667
1994.5887994397563,0.9992370009422302,0.0016007607337087393
1994.609231464543,1.001277208328247,0.0015986008802428842
1994.6296633890888,1.0033680200576782,0.0015955771086737514
1994.650095313409,0.9992449879646301,0.0015916605480015278
1994.6705272372637,0.9980769157409668,0.0015867139445617795
1994.6909591608783,0.99493408203125,0.001579919015057385
1994.7113909842665,0.9878365397453308,0.0015672807348892093
1994.7522549298737,0.9895763993263245,0.0016065951203927398
1994.7726867523306,0.993661642074585,0.0016059975605458021
1994.7931187743234,0.991895318031311,0.001604405464604497
1994.8135506960753,0.9959104657173157,0.0016031438717618585
1994.833982517368,1.0009729862213135,0.0016018083551898599
1994.8544145384294,1.0037903785705566,0.001600300776772201
1994.87484645925,1.0073248147964478,0.001598058152012527
1994.8952784798457,1.001299262046814,0.0015947051579132676
1994.9157102999743,1.0049535036087036,0.0015913206152617931
1994.9361422198635,0.9973751902580261,0.0015864948509261012
1994.9565742392952,0.9942968487739563,0.0015789935132488608
1994.9974379776831,1.0001097917556763,0.0016086592804640532
1995.0178699961834,0.9945315718650818,0.0016078675398603082
1995.0383018144494,0.9968283772468567,0.0016083272639662027
1995.058733732476,0.9879716038703918,0.0016072139842435718
1995.0791657502778,0.99152010679245,0.0016077982727438211
1995.0995975676124,0.9884741306304932,0.0016071759164333344
1995.1200294847076,0.9857280850410461,0.001605939120054245
1995.1404615013453,0.9917803406715393,0.0016048174584284425
1995.1608933177486,0.9981748461723328,0.0016040380578488111
1995.1813252339125,0.9978139400482178,0.0016022624913603067
1995.2017572498517,0.9993894100189209,0.001601257361471653
1995.2426209805562,0.9898086786270142,0.001605261000804603
1995.2630529953312,0.9964525103569031,0.0016071575228124857
1995.2834849100982,1.002571940422058,0.0016080851200968027
1995.3039168244068,1.0027662515640259,0.0016081088688224554
1995.3243487382497,1.0018318891525269,0.0016088972333818674
1995.3447806520853,1.0016164779663086,0.0016077394830062985
1995.3652125652297,0.9997187852859497,0.0016085237730294466
1995.3856444783742,0.9945719838142395,0.0016081171343103051
1995.4060763910456,0.990157961845398,0.0016077426262199879
1995.4265083034916,0.9861546754837036,0.0016070432029664516
1995.4469402157047,0.9876383543014526,0.0016071563586592674
1995.4673721276777,0.986538290977478,0.001607017475180328
1995.4878040391923,0.993025004863739,0.0016063448274508119
1995.508235950474,0.9940720200538635,0.0016052656574174762
1995.5286677612894,0.9961493015289307,0.0016039774054661393
1995.5490997718662,0.9966505169868469,0.001602396834641695
1995.5695316822166,0.9998065233230591,0.0016013638814911246
1995.589963592327,1.0031070709228516,0.001599639537744224
1995.610395501979,1.0028725862503052,0.0015966014470905066
1995.630827411398,1.0060696601867676,0.001594127039425075
1995.6512593203443,1.000809669494629,0.0015895821852609515
1995.671691229065,0.9962331056594849,0.0015847428003326058
1995.6921231375527,0.9901822805404663,0.0015766759170219302
1995.7329870535905,1.0034866333007812,0.0016079492634162307
1995.7534188611462,0.9968130588531494,0.001608138671144843
1995.7738508684633,0.9901342391967773,0.0016079668421298265
1995.7942827753213,0.9913533926010132,0.001607770100235939
1995.8147145821786,0.9916737079620361,0.0016077187610790133
1995.8351465883316,0.9898359179496765,0.001607644953764975
1995.855578494491,0.992548942565918,0.0016069798730313778
1995.8760103001841,0.9922366142272949,0.0016055242158472538
1995.8964423056386,0.9945210814476013,0.001605096971616149
1995.9168742108668,0.9978123307228088,0.0016039485344663262
1995.9373060156286,1.0031020641326904,0.001603043987415731
1995.9781699244486,0.9909684658050537,0.0016061643837019801
1995.998601728279,0.9948972463607788,0.00160729989875108
1996.0190337318709,0.9950907230377197,0.0016076735919341445
1996.0394656352364,0.9978057146072388,0.001608408521860838
1996.0598975383691,0.9990084171295166,0.001608284772373736
1996.0803294410289,0.9989164471626282,0.0016077058389782906
1996.100761343463,0.9957458972930908,0.0016083420487120748
1996.1211932454316,0.9933042526245117,0.00160869094543159
1996.141625147393,0.9912193417549133,0.0016082482179626822
1996.1620570488958,0.9891914129257202,0.001607441110536456
1996.1824889501659,0.9903678894042969,0.0016071703284978867
1996.202920850963,0.9880010485649109,0.0016063022194430232
1996.2233527515345,0.993298351764679,0.0016064912779256701
1996.243784751874,0.9958365559577942,0.0016056729946285486
1996.264216551972,0.9985100030899048,0.001604080549441278
1996.2846484516122,0.9999687671661377,0.0016032319981604815
1996.305080451013,1.0000237226486206,0.0016010182444006205
1996.3255122501869,1.002113938331604,0.0015975203132256866
1996.3459441491286,1.001743197441101,0.0015925996704027057
1996.3663761476055,0.9972075819969177,0.0015871502691879869
1996.3868079458407,0.9902121424674988,0.0015789420576766133
1996.4072398438511,0.9902650117874146,0.001569600310176611
1996.4276718413894,0.981908917427063,0.001543935271911323
1996.4685355357797,0.9964032173156738,0.001608142163604498
1996.4889675326267,0.9897452592849731,0.0016057437751442194
1996.5093993289993,0.9944034814834595,0.0016049041878432035
1996.5298313251478,0.9993232488632202,0.0016030948609113693
1996.5502632210555,1.0027295351028442,0.0016015428118407726
1996.5706951165048,0.9998239874839783,0.0015983571065589786
1996.591127011954,1.0016779899597168,0.0015948625514283776
1996.6115589069377,0.9993380904197693,0.001591920736245811
1996.6319908014484,0.9959926009178162,0.0015838633989915252
1996.6524226959664,0.9901249408721924,0.0015727863647043705
1996.6728545900114,0.9871745705604553,0.0015547022921964526
1996.7137184771855,0.9957332015037537,0.001608863938599825
1996.7341502705385,0.9915230870246887,0.0016087087569758296
1996.7545821634194,0.9903748631477356,0.001608269871212542
1996.7750141558427,0.99007648229599,0.001608508056961
1996.795445948257,0.9878858923912048,0.001607906655408442
1996.815877840214,0.9894355535507202,0.0016076854662969708
1996.8363098319387,0.9900246858596802,0.0016063004732131958
1996.8567416234291,0.9918535351753235,0.0016054975567385554
1996.8771735146802,0.9965572357177734,0.00160543795209378
1996.8976054054729,0.996867299079895,0.0016041682101786137
1996.9180372960254,0.9984915256500244,0.0016036678571254015
1996.9589010762138,0.9981696009635925,0.0016083965310826898
1996.9793329658423,1.0017040967941284,0.0016084392555058002
1996.9997649552315,1.001297950744629,0.0016093022422865033
1997.0201967443936,0.9955975413322449,0.0016085339011624455
1997.0406286330835,0.9980072379112244,0.0016091213328763843
1997.0610606217815,0.9957331418991089,0.001608943217433989
1997.1019242977782,0.9887585639953613,0.0016084290109574795
1997.1223562855375,0.9891834855079651,0.001608804683201015
1997.1427881728378,0.987320065498352,0.0016079411143437028
1997.163219959897,0.9880708456039429,0.0016067116521298885
1997.2040838331013,0.9886967539787292,0.0016062542563304305
1997.2245156192366,0.9899650812149048,0.0016072450671344995
1997.2449476051333,0.9968001842498779,0.001608323771506548
1997.2653794908038,0.9968340396881104,0.0016083796508610249
1997.2858112760005,1.000356912612915,0.001608761609531939
1997.306243261206,0.9987528324127197,0.001608988386578858
1997.326675145945,0.9972938299179077,0.0016093149315565825
1997.347107130212,1.000090479850769,0.0016097166808322072
1997.3675389144846,0.9941603541374207,0.0016090018907561898
1997.3879707982924,0.9931814074516296,0.0016091755824163556
1997.4084027818608,0.9911540150642395,0.0016084191156551242
1997.4288345652021,0.9873261451721191,0.0016084405360743403
1997.4492664483114,0.9865828156471252,0.0016079054912552238
1997.4696984309485,0.9891271591186523,0.0016073660226538777
1997.4901302133585,0.9912611842155457,0.0016067782416939735
1997.5105620955364,0.9962226152420044,0.0016063372604548931
1997.5309940772422,0.9957309365272522,0.0016048061661422253
1997.5514259589545,0.9991495609283447,0.0016031250124797225
1997.5718577402004,0.9995173215866089,0.0016024011420086026
1997.5922897212076,1.0067003965377808,0.001601913943886757
1997.6127215019878,1.0080701112747192,0.0015993316192179918
1997.6331533823031,1.0023291110992432,0.0015949283260852098
1997.653585362379,1.0034219026565552,0.0015903095481917262
1997.6944491218455,0.9992347955703735,0.0016085637034848332
1997.7148810012222,0.9955039620399475,0.0016091502038761973
1997.7353127801398,0.992096483707428,0.001608976162970066
1997.7557447588188,0.9950875639915466,0.0016091063152998686
1997.7761766372714,0.9877325892448425,0.0016088909469544888
1997.7966084154905,0.9888003468513489,0.0016089138807728887
1997.8170403932454,0.9890507459640503,0.0016085816314443946
1997.8374722707595,0.9892259240150452,0.001608705846592784
1997.8579040480472,0.9914975762367249,0.0016081132926046848
1997.8783360250964,0.9879096746444702,0.0016071199206635356
1997.8987679019192,0.9921144247055054,0.0016069890698418021
1997.9396316544007,0.983805775642395,0.0016054916195571423
1997.960063530285,0.9819652438163757,0.0016057207249104977
1997.9804954059437,0.9838871955871582,0.0016055158339440823
1998.0009272811294,0.9806599020957947,0.0016056601889431477
1998.0213591560896,0.9834311008453369,0.001606097212061286
1998.041791030817,0.9839526414871216,0.001605951227247715
1998.062223005305,0.9854260087013245,0.0016064195660874248
1998.082654779566,0.9929373264312744,0.0016080562490969896
1998.1030867533627,0.9972595572471619,0.001608746126294136
1998.1235186269187,0.9969837069511414,0.001608254504390061
1998.1439504004811,0.997450053691864,0.0016087554395198822
1998.1643823733466,0.9960355758666992,0.0016086740652099252
1998.184814246204,0.9995692372322083,0.0016095148166641593
1998.2052460186023,0.9949803948402405,0.0016092294827103615
1998.2256779907693,0.9904521703720093,0.001609443104825914
1998.2461098626954,0.9902413487434387,0.0016090156277641654
1998.2665416343953,0.9894274473190308,0.001608902937732637
1998.2869736058637,0.989708662033081,0.0016086590476334095
1998.3074054768585,0.9905728101730347,0.0016081592766568065
1998.3482692181642,0.9946408271789551,0.0016067320248112082
1998.3687009884598,0.9939358830451965,0.0016058555338531733
1998.3891329585313,1.0009509325027466,0.0016046639066189528
1998.4299966975013,0.9800204634666443,0.0016062904614955187
1998.45042846664,0.986255943775177,0.0016068877885118127
1998.4708604355474,0.9838818311691284,0.0016067171236500144
1998.491292303981,0.9882857799530029,0.0016072874423116446
1998.511724172422,0.9972618222236633,0.0016086281975731254
1998.5321560403972,0.9946089386940002,0.0016091718571260571
1998.5525879081324,0.9917994737625122,0.0016085394890978932
1998.5730198756428,0.9953296184539795,0.0016093753511086106
1998.593451642686,0.9922144412994385,0.0016096088802441955
1998.6138835097227,0.985408365726471,0.0016089247073978186
1998.6343154763017,0.9908462166786194,0.0016089993296191096
1998.6751791087518,0.9797493815422058,0.001604926073923707
1998.6956110746323,0.9782300591468811,0.0016060855705291033
1998.7160428400457,0.9841826558113098,0.0016064809169620275
1998.7364747052197,0.9834270477294922,0.0016057263128459454
1998.756906670169,0.9827611446380615,0.0016062445938587189
1998.7773384348839,0.987356424331665,0.0016063489019870758
1998.7977702993594,0.9884749054908752,0.00160729861818254
1998.8182022636101,0.9896820187568665,0.0016078787157312036
1998.8386340273937,0.9932612776756287,0.0016081948997452855
1998.859065890938,0.9997749924659729,0.00160943903028965
1998.8794978542574,1.0018718242645264,0.0016094120219349861
1998.8999297173432,0.9974673390388489,0.0016089417040348053
1998.920361580189,1.001844048500061,0.0016098417108878493
1998.9407934425763,0.9992156624794006,0.0016105109825730324
1998.9612253049636,0.9944435358047485,0.0016094734892249107
1998.981657166878,0.9952552914619446,0.001610199804417789
1999.0020890285668,0.992469072341919,0.0016094179591163993
1999.0225208900229,0.9903774857521057,0.0016094668535515666
1999.0429528510067,0.989342987537384,0.0016093580052256584
1999.0633846119963,0.991445004940033,0.001609599101357162
1999.083816472521,0.9905794858932495,0.001609248574823141
1999.1042483328056,0.9900755286216736,0.0016091184224933386
1999.1246801928646,0.9894641637802124,0.0016095765167847276
1999.165543912277,0.983631432056427,0.0016068941913545132
1999.1859757714046,0.9803045988082886,0.0016071661375463009
1999.2064075302987,0.9834873080253601,0.001607079990208149
1999.2268394889543,0.9869769811630249,0.0016072771977633238
1999.2472713473835,0.9894590973854065,0.001608360675163567
1999.2677033055807,0.9883490204811096,0.0016078157350420952
1999.2881350635362,0.9939054250717163,0.0016087888507172465
1999.308566921034,1.0013232231140137,0.0016099321655929089
1999.3289988782926,0.9998667240142822,0.0016099164495244622
1999.349430635557,0.9995391964912415,0.0016104491660371423
1999.3698624923563,0.9945768117904663,0.0016100939828902483
1999.3902944486908,0.9923853278160095,0.0016100256470963359
1999.4107263050173,0.9896414279937744,0.0016092732548713684
1999.4311580611175,0.9890646934509277,0.0016090725548565388
1999.4515900167462,0.9888686537742615,0.0016081082867458463
1999.4720218721486,0.993833601474762,0.0016074500745162368
1999.4924536273174,0.9972991943359375,0.0016067231772467494
1999.512885582255,0.998379647731781,0.0016046776436269283
1999.5333174369516,1.0057843923568726,0.0016032375860959291
1999.5537491911891,1.0038962364196777,0.001600308227352798
1999.5741811454209,1.007674217224121,0.0015978224109858274
1999.5946129991935,1.0035014152526855,0.00159256043843925
1999.6150447527325,0.9999352097511292,0.0015875102253630757
1999.655908559107,0.9899154901504517,0.0016098938649520278
1999.676340511949,0.988222599029541,0.001610078033991158
1999.6967722643167,0.9923703074455261,0.0016102006193250418
1999.7172041166923,0.9893584847450256,0.0016096900217235088
1999.737636068603,0.9919719099998474,0.0016088293632492423
1999.7580678202721,0.9913405179977417,0.0016079720808193088
1999.7784996717164,0.9948867559432983,0.0016076182946562767
1999.7989316229286,0.9954943060874939,0.0016064305091276765
1999.8193633738993,1.0011459589004517,0.001605784404091537
1999.8397952244122,1.0033931732177734,0.0016039988258853555
1999.8602270749252,1.0011411905288696,0.0016036015003919601
1999.9010907747797,0.9886991381645203,0.0016075195744633675
1999.9215226243614,0.9861705303192139,0.0016079246997833252
1999.941954473703,0.9897201657295227,0.0016078146873041987
1999.962386322819,0.9946079850196838,0.0016090095741674304
1999.98281827147,0.9956734776496887,0.0016093244776129723
2000.0032500201123,0.9974440932273865,0.0016101369401440024
2000.0236819682978,0.998690664768219,0.0016103280941024423
2000.0441138162496,0.998140275478363,0.0016101050423458219
2000.0645455641934,0.9968721270561218,0.0016098376363515854
2000.0849775114475,0.9949662685394287,0.00161015207413584
2000.1054093587009,0.9956433773040771,0.001610616222023964
2000.1258411057133,0.9939165711402893,0.001609650906175375
2000.146273052269,0.99120032787323,0.0016098476480692625
2000.1667048988238,0.9911854863166809,0.0016101670917123556
2000.187136644905,0.9872803092002869,0.0016097498591989279
2000.207568590762,0.9901861548423767,0.0016100140055641532
2000.2280004363856,0.9939724802970886,0.001609903876669705
2000.248432281769,0.9897081255912781,0.0016096336767077446
2000.268864126927,0.9922184348106384,0.00160952378064394
2000.289295971852,0.9930609464645386,0.001608981634490192
2000.309727816304,0.9982001185417175,0.0016084560193121433
2000.3301596607635,0.9984523057937622,0.001608469639904797
2000.3505915047572,0.9937816858291626,0.001607363810762763
2000.3914552922724,0.9805200099945068,0.0016060873167589307
2000.411887035567,0.9812216758728027,0.0016066579846665263
2000.43231897839,0.9790343046188354,0.0016063733492046595
2000.4527508212195,0.9814801216125488,0.0016066738171502948
2000.4731825638155,0.9826838374137878,0.00160723936278373
2000.49361450594,0.9831097722053528,0.0016077898908406496
2000.5140463480711,0.982740581035614,0.0016076068859547377
2000.5344780897358,0.9815161228179932,0.0016075033927336335
2000.5549100311619,0.9855663776397705,0.001607641694135964
2000.5753418723616,0.9801959991455078,0.001607771497219801
2000.5957736133278,0.9899798035621643,0.0016088350676000118
2000.6366372945558,0.9995076060295105,0.0016109636053442955
2000.6570691348243,0.999112069606781,0.0016102994559332728
2000.6775010746205,0.9986140727996826,0.0016104044625535607
2000.6979328144225,1.001115083694458,0.001610893290489912
2000.7183646537596,0.9973235130310059,0.001611032523214817
2000.7387965928574,0.9978066086769104,0.001611319719813764
2000.759228331728,0.9977264404296875,0.0016113141318783164
2000.7796602703602,0.9944952130317688,0.0016111560398712754
2000.800092108766,0.9948453903198242,0.0016107461415231228
2000.820523946939,0.9953775405883789,0.001610674080438912
2000.840955784879,0.9949486255645752,0.0016101909568533301
2000.8613876223462,0.9932560920715332,0.0016098658088594675
2000.8818194598207,0.9908514022827148,0.0016100904904305935
2000.9022512968222,0.9912915229797363,0.0016100741922855377
2000.922683133831,0.9844790697097778,0.0016098186606541276
2000.963546906678,0.9928669333457947,0.001609312486834824
2000.9839786427547,0.9867219924926758,0.0016083811642602086
2001.0044104785993,0.9919617176055908,0.001608018996194005
2001.0248424142046,0.9927235245704651,0.0016081082867458463
2001.0452741495828,1.000604271888733,0.0016086628893390298
2001.065705984729,0.9974702596664429,0.0016076023457571864
2001.086137919403,1.002087116241455,0.001605838187970221
2001.1270014882975,0.9907475113868713,0.0016088016564026475
2001.147433422273,0.9922963976860046,0.0016093426384031773
2001.1678651562543,0.9968730807304382,0.0016100727953016758
2001.1882970897714,0.9987876415252686,0.0016101867659017444
2001.2087289230476,0.9982332587242126,0.0016105436952784657
2001.2291607560983,1.0017404556274414,0.0016107872361317277
2001.2495925889161,1.001141905784607,0.0016108675627037883
2001.270024321493,0.9989467859268188,0.0016112292651087046
2001.290456253846,0.9970476627349854,0.0016115987673401833
2001.3108880857326,0.9951161742210388,0.001610918901860714
2001.3313199176118,0.9921772480010986,0.0016102927038446069
2001.351751649032,0.9902958273887634,0.0016102091176435351
2001.3721835804536,0.9893704056739807,0.0016101449728012085
2001.3926154114015,0.9919119477272034,0.0016103793168440461
2001.413047142356,0.9872630834579468,0.0016100115608423948
2001.4334790728462,0.9928833842277527,0.0016103672096505761
2001.4539109030957,0.9923182129859924,0.0016093249432742596
2001.4743426331188,0.9950602650642395,0.0016093679005280137
2001.4947745629106,0.9943691492080688,0.0016090982826426625
2001.5152063924616,0.9990218877792358,0.0016084186499938369
2001.5356383217877,1.0000864267349243,0.0016063175862655044
2001.5560700508795,1.0027657747268677,0.001605429220944643
2001.5765018794991,1.0078378915786743,0.0016041952185332775
2001.61736553652,0.9796316027641296,0.001607799786143005
2001.6377973644412,0.9838272333145142,0.001608157646842301
2001.6582292923704,0.9870566725730896,0.0016079243505373597
2001.6786610198324,0.9825625419616699,0.0016080292407423258
2001.699092847055,0.988813042640686,0.0016084787202998996
2001.7195247742857,0.9910371899604797,0.0016095680184662342
2001.7399565010492,0.9915875792503357,0.001609919359907508
2001.7603883275733,0.9958986043930054,0.0016105691902339458
2001.7808202538727,0.9972555041313171,0.001610521343536675
2001.8012520799384,0.9982525110244751,0.0016101831570267677
2001.8216838057633,0.9978114366531372,0.0016117111081257463
2001.8421157313642,0.9937848448753357,0.0016107121482491493
2001.8625475567314,0.9914403557777405,0.0016111221630126238
2001.8829794818594,0.9936325550079346,0.0016112258890643716
2001.9034112065274,0.9918283224105835,0.0016108242562040687
2001.9238430311962,0.9907132983207703,0.0016111452132463455
2001.9442749556256,0.9870411157608032,0.0016098696505650878
2001.964706679595,0.9885585904121399,0.001609998056665063
2001.9851385035654,0.9944806098937988,0.0016092904843389988
2002.0055703270627,0.9967812895774841,0.0016088904812932014
2002.0260021505674,0.996771514415741,0.0016090015415102243
2002.0464339736063,0.99581378698349,0.0016072290018200874
2002.066865796638,0.9983594417572021,0.0016066876705735922
2002.107729341551,0.9835157990455627,0.0016079798806458712
2002.1281612636521,0.9840575456619263,0.0016087922267615795
2002.148593085527,0.9804452061653137,0.0016083461232483387
2002.169024907169,0.9841177463531494,0.0016079426277428865
2002.1894567288036,0.9813055992126465,0.001607741811312735
2002.20988854998,0.9892226457595825,0.001608696416951716
2002.230320470684,0.9897302985191345,0.001609952887520194
2002.250752191394,0.9933661818504333,0.0016105157556012273
2002.2711840118718,0.9938427209854126,0.0016101447399705648
2002.2916159321103,0.9964653253555298,0.0016108539421111345
2002.3120477521225,1.0013576745986938,0.0016112412558868527
2002.332479471901,0.9986689686775208,0.0016111604636535048
2002.352911391441,0.9952956438064575,0.0016112963203340769
2002.3733432105219,0.9939560294151306,0.0016114979516714811
2002.393774929602,0.9913173913955688,0.0016114312456920743
2002.4142068484434,0.9937798380851746,0.0016115717589855194
2002.4346386668258,0.9916457533836365,0.0016112751327455044
2002.4755023031175,0.9919373393058777,0.0016107906121760607
2002.4959341210342,0.9923974871635437,0.001610392122529447
2002.5163658387173,0.996920645236969,0.0016102336812764406
2002.536797755929,0.9957576990127563,0.0016085865208879113
2002.5572295731472,0.9984118938446045,0.0016085547395050526
2002.598093206645,0.9981219172477722,0.001615002634935081
2002.6389569389867,1.0013420581817627,0.0016154071781784296
2002.6593886550327,1.0015488862991333,0.00161643885076046
2002.679820470621,1.0001459121704102,0.0016160922823473811
2002.7002523859774,1.0007741451263428,0.0016152352327480912
2002.720684101092,1.0011173486709595,0.0016158822691068053
2002.7411159162148,0.9998359084129333,0.0016160462982952595
2002.7615477308718,0.9981591701507568,0.0016161055536940694
2002.7819795452888,0.9939806461334229,0.001616168417967856
2002.8024113594802,0.9925350546836853,0.001615422312170267
2002.8228432734395,0.9934154152870178,0.0016154968179762363
2002.8432749871572,0.996756374835968,0.0016158889047801495
2002.863706800883,0.9905455112457275,0.0016148879658430815
2002.8841387141438,0.9918689131736755,0.0016148764407262206
2002.904570427163,0.9943459033966064,0.0016141926171258092
2002.9250022399574,0.9945417046546936,0.001613785047084093
2002.9454341525197,0.9978062510490417,0.0016135388286784291
2002.9658658648405,1.001839280128479,0.0016132502350956202
2002.9862977769371,1.017386555671692,0.0016130123985931277
2003.0067295888002,1.0045584440231323,0.00160952506121248
2003.0271613004224,1.0095210075378418,0.001609444385394454
2003.0475932118206,1.0094432830810547,0.0016081612557172775
2003.088456733909,0.9840444326400757,0.0016118834028020501
2003.1088886446087,0.9874652028083801,0.0016128780553117394
2003.1293204550748,0.9914532899856567,0.0016134555917233229
2003.1497522653008,0.9936391115188599,0.001614472595974803
2003.1701840753012,0.9984230399131775,0.0016155116027221084
2003.1906158850688,0.9990444779396057,0.001615286455489695
2003.2110476945963,1.0007433891296387,0.0016154177719727159
2003.2314795038983,1.0008670091629028,0.0016154408222064376
2003.2519113129674,1.0084749460220337,0.0016169354785233736
2003.2723431217964,0.997931182384491,0.0016161375679075718
2003.2927750304007,0.9991865158081055,0.0016161672538146377
2003.3132067387705,0.9958983063697815,0.0016163421096280217
2003.3336386469018,0.9940740466117859,0.0016156237106770277
2003.3540704548068,0.9953821897506714,0.001615914748981595
2003.3745021624782,0.9937313795089722,0.0016156911151483655
2003.394934069911,0.9923766851425171,0.0016139807412400842
2003.4153658771174,0.992279052734375,0.0016142375534400344
2003.4357975840903,0.994854211807251,0.0016147445421665907
2003.4562294908246,0.99873286485672,0.0016141452360898256
2003.4766611973319,1.004840612411499,0.0016141458181664348
2003.497093003607,1.0029551982879639,0.0016117270570248365
2003.5175249096428,1.0122272968292236,0.0016109183197841048
2003.5379566154515,1.009293556213379,0.001608868595212698
2003.5788203263655,0.9866036176681519,0.0016127648996189237
2003.5992520317086,0.9862205982208252,0.0016133250901475549
2003.6196838365868,0.9923819303512573,0.0016145996050909162
2003.6401157412256,0.9963483214378357,0.0016153039177879691
2003.660547545638,0.9994968175888062,0.0016154579352587461
2003.6809793498105,1.0018589496612549,0.001616405206732452
2003.7014111537574,0.9997667670249939,0.0016151727177202702
2003.7218429577042,1.0034760236740112,0.001616830937564373
2003.7422747611854,0.9959431886672974,0.00161634327378124
2003.7627065644265,0.9978638291358948,0.0016168252332136035
2003.783138367442,0.9940411448478699,0.0016162401298061013
2003.803570270451,0.9940972924232483,0.001616575289517641
2003.8240019730001,0.9895400404930115,0.0016153613105416298
2003.8444337753172,0.9931983351707458,0.0016158628277480602
2003.8648656776277,0.9926718473434448,0.0016155852936208248
2003.8852973794783,0.9977506995201111,0.0016148807480931282
2003.9057291813297,0.996383786201477,0.0016143448883667588
2003.9261610827089,0.9986421465873718,0.0016139281215146184
2003.9465927840938,1.0017650127410889,0.0016135689802467823
2003.9670245850139,1.008393406867981,0.0016121934168040752
2003.9874564859274,1.010640025138855,0.0016109788557514548
2004.007888186381,1.0109249353408813,0.0016089653363451362
2004.0283200868362,1.012537956237793,0.0016063055954873562
2004.0691835868056,0.9823596477508545,0.0016133604804053903
2004.0896154865623,0.9853990077972412,0.0016132843447849154
2004.110047286078,0.9879065155982971,0.0016130490694195032
2004.1304790853683,0.9858243465423584,0.0016138666542246938
2004.1509108844257,0.9951093196868896,0.001615017419680953
2004.1713426830102,0.9962719678878784,0.0016156607307493687
2004.191774481602,0.9991776943206787,0.0016161290695890784
2004.2122062799608,1.0025067329406738,0.0016164635308086872
2004.2326380780796,0.9982030391693115,0.0016164997359737754
2004.253069775972,0.9966708421707153,0.001616640598513186
2004.2735016736333,0.9942955374717712,0.0016168637666851282
2004.2939334712864,0.98875492811203,0.0016162924002856016
2004.3143651684804,0.9939582347869873,0.0016161338426172733
2004.3347970654431,0.9910983443260193,0.001615141169168055
2004.355228862165,0.9962750673294067,0.0016151220770552754
2004.3756607588948,0.9983808994293213,0.0016140709631145
2004.3960924551575,1.0023220777511597,0.0016130057629197836
2004.4165242511808,1.009544849395752,0.001611977000720799
2004.4369561472122,1.0125958919525146,0.0016097326297312975
2004.4573878427764,1.0154715776443481,0.001606937381438911
2004.477819638334,1.0108821392059326,0.0016032677376642823
2004.498251533667,1.0104241371154785,0.001597446738742292
2004.5186832285326,1.0052306652069092,0.0015881163999438286
2004.5595469180262,1.0021333694458008,0.0016165121924132109
2004.5799786124262,1.0039464235305786,0.0016168735455721617
2004.600410406587,0.9997533559799194,0.001617638859897852
2004.62084230029,1.0045794248580933,0.0016184088308364153
2004.641274093985,0.998690128326416,0.001617503585293889
2004.6617057876865,0.9939015507698059,0.0016174095217138529
2004.682137680924,0.9972256422042847,0.0016172764590010047
2004.7025694739277,0.9954726696014404,0.0016167234862223268
2004.7230012666914,0.994470477104187,0.0016167431604117155
2004.7434330592296,0.9921528100967407,0.001616541063413024
2004.7638648517604,0.9947471022605896,0.0016165449051186442
2004.8047284359054,0.9862531423568726,0.0016149907605722547
2004.8251602275122,0.9872201085090637,0.0016145776025950909
2004.8455920191118,0.9874182939529419,0.0016143751563504338
2004.8660238104858,0.9888576865196228,0.0016152902971953154
2004.8864556013868,0.9833968281745911,0.0016141050728037953
2004.9068873922952,0.9895936250686646,0.001614596345461905
2004.9273191829707,0.9927206635475159,0.0016152008902281523
2004.9477509734133,0.9903558492660522,0.0016146235866472125
2004.968182763616,0.9951457977294922,0.0016159559600055218
2004.988614553593,0.9956739544868469,0.001616487861610949
2005.0090463435627,0.9995124936103821,0.0016173247713595629
2005.029478133074,0.9972976446151733,0.0016170645831152797
2005.0499099223525,1.0016306638717651,0.0016170681919902563
2005.0703418116245,1.002394199371338,0.0016178434016183019
2005.0907735004366,1.0025274753570557,0.0016176849603652954
2005.1112052892495,1.0011725425720215,0.0016175407217815518
2005.131637177823,1.0004850625991821,0.0016183828702196479
2005.1520689659374,0.9964422583580017,0.0016181649407371879
2005.172500654051,0.9914783239364624,0.0016170988092198968
2005.192932541926,0.9972862601280212,0.0016166765708476305
2005.2133643295747,0.9966068863868713,0.0016168993897736073
2005.2337960169898,0.994084894657135,0.0016170550370588899
2005.2542279041663,0.9939247965812683,0.001616977620869875
2005.295091378066,0.9977399706840515,0.001617078552953899
2005.315523264544,0.9992057085037231,0.0016162160318344831
2005.3359550510286,1.0020078420639038,0.0016173931071534753
2005.3563867370467,1.0045791864395142,0.0016181821702048182
2005.376818623059,1.0038492679595947,0.0016182117396965623
2005.3972504088451,0.9990377426147461,0.0016173854237422347
2005.4176822943991,0.9994124174118042,0.0016178985824808478
2005.4381139797115,0.9948943853378296,0.0016177594661712646
2005.458545764799,0.9968345165252686,0.00161752849817276
2005.4789776496546,0.9963976740837097,0.001617644215002656
2005.4994093342684,0.9942603707313538,0.001616929774172604
2005.5198411186575,0.9967951774597168,0.0016182542312890291
2005.5402730030473,0.9939388036727905,0.0016180049860849977
2005.5607046869627,0.9954570531845093,0.001616941997781396
2005.5811364708861,0.9956136345863342,0.0016163322143256664
2005.6015683545775,0.9977034330368042,0.0016161550302058458
2005.6220000377944,0.996306300163269,0.0016157226637005806
2005.6424318210193,1.0002347230911255,0.0016150361625477672
2005.6628636040114,1.0027421712875366,0.0016147689893841743
2005.6832953869962,1.0047861337661743,0.00161270413082093
2005.7037271695226,1.0122292041778564,0.0016142796957865357
2005.724159051817,1.0141422748565674,0.0016130300937220454
2005.7445907338697,1.012671947479248,0.0016114877071231604
2005.7854543977592,0.9895869493484497,0.0016148851718753576
2005.8058860791134,0.9893316030502319,0.0016151133459061384
2005.8263179604764,0.9870977401733398,0.001614251988939941
2005.846749741606,0.9920922517776489,0.0016148906433954835
2005.8671814224945,0.9888444542884827,0.0016147890128195286
2005.887613303159,0.9907143712043762,0.0016151370946317911
2005.9080450838228,0.9945122003555298,0.0016162187093868852
2005.9284767640129,0.9944514036178589,0.0016162412939593196
2005.9489086442118,0.9987026453018188,0.0016166347777470946
2005.9693404239442,0.9995486736297607,0.0016176254721358418
2005.9897722036694,1.0045413970947266,0.0016173061449080706
2006.010203983169,0.9984585046768188,0.0016173338517546654
2006.0306357624358,0.9984636902809143,0.001617942238226533
2006.0510675414625,1.0003544092178345,0.0016187692526727915
2006.0714993202637,1.0007108449935913,0.0016182324616238475
2006.0919310990648,0.993942379951477,0.0016178068472072482
2006.1123629773938,0.9963287115097046,0.0016178940422832966
2006.1327946557285,0.9929894208908081,0.0016175351338461041
2006.1532264335983,0.9967279434204102,0.0016181129030883312
2006.1736583114616,0.9966157078742981,0.0016181296668946743
2006.1940900890986,0.9961779713630676,0.0016179191879928112
2006.214521766502,0.9955776929855347,0.0016172201139852405
2006.2349536436668,0.992506742477417,0.001617354340851307
2006.2553854208381,1.0001929998397827,0.0016177494544535875
2006.275817097543,0.9983644485473633,0.0016169538721442223
2006.2962489742422,0.9988160729408264,0.0016164537519216537
2006.3166807504822,0.9999039173126221,0.0016156502533704042
2006.3371124267214,1.0068345069885254,0.0016150657320395112
2006.357544302722,1.004801869392395,0.0016144048422574997
2006.3779759784957,1.0140116214752197,0.0016134189208969474
2006.3984077540372,1.0135564804077148,0.0016123115783557296
2006.4188396295722,1.0176128149032593,0.0016099842032417655
2006.4392713046473,1.0181050300598145,0.00160696089733392
2006.4597031797166,1.0143649578094482,0.0016027063829824328
2006.4801349545596,1.0097265243530273,0.0015978470910340548
2006.5209985035472,0.9900115132331848,0.0016150877345353365
2006.5414302776844,0.9914448261260986,0.0016152991447597742
2006.561862051596,0.9962162971496582,0.0016173517797142267
2006.5822938255005,0.9957922697067261,0.0016171184834092855
2006.6027255989466,0.9996951818466187,0.0016183080151677132
2006.6231573723926,1.0045628547668457,0.0016177581856027246
2006.6435892455993,1.0047816038131714,0.0016178173245862126
2006.664020918579,1.0012625455856323,0.0016184564447030425
2006.6844526913264,1.0023506879806519,0.0016186466673389077
2006.7048845638346,0.9955422282218933,0.0016186664579436183
2006.7253162363486,0.9979918599128723,0.0016185202402994037
2006.7457480083976,0.9970357418060303,0.0016185842687264085
2006.7661798804402,0.9982545375823975,0.0016183846164494753
2006.7866115522556,0.9959791302680969,0.0016178351361304522
2006.8070434238398,0.9945678114891052,0.001617509638890624
2006.827475195183,1.0002801418304443,0.001618487061932683
2006.8479068663,0.9987910985946655,0.0016175532946363091
2006.8683387374185,1.0011154413223267,0.0016170111484825611
2006.8887705082961,1.001230001449585,0.0016167776193469763
2006.9092021787146,1.0037903785705566,0.0016148630529642105
2006.9296340491346,1.0053038597106934,0.0016136917984113097
2006.9500658193137,1.014279842376709,0.0016129349824041128
2006.9704974894994,1.0187368392944336,0.0016117086634039879
2007.0113611289344,0.9938053488731384,0.0016156763304024935
2007.0317928981895,0.994049072265625,0.001616174355149269
2007.0522246674445,0.9964154362678528,0.0016170889139175415
2007.0726564364595,0.996141254901886,0.001617484726011753
2007.0930882054818,1.0018678903579712,0.0016183939296752214
2007.1135199740384,1.0026719570159912,0.0016189382877200842
2007.1339517423548,1.0013917684555054,0.0016179876402020454
2007.1543835106786,1.0028213262557983,0.0016185344429686666
2007.1748152787695,1.0017083883285522,0.0016192956827580929
2007.1952470466204,1.0015923976898193,0.0016196450451388955
2007.2156789142464,1.0017014741897583,0.001619519549421966
2007.236110581871,0.9996877908706665,0.0016187671571969986
2007.2565423490232,0.9979223608970642,0.001618545618839562
2007.2769742161836,0.9985049366950989,0.0016186735592782497
2007.2974058831096,0.9967108964920044,0.0016184515552595258
2007.3178376497963,0.9959397315979004,0.0016182847321033478
2007.3382695162582,0.9932352900505066,0.0016175478231161833
2007.3587011824857,0.997956395149231,0.0016188506269827485
2007.3791329487067,0.9972853064537048,0.0016172195319086313
2007.399564814703,0.9984495043754578,0.00161750300321728
2007.4199964804648,0.9995738863945007,0.0016170270973816514
2007.440428345988,0.9975184202194214,0.0016165327979251742
2007.460860111285,1.0074445009231567,0.0016160636441782117
2007.501723641406,0.9930968284606934,0.001616506720893085
2007.5221554062373,0.9913312792778015,0.0016164417611435056
2007.5425871708285,0.9926217794418335,0.0016163699328899384
2007.5630189351941,0.9894734621047974,0.0016157570062205195
2007.583450699327,0.9936423301696777,0.0016157753998413682
2007.6038824634597,0.9930225014686584,0.0016161552630364895
2007.6243143271204,0.9950915575027466,0.00161607819609344
2007.6447459907868,0.9939911365509033,0.001616301597096026
2007.6651777544466,0.9956145882606506,0.001616882043890655
2007.6856096176489,0.9954972267150879,0.0016180790262296796
2007.7060412806168,1.0019186735153198,0.0016186226857826114
2007.7264730435854,1.00105881690979,0.0016182501567527652
2007.746904806314,1.0043725967407227,0.0016188615700230002
2007.767336568817,1.00367271900177,0.0016194885829463601
2007.7877684310806,1.0038875341415405,0.0016194932395592332
2007.808200193118,1.002363681793213,0.0016197363147512078
2007.8286318551545,1.0013750791549683,0.0016194503987208009
2007.8490637169525,0.9967381954193115,0.0016190377064049244
2007.8694953785234,0.9989981055259705,0.0016187758883461356
2007.8899271398623,1.0013158321380615,0.0016196256037801504
2007.9103590009618,1.001196265220642,0.0016193533083423972
2007.930790662067,0.9967548251152039,0.001618716400116682
2007.9512224227074,0.9972137808799744,0.0016191264148801565
2007.9716542833412,0.9964341521263123,0.0016187665751203895
2007.9920859439808,0.9987868070602417,0.0016181851970031857
2008.0125177041555,0.9993591904640198,0.0016178981168195605
2008.0329495640908,1.0008033514022827,0.0016177217476069927
2008.0533813240327,1.0003632307052612,0.0016173588810488582
2008.073812983741,1.007868766784668,0.0016166347777470946
2008.0942448432106,1.0093978643417358,0.001616691704839468
2008.1146766026868,1.0076227188110352,0.0016153862234205008
2008.1351083616973,1.0149203538894653,0.0016144202090799809
2008.1555401207006,1.0191842317581177,0.001612937543541193
2008.1759718794783,1.0204848051071167,0.0016111723380163312
2008.196403738024,1.0211892127990723,0.0016081896610558033
2008.23726715464,0.9924142956733704,0.0016173290787264705
2008.25769901272,0.9965832829475403,0.0016167779685929418
2008.2781306705583,0.9922823905944824,0.001616660156287253
2008.2985624281719,0.9941470623016357,0.0016171556198969483
2008.3189942857862,0.9916460514068604,0.0016178146470338106
2008.339425942926,0.996425449848175,0.0016183246625587344
2008.359857700074,1.0011528730392456,0.0016193026676774025
2008.3802895569897,1.000651478767395,0.0016192324692383409
2008.4007212138968,1.0003206729888916,0.001618709764443338
2008.4211529703462,1.0031713247299194,0.0016195797361433506
2008.4415848267963,1.003847360610962,0.0016202731058001518
2008.5028799949723,0.9916027784347534,0.0016168545698747039
2008.5233118504839,0.9969353675842285,0.0016171515453606844
2008.543743606002,0.9949061274528503,0.0016172535251826048
2008.5641753612872,0.9950242638587952,0.0016168070724233985
2008.5846070163316,0.9952636957168579,0.0016175814671441913
2008.6050388713847,0.9999670386314392,0.0016181087121367455
2008.6254706262043,1.0006705522537231,0.0016189722809940577
2008.645902280783,0.9988183975219727,0.0016188755398616195
2008.6663341351377,1.0029826164245605,0.0016190867172554135
2008.6867658892588,1.0025404691696167,0.0016188276931643486
2008.7071975433719,1.002741813659668,0.0016190814785659313
2008.727629397261,1.005834937095642,0.0016197928925976157
2008.7480611509163,1.006516456604004,0.0016200304962694645
2008.7684930043324,1.007034182548523,0.0016207994194701314
2008.7889246577543,1.0064637660980225,0.0016206016298383474
2008.809356410944,1.0016169548034668,0.0016205538995563984
2008.8297882638944,1.0026848316192627,0.0016205236315727234
2008.8502199166178,0.9982780814170837,0.0016203558770939708
2008.870651669109,1.0043163299560547,0.0016206071013584733
2008.8910835215938,1.0015419721603394,0.001620244001969695
2008.9115151738515,1.0009061098098755,0.0016200882382690907
2008.9319469258771,1.000910758972168,0.0016195039497688413
2008.9523787778962,0.998307466506958,0.0016198178054764867
2008.9728104296883,0.9992818236351013,0.0016195380594581366
2008.9932421812482,1.000919222831726,0.0016183808911591768
2009.0136740325688,1.0015473365783691,0.00161800067871809
2009.034105783663,1.0058056116104126,0.0016181513201445341
2009.0545374347566,1.0033382177352905,0.0016179210506379604
2009.0749692856116,1.0066295862197876,0.0016172118484973907
2009.0954010362402,1.0105804204940796,0.0016169698210433125
2009.1158327866287,1.0132088661193848,0.0016161003150045872
2009.1362645370245,1.0171805620193481,0.0016165366396307945
2009.1566962871875,1.0162779092788696,0.001616220222786069
2009.1771281371111,1.022011399269104,0.0016151349991559982
2009.217991536505,0.9955770373344421,0.001617778092622757
2009.2384232859622,0.9950727224349976,0.0016179692465811968
2009.2588550351938,0.9954283833503723,0.001617929432541132
2009.2792866844247,0.9974001049995422,0.0016187463188543916
2009.2997185331842,0.9998619556427002,0.0016194204799830914
2009.3201502819502,1.0033175945281982,0.0016198297962546349
2009.3405819304826,1.000455379486084,0.0016200587851926684
2009.3610137790092,1.000916838645935,0.0016195514472201467
2009.3814455273096,1.0038485527038574,0.0016200398094952106
2009.401877375145,1.0054930448532104,0.0016203643754124641
2009.4223090232044,1.0074713230133057,0.0016206109430640936
2009.4427407708063,1.0032892227172852,0.0016204910352826118
2009.4631726184089,1.0030325651168823,0.0016207394655793905
2009.4836042657698,1.0020028352737427,0.0016207857988774776
2009.5040360131388,1.00283682346344,0.0016207750886678696
2009.524467860043,1.0008841753005981,0.001621160889044404
2009.544899606939,0.9989853501319885,0.001620747265405953
2009.5653312536087,0.999092161655426,0.0016204544808715582
2009.5857631000472,0.99937903881073,0.0016203137347474694
2009.6061948464776,1.0009279251098633,0.0016208224697038531
2009.6266264926817,1.0016824007034302,0.0016204285202547908
2009.6470583386545,0.9990657567977905,0.0016199020901694894
2009.6674900843864,1.0006505250930786,0.0016208176966756582
2009.6879217301248,1.0031222105026245,0.0016207704320549965
2009.708353575632,1.0009649991989136,0.001620869617909193
2009.7287853208982,1.0041215419769287,0.0016198366647586226
2009.7492171661725,1.0039212703704834,0.0016196584329009056
2009.7696488109796,1.0042486190795898,0.0016186601715162396
2009.7900805557802,1.006322979927063,0.0016185689019039273
2009.8105124005888,1.0061417818069458,0.0016179736703634262
2009.8309440449302,1.0084419250488281,0.0016170553863048553
2009.8513757892651,1.0105241537094116,0.0016165386186912656
2009.8718075333745,1.0136994123458862,0.0016169971786439419
2009.892239277484,1.0204414129257202,0.0016162507236003876
2009.9126710211203,1.0195872783660889,0.001616458292119205
2009.9535345084078,0.9945874214172363,0.0016191488830372691
2009.9739662515785,0.9994770884513855,0.0016195059288293123
2009.9943979947566,0.9938965439796448,0.001619567396119237
2010.0148297377018,0.9966018199920654,0.0016188204754143953
2010.035261480407,0.9959526062011719,0.001618758193217218
2010.0556932231193,0.9940707087516785,0.0016183333937078714
2010.0761249655989,0.9964635372161865,0.0016185282729566097
2010.096556807839,0.9942632913589478,0.0016186849679797888
2010.1169885500858,0.994191586971283,0.0016184041742235422
2010.137420192099,0.9931480884552002,0.0016188016161322594
2010.1578520338735,0.9955337047576904,0.001619880786165595
2010.1782837754217,1.00407075881958,0.0016208301531150937
2010.1987154169692,1.0018680095672607,0.001620564260520041
2010.219147258278,0.9998489618301392,0.001620673923753202
2010.2395789993607,1.0042710304260254,0.0016208946472033858
2010.2600106404425,1.0000256299972534,0.0016200841637328267
2010.2804424812857,1.0047589540481567,0.001620133756659925
2010.3008742219026,1.0078260898590088,0.001621185103431344
2010.321305862286,1.0051785707473755,0.001621115836314857
2010.3417377026635,1.0035808086395264,0.0016207300359383225
2010.3621694428148,1.004075288772583,0.0016217329539358616
2010.3826012829595,0.9985098242759705,0.0016208759043365717
2010.4030329226443,1.001094937324524,0.0016215293435379863
2010.443896502009,0.9981948137283325,0.0016184214036911726
2010.4643281412282,0.9956260323524475,0.0016183344414457679
2010.484759880448,0.9965859651565552,0.0016186065040528774
2010.5051917194287,0.9974637627601624,0.001618558308109641
2010.5256234584158,0.9995026588439941,0.0016191430622711778
2010.5460550971693,1.0009114742279053,0.0016201315447688103
2010.5664869356842,1.0018290281295776,0.0016201931284740567
2010.5869186739728,1.0037097930908203,0.001620209077373147
2010.6073503122607,1.001640796661377,0.0016195971984416246
2010.62778215031,1.0044809579849243,0.0016203181585296988
2010.648213888133,1.0071910619735718,0.0016207555308938026
2010.668645525955,1.0084285736083984,0.0016218310920521617
2010.6890773635387,1.0059136152267456,0.0016208135057240725
2010.7095090008952,1.0091650485992432,0.0016223330749198794
2010.7299408382532,1.0073968172073364,0.0016220987308770418
2010.7503725753704,1.0031746625900269,0.0016216016374528408
2010.7708042122613,1.0026164054870605,0.0016216954682022333
2010.7912360491537,1.0147045850753784,0.00162269186694175
2010.8116677855724,1.0053637027740479,0.0016223633429035544
2010.8320994222304,1.0008786916732788,0.0016214539064094424
2010.8525312584243,1.0016781091690063,0.001621622359380126
2010.8729629946101,1.001024603843689,0.0016211385373026133
2010.8933946305697,0.9990721344947815,0.001620979281142354
2010.9138264665307,0.9985939264297485,0.0016210973262786865
2010.934258202018,1.0018489360809326,0.0016217958182096481
2010.9546899377456,0.995093822479248,0.0016210845205932856
2010.9751216730074,1.002590537071228,0.0016212352784350514
2010.995553408262,0.9996315240859985,0.0016214544884860516
2011.0159852432917,1.0034514665603638,0.0016212332993745804
2011.0364169780878,1.002410888671875,0.0016214114148169756
2011.056848612876,1.0022237300872803,0.0016210153698921204
2011.07728044744,1.0056620836257935,0.0016208271263167262
2011.0977121820033,1.0052833557128906,0.0016205697320401669
2011.118143816093,1.003831386566162,0.0016193808987736702
2011.1385756501913,1.0056003332138062,0.0016192477196455002
2011.1794390181458,1.0043772459030151,0.0016220021061599255
2011.1998708517785,1.0001260042190552,0.001622227020561695
2011.2203025851777,1.001238226890564,0.001622029347345233
2011.2407342185688,1.003243327140808,0.0016219780081883073
2011.261166051736,1.0024253129959106,0.001621696399524808
2011.2815977846694,1.0000479221343994,0.0016213740454986691
2011.302029417595,1.0017637014389038,0.0016217969823628664
2011.3224612502963,1.004111886024475,0.0016218533273786306
2011.342892982997,1.0065492391586304,0.0016207395819947124
2011.3633247154576,1.0048041343688965,0.0016203384147956967
2011.3837564476926,1.0033173561096191,0.0016196098877117038
2011.4246199116897,1.0016335248947144,0.0016210839385166764
2011.445051643459,0.9983537793159485,0.0016203190898522735
2011.4654833752284,1.000610589981079,0.0016203908016905189
2011.4859151067576,1.0001906156539917,0.001620354363694787
2011.5063468380613,0.997067391872406,0.0016201228136196733
2011.5267785691249,1.0004979372024536,0.0016201738035306334
2011.5472104001965,0.9968944787979126,0.001619790680706501
2011.5676420312666,0.9953430891036987,0.001619750983081758
2011.5880737618718,0.9962900876998901,0.0016191068571060896
2011.6085055924705,0.998443603515625,0.0016192329348996282
2011.628937223075,0.9972128868103027,0.0016194628551602364
2011.649369053208,1.0004864931106567,0.0016199658857658505
2011.6698007833475,0.9982636570930481,0.0016196495853364468
2011.6902324134862,1.0066378116607666,0.001621597446501255
2011.7106642431536,0.9993126392364502,0.001620881725102663
2011.7310959728275,1.0022010803222656,0.0016212514601647854
2011.7515276025006,1.0028023719787598,0.001621604897081852
2011.771959431935,1.0176347494125366,0.0016228622989729047
2011.7923911611433,1.005505084991455,0.0016214856877923012
2011.8128227903508,1.0052263736724854,0.0016213832423090935
2011.8332546190868,1.0070934295654297,0.0016223910497501493
2011.8536863480622,1.0080195665359497,0.0016226157313212752
2011.874118076572,1.0067651271820068,0.0016234141075983644
2011.8945498050743,1.0052818059921265,0.001623055781237781
2011.914981533584,1.0043163299560547,0.00162341701798141
2011.935413361629,1.0036159753799438,0.0016228127060458064
2011.955844989665,1.0017849206924438,0.001622548676095903
2011.976276717709,1.0040485858917236,0.0016231330810114741
2011.996708545521,1.0020391941070557,0.001622738316655159
2012.017140273092,1.0013985633850098,0.0016224883729591966
2012.037571900437,0.9996227622032166,0.0016223087441176176
2012.0580037277832,1.0015889406204224,0.0016220358666032553
2012.0784353551207,1.0026576519012451,0.0016231625340878963
2012.0988670820007,1.0026322603225708,0.0016228368040174246
2012.1192989088813,1.0052635669708252,0.0016224182909354568
2012.1397305357532,1.0065566301345825,0.0016212915070354939
2012.1601622624003,1.006042242050171,0.0016209379537031054
2012.1805940888153,1.007341742515564,0.0016211040783673525
2012.2010257149886,1.00892174243927,0.0016204429557546973
2012.22145744117,1.0124640464782715,0.0016200307291001081
2012.2418892673522,1.0112625360488892,0.0016199544770643115
2012.26232089306,1.0159844160079956,0.001619446207769215
2012.2827527187765,1.016344666481018,0.001618574489839375
2012.3031844444922,1.0174702405929565,0.0016183453844860196
2012.323616069967,1.0265718698501587,0.0016163510736078024
2012.344047895218,1.0244700908660889,0.0016155671328306198
2012.364479620468,1.0284537076950073,0.0016144615365192294
2012.4053430702625,1.002909541130066,0.0016221088590100408
2012.425774795047,1.0082098245620728,0.001622362993657589
2012.4462065195912,1.0096276998519897,0.0016226001316681504
2012.46663824391,1.0102180242538452,0.001623376039788127
2012.4870699682288,1.0128902196884155,0.001624191296286881
2012.5075016925402,1.010820984840393,0.0016241673147305846
2012.5279334163934,1.0044503211975098,0.0016234731301665306
2012.5483651404793,1.0019993782043457,0.0016229298198595643
2012.568796964093,1.0033270120620728,0.001623273128643632
2012.5892286877133,1.0034199953079224,0.0016228518215939403
2012.6096603111,1.0006744861602783,0.0016228370368480682
2012.630092134481,1.003527045249939,0.001623010030016303
2012.6505238576356,1.005479097366333,0.0016229611355811357
2012.6709554807894,1.0046184062957764,0.0016228535678237677
2012.6913873034719,1.0065339803695679,0.0016231667250394821
2012.7118190263936,1.002686619758606,0.0016227710293605924
2012.732250648849,1.0022977590560913,0.0016220682300627232
2012.7526824712986,1.0070902109146118,0.0016220869729295373
2012.7731141937547,1.0082874298095703,0.001620930852368474
2012.7935458159773,1.0093666315078735,0.001620901864953339
2012.8139776379612,1.012496829032898,0.0016205337597057223
2012.8344093599517,1.0142537355422974,0.00162000791169703
2012.854841081702,1.0132027864456177,0.0016196143114939332
2012.8957044247509,0.9982584118843079,0.0016212938353419304
2012.9161362462764,1.0016248226165771,0.001621960778720677
2012.9365679673283,1.0036919116973877,0.0016217923257499933
2012.9569996883874,1.0013612508773804,0.0016216416843235493
2012.9774314094393,1.000045895576477,0.0016214002389460802
2012.9978631302656,0.998332679271698,0.0016210302710533142
2013.018294850859,1.000064730644226,0.0016220578690990806
2013.0387265714526,0.9935107827186584,0.0016202274709939957
2013.059158291806,0.9991998672485352,0.0016207259614020586
2013.0795900121666,0.9990017414093018,0.0016205550637096167
2013.100021832288,0.9955706000328064,0.0016199408564716578
2013.1204534521821,1.000096321105957,0.0016209783498197794
2013.1408852720779,1.0013983249664307,0.0016213648486882448
2013.1613169919656,0.9983032941818237,0.0016208216547966003
2013.1817486113941,1.0060667991638184,0.0016226648585870862
2013.2021804308242,1.0041383504867554,0.0016222514677792788
2013.2226121502463,1.002625823020935,0.001622288371436298
2013.243043769442,1.0044548511505127,0.0016228673048317432
2013.2634755884064,1.0050790309906006,0.0016228999011218548
2013.2839073073628,1.0058213472366333,0.0016225852305069566
2013.304338926093,1.0099204778671265,0.0016233951319009066
2013.3247707448245,1.007120966911316,0.0016231494955718517
2013.3452024633152,1.0090774297714233,0.0016235790681093931
2013.3656340818125,1.0104234218597412,0.001624845084734261
2013.3860659000784,1.0049728155136108,0.0016243003774434328
2013.4064976181035,1.004746675491333,0.0016240110853686929
2013.4269293361358,1.0056788921356201,0.0016239151591435075
2013.4473610539353,1.0013015270233154,0.0016235882649198174
2013.4677927717275,1.004883885383606,0.0016241602133959532
2013.4882244892942,1.0020744800567627,0.0016238648677244782
2013.508656206628,1.0036120414733887,0.0016235648654401302
2013.5290879239546,1.0042552947998047,0.0016240357654169202
2013.5495196412885,1.0030670166015625,0.0016232571797445416
2013.5699513581567,1.006385326385498,0.0016238207463175058
2013.5903830752504,1.008352279663086,0.0016228832537308335
2013.6108148918865,1.0063831806182861,0.0016224824357777834
2013.631246508754,1.0119200944900513,0.0016217250376939774
2013.6516782251492,1.013891577720642,0.001621991628780961
2013.6721100415525,1.014235258102417,0.0016200596000999212
2013.6925416579543,1.0178812742233276,0.0016199079109355807
2013.7129733741167,1.024107575416565,0.0016191542381420732
2013.7334051900543,1.02671217918396,0.0016188385197892785
2013.7538368059904,1.024263620376587,0.0016180087113752961
2013.774268621688,1.0312364101409912,0.0016166730783879757
2013.794700337392,1.0282148122787476,0.0016161947278305888
2013.8151319528624,1.0346752405166626,0.0016143328975886106
2013.8355637680943,1.030970811843872,0.0016135830665007234
2013.8764270985703,1.002951979637146,0.0016222925623878837
2013.8968589135693,1.0004198551177979,0.001623030984774232
2013.917290628342,1.0013363361358643,0.0016231198096647859
2013.9377223431075,1.002914309501648,0.0016233681235462427
2013.9581540576473,0.9998714923858643,0.001622093259356916
2013.9785857721872,0.9984337687492371,0.0016226095613092184
2013.9990174864943,1.0007646083831787,0.0016224042046815157
2014.019449200794,0.9966745376586914,0.0016220820834860206
2014.0398809148683,1.0006332397460938,0.0016220598481595516
2014.0603127288196,1.0006399154663086,0.0016219698591157794
2014.080744442661,0.9933884143829346,0.0016216441290453076
2014.1011760563852,1.0000779628753662,0.001622099312953651
2014.1216078699872,0.9994940161705017,0.0016218045493587852
2014.142039583363,0.9979815483093262,0.0016225718427449465
2014.162471196738,0.9970921277999878,0.001621937146410346
2014.1829030099907,0.9973801374435425,0.0016218514647334814
2014.2033347230172,0.9992054104804993,0.0016226805746555328
2014.223766336043,0.9995411038398743,0.001622671727091074
2014.24419814883,0.9982967376708984,0.0016226734733209014
2014.264629761623,1.001222848892212,0.0016239623073488474
2014.2850614741837,1.001735806465149,0.0016234939685091376
2014.3054932866216,0.997302234172821,0.001623376738280058
2014.3259248989489,1.0021405220031738,0.0016238278476521373
2014.3463567111612,1.0022432804107666,0.0016234483337029815
2014.366788423249,1.0035549402236938,0.0016242170240730047
2014.3872200353435,1.0070717334747314,0.0016238836105912924
2014.4076518470902,1.0009446144104004,0.0016236434457823634
2014.4280835588288,1.0042093992233276,0.0016243541613221169
2014.4485152704583,1.0042483806610107,0.0016241713892668486
2014.4689469819714,1.0025913715362549,0.0016247555613517761
2014.4893786933608,1.0013859272003174,0.001624623080715537
2014.5098104045246,1.0083515644073486,0.0016253808280453086
2014.5302421156885,1.0101516246795654,0.0016253945650532842
2014.5506738266122,1.0024393796920776,0.0016249537002295256
2014.5711055375432,1.000525951385498,0.0016250141197815537
2014.5915373482421,1.0028009414672852,0.0016247020103037357
2014.6119689589323,1.0015182495117188,0.0016246417071670294
2014.6324007693984,1.0051045417785645,0.0016249107429757714
2014.6528324798637,1.006603717803955,0.0016240046825259924
2014.6732640900882,1.0086696147918701,0.00162361073307693
2014.693695900205,1.008131742477417,0.0016228544991463423
2014.7141276103212,1.0101207494735718,0.0016225185245275497
2014.7345592201964,1.0100007057189941,0.0016220143297687173
2014.754991029964,1.0145280361175537,0.0016218394739553332
2014.7754227396144,1.0164859294891357,0.001620612689293921
2014.7958543491404,1.0228312015533447,0.001620661816559732
2014.8162861585588,1.0254061222076416,0.0016185923013836145
2014.8571494771531,1.0005781650543213,0.0016242878045886755
2014.8775812862223,1.0046898126602173,0.0016244668513536453
2014.8980129951742,1.000870943069458,0.0016240185359492898
2014.9184447040025,0.9983739852905273,0.0016235536895692348
2014.9388764127216,1.0020942687988281,0.0016235568327829242
2014.9593081213243,1.0007193088531494,0.001623003976419568
2017.860610250238,1.0018067359924316,0.0016262887511402369
2017.8810420440495,1.0038297176361084,0.0016269030747935176
2017.9014736378667,1.0007284879684448,0.0016266334569081664
2017.9219053316774,1.0007014274597168,0.0016265506856143475
2017.9423371252633,1.0006566047668457,0.0016267889877781272
2017.9627687188477,1.003117322921753,0.0016271047061309218
2017.9832004123164,1.0022292137145996,0.0016265311278402805
2018.0036322056621,1.0031697750091553,0.0016269114566966891
2018.0240637990137,0.9996851086616516,0.001627046731300652
2018.0444954922423,1.0004253387451172,0.001626427285373211
2018.0649272853625,1.000975489616394,0.0016271062195301056
2018.0853588783648,1.0018277168273926,0.0016268895706161857
2018.1057906713613,1.0014803409576416,0.0016270224004983902
2018.1262223641315,1.001930594444275,0.0016277168178930879
2018.1466540570182,1.0029709339141846,0.0016274491790682077
2018.1670857496647,1.0050857067108154,0.0016276530222967267
2018.1875174423185,1.0058995485305786,0.0016287955222651362
2018.2079491348559,1.0073686838150024,0.0016276928363367915
2018.2283808272696,1.0058302879333496,0.0016279453411698341
2018.2488125195741,1.0075643062591553,0.0016277529066428542
2018.2692442118787,1.0108482837677002,0.001628116238862276
2018.2896760040603,1.005760908126831,0.001628196332603693
2018.3101075961313,1.0107978582382202,0.0016291929641738534
2018.330539288203,1.0100140571594238,0.0016289361519739032
2018.3509710801518,1.00725257396698,0.0016286518657580018
2018.37140267199,1.0085104703903198,0.0016288585029542446
2018.3918344637132,1.0075019598007202,0.0016285473247990012
2018.4122661554284,1.009171485900879,0.0016291143838316202
2018.4326977470337,1.0063384771347046,0.001628643018193543
2018.453129538524,1.0079041719436646,0.0016289881896227598
2018.4735612300065,1.0070143938064575,0.001628679921850562
2018.493992821379,1.0066990852355957,0.0016291375504806638
2018.5144246126365,1.0035874843597412,0.0016286048339679837
2018.5348562037689,1.00600266456604,0.0016281844582408667
2018.5552878949093,1.0048198699951172,0.00162854406516999
2018.575719685934,1.0059242248535156,0.0016286729369312525
2018.5961512768336,1.0036104917526245,0.001628649770282209
2018.6165830677419,1.0073407888412476,0.001629038481041789
2018.637014758533,1.0094870328903198,0.0016287509351968765
2018.6574464492005,1.006223201751709,0.001628618803806603
2018.6778781398752,1.011184573173523,0.001628270372748375
2018.6983098304336,1.0111550092697144,0.001627164427191019
2018.7187415208682,1.012782096862793,0.0016264470759779215
2018.7391732113101,1.0114173889160156,0.001626421231776476
2018.7800365918374,0.9989321827888489,0.001627109944820404
2018.8004683819308,1.001540184020996,0.0016279168194159865
2018.8208999720227,1.0007482767105103,0.0016283283475786448
2018.8413317619925,1.000314474105835,0.0016283034346997738
2018.8617634519687,1.002394676208496,0.0016282472060993314
2018.8821950418205,1.0034352540969849,0.0016285307938233018
2018.9026268315647,1.006291389465332,0.0016287160106003284
2018.9230585211917,1.006346583366394,0.0016284396406263113
2018.943490110818,1.007197618484497,0.0016289270715788007
2018.963921900322,1.0079433917999268,0.001628565602004528
2018.9843535897162,1.0087668895721436,0.0016295365057885647
2019.0047851791023,1.0060304403305054,0.0016294833039864898
2019.0252169684973,1.009246826171875,0.0016303648008033633
2019.0456486576586,1.0055946111679077,0.0016298574628308415
2019.0660802468192,1.0056986808776855,0.0016293133376166224
2019.0865120358576,1.0056153535842896,0.0016291025094687939
2019.1069437249025,1.004499912261963,0.0016288646729663014
2019.1273754137073,1.010262131690979,0.0016295055393129587
2019.1478071026359,1.0053316354751587,0.0016292055370286107
2019.1682387913315,1.0093913078308105,0.0016303133452311158
2019.18867048002,1.0087612867355347,0.0016299680573865771
2019.2091021685992,1.0053136348724365,0.0016293713124468923
2019.2295338571785,1.0054916143417358,0.0016299899434670806
2019.249965545634,1.0063884258270264,0.0016294741071760654
2019.270397234097,1.0068334341049194,0.0016296994872391224
2019.290828922327,1.0062286853790283,0.0016294700326398015
2019.311260610666,1.008772373199463,0.0016303278971463442
2019.3316922987797,1.016823410987854,0.0016299354610964656
2019.352124086894,1.0060575008392334,0.001629420556128025
2019.372555774884,1.0054222345352173,0.0016287611797451973
2019.3929873628804,1.003195881843567,0.0016283206641674042
2019.4134191506455,1.0079494714736938,0.0016287912148982286
2019.433850838519,1.0085029602050781,0.001628511818125844
2019.4542824262826,1.0094079971313477,0.0016287830658257008
2019.4747142139313,1.007842779159546,0.0016288283513858914
2019.4951459014555,1.00532865524292,0.0016286232275888324
2019.5155774889863,1.0045677423477173,0.0016284097218886018
2019.5360092764022,1.0087672472000122,0.0016287401085719466
2019.55644096381,1.0087474584579468,0.001628800411708653
2019.576872551108,1.007859468460083,0.0016290703788399696
2019.597304338291,1.0025323629379272,0.0016283814329653978
2019.617736025466,1.0088696479797363,0.0016298117116093636
2019.6381678125326,1.0085924863815308,0.0016296430258080363
2019.6585993995977,1.0106773376464844,0.001629957347176969
2019.67903108654,1.0086983442306519,0.0016296826070174575
2019.6994628733737,1.007753610610962,0.0016294460510835052
2019.719894460206,1.007500171661377,0.0016293294029310346
2019.7607579336327,1.003731608390808,0.0016286803875118494
2019.781189620233,1.0056209564208984,0.00162883463781327
2019.8016212067087,1.0041033029556274,0.0016294234665110707
2019.8220529931932,1.0052884817123413,0.0016294283559545875
2019.8424846795533,1.005205512046814,0.0016293316148221493
2019.8629163659207,0.9979548454284668,0.0016287794569507241
2019.8833480521716,0.9959259033203125,0.0016177778597921133
2019.9037796383054,1.0007359981536865,0.0016285714227706194
2019.9242114244335,1.0032799243927002,0.0016286211321130395
2019.944643110568,1.0007210969924927,0.0016283502336591482
2019.965074696469,1.0027090311050415,0.0016295368550345302
2019.9855064823641,1.000783920288086,0.0016284252051264048
2020.0059381682659,1.0002518892288208,0.0016282018041238189
2020.0263697540504,1.000785231590271,0.0016286075115203857
2020.0468015397128,0.9995150566101074,0.0016285896999761462
2020.0672332253816,1.000715970993042,0.0016287295147776604
2020.0876648110498,0.9991986155509949,0.0016285954043269157
2020.1080965964793,1.0009474754333496,0.0016283724689856172
2020.1285282820318,1.0002135038375854,0.0016284503508359194
2020.148960067345,1.000494122505188,0.0016289629274979234
2020.1693916526638,0.9998786449432373,0.0016282665310427547
2020.1898233379834,1.0037952661514282,0.0016278327675536275
2020.2102551230637,1.0029160976409912,0.001628673286177218
2020.2306867082661,1.0010061264038086,0.0016292379004880786
2020.251118393353,1.0006866455078125,0.0016290148487314582
2020.2715501783168,1.0023024082183838,0.001629380974918604
2020.2919818632872,0.999504804611206,0.001629918348044157
2020.3124134481404,0.9985425472259521,0.0016295892419293523
2020.3328452328715,1.0009230375289917,0.001629338599741459
2020.3532769177255,0.9981569647789001,0.0016287106554955244
2020.3737086023466,1.001444935798645,0.0016291936626657844
2020.3941402869605,0.9982041716575623,0.0016297734109684825
2020.4145719715816,1.0025827884674072,0.0016303042648360133
2020.4350037559707,0.9994450211524963,0.0016300161369144917
2020.4554353404674,1.001478910446167,0.0016295816749334335
2020.4758670248557,1.005103349685669,0.0016305823810398579
2020.4962987091276,1.0061975717544556,0.0016298856353387237
2020.5167303933922,1.0021249055862427,0.0016302030999213457
2020.5371620775477,1.0027143955230713,0.0016306517645716667
2020.5575937617032,0.9994892477989197,0.001630766550078988
2020.578025445735,1.002102255821228,0.0016301015857607126
2020.598457129774,1.0020920038223267,0.0016306155594065785
2020.6188888136967,1.0037024021148682,0.0016303538577631116
2020.6393204974956,0.9998835921287537,0.0016292269574478269
2020.659752281419,1.003187894821167,0.0016299159033223987
2020.6801838651081,1.0017423629760742,0.0016302901785820723
2020.7006155487907,0.9997685551643372,0.001629888778552413
2020.7210473324812,1.0002455711364746,0.0016301190480589867
2020.741478916054,1.0029118061065674,0.0016309715574607253
2020.7619105995036,1.0017623901367188,0.001630807644687593
2020.7823423829614,1.0009775161743164,0.001630350248888135
2020.8027740664184,1.0018080472946167,0.001631087507121265
2020.823205649751,1.0011407136917114,0.0016299603739753366
2020.8436374330922,1.003014326095581,0.0016308982158079743
2020.8640691163164,1.00075364112854,0.0016302036819979548
2020.8845007994169,1.002846598625183,0.0016311679501086473
2020.9049324825246,1.0008677244186401,0.0016307283658534288
2020.9253641656323,1.0013742446899414,0.001630420796573162
2020.9457958486164,1.0027810335159302,0.0016305436147376895
2020.9662275314913,1.0001718997955322,0.0016303592128679156
2020.9866592143662,1.002215027809143,0.0016298501286655664
2021.0070909972346,1.0037469863891602,0.0016303621232509613
2021.0275225799924,1.0022907257080078,0.001630642800591886
2021.0479542627509,1.0010709762573242,0.0016298169502988458
2021.0683860453864,1.00528883934021,0.0016313415253534913
2021.0888176279113,1.006140112876892,0.0016306511824950576
2021.109249310437,1.0036512613296509,0.0016306886682286859
2021.1296810929562,1.001165509223938,0.0016302935546264052
2021.1501126753647,1.003311038017273,0.0016306036850437522
2021.1705444577674,1.005355715751648,0.0016302005387842655
2021.1909761400602,1.0031579732894897,0.001629759557545185
2021.2114077223523,1.0059505701065063,0.0016307896003127098
2021.2318395045222,1.0060335397720337,0.0016307251062244177
2021.2522711866986,1.0050170421600342,0.0016306779580190778
2021.2727027688743,1.0031095743179321,0.0016308107879012823
2021.2931345509278,1.0008248090744019,0.0016304639866575599
2021.3135661328706,1.0045926570892334,0.001631557010114193
2021.3339978148142,1.002813696861267,0.0016303970478475094
2021.3544295967513,1.004030466079712,0.0016311659710481763
2021.3748612785785,1.0033711194992065,0.0016314610838890076
2021.3952929602892,1.0021452903747559,0.0016316230176016688
2021.4157246419927,1.0066306591033936,0.001631753402762115
2021.4361563237035,1.001369833946228,0.0016309440834447742
2021.4565880052978,1.0030620098114014,0.001631632330827415
2021.477019686885,1.0035127401351929,0.001631296006962657
2021.4974513684792,1.0036721229553223,0.0016322411829605699
2021.517883149958,1.0010806322097778,0.0016318686539307237
2021.5383147313114,1.003116250038147,0.0016312028747051954
2021.558746412673,1.0034294128417969,0.0016313929809257388
2021.5791781940352,1.0002840757369995,0.0016316098626703024
2021.5996097752723,1.0027655363082886,0.0016301670111715794
2021.6200415565181,1.0007075071334839,0.0016305415192618966
2021.6404732376468,0.9975835084915161,0.0016299927374348044
2021.6609048187674,0.9979633092880249,0.0016309850616380572
2021.6813365997805,0.9994383454322815,0.0016302780713886023
2021.722199861797,1.0014019012451172,0.0016302363947033882
2021.7426316426936,1.0019832849502563,0.0016309904167428613
2021.7630633235894,1.0009886026382446,0.0016308276681229472
2021.7834949043609,1.0012201070785522,0.0016306518809869885
2021.803926685141,1.0011452436447144,0.0016306464094668627
2021.824358365804,1.0028728246688843,0.00163176073692739
2021.8447900465762,1.0008646249771118,0.0016307960031554103
2021.8652217271228,1.0032048225402832,0.0016310542123392224
2021.8856534076695,1.0024738311767578,0.0016306303441524506
2021.9060850882088,1.0016400814056396,0.0016305859899148345
2021.9265167687554,0.9986855983734131,0.0016308535123243928
2021.9469484491856,1.0027016401290894,0.00163123884703964
2021.967380129492,0.9996792674064636,0.0016305724857375026
2021.9878118099223,1.0046988725662231,0.0016315594548359513
2022.0082434901196,1.005173921585083,0.0016317717963829637
2022.028675270427,1.0040397644042969,0.0016320169670507312
2022.0491068506235,1.0073620080947876,0.0016323095187544823
2022.0695385307044,1.0072014331817627,0.0016323899617418647
2022.0899703108953,1.0085681676864624,0.0016324970638379455
2022.110401890859,1.0094188451766968,0.0016328643541783094
2022.1308336709335,1.0099537372589111,0.0016329569043591619
2022.151265350898,1.0072755813598633,0.0016326392069458961
2022.1716969308618,1.008042812347412,0.0016328338533639908
2022.1921287107107,1.008907437324524,0.0016331463120877743
2022.2125603905515,1.0079550743103027,0.0016334571409970522
2022.2329919702825,1.0078763961791992,0.0016330983489751816
2022.2534237500076,1.0075026750564575,0.001633770763874054
2022.2738554297393,1.0082825422286987,0.0016333204694092274
2022.2942870094703,1.0109013319015503,0.001633599866181612
2022.31471878897,1.008470892906189,0.0016332612140104175
2022.335150468578,1.007749080657959,0.00163290835916996
2022.3555822480776,1.0103436708450317,0.001633107429370284
2022.3760138275684,1.0085968971252441,0.0016333224484696984
2022.3964455070673,1.0082156658172607,0.0016335080144926906
2022.4168772864505,1.0060310363769531,0.0016337765846401453
2022.457740545091,1.0063705444335938,0.0016330257058143616
2022.4781723243577,1.0060949325561523,0.001632673549465835
2022.4986040036165,1.0079355239868164,0.0016325940378010273
2022.5190355827654,1.0064069032669067,0.0016328627243638039
2022.5394673619157,1.001661777496338,0.0016320233698934317
2022.559899041058,1.0028249025344849,0.0016337850829586387
2022.5803306200905,1.0054922103881836,0.0016333649400621653
2022.6007623991245,1.000915288925171,0.0016328681958839297
2022.621194078034,0.9995869398117065,0.001633204403333366
2022.6416257570672,1.0001287460327148,0.0016323779709637165
2022.6620574358676,1.0021814107894897,0.0016323376912623644
2022.6824890147836,1.000849962234497,0.0016323714517056942
2022.7029207935775,1.0050023794174194,0.0016327451448887587
2022.7233524723779,1.0015560388565063,0.0016329454956576228
2022.7437840511702,1.0057709217071533,0.001633550738915801
2022.764215829855,1.0077797174453735,0.0016336147673428059
2022.784647508539,1.0062766075134277,0.0016334542306140065
2022.8050790871057,1.0131311416625977,0.0016345219919458032
2022.8255108656667,1.006831169128418,0.001634247018955648
2022.8459425442343,1.009445309638977,0.0016342421295121312
2022.8663743227953,1.006927490234375,0.0016345513286069036
2022.8868059012457,1.007056474685669,0.0016346637858077884
2022.9072375796968,1.0067394971847534,0.0016346619231626391
2022.927669358025,1.0088610649108887,0.0016344682080671191
2022.948100936359,1.0083874464035034,0.0016347632044926286
2022.9685326146937,1.005894660949707,0.001634927117265761
2022.988964393022,1.006591558456421,0.0016348876524716616
2023.0093960712402,1.0014798641204834,0.001634305575862527
2023.0298276494577,1.0059809684753418,0.0016349843936040998
2023.0502594276695,1.005257248878479,0.0016351991798728704
2023.0706911057714,1.0040580034255981,0.0016345493495464325
2023.0911227838733,1.0007585287094116,0.00163444469217211
2023.111554461968,0.9963447451591492,0.0016335330437868834
2023.1319861399534,0.9927602410316467,0.0016332187224179506
2023.1524179179396,0.9936395883560181,0.0016336513217538595
2023.1932811739025,1.0089960098266602,0.001634284621104598
2023.213712951765,1.0083262920379639,0.001634774962440133
2023.2341445296333,1.0102046728134155,0.0016355059342458844
2023.2545762075024,1.009160041809082,0.0016350974328815937
2023.2750079852558,1.0056302547454834,0.0016347659984603524
2023.2954395630004,1.008969783782959,0.0016356996493414044
2023.315871240753,1.0064679384231567,0.0016351211816072464
2023.3363030183828,1.006659746170044,0.0016353409737348557
2023.3567345960182,1.0059120655059814,0.0016353431856259704
2023.3771663736552,1.0003604888916016,0.001635315245948732
2023.3975979512907,0.9974470138549805,0.0016345831099897623
2023.4384614063238,1.008614182472229,0.0016352380625903606
2023.4588929838428,1.0090320110321045,0.001636657863855362
2023.4793246613553,1.0012352466583252,0.0016351573867723346
2023.4997564387595,1.0060330629348755,0.0016353969695046544
2023.5201881165121,1.001020073890686,0.0016349663492292166
2023.5406196939075,0.997227668762207,0.0016346734482795
2023.5610514711952,0.9919902086257935,0.0016333019593730569
2023.581483148475,0.9953209161758423,0.0016328225610777736
2023.601914825762,1.0009324550628662,0.0016330305952578783
2023.622346503049,0.9918519258499146,0.001631369930692017
2023.6427781802195,0.9946579933166504,0.0016260704724118114
2023.7040732117166,0.9988405704498291,0.0016337857814505696
2023.7245049887715,1.001274585723877,0.0016336912522092462
2023.744936565825,1.0015974044799805,0.0016336976550519466
2023.7653682428718,1.0048153400421143,0.0016341008013114333
2023.7858000199267,1.003862977027893,0.0016338882269337773
2023.8062315968637,1.0060009956359863,0.0016339161666110158
2023.8266633737949,1.0066094398498535,0.0016341621521860361
2023.8470950507326,1.0075321197509766,0.001634353306144476
2023.8675266276696,1.0097970962524414,0.0016351041849702597
2023.8879584044844,1.0123589038848877,0.001635935390368104
2023.9083900813057,1.0103968381881714,0.0016358877765014768
2023.9288216581263,1.0097417831420898,0.001635636785067618
2023.949253434941,1.0079163312911987,0.0016354609979316592
2023.969685111646,1.0064657926559448,0.0016353175742551684
2023.9901167884673,1.008263349533081,0.001635263441130519
2024.010548465165,1.0058317184448242,0.0016355190891772509
2024.0309801417534,1.0082767009735107,0.0016366608906537294
2024.0514118184583,1.0056002140045166,0.001636588596738875
2024.0718434950395,1.0079267024993896,0.0016362224705517292
2024.092275171628,1.004704475402832,0.0016364635666832328
2024.1127068482165,1.0009230375289917,0.0016362204914912581
2024.1331385247977,0.9974668622016907,0.001635703258216381
2024.1740018777418,1.0108842849731445,0.0016360459849238396
2024.1944335542066,1.0075252056121826,0.0016361877787858248
2024.2148652306787,1.00867760181427,0.0016357380663976073
2024.2352970071515,1.0078421831130981,0.001635938067920506
2024.2557285834991,1.0113191604614258,0.0016369256190955639
2024.2761603598556,1.0072872638702393,0.0016363566974177957
2024.296592036204,1.0080227851867676,0.00163658382371068
2024.3170236125588,1.0024596452713013,0.001636622124351561
2024.3374553889153,1.003318428993225,0.0016367249190807343
2024.3578870651545,0.9977982044219971,0.0016355913830921054
2024.378318641444,0.9969984889030457,0.0016357669373974204
2024.4191820938577,1.0092353820800781,0.0016364537877961993
2024.439613670038,1.0068292617797852,0.0016361199086531997
2024.4600454462197,1.0091489553451538,0.0016364710172638297
2024.4804771223426,1.0078939199447632,0.0016363774193450809
2024.5009088984589,1.0062739849090576,0.0016368821961805224
2024.521340474581,1.0047048330307007,0.0016370441298931837
2024.5417721506965,1.0019456148147583,0.0016364840557798743
2024.5622039267037,0.9984216094017029,0.001636224682442844
2024.5826355027675,0.9965765476226807,0.0016352309612557292
2024.603067178774,0.9951357245445251,0.0016354125691577792
2024.6234989547738,0.9936779141426086,0.001635151682421565
2024.6643622067204,1.008851408958435,0.0016363548347726464
2024.6847939826694,1.0096814632415771,0.0016364160692319274
2024.7052256585594,1.0085242986679077,0.0016365877818316221
2024.7256573345003,1.0066426992416382,0.0016365108313038945
2024.746089010332,1.0086687803268433,0.0016365045448765159
2024.7665205862213,1.0113931894302368,0.0016370175871998072
2024.7869523620466,1.007416009902954,0.001637544366531074
2024.8073840378784,1.004382610321045,0.0016371557721868157
2024.8278156137094,1.0009772777557373,0.0016368272481486201
2024.8482473894765,0.9990869164466858,0.0016365607734769583
2024.86867906525,0.9960066080093384,0.0016362129244953394
2024.9095424167317,1.0117549896240234,0.0016367754433304071
2024.929974092447,1.0113399028778076,0.0016372252721339464
2024.9504058681632,1.008947491645813,0.0016367800999432802
2024.9708374438123,1.0111361742019653,0.001637483248487115
2024.9912691194695,1.007751703262329,0.0016366522759199142
2025.0117008951274,1.0081603527069092,0.0016375418053939939
2025.0321324707766,1.0048840045928955,0.001637380919419229
2025.0525641463755,1.0008615255355835,0.001637235633097589
2025.0729959219752,1.0020906925201416,0.001636754022911191
2025.0934274975662,0.9940483570098877,0.0016354173421859741
2025.113859173165,0.9955123066902161,0.0016355917323380709
2025.15472262424,1.0104986429214478,0.00163746508769691
2025.1751542997226,1.0087026357650757,0.0016368362121284008
2025.1955859752634,1.0092805624008179,0.0016368682263419032
2025.2160176507386,1.0092957019805908,0.001637959387153387
2025.2568810017037,1.0047287940979004,0.0016377214342355728
2025.277312677179,1.0014482736587524,0.0016375394770875573
2025.297744452604,0.9929580688476562,0.0016359119908884168
2025.3181760280277,0.9956939816474915,0.0016361292218789458
2025.3386077034447,0.9931472539901733,0.001636164146475494
2025.3590394788116,0.9944342374801636,0.0016318628331646323
2025.3999028295948,1.0045450925827026,0.0016384951304644346
2025.4203344049602,1.0012387037277222,0.0016377180581912398
2025.4407660803263,0.999366283416748,0.001636957167647779
2025.4611978556277,0.9972484707832336,0.0016367420321330428
2025.4816294309348,0.9968225359916687,0.0016360700828954577
2025.502061106301,0.9941703677177429,0.0016335106920450926
2025.5224928815442,0.9952114224433899,0.001631039660423994
2025.5429244568513,0.9984188675880432,0.0016236220253631473
2025.5633561321592,0.9992246627807617,0.0015989120583981276
2025.5837879074024,0.9964908361434937,0.0015640391502529383
2025.6042194826514,0.9910648465156555,0.001531808404251933
2025.6655145083932,1.0132559537887573,0.0016381889581680298
2025.6859462835855,1.0101665258407593,0.0016388490330427885
2025.706377958828,1.010793685913086,0.0016381206223741174
2025.7268096340194,1.0118526220321655,0.0016377752181142569
2025.7472413092037,1.0109963417053223,0.0016384541522711515
2025.7676729843952,1.0069154500961304,0.0016387117793783545
2025.7881046595867,1.0062602758407593,0.0016385902417823672
2025.80853633472,1.0050876140594482,0.0016388746444135904
2025.828968009846,1.0057597160339355,0.0016388362273573875
2025.8493997850383,1.0011048316955566,0.0016383748734369874
2025.8902630352968,1.0094183683395386,0.0016379348235204816
2025.9106948104309,1.005440592765808,0.0016384241171181202
2025.931126485557,1.008190393447876,0.0016382996691390872
2025.9515580606312,1.0043708086013794,0.0016378636937588453
2025.9719898357653,1.0062252283096313,0.0016383170150220394
2025.992421510833,1.0091583728790283,0.0016385394847020507
2026.0128530859656,1.0088961124420166,0.0016395479906350374
2026.0332848610415,1.002921223640442,0.0016392848920077085
2026.0537165361093,1.0059478282928467,0.0016393099213019013
2026.0741482111844,1.006466031074524,0.0016392519464716315
2026.0945798862595,1.001562237739563,0.0016390403034165502
2026.1354432363441,0.9977929592132568,0.0016369684599339962
2026.1558749114192,0.9969842433929443,0.0016369150253012776
2026.176306486428,1.0002833604812622,0.0016365415649488568
2026.196738261504,1.002242088317871,0.0016372192185372114
2026.2171699365208,1.0063090324401855,0.0016374703263863921
2026.2376016115304,1.008371353149414,0.0016379575245082378
2026.2580332866055,1.0167821645736694,0.0016392371617257595
2026.2784649616224,1.0066909790039062,0.001638380577787757
2026.2988967366327,1.0081913471221924,0.0016389609081670642
2026.3193283116489,1.0081593990325928,0.001639177673496306
2026.3397599866657,1.0071464776992798,0.0016393550904467702
2026.380623436693,1.0013372898101807,0.0016365655465051532
2026.401055011709,1.0044620037078857,0.0016372306272387505
2026.4214867867195,1.0030052661895752,0.0016370404046028852
2026.4419184616781,1.0045675039291382,0.0016376430867239833
2026.4623500366943,0.9984995126724243,0.0016373235266655684
2026.4827818117046,0.9998447895050049,0.0016373938415199518
2026.5032134867215,1.0003212690353394,0.0016372690442949533
2026.5236452616737,1.001460075378418,0.0016370874363929033
2026.5440768366898,1.0074131488800049,0.0016386014176532626
2026.5645085117067,1.0091208219528198,0.0016395386774092913
2026.5849402866588,1.0077012777328491,0.001639116439037025
2026.605371861675,1.0114119052886963,0.001639723777770996
2026.6258035366918,1.0083035230636597,0.001639560447074473
2026.646235311644,1.0085344314575195,0.0016402768669649959
2026.66666688666,1.0069198608398438,0.0016398824518546462
2026.6870985616188,1.0051544904708862,0.0016402059700340033
2026.7075303366291,1.0044126510620117,0.0016402301844209433
2026.7279619116453,1.0013080835342407,0.0016400240128859878
2026.7483936866047,0.9982361197471619,0.0016394158592447639
2026.7688253616143,0.9963429570198059,0.0016401528846472502
2026.7892569366304,0.9955685138702393,0.001638872199691832
2026.8096887115898,0.9954649806022644,0.0016389269148930907
2026.8301202865987,0.9968942403793335,0.0016377526335418224
2026.8709837366332,1.005431056022644,0.0016409755917266011
2026.8914153116493,1.0059528350830078,0.0016410518437623978
2026.911846986659,1.0031214952468872,0.0016408328665420413
2026.9322787616766,0.9971136450767517,0.0016403699992224574
2026.9527104366862,0.9962167739868164,0.001640470465645194
2026.973142111703,0.9970536828041077,0.001639942405745387
2026.99357378672,0.9932294487953186,0.0016391401877626777
2027.0140054617295,0.9955164790153503,0.0016383089823648334
2027.0344372367472,0.9964439868927002,0.0016368705546483397
2027.0548688118215,0.9946833848953247,0.001633616629987955
2027.075300486831,1.0001152753829956,0.0016261511482298374
2027.116163836923,1.0085828304290771,0.0016414312412962317
2027.136595511991,1.0050714015960693,0.001641236012801528
2027.1570272870085,1.0024830102920532,0.0016408964293077588
2027.1774588620829,1.004437804222107,0.0016414020210504532
2027.1978906371514,0.9976189732551575,0.0016407639486715198
2027.2183223122265,0.9945064187049866,0.0016406294889748096
2027.2387538873008,0.9922353625297546,0.0016392425168305635
2027.2591856624276,0.9987090229988098,0.0016385314520448446
2027.2796173375027,0.9984230399131775,0.0016355518018826842
2027.3000489126352,0.9979771971702576,0.0016261556884273887
2027.3204806877038,0.9969651699066162,0.0016152354655787349
2027.361344137913,0.9996613264083862,0.0016382676549255848
2027.3817757130382,0.9971860647201538,0.001638232497498393
2027.4022073881715,1.0002001523971558,0.0016390745295211673
2027.4226391632983,0.9990522861480713,0.0016383880283683538
2027.443070738489,1.0074751377105713,0.0016389687079936266
2027.4635024136805,1.0077763795852661,0.001640497473999858
2027.4839340888138,1.0056051015853882,0.001640694448724389
2027.5043658639988,1.0115325450897217,0.0016412382246926427
2027.5247974391896,1.009102463722229,0.0016411901451647282
2027.5452292143746,1.008865237236023,0.0016412211116403341
2027.5656607895653,1.0078411102294922,0.0016419433522969484
2027.6065242400073,1.008241891860962,0.0016403220361098647
2027.626955815249,1.006224513053894,0.0016407235525548458
2027.6473875904994,1.0073455572128296,0.0016404400812461972
2027.6678192656836,1.0098661184310913,0.0016408517258241773
2027.6882508409908,1.0085082054138184,0.001641451963223517
2027.7086826162413,1.0058048963546753,0.0016409222735092044
2027.7291142915492,1.0061343908309937,0.0016418949235230684
2027.749545866849,1.0064886808395386,0.0016418189043179154
2027.7699776421578,1.0025566816329956,0.0016413807170465589
2027.7904093174584,1.006925344467163,0.001641788287088275
2027.810841092767,1.009939193725586,0.0016421349719166756
2027.8517043434986,1.0014433860778809,0.0016373727703467011
2027.8721361188,1.0037270784378052,0.0016385860508307815
2027.8925676942235,1.0014876127243042,0.001638485467992723
2027.9129993695824,1.0027343034744263,0.0016389236552640796
2027.9334311450075,1.0011882781982422,0.0016392034012824297
2027.953862720431,0.9954164028167725,0.0016388848889619112
2027.9742943958554,1.0007888078689575,0.0016393550904467702
2027.9947261712732,1.000879168510437,0.0016395335551351309
2028.0151578467558,0.9968411922454834,0.0016398730222135782
2028.035589522231,0.999545156955719,0.0016396079445257783
2028.0560211976554,1.000921607017517,0.0016397000290453434
2028.076452873196,1.0049232244491577,0.0016402460169047117
2028.0968845487296,1.002670407295227,0.001640740898437798
2028.1786112508853,1.0054365396499634,0.0016427309019491076
2028.1990429264843,1.0097618103027344,0.0016427366062998772
2028.219474602076,1.007236361503601,0.0016435665311291814
2028.239906277733,1.0039479732513428,0.001643281546421349
2028.2603380533328,1.0032762289047241,0.0016436625737696886
2028.280769628982,1.002305030822754,0.0016428160015493631
2028.3012013046973,0.9986855387687683,0.0016428562812507153
2028.3420646560626,1.0020793676376343,0.001641546143218875
2028.362496331778,1.0077875852584839,0.001641990034841001
2028.382928107494,1.0102219581604004,0.0016431213589385152
2028.4033596832596,1.0083165168762207,0.001642636489123106
2028.423791459034,1.0066434144973755,0.0016431324183940887
2028.4442231348658,1.0156629085540771,0.0016440300969406962
2028.4646547106313,1.0042673349380493,0.0016433617565780878
2028.4850864864638,1.004726529121399,0.0016438214806839824
2028.5055181622956,1.001471996307373,0.001643379800952971
2028.5259497381776,1.0017553567886353,0.001644148025661707
2028.5463815140683,1.0010732412338257,0.0016435574507340789
2028.5872448658993,0.9940891265869141,0.0016409546369686723
2028.6076765418475,0.9975996613502502,0.0016407612711191177
2028.6281082177957,1.0009900331497192,0.0016412937548011541
2028.6485399937374,1.0042121410369873,0.0016417732695117593
2028.668971569743,1.0040485858917236,0.0016423098277300596
2028.6894032458076,1.0054997205734253,0.0016433012206107378
2028.7098350218657,1.0068893432617188,0.0016436281148344278
2028.7506982739942,1.0066421031951904,0.0016431070398539305
2028.7711300501105,1.0090036392211914,0.0016443583881482482
2028.7915617262333,1.004223108291626,0.0016441233456134796
2028.83242507853,1.00218665599823,0.0016387267969548702
2028.852856754711,0.9998176097869873,0.0016410842072218657
2028.873288430943,1.0010493993759155,0.001640426111407578
2028.8937201071822,0.9953761100769043,0.0016405184287577868
2028.9141516834788,0.994809091091156,0.0016409024829044938
2028.9345834597116,0.9958381652832031,0.001640602946281433
2028.9550151360672,0.9942958354949951,0.0016406107461079955
2028.975446712364,0.999515175819397,0.0016410195967182517
2028.995878488713,1.0004408359527588,0.001642156857997179
2029.016310165127,1.0001192092895508,0.0016427327645942569
2029.03674174154,1.0007039308547974,0.0016432227566838264
2029.0571735179474,1.0035192966461182,0.001643543248064816
2029.0776051943612,1.0068080425262451,0.00164381496142596
2029.098036970834,1.005111813545227,0.0016447155503556132
2029.1184685473563,1.0048621892929077,0.0016448203241452575
2029.1389002238866,1.0028053522109985,0.001644735224545002
2029.1593320004176,1.0038566589355469,0.0016452263807877898
2029.179763576998,1.001217246055603,0.001644826726987958
2029.2001952536448,0.9943130612373352,0.0016447172965854406
2029.220627030234,0.9969609379768372,0.0016449263785034418
2029.2410587068734,0.9957135915756226,0.001644617528654635
2029.2614903835783,0.9960086345672607,0.0016434891149401665
2029.2819220602833,0.9992915391921997,0.0016428891103714705
2029.322785413744,1.0041199922561646,0.0016427756054326892
2029.3432170905653,1.0057679414749146,0.0016442161286249757
2029.3636487673793,1.005859613418579,0.0016440562903881073
2029.3840805442014,1.002816915512085,0.0016443136846646667
2029.4045121210802,1.0054641962051392,0.0016447920352220535
2029.4249437979524,1.0072861909866333,0.0016454056603834033
2029.445375574891,1.0053176879882812,0.0016458380268886685
2029.465807151828,1.0024274587631226,0.0016460174228996038
2029.4862389288173,0.9998155236244202,0.0016456390731036663
2029.5066706058133,0.9994445443153381,0.0016460568876937032
2029.5271021828667,0.997462272644043,0.0016451264964416623
2029.567965537055,0.9952254295349121,0.0016425797948613763
2029.5883972141673,0.9970801472663879,0.001642178394831717
2029.6088289913023,0.9990279674530029,0.0016422119224444032
2029.6292605685303,0.9969616532325745,0.001642158254981041
2029.64969224573,0.9997888207435608,0.0016431474359706044
2029.6701240229813,1.0024845600128174,0.0016437985468655825
2029.6905556002675,1.0009567737579346,0.0016441234620288014
2029.710987377548,1.0028694868087769,0.001644412986934185
2029.7314190548932,1.0080969333648682,0.00164549401961267
2029.7518507322675,1.0024545192718506,0.001645226962864399
2029.7722824096709,1.0022695064544678,0.0016462244093418121
2029.8131457645577,0.9941202998161316,0.0016418998129665852
2029.8335774420702,1.0005311965942383,0.0016429940005764365
2029.85400911959,1.0014559030532837,0.001643751747906208
2029.8744408971397,1.0005149841308594,0.0016444899374619126
2029.8948725747396,1.0030219554901123,0.0016446450026705861
2029.915304152375,1.0040721893310547,0.0016447927337139845
2029.9357359300411,1.002325415611267,0.0016451734118163586
2029.9561676077283,1.0020478963851929,0.001645164331421256
2029.976599185451,1.0032826662063599,0.0016529200365766883
2029.9970309632045,1.0037654638290405,0.001654100720770657
2030.017462641008,1.003807544708252,0.0016534669557586312
2030.058325996688,0.9989203810691833,0.001647567842155695
2030.0787576745788,0.9996748566627502,0.001648205448873341
2030.0991894525068,0.994693398475647,0.0016484132502228022
2030.1196210304915,0.9958829283714294,0.0016494652954861522
2030.1400527084988,0.9955520629882812,0.0016496025491505861
2030.1604844865142,0.992881178855896,0.0016498214099556208
2030.1809160645862,0.9931817650794983,0.0016499687917530537
2030.20134774271,0.996969997882843,0.0016500737983733416
2030.221779420841,0.996057391166687,0.0016505063977092505
2030.24221109903,1.0001541376113892,0.0016517216572538018
2030.2626427772411,1.0027761459350586,0.0016522676451131701
2030.2830744554885,1.0020558834075928,0.00165296730119735
2030.3035061337941,1.002315640449524,0.0016527889529243112
2030.3239379120932,1.001705288887024,0.001653220970183611
2030.3443694904854,1.0035173892974854,0.0016538867494091392
2030.3648011688783,1.0046144723892212,0.00165464635938406
2030.385232947323,1.0025849342346191,0.001654167310334742
2030.405664625774,1.0007673501968384,0.001655175699852407
2030.4260962043118,1.0002532005310059,0.001654562191106379
2030.4465279828437,0.9995966553688049,0.001654640189372003
2030.4669596614403,0.995933473110199,0.0016542654484510422
2030.487391340066,0.9959064722061157,0.0016541214426979423
2030.5078230189465,0.9986374378204346,0.0016537965275347233
2030.5486863764017,1.0024601221084595,0.0016537231858819723
2030.5691180551657,1.003774881362915,0.001653901650570333
2030.5895497339952,1.0016543865203857,0.0016550689470022917
2030.6099815128546,1.004805088043213,0.0016553847817704082
2030.6304130917633,1.009137511253357,0.0016560846706852317
2030.6508447707092,0.9991466999053955,0.0016546358820050955
2030.6712765496777,0.9994227290153503,0.0016551907174289227
2030.6917081287102,0.99776691198349,0.0016550137661397457
2030.7121399077732,0.9951592683792114,0.0016545383259654045
2030.7325715868938,0.9962322115898132,0.0016547059640288353
2030.7530031660353,0.9946344494819641,0.001653539133258164
2030.7938666244445,0.9968681335449219,0.001651971717365086
2030.8142982037389,0.9969154000282288,0.00165245879907161
2030.8347299830348,0.9975425601005554,0.0016527583356946707
2030.8551616624172,0.9987152218818665,0.0016533252783119678
2030.8755933417924,1.0030807256698608,0.0016541691729798913
2030.896025021233,1.0032093524932861,0.0016557861818000674
2030.9164567007247,1.002488613128662,0.001656317850574851
2030.9368883802526,1.0012764930725098,0.0016563005046918988
2030.9573200598388,0.9970868229866028,0.00165567547082901
2030.977751739454,0.9991428852081299,0.0016558764036744833
2030.9981834191203,1.0008701086044312,0.00165661855135113
2031.0390467785473,0.9930329322814941,0.0016509504057466984
2031.059478558338,0.9911558032035828,0.001651502214372158
2031.0799101381854,0.9926313161849976,0.0016514072194695473
2031.100341918056,0.9953821897506714,0.0016525167739018798
2031.1207735979624,0.9959712624549866,0.001653071609325707
2031.1412051779553,0.997705340385437,0.0016534746391698718
2031.1616369579424,1.0008749961853027,0.0016543519450351596
2031.1820686380233,1.0004875659942627,0.0016554417088627815
2031.2025002181326,1.0031877756118774,0.001656235079281032
2031.2229319982653,1.0016264915466309,0.001656359527260065
2031.2433636784626,0.9988681077957153,0.0016570560401305556
2031.2842270389956,0.9896240830421448,0.0016509817214682698
2031.3046587193676,0.9905465245246887,0.0016522799851372838
2031.3250904997403,0.9911808371543884,0.0016519847558811307
2031.3455220801625,0.99479079246521,0.0016525468090549111
2031.3659537606509,1.0069102048873901,0.001654135761782527
2031.3863855411691,0.998112678527832,0.001653638668358326
2031.4068171217368,1.0015294551849365,0.0016548704588785768
2031.4272488023707,0.9976969361305237,0.0016553376335650682
2031.4476805830345,1.0015289783477783,0.001656070351600647
2031.4681121637768,1.0050398111343384,0.0016566659323871136
2031.488543944528,0.9999542832374573,0.0016575640765950084
2031.529407306196,0.999198317527771,0.0016540749929845333
2031.549838987121,0.9987524747848511,0.0016549155116081238
2031.570270668075,0.9977343082427979,0.001655203872360289
2031.5907022491083,0.9986904263496399,0.0016562509117648005
2031.6111340301504,1.001199722290039,0.0016565670957788825
2031.6315657112718,1.004732608795166,0.0016574321780353785
2031.651997292458,1.0040713548660278,0.0016569106373935938
2031.6724290736456,1.0019809007644653,0.0016569170402362943
2031.6928607549198,1.0028506517410278,0.0016570781590417027
2031.713292436245,0.9966311454772949,0.0016576931811869144
2031.7337241176065,0.9995542168617249,0.0016573804896324873
2031.7745875804685,0.9908735752105713,0.001652311533689499
2031.7950191620039,0.9957242608070374,0.001652842853218317
2031.8154508435691,0.9963548183441162,0.0016534479800611734
2031.8358826252152,0.9927340745925903,0.00165356055367738
2031.856314206896,0.9987818598747253,0.0016546497354283929
2031.8767459886003,0.9975632429122925,0.0016548543935641646
2031.8971776703984,1.0021002292633057,0.0016563213430345058
2031.9176092522248,1.0006550550460815,0.001656901789829135
2031.9380410341037,1.0018877983093262,0.0016567682614549994
2031.9584727160473,1.0009790658950806,0.0016575538320466876
2031.9789042980483,1.0030922889709473,0.0016582305543124676
2032.01976776222,0.9909466505050659,0.0016518192132934928
2032.0401994443673,0.9863397479057312,0.0016525271348655224
2032.0606311265656,0.9907910823822021,0.001652606762945652
2032.0810628088293,0.9867405295372009,0.0016528837149962783
2032.101494591152,0.9952768683433533,0.0016532911686226726
2032.1219261735241,0.9957898855209351,0.0016546838451176882
2032.1423578559625,0.9942815899848938,0.001654385239817202
2032.1627896384452,0.9982108473777771,0.001655398402363062
2032.183221220992,0.9981669187545776,0.0016554581234231591
2032.2036529035904,0.9984502792358398,0.0016558351926505566
2032.2240846862333,0.997999370098114,0.0016569624422118068
2032.2649480517139,0.9983908534049988,0.0016504381783306599
2032.2853797345306,0.9961193203926086,0.001651445752941072
2032.3058113174266,0.9966363906860352,0.0016520413337275386
2032.326243100346,0.9932664036750793,0.0016528978012502193
2032.3466747833518,0.990510880947113,0.0016526527469977736
2032.3671063663933,0.9889264106750488,0.0016527462285012007
2032.3875381495018,0.990781843662262,0.0016534841852262616
2032.4079698326677,0.9905174970626831,0.0016528046689927578
2032.4284014158984,0.9935024976730347,0.0016534863971173763
2032.448833199167,0.9947383999824524,0.001654705498367548
2032.4692648825076,0.9969401359558105,0.0016553878085687757
2032.4896966658998,0.9969434142112732,0.0016565941041335464
2032.5101282493706,0.9964130520820618,0.0016572740860283375
2032.5305599329004,1.000748872756958,0.0016581793315708637
2032.5509917164673,0.9970502853393555,0.0016579829389229417
2032.571423300098,0.9989310503005981,0.0016585219418630004
2032.5918549838025,0.9955231547355652,0.0016587653663009405
2032.6122867675294,0.9968287348747253,0.001658349996432662
2032.632718351364,0.9912548065185547,0.0016585743287578225
2032.6531501352292,0.9928649663925171,0.0016575156478211284
2032.6735818191737,0.9942967891693115,0.0016574803739786148
2032.694013403183,0.9962856769561768,0.001658500637859106
2032.7144451872155,0.9983984231948853,0.0016570525476709008
2032.7553085555264,0.9951251149177551,0.0016555105103179812
2032.7757402397692,0.996707022190094,0.0016568765277042985
2032.796171924063,0.9977140426635742,0.0016576288035139441
2032.8166036084367,1.0023422241210938,0.0016580554656684399
2032.8370352928614,0.9982888102531433,0.0016597709618508816
2032.8574669773516,1.001035213470459,0.0016590914456173778
2032.8778986619,0.9994232654571533,0.001659983186982572
2032.8983304465146,0.9937413930892944,0.0016587780555710196
2032.9187620311932,0.9906604886054993,0.0016596015775576234
2032.9391938159315,0.9933518767356873,0.0016587539575994015
2032.9596254007483,0.9913285374641418,0.0016574953915551305
2033.0004888705298,0.9989914298057556,0.0016582137905061245
2033.020920455543,1.002386212348938,0.0016590754967182875
2033.0413522405797,0.9992654323577881,0.0016592915635555983
2033.0617839257102,0.9942993521690369,0.0016593884211033583
2033.0822155109054,0.9922741055488586,0.001659226487390697
2033.102647296153,0.994491457939148,0.001658785156905651
2033.1230789814726,0.9936630129814148,0.0016581490635871887
2033.1435105668643,0.9953611493110657,0.0016579185612499714
2033.1639423522938,0.9999396800994873,0.0016564233228564262
2033.1843740378172,1.0044161081314087,0.0016545138787478209
2033.2048056234053,1.0072745084762573,0.0016427964437752962
2033.2456690947583,0.9983396530151367,0.0016590501181781292
2033.2661008805226,1.001611351966858,0.0016596540808677673
2033.2865324663799,0.9986740350723267,0.0016591507010161877
2033.3069641522816,0.9980173110961914,0.0016603238182142377
2033.327395938264,0.9944282174110413,0.0016602597897872329
2033.3478275243106,0.9939534068107605,0.0016589410370215774
2033.3682592104306,0.9940305352210999,0.0016584470868110657
2033.3886909966022,0.9999699592590332,0.0016590557061135769
2033.4091226828532,1.001028299331665,0.001655885949730873
2033.4295543691624,1.0037891864776611,0.001652380102314055
2033.4499860555516,1.006497859954834,0.001626891316846013
2033.4908494285337,0.9887542724609375,0.0016546696424484253
2033.5112811151193,0.9902927279472351,0.0016546116676181555
2033.531712801785,0.986294686794281,0.0016545529942959547
2033.5521445884951,0.9925413727760315,0.001655961968936026
2033.5725761753056,0.9915570020675659,0.0016562254168093204
2033.5930079621685,0.9917746782302856,0.0016567583661526442
2033.6134395491245,0.9976962208747864,0.0016574155306443572
2033.6338712361248,0.9965029954910278,0.001658035209402442
2033.6543030231987,0.994811475276947,0.001658170367591083
2033.6747346103584,0.9984233975410461,0.0016586263664066792
2033.6951662975698,1.0014578104019165,0.0016600784147158265
2033.7360296722327,0.990002453327179,0.0016559282084926963
2033.7564613596624,0.9942943453788757,0.001657302025705576
2033.7768931471583,0.9914863705635071,0.0016568388091400266
2033.7973247347472,0.9955368041992188,0.0016583411488682032
2033.8177565223814,1.000455617904663,0.0016591213643550873
2033.838188210102,0.9997994899749756,0.0016605679411441088
2033.8586197979166,0.9991381764411926,0.0016601717798039317
2033.8790515857618,0.9957701563835144,0.001660720445215702
2033.899483273708,0.9967766404151917,0.0016605620039626956
2033.9199149617125,0.9931128025054932,0.0016607812140136957
2033.940346649797,0.9939517974853516,0.0016609732992947102
2033.9812101261705,0.9995886087417603,0.0016603237017989159
2034.0016417144943,0.9984691143035889,0.001659913919866085
2034.0220734028771,0.9969834685325623,0.001660308800637722
2034.0425051913116,0.9954602122306824,0.0016610560705885291
2034.06293687984,0.9989014267921448,0.0016612380277365446
2034.0833684684549,0.989942729473114,0.0016610454767942429
2034.103800257115,0.9941954016685486,0.0016608929727226496
2034.124231945876,0.9954410195350647,0.001660992274992168
2034.1446635347093,0.996471107006073,0.0016597999492660165
2034.1650953236021,0.9989649653434753,0.0016589768929407
2034.1855270125816,1.0049511194229126,0.0016563888639211655
2034.2263903907588,0.9845991134643555,0.0016547554405406117
2034.246822079971,0.9880247712135315,0.00165575894061476
2034.267253769256,0.9882802367210388,0.0016560273943468928
2034.2876854586066,0.9919117093086243,0.0016568886348977685
2034.3081171480444,0.9932131171226501,0.001657390152104199
2034.3285488375623,0.9935760498046875,0.0016582135576754808
2034.3489805271456,0.9963899254798889,0.0016592784086242318
2034.3694123168025,0.9963566660881042,0.0016590968007221818
2034.389843906567,0.9996979236602783,0.0016606649151071906
2034.4102755963831,0.9969897866249084,0.0016611347673460841
2034.4307073862801,0.9978190064430237,0.0016610448947176337
2034.4715706663192,0.990761399269104,0.0016573519678786397
2034.492002456449,0.9935474991798401,0.0016572691965848207
2034.5124340466791,0.9923709630966187,0.0016582864336669445
2034.5328657369682,0.9956170320510864,0.0016594899352639914
2034.5532975273309,0.9942716360092163,0.001659743138588965
2034.5737291177938,0.9986425638198853,0.0016612792387604713
2034.5941609083166,0.9968568682670593,0.0016613206826150417
2034.6145925989258,0.997380793094635,0.0016617804067209363
2034.6350242896224,0.9924337863922119,0.0016617990331724286
2034.655455980399,0.9949326515197754,0.0016631016042083502
2034.6758876712483,0.9906472563743591,0.0016607140423730016
2034.7371827442912,0.9922827482223511,0.0016568395076319575
2034.7576145354615,0.9919720888137817,0.0016565447440370917
2034.7780462267256,0.9859849214553833,0.0016560187796130776
2034.7984778180762,0.9852228760719299,0.0016567404381930828
2034.8189096094793,0.9929762482643127,0.0016580707160755992
2034.8393413009835,0.9902679324150085,0.0016578698996454477
2034.8597728925815,0.9929364323616028,0.0016586713027209044
2034.8802046842393,0.9929594993591309,0.0016601479146629572
2034.9006363759981,0.9952098727226257,0.0016604481497779489
2034.9210679678436,0.9958677291870117,0.001662003225646913
2034.9619314517477,0.993845522403717,0.0016563964309170842
2034.982363143834,0.9893620014190674,0.0016562942182645202
2035.0027948360002,0.9907140135765076,0.0016572806052863598
2035.0232264282677,0.9847587943077087,0.0016566466074436903
2035.0436582205948,0.9881722927093506,0.0016579695511609316
2035.0640899130158,0.9913238883018494,0.0016585196135565639
2035.0845215055306,0.9917827844619751,0.00165971415117383
2035.1049532981124,0.9967775940895081,0.0016609005397185683
2035.1253849907807,0.9962980151176453,0.001662103459239006
2035.1458167835444,0.9973185658454895,0.0016619518864899874
2035.1662483764012,0.9955707788467407,0.0016626318683847785
2035.2071118623353,0.9926429390907288,0.0016562431119382381
2035.2275434554467,0.9935229420661926,0.0016572213498875499
2035.2479751486317,0.9894824624061584,0.00165740551892668
2035.2684069419047,0.9880081415176392,0.0016574825858697295
2035.2888386352715,0.9903945922851562,0.0016582016833126545
2035.3092703287184,0.9920032024383545,0.001659971079789102
2035.3297020222526,0.9952330589294434,0.0016599575756117702
2035.3501337158814,0.9972988963127136,0.001660714391618967
2035.370565409583,0.9981990456581116,0.00166238599922508
2035.3909971033936,1.002541184425354,0.0016632737824693322
2035.411428797277,0.9939361214637756,0.0016626189462840557
2035.4522921853131,0.9942119121551514,0.0016607645666226745
2035.4727238794658,1.0082042217254639,0.0016617410583421588
2035.493155673692,0.997395932674408,0.0016615253407508135
2035.513587268033,0.9977050423622131,0.0016613007755950093
2035.5340190624484,0.9992517232894897,0.0016626100987195969
2035.554450756943,0.9970084428787231,0.0016628095181658864
2035.5748823515532,0.9957448244094849,0.0016626098658889532
2035.5953141462232,0.9990138411521912,0.0016633433988317847
2035.6157458410016,0.9952545762062073,0.0016630227910354733
2035.636177435881,0.9928489327430725,0.001662981929257512
2035.6566092308349,0.9935696125030518,0.0016624912386760116
2035.69747262101,0.9965803027153015,0.0016611397732049227
2035.7179043162323,0.9992417097091675,0.0016618765657767653
2035.738335911563,0.9975298643112183,0.001662745140492916
2035.758767706975,0.9984057545661926,0.0016629766905680299
2035.779199402481,0.9975577592849731,0.0016628276789560914
2035.799631098067,0.996688961982727,0.0016636556247249246
2035.820062793755,0.9928937554359436,0.0016631872858852148
2035.8404944895228,0.9933395981788635,0.0016638408415019512
2035.860926285386,0.9970309138298035,0.0016634389758110046
2035.8813578813715,0.9933686256408691,0.0016634023049846292
2035.9017895774232,0.9983905553817749,0.0016626034630462527
2035.9426530698038,0.9950018525123596,0.001661213580518961
2035.9630846661385,0.9963195323944092,0.0016618423396721482
2035.983516462562,0.9970209002494812,0.001663325703702867
2036.0039481590939,1.0014450550079346,0.0016638601664453745
2036.0243797557196,0.9966375231742859,0.0016637083608657122
2036.0448115524123,0.9968279600143433,0.00166382547467947
2036.0652432492134,0.992993175983429,0.0016641445690765977
2036.0856750461098,0.9932608604431152,0.001664383802562952
2036.1061066430993,0.995270848274231,0.0016641903202980757
2036.126538340206,0.9912421703338623,0.001664048177190125
2036.1469701373644,0.9981895685195923,0.0016634840285405517
2036.1878334320427,1.0000648498535156,0.00166386179625988
2036.208265229492,0.9986647367477417,0.001663931761868298
2036.2286968270637,0.9963362812995911,0.0016638821689411998
2036.249128624724,0.9948976039886475,0.0016642864793539047
2036.2695602224921,0.9918398261070251,0.001664329320192337
2036.2899919203555,0.9936595559120178,0.0016646425938233733
2036.3104237182924,0.9952653050422668,0.0016640628455206752
2036.3308554163377,0.9948411583900452,0.00166340044233948
2036.3512870144914,1.002068042755127,0.0016618852969259024
2036.371718812734,1.0058859586715698,0.0016601502429693937
2036.392150411084,1.007339596748352,0.0016514552989974618
2036.433013908063,0.993116557598114,0.0016599802765995264
2036.4534455066896,0.9949032068252563,0.001661595655605197
2036.4738773054269,0.9966707825660706,0.0016623904230073094
2036.4943090042652,0.9999169707298279,0.0016629426972940564
2036.5147407031836,1.0003465414047241,0.0016649526078253984
2036.5351724022257,0.997199296951294,0.0016646354924887419
2036.5556041013406,0.9970443248748779,0.0016644890420138836
2036.5760358005646,0.9960504770278931,0.0016648446908220649
2036.5964675998985,0.993460476398468,0.0016649630852043629
2036.6168991993472,0.9918115735054016,0.0016642437549307942
2036.6373309988485,0.9961537718772888,0.0016645601717755198
2036.678194298227,0.9931789040565491,0.0016607404686510563
2036.6986260980339,0.9929282069206238,0.0016618972877040505
2036.7190577979636,0.9942076206207275,0.0016622795956209302
2036.739489398009,0.9969634413719177,0.0016632664483040571
2036.759921198136,0.9957605004310608,0.0016646884614601731
2036.7803528983713,0.9986461400985718,0.0016650145407766104
2036.8007846986875,0.998078465461731,0.0016650601755827665
2036.8212162991404,0.9954188466072083,0.0016652478370815516
2036.8416479996813,0.9957536458969116,0.001665780902840197
2036.8620798003176,0.9953176975250244,0.0016647584270685911
2036.882511401076,0.9958465695381165,0.0016645340947434306
2036.92337490285,0.9937418103218079,0.001662081922404468
2036.943806503914,0.9942843317985535,0.0016619079979136586
2036.9642382050806,0.9926811456680298,0.001662572380155325
2036.984670006328,1.0008920431137085,0.0016642740229144692
2037.0051016076977,0.999835729598999,0.0016650555189698935
2037.0255334091562,0.9994848370552063,0.0016653494676575065
2037.0459650107368,0.9963451027870178,0.0016652911435812712
2037.0663967124128,0.993606448173523,0.0016655951039865613
2037.0868285141914,0.9950671792030334,0.0016661258414387703
2037.1072602160784,0.9962576627731323,0.0016659420216456056
2037.1276918180738,0.9944857954978943,0.0016649349126964808
2037.1685553223506,0.9986276030540466,0.0016572910826653242
2037.1889870246669,0.9943080544471741,0.00165939808357507
2037.209418727085,0.9901865124702454,0.001659950241446495
2037.2298504295977,0.9885740280151367,0.0016606916906312108
2037.2502821322196,0.9927690029144287,0.0016610666643828154
2037.2707138349433,0.994885265827179,0.001662471448071301
2037.2911455377907,0.9987956285476685,0.0016632808838039637
2037.3115773407335,0.997394323348999,0.0016639273380860686
2037.3320089437766,1.0053441524505615,0.0016659514512866735
2037.3524407469304,0.9986773729324341,0.0016661484260112047
2037.372872450207,1.0015467405319214,0.0016660696128383279
2037.4137358570442,0.9966673254966736,0.0016641184920445085
2037.434167560641,0.9970120787620544,0.0016644645947963
2037.4545991643536,1.001881718635559,0.0016655882354825735
2037.4750309681476,0.99836266040802,0.001665738644078374
2037.4954626720646,0.9989678263664246,0.0016660437686368823
2037.5158942758062,0.9982693195343018,0.001666518859565258
2037.5363260799495,0.9990584850311279,0.0016666208393871784
2037.5567577841866,0.9972824454307556,0.0016674580983817577
2037.5771895885046,0.9953375458717346,0.0016668441239744425
2037.5976211929737,0.994747519493103,0.0016656732186675072
2037.6180528975601,0.9929594397544861,0.0016661299159750342
2037.6589163070457,0.9911109209060669,0.001661914517171681
2037.6793480119231,0.9919068217277527,0.001662198337726295
2037.699779716946,0.9961320161819458,0.0016643351409584284
2037.720211422049,0.9966397285461426,0.001664447714574635
2037.7406432273056,0.9986587762832642,0.0016645094146952033
2037.7610748326406,1.000656008720398,0.0016665703151375055
2037.7815065381,1.0002939701080322,0.0016668695025146008
2037.8019383436476,0.9987000823020935,0.0016665143193677068
2037.8223700493327,0.9978793859481812,0.0016674926737323403
2037.8428016551406,0.9986952543258667,0.0016671979101374745
2037.8632334610375,0.9945533871650696,0.001667274278588593
2037.9040968731715,0.9998952150344849,0.0016632812330499291
2037.9245285794168,0.9943267107009888,0.0016636542277410626
2037.9449602857712,0.9973186254501343,0.0016650662291795015
2037.965392092221,1.003341794013977,0.0016658074455335736
2037.9858236988148,1.004111647605896,0.0016666313167661428
2038.0062554055185,1.0000239610671997,0.0016672821948304772
2038.0266872123175,0.9987767338752747,0.0016669417964294553
2038.0471188192314,0.9993506073951721,0.0016678732354193926
2038.0675505262843,0.9977207779884338,0.0016679528634995222
2038.0879823334326,0.9985254406929016,0.0016678685788065195
2038.1084139406958,0.9946556091308594,0.0016674951184540987
2038.1492774555663,1.0013643503189087,0.0016581084346398711
2038.1697090632078,0.997492253780365,0.001660722540691495
2038.1901408709018,0.9991511106491089,0.0016619468806311488
2038.2105725787478,0.9922230243682861,0.0016617184737697244
2038.2310041867095,0.9909915924072266,0.0016622465336695313
2038.2514359947818,0.9892946481704712,0.001662372495047748
2038.271867702977,0.9919480085372925,0.001663880073465407
2038.2922994112887,0.9950536489486694,0.0016635195352137089
2038.3127311197095,0.9953169226646423,0.0016645535361021757
2038.333162828254,0.9966238737106323,0.001665114308707416
2038.353594536915,0.9987879395484924,0.0016655728686600924
2038.3740262456558,1.000772476196289,0.0016665622824802995
2038.3944579545496,1.000661849975586,0.0016676380764693022
2038.4148896635888,1.0010236501693726,0.001668193144723773
2038.4353213727081,0.9997933506965637,0.0016679528634995222
2038.4557531819519,0.9994937181472778,0.001668370678089559
2038.476184891304,0.9957254528999329,0.0016684081638231874
2038.4966165008082,0.9972406625747681,0.0016688790637999773
2038.5170483104012,0.9959576725959778,0.001668014912866056
2038.5374800201098,0.9984836578369141,0.0016677862731739879
2038.557911629956,1.0057634115219116,0.0016666757874190807
2038.5783434399273,1.0071723461151123,0.0016651200130581856
2038.5987751499779,1.011082410812378,0.0016599853988736868
2038.6396385705011,0.9952772259712219,0.001664338051341474
2038.6600702809374,0.995550274848938,0.0016655349172651768
2038.6805020914835,1.0037084817886353,0.001666304306127131
2038.700933702181,1.0004767179489136,0.0016669771866872907
2038.7213654129882,1.0017826557159424,0.001667897799052298
2038.741797223891,0.9989604353904724,0.0016683872090652585
2038.7622288349376,0.9981162548065186,0.001668615615926683
2038.7826605461014,0.9950577020645142,0.0016684806905686855
2038.8030923573751,0.9951493740081787,0.001668961369432509
2038.8235239688001,0.9968387484550476,0.0016683483263477683
2038.8439557803067,1.001587152481079,0.0016680482076480985
2038.8848191037396,1.0017179250717163,0.0016680792905390263
2038.9052509156245,1.0012341737747192,0.0016685780137777328
2038.9256826276323,1.0013335943222046,0.0016687585739418864
2038.9461143397857,0.9995476007461548,0.001668996294029057
2038.9665460520482,0.9984230995178223,0.0016699217958375812
2038.9869777644344,0.9949803948402405,0.001668432611040771
2039.007409476937,1.000588059425354,0.0016692504286766052
2039.0278411895779,1.0042991638183594,0.0016677577514201403
2039.0482729023424,1.010269045829773,0.001666202675551176
2039.0687046152234,1.0111585855484009,0.0016598718939349055
2039.0891363282135,1.0098159313201904,0.0016427346272394061
2039.1299998546165,1.000888466835022,0.0016690773190930486
2039.1504314679842,0.9998165369033813,0.0016691184137016535
2039.1708631815054,0.9992386698722839,0.0016699738334864378
2039.1912949951438,0.995695173740387,0.0016698309918865561
2039.2117266088899,0.9995024800300598,0.0016696074744686484
2039.2321584227611,1.0024422407150269,0.0016687019960954785
2039.2525901367771,1.006714105606079,0.0016677252715453506
2039.2730217509015,1.0082530975341797,0.0016619247617200017
2039.2934535651802,1.017541527748108,0.0016508890548720956
2039.3138852795746,1.0109118223190308,0.001620835275389254
2039.3343168940773,1.0052837133407593,0.0015773180639371276
2039.3956122383606,0.9924030900001526,0.001664292416535318
2039.4160438534236,0.990048885345459,0.0016647550510242581
2039.4364755685456,0.9947085976600647,0.0016657086089253426
2039.4569073838356,0.9962553381919861,0.00166584481485188
2039.4773389992479,1.0021538734436035,0.0016662018606439233
2039.4977707147773,0.9957205653190613,0.0016672560013830662
2039.5182025304457,0.9994393587112427,0.0016676331870257854
2039.5386341462363,0.9973605275154114,0.0016674703219905496
2039.5590658621659,1.000737190246582,0.0016684354050084949
2039.5794976781908,1.003900408744812,0.0016693538054823875
2039.5999293943896,1.0034376382827759,0.0016696063103154302
2039.6203611106976,1.0002198219299316,0.001670111552812159
2039.6407928271292,1.0013673305511475,0.0016702774446457624
2039.6612244437056,1.0018858909606934,0.0016705875750631094
2039.6816562603926,0.9966153502464294,0.0016707014292478561
2039.7020879772317,0.9974827170372009,0.0016712606884539127
2039.7225195942156,0.9980309009552002,0.0016711950302124023
2039.742951411281,1.0007249116897583,0.0016712361248210073
2039.7633831284984,0.9992538094520569,0.0016706095775589347
2039.783814945862,1.001413106918335,0.0016694256337359548
2039.8042465633334,1.0064208507537842,0.0016695025842636824
2039.8246782809874,1.0118639469146729,0.0016656409716233611
2039.8655417166083,0.9942784309387207,0.0016666185110807419
2039.8859734346115,0.9992733001708984,0.0016681564738973975
2039.906405252761,1.0026698112487793,0.0016689427429810166
2039.9268368710473,1.0038683414459229,0.0016695144586265087
2039.947268589458,1.0035709142684937,0.0016703003784641623
2039.9677004079858,1.0009815692901611,0.001670449273660779
2039.9881320266795,1.0004925727844238,0.0016712250653654337
2040.0085638454984,1.0008758306503296,0.001671266509220004
2040.028995564462,1.0008211135864258,0.0016714147059246898
2040.0494271835341,0.9998258948326111,0.001672105398029089
2040.0698590027314,0.9964590668678284,0.001671831589192152
2040.110722341582,1.0072067975997925,0.0016705369343981147
2040.1311541611867,1.0027246475219727,0.0016713783843442798
2040.151585880907,1.0022978782653809,0.0016716057434678078
2040.1720177007955,0.9966574311256409,0.0016712970100343227
2040.1924493208062,0.998297393321991,0.0016717081889510155
2040.2128810409922,0.9988122582435608,0.0016723622102290392
2040.2333128612881,0.9980969429016113,0.001672278856858611
2040.253744581707,1.0005367994308472,0.001671588746830821
2040.2741762022415,0.9976974725723267,0.0016710303025320172
2040.2946080229449,1.0066255331039429,0.001670814584940672
2040.3150397437712,1.0079338550567627,0.0016708752373233438
2040.3559031858822,1.0018482208251953,0.001669578836299479
2040.376334907116,1.0015006065368652,0.0016703372821211815
2040.396766628517,1.005319356918335,0.0016713408986106515
2040.4171983500419,0.9991121888160706,0.0016722653526812792
2040.4376299717405,0.9989477396011353,0.0016717893304303288
2040.458061793499,1.001619577407837,0.0016719700070098042
2040.478493515424,0.997739851474762,0.0016719995765015483
2040.49892513753,1.0005580186843872,0.001672946847975254
2040.5193569596886,0.997224748134613,0.0016722559230402112
2040.5397886820865,1.0010087490081787,0.001673025544732809
2040.5602205045434,1.0034923553466797,0.0016711759380996227
2040.6010838499715,0.9982773065567017,0.0016697902465239167
2040.6215156728358,1.000722050666809,0.0016697101527824998
2040.6419472959242,1.0010548830032349,0.0016706847818568349
2040.6623790190788,1.002084732055664,0.001671713194809854
2040.6828108424088,1.002495527267456,0.001672032056376338
2040.703242465912,1.0001534223556519,0.0016726525500416756
2040.7236742894675,1.0035039186477661,0.0016724324086681008
2040.7441060132624,0.9983242750167847,0.0016724476590752602
2040.7645377371664,0.9988003969192505,0.001673592603765428
2040.7849694611941,0.996580183506012,0.0016732820076867938
2040.8054011853383,0.9975532293319702,0.0016731523210182786
2040.846264634085,1.0002286434173584,0.0016705800080671906
2040.8666963586948,1.0062196254730225,0.0016713773366063833
2040.8871281834145,0.9989669322967529,0.0016717365942895412
2040.9075598083145,1.0019187927246094,0.001672946265898645
2040.9279915333318,0.9976611137390137,0.001672845333814621
2040.9484233585172,1.00083327293396,0.0016735658282414079
2040.9688550838255,0.9997979998588562,0.0016736391698941588
2040.9892867093076,0.9965435266494751,0.001673542894423008
2041.0097185349005,0.996418297290802,0.0016741675790399313
2041.0301501606154,0.9991781115531921,0.001673227990977466
2041.0505818865058,1.0008260011672974,0.0016720781568437815
2041.0914453386868,1.0024828910827637,0.0016727503389120102
2041.1118771649853,0.9998425841331482,0.0016738642007112503
2041.1323088914505,0.9993996620178223,0.001673571183346212
2041.1527405180968,0.9983456134796143,0.0016735856188461185
2041.1731723448029,0.9972667694091797,0.0016745555913075805
2041.1936040717337,0.997419536113739,0.001675174804404378
2041.2140356987875,0.9999684691429138,0.001673692255280912
2041.2344675259592,1.003611445426941,0.001673273160122335
2041.2548992532975,1.0067729949951172,0.0016710016643628478
2041.2753310807602,1.011392593383789,0.0016634585335850716
2041.295762708396,1.011297345161438,0.001646615331992507
2041.3570578921717,0.9978287220001221,0.0016692797653377056
2041.377489620325,0.9960130453109741,0.0016682706773281097
2041.397921448719,0.9917985796928406,0.0016695433296263218
2041.418353077228,0.9931031465530396,0.001670932862907648
2041.4387848058468,0.9960801601409912,0.0016709459014236927
2041.4592166346483,0.9942615032196045,0.001670912723056972
2041.4796483636164,0.9955682754516602,0.001671963487751782
2041.5000800927082,0.9988117218017578,0.0016713370569050312
2041.5205118219164,0.9980446100234985,0.0016715761739760637
2041.5409435513575,1.0032289028167725,0.0016729168128222227
2041.5613752808495,1.0013282299041748,0.0016736754914745688
2041.5818070105815,1.0019689798355103,0.001674257218837738
2041.6022387404228,1.001814365386963,0.00167404196690768
2041.6226705703884,1.0004453659057617,0.0016749815549701452
2041.6431022005272,0.9983975887298584,0.0016744515160098672
2041.6635340308349,0.9979339838027954,0.0016747303307056427
2041.6839656612647,0.9958139657974243,0.0016749738715589046
2041.7043973918699,0.999641478061676,0.0016762743471190333
2041.7452608534804,0.9999768733978271,0.0016764210304245353
2041.765692584493,1.0014718770980835,0.001675605890341103
2041.7861244156738,1.0002256631851196,0.0016742744483053684
2041.826987878514,1.0037342309951782,0.0016740856226533651
2041.8474196101597,1.0027482509613037,0.0016745374305173755
2041.8678512419865,1.001168966293335,0.001674810890108347
2041.8882830739312,1.0014822483062744,0.0016757925041019917
2041.9087148059843,0.999890148639679,0.0016749183414503932
2041.9291464382768,0.9960071444511414,0.0016756178811192513
2041.9495782706872,0.9967384934425354,0.0016761671286076307
2041.9700100032642,0.9986236095428467,0.0016764372121542692
2041.9904417359649,0.9975907206535339,0.0016772202216088772
2042.010873468782,0.9991680979728699,0.0016757558332756162
2042.0313052018246,1.0036829710006714,0.0016755288233980536
2042.0721686683319,0.995986819267273,0.0016707153990864754
2042.092600401782,0.9936657547950745,0.0016721145948395133
2042.1130322354147,0.9941043257713318,0.0016724129673093557
2042.1334639692213,0.9984651207923889,0.0016729045892134309
2042.1538956031363,0.9953976273536682,0.0016729283379390836
2042.1743274372348,1.001691222190857,0.0016736158868297935
2042.194759171507,1.002282977104187,0.0016739724669605494
2042.2151909058884,1.003438949584961,0.0016754030948504806
2042.2356226404518,1.0002491474151611,0.0016756486147642136
2042.2560543751897,0.9998957514762878,0.0016755969263613224
2042.2764862100375,1.00259530544281,0.0016763885505497456
2042.317349580262,0.9997351169586182,0.0016679293476045132
2042.3377813156403,0.9957430362701416,0.0016699571860954165
2042.358213051135,0.9942115545272827,0.0016706521855667233
2042.3786448867395,0.9919242262840271,0.0016704030567780137
2042.3990765225826,0.9911502599716187,0.0016707865288481116
2042.419508258543,0.9936120510101318,0.0016726846806704998
2042.4399400946713,0.9930580258369446,0.0016730142524465919
2042.4603717309801,0.9960479736328125,0.0016738440608605742
2042.480803467406,0.9977666139602661,0.0016739150742068887
2042.5012353040001,0.9978472590446472,0.001673889928497374
2042.5216669407746,1.001206874847412,0.0016751617658883333
2042.5420986776662,1.0019147396087646,0.0016759415157139301
2042.562530514726,1.000053882598877,0.0016759666614234447
2042.582962151966,0.9993343949317932,0.0016766933258622885
2042.6033939893823,0.9986039996147156,0.0016765266191214323
2042.623825726907,1.0001612901687622,0.0016772974049672484
2042.6442574646135,0.9989410638809204,0.0016780630685389042
2042.6646892024946,0.9985508918762207,0.0016785553889349103
2042.6851209405431,0.9970127940177917,0.0016776395495980978
2042.7055526787153,1.0024627447128296,0.00167668832000345
2042.7464161555763,1.0090116262435913,0.0016748661873862147
2042.766847994215,1.0154509544372559,0.0016703720903024077
2042.8077113720647,0.9969900846481323,0.0016751430230215192
2042.8281432112271,1.0001249313354492,0.0016762318555265665
2042.8485749505635,1.001843810081482,0.0016767941415309906
2042.8690065900082,1.0011370182037354,0.0016775170806795359
2042.8894384296364,1.002348780632019,0.0016789552755653858
2042.9098701694384,0.9988387227058411,0.001677513006143272
2042.9303019094077,0.9949302077293396,0.0016789981164038181
2042.950733649559,0.9925875663757324,0.0016798701835796237
2042.9711653898266,0.9995087385177612,0.0016797605203464627
2042.9915971302617,1.004015564918518,0.0016787339700385928
2043.0120288708786,1.0070611238479614,0.0016777915880084038
2043.052892352629,0.9920189380645752,0.0016721808351576328
2043.0733240937116,0.9946158528327942,0.0016732255462557077
2043.093755734968,0.9944230318069458,0.0016747287008911371
2043.1141875763933,0.9944772720336914,0.001674942090176046
2043.1346193179997,0.9977874159812927,0.0016761567676439881
2043.1550511597743,1.0010794401168823,0.0016755328979343176
2043.175482801671,1.0000516176223755,0.0016765518812462687
2043.1959145438013,1.003710150718689,0.0016774635296314955
2043.2163463860488,1.004042148590088,0.0016783314058557153
2043.2367780284621,0.9970917105674744,0.0016783908940851688
2043.2572097710581,1.0006146430969238,0.0016789829824119806
2043.2980732567084,0.9995421767234802,0.0016769467620179057
2043.3185050997708,0.9995296597480774,0.0016773641109466553
2043.338936843007,1.0040256977081299,0.0016778187127783895
2043.3593685864107,1.001973271369934,0.0016779089346528053
2043.3798003299962,1.001400113105774,0.0016785936895757914
2043.400232073749,0.9972012639045715,0.0016786741325631738
2043.4206638176838,0.9999353289604187,0.0016790584195405245
2043.4410956617357,0.999636709690094,0.0016788196517154574
2043.461527306019,0.9997873902320862,0.0016787966014817357
2043.4819591504129,0.9960682392120361,0.0016789990477263927
2043.502390894988,1.0006569623947144,0.0016793574905022979
2043.5432543846546,1.004608154296875,0.0016785224433988333
2043.5636861297535,1.0003305673599243,0.0016790840309113264
2043.5841177750262,0.9996793866157532,0.0016790289664641023
2043.6045496204097,0.9979633688926697,0.0016796700656414032
2043.6249813660324,1.00173020362854,0.0016793321119621396
2043.6454132117651,0.9985127449035645,0.0016791592352092266
2043.6658448577364,0.9962835907936096,0.0016808203654363751
2043.6862766038248,1.000788688659668,0.0016807063948363066
2043.7067083500806,0.9966191649436951,0.001681497204117477
2043.7271400965765,0.9961612820625305,0.0016815202543511987
2043.747571743188,0.9952440857887268,0.0016810682136565447
2043.7884353368718,1.0007860660552979,0.0016773471143096685
2043.8088669840072,1.0021082162857056,0.0016788110369816422
2043.8292988313115,1.003751516342163,0.0016791067318990827
2043.8497305787969,1.0039305686950684,0.0016793012619018555
2043.8701624263995,1.0024218559265137,0.0016795735573396087
2043.890594074226,1.0020942687988281,0.0016799612203612924
2043.9110258221772,0.9978113770484924,0.0016800519078969955
2043.9314576703619,1.0023027658462524,0.001680339453741908
2043.9518893186541,0.9949191212654114,0.0016804500482976437
2043.9723210671873,0.9905499815940857,0.0016818201402202249
2043.9927529158376,1.000802993774414,0.0016822178149595857
2044.0336164137116,1.0032705068588257,0.0016790792578831315
2044.054048162885,1.0019457340240479,0.0016802335157990456
2044.0744799122258,0.9989990592002869,0.0016804281622171402
2044.0949116617485,1.0005892515182495,0.0016801513265818357
2044.115343411504,0.9949405789375305,0.0016814469126984477
2044.1357751613687,0.9956749677658081,0.0016818841686472297
2044.156207011416,0.9987912774085999,0.0016813968541100621
2044.1766386616364,0.9993617534637451,0.0016809158260002732
2044.1970705120257,1.0016772747039795,0.001680801622569561
2044.2175022626543,1.004858136177063,0.001679437467828393
2044.2379339133986,1.009717583656311,0.001677926629781723
2044.278797515406,0.9922505617141724,0.0016759659629315138
2044.2992291667324,0.9930682182312012,0.0016769521171227098
2044.3196610181694,0.9934364557266235,0.0016767355846241117
2044.3400927697876,0.9930331707000732,0.0016779062571004033
2044.3605244216378,0.9978863596916199,0.001679412554949522
2044.3809562735987,0.9978305101394653,0.0016779544530436397
2044.40138792574,1.004866361618042,0.001678714994341135
2044.4218197781156,1.0016534328460693,0.0016798016149550676
2044.4422515305996,1.000634789466858,0.001679996494203806
2044.462683183323,1.0015156269073486,0.0016806628555059433
2044.483115036157,0.998089075088501,0.0016803587786853313
2044.52397854242,0.9974214434623718,0.0016734530217945576
2044.5444102958427,0.9941699504852295,0.001675074570812285
2044.585273903147,0.995370626449585,0.0016769528156146407
2044.6057055570855,0.9921154379844666,0.001677340711466968
2044.6261373112065,0.9947713613510132,0.0016780360601842403
2044.646569165503,0.9948722720146179,0.00167866051197052
2044.667000919966,0.9952332377433777,0.0016788667999207973
2044.6874325746685,1.0026721954345703,0.0016795207047834992
2044.7078644294888,1.0014562606811523,0.001679974258877337
2044.7282961844758,0.9986249804496765,0.0016798513242974877
2044.7487279396446,1.000146508216858,0.0016805588966235518
2044.7691596950463,1.0009493827819824,0.001681132591329515
2044.7895914506153,0.9990710020065308,0.0016817591385915875
2044.8100233063087,0.997197687625885,0.0016817410942167044
2044.8304549622335,0.9972983598709106,0.0016823944170027971
2044.8508867183264,0.999247670173645,0.0016828562365844846
2044.871318574602,0.998533308506012,0.0016828790539875627
2044.8917502310505,0.9987665414810181,0.001682506874203682
2044.9121819877255,1.0011136531829834,0.0016816671704873443
2044.932613844525,1.0047454833984375,0.0016817091964185238
2044.9530455015556,1.0104457139968872,0.0016801031306385994
2044.973477358697,1.0109370946884155,0.0016778697026893497
2045.0143407736323,1.0025348663330078,0.00168099463917315
2045.0347726313557,1.0005868673324585,0.0016809894004836679
2045.0552043892603,1.000429391860962,0.0016813764814287424
2045.075636047397,0.9995379447937012,0.001681862398982048
2045.0960679056443,1.0001258850097656,0.0016817639116197824
2045.1164995641302,0.9982657432556152,0.0016825308557599783
2045.136931422734,0.9981651306152344,0.0016833692789077759
2045.1573631815627,1.0008479356765747,0.0016842662589624524
2045.1777948406307,1.0016053915023804,0.0016833108384162188
2045.1982266998093,1.0028431415557861,0.0016823498299345374
2045.218658459169,1.011391043663025,0.0016821741592139006
2045.259521978529,0.997863233089447,0.0016809441149234772
2045.2799537384635,1.0001118183135986,0.0016811101231724024
2045.3003855985808,0.9992235898971558,0.0016813530819490552
2045.3208173588646,1.001626968383789,0.001681176945567131
2045.3412490193878,1.0017828941345215,0.0016815029084682465
2045.3616808800289,1.0015000104904175,0.001681849011220038
2045.382112640953,0.9993242025375366,0.001681627007201314
2045.4025443019418,1.004367709159851,0.0016830855747684836
2045.422976163165,1.0034692287445068,0.0016832282999530435
2045.443407924613,1.0001801252365112,0.0016828073421493173
2045.4638395863003,1.000278115272522,0.0016833816189318895
2045.5047032100192,0.993607223033905,0.0016774730756878853
2045.5251350721737,0.997590959072113,0.0016790381632745266
2045.5455667345595,0.9977145195007324,0.0016801204765215516
2045.5659984970553,0.998178243637085,0.0016797014977782965
2045.5864303597918,0.9937672019004822,0.0016793927643448114
2045.6068620227597,0.9959858655929565,0.0016799961449578404
2045.6272937858375,0.993614137172699,0.0016811721725389361
2045.6477256491562,0.9914882183074951,0.0016798771684989333
2045.6681573127062,0.998863697052002,0.0016811499372124672
2045.6885891763668,0.9980250597000122,0.0016810355009511113
2045.7090209402668,1.0014386177062988,0.0016808959189802408
2045.7294526042824,1.0004030466079712,0.0016803984763100743
2045.7498844685251,1.0030250549316406,0.001682015135884285
2045.7703161330064,1.002732276916504,0.0016823449404910207
2045.790747897605,1.002760648727417,0.0016824838239699602
2045.8111797624297,1.0027767419815063,0.0016830282984301448
2045.8316115274938,1.0011928081512451,0.0016835094429552555
2045.8520432926744,1.0011467933654785,0.001683942973613739
2045.8724750580805,1.003284215927124,0.0016840258613228798
2045.8929068236102,1.001362919807434,0.001685019233264029
2045.9133385893729,0.9975337982177734,0.001684600138105452
2045.933770355361,0.9970687627792358,0.0016848567174747586
2045.954202121473,0.9993866682052612,0.0016856826841831207
2045.9950656543879,1.0045720338821411,0.0016817639116197824
2046.0154975210826,0.9931828379631042,0.001680500339716673
2046.035929288002,0.9935717582702637,0.0016816257266327739
2046.056360955161,0.9928072690963745,0.0016821202589198947
2046.0767928224377,0.9972450733184814,0.0016820136224851012
2046.0972245899466,1.000928282737732,0.0016819963930174708
2046.1176562576802,0.999971866607666,0.0016816322458907962
2046.138088125539,1.0059841871261597,0.001683217124082148
2046.1585198936227,1.0050309896469116,0.0016823789337649941
2046.1789515619457,1.0040698051452637,0.0016835882561281323
2046.1993834303867,1.001072645187378,0.0016838546143844724
2046.2402470678426,0.9997749924659729,0.001682611764408648
2046.2606787369805,1.0018671751022339,0.0016831967514008284
2046.2811105062283,1.0036754608154297,0.0016816840507090092
2046.3015423756005,1.0051151514053345,0.0016831844113767147
2046.3219740453205,1.0025452375411987,0.0016832592664286494
2046.3424058151577,1.0022696256637573,0.0016835368005558848
2046.362837585104,1.0015555620193481,0.001683862879872322
2046.3832693554068,1.0003025531768799,0.0016846471698954701
2046.4037012258195,0.9997609257698059,0.0016847146907821298
2046.4241328963544,1.0032711029052734,0.0016852527623996139
2046.4445646672393,1.003756046295166,0.0016851575346663594
2046.4854282094675,0.995820164680481,0.001683151931501925
2046.505859980818,0.9953610301017761,0.0016832109540700912
2046.526291852395,1.0004695653915405,0.0016836558934301138
2046.5467236242112,1.0023764371871948,0.001682958798483014
2046.5671553962602,1.0004602670669556,0.0016833918634802103
2046.5875871684184,1.0009894371032715,0.0016839264426380396
2046.6080189408167,1.002685308456421,0.001684193150140345
2046.6284507133314,1.0009487867355347,0.0016846007201820612
2046.648882486188,0.9996300339698792,0.0016850919928401709
2046.6693142591685,1.0016429424285889,0.0016853009583428502
2046.6897461323824,0.9996151924133301,0.001685817027464509
2046.7306095792665,0.9957112669944763,0.0016821916215121746
2046.7510414530625,0.997130274772644,0.00168262526858598
2046.7714731270826,0.9927912950515747,0.00168348487932235
2046.7919050012279,0.9946844577789307,0.0016839075833559036
2046.8123367756052,0.9953324794769287,0.0016841189935803413
2046.8327684502074,0.9974746704101562,0.001684302929788828
2046.8532003249347,1.0013079643249512,0.0016846514772623777
2046.8736320998942,1.0044859647750854,0.0016839962918311357
2046.8940637751948,1.0031483173370361,0.0016847004881128669
2046.9144956505043,1.0026164054870605,0.001685038791038096
2046.9349274260458,1.0044952630996704,0.0016855960711836815
2046.97579097782,0.9932355284690857,0.0016806923085823655
2046.99622275406,0.9957234859466553,0.0016826631035655737
2047.0166545304091,0.9969646334648132,0.001683640293776989
2047.0370863069984,0.9964418411254883,0.001683573704212904
2047.0575180838205,0.9941596388816833,0.0016833881381899118
2047.077949860868,0.9960550665855408,0.0016850139945745468
2047.0983816380394,1.0004161596298218,0.0016848297091200948
2047.118813515437,1.0015517473220825,0.0016850961837917566
2047.1392451930733,1.0046443939208984,0.001685057650320232
2047.1596769708267,1.0010733604431152,0.0016852536937221885
2047.1801088488137,0.9991883635520935,0.0016860878095030785
2047.2209723054766,0.9926626682281494,0.0016847230726853013
2047.2414041840384,0.9947660565376282,0.0016853882698342204
2047.261835962956,0.9953072667121887,0.0016847132937982678
2047.2822676419892,0.9968429803848267,0.0016851305263116956
2047.3026995211403,0.9994452595710754,0.001685586292296648
2047.3231313006327,1.0000064373016357,0.00168599805328995
2047.3435631802495,1.0017876625061035,0.001684818184003234
2047.3639948600903,1.0042387247085571,0.0016858297167345881
2047.384426640172,1.0040310621261597,0.001685441704466939
2047.4048585204873,1.0034064054489136,0.0016863183118402958
2047.4252902009175,1.002345085144043,0.001685915281996131
2047.4661538624714,0.9957337975502014,0.0016825514612719417
2047.4865855435928,0.9978987574577332,0.0016836753347888589
2047.5070174248394,0.998054563999176,0.0016845992067828774
2047.5274492063181,0.9979966282844543,0.0016856278525665402
2047.5478808880216,0.9965882301330566,0.0016852024709805846
2047.5683127699667,0.9881712794303894,0.0016852746484801173
2047.5887445520275,0.9930109977722168,0.0016858478775247931
2047.6091762344295,0.9976502060890198,0.0016854081768542528
2047.6296081169567,0.9970049858093262,0.0016857548616826534
2047.650039899716,1.0018489360809326,0.001686307368800044
2047.6704716825843,1.0019208192825317,0.0016852085245773196
2047.6909034658092,1.0042239427566528,0.0016866880469024181
2047.7113352491506,1.0046298503875732,0.0016866031801328063
2047.7317671327182,1.0047472715377808,0.001686914125457406
2047.7521988165245,1.0036245584487915,0.0016867718659341335
2047.7726306005643,1.0052951574325562,0.001686963951215148
2047.7930623847133,1.0024584531784058,0.0016879003960639238
2047.8134941691023,1.000454068183899,0.001687512150965631
2047.8339259537242,1.0011497735977173,0.0016884927172213793
2047.8543578385725,1.003167748451233,0.0016891659470275044
2047.8747895236593,0.9990067481994629,0.0016894334694370627
2047.895221408864,1.0026378631591797,0.001689683529548347
2047.9156531942936,1.0076104402542114,0.0016900396440178156
2047.9565167658584,1.0028929710388184,0.0016843168996274471
2047.9769485519937,0.9993687272071838,0.0016845364589244127
2047.997380238361,0.9999185800552368,0.0016862236661836505
2048.0178121248464,0.9941188097000122,0.0016857668524608016
2048.0382439115565,0.9950305223464966,0.001686819945462048
2048.0586757985075,0.9957571029663086,0.0016866122605279088
2048.0791074856825,1.0003554821014404,0.00168737827334553
2048.099539272982,1.0048253536224365,0.0016873807180672884
2048.1199711606314,1.0058534145355225,0.0016880076145753264
2048.1404028483958,1.0062544345855713,0.0016876746667549014
2048.1608346363864,1.0028173923492432,0.0016875183209776878
2048.181266524618,1.0048662424087524,0.0016883586067706347
2048.2016982130735,1.0045437812805176,0.0016878797905519605
2048.2221301016543,1.0017873048782349,0.0016887712990865111
2048.2425618905836,1.0007115602493286,0.001690003089606762
2048.2629935796285,0.9977805018424988,0.0016899812035262585
2048.2834254689005,1.0017880201339722,0.001690954901278019
2048.303857258412,0.99922114610672,0.0016900042537599802
2048.324289048149,1.0005404949188232,0.0016899824840947986
2048.3447208380094,1.0033390522003174,0.0016898041358217597
2048.365152628219,1.0065414905548096,0.0016890224069356918
2048.3855843185447,1.009780764579773,0.0016884811921045184
2048.4060162090973,1.0140193700790405,0.0016865667421370745
2048.4468797909067,0.9940664768218994,0.0016870565013960004
2048.4673115821643,0.9973098635673523,0.0016876027220860124
2048.4877433735383,0.9968910217285156,0.0016872732667252421
2048.508175265255,1.0008480548858643,0.001688291784375906
2048.528606957094,1.0043879747390747,0.0016886667581275105
2048.5490387491664,1.0047738552093506,0.0016898507019504905
2048.569470641465,1.0123289823532104,0.0016896578017622232
2048.5899023340025,1.0058921575546265,0.001688664429821074
2048.6103342267743,1.0016891956329346,0.0016893679276108742
2048.6307660196544,1.0022766590118408,0.0016899078618735075
2048.6511977128903,1.0029144287109375,0.0016905814409255981
2048.6920613998227,0.9993597269058228,0.0016834171256050467
2048.712493093757,0.9990504384040833,0.0016858881572261453
2048.732924987693,0.9948166608810425,0.001685402006842196
2048.75335678197,0.9936545491218567,0.0016863290220499039
2048.773788676488,0.9941115379333496,0.0016871790867298841
2048.794220371121,0.994120717048645,0.0016877095913514495
2048.8146521660965,0.9995571970939636,0.0016886367229744792
2048.8350840611965,0.9991036057472229,0.0016889374237507582
2048.8555157566443,1.0008420944213867,0.00168903439771384
2048.875947552202,1.0051188468933105,0.0016889660619199276
2048.8963794480005,1.0068491697311401,0.0016894449945539236
2048.9168111440304,1.0028622150421143,0.0016899143811315298
2048.93724294017,1.0012714862823486,0.0016899899346753955
2048.957674836667,1.0031518936157227,0.0016911508282646537
2048.9781066333962,1.0020900964736938,0.0016908878460526466
2048.9985384302345,0.9986073970794678,0.0016912729479372501
2049.0189702274292,1.0004854202270508,0.0016924574738368392
2049.039402024733,0.998489499092102,0.0016919015906751156
2049.059833822277,1.0007318258285522,0.0016914576990529895
2049.080265620054,1.0039743185043335,0.001690670382231474
2049.1006974180636,1.0060889720916748,0.0016899615293368697
2049.121129216299,1.0087268352508545,0.0016898865578696132
2049.141561014774,1.017985463142395,0.001687641255557537
2049.1824246122997,1.0012483596801758,0.0016846918733790517
2049.2028564114735,0.9991014003753662,0.0016845077043399215
2049.223288310757,0.9937607645988464,0.0016848742961883545
2049.243720010396,1.0009880065917969,0.0016869945684447885
2049.264151810152,0.997907817363739,0.0016863718628883362
2049.284583710134,0.9975376725196838,0.001686254283413291
2049.305015410355,0.9955112338066101,0.0016874910797923803
2049.325447210809,0.9944469332695007,0.0016880471957847476
2049.34587911149,0.9983041882514954,0.0016888368409126997
2049.366310812409,0.9984097480773926,0.0016893240390345454
2049.386742713563,0.9963959455490112,0.0016896874876692891
2049.4071745149413,0.9996845126152039,0.0016894779400900006
2049.4276062164427,1.001423716545105,0.0016905578086152673
2049.448038118295,1.0077561140060425,0.0016918146284297109
2049.4684699203717,1.0056757926940918,0.0016909800469875336
2049.4889017225723,1.0047439336776733,0.0016918499022722244
2049.509333525122,1.0062681436538696,0.0016914668958634138
2049.529765327781,1.00271737575531,0.001691245473921299
2049.550197230681,1.0034754276275635,0.0016913453582674265
2049.5706289339287,1.0077471733093262,0.0016921949572861195
2049.591060737286,1.0006914138793945,0.0016923102084547281
2049.6114926408845,1.005566954612732,0.001693042810074985
2049.631924344714,1.0039252042770386,0.0016929255798459053
2049.672788053067,0.9978328347206116,0.0016901547787711024
2049.693219857596,0.9968336224555969,0.0016907659592106938
2049.7136516623505,1.0022231340408325,0.0016913244035094976
2049.734083467345,1.0053272247314453,0.0016921398928388953
2049.7545151725717,1.0062909126281738,0.0016917998436838388
2049.7749470780254,1.0096588134765625,0.0016926078824326396
2049.7953788837185,1.009511947631836,0.0016925748204812407
2049.8158105895272,1.0051169395446777,0.0016924521187320352
2049.8362424956795,1.0074310302734375,0.0016925557283684611
2049.856674302071,1.003738284111023,0.0016930014826357365
2049.8771060085783,1.0027782917022705,0.0016936614410951734
2049.917969722519,1.007218360900879,0.0016922904178500175
2049.9384016297263,1.0102293491363525,0.0016929020639508963
2049.958833337274,1.0036704540252686,0.001692210091277957
2049.979265144946,1.007184386253357,0.0016926024109125137
2049.999697052961,1.0032577514648438,0.0016933991573750973
2050.020128761098,1.0298030376434326,0.0016958271153271198
2050.040560569585,1.0028655529022217,0.0016935698222368956
2050.0609924781893,0.9990516901016235,0.0016944990493357182
2050.0814241870175,1.0007432699203491,0.0016940402565523982
2050.101856096204,1.0026700496673584,0.00169511535204947
2050.1222879054985,1.0018011331558228,0.0016947640106081963
2050.1631515249173,1.0032265186309814,0.0016930444398894906
2050.183583334918,1.0058046579360962,0.0016940506175160408
2050.20401514526,1.0041840076446533,0.0016947566764429212
2050.2244469557263,0.9979128837585449,0.0016950593562796712
2050.244878766418,1.0015859603881836,0.0016960040666162968
2050.265310677467,0.9985440969467163,0.0016954601742327213
2050.2857423886308,0.9999352693557739,0.0016953437589108944
2050.3061742001373,1.0020241737365723,0.0016950155841186643
2050.3266061117683,1.0038807392120361,0.0016946304822340608
2050.3470379236314,1.0033122301101685,0.0016938740154728293
2050.3674696358357,1.0097631216049194,0.0016931856516748667
2050.4083332608425,1.0059970617294312,0.001694394275546074
2050.4287650736296,1.0046820640563965,0.0016948123229667544
2050.4491969866576,1.0040953159332275,0.0016950764693319798
2050.4696287000334,1.0022493600845337,0.0016950892750173807
2050.4900606135197,1.007107138633728,0.001696329447440803
2050.510492427362,1.0021748542785645,0.0016965529648587108
2050.5309241413197,1.0011941194534302,0.0016960595967248082
2050.551356055621,0.9997751712799072,0.0016958052292466164
2050.5717878701616,1.0033893585205078,0.0016959668137133121
2050.592219584818,1.0047972202301025,0.0016950484132394195
2050.653515230413,1.0023236274719238,0.0016948467819020152
2050.67394694611,1.0011682510375977,0.0016959288623183966
2050.6943787620476,1.0002604722976685,0.0016965917311608791
2050.714810678095,0.9991599321365356,0.0016965825343504548
2050.7352423944976,0.9995775818824768,0.0016966545954346657
2050.7556742111337,1.0001875162124634,0.001696749241091311
2050.7761061280034,0.9996172785758972,0.0016964473761618137
2050.796537845097,1.004112720489502,0.0016965201357379556
2050.8169697624326,1.0013946294784546,0.0016955087194219232
2050.8374015799927,1.0049718618392944,0.0016951580764725804
2050.857833397793,1.0065422058105469,0.0016951567959040403
2050.8986970342085,0.998564600944519,0.0016842017648741603
2050.9191288527,1.003111481666565,0.0016862445045262575
2050.9395606714315,1.0007517337799072,0.001687630545347929
2050.959992490505,0.9983736276626587,0.001688328804448247
2050.9804243097024,0.9907112717628479,0.001690840581431985
2051.0008562292496,0.9952719807624817,0.001691113575361669
2051.021287948912,0.9937981367111206,0.0016932317521423101
2051.0417198689174,0.9960775971412659,0.0016935615567490458
2051.0621515891617,0.9952251315116882,0.0016941678477451205
2051.082583409516,0.9988601803779602,0.0016955072060227394
2051.103015330227,1.0024433135986328,0.001696917461231351
2051.1438788723462,0.9940494298934937,0.0016941888025030494
2051.164310793749,0.9922887682914734,0.0016942947404459119
2051.18474251539,0.9920447468757629,0.001694695558398962
2051.2051744372584,0.9963832497596741,0.0016954534221440554
2051.2256062594824,1.0013437271118164,0.0016970760188996792
2051.246037981822,1.0001039505004883,0.0016972169978544116
2051.2664699045054,1.0030077695846558,0.0016978854546323419
2051.2869017273115,1.0020999908447266,0.0016975277103483677
2051.307333450466,1.0028941631317139,0.0016966793918982148
2051.3277653737314,1.0044353008270264,0.0016972600715234876
2051.3481971973524,1.005918264389038,0.0016975305043160915
2051.368629121207,1.0036969184875488,0.0016974065219983459
2051.3890608452857,1.00184166431427,0.0016979493666440248
2051.4094926696052,1.0105223655700684,0.001698724809102714
2051.4299245941584,1.0051648616790771,0.0016984387766569853
2051.450356319052,1.0036273002624512,0.0016993752215057611
2051.47078814407,1.0044549703598022,0.0016997335478663445
2051.4912200693216,0.9956240653991699,0.0016998780192807317
2051.5116518949144,0.994265615940094,0.001699108979664743
2051.5320836207466,0.997822105884552,0.0016992544988170266
2051.5525155466967,0.9973335862159729,0.001699019456282258
2051.572947372988,1.0039864778518677,0.0016990590374916792
2051.5933791995194,1.002685308456421,0.0016982037341222167
2051.6342428532735,1.000250220298767,0.0016986880218610168
2051.65467468062,1.0056664943695068,0.0016992900054901838
2051.6751065080825,1.0053558349609375,0.0016995759215205908
2051.6955383358872,1.0012575387954712,0.001698418171145022
2051.7159701638157,0.9991504549980164,0.001698979060165584
2051.7364019920933,1.0002152919769287,0.0016986990813165903
2051.7568339205973,1.0005053281784058,0.0017003236571326852
2051.77726564934,0.9999490976333618,0.0017007470596581697
2051.797697478316,1.0010638236999512,0.001700917142443359
2051.818129407635,1.0017846822738647,0.0017016323981806636
2051.838561137076,0.9947060942649841,0.0017000159714370966
2051.879424896768,1.0035920143127441,0.0016996687045320868
2051.899856627024,0.9996086955070496,0.001699735876172781
2051.920288557507,0.998633623123169,0.0016996031627058983
2051.9407203882292,1.0026758909225464,0.0017011697636917233
2051.9611521193,1.0007892847061157,0.00170073879417032
2051.981584050489,1.0039308071136475,0.0017020214581862092
2052.0020158819025,0.999628484249115,0.0017009382136166096
2052.022447613672,0.9998303651809692,0.0017019881634041667
2052.0428795456683,0.9985840916633606,0.001701050903648138
2052.063311377904,0.9955549240112305,0.0017010251758620143
2052.0837433103734,0.9973124265670776,0.001700121909379959
2052.1246068761175,1.017959475517273,0.0017021306557580829
2052.1450388092853,1.0021693706512451,0.0017015697667375207
2052.1654706427944,1.0028724670410156,0.001701408182270825
2052.185902376543,0.9987403154373169,0.0017017791979014874
2052.2063343105256,0.9998782277107239,0.0017015604535117745
2052.226766144733,1.0007134675979614,0.001702417153865099
2052.24719787918,1.0011284351348877,0.0017021899111568928
2052.2676298139777,0.9966280460357666,0.0017024979460984468
2052.2880616488837,1.0015764236450195,0.0017022400861606002
2052.308493584147,1.0007266998291016,0.0017019847873598337
2052.3289253196417,0.9998855590820312,0.0017009699949994683
2052.369789091441,0.9990231990814209,0.001701062428764999
2052.390220827634,1.0021742582321167,0.0017012448515743017
2052.41065266417,1.002209186553955,0.001702188397757709
2052.431084500946,1.0175745487213135,0.0017033873591572046
2052.4515163379547,0.9949541091918945,0.0017018765211105347
2052.47194827519,0.997725248336792,0.0017035356722772121
2052.49238001278,0.9944466352462769,0.0017025242559611797
2052.512811850487,0.9968578815460205,0.0017037574434652925
2052.533243788537,0.9988850355148315,0.0017028899164870381
2052.553675526826,0.9984241127967834,0.0017023819964379072
2052.574107365348,1.0004832744598389,0.0017019686056300998
2052.6149710432,0.9991992712020874,0.0017014830373227596
2052.635402982538,0.9978856444358826,0.0017018449725583196
2052.6558348221006,1.0002399682998657,0.0017021032981574535
2052.6762665619026,1.0187050104141235,0.0017054645577445626
2052.696698501939,0.9974489212036133,0.0017040082020685077
2052.7171303423165,0.9943565130233765,0.0017040527891367674
2052.737562182818,0.9949444532394409,0.001704574329778552
2052.7579940236683,0.9931969046592712,0.0017038271762430668
2052.7784258647443,0.9962035417556763,0.0017028904985636473
2052.798857706177,0.9966357350349426,0.0017025897977873683
2052.819289547726,0.9967670440673828,0.001702121109701693
2052.8601533317487,0.9961753487586975,0.0017008832655847073
2052.8805851741054,0.991062343120575,0.0017003874527290463
2052.9010169168178,0.9947541952133179,0.0017023311229422688
2052.921448859648,0.9970186352729797,0.0017023400869220495
2052.941880702827,0.9976292252540588,0.0017037388170138001
2052.9623124462305,0.998329758644104,0.0017029679147526622
2052.9827443898757,0.999774694442749,0.001703623915091157
2053.003176233862,0.9971484541893005,0.001704464084468782
2053.023608177973,0.9988543391227722,0.0017045493004843593
2053.0440399224317,0.9953038692474365,0.0017054141499102116
2053.0644717671166,0.9961022138595581,0.0017059711972251534
2053.125767202815,1.0007829666137695,0.001703609712421894
2053.146199148672,0.9997272491455078,0.0017036605859175324
2053.166630994645,0.9949129223823547,0.0017036417266353965
2053.187062940844,0.9987609386444092,0.0017043096013367176
2053.207494687398,0.9994593262672424,0.0017058310331776738
2053.227926534186,0.9982225298881531,0.0017058062367141247
2053.2483584812,0.9993985891342163,0.001706379815004766
2053.268790228569,0.9934674501419067,0.001705444185063243
2053.2892220761714,0.9917165040969849,0.001705984235741198
2053.3096540240003,0.9956249594688416,0.0017069526948034763
2053.350517720486,1.000793218612671,0.001704219146631658
2053.3709495690127,0.9962449669837952,0.0017047872534021735
2053.391381417896,0.9975343346595764,0.0017041359096765518
2053.4118132671283,0.9944073557853699,0.0017033304320648313
2053.43224511647,0.9989043474197388,0.0017040512757375836
2053.452676966168,0.9971845746040344,0.001704928232356906
2053.473108816099,0.9950484037399292,0.0017055600183084607
2053.4935406663717,0.9961989521980286,0.0017062211409211159
2053.5139725167683,0.9969022274017334,0.0017064408166334033
2053.534404467515,0.99303138256073,0.001706618582829833
2053.5548362184854,0.9965400099754333,0.0017077192896977067
2053.595700021251,0.996610164642334,0.0017047605942934752
2053.616131773044,0.9975250959396362,0.0017048453446477652
2053.636563725071,1.0010855197906494,0.0017066969303414226
2053.6569955774467,0.997713029384613,0.0017063772538676858
2053.677427330047,0.9955597519874573,0.0017065518768504262
2053.697859282889,0.9978802800178528,0.0017064586281776428
2053.718291135956,0.9966793060302734,0.0017080921679735184
2053.738722989263,0.9931133985519409,0.0017078904202207923
2053.759154842919,0.9957942962646484,0.001707416377030313
2053.779586696808,0.9939417243003845,0.0017068004235625267
2053.800018551039,1.0006113052368164,0.0017071992624551058
2053.8408821602134,0.9989565014839172,0.001705450238659978
2053.8613141151436,0.9982358813285828,0.001704650348983705
2053.8817459704296,0.994942843914032,0.0017044689739122987
2053.902177925942,0.9992862939834595,0.0017062160186469555
2053.922609681693,0.9979439377784729,0.0017064821440726519
2053.9430415376773,0.9951580166816711,0.00170704850461334
2053.9634734940046,1.0007009506225586,0.0017072829650714993
2053.9839052505704,0.9967224597930908,0.0017079166136682034
2054.004337107486,0.9958406090736389,0.0017080978723242879
2054.024769064512,0.9944475889205933,0.0017069363966584206
2054.0452009218934,0.9943618774414062,0.0017071987967938185
2054.086064637464,0.9894385933876038,0.001703012501820922
2054.1064964956604,0.9926366806030273,0.0017042065737769008
2054.126928354206,0.991314172744751,0.001704264199361205
2054.147360212861,0.9959774613380432,0.0017055736389011145
2054.167792071872,0.9970228672027588,0.0017055054195225239
2054.188224031117,0.9948571920394897,0.0017056575743481517
2054.2086557907023,0.9978192448616028,0.001705273985862732
2054.2290876505285,0.9965803027153015,0.0017056671204045415
2054.2495196105883,0.9955556988716125,0.001707742572762072
2054.269951370872,0.9964755177497864,0.0017079167300835252
2054.290383331514,0.9979087710380554,0.001708030584268272
2054.331246953603,0.9965875744819641,0.0017054255586117506
2054.35167891506,0.9960266947746277,0.0017057935474440455
2054.3721107767487,0.9981735944747925,0.0017070143949240446
2054.3925425386624,0.9980580806732178,0.0017061394173651934
2054.412974500934,0.9963687658309937,0.0017079917015507817
2054.433406363438,0.995369017124176,0.0017079291865229607
2054.4538382262836,0.9945535659790039,0.0017084310529753566
2054.4742700893694,1.0025018453598022,0.0017094629583880305
2054.4947018526873,0.9967803955078125,0.0017087465384975076
2054.5151338162323,0.9971381425857544,0.001709072501398623
2054.535565680133,0.996605634689331,0.0017084024148061872
2054.576429408742,0.9964421391487122,0.001707466784864664
2054.5968612734578,0.9959833025932312,0.0017080948455259204
2054.617293238407,0.9943879842758179,0.0017082605045288801
2054.6377250036967,0.9942969679832458,0.0017088513122871518
2054.6581568692272,0.9949713945388794,0.0017091654008254409
2054.678588834984,0.9926737546920776,0.0017092347843572497
2054.699020601096,0.9924551844596863,0.0017084985738620162
2054.7194524674414,0.9974652528762817,0.0017082452541217208
2054.7398844340205,0.9982524514198303,0.0017082781996577978
2054.7603163009408,0.999426007270813,0.0017069426830857992
2054.780748168101,1.0057018995285034,0.0017086616717278957
2054.8216119032295,0.9981217384338379,0.001708418712951243
2054.842043771321,0.9962295293807983,0.0017084390856325626
2054.8624756395293,0.9964717030525208,0.0017089080065488815
2054.8829075080794,0.9933447241783142,0.001708543044514954
2054.9033394769867,0.9946900606155396,0.0017094132490456104
2054.9237712460017,0.9941624999046326,0.0017093835631385446
2054.9442031154904,0.9948892593383789,0.0017090486362576485
2054.9646350850962,0.9900146722793579,0.0017065774882212281
2054.98506685505,0.9961203932762146,0.00170796737074852
2055.0054988252305,1.0013322830200195,0.001708060735836625
2055.025930695767,1.0087541341781616,0.0017089294269680977
2055.066794437531,0.9929215312004089,0.0017054314957931638
2055.0872262088815,1.0006872415542603,0.0017061399994418025
2055.1076580804656,0.9951702356338501,0.00170608377084136
2055.1280900523925,0.9938021898269653,0.0017070065950974822
2055.148521824558,0.9958335161209106,0.0017062602564692497
2055.1689537969505,0.9996402263641357,0.00170718168374151
2055.189385669699,1.0011186599731445,0.0017080637626349926
2055.209817442679,0.9972989559173584,0.0017075478099286556
2055.230249416003,0.9975159168243408,0.0017072597984224558
2055.2506812895663,0.9993736743927002,0.0017069800524041057
2055.2711131633623,0.9993343949317932,0.001708121388219297
2055.2915450375003,0.9948595762252808,0.0017081203404814005
2055.3119769118784,1.0020354986190796,0.0017099182587116957
2055.3324088866066,0.9984800219535828,0.00170928577426821
2055.3528406615587,0.999655544757843,0.001709825824946165
2055.3732725367518,1.0005141496658325,0.0017099513206630945
2055.393704512295,0.9992339611053467,0.0017109157051891088
2055.4141363880626,0.999026894569397,0.001710836892016232
2055.434568164186,0.9954944849014282,0.0017108710017055273
2055.455000140544,1.0009124279022217,0.001711019198410213
2055.4754320172433,0.9969879984855652,0.0017091266345232725
2055.4958638941825,0.9997778534889221,0.0017098509706556797
2055.5162957713546,0.9995776414871216,0.0017095257062464952
2055.5571596266236,1.0023772716522217,0.0017085877479985356
2055.5775914047263,1.0012825727462769,0.001708185882307589
2055.598023283055,0.9985960125923157,0.00170895888004452
2055.618455261625,0.9980047345161438,0.0017086322186514735
2055.6388870405426,1.0007151365280151,0.0017096914816647768
2055.659318919803,0.9998106360435486,0.0017095981165766716
2055.679750899304,1.001206636428833,0.001709959702566266
2055.7001826790365,1.0018692016601562,0.001710775075480342
2055.7206146591125,0.9969796538352966,0.001711241202428937
2055.741046439427,1.0003817081451416,0.0017105087172240019
2055.761478319968,1.0054490566253662,0.0017118372488766909
2055.802342082112,1.0031286478042603,0.0017097233794629574
2055.8227739635913,1.0012012720108032,0.0017108552856370807
2055.843205945297,1.0022212266921997,0.0017105047591030598
2055.863637727358,0.9958959221839905,0.0017105579609051347
2055.8840697096457,1.0016469955444336,0.0017111280467361212
2055.9045015922893,1.0032185316085815,0.0017111740307882428
2055.9249334751657,0.9981361031532288,0.0017125862650573254
2055.945365358384,0.9972469806671143,0.0017122888239100575
2055.9657972418427,0.9978597164154053,0.001711638760752976
2055.9862291256504,1.0003865957260132,0.0017105357255786657
2056.0066610096837,0.9998061060905457,0.0017108848551288247
2056.0475248785806,1.0050748586654663,0.0017009328585118055
2056.067956763429,0.997943639755249,0.0017014694167301059
2056.088388548633,1.0003114938735962,0.0017036631470546126
2056.1088205341875,0.9967132210731506,0.001704694819636643
2056.1292524198507,0.9934817552566528,0.0017058284720405936
2056.149684205986,0.9955242872238159,0.001706369104795158
2056.1701161923556,0.9974063038825989,0.0017072689952328801
2056.19054807895,0.9977173805236816,0.0017076412914320827
2056.210980065902,1.0007193088531494,0.0017084458377212286
2056.231411853085,1.0030205249786377,0.0017090688925236464
2056.251843740494,1.0041766166687012,0.001709558768197894
2056.2722757283773,1.0028855800628662,0.001709521166048944
2056.2927075163752,1.00434148311615,0.0017112679779529572
2056.313139404716,1.004250168800354,0.0017113371286541224
2056.333571393414,1.00055992603302,0.0017116025555878878
2056.354003182343,1.0101574659347534,0.0017118159448727965
2056.374435071615,1.0042049884796143,0.0017115994123741984
2056.3948669611273,1.0006966590881348,0.001711498131044209
2056.4152988509886,1.0027440786361694,0.0017118030227720737
2056.4357308410763,1.0040102005004883,0.0017127388855442405
2056.4561627314033,1.0007020235061646,0.0017130791675299406
2056.4765945221952,0.9978830218315125,0.0017133246874436736
2056.497026513098,1.0018831491470337,0.0017127625178545713
2056.537890195963,1.0056889057159424,0.0017113920766860247
2056.558322187797,1.002258539199829,0.0017111249035224319
2056.5787540799865,1.0022903680801392,0.0017124067526310682
2056.5991859722853,1.0040309429168701,0.0017129038460552692
2056.6196178651735,1.0000810623168945,0.0017121115233749151
2056.6400497580617,1.001497745513916,0.0017117999959737062
2056.6604816514155,1.0043195486068726,0.0017131342319771647
2056.680913544995,1.0037288665771484,0.0017126745078712702
2056.701345439047,1.0006054639816284,0.001714067766442895
2056.721777333092,1.0029358863830566,0.0017140920972451568
2056.74220922761,1.00116765499115,0.0017138238763436675
2056.783073117571,1.0030369758605957,0.0017113892827183008
2056.8035049127866,1.006966233253479,0.0017126761376857758
2056.8239369084695,1.0055779218673706,0.0017132943030446768
2056.844368804377,1.0050305128097534,0.001713715959340334
2056.864800600757,1.0074008703231812,0.0017131956992670894
2056.885232597371,1.0035924911499023,0.0017135911621153355
2056.90566449421,1.0021460056304932,0.0017140958225354552
2056.92609649129,1.0025988817214966,0.001714290352538228
2056.9465282886013,1.004517674446106,0.0017144609009847045
2056.9669601863716,1.0025794506072998,0.0017145730089396238
2056.9873921843828,1.0045934915542603,0.0017140016425400972
2057.028255881327,1.0100574493408203,0.0017119882395491004
2057.0486878802694,1.0067039728164673,0.0017133591463789344
2057.0691196794432,1.0079638957977295,0.001713464269414544
2057.089551579076,1.0080580711364746,0.0017135959351435304
2057.1099834787165,1.0053930282592773,0.0017136854585260153
2057.1304153788224,1.0074135065078735,0.0017144804587587714
2057.1508473793874,1.0043247938156128,0.0017142391297966242
2057.171279179958,1.0072696208953857,0.0017156520625576377
2057.1917110809954,1.0005253553390503,0.0017148508923128247
2057.212143082259,1.0028265714645386,0.0017155773239210248
2057.232574983762,1.0059152841567993,0.0017155921086668968
2057.2734387879245,1.0019153356552124,0.0017096545780077577
2057.2938706903587,1.0023248195648193,0.0017109796172007918
2057.3143025932586,1.0055341720581055,0.0017117192037403584
2057.334734496151,1.0107954740524292,0.0017125114100053906
