time,flux,flux_err
2905.3977155790417,0.9962039589881897,3.449439464020543e-05
2905.4181478970713,0.9959408640861511,3.4533513826318085e-05
2905.438580214177,0.9958903789520264,3.453522367635742e-05
2905.459012530817,0.99551922082901,3.453162935329601e-05
2905.479444846984,0.9961008429527283,3.458458013483323e-05
2905.4998771626924,0.9964572787284851,3.4619850339367986e-05
2905.5203094774697,0.9964364767074585,3.4659606171771884e-05
2905.5407417922397,0.996356189250946,3.470336378086358e-05
2905.5816064190003,0.9979668259620667,3.456572085269727e-05
2905.6020387319077,0.9978550672531128,3.449733412708156e-05
2905.6224711438917,0.9976791739463806,3.444668618612923e-05
2905.6429033554086,0.9973388910293579,3.461283631622791e-05
2905.6633356664533,0.9977936744689941,3.464249675744213e-05
2905.6837680770404,0.9976882338523865,3.469347575446591e-05
2905.7042002866947,0.9976576566696167,3.474857294349931e-05
2905.7246326958775,0.9971330761909485,3.473326432867907e-05
2905.745065004601,0.9966051578521729,3.4802756999852136e-05
2905.7654972128585,0.9966340065002441,3.481164822005667e-05
2905.7859296201786,0.9965551495552063,3.4835433325497434e-05
2905.8267941334343,0.999160647392273,3.472183379926719e-05
2905.8472265393575,0.9991336464881897,3.4777189284795895e-05
2905.867658744821,0.9992509484291077,3.480388841126114e-05
2905.8880911493543,0.9990431070327759,3.4773685911204666e-05
2905.908523453414,0.9989461302757263,3.4822383895516396e-05
2905.9289556570147,0.9985412955284119,3.486061541480012e-05
2905.949387959685,0.9982885122299194,3.483904220047407e-05
2905.9698203623484,0.9979408979415894,3.486708374111913e-05
2905.990252664087,0.9981645941734314,3.4898588637588546e-05
2906.0106849648946,0.9973752498626709,3.4864977351389825e-05
2906.031117265695,0.9970113635063171,3.516659853630699e-05
2906.071981865447,1.0006065368652344,3.4806136682163924e-05
2906.0924141643845,1.000598430633545,3.4873031836468726e-05
2906.112846462398,1.0004380941390991,3.482036845525727e-05
2906.133278860405,1.0002505779266357,3.488329457468353e-05
2906.1537110574864,0.9999711513519287,3.4901440812973306e-05
2906.174143354103,0.9998853206634521,3.48966168530751e-05
2906.1945757502544,0.9999616146087646,3.4917065931949764e-05
2906.2150079459316,0.9994373917579651,3.4921031328849494e-05
2906.2354402406854,0.9993634819984436,3.491379175102338e-05
2906.255872634967,0.9994240999221802,3.486108471406624e-05
2906.276304828789,0.9991812705993652,3.483593536657281e-05
2906.317169514572,1.0015618801116943,3.485211345832795e-05
2906.337601706524,1.0022087097167969,3.486277273623273e-05
2906.358033998018,1.0021995306015015,3.49294969055336e-05
2906.37846638904,1.0021854639053345,3.490978269837797e-05
2906.398898679603,1.002181887626648,3.491329334792681e-05
2906.4193309692346,1.0019335746765137,3.493038093438372e-05
2906.4397632584005,1.0018060207366943,3.495945202303119e-05
2906.4601955470935,1.00137197971344,3.497559009701945e-05
2906.480627835328,1.001100778579712,3.4939555916935205e-05
2906.501060122624,1.0009279251098633,3.496033605188131e-05
2906.5214924094616,1.0009430646896362,3.4944609069498256e-05
2906.56235698174,1.0028297901153564,3.4900152968475595e-05
2906.5827892667076,1.0025498867034912,3.489884693408385e-05
2906.6032215516825,1.0030227899551392,3.493989061098546e-05
2906.623653835719,1.0031713247299194,3.4935579606099054e-05
2906.644086019296,1.0029706954956055,3.496247518341988e-05
2906.6645184019435,1.0027230978012085,3.4998000046471134e-05
2906.68495068459,1.00232994556427,3.496778299449943e-05
2906.7053828662974,1.002077341079712,3.4984652302227914e-05
2906.725815247548,1.0019582509994507,3.497481520753354e-05
2906.7462475283246,1.0018163919448853,3.498790829326026e-05
2906.7666797081765,1.0015584230422974,3.487181675154716e-05
2906.8075443669513,1.0038942098617554,3.4908669476863e-05
2906.8279766453998,1.0039891004562378,3.495171768008731e-05
2906.848408922924,1.0037434101104736,3.4937267628265545e-05
2906.8688412004412,1.0028537511825562,3.494576594675891e-05
2906.889273577035,1.0034862756729126,3.493887197691947e-05
2906.9097057531617,1.0038740634918213,3.496247518341988e-05
2906.9301380288234,1.0035316944122314,3.4989723644685e-05
2906.950570404013,1.0034483671188354,3.500251114019193e-05
2906.9710026782777,1.0031479597091675,3.5005490644834936e-05
2906.991434852069,1.0027128458023071,3.509300950099714e-05
2907.011867225403,1.0025712251663208,3.495943747111596e-05
2907.0527316702064,1.0040192604064941,3.4943823266075924e-05
2907.0731640421363,1.0039323568344116,3.4948123357025906e-05
2907.0935963131415,1.0040748119354248,3.496365752653219e-05
2907.114028483673,1.0039063692092896,3.4974818845512345e-05
2907.134460853282,1.0031673908233643,3.496893259580247e-05
2907.15489312289,1.0031907558441162,3.4966611565323547e-05
2907.175325291566,1.0035046339035034,3.499573722365312e-05
2907.1957576597706,1.0032411813735962,3.502324761939235e-05
2907.216189927516,1.003067135810852,3.499206286505796e-05
2907.2366221947887,1.002861499786377,3.494620614219457e-05
2907.257054461137,1.0026156902313232,3.487782669253647e-05
2907.29791899243,1.0050678253173828,3.493942131171934e-05
2907.3183512573814,1.0045069456100464,3.4954631701111794e-05
2907.3387835214016,1.0044714212417603,3.494833435979672e-05
2907.359215685414,1.0045469999313354,3.493621261441149e-05
2907.3796480485034,1.0043339729309082,3.4924807550851256e-05
2907.4000803111267,1.0040408372879028,3.4939719625981525e-05
2907.420512573277,1.0036563873291016,3.49219590134453e-05
2907.440944834503,1.0038081407546997,3.4916651202365756e-05
2907.4613770952637,1.0040035247802734,3.4921769838547334e-05
2907.481809456018,1.0038936138153076,3.494875272735953e-05
2907.5022416153806,1.0038368701934814,3.4996435715584084e-05
2907.522673874744,1.003906011581421,3.497704892652109e-05
2907.5431062336356,1.0037388801574707,3.497298894217238e-05
2907.5635383916015,1.0036957263946533,3.49973161064554e-05
2907.5839706491024,1.00342857837677,3.4990069252671674e-05
2907.604403006131,1.0037291049957275,3.501948594930582e-05
2907.6248351622344,1.0035661458969116,3.498073056107387e-05
2907.6452674183383,1.003115177154541,3.496704448480159e-05
2907.6656997735045,1.0026967525482178,3.4973556466866285e-05
2907.6861319282107,1.0025931596755981,3.50019836332649e-05
2907.706564182452,1.0020707845687866,3.497620491543785e-05
2907.726996536221,1.0023149251937866,3.4920743928523734e-05
2907.7474286890647,1.0025452375411987,3.487309368210845e-05
2907.78829329335,1.003788948059082,3.496455610729754e-05
2907.808725544797,1.0037904977798462,3.496111821732484e-05
2907.829157695778,1.0034681558609009,3.4948476240970194e-05
2907.849590045822,1.0037301778793335,3.4958731703227386e-05
2907.8700222954067,1.0033916234970093,3.50079353665933e-05
2907.890454444525,1.0031747817993164,3.4950939152622595e-05
2907.910886793172,1.003213882446289,3.497362195048481e-05
2907.9313190413595,1.002716302871704,3.499683225527406e-05
2907.951751188615,1.00260591506958,3.497502621030435e-05
2907.972183535865,1.0023804903030396,3.495236887829378e-05
2907.99261578219,1.0019692182540894,3.4841399610741064e-05
2908.0334802729703,1.0035297870635986,3.491803727229126e-05
2908.0539125174328,1.003620982170105,3.496033605188131e-05
2908.0743446618944,1.0035008192062378,3.496270073810592e-05
2908.094777005419,1.0035028457641602,3.497405123198405e-05
2908.115209148018,1.0032002925872803,3.499045124044642e-05
2908.135641390618,1.0030865669250488,3.498373553156853e-05
2908.1560737327454,1.003192663192749,3.497860234347172e-05
2908.176505973948,1.0031604766845703,3.497321449685842e-05
2908.196938214678,1.0028434991836548,3.498170553939417e-05
2908.2173704549496,1.0025323629379272,3.494153861538507e-05
2908.2378026942897,1.00271737575531,3.499816739349626e-05
2908.2786671720314,1.0029406547546387,3.4954740840476006e-05
2908.2990994099746,1.0033320188522339,3.491414827294648e-05
2908.3195317474456,1.0032967329025269,3.493528129183687e-05
2908.3399638844567,1.0031663179397583,3.4941997000714764e-05
2908.360396120537,1.0030615329742432,3.4938566386699677e-05
2908.3808284561455,1.0030014514923096,3.495590135571547e-05
2908.401260591294,1.0030293464660645,3.495895361993462e-05
2908.4216928259775,1.0027425289154053,3.4935754229081795e-05
2908.442125160189,1.0027326345443726,3.4966687962878495e-05
2908.4625572939403,1.002605676651001,3.497470243019052e-05
2908.4829895267612,1.0023465156555176,3.498128353385255e-05
2908.5238539909988,1.0029122829437256,3.493220356176607e-05
2908.5442862224227,1.0023521184921265,3.4955966839333996e-05
2908.5647185529087,1.0024019479751587,3.4950287954416126e-05
2908.5851506834006,1.00283682346344,3.4968164982274175e-05
2908.605582912962,1.0026360750198364,3.494056727504358e-05
2908.626015242051,1.0024166107177734,3.493956683087163e-05
2908.646447470681,1.0022542476654053,3.494056727504358e-05
2908.6668795983787,1.0022345781326294,3.496140197967179e-05
2908.687311926071,1.002307415008545,3.4943135688081384e-05
2908.707744152838,1.0020134449005127,3.4967488318216056e-05
2908.728176279139,1.0019447803497314,3.4957956813741475e-05
2908.7486086049685,1.0018573999404907,3.496104181976989e-05
2908.769040830339,1.0017246007919312,3.493668555165641e-05
2908.789472954777,1.0013536214828491,3.4945947845699266e-05
2908.809905278744,1.000986099243164,3.489867231110111e-05
2908.8303375022515,1.0007023811340332,3.492903124424629e-05
2908.8507696252927,1.0007137060165405,3.487238791421987e-05
2908.8712019478626,1.0008203983306885,3.480810482869856e-05
2908.8916340699725,1.0001521110534668,3.475928315310739e-05
2908.912066291152,0.9997811317443848,3.461700907791965e-05
2908.932498611859,0.9989386200904846,3.4438809962011874e-05
2909.0142274895843,1.0019052028656006,3.490888775559142e-05
2909.0346597079697,1.0017802715301514,3.492520045256242e-05
2909.0550919254165,1.0016647577285767,3.491832103463821e-05
2909.075524142405,1.0017975568771362,3.493139229249209e-05
2909.095956358462,1.0011028051376343,3.4967401006724685e-05
2909.116388574512,1.0011119842529297,3.492525502224453e-05
2909.1368207896376,1.0011248588562012,3.4917142329504713e-05
2909.1572531042984,1.0016225576400757,3.491019015200436e-05
2909.177685218485,1.00106680393219,3.494297561701387e-05
2909.1981174322136,1.0008326768875122,3.4962537029059604e-05
2909.2185497454775,1.0007587671279907,3.4952288842760026e-05
2909.259414070133,1.0010148286819458,3.492871837806888e-05
2909.2798463815343,1.000859260559082,3.493656186037697e-05
2909.300278492461,1.0005897283554077,3.493738404358737e-05
2909.3207107029302,1.0006862878799438,3.4957232855958864e-05
2909.341143012469,1.0005125999450684,3.4941156627610326e-05
2909.3615751219986,1.0006297826766968,3.493053009151481e-05
2909.382007330605,0.9999192357063293,3.492022369755432e-05
2909.4024396387467,0.9998469352722168,3.491382813081145e-05
2909.422871746414,1.0001773834228516,3.496425779303536e-05
2909.4433039531577,0.9998641610145569,3.4881239116657525e-05
2909.4637362599024,1.0000101327896118,3.491647294140421e-05
2909.5046005710537,1.0006390810012817,3.492538598948158e-05
2909.5250328759357,1.0004650354385376,3.4947963285958394e-05
2909.545465080344,1.000266432762146,3.493036638246849e-05
2909.565897184293,1.0004160404205322,3.4913151466753334e-05
2909.5863294873125,1.0002877712249756,3.492413816275075e-05
2909.606761590323,1.0002930164337158,3.4936841984745115e-05
2909.6271937924103,1.0000865459442139,3.4906894143205136e-05
2909.6476260940326,1.0000120401382446,3.4952652640640736e-05
2909.6680581951805,0.999594509601593,3.4944008802995086e-05
2909.688490395405,0.9998236298561096,3.490849121590145e-05
2909.7089226956305,0.99956214427948,3.491394454613328e-05
2909.7497869937433,1.0002927780151367,3.494369229883887e-05
2909.770219292106,0.9999572038650513,3.4974957088707015e-05
2909.7906513899943,1.0001007318496704,3.488464426482096e-05
2909.8110835869593,1.0001829862594604,3.488277070573531e-05
2909.831515883925,0.9999517798423767,3.488552465569228e-05
2909.8519480799514,0.999671459197998,3.488722359179519e-05
2909.8723801755186,0.9997837543487549,3.492034011287615e-05
2909.8928124706144,0.9996132254600525,3.4866505302488804e-05
2909.913244665251,0.9997758865356445,3.4922883060062304e-05
2909.9336767589557,0.9994099140167236,3.4886255889432505e-05
2909.954109052662,0.9991633296012878,3.4918255551019683e-05
2909.9745412454286,0.9992987513542175,3.4900764148915187e-05
2909.994973337736,0.9993910789489746,3.492291580187157e-05
2910.0154056295723,0.9994020462036133,3.4899127058451995e-05
2910.0358378209494,0.999267041683197,3.494232805678621e-05
2910.056270111396,0.9990419745445251,3.4898541343864053e-05
2910.076702201841,0.9988424181938171,3.49097499565687e-05
2910.097134391348,0.9985807538032532,3.4901615435956046e-05
2910.1175666803974,0.9986632466316223,3.492715404718183e-05
2910.1379987689725,0.9988200664520264,3.491230381769128e-05
2910.15843095709,0.9984941482543945,3.489966184133664e-05
2910.1788632447424,0.9984584450721741,3.489220762276091e-05
2910.199295331462,0.9984217882156372,3.48158209817484e-05
2910.2401598034994,0.9983590245246887,3.488631409709342e-05
2910.260591888815,0.9987061023712158,3.492620089673437e-05
2910.2810240736726,0.9988850951194763,3.4900902392109856e-05
2910.3014563580655,0.9987149238586426,3.490392191451974e-05
2910.3218884415255,0.9987742304801941,3.487762660370208e-05
2910.342320624979,0.9984936714172363,3.4919965401059017e-05
2910.3627529075093,0.9982231259346008,3.4930613765027374e-05
2910.383184989565,0.9979853630065918,3.492561882012524e-05
2910.403617171163,0.9975485801696777,3.487165304250084e-05
2910.424049451831,0.9980174899101257,3.488611037028022e-05
2910.444481532497,0.9976964592933655,3.491917595965788e-05
2910.4853459914957,0.9982988238334656,3.490489689284004e-05
2910.505778070292,0.9978697299957275,3.491839743219316e-05
2910.5262102486304,0.9978000521659851,3.487028880044818e-05
2910.546642526504,0.9983693957328796,3.492127143545076e-05
2910.567074603445,0.9981549978256226,3.489427035674453e-05
2910.587506780379,0.9981266260147095,3.492525138426572e-05
2910.60793905639,0.9981927275657654,3.491322786430828e-05
2910.6283711319265,0.9978132843971252,3.492620453471318e-05
2910.6488033070054,0.9975018501281738,3.49359615938738e-05
2910.6692355816194,0.9973511695861816,3.487986759864725e-05
2910.6896677557597,0.9974972605705261,3.4869168302975595e-05
2910.7305321017266,0.9979148507118225,3.489495429676026e-05
2910.75096427447,0.9976179599761963,3.489050504867919e-05
2910.7713963462884,0.997580885887146,3.489364462438971e-05
2910.7918286176428,0.9972538948059082,3.490696326480247e-05
2910.8122607880578,0.9976897239685059,3.490375092951581e-05
2910.8326928584793,0.9972558617591858,3.489655864541419e-05
2910.853125127971,0.9977352619171143,3.488448783173226e-05
2910.873557296989,0.9973843693733215,3.4895936551038176e-05
2910.8939893660136,0.9973464012145996,3.486511195660569e-05
2910.9144216341083,0.9971328973770142,3.489032678771764e-05
2910.9348538012637,0.997036874294281,3.4862314350903034e-05
2910.9757181351233,0.9979033470153809,3.4894812415586784e-05
2910.9961503008817,0.9976722002029419,3.4888780646724626e-05
2911.0165824661817,0.9974272847175598,3.490650487947278e-05
2911.037014631016,0.9974386692047119,3.49043621099554e-05
2911.0574467953775,0.9971648454666138,3.488587753963657e-05
2911.0778789592805,0.9968692660331726,3.486446803435683e-05
2911.098311122252,0.996877133846283,3.486429341137409e-05
2911.1187432852166,0.9970089197158813,3.488319998723455e-05
2911.139175447257,0.9969675540924072,3.4876349673140794e-05
2911.1596076088317,0.9970285892486572,3.4895962016889825e-05
2911.1800397699335,0.9969046711921692,3.488414586172439e-05
2911.2209040907546,0.997367262840271,3.4899614547612146e-05
2911.2413362504594,0.997125506401062,3.499845479382202e-05
2911.261768509241,0.9969218373298645,3.4863202017731965e-05
2911.2822005675553,0.9970154762268066,3.487061621854082e-05
2911.302632725863,0.9968571066856384,3.488542643026449e-05
2911.3230649832476,0.9966719150543213,3.4857097489293665e-05
2911.343497040165,0.9963544011116028,3.486584319034591e-05
2911.3639291961445,0.996488094329834,3.488185029709712e-05
2911.384361452132,0.9965638518333435,3.4891672839876264e-05
2911.4047935071867,0.9969561696052551,3.4849039366235957e-05
2911.425225662235,0.9967904686927795,3.489461960271001e-05
2911.44565791636,0.9967252016067505,3.4890897950390354e-05
2911.4660899700175,0.9965035319328308,3.491101597319357e-05
2911.486522123203,0.9964907765388489,3.486899731797166e-05
2911.5069543754653,0.9963071942329407,3.4854245313908905e-05
2911.527386527727,0.9963428378105164,3.487376307020895e-05
2911.5478185795146,0.9964430928230286,3.489867958705872e-05
2911.56825083038,0.9966183304786682,3.4895863791462034e-05
2911.5886829807787,0.9964885115623474,3.488513539195992e-05
2911.609115030704,0.9962156414985657,3.488283255137503e-05
2911.629547280172,0.9956552982330322,3.4875884011853486e-05
2911.649979429174,0.9960787892341614,3.484708577161655e-05
2911.6704114772365,0.9961894750595093,3.486664718366228e-05
2911.711275872447,0.9968546628952026,3.488354923320003e-05
2911.7317079191125,0.9969147443771362,3.488930087769404e-05
2911.752140165787,0.9969746470451355,3.4866767236962914e-05
2911.772572311529,0.9966548085212708,3.4852193493861705e-05
2911.793004356332,0.9964016079902649,3.489709706627764e-05
2911.8134366011436,0.9964739084243774,3.490609742584638e-05
2911.833868745489,0.9962464570999146,3.4910997783299536e-05
2911.8543007888948,0.996479868888855,3.4868429793277755e-05
2911.874733031844,0.9962486624717712,3.485705747152679e-05
2911.8951651743264,0.9959284067153931,3.488460788503289e-05
2911.915597316336,0.9958668351173401,3.488103175186552e-05
2911.9360294578873,0.9962430596351624,3.4892109397333115e-05
2911.9564615989657,0.9961073994636536,3.487355206743814e-05
2911.976893639585,0.9959471821784973,3.485640263534151e-05
2911.9973258792743,0.9959760904312134,3.4856748243328184e-05
2912.0177580184973,0.9959792494773865,3.4886656067101285e-05
2912.038190057712,0.9963672757148743,3.487390131340362e-05
2912.0586222960046,0.9959971904754639,3.485164052108303e-05
2912.0790544338233,0.9960950613021851,3.486393325147219e-05
2912.099486471183,0.9959959983825684,3.48506509908475e-05
2912.1199187076127,0.9960971474647522,3.489714072202332e-05
2912.1403508440417,0.995897650718689,3.493334224913269e-05
2912.1607828795313,0.9957882165908813,3.487846697680652e-05
2912.1812151150298,0.9953681230545044,3.487926005618647e-05
2912.201647249589,0.9953491687774658,3.486707282718271e-05
2912.2220793836896,0.9957593083381653,3.485599881969392e-05
2912.2425115173246,0.9957674145698547,3.489544178592041e-05
2912.262943650494,0.9958450794219971,3.4877211874118075e-05
2912.2833757827248,0.9960298538208008,3.4878674341598526e-05
2912.303807914963,0.9958743453025818,3.490327071631327e-05
2912.3242400462623,0.995776891708374,3.487053982098587e-05
2912.344672177569,0.9959258437156677,3.4879551094491035e-05
2912.365104407945,0.9960031509399414,3.4887394576799124e-05
2912.385536437854,0.9960036873817444,3.484183980617672e-05
2912.405968567291,0.9957906007766724,3.4896562283392996e-05
2912.4468328243092,0.9965885281562805,3.4868993679992855e-05
2912.467265052357,0.9964536428451538,3.4873144613811746e-05
2912.487697179473,0.9964305758476257,3.490028757369146e-05
2912.508129206588,0.9964131116867065,3.4867327485699207e-05
2912.528561432766,0.9966902136802673,3.4947574022226036e-05
2912.5489935584847,0.9965821504592896,3.4862248867284507e-05
2912.5694255837298,0.9965164065361023,3.4872722608270124e-05
2912.589857808518,0.9965279698371887,3.4874461562139913e-05
2912.6102898323734,0.9964918494224548,3.487863068585284e-05
2912.6307219562295,0.9966802000999451,3.489075606921688e-05
2912.651154179148,0.9968319535255432,3.485759953036904e-05
2912.671586202072,0.9966112375259399,3.48862522514537e-05
2912.692018324058,0.9966484904289246,3.490078597678803e-05
2912.7124505455868,0.99665367603302,3.489514347165823e-05
2912.732882666649,0.9964526891708374,3.4926048101624474e-05
2912.7533146872447,0.9959356784820557,3.486603600322269e-05
2912.773746907369,0.9966453313827515,3.488432412268594e-05
2912.7941790265686,0.9964038729667664,3.4866126952692866e-05
2912.81461104576,0.9968947172164917,3.489997106953524e-05
2912.835043264029,0.9968993067741394,3.4888882510131225e-05
2912.8554753818316,0.9968429207801819,3.494474003673531e-05
2912.8759073996334,0.9966412782669067,3.489973096293397e-05
2912.896339616498,0.9970340132713318,3.490165181574412e-05
2912.9167717329037,0.9969059228897095,3.492612449917942e-05
2912.93720374837,0.9968939423561096,3.4865039197029546e-05
2912.957635963845,0.9973296523094177,3.4896675060736015e-05
2912.9780680788535,0.9973397850990295,3.488430957077071e-05
2912.99850009293,0.9971128702163696,3.487864523776807e-05
2913.018932307001,0.9969171285629272,3.487721551209688e-05
2913.0393644201467,0.9969185590744019,3.488446964183822e-05
2913.0597965328197,0.997155487537384,3.4900465834653005e-05
2913.0802286450344,0.9973776340484619,3.49011315847747e-05
2913.1006607567833,0.997368335723877,3.4896638680947945e-05
2913.1210928680593,0.9977148175239563,3.489446680760011e-05
2913.1415249784113,0.9975664019584656,3.489251685095951e-05
2913.1823891986423,0.9977982044219971,3.489443406579085e-05
2913.202821407598,0.9979543685913086,3.490638846415095e-05
2913.2232534160867,0.9978086352348328,3.4909859095932916e-05
2913.243685524103,0.9978878498077393,3.4906093787867576e-05
2913.264117731662,0.9981632828712463,3.487596768536605e-05
2913.2845497387534,0.9982902407646179,3.4895823773695156e-05
2913.304981845373,0.9980705380439758,3.490372546366416e-05
2913.3254140515346,0.9979332089424133,3.4907170629594475e-05
2913.3458460567635,0.9983364939689636,3.4938868338940665e-05
2913.366278161986,0.998610258102417,3.4909084206447005e-05
2913.3867102662844,0.9987357258796692,3.491153256618418e-05
2913.4071423705827,0.9986081719398499,3.490535891614854e-05
2913.4275744739425,0.9987211227416992,3.490936433081515e-05
2913.448006576844,0.9990835189819336,3.491367169772275e-05
2913.4684386792796,0.9991005063056946,3.490313611109741e-05
2913.4888707812424,0.9991276860237122,3.491301686153747e-05
2913.509302882281,0.999250590801239,3.489053779048845e-05
2913.52973498332,0.9990617632865906,3.491232200758532e-05
2913.5501670838858,0.9993394017219543,3.4894161217380315e-05
2913.5705992835283,0.9993347525596619,3.490735616651364e-05
2913.5910312827036,0.9988861680030823,3.4884466003859416e-05
2913.611463481873,0.9991561770439148,3.4917542507173494e-05
2913.631895580118,0.9994381070137024,3.4916040021926165e-05
2913.6727597752033,0.9998719096183777,3.493838448775932e-05
2913.693191872051,1.0001518726348877,3.494884731480852e-05
2913.713623867967,1.0004340410232544,3.4927383239846677e-05
2913.734056063877,0.9999221563339233,3.494554039207287e-05
2913.7544881593276,1.000158429145813,3.493588155834004e-05
2913.7749201538463,1.0001554489135742,3.494870543363504e-05
2913.7953523478936,1.000657558441162,3.494917109492235e-05
2913.8157844419475,1.0008347034454346,3.495118289720267e-05
2913.836216435069,1.000733494758606,3.4927546948892996e-05
2913.8566486277196,1.000512719154358,3.4955250157509e-05
2913.8770807199107,1.00043523311615,3.49064648617059e-05
2913.8975128116363,1.000676155090332,3.496616045595147e-05
2913.917944902423,1.001120924949646,3.493519761832431e-05
2913.9383769932174,1.0007816553115845,3.496810677461326e-05
2913.958809083546,1.0007966756820679,3.49450929206796e-05
2913.979241172936,1.0013285875320435,3.4937089367304e-05
2913.9996732618674,1.0012308359146118,3.4928187233163044e-05
2914.0201053507917,1.001753807067871,3.496698263916187e-05
2914.0405375387927,1.0016896724700928,3.494320117169991e-05
2914.0609695263265,1.0015512704849243,3.498783553368412e-05
2914.0814016133954,1.0016344785690308,3.4951113775605336e-05
2914.1018336999914,1.0020288228988647,3.496900899335742e-05
2914.122265786129,1.001961588859558,3.4960383345605806e-05
2914.142697871328,1.0016794204711914,3.4938704629894346e-05
2914.1631299565342,1.0018806457519531,3.4955966839333996e-05
2914.183562041275,1.0020897388458252,3.496655335766263e-05
2914.2039940250834,1.0024482011795044,3.495473356451839e-05
2914.2244262084205,1.0026218891143799,3.4925382351502776e-05
2914.244858291764,1.0026494264602661,3.4954315196955577e-05
2914.265290374169,1.0028680562973022,3.492920950520784e-05
2914.2857224561158,1.0024733543395996,3.496086355880834e-05
2914.3061545375967,1.0028796195983887,3.493078475003131e-05
2914.326586618612,1.0028096437454224,3.494984412100166e-05
2914.3470186991544,1.0029706954956055,3.49648944393266e-05
2914.3674507787728,1.0027085542678833,3.499514423310757e-05
2914.387882858384,1.0031136274337769,3.4937318559968844e-05
2914.4083150370716,1.003162145614624,3.494300472084433e-05
2914.428747015758,1.0024738311767578,3.49435540556442e-05
2914.4491790935135,1.0029467344284058,3.4936554584419355e-05
2914.4696112712627,1.0033482313156128,3.4936427255161107e-05
2914.4900432480863,1.0031018257141113,3.494425254757516e-05
2914.5104753244377,1.0032939910888672,3.4928936656797305e-05
2914.5309075003315,1.0031554698944092,3.492867108434439e-05
2914.551339475758,1.003373384475708,3.492127871140838e-05
2914.5922037252094,1.0035381317138672,3.494620614219457e-05
2914.6126356987734,1.0034329891204834,3.4904933272628114e-05
2914.653499944965,1.004023551940918,3.499065132928081e-05
2914.6739319175977,1.0039842128753662,3.4960110497195274e-05
2914.6943639892997,1.0038591623306274,3.499609374557622e-05
2914.7147961609953,1.0036672353744507,3.497712896205485e-05
2914.735228231766,1.0039112567901611,3.496577119221911e-05
2914.755660302064,1.0039491653442383,3.497915167827159e-05
2914.7760923719034,1.0042771100997925,3.5009481507586315e-05
2914.796524441277,1.004224419593811,3.499317608657293e-05
2914.816956510178,1.0039947032928467,3.5000251955352724e-05
2914.837388578155,1.0040777921676636,3.5005126846954226e-05
2914.8578206461316,1.0041935443878174,3.498412115732208e-05
2914.8782527136354,1.0040966272354126,3.500855382299051e-05
2914.8986847802153,1.0044342279434204,3.4974680602317676e-05
2914.919116846795,1.0042916536331177,3.499335070955567e-05
2914.9395489124363,1.0041550397872925,3.4991444408660755e-05
2914.959980978085,1.0042953491210938,3.4992630389751866e-05
2914.980412942801,1.003721833229065,3.50081900251098e-05
2915.000845107046,1.0040172338485718,3.499013837426901e-05
2915.021277170832,1.0043234825134277,3.4987053368240595e-05
2915.0417091341515,1.0041166543960571,3.49758229276631e-05
2915.0621412969995,1.0043773651123047,3.5023906093556434e-05
2915.0825733593883,1.0043845176696777,3.502430263324641e-05
2915.1030054213115,1.004324197769165,3.500833918224089e-05
2915.1643016038142,1.0049618482589722,3.5006556572625414e-05
2915.184733663402,1.0050625801086426,3.4981112548848614e-05
2915.2051657229968,1.004995346069336,3.4983688237844035e-05
2915.2255977816603,1.0046242475509644,3.498338264762424e-05
2915.2460299398517,1.0048376321792603,3.498285514069721e-05
2915.266461898049,1.0045230388641357,3.504101186990738e-05
2915.2868939553155,1.0044909715652466,3.496333010843955e-05
2915.30732611211,1.0049833059310913,3.4980435884790495e-05
2915.3277580684444,1.004883885383606,3.4995784517377615e-05
2915.348190124314,1.0046480894088745,3.4997097827726975e-05
2915.3686222797114,1.0049906969070435,3.500718230498023e-05
2915.3890542341833,1.0046958923339844,3.49872607330326e-05
2915.409486288656,1.0046818256378174,3.5000324714928865e-05
2915.4299184426563,1.0046144723892212,3.499487502267584e-05
2915.450350395731,1.0046316385269165,3.49969559465535e-05
2915.470782448807,1.0045442581176758,3.502712570480071e-05
2915.4912146009447,1.0044008493423462,3.4990254789590836e-05
2915.511646553088,1.004465937614441,3.501046376186423e-05
2915.532078604301,1.004439115524292,3.498018850223161e-05
2915.552510755042,1.0036698579788208,3.499244849081151e-05
2915.5729428057894,1.0041788816452026,3.503873813315295e-05
2915.5933747556046,1.004376769065857,3.5021665098611265e-05
2915.6138069049484,1.0044704675674438,3.5021301300730556e-05
2915.634238953833,1.0042089223861694,3.4992819564649835e-05
2915.7159670442416,1.0038474798202515,3.495905548334122e-05
2915.7363991907914,1.004072904586792,3.5017874324694276e-05
2915.7568311368814,1.0037729740142822,3.500371894915588e-05
2915.7772631820408,1.0037403106689453,3.4996661270270124e-05
2915.7976953271937,1.0035583972930908,3.4962096833623946e-05
2915.818127271421,1.0036834478378296,3.498872320051305e-05
2915.8385593151834,1.0034242868423462,3.498847581795417e-05
2915.8589914589393,1.0036005973815918,3.502046092762612e-05
2915.8794234017696,1.0035537481307983,3.498591831885278e-05
2915.899855544136,1.003503441810608,3.500268212519586e-05
2915.9202875860283,1.003436803817749,3.4976284950971603e-05
2915.940719627928,1.0034809112548828,3.499749436741695e-05
2915.9611516688965,1.0032809972763062,3.496045610518195e-05
2915.981583709392,1.0032535791397095,3.502064282656647e-05
2916.0020157489635,1.003129243850708,3.498060686979443e-05
2916.022447788535,1.003303050994873,3.4957844036398456e-05
2916.0428798276334,1.0030385255813599,3.502977415337227e-05
2916.0633118662736,1.0027917623519897,3.5019002098124474e-05
2916.0837440044415,1.002475619316101,3.4987875551451e-05
2916.104175941684,1.0023618936538696,3.503074185573496e-05
2916.124607978927,1.0021798610687256,3.495291821309365e-05
2916.1450401152324,1.0027015209197998,3.500322054605931e-05
2916.1654720515435,1.0023247003555298,3.4965298254974186e-05
2916.185904086924,1.002284049987793,3.4963712096214294e-05
2916.206336222298,1.0022919178009033,3.4952216083183885e-05
2916.2267681567464,1.0021944046020508,3.498189107631333e-05
2916.24720019073,1.0021066665649414,3.49877736880444e-05
2916.2676323242413,1.0020242929458618,3.495790224405937e-05
2916.2880642577584,1.0020127296447754,3.49666916008573e-05
2916.308496290345,1.0019773244857788,3.4974167647305876e-05
2916.3289284224593,1.0019721984863281,3.4960896300617605e-05
2916.3493603541137,1.0020033121109009,3.502771505736746e-05
2916.3697923853033,1.001668930053711,3.496425415505655e-05
2916.390224416027,1.0011850595474243,3.495940109132789e-05
2916.4106565458133,1.0013765096664429,3.4957130992552266e-05
2916.431088475605,1.0014256238937378,3.4956494346261024e-05
2916.4515206049255,1.0013983249664307,3.494626434985548e-05
2916.471952533786,1.0014443397521973,3.497560464893468e-05
2916.492384561716,1.0010952949523926,3.498046498862095e-05
2916.5128166896393,1.0010809898376465,3.496163844829425e-05
2916.533248617103,1.0009536743164062,3.4999648050870746e-05
2916.5536806436357,1.0011814832687378,3.4942018828587607e-05
2916.574112770162,1.0009400844573975,3.49720758094918e-05
2916.594544695763,1.0007036924362183,3.494921111268923e-05
2916.614976720899,1.0009249448776245,3.496028148219921e-05
2916.6354088460284,1.0006660223007202,3.49718211509753e-05
2916.6558407702323,1.0003893375396729,3.4989669075002894e-05
2916.6762727939713,1.0001261234283447,3.4952827263623476e-05
2916.696704917238,1.0004833936691284,3.493881376925856e-05
2916.7171368405106,1.000650405883789,3.495507189654745e-05
2916.7375688628526,1.0010249614715576,3.495143755571917e-05
2916.7580009847225,1.0004345178604126,3.4969878470292315e-05
2916.778433006133,1.0001128911972046,3.499248850857839e-05
2916.7988649270774,1.0001705884933472,3.495817873044871e-05
2916.81929704755,1.0001364946365356,3.495445707812905e-05
2916.839729067564,0.9999661445617676,3.495400233077817e-05
2916.860160987111,1.0000394582748413,3.497056241030805e-05
2916.880593106187,0.9998377561569214,3.493812255328521e-05
2916.901025124338,0.9998778104782104,3.495790952001698e-05
2916.92145724249,0.9999229311943054,3.495009877951816e-05
2916.941889160167,0.9995409846305847,3.496600766084157e-05
2916.962321177387,0.9992666244506836,3.4949589462485164e-05
2916.982753293676,0.9998042583465576,3.495149940135889e-05
2917.0031852099564,0.9994311928749084,3.4969478292623535e-05
2917.0236172253135,0.9998422265052795,3.495138662401587e-05
2917.0440493406713,0.9996681213378906,3.494010161375627e-05
2917.064481255089,0.9998455047607422,3.495507553452626e-05
2917.1053452830092,0.998895525932312,3.4954027796629816e-05
2917.1257772964964,0.9986686706542969,3.49147740053013e-05
2917.1462093090595,0.9987923502922058,3.493198528303765e-05
2917.166641321157,0.9987819194793701,3.492552787065506e-05
2917.187073333247,0.998616099357605,3.4926397347589955e-05
2917.207505344413,0.9983978867530823,3.4900567698059604e-05
2917.2279373551137,0.9980267882347107,3.490816379780881e-05
2917.248369365341,0.9978015422821045,3.4927699744002894e-05
2917.2688013751103,0.9981152415275574,3.493625627015717e-05
2917.2892334848802,0.9980630874633789,3.493104304652661e-05
2917.30966539371,0.997966468334198,3.492004543659277e-05
2917.330097402082,0.9980809092521667,3.4957720345119014e-05
2917.3505295099894,0.9982094168663025,3.490363451419398e-05
2917.370961417422,0.9978928565979004,3.490220115054399e-05
2917.3913934243974,0.9978229403495789,3.4890195820480585e-05
2917.4118255309077,0.9977089166641235,3.493548501865007e-05
2917.4322574369435,0.997817873954773,3.4928474633488804e-05
2917.4526894425217,0.9977229833602905,3.492438554530963e-05
2917.4731215471693,0.9976385235786438,3.492443647701293e-05
2917.493553451808,0.9977219104766846,3.49195470334962e-05
2917.5139854559893,0.996982991695404,3.492335235932842e-05
2917.5344175597056,0.9968874454498291,3.4915963624371216e-05
2917.5548494629475,0.9973952770233154,3.492967152851634e-05
2917.575281465266,0.9973722696304321,3.493151598377153e-05
2917.5957135675853,0.9973296523094177,3.49495057889726e-05
2917.616145569431,0.9973496794700623,3.493804979370907e-05
2917.6365774703518,0.9972253441810608,3.490129893179983e-05
2917.657009571274,0.9971835613250732,3.489811933832243e-05
2917.6774415717227,0.9970405697822571,3.494061456876807e-05
2917.6978734712466,0.9969469904899597,3.490905146463774e-05
2917.718305570772,0.9971402287483215,3.490033122943714e-05
2917.738737569358,0.9970929622650146,3.492619362077676e-05
2917.7591694679504,0.9968260526657104,3.490397648420185e-05
2917.779601565613,0.9967114925384521,3.4904795029433444e-05
2917.800033563268,0.996379017829895,3.492358882795088e-05
2917.8204654599976,0.99665367603302,3.4932763810502365e-05
2917.840897556729,0.9971008896827698,3.4917917218990624e-05
2917.861329552521,0.996905505657196,3.494209158816375e-05
2917.881761447854,0.9971830248832703,3.489567825454287e-05
2917.9021935431883,0.9970348477363586,3.489541632006876e-05
2917.9226255375834,0.9968594908714294,3.4916403819806874e-05
2917.94305753152,0.9969831705093384,3.492087125778198e-05
2917.9634895254567,0.9971997737884521,3.488944275886752e-05
2917.9839215184547,0.9970041513442993,3.4932312701130286e-05
2918.0043535109944,0.9972535371780396,3.489291339064948e-05
2918.024785503534,0.9974110126495361,3.494316479191184e-05
2918.045217495135,0.997282862663269,3.48941539414227e-05
2918.086081476955,0.9957855939865112,3.4904143831226975e-05
2918.106513467159,0.9961037635803223,3.490319068077952e-05
2918.126945557371,0.9962679147720337,3.489678056212142e-05
2918.1473774466504,0.9956517815589905,3.4894204873126e-05
2918.1678094354575,0.9959583878517151,3.488226866465993e-05
2918.188241523807,0.9958454966545105,3.488431320874952e-05
2918.2086734116892,0.9961019158363342,3.491008828859776e-05
2918.2291053990994,0.9959370493888855,3.489224036457017e-05
2918.249537486052,0.9958167672157288,3.49191868735943e-05
2918.2699693729955,0.9959948062896729,3.489437949610874e-05
2918.290401359016,0.9961268901824951,3.4891760151367635e-05
2918.3108334445715,0.9961119890213013,3.4900163882412016e-05
2918.33126532966,0.9962226152420044,3.491144525469281e-05
2918.351697314276,0.9954140782356262,3.487189314910211e-05
2918.3721293984345,0.9954285025596619,3.485606794129126e-05
2918.3925612821185,0.9961168169975281,3.492660107440315e-05
2918.412993265345,0.9958022832870483,3.4914952266262844e-05
2918.4334253481065,0.9958157539367676,3.490272501949221e-05
2918.4538573303944,0.9958378076553345,3.48961038980633e-05
2918.474289212223,0.9960235953330994,3.489622031338513e-05
2918.4947212935876,0.9959560632705688,3.492967880447395e-05
2918.5151532744785,0.9959831237792969,3.49500187439844e-05
2918.53558515491,0.9959362149238586,3.489360460662283e-05
2918.556017234878,0.9958977103233337,3.492644100333564e-05
2918.5764492143717,0.9961212277412415,3.49171859852504e-05
2918.5968810934064,0.9959019422531128,3.4941531339427456e-05
2918.617313171977,0.995811939239502,3.4944758226629347e-05
2918.637745150074,0.995688796043396,3.4919728932436556e-05
2918.6581770277116,0.9959279894828796,3.4929435059893876e-05
2918.6786091044196,0.9962025284767151,3.4921355108963326e-05
2918.699040981126,0.9961358308792114,3.489700975478627e-05
2918.7194729573603,0.9963015913963318,3.494296834105626e-05
2918.739905033137,0.9963627457618713,3.495161945465952e-05
2918.760336908439,0.9968591332435608,3.4956632589455694e-05
2918.7807688832836,0.996642529964447,3.4937067539431155e-05
2918.8012009576632,0.9965901970863342,3.491521783871576e-05
2918.821632931569,0.9968635439872742,3.492219184408896e-05
2918.842064805016,0.9968030452728271,3.4908382076537237e-05
2918.8624968779986,0.9968665838241577,3.4918542951345444e-05
2918.8829288505076,0.9972091317176819,3.4924883948406205e-05
2918.9033607225574,0.9972249865531921,3.491081952233799e-05
2918.923792794143,0.9966638088226318,3.4915490687126294e-05
2918.9442247647894,0.9974693059921265,3.492007090244442e-05
2918.964656635442,0.9975018501281738,3.49308320437558e-05
2918.985088705631,0.9977907538414001,3.4916163713205606e-05
2919.005520675346,0.9978306293487549,3.4972505090991035e-05
2919.0259527446033,0.9978964924812317,3.494280099403113e-05
2919.0668165817115,0.9967708587646484,3.4908796806121245e-05
2919.087248649572,0.9972625374794006,3.5025670513277873e-05
2919.107680516965,0.9971122741699219,3.4944470826303586e-05
2919.128112483886,0.9971451759338379,3.4955941373482347e-05
2919.1485445503495,0.9973313212394714,3.491008101264015e-05
2919.1689764163457,0.9972931742668152,3.49428373738192e-05
2919.1894083818697,0.9972410202026367,3.492166069918312e-05
2919.209840446936,0.9969412088394165,3.496478166198358e-05
2919.2302723115354,0.9977059364318848,3.4939930628752336e-05
2919.2507042756624,0.9978894591331482,3.492166069918312e-05
2919.271136339332,0.9979631900787354,3.493881376925856e-05
2919.312000165264,0.9975557923316956,3.491580719128251e-05
2919.3324322275366,0.997369647026062,3.4907232475234196e-05
2919.3528641893427,0.9971660375595093,3.492078394629061e-05
2919.373296050675,0.9976096749305725,3.4913726267404854e-05
2919.3937281115504,0.9974357485771179,3.491591996862553e-05
2919.4141600719595,0.9974780678749084,3.495036798994988e-05
2919.434591931895,0.997758150100708,3.491797542665154e-05
2919.455023991839,0.9976610541343689,3.489867958705872e-05
2919.4754558508503,0.9973119497299194,3.492974065011367e-05
2919.4958878093894,0.9974346160888672,3.492644100333564e-05
2919.516319867471,0.9979508519172668,3.4922057238873094e-05
2919.536751725085,0.9978387355804443,3.492717587505467e-05
2919.5571836822273,0.9980199933052063,3.4926259104395285e-05
2919.577615738912,0.9978107810020447,3.4912663977593184e-05
2919.598047595595,0.9977453351020813,3.4892636904260144e-05
2919.61847955134,0.9978310465812683,3.494190605124459e-05
2919.6389116066275,0.9980395436286926,3.495651253615506e-05
2919.6593435614486,0.9979254603385925,3.492761970846914e-05
2919.6797754162617,0.9980504512786865,3.4937667805934325e-05
2919.7002074701522,0.998192310333252,3.496893623378128e-05
2919.7206394235764,0.9979951977729797,3.4929911635117605e-05
2919.7410712769924,0.9975816607475281,3.48905123246368e-05
2919.761503329486,0.9974967241287231,3.493465555948205e-05
2919.781935281513,0.9979802966117859,3.493604526738636e-05
2919.8023671335322,0.9980952143669128,3.495149940135889e-05
2919.822799184629,0.9980252981185913,3.494218981359154e-05
2919.8432311357246,0.9979115724563599,3.494990960462019e-05
2919.863662985881,0.9981353282928467,3.493830809020437e-05
2919.8840950360463,0.9982789754867554,3.4947774111060426e-05
2919.9045269852795,0.9982295632362366,3.498865044093691e-05
2919.9249588345047,0.9986423254013062,3.4969078114954755e-05
2919.9453908828073,0.9985383749008179,3.496684075798839e-05
2919.965822831109,0.9985191822052002,3.492405448923819e-05
2919.9862546784716,0.9988043904304504,3.494794145808555e-05
2920.006686725843,0.9986588358879089,3.4990804124390706e-05
2920.027118672282,0.9986696839332581,3.497470243019052e-05
2920.047550718715,0.9986128211021423,3.4954115108121186e-05
2920.0679825646876,0.9989215135574341,3.4957356547238305e-05
2920.0884145101954,0.9990968108177185,3.4988304832950234e-05
2920.1088464547647,0.9993858337402344,3.499295053188689e-05
2920.129278499342,0.999542772769928,3.497250145301223e-05
2920.149710343452,0.9996094107627869,3.49670990544837e-05
2920.17014228709,0.9997415542602539,3.501343962852843e-05
2920.190574229804,0.9997868537902832,3.49755646311678e-05
2920.211006172518,0.9997362494468689,3.4982000215677544e-05
2920.2314382147597,0.9999603033065796,3.498493606457487e-05
2920.2518700565415,0.9999597072601318,3.498016303637996e-05
2920.292734038703,0.9993405938148499,3.497779107419774e-05
2920.313165879088,0.9991062879562378,3.496350473142229e-05
2920.3335978190007,0.9992140531539917,3.4984052035724744e-05
2920.3540298584558,0.9997169971466064,3.4982698707608506e-05
2920.3744616974436,0.9999812841415405,3.496365752653219e-05
2920.3948936364322,1.0000635385513306,3.496681893011555e-05
2920.415325674483,1.00016188621521,3.495761484373361e-05
2920.435757512074,1.000320315361023,3.492721589282155e-05
2920.4561894491926,1.0002045631408691,3.497802390484139e-05
2920.4766214858537,1.0002777576446533,3.496071803965606e-05
2920.497053422514,1.0004658699035645,3.49425281456206e-05
2920.5379172939647,0.9989521503448486,3.495060445857234e-05
2920.5583492287624,0.9989416599273682,3.49458641721867e-05
2920.5787810630864,0.998799741268158,3.497986472211778e-05
2920.599213097419,0.9985795021057129,3.492191171972081e-05
2920.61964503082,0.9988453388214111,3.494663906167261e-05
2920.6400768642197,0.999030590057373,3.4974993468495086e-05
2920.6605088971482,0.9991570115089417,3.493993426673114e-05
2920.680940829152,0.9989475607872009,3.494057818898e-05
2920.7013726611476,0.9991971850395203,3.4982473152922466e-05
2920.7218046926864,0.9991487264633179,3.497142097330652e-05
2920.742236623293,0.9991546869277954,3.493780241115019e-05
2920.762668453899,0.9990027546882629,3.4950226108776405e-05
2920.7831004840336,0.9993265867233276,3.4950877306982875e-05
2920.803532413709,0.9991373419761658,3.494599150144495e-05
2920.8239642429107,0.9996257424354553,3.4992845030501485e-05
2920.8443962716556,0.9997575283050537,3.497459692880511e-05
2920.864828199934,0.9992101788520813,3.495770215522498e-05
2920.8852601277395,0.9989621639251709,3.496180215734057e-05
2920.9056920550865,0.9998629689216614,3.500881575746462e-05
2920.926123981968,0.9998846054077148,3.494960401440039e-05
2920.9465558083757,0.9999980330467224,3.4957993193529546e-05
2920.9669878343266,1.0000207424163818,3.498102887533605e-05
2920.9874197602767,1.0002633333206177,3.498502337606624e-05
2921.0282836098413,0.9998928904533386,3.497384750517085e-05
2921.0487155343944,0.9996053576469421,3.494930933811702e-05
2921.069147358008,0.9996210336685181,3.492856922093779e-05
2921.0895793816308,0.9997121691703796,3.493434996926226e-05
2921.1100113043212,0.9998874068260193,3.495254713925533e-05
2921.130443127011,0.9995697140693665,3.495364580885507e-05
2921.1508751492293,0.9992351531982422,3.4919667086796835e-05
2921.1713070705227,0.9991565346717834,3.495235796435736e-05
2921.1917390918097,0.9998554587364197,3.493770054774359e-05
2921.212170912637,0.9998506307601929,3.4940905607072636e-05
2921.232602832999,0.9999393224716187,3.494862903608009e-05
2921.2530348524233,0.999981164932251,3.4961409255629405e-05
2921.2734666718534,0.999907910823822,3.497470243019052e-05
2921.2938985908186,0.9997240304946899,3.4943845093948767e-05
2921.3143306093116,0.9998663067817688,3.5015997127629817e-05
2921.334762527811,0.999911367893219,3.4975659218616784e-05
2921.3551943453785,0.9998994469642639,3.4966727980645373e-05
2921.3756263624746,1.0000386238098145,3.4953442082041875e-05
2921.3960582791115,1.000043272972107,3.4972905268659815e-05
2921.416490095282,0.9999130368232727,3.498092701192945e-05
2921.4369221114466,0.9998527765274048,3.4968616091646254e-05
2921.4573540266865,0.9997849464416504,3.497073339531198e-05
2921.4777858419257,1.0002074241638184,3.498080695862882e-05
2921.498212041697,1.0004377365112305,3.4988930565305054e-05
2921.5186497445466,1.0004717111587524,3.495711280265823e-05
2921.5390815583887,1.0003578662872314,3.49884940078482e-05
2921.559513571294,1.0007836818695068,3.497904981486499e-05
2921.5799454842054,1.0006284713745117,3.497510988381691e-05
2921.6003772966505,1.0008504390716553,3.4995486203115433e-05
2921.6208093086243,1.0010720491409302,3.49690490111243e-05
2921.641241220139,1.0012871026992798,3.4981760109076276e-05
2921.661673031187,1.001010775566101,3.494624615996145e-05
2921.682105041764,1.0011966228485107,3.497781290207058e-05
2921.7025369518815,1.0012586116790771,3.497871875879355e-05
2921.7229688615334,1.001029133796692,3.493899566819891e-05
2921.763832679433,1.0005005598068237,3.496482895570807e-05
2921.7842645881537,1.0005433559417725,3.4974880691152066e-05
2921.8046965959365,1.000705599784851,3.496763019938953e-05
2921.825128403725,1.0006624460220337,3.4955144656123593e-05
2921.845560310583,1.0008225440979004,3.497806756058708e-05
2921.8659923174346,1.0011659860610962,3.497060970403254e-05
2921.886424123826,1.0011937618255615,3.500414459267631e-05
2921.906856029287,1.0013697147369385,3.497419675113633e-05
2921.9272880347417,1.001750111579895,3.5027445846935734e-05
2921.9477198397362,1.001510739326477,3.501585524645634e-05
2921.968151744266,1.0015857219696045,3.493531039566733e-05
2922.009015551921,1.000096082687378,3.498560909065418e-05
2922.0294474550537,1.0006937980651855,3.496684075798839e-05
2922.0498793577135,1.0007282495498657,3.4971180866705254e-05
2922.0703112603805,1.000730037689209,3.498993464745581e-05
2922.0907431621163,1.0008580684661865,3.495026976452209e-05
2922.111175063379,1.0010178089141846,3.497623765724711e-05
2922.131606964649,1.0009785890579224,3.494559496175498e-05
2922.152038864988,1.0014162063598633,3.497539000818506e-05
2922.17247086532,1.0012227296829224,3.494904740364291e-05
2922.1929026651924,1.0016074180603027,3.4994773159269243e-05
2922.213334664135,1.0014872550964355,3.49565852957312e-05
2922.2541983615447,1.0000698566436768,3.4952492569573224e-05
2922.274630359556,1.0000898838043213,3.496050339890644e-05
2922.2950622570934,1.0000571012496948,3.491956158541143e-05
2922.3154940541717,1.0001368522644043,3.492936957627535e-05
2922.335926050786,1.0004510879516602,3.494559496175498e-05
2922.356357947392,1.0002567768096924,3.494202974252403e-05
2922.3767897430735,1.0003151893615723,3.4948763641295955e-05
2922.3972217382907,1.000398874282837,3.494893462629989e-05
2922.4176536335,1.0001205205917358,3.493515032459982e-05
2922.43808542825,1.000570297241211,3.497322177281603e-05
2922.45851742207,1.0003708600997925,3.496457793517038e-05
2922.4789493158823,1.0004972219467163,3.495419514365494e-05
2922.4993811092354,1.0003833770751953,3.494077827781439e-05
2922.5198131021243,1.000360369682312,3.4979024349013343e-05
2922.5402449945395,1.0005853176116943,3.491911411401816e-05
2922.5606768864964,1.000025987625122,3.495470082270913e-05
2922.5811087779875,1.0005112886428833,3.4937478631036356e-05
2922.6015406690058,1.00078284740448,3.4982826036866754e-05
2922.6219725595656,1.0017929077148438,3.4981148928636685e-05
2922.642404550119,1.001000165939331,3.492752512102015e-05
2922.6628363397467,1.0013117790222168,3.49361143889837e-05
2922.6832682293752,1.0013227462768555,3.49524816556368e-05
2922.703700218073,1.0015194416046143,3.4977507311850786e-05
2922.744563894994,1.0006091594696045,3.4954668080899864e-05
2922.7649958822876,1.0004950761795044,3.49851579812821e-05
2922.785427669587,1.0005230903625488,3.4967200917890295e-05
2922.8058595564216,1.0007343292236328,3.49741785612423e-05
2922.8262914427905,1.0005372762680054,3.496377030387521e-05
2922.846723329152,1.0005464553833008,3.5012682928936556e-05
2922.8671552145897,1.001031756401062,3.4971792047144845e-05
2922.8875870995616,1.001534342765808,3.496311910566874e-05
2922.9080189845263,1.001530408859253,3.494412521831691e-05
2922.928450868567,1.0015299320220947,3.4938966564368457e-05
2922.9488827526075,1.001708984375,3.490111339488067e-05
2923.010178501456,0.9998201727867126,3.49203655787278e-05
2923.030610283633,1.0002533197402954,3.493276744848117e-05
2923.0510421653453,0.9999558329582214,3.49361143889837e-05
2923.0714741465854,1.0000311136245728,3.4925007639685646e-05
2923.0919059278312,0.9998912811279297,3.494568227324635e-05
2923.1123378081465,0.9997009634971619,3.4977085306309164e-05
2923.1327697884553,0.9994977712631226,3.492626274237409e-05
2923.1532015678386,1.0000388622283936,3.495414421195164e-05
2923.1736335472233,1.0005214214324951,3.4972828871104866e-05
2923.1940654256687,1.0000404119491577,3.49512993125245e-05
2923.2349291821083,1.0000189542770386,3.4921918995678425e-05
2923.2553610596224,1.0000191926956177,3.492865653242916e-05
2923.2757928366773,0.9999528527259827,3.494470729492605e-05
2923.296224813268,0.9999493360519409,3.495163036859594e-05
2923.316656689851,0.9996996521949768,3.491538518574089e-05
2923.3370884655087,0.9998520612716675,3.492405448923819e-05
2923.3575204407025,0.9998502731323242,3.4935303119709715e-05
2923.3779523158883,0.9996064901351929,3.4928736567962915e-05
2923.3983841906156,0.9993371367454529,3.490293238428421e-05
2923.4188160644117,0.9994437098503113,3.4929424145957455e-05
2923.4392479382004,0.9997596740722656,3.4971028071595356e-05
2923.459679811531,1.0000417232513428,3.4925909858429804e-05
2923.4801117843963,1.0002111196517944,3.497227226034738e-05
2923.5005435567873,0.9998703002929688,3.496382851153612e-05
2923.5209754291864,0.9999877214431763,3.497705620247871e-05
2923.541407300654,1.0000563859939575,3.4942822821903974e-05
2923.561839171649,1.0000488758087158,3.4928874811157584e-05
2923.582271042651,1.0004653930664062,3.496580393402837e-05
2923.6027029131874,1.0002508163452148,3.495944838505238e-05
2923.623134782785,1.0004230737686157,3.4946624509757385e-05
2923.6435666523903,1.0004596710205078,3.4979384508915246e-05
2923.6639985215297,1.0002630949020386,3.501018727547489e-05
2923.684430390196,1.0000938177108765,3.4967339161084965e-05
2923.7252941266124,1.0001697540283203,3.491815732559189e-05
2923.745725993882,0.9998407959938049,3.4921282349387184e-05
2923.7661578611587,0.9998534917831421,3.495889905025251e-05
2923.786589727504,0.9997930526733398,3.49562251358293e-05
2923.8070215938424,0.999617874622345,3.492206451483071e-05
2923.827453459722,0.9995341897010803,3.492898031254299e-05
2923.847885425137,0.999642550945282,3.4928598324768245e-05
2923.8683171900775,0.9996691346168518,3.494844713713974e-05
2923.8887490545603,0.9997416138648987,3.496943099889904e-05
2923.9091810185782,1.000105381011963,3.4953565773321316e-05
2923.9296127821217,0.9996562004089355,3.49450419889763e-05
2923.950044645673,0.9997314214706421,3.497627403703518e-05
2923.970476608294,0.9996172785758972,3.494622797006741e-05
2923.9909083709063,0.9998578429222107,3.499351441860199e-05
2924.0113402330608,1.000264286994934,3.497114448691718e-05
2924.0317721947504,1.0002855062484741,3.49643814843148e-05
2924.0522039559655,1.0006234645843506,3.497374564176425e-05
2924.072635816723,1.0008050203323364,3.500018283375539e-05
2924.0930677770157,1.0006159543991089,3.4918804885819554e-05
2924.1134995372995,1.0010206699371338,3.4948538086609915e-05
2924.133931496661,1.000990629196167,3.488224319880828e-05
2924.1543633560213,1.0011266469955444,3.4912511182483286e-05
2924.1747951144425,1.0009651184082031,3.480344093986787e-05
2924.215658930836,0.9994029998779297,3.4962758945766836e-05
2924.2360907883267,0.9991018176078796,3.4950415283674374e-05
2924.256522645359,0.9991340637207031,3.493702024570666e-05
2924.276954502391,0.9993511438369751,3.4956505260197446e-05
2924.297386358485,0.9994960427284241,3.497405123198405e-05
2924.31781821412,0.9996224641799927,3.492656833259389e-05
2924.3382500697553,0.9999899864196777,3.49470428773202e-05
2924.3586819249176,0.9998456835746765,3.4939483157359064e-05
2924.3791137796215,1.0000206232070923,3.497066063573584e-05
2924.39954563386,1.0003483295440674,3.496394128887914e-05
2924.4199773876244,1.0001962184906006,3.4979671909241006e-05
2924.4608411937734,0.9998766779899597,3.4894597774837166e-05
2924.4812729466066,0.9993153214454651,3.495332566672005e-05
2924.5017048985173,0.9994764924049377,3.491636016406119e-05
2924.5221367504273,0.9990235567092896,3.4918979508802295e-05
2924.5425685018636,0.9992265105247498,3.4909211535705253e-05
2924.563000452843,0.9994496703147888,3.4925647923955694e-05
2924.583432303356,0.9993556141853333,3.49230358551722e-05
2924.603864153396,0.9993431568145752,3.496381395962089e-05
2924.6242960034433,0.999313235282898,3.493241820251569e-05
2924.6447278525593,0.9996612668037415,3.4936703741550446e-05
2924.665159701668,0.9997276663780212,3.498100704746321e-05
2924.6855916498534,0.999675452709198,3.496970020933077e-05
2924.7060233980374,0.9995350241661072,3.494597694952972e-05
2924.726455245749,0.9997915625572205,3.4953493013745174e-05
2924.746887193003,0.9997977018356323,3.495268538245e-05
2924.767318940256,0.9999003410339355,3.49788497260306e-05
2924.7877507865705,0.9998921155929565,3.4961572964675725e-05
2924.8081827324277,0.9997695088386536,3.495526470942423e-05
2924.8286144782833,1.0002020597457886,3.497158468235284e-05
2924.8490463236667,1.0007065534591675,3.499481681501493e-05
2924.8694782685925,1.0004675388336182,3.498504156596027e-05
2924.889910013051,1.0009841918945312,3.494526390568353e-05
2924.9103418570376,1.0006723403930664,3.4901229810202494e-05
2924.951205543628,0.9995026588439941,3.492733958410099e-05
2924.971637386683,0.9991958737373352,3.49110814568121e-05
2924.9920693292806,0.9994043707847595,3.499704325804487e-05
2925.0125010709453,0.9993109703063965,3.4935041185235605e-05
2925.032933012604,0.9995818138122559,3.497294528642669e-05
2925.053364853804,0.9994722604751587,3.496141289360821e-05
2925.0737966949964,0.9991334080696106,3.493548501865007e-05
2925.094228535265,0.9989441633224487,3.4925120417028666e-05
2925.1146603750676,0.9995872378349304,3.4967702958965674e-05
2925.1350921148696,0.9997295141220093,3.496250064927153e-05
2925.1555240542,0.9999899864196777,3.4972279536304995e-05
2925.1963876314694,0.9994437098503113,3.493274562060833e-05
2925.2168195694103,0.9990841150283813,3.4976295864908025e-05
2925.2372514068848,0.9990823864936829,3.4941418562084436e-05
2925.2576831441256,0.9987539052963257,3.4960023185703903e-05
2925.278115081128,0.9988517165184021,3.4911798138637096e-05
2925.298546917438,0.9990076422691345,3.493452095426619e-05
2925.3189786535077,0.9987026453018188,3.493272015475668e-05
2925.3394105891202,0.9987083673477173,3.494434349704534e-05
2925.3598424242664,0.9984652400016785,3.4957971365656704e-05
2925.380274159179,0.998639702796936,3.494047268759459e-05
2925.40070609362,0.9990477561950684,3.494122938718647e-05
2925.421137927602,0.9992656707763672,3.499558079056442e-05
2925.441569761111,0.9990840554237366,3.497250872896984e-05
2925.4620015943947,0.9990511536598206,3.498299338389188e-05
2925.4824334272125,0.9991980195045471,3.495451164781116e-05
2925.5028652595574,0.9995315074920654,3.496522913337685e-05
2925.5232971916776,0.9992555975914001,3.496257704682648e-05
2925.5437289233305,0.9995563626289368,3.4946999221574515e-05
2925.5641607545112,0.999566376209259,3.495513374218717e-05
2925.5845926852344,0.9997332692146301,3.495828786981292e-05
2925.605024415723,0.9995850920677185,3.497976649668999e-05
2925.6254562457398,0.9994868636131287,3.4972341381944716e-05
2925.6458881752988,0.9992804527282715,3.496314457152039e-05
2925.686751733476,0.9987640380859375,3.4923021303256974e-05
2925.7071836618707,0.9986079335212708,3.495207420201041e-05
2925.727615390031,0.9988056421279907,3.493492113193497e-05
2925.7480472177194,0.9987332820892334,3.492266114335507e-05
2925.76847914495,0.9988170862197876,3.495803684927523e-05
2925.7889108717136,0.9988695979118347,3.492191171972081e-05
2925.8093426982377,0.9988760352134705,3.4950528061017394e-05
2925.8297745243035,0.9989228248596191,3.495897544780746e-05
2925.8502063501364,0.9994166493415833,3.495828786981292e-05
2925.8706381752636,0.9993590712547302,3.4941895137308165e-05
2925.891070000165,0.9991770386695862,3.497226498438977e-05
2925.9319337487977,0.9979493021965027,3.489720984362066e-05
2925.952365572535,0.9984124302864075,3.4897489967988804e-05
2925.972797296039,0.9983897805213928,3.4929613320855424e-05
2925.9932292188387,0.9983507394790649,3.4918652090709656e-05
2926.013661041412,0.9984318614006042,3.493059557513334e-05
2926.034092763519,0.9983173608779907,3.4945423976751044e-05
2926.054524685387,0.9984655976295471,3.495240889606066e-05
2926.0749565065635,0.9985582828521729,3.496107456157915e-05
2926.095388227739,0.9984351396560669,3.495023338473402e-05
2926.1158201482103,0.9983264803886414,3.496642966638319e-05
2926.1362519684553,0.9987253546714783,3.497302532196045e-05
2926.156683688234,0.9987140893936157,3.497422585496679e-05
2926.177115607541,0.9985275864601135,3.4965261875186116e-05
2926.197547426622,0.9984450936317444,3.4988377592526376e-05
2926.2179791452363,0.9987288117408752,3.493701296974905e-05
2926.2384110633793,0.998849630355835,3.496151839499362e-05
2926.258842881296,0.9991474747657776,3.5006418329430744e-05
2926.279274698747,0.9990916848182678,3.494849806884304e-05
2926.299706515725,0.9992485046386719,3.4989981941180304e-05
2926.3201383324777,0.9994138479232788,3.493865006021224e-05
2926.3405701487645,0.9992966651916504,3.4953493013745174e-05
2926.361002064579,0.9992729425430298,3.4942284401040524e-05
2926.381433780167,0.9996461868286133,3.488892980385572e-05
2926.42229750994,0.9982520937919617,3.4959284676006064e-05
2926.4427292243636,0.9984769821166992,3.494145494187251e-05
2926.463161038322,0.9984716773033142,3.497551006148569e-05
2926.4835929518085,0.9981090426445007,3.495173586998135e-05
2926.504024665068,0.9983004331588745,3.49483780155424e-05
2926.5244564778623,0.9987983107566833,3.497510988381691e-05
2926.5448882904166,0.9988935589790344,3.497091165627353e-05
2926.5653201022797,0.9991607666015625,3.497928264550865e-05
2926.58575191391,0.9993041753768921,3.498732257867232e-05
2926.6061837253,0.9993022084236145,3.4956756280735135e-05
2926.626615535999,0.9995136260986328,3.496621866361238e-05
2926.667479156691,0.9988775849342346,3.491607276373543e-05
2926.6879109664587,0.9991714358329773,3.491411916911602e-05
2926.7083427757607,0.9989337921142578,3.490791641524993e-05
2926.7287745845897,0.9988051056861877,3.49436049873475e-05
2926.749206393193,0.9987424612045288,3.49175461451523e-05
2926.769638201331,0.9985728859901428,3.491086681606248e-05
2926.7900701092294,0.9987993240356445,3.492367977742106e-05
2926.810501816668,0.9991427063941956,3.492271571303718e-05
2926.8309337236424,0.9989557862281799,3.492663017823361e-05
2926.851365530143,0.9990996718406677,3.4944598155561835e-05
2926.8717972364175,0.9990929961204529,3.495934288366698e-05
2926.912660947797,0.9993375539779663,3.4982625948032364e-05
2926.9330926529074,0.999335527420044,3.493184340186417e-05
2926.9535245575535,0.9992309212684631,3.494603879516944e-05
2926.9739563619587,0.9990758895874023,3.4925033105537295e-05
2926.994388065905,0.9990702867507935,3.4945584047818556e-05
2927.0148199693795,0.9993677139282227,3.49302681570407e-05
2927.035251772628,0.9989500641822815,3.493466283543967e-05
2927.0556834754098,0.998753011226654,3.4959259210154414e-05
2927.0761153779604,0.9990023970603943,3.496036515571177e-05
2927.0965471800373,0.9993383288383484,3.49549954989925e-05
2927.116978981656,0.9998728632926941,3.4991444408660755e-05
2927.1374107830343,0.9997928738594055,3.4970842534676194e-05
2927.1578425839543,0.9996140003204346,3.499532613204792e-05
2927.1782743844087,0.9996987581253052,3.498932346701622e-05
2927.198706284391,0.9999740123748779,3.498582009342499e-05
2927.219137984379,1.0000975131988525,3.498847217997536e-05
2927.239569783669,1.0001112222671509,3.497337092994712e-05
2927.26000168272,1.00033700466156,3.499006561469287e-05
2927.280433381311,1.0005682706832886,3.498932710499503e-05
2927.30086517967,1.0006756782531738,3.505150380078703e-05
2927.321296977323,1.0003948211669922,3.496714271022938e-05
2927.3417287749835,1.0005943775177002,3.4976070310221985e-05
2927.3621605721783,1.0010446310043335,3.5005967220058665e-05
2927.4030241651635,1.0009294748306274,3.493706390145235e-05
2927.4234558611934,1.0009125471115112,3.499063313938677e-05
2927.443887756752,1.0011377334594727,3.492204996291548e-05
2927.464319552084,1.0009738206863403,3.498317164485343e-05
2927.4847513469504,1.0009369850158691,3.497003854135983e-05
2927.505183141344,1.0009410381317139,3.4967451938427985e-05
2927.525614935512,1.001297950744629,3.497755096759647e-05
2927.546046729214,1.0012519359588623,3.497270881780423e-05
2927.5664785224435,1.0011895895004272,3.4934990253532305e-05
2927.5869103154473,1.0013468265533447,3.4956174204126e-05
2927.6073421079855,1.000981092453003,3.499317972455174e-05
2927.6277740002843,1.0012061595916748,3.5010307328775525e-05
2927.648205692123,1.0013618469238281,3.501366518321447e-05
2927.6686375837307,1.001633882522583,3.502267645671964e-05
2927.689069374632,1.0014556646347046,3.49879810528364e-05
2927.7095010655394,1.0017095804214478,3.497376019367948e-05
2927.72993295575,1.0018815994262695,3.5020664654439315e-05
2927.7503647457197,1.001882553100586,3.50107548001688e-05
2927.770796435463,1.0019335746765137,3.500007005641237e-05
2927.7912283245096,1.0022364854812622,3.503614425426349e-05
2927.811660113548,1.002497673034668,3.502024992485531e-05
2927.8320918018944,1.0023972988128662,3.5116307117277756e-05
2927.8525236900095,1.002555012702942,3.500220554997213e-05
2927.893387165299,1.0027720928192139,3.495135752018541e-05
2927.91381905225,1.0030157566070557,3.495220516924746e-05
2927.934250838727,1.0031400918960571,3.49694091710262e-05
2927.954682624979,1.0033293962478638,3.496684075798839e-05
2927.975114410998,1.0033069849014282,3.497155921650119e-05
2927.9955461965437,1.003277063369751,3.496948193060234e-05
2928.0159779816313,1.003431797027588,3.503113839542493e-05
2928.036409766486,1.0034703016281128,3.498978549032472e-05
2928.056841550868,1.003454327583313,3.500025923131034e-05
2928.0772733347912,1.003433108329773,3.5009757993975654e-05
2928.097705118482,1.003292441368103,3.496528370305896e-05
2928.1181369016995,1.0033223628997803,3.5014349123230204e-05
2928.138568584691,1.0034561157226562,3.502274921629578e-05
2928.159000467218,1.003109335899353,3.5008906706934795e-05
2928.1794322495043,1.0031907558441162,3.5008881241083145e-05
2928.1998639313315,1.0037450790405273,3.505367931211367e-05
2928.2202958126945,1.0041269063949585,3.505220229271799e-05
2928.2407275938167,1.00423264503479,3.505813219817355e-05
2928.2611592744797,1.0045748949050903,3.506062421365641e-05
2928.2815911549114,1.004503607749939,3.510277019813657e-05
2928.3020229348695,1.004727840423584,3.5057953937212005e-05
2928.322454714369,1.0048962831497192,3.5089415177935734e-05
2928.342886493636,1.0048911571502686,3.5102912079310045e-05
2928.383750050998,1.005062222480774,3.500095408526249e-05
2928.4041818293335,1.0050891637802124,3.504648702801205e-05
2928.4246136069632,1.0048123598098755,3.499836748233065e-05
2928.4450453843674,1.004234790802002,3.500078310025856e-05
2928.465477261532,1.004447102546692,3.4995395253645256e-05
2928.485908938237,1.0051296949386597,3.5034088796237484e-05
2928.506340814478,1.00510835647583,3.501765604596585e-05
2928.526772590485,1.0048109292984009,3.5026845580432564e-05
2928.5472042660185,1.0047779083251953,3.5080007364740595e-05
2928.567636141095,1.0050268173217773,3.50359441654291e-05
2928.588067915931,1.0049597024917603,3.5038563510170206e-05
2928.6084995905403,1.004860281944275,3.500457023619674e-05
2928.6289314646856,1.0054516792297363,3.504737833281979e-05
2928.6493632383645,1.0054558515548706,3.506574284983799e-05
2928.6697949118025,1.0054388046264648,3.505182030494325e-05
2928.6902267847836,1.0052919387817383,3.505363201838918e-05
2928.710658557524,1.0057344436645508,3.5057830245932564e-05
2928.731090229805,1.0054867267608643,3.505804852466099e-05
2928.751522101855,1.0058435201644897,3.5093918995698914e-05
2928.771953873438,1.006186604499817,3.5069773730356246e-05
2928.7923856445486,1.0061497688293457,3.506940629449673e-05
2928.8128174154335,1.0063012838363647,3.505020868033171e-05
2928.8332491860783,1.0062808990478516,3.499212471069768e-05
2928.8741127259855,1.0059139728546143,3.506461143842898e-05
2928.8945444952406,1.005480408668518,3.505928907543421e-05
2928.9149761644876,1.0056581497192383,3.5034925531363115e-05
2928.935408033045,1.0057042837142944,3.506161010591313e-05
2928.9558398013614,1.0056025981903076,3.503052721498534e-05
2928.9762714694516,1.0058562755584717,3.511028262437321e-05
2928.9967033370776,1.0052611827850342,3.508605732349679e-05
2929.0171351042372,1.0053218603134155,3.507098517729901e-05
2929.037566771156,1.0057930946350098,3.50800619344227e-05
2929.057998637618,1.005959391593933,3.509941598167643e-05
2929.078430403839,1.0058705806732178,3.504793130559847e-05
2929.1192939351313,1.0060369968414307,3.503694824757986e-05
2929.1397257001954,1.005976676940918,3.501283208606765e-05
2929.1601574650194,1.006011962890625,3.502608888084069e-05
2929.180589229385,1.0059643983840942,3.508009831421077e-05
2929.2010209935106,1.0060817003250122,3.508273948682472e-05
2929.2214527571778,1.0057710409164429,3.506182474666275e-05
2929.2418845203792,1.005811333656311,3.508070221869275e-05
2929.262316283348,1.0058956146240234,3.510225360514596e-05
2929.2827480460764,1.0054303407669067,3.507483779685572e-05
2929.3031799083474,1.0057246685028076,3.505802305880934e-05
2929.323611570144,1.0062206983566284,3.5069799196207896e-05
2929.3644751928223,1.0067843198776245,3.501867831801064e-05
2929.3849068536874,1.006375789642334,3.5010856663575396e-05
2929.4053387140957,1.006395697593689,3.5003315133508295e-05
2929.4257704742704,1.0064855813980103,3.5045421100221574e-05
2929.4462021339714,1.0061907768249512,3.5010907595278695e-05
2929.4666339934483,1.0063947439193726,3.502598701743409e-05
2929.487065752459,1.0058337450027466,3.5040255170315504e-05
2929.5074974112285,1.0060056447982788,3.504417327349074e-05
2929.5279292695413,1.006023645401001,3.505377026158385e-05
2929.54836092762,1.0057836771011353,3.50322006852366e-05
2929.568792685226,1.0054951906204224,3.506432403810322e-05
2929.5892245423747,1.005670428276062,3.509178714011796e-05
2929.609656199289,1.005894660949707,3.51389535353519e-05
2929.630087955964,1.0057134628295898,3.510860915412195e-05
2929.6505198121813,1.005676507949829,3.506840585032478e-05
2929.670951568165,1.005964756011963,3.5092467442154884e-05
2929.691383223675,1.0053130388259888,3.506727080093697e-05
2929.7118150787283,1.0051535367965698,3.5102675610687584e-05
2929.732246833548,1.0055676698684692,3.5083823604509234e-05
2929.7526784881265,1.0058785676956177,3.507502333377488e-05
2929.7731103422484,1.005994439125061,3.508976078592241e-05
2929.793542095904,1.005833387374878,3.513585397740826e-05
2929.8139737493184,1.0060960054397583,3.5100845707347617e-05
2929.854837355,1.004995346069336,3.5029457649216056e-05
2929.8752690074834,1.005470871925354,3.506701978039928e-05
2929.89570085951,1.0054070949554443,3.50740083376877e-05
2929.9161326110698,1.0056196451187134,3.504735650494695e-05
2929.936564262389,1.0053832530975342,3.506103530526161e-05
2929.956996113484,1.0056439638137817,3.5071290767518803e-05
2929.9774278641125,1.0054570436477661,3.507796282065101e-05
2929.9978596142682,1.0053168535232544,3.505566201056354e-05
2930.0182913641984,1.0056405067443848,3.507933433866128e-05
2930.0387231138957,1.0055946111679077,3.511103204800747e-05
2930.05915486312,1.0056593418121338,3.511519025778398e-05
2930.100018360419,1.0051525831222534,3.505637141643092e-05
2930.120450208713,1.0049751996994019,3.502993058646098e-05
2930.1408819565477,1.0045932531356812,3.5032608138863e-05
2930.161313603916,1.004850149154663,3.504602864268236e-05
2930.1817454510456,1.0050182342529297,3.505994754959829e-05
2930.202177197949,1.0048855543136597,3.504717460600659e-05
2930.222608844386,1.0046247243881226,3.503928746795282e-05
2930.243040690584,1.0045936107635498,3.504995765979402e-05
2930.2634724363234,1.0048465728759766,3.504648702801205e-05
2930.283904081596,1.0046955347061157,3.507495057419874e-05
2930.304335926863,1.0048325061798096,3.5052562452619895e-05
2930.3451993157796,1.0048387050628662,3.5007582482649013e-05
2930.3656311598825,1.0045634508132935,3.501320315990597e-05
2930.3860628035254,1.0045034885406494,3.502513573039323e-05
2930.4064945469363,1.004138469696045,3.503659172565676e-05
2930.426926389875,1.0043635368347168,3.501530591165647e-05
2930.4473580325866,1.0039349794387817,3.5014836612390354e-05
2930.467789775066,1.0040595531463623,3.503401603666134e-05
2930.4882216168407,1.004050374031067,3.502790059428662e-05
2930.508653358622,1.0036628246307373,3.505378481349908e-05
2930.5290849999365,1.0038312673568726,3.507030487526208e-05
2930.5495168407797,1.003740906715393,3.504710548440926e-05
2930.5699485813966,1.0040866136550903,3.5067361750407144e-05
2930.59038022178,1.0040796995162964,3.507325527607463e-05
2930.610812061692,1.0041054487228394,3.508829468046315e-05
2930.6312438011446,1.004087209701538,3.50925765815191e-05
2930.6516754405966,1.003926157951355,3.507727524265647e-05
2930.6721072793443,1.0039376020431519,3.5149932955391705e-05
2930.692539017866,1.0035284757614136,3.506415305309929e-05
2930.7129706561536,1.0038061141967773,3.496838689898141e-05
2930.73340249397,1.0036903619766235,3.479716906440444e-05
2930.75383423156,1.0030361413955688,3.456489503150806e-05
2930.7742658689167,1.002776861190796,3.4221415262436494e-05
2930.794697705569,1.0024718046188354,3.365847442182712e-05
2930.835561178421,1.0028138160705566,3.502577601466328e-05
2930.855992914141,1.0028045177459717,3.505304630380124e-05
2930.8764246498686,1.0028023719787598,3.50384070770815e-05
2930.8968563848903,1.0025731325149536,3.504786218400113e-05
2930.9172881196864,1.0025582313537598,3.50532318407204e-05
2930.9377198542497,1.0024917125701904,3.506470602587797e-05
2930.958151688341,1.0022761821746826,3.50624140992295e-05
2930.9785834222057,1.001935362815857,3.5054039472015575e-05
2930.999015055837,1.0022188425064087,3.507366272970103e-05
2931.019446888764,1.0027481317520142,3.504693086142652e-05
2931.0398785216967,1.0024014711380005,3.510276656015776e-05
2931.080742086393,1.0021873712539673,3.4990192943951115e-05
2931.1011737181616,1.0020551681518555,3.50436894223094e-05
2931.121605449698,1.001919150352478,3.499000013107434e-05
2931.1420372807625,1.0018898248672485,3.508166628307663e-05
2931.1624689115997,1.001658320426941,3.503388143144548e-05
2931.182900641972,1.0014393329620361,3.498060686979443e-05
2931.203332472105,1.0014355182647705,3.5009732528124005e-05
2931.223764102011,1.0012667179107666,3.502893014228903e-05
2931.244195831452,1.0008571147918701,3.499833837850019e-05
2931.264627660421,1.0007685422897339,3.50488699041307e-05
2931.2850592893956,1.0010920763015747,3.5034761822316796e-05
2931.3054910176725,1.00119149684906,3.504286360112019e-05
2931.325922845943,1.0012794733047485,3.502817708067596e-05
2931.346354573754,1.0011850595474243,3.505358472466469e-05
2931.366786201099,1.0012511014938354,3.5060631489614025e-05
2931.387218028205,1.00111985206604,3.504805499687791e-05
2931.407649755085,1.0012106895446777,3.507580913719721e-05
2931.4280813814985,1.0011088848114014,3.505245695123449e-05
2931.4485132076734,1.0010473728179932,3.506429129629396e-05
2931.468944933389,1.0011204481124878,3.503232073853724e-05
2931.4893765588713,1.0010082721710205,3.5005665267817676e-05
2931.509808384115,1.000715970993042,3.497040597721934e-05
2931.5302401088993,0.999796450138092,3.482462852844037e-05
2931.5711035575296,1.0004771947860718,3.499369267956354e-05
2931.5915352813827,1.0000931024551392,3.498529622447677e-05
2931.6119669047694,1.000846028327942,3.501889659673907e-05
2931.6323987279175,1.0004667043685913,3.504357300698757e-05
2931.6528304508392,1.0002117156982422,3.503395782900043e-05
2931.6732621732954,0.9999464154243469,3.502115578157827e-05
2931.6936938955114,1.0,3.496747012832202e-05
2931.714125617269,1.0001492500305176,3.499206286505796e-05
2931.734557338794,1.0001362562179565,3.49979309248738e-05
2931.7549890600785,1.0003290176391602,3.493711119517684e-05
2931.775420780905,1.0001205205917358,3.497142461128533e-05
2931.816284221619,0.9993495941162109,3.495255077723414e-05
2931.836715941514,0.9995019435882568,3.493198528303765e-05
2931.8571477609366,0.9995396733283997,3.496803401503712e-05
2931.8775793801324,0.9997159838676453,3.4946300729643553e-05
2931.898011099096,0.9995743632316589,3.500866296235472e-05
2931.918442917595,0.9994219541549683,3.502553590806201e-05
2931.938874535852,0.9995281100273132,3.498507066979073e-05
2931.9593062538843,0.9995325207710266,3.497075158520602e-05
2931.9797380714444,0.9995518326759338,3.4948639950016513e-05
2932.0001696887775,0.9996803402900696,3.498790101730265e-05
2932.0206014056457,0.9995844960212708,3.49736146745272e-05
2932.0614648386763,0.9997687935829163,3.4982836950803176e-05
2932.081896554613,0.9992542862892151,3.4967451938427985e-05
2932.102328370078,0.9990934133529663,3.495154305710457e-05
2932.1227599855483,0.999411940574646,3.4967550163855776e-05
2932.143191700554,0.9995438456535339,3.497341458569281e-05
2932.1636235150945,0.9993968605995178,3.496470890240744e-05
2932.184055229627,0.9991908669471741,3.497142461128533e-05
2932.2044868434677,0.9989486336708069,3.499363083392382e-05
2932.2249186573026,0.9990518093109131,3.495460259728134e-05
2932.2453503706784,0.9990288615226746,3.493165786494501e-05
2932.2657819835877,0.9987747073173523,3.4992681321455166e-05
2932.2862137964985,0.9988619685173035,3.496827048365958e-05
2932.3066455089356,0.9988294243812561,3.49305228155572e-05
2932.3270771209136,0.9988352060317993,3.4979409974766895e-05
2932.347508932653,0.9991866946220398,3.495074997772463e-05
2932.367940644166,0.9985520243644714,3.49690490111243e-05
2932.3883722552127,0.9988307356834412,3.4977383620571345e-05
2932.408804066028,0.9995244741439819,3.501420724205673e-05
2932.4292357766026,0.9990384578704834,3.497933721519075e-05
2932.449667386718,0.9995654821395874,3.498029036563821e-05
2932.4700991965947,0.9994006752967834,3.495208147796802e-05
2932.490530906245,0.9991567134857178,3.487221329123713e-05
2932.51096261543,0.9990002512931824,3.473151082289405e-05
2932.551826032861,0.9993121027946472,3.4998425689991564e-05
2932.5722577411143,0.998962938785553,3.493757321848534e-05
2932.592689448895,0.9989460110664368,3.4935666917590424e-05
2932.6131211566826,0.998890221118927,3.5008692066185176e-05
2932.6335528640047,0.9991315603256226,3.494892371236347e-05
2932.653984570861,0.9984560608863831,3.4941218473250046e-05
2932.6744162774776,0.9989871382713318,3.4968150430358946e-05
2932.694848083869,0.999363362789154,3.4972355933859944e-05
2932.715279690019,0.9993095397949219,3.499944432405755e-05
2932.7357113957114,0.9996591806411743,3.495897908578627e-05
2932.7561432011717,0.9995997548103333,3.499359081615694e-05
2932.8174383154474,0.9994309544563293,3.500528328004293e-05
2932.837869919502,0.9993960857391357,3.497656143736094e-05
2932.8583016233315,0.999547004699707,3.4989392588613555e-05
2932.8787334266963,0.9994696974754333,3.494370321277529e-05
2932.8991650300595,0.9997228384017944,3.495444980217144e-05
2932.9195967329506,0.999406099319458,3.496096542221494e-05
2932.940028535384,0.9991852641105652,3.4954227885464206e-05
2932.9604601378087,0.9994733929634094,3.4977645555045456e-05
2932.980891839543,1.0001600980758667,3.502759864204563e-05
2933.001323641278,1.0000096559524536,3.500505772535689e-05
2933.042186943574,0.9994660019874573,3.496715726214461e-05
2933.062618744145,0.9998975396156311,3.500863749650307e-05
2933.083050444475,0.9997836351394653,3.49712063325569e-05
2933.1034820445784,1.000113606452942,3.500400634948164e-05
2933.1239138444507,1.0000630617141724,3.4998785849893466e-05
2933.1443455438493,1.0001858472824097,3.4975706512341276e-05
2933.1647771430216,1.0004276037216187,3.503715561237186e-05
2933.18520894173,1.0002655982971191,3.5038254281971604e-05
2933.205640640197,0.9999116063117981,3.500487218843773e-05
2933.226072238438,0.9999828338623047,3.501919491100125e-05
2933.246504036215,1.0004602670669556,3.4978147596120834e-05
2933.2873673310605,1.0000689029693604,3.49697693309281e-05
2933.307799128139,1.0001329183578491,3.4940843761432916e-05
2933.3282307247428,1.0004284381866455,3.497207217151299e-05
2933.3486625211226,1.0004656314849854,3.4994234738405794e-05
2933.369094217036,1.0004627704620361,3.499260128592141e-05
2933.3895259127094,1.000494122505188,3.501649189274758e-05
2933.409957608157,1.000727653503418,3.498738442431204e-05
2933.4303893031392,1.0006729364395142,3.503180050756782e-05
2933.450820998114,1.0009207725524902,3.502313484204933e-05
2933.4712526923977,1.0010590553283691,3.503493280732073e-05
2933.4916843866813,1.0003762245178223,3.4992255677934736e-05
2933.532547874078,1.0011504888534546,3.500467573758215e-05
2933.5529794674294,1.0011253356933594,3.4990618587471545e-05
2933.5734111603088,1.0010943412780762,3.494433258310892e-05
2933.5938429529633,1.0008835792541504,3.497370926197618e-05
2933.6142745451507,1.0009671449661255,3.498923615552485e-05
2933.6347062373316,1.0011165142059326,3.49841830029618e-05
2933.655138028822,1.0004713535308838,3.496829594951123e-05
2933.675569620311,1.0011242628097534,3.500438106129877e-05
2933.6960013115604,1.0011650323867798,3.5001001378986984e-05
2933.7164331023523,1.0012303590774536,3.5012209991691634e-05
2933.736864692677,1.001279592514038,3.5014585591852665e-05
2933.777728172856,1.0007860660552979,3.5015411413041875e-05
2933.798159762482,1.0010948181152344,3.49884940078482e-05
2933.818591451636,1.0014643669128418,3.497930447338149e-05
2933.8390232405654,1.0015418529510498,3.4971191780641675e-05
2933.859454929261,1.0012311935424805,3.500463208183646e-05
2933.879886517716,1.0014861822128296,3.501888568280265e-05
2933.900318305714,1.001466155052185,3.5017514164792374e-05
2933.920749993471,1.0014170408248901,3.5008331906283274e-05
2933.9411815810017,1.0016212463378906,3.5022902011405677e-05
2933.9616133680684,1.0015822649002075,3.5026470868615434e-05
2933.9820450549014,1.0014057159423828,3.501492028590292e-05
2934.0229084278617,1.0018565654754639,3.500429738778621e-05
2934.0433400137626,1.0015077590942383,3.5028097045142204e-05
2934.0637716994243,1.0009112358093262,3.502258186927065e-05
2934.0842034846282,1.001377820968628,3.5038767236983404e-05
2934.1046350698307,1.0013387203216553,3.500733510009013e-05
2934.1250668545617,1.0015342235565186,3.501512037473731e-05
2934.1454985388336,1.001349925994873,3.5016761103179306e-05
2934.1659301231048,1.0015887022018433,3.5027656849706545e-05
2934.1863619069045,1.0016804933547974,3.5055829357588664e-05
2934.206793590478,1.0015170574188232,3.501838364172727e-05
2934.2272251738177,1.00165855884552,3.499446756904945e-05
2934.268088639328,1.0019347667694092,3.504089545458555e-05
2934.28852032173,1.0018428564071655,3.5019900678889826e-05
2934.3089520036738,1.0015156269073486,3.4988530387636274e-05
2934.3293836853845,1.0011285543441772,3.500104503473267e-05
2934.3498153668625,1.0009026527404785,3.499975355225615e-05
2934.370247148101,1.0016353130340576,3.4985612728632987e-05
2934.3906787288797,1.001329779624939,3.500340608297847e-05
2934.411110409652,1.0013798475265503,3.503977131913416e-05
2934.4315421897336,1.001427173614502,3.499991726130247e-05
2934.451973769814,1.0015867948532104,3.5002827644348145e-05
2934.472405449429,1.0015181303024292,3.5039542126469314e-05
2934.492837228805,1.0017659664154053,3.5069711884716526e-05
2934.513268807954,1.001346468925476,3.5014872992178425e-05
2934.5337004868634,1.0015031099319458,3.504222331685014e-05
2934.5541322653153,1.0014715194702148,3.501848550513387e-05
2934.574563843533,1.0017638206481934,3.505103450152092e-05
2934.5949955215183,1.0017236471176147,3.5038414353039116e-05
2934.6154272990316,1.0012667179107666,3.5036438930546865e-05
2934.635858876318,1.0014318227767944,3.497806756058708e-05
2934.6562905533647,1.0015277862548828,3.4911023249151185e-05
2934.6767223301867,1.0014116764068604,3.476458368822932e-05
2934.6971540065424,1.0006474256515503,3.451232623774558e-05
2934.7175855826645,1.0002655982971191,3.407043914194219e-05
2934.758449034205,1.0011992454528809,3.497996658552438e-05
2934.7788806093886,1.0015974044799805,3.500048114801757e-05
2934.799312384348,1.0013636350631714,3.4990669519174844e-05
2934.819743959073,1.0013630390167236,3.4999698982574046e-05
2934.8401757335596,1.0012853145599365,3.5025870602112263e-05
2934.860607407587,1.0010311603546143,3.499882950563915e-05
2934.8810389813807,1.0008788108825684,3.4992121072718874e-05
2934.901470754936,1.0008916854858398,3.4993005101569e-05
2934.921902428032,1.0012156963348389,3.500137245282531e-05
2934.942334001127,1.0015321969985962,3.500991078908555e-05
2934.962765773751,1.0010768175125122,3.508858571876772e-05
2935.0036290180797,1.0015050172805786,3.5010882129427046e-05
2935.024060790005,1.0013915300369263,3.500897582853213e-05
2935.0444924614712,1.001350998878479,3.5010009014513344e-05
2935.064924032704,1.0010199546813965,3.4989880077773705e-05
2935.085355803465,1.0010054111480713,3.495718920021318e-05
2935.105787474233,1.0010616779327393,3.5002289223484695e-05
2935.126219144535,1.0009942054748535,3.501317405607551e-05
2935.146650814597,1.0010298490524292,3.50158843502868e-05
2935.1670824842004,1.0003483295440674,3.5028657293878496e-05
2935.187514153804,1.0000358819961548,3.499074591672979e-05
2935.2079459229353,1.0007625818252563,3.501468017930165e-05
2935.248809160512,1.0010689496994019,3.50518457707949e-05
2935.269240928712,1.0007978677749634,3.503126936266199e-05
2935.289672496918,1.00133216381073,3.5025666875299066e-05
2935.3101041646587,1.0007022619247437,3.4995708119822666e-05
2935.3305359319274,1.0009424686431885,3.50194241036661e-05
2935.350967499202,1.0007550716400146,3.499715239740908e-05
2935.3713991660115,1.0006556510925293,3.500902676023543e-05
2935.3918309328146,1.0009968280792236,3.502448817016557e-05
2935.412262499158,1.0007272958755493,3.5028908314416185e-05
2935.432694165036,1.0009500980377197,3.5038541682297364e-05
2935.453125930908,1.0001133680343628,3.499041486065835e-05
2935.4939891614995,1.0017035007476807,3.504165943013504e-05
2935.51442092644,1.0014768838882446,3.501570245134644e-05
2935.5348524911533,1.001209020614624,3.501142782624811e-05
2935.5552842554025,1.0009500980377197,3.499847662169486e-05
2935.575715919411,1.0011603832244873,3.501389073790051e-05
2935.596147483193,1.0009182691574097,3.5006829421035945e-05
2935.6165792467436,1.0007681846618652,3.500085949781351e-05
2935.6370109098207,1.001003623008728,3.5029144783038646e-05
2935.657442472904,1.0010381937026978,3.4991604479728267e-05
2935.6778742355236,1.00067937374115,3.5005879908567294e-05
2935.698305897902,1.0007128715515137,3.495942291920073e-05
2935.7187374600544,1.0005903244018555,3.499302692944184e-05
2935.7391692217425,1.0001351833343506,3.4994758607354015e-05
2935.7596008831897,1.0002193450927734,3.501330502331257e-05
2935.7800324446434,1.0008307695388794,3.504608685034327e-05
2935.800464205633,1.0005829334259033,3.503871994325891e-05
2935.820895866149,1.0007511377334595,3.496303907013498e-05
2935.8413274266713,1.0006566047668457,3.5047083656536415e-05
2935.8617591867296,1.0003503561019897,3.5039654903812334e-05
2935.882190846547,1.0004477500915527,3.5035787732340395e-05
2935.902622406138,1.0006104707717896,3.504716369207017e-05
2935.923054165498,1.0007230043411255,3.505402128212154e-05
2935.943485824384,1.0006115436553955,3.502370236674324e-05
2935.9843491416977,1.0007113218307495,3.498335354379378e-05
2936.0047807998926,1.0003842115402222,3.49970068782568e-05
2936.025212457622,1.0002195835113525,3.493300391710363e-05
2936.0456442153445,1.0004260540008545,3.4974495065398514e-05
2936.0660757726073,1.0003496408462524,3.501668470562436e-05
2936.086507429871,1.0004675388336182,3.5026270779781044e-05
2936.1069391864294,1.000233769416809,3.501700484775938e-05
2936.1273707429937,1.000303030014038,3.5051776649197564e-05
2936.147802399326,1.000267744064331,3.501017999951728e-05
2936.168234155186,1.0004630088806152,3.5014571039937437e-05
2936.1886657110517,1.0001591444015503,3.5019325878238305e-05
2936.229529121614,1.0010814666748047,3.499768354231492e-05
2936.249960676316,1.0009605884552002,3.504948108457029e-05
2936.270392431019,1.0007890462875366,3.500531238387339e-05
2936.290823985255,1.0003352165222168,3.5026692785322666e-05
2936.3112556392516,1.0003623962402344,3.5021501389564946e-05
2936.3316873930235,1.000624179840088,3.5020566429011524e-05
2936.3521189465537,1.0004600286483765,3.500869934214279e-05
2936.372550599859,1.0000618696212769,3.4999022318515927e-05
2936.3929823526996,1.0000584125518799,3.504293999867514e-05
2936.413414005532,1.00010085105896,3.4973054425790906e-05
2936.4338455579054,1.0000245571136475,3.502027175272815e-05
2936.4542773100475,1.0000678300857544,3.499979357002303e-05
2936.4747089619486,0.9999452829360962,3.502541221678257e-05
2936.4951405133907,1.0002367496490479,3.5040116927120835e-05
2936.515572264834,0.9999409914016724,3.503781772451475e-05
2936.536003915804,0.9996947646141052,3.50066511600744e-05
2936.5564354665476,0.9997180700302124,3.5023731470573694e-05
2936.5768672170598,0.9992865920066833,3.499508602544665e-05
2936.597298867331,0.9994410276412964,3.5015073081012815e-05
2936.617730417376,0.9995760917663574,3.500965249259025e-05
2936.638162166957,0.9998460412025452,3.501407991279848e-05
2936.65859381653,0.999873161315918,3.506838038447313e-05
2936.6790253656436,0.9997386932373047,3.495264900266193e-05
2936.7198887631675,1.0008736848831177,3.500214370433241e-05
2936.7403203115828,1.000573754310608,3.4995195164810866e-05
2936.760752059534,1.0003958940505981,3.503566040308215e-05
2936.781183707477,1.0003116130828857,3.505151471472345e-05
2936.8016153549615,1.0003536939620972,3.503422703943215e-05
2936.8220470022134,0.99997878074646,3.502258186927065e-05
2936.842478649225,0.9994965195655823,3.5014534660149366e-05
2936.8629102960113,0.9993402361869812,3.499641388771124e-05
2936.8833420425653,0.9993845224380493,3.500151797197759e-05
2936.903773588645,0.9995303750038147,3.4994973248103634e-05
2936.9242053347334,0.9993335008621216,3.502654726617038e-05
2936.9446369803554,0.9993400573730469,3.5005643439944834e-05
2936.9650685257366,0.9991748929023743,3.4997508919332176e-05
2936.9855002708937,0.9991246461868286,3.4985714592039585e-05
2937.005931915817,0.999030351638794,3.501885657897219e-05
2937.06722674895,0.9986915588378906,3.498818841762841e-05
2937.087658392702,0.9986865520477295,3.500863749650307e-05
2937.1080901362293,0.9986368417739868,3.499118611216545e-05
2937.1285216795222,0.9979938864707947,3.5006542020710185e-05
2937.148953322576,0.9979922771453857,3.501023820717819e-05
2937.1693850654046,0.9981745481491089,3.500001548673026e-05
2937.1898166077663,0.9984731078147888,3.504905180307105e-05
2937.2102482501214,0.9982795715332031,3.502557592582889e-05
2937.230679992019,0.9981869459152222,3.4972093999385834e-05
2937.2511116336827,0.9982098937034607,3.5032022424275056e-05
2937.2715431753386,0.9979215860366821,3.501665923977271e-05
2937.2919749165376,0.9978830814361572,3.498091609799303e-05
2937.31240655727,0.9980485439300537,3.500422462821007e-05
2937.3328380979947,0.9979396462440491,3.5022818337893113e-05
2937.353269838495,0.9979901313781738,3.500945967971347e-05
2937.3737014785293,0.9982306957244873,3.5043074603891e-05
2937.3941330185553,0.9980135560035706,3.502899198792875e-05
2937.4145647581245,0.9974417686462402,3.499243757687509e-05
2937.4554279365548,0.9978697299957275,3.4955104638356715e-05
2937.4758596754255,0.9976240992546082,3.4987417166121304e-05
2937.4962913140625,0.9979861974716187,3.499016384012066e-05
2937.5167228524588,0.997534453868866,3.501676837913692e-05
2937.537154590398,0.9980449080467224,3.4975819289684296e-05
2937.5575862283367,0.9974143505096436,3.498692240100354e-05
2937.578017965803,0.9975226521492004,3.499884405755438e-05
2937.5984495032753,0.9974784255027771,3.498021760606207e-05
2937.6188811402826,0.9976069331169128,3.502087201923132e-05
2937.6393128770505,0.9974333047866821,3.5061708331340924e-05
2937.6597444135914,0.9978125095367432,3.5034561733482406e-05
2937.700607785737,0.9972454309463501,3.497384750517085e-05
2937.72103942158,0.9976288676261902,3.4987555409315974e-05
2937.7414709571894,0.9975183010101318,3.4970180422533303e-05
2937.7619026923276,0.9973136782646179,3.5026394471060485e-05
2937.7823342272386,0.9973750710487366,3.496583303785883e-05
2937.8027658621504,0.9971983432769775,3.500048478599638e-05
2937.82319759659,0.997049868106842,3.498631122056395e-05
2937.8436291308026,0.9968640804290771,3.501050377963111e-05
2937.864060764783,0.9969351291656494,3.496364297461696e-05
2937.884492498524,0.9968363642692566,3.502867548377253e-05
2937.9049240318054,0.9968883395195007,3.499451850075275e-05
2937.9253556650874,0.9970608353614807,3.502020626910962e-05
2937.94578739813,0.9969253540039062,3.5003566154045984e-05
2937.966218930713,0.9965501427650452,3.5025219403905794e-05
2937.9866505632963,0.9963626861572266,3.4974931622855365e-05
2938.027513827292,0.9968563318252563,3.502362596918829e-05
2938.0479454589367,0.9965438842773438,3.4998360206373036e-05
2938.0683771905897,0.9967616200447083,3.498809383017942e-05
2938.088808821776,0.9967681169509888,3.4972417779499665e-05
2938.1092403524963,0.9961075782775879,3.500392995192669e-05
2938.1296720832106,0.9960026741027832,3.4854969271691516e-05
2938.1501037136986,0.9957498908042908,3.479672523098998e-05
2938.190966973736,0.9961846470832825,3.495646524243057e-05
2938.2113986035256,0.9959334135055542,3.4949149267049506e-05
2938.231830332843,0.9962512850761414,3.496689896564931e-05
2938.252261862166,0.9955710768699646,3.4987690014531836e-05
2938.2726934910243,0.9957300424575806,3.49867987097241e-05
2938.293125219643,0.9970957040786743,3.503790503600612e-05
2938.3135567482677,0.996009886264801,3.500692400848493e-05
2938.3339883764274,0.995975136756897,3.5020890209125355e-05
2938.354420104348,0.9959254860877991,3.5023880627704784e-05
2938.374851632041,0.9959098696708679,3.4999724448425695e-05
2938.3952832595023,0.9957172870635986,3.497904981486499e-05
2938.436146513486,0.996105432510376,3.499558079056442e-05
2938.456578140249,0.9959585666656494,3.493241092655808e-05
2938.4770098667723,0.9955779910087585,3.499230297165923e-05
2938.4974413928358,0.9956961870193481,3.500651291687973e-05
2938.5178730189,0.9953789710998535,3.4986402170034125e-05
2938.5383046444913,0.9949890971183777,3.497796569718048e-05
2938.55873627009,0.9950467944145203,3.4984703233931214e-05
2938.579167895223,0.9953390955924988,3.498484147712588e-05
2938.5995995201156,0.9951689839363098,3.50060872733593e-05
2938.6200311450157,0.9953524470329285,3.5045144613832235e-05
2938.64046276945,0.9951321482658386,3.50026493833866e-05
2938.681326017613,0.9957635402679443,3.501370520098135e-05
2938.701757641349,0.9954780340194702,3.498651858535595e-05
2938.7221893648457,0.9958516359329224,3.4972268622368574e-05
2938.742620888115,0.9954279065132141,3.500403181533329e-05
2938.7630526111534,0.9953110218048096,3.499594458844513e-05
2938.7834842339507,0.9953148365020752,3.4959884942509234e-05
2938.8039157565217,0.9950856566429138,3.498883961583488e-05
2938.8243474786286,0.994531512260437,3.498907608445734e-05
2938.8447791007275,0.9948288202285767,3.503587868181057e-05
2938.8652106226,0.9949853420257568,3.5028857382712886e-05
2938.885642344241,0.994735598564148,3.4973429137608036e-05
2938.9060739654087,0.9946688413619995,3.498071964713745e-05
2938.9265055865835,0.9947627782821655,3.5021941585000604e-05
2938.9469372072926,0.9947401881217957,3.500493403407745e-05
2938.9673688279945,0.9947094917297363,3.502202162053436e-05
2938.987800448238,0.9944615960121155,3.500689854263328e-05
2939.0082320684814,0.9946776032447815,3.497093348414637e-05
2939.1103901654933,0.9942076206207275,3.497113721095957e-05
2939.1308218841004,0.9944881796836853,3.500700040603988e-05
2939.1716850206285,0.9949176907539368,3.498041405691765e-05
2939.1921167387773,0.9949926733970642,3.4961936762556434e-05
2939.2125482564516,0.994825541973114,3.4936165320686996e-05
2939.232979873901,0.9947407245635986,3.497226498438977e-05
2939.253411591111,0.9946725964546204,3.500256207189523e-05
2939.2738431080943,0.9947413802146912,3.494485281407833e-05
2939.2942747248453,0.9946195483207703,3.498622390907258e-05
2939.3147063413635,0.9946147203445435,3.498894511722028e-05
2939.3351379578744,0.9941588640213013,3.4941094781970605e-05
2939.3555696739277,0.9942029118537903,3.496322824503295e-05
2939.3760011897466,0.9938306212425232,3.497365833027288e-05
2939.396432805326,0.9934301972389221,3.501338142086752e-05
2939.416864520681,0.9942975640296936,3.4997261536773294e-05
2939.4372960358014,0.9940383434295654,3.4945860534207895e-05
2939.4577276506825,0.9940682649612427,3.496469435049221e-05
2939.478159365339,0.9941794276237488,3.500123420963064e-05
2939.498590979754,0.9940877556800842,3.497397119645029e-05
2939.5190224939433,0.9941025972366333,3.500359525787644e-05
2939.539454207901,0.9940686821937561,3.4979810152435675e-05
2939.5598858216254,0.9940489530563354,3.4963559301104397e-05
2939.5803173351087,0.9941776990890503,3.495950295473449e-05
2939.600749048368,0.9941160678863525,3.5022239899262786e-05
2939.6211806613865,0.9940686821937561,3.4987064282177016e-05
2939.6620438867394,0.9939800500869751,3.4955268347403035e-05
2939.6824754990666,0.9937316179275513,3.495936107356101e-05
2939.702907011153,0.9941312670707703,3.4991520806215703e-05
2939.7233387230153,0.9937947988510132,3.4995508030988276e-05
2939.743770334637,0.9940451979637146,3.4966815292136744e-05
2939.7642019460327,0.9940155148506165,3.495069540804252e-05
2939.784633557196,0.9940226078033447,3.4987642720807344e-05
2939.805065168126,0.9940653443336487,3.4991004213225096e-05
2939.825496778816,0.9936839938163757,3.49690999428276e-05
2939.8459283892807,0.9937460422515869,3.5010645660804585e-05
2939.866359999505,0.9937998056411743,3.50102927768603e-05
2939.9072232192702,0.9946072101593018,3.5001477954210714e-05
2939.9276548288035,0.9942882657051086,3.4951466659549624e-05
2939.9480864380967,0.9939233064651489,3.496932185953483e-05
2939.968518147398,0.9943974018096924,3.498451769701205e-05
2939.9889496562246,0.9944362640380859,3.5013985325349495e-05
2940.0093813648273,0.994411051273346,3.495091732474975e-05
2940.0298128731956,0.9943734407424927,3.498158184811473e-05
2940.050244481332,0.994195282459259,3.499893136904575e-05
2940.0706761894617,0.9938793778419495,3.498793739709072e-05
2940.0911076971315,0.9941484332084656,3.497128636809066e-05
2940.111539304562,0.9938404560089111,3.499362719594501e-05
2940.1319710120006,0.9938579797744751,3.499611921142787e-05
2940.152402518972,0.9939700365066528,3.49818765243981e-05
2940.172834125937,0.9942218661308289,3.500061939121224e-05
2940.193265832444,0.9941360354423523,3.4992630389751866e-05
2940.213697338717,0.9937099814414978,3.500623279251158e-05
2940.2341289449832,0.9934396743774414,3.499649028526619e-05
2940.254560651025,0.9944108128547668,3.4982549550477415e-05
2940.274992156599,0.9943609237670898,3.5011169529752806e-05
2940.295423762167,0.9942017793655396,3.499093872960657e-05
2940.3158554672773,0.9945708513259888,3.498821388348006e-05
2940.3362870723868,0.9941937327384949,3.495138662401587e-05
2940.3567185772554,0.994225263595581,3.5012220905628055e-05
2940.397581886078,0.9943777322769165,3.499801459838636e-05
2940.4180133902482,0.9944717884063721,3.4986063838005066e-05
2940.4384450941943,0.994500994682312,3.500252205412835e-05
2940.458876697907,0.994573712348938,3.50224509020336e-05
2940.47930840138,0.9943434596061707,3.496965655358508e-05
2940.499739904626,0.9941118359565735,3.5006691177841276e-05
2940.52017150764,0.9939805269241333,3.499411104712635e-05
2940.5406032104147,0.9937901496887207,3.4863500331994146e-05
2940.561034713195,0.9939322471618652,3.478522921795957e-05
2940.5814663155106,0.9932155609130859,3.459077561274171e-05
2940.601898017587,0.9929591417312622,3.4321674320381135e-05
2940.6427611212857,0.9945467710494995,3.50195296050515e-05
2940.6631928226634,0.9945545792579651,3.499789090710692e-05
2940.683624324047,0.9947817921638489,3.49635083694011e-05
2940.704055925198,0.9947569370269775,3.49740766978357e-05
2940.7244875258766,0.9950060844421387,3.5024429962504655e-05
2940.7449191265623,0.9949501752853394,3.5057317290920764e-05
2940.765350727015,0.9947543144226074,3.501524042803794e-05
2940.785782326995,0.994663655757904,3.500848470139317e-05
2940.8062139269823,0.9947282671928406,3.500308230286464e-05
2940.8266455267367,0.994811475276947,3.497868965496309e-05
2940.8470772262517,0.9951475262641907,3.501091487123631e-05
2940.8879403248284,0.9956169128417969,3.499780723359436e-05
2940.908372023645,0.9954363703727722,3.5022327210754156e-05
2940.9288035222344,0.9954363703727722,3.5017001209780574e-05
2940.9492351208246,0.9957430362701416,3.502407707856037e-05
2940.9696668189426,0.9957183599472046,3.5025241231778637e-05
2940.9900983170664,0.995503842830658,3.5000426578335464e-05
2941.010530014726,0.9956645369529724,3.502198160276748e-05
2941.0309616123777,0.9955829977989197,3.501770333969034e-05
2941.051393109803,0.9950659871101379,3.503564585116692e-05
2941.071824806757,0.9950529336929321,3.502392064547166e-05
2941.0922564037173,0.9956105351448059,3.5017801565118134e-05
2941.112687900444,0.9959162473678589,3.5043845855398104e-05
2941.1331195969397,0.9957878589630127,3.506362918415107e-05
2941.153551193427,0.9960474967956543,3.503108018776402e-05
2941.173982789456,0.9960408210754395,3.501192622934468e-05
2941.194414385245,0.9961251020431519,3.505289350869134e-05
2941.2148459810414,0.9961322546005249,3.4999047784367576e-05
2941.235277576372,0.9962152242660522,3.504642882035114e-05
2941.2557091717026,0.9966764450073242,3.503038169583306e-05
2941.276140766793,0.9964104890823364,3.5044082324020565e-05
2941.296572361425,0.9965580701828003,3.499816739349626e-05
2941.378298838543,0.997103750705719,3.5026958357775584e-05
2941.3987303324757,0.9965174198150635,3.50185036950279e-05
2941.4191619259436,0.9969700574874878,3.5000561183551326e-05
2941.4395935194043,0.9972380995750427,3.4997810871573165e-05
2941.4600251124066,0.9973994493484497,3.5022101656068116e-05
2941.480456705409,0.9974920749664307,3.5066899727098644e-05
2941.5008882979455,0.9975984692573547,3.500828825053759e-05
2941.521319890475,0.998029887676239,3.50672380591277e-05
2941.5417514827786,0.9978238344192505,3.503754851408303e-05
2941.5621830748423,0.9979153871536255,3.5029395803576335e-05
2941.5826146666805,0.9979801177978516,3.505370841594413e-05
2941.6030463582865,0.9980310797691345,3.506008943077177e-05
2941.623477849891,0.9978347420692444,3.5023240343434736e-05
2941.6439094410234,0.9980345368385315,3.506492430460639e-05
2941.664341132164,0.9983068108558655,3.506401844788343e-05
2941.6847727230634,0.9983879327774048,3.505833228700794e-05
2941.7052042135037,0.9984716773033142,3.50523077941034e-05
2941.7256359039457,0.9984802603721619,3.510821261443198e-05
2941.7460674941467,0.9988747239112854,3.506981738610193e-05
2941.7664989843543,0.9984946846961975,3.504882988636382e-05
2941.7869306740977,0.9990966320037842,3.511318936944008e-05
2941.8073622636,0.9991319179534912,3.508285590214655e-05
2941.8277937531093,0.9989088177680969,3.5040502552874386e-05
2941.868657031191,0.9995521306991577,3.506758366711438e-05
2941.8890885200017,0.9991394281387329,3.50823174812831e-05
2941.909520208581,0.9991079568862915,3.5075339837931097e-05
2941.929951797152,0.9998809099197388,3.507447399897501e-05
2941.9503832852643,0.9994920492172241,3.504534106468782e-05
2941.970814973145,0.9998096823692322,3.5052475141128525e-05
2941.9912465610178,0.9999200701713562,3.505035419948399e-05
2942.011678148665,0.9998328685760498,3.5078996006632224e-05
2942.0321097358465,1.0000860691070557,3.5054676118306816e-05
2942.0525413230207,1.000103235244751,3.510818351060152e-05
2942.072972910202,1.0002800226211548,3.514389391057193e-05
2942.113836083394,1.001046061515808,3.5110115277348086e-05
2942.1342677698776,1.001127004623413,3.509336966089904e-05
2942.1546992558942,1.0011571645736694,3.509109956212342e-05
2942.1751308419043,1.000773310661316,3.5103810660075396e-05
2942.1955625276896,1.000806450843811,3.5058164939982817e-05
2942.2159940132406,1.001059889793396,3.508949521346949e-05
2942.236425598552,1.0011541843414307,3.507089422782883e-05
2942.256857283872,1.0011807680130005,3.5081258829450235e-05
2942.2772887687242,1.0014325380325317,3.5073691833531484e-05
2942.29772035357,1.001469612121582,3.509686575853266e-05
2942.3181520379585,1.0014092922210693,3.5110129829263315e-05
2942.3385835223453,1.001510739326477,3.512888361001387e-05
2942.3590151064927,1.001699447631836,3.511664908728562e-05
2942.379446790648,1.0019500255584717,3.5138036764692515e-05
2942.3998782743365,1.0019352436065674,3.513262709020637e-05
2942.4203098580183,1.002261757850647,3.5079207009403035e-05
2942.4407415412425,1.002354383468628,3.5096243664156646e-05
2942.461173024465,1.0015740394592285,3.513424962875433e-05
2942.4816046074484,1.0016969442367554,3.512809780659154e-05
2942.502036290207,1.002426028251648,3.516779179335572e-05
2942.5224678729573,1.0020397901535034,3.5070574085693806e-05
2942.5428993552487,1.001806616783142,3.5084722185274586e-05
2942.5633310375415,1.0016043186187744,3.499760714475997e-05
2942.6246257830135,1.002677083015442,3.510872193146497e-05
2942.645057364367,1.0029700994491577,3.5109806049149483e-05
2942.6654890454956,1.0030338764190674,3.511970135150477e-05
2942.685920526623,1.002827525138855,3.50936024915427e-05
2942.706352107518,1.0028281211853027,3.5127017326885834e-05
2942.7267837881736,1.0029159784317017,3.5160701372660697e-05
2942.7472152686023,1.0025914907455444,3.514035779517144e-05
2942.7676468487916,1.0031367540359497,3.512660987325944e-05
2942.788078528989,1.0033433437347412,3.509929229039699e-05
2942.808510008952,1.003325343132019,3.513367846608162e-05
2942.8493732679417,1.0036439895629883,3.517469667713158e-05
2942.869804747439,1.0035645961761475,3.5106288123643026e-05
2942.890236326464,1.0036367177963257,3.5131855838699266e-05
2942.9106680054974,1.003716230392456,3.516172000672668e-05
2942.9310994840635,1.0035849809646606,3.512047987896949e-05
2942.9515310626302,1.0035597085952759,3.514465788612142e-05
2942.971962640957,1.003610372543335,3.5153785574948415e-05
2942.992394219291,1.003861427307129,3.516238211886957e-05
2943.012825797152,1.0034878253936768,3.515388380037621e-05
2943.033257475021,1.0034034252166748,3.512154216878116e-05
2943.0536889526556,1.0039746761322021,3.5159438994014636e-05
2943.0945522072216,1.0037341117858887,3.5143290006089956e-05
2943.114983684158,1.0040311813354492,3.515199205139652e-05
2943.1354152610875,1.0040513277053833,3.513767660479061e-05
2943.1558469377924,1.0039927959442139,3.5142340493621305e-05
2943.176278414263,1.004042625427246,3.5091714380541816e-05
2943.196710090495,1.0040700435638428,3.5134507925249636e-05
2943.2171416665005,1.0040277242660522,3.51654234691523e-05
2943.2375731425054,1.00432288646698,3.515022763167508e-05
2943.2580048182717,1.0042014122009277,3.514248237479478e-05
2943.2784363938117,1.0051487684249878,3.5083434340776876e-05
2943.298867869118,1.0048633813858032,3.507265500957146e-05
2943.3397311192603,1.0048834085464478,3.517232107697055e-05
2943.3601626941017,1.0050040483474731,3.517134246067144e-05
2943.380594268703,1.0047136545181274,3.5167056921636686e-05
2943.401025843079,1.004894733428955,3.5177203244529665e-05
2943.421457417222,1.0047333240509033,3.515227945172228e-05
2943.4418889913577,1.0049715042114258,3.517330696922727e-05
2943.462320565268,1.0046324729919434,3.512898911139928e-05
2943.482752138945,1.0045852661132812,3.519733581924811e-05
2943.503183812383,1.0045180320739746,3.5174674849258736e-05
2943.523615285827,1.0043021440505981,3.51577291439753e-05
2943.544046858806,1.0041531324386597,3.515828211675398e-05
2943.564478531778,1.0043132305145264,3.515331263770349e-05
2943.5849100045234,1.0037007331848145,3.517302684485912e-05
2943.6053415772694,1.0039006471633911,3.513069896143861e-05
2943.6257732495433,1.0044424533843994,3.5127704904880375e-05
2943.646204721823,1.0042355060577393,3.512993862386793e-05
2943.666636393871,1.004445195198059,3.5140124964527786e-05
2943.687067865678,1.0042259693145752,3.518924495438114e-05
2943.7074994374925,1.0041989088058472,3.5181030398234725e-05
2943.727931109075,1.004057765007019,3.5176715755369514e-05
2943.748362580416,1.004162311553955,3.516982542350888e-05
2943.7687941515323,1.0039632320404053,3.5148132155882195e-05
2943.7892258224165,1.0038487911224365,3.514474519761279e-05
2943.8300888639424,1.0046088695526123,3.5157587262801826e-05
2943.850520534361,1.0042272806167603,3.509603993734345e-05
2943.8709521045384,1.003929853439331,3.5187335015507415e-05
2943.8913835744897,1.0043864250183105,3.519963502185419e-05
2943.9118152444426,1.0042120218276978,3.515812932164408e-05
2943.9322468141545,1.0039796829223633,3.514273339533247e-05
2943.952678283873,1.0039222240447998,3.515462594805285e-05
2943.9731099531273,1.004243016242981,3.5152723285136744e-05
2943.9935415223736,1.0043925046920776,3.512883631628938e-05
2944.0139729913935,1.00417959690094,3.508758527459577e-05
2944.034404660182,1.0043121576309204,3.5150682379025966e-05
2944.0752676972843,1.0046478509902954,3.515597927616909e-05
2944.0956993656073,1.004518747329712,3.516216384014115e-05
2944.1161309336894,1.0044771432876587,3.518713128869422e-05
2944.136562401778,1.0037612915039062,3.5158376704202965e-05
2944.1569940694026,1.0036805868148804,3.518559969961643e-05
2944.177425637019,1.0037329196929932,3.513842966640368e-05
2944.1978573044107,1.0037845373153687,3.5145203582942486e-05
2944.218288771801,1.0037375688552856,3.5183693398721516e-05
2944.2387203389517,1.0034358501434326,3.517633012961596e-05
2944.2591520058777,1.0032490491867065,3.51242306351196e-05
2944.2795834725694,1.003387451171875,3.513679257594049e-05
2944.3000150390217,1.0034514665603638,3.515585558488965e-05
2944.320446705482,1.0032944679260254,3.514231138979085e-05
2944.3408782717015,1.0032002925872803,3.514679701765999e-05
2944.3613097376947,1.0029994249343872,3.513292904244736e-05
2944.3817413036886,1.003017544746399,3.51554190274328e-05
2944.4021728694497,1.0026142597198486,3.515251955832355e-05
2944.4226044349707,1.002236247062683,3.508384543238208e-05
2944.443036100267,1.0019922256469727,3.5098008083878085e-05
2944.4634675655616,1.0020753145217896,3.5028697311645374e-05
2944.483899130384,1.0016374588012695,3.500059028738178e-05
2944.5043307952146,1.001455545425415,3.4943295759148896e-05
2944.5656254887654,1.00271737575531,3.509506495902315e-05
2944.5860569531287,1.002678394317627,3.5106415452901274e-05
2944.60648851702,1.002197027206421,3.514268246362917e-05
2944.626920180919,1.0019848346710205,3.5153272619936615e-05
2944.647351644584,1.0024830102920532,3.513239789754152e-05
2944.6677833080103,1.0021942853927612,3.514212949085049e-05
2944.688214871443,1.0020465850830078,3.508918598527089e-05
2944.7086464346357,1.0013514757156372,3.516374636092223e-05
2944.729077997603,1.001763105392456,3.510953320073895e-05
2944.749509560337,1.0016926527023315,3.511505565256812e-05
2944.769941123064,1.0018688440322876,3.512959665386006e-05
2944.8108042478343,1.0021392107009888,3.509811358526349e-05
2944.8312358100957,1.0018888711929321,3.5100496461382136e-05
2944.8516673721315,1.001620888710022,3.507966539473273e-05
2944.8720989339345,1.0017340183258057,3.5116609069518745e-05
2944.8925304954973,1.001652717590332,3.5101496905554086e-05
2944.9129621570683,1.001686930656433,3.5146069421898574e-05
2944.933393618405,1.0014914274215698,3.516401557135396e-05
2944.953825179502,1.0010826587677002,3.511828253977001e-05
2944.9742568406073,1.0007164478302002,3.514932905090973e-05
2944.994688301478,1.000504732131958,3.513496267260052e-05
2945.0151198621097,1.0007860660552979,3.5128603485645726e-05
2945.0559829829217,1.0016405582427979,3.5101285902783275e-05
2945.0764145430876,1.0013108253479004,3.517742152325809e-05
2945.0968461032608,1.0011069774627686,3.509661473799497e-05
2945.117277663201,1.0010759830474854,3.511949034873396e-05
2945.1377093226693,1.000791311264038,3.515165008138865e-05
2945.158140782376,1.0006229877471924,3.511954491841607e-05
2945.178572341618,1.0007308721542358,3.510808528517373e-05
2945.199004000853,1.0004971027374268,3.508424197207205e-05
2945.2194354600942,1.0004196166992188,3.509014641167596e-05
2945.2398670188704,1.0001397132873535,3.511059912852943e-05
2945.26029867764,0.9996774196624756,3.5106389987049624e-05
2945.2807302361834,0.9994789958000183,3.508171721477993e-05
2945.301161694726,0.9998791217803955,3.510938404360786e-05
2945.321593352797,0.9998050332069397,3.5130029573338106e-05
2945.3420249111077,0.9998390674591064,3.514643321977928e-05
2945.362456368952,0.9997372031211853,3.5123888665111735e-05
2945.38288802679,0.9997720122337341,3.509552334435284e-05
2945.403319584402,0.9993497133255005,3.5156739613739774e-05
2945.4237510417806,0.9992833137512207,3.508812369545922e-05
2945.4441826991533,0.9994049072265625,3.5120159736834466e-05
2945.4646142562997,0.9990725517272949,3.511111208354123e-05
2945.4850457132125,0.9989607334136963,3.513034971547313e-05
2945.5054773701195,0.9985651969909668,3.5086322895949706e-05
2945.546340483248,0.9990850687026978,3.510366514092311e-05
2945.5667720396887,0.9989498257637024,3.5109627788187936e-05
2945.5872035959037,0.9995730519294739,3.507981455186382e-05
2945.6076352518867,0.9987425208091736,3.512625698931515e-05
2945.628066707861,0.9985798597335815,3.510100577841513e-05
2945.6484982636102,0.9988139867782593,3.510703754727729e-05
2945.6689299191203,0.9986408948898315,3.511635441100225e-05
2945.689361374636,0.998461127281189,3.5119759559165686e-05
2945.70979292992,0.9986021518707275,3.509977614157833e-05
2945.7302245849714,0.9986622929573059,3.506591747282073e-05
2945.750656140015,0.9984464645385742,3.5099914384773e-05
2945.791519249411,0.9990938901901245,3.5113367630401626e-05
2945.8119507039955,0.9987183213233948,3.5088389267912135e-05
2945.832382258348,0.9980060458183289,3.5091816243948415e-05
2945.8528139124683,0.9982194304466248,3.5103410482406616e-05
2945.87324536658,0.9983056783676147,3.5077380744041875e-05
2945.8936769204665,0.9980593323707581,3.5097396903438494e-05
2945.9141085743468,0.9982935190200806,3.509195084916428e-05
2945.9345400278835,0.9980892539024353,3.509626185405068e-05
2945.9549715813046,0.9977079033851624,3.5098331863991916e-05
2945.97540323461,0.997593104839325,3.509990710881539e-05
2945.99583468779,0.9979502558708191,3.515043863444589e-05
2946.0162662407456,0.997757613658905,3.509506132104434e-05
2946.036697893578,0.9977614879608154,3.5106939321849495e-05
2946.0571293463,0.9973714351654053,3.510656097205356e-05
2946.077560998907,0.9975393414497375,3.508624649839476e-05
2946.09799255128,0.99721360206604,3.510731039568782e-05
2946.11842410353,0.9970515370368958,3.508174268063158e-05
2946.138855655554,0.9974126815795898,3.50974514731206e-05
2946.1592872075707,0.997364342212677,3.5079268855042756e-05
2946.179718759362,0.9969097375869751,3.504460983094759e-05
2946.2001504110376,0.9967655539512634,3.501217724988237e-05
2946.220581862479,0.996667742729187,3.5008557460969314e-05
2946.2410134139136,0.9964610934257507,3.493866097414866e-05
2946.281876516092,0.9979454278945923,3.509269663481973e-05
2946.302308067068,0.9978819489479065,3.507869041641243e-05
2946.3227397178125,0.9975741505622864,3.509671296342276e-05
2946.343171168439,0.9974595308303833,3.513171395752579e-05
2946.3636027189423,0.9977641105651855,3.5091867175651714e-05
2946.384034369221,0.9969648718833923,3.514617492328398e-05
2946.4044658194907,0.9973019361495972,3.509950693114661e-05
2946.4248973695358,0.9967299103736877,3.511370960040949e-05
2946.4453290193487,0.9971276521682739,3.5102999390801415e-05
2946.46576046916,0.9974014759063721,3.511274917400442e-05
2946.4861920187323,0.9973621368408203,3.509738962748088e-05
2946.5270551175345,0.9979485869407654,3.5121676773997024e-05
2946.5474867667654,0.9978140592575073,3.508766894810833e-05
2946.5679183157627,0.9979410171508789,3.5117085644742474e-05
2946.5883497646428,0.9979335069656372,3.5102522815577686e-05
2946.6087814134007,0.9975917339324951,3.50866284861695e-05
2946.6292129620488,0.997906506061554,3.512312832754105e-05
2946.649644410456,0.9975103139877319,3.5094268241664395e-05
2946.6700760587555,0.9969537258148193,3.512531111482531e-05
2946.690507606938,0.9971374869346619,3.5083536204183474e-05
2946.710939055003,0.9976030588150024,3.512530020088889e-05
2946.731370702946,0.9977174997329712,3.5100147215416655e-05
2946.751802250663,0.9977347254753113,3.5101547837257385e-05
2946.772233698255,0.9976193904876709,3.5117460356559604e-05
2946.79266534574,0.9976834654808044,3.507897781673819e-05
2946.8130968931073,0.9977947473526001,3.506891516735777e-05
2946.833528340234,0.9979477524757385,3.508827285259031e-05
2946.8539599873693,0.997752845287323,3.506388020468876e-05
2946.874391534271,0.997582197189331,3.5070974263362586e-05
2946.8948229810485,0.9978682398796082,3.5104076232528314e-05
2946.9152546277182,0.9978335499763489,3.505558561300859e-05
2946.9356861741544,0.9973944425582886,3.503692278172821e-05
2946.956117820584,0.9969436526298523,3.512522380333394e-05
2946.9765492667866,0.9974085092544556,3.506050052237697e-05
2947.0174124588375,0.998193085193634,3.512865805532783e-05
2947.037844004575,0.9985019564628601,3.5144439607392997e-05
2947.058275450312,0.9986372590065002,3.5129520256305113e-05
2947.0787070958104,0.998255729675293,3.51101225533057e-05
2947.099138641199,0.9984501600265503,3.515843491186388e-05
2947.11957008647,0.9983148574829102,3.513706906232983e-05
2947.140001731619,0.998298704624176,3.510753595037386e-05
2947.1604332766583,0.9985224604606628,3.5135384678142145e-05
2947.180864721464,0.9985772967338562,3.5155375371687114e-05
2947.2012963662637,0.9984189867973328,3.51612688973546e-05
2947.221727910837,0.9983586072921753,3.5128730814903975e-05
2947.2625909996277,1.000033974647522,3.51067355950363e-05
2947.2830225437356,1.0000702142715454,3.5138098610332236e-05
2947.3034539878427,0.9998903870582581,3.511033719405532e-05
2947.323885631711,0.9998733997344971,3.507956716930494e-05
2947.3443170755854,1.000220537185669,3.514275886118412e-05
2947.3647486192276,0.9999133348464966,3.511370960040949e-05
2947.385180262747,0.9998897314071655,3.517730510793626e-05
2947.4056117061555,1.0000829696655273,3.513420597300865e-05
2947.426043349449,1.0002683401107788,3.51502385456115e-05
2947.446474892502,1.0000251531600952,3.510009992169216e-05
2947.466906435562,1.0001498460769653,3.512760667945258e-05
2947.507769521093,0.9999425411224365,3.5128479794366285e-05
2947.5282010636874,1.000234603881836,3.511632530717179e-05
2947.5486326061655,1.000422716140747,3.515686694299802e-05
2947.56906414852,1.0004650354385376,3.517719596857205e-05
2947.589495690765,1.0002771615982056,3.511801332933828e-05
2947.6099273328873,1.0003859996795654,3.513739284244366e-05
2947.6303587747825,1.000563383102417,3.50956543115899e-05
2947.6507903166785,1.0005730390548706,3.5108278098050505e-05
2947.671221958335,1.000552773475647,3.514307172736153e-05
2947.691653399881,1.0007284879684448,3.514340642141178e-05
2947.7120849413113,1.0006340742111206,3.51252565451432e-05
2947.7325165826187,1.0007154941558838,3.515603020787239e-05
2947.7529480238154,1.0007268190383911,3.512231705826707e-05
2947.7733795648965,1.0005124807357788,3.5119348467560485e-05
2947.7938112058546,1.0002089738845825,3.512823604978621e-05
2947.814242646702,1.0008713006973267,3.5137123632011935e-05
2947.834674287318,1.0009019374847412,3.511307295411825e-05
2947.8551058279263,1.0010972023010254,3.512793773552403e-05
2947.875537368309,1.0009379386901855,3.512638795655221e-05
2947.895968908575,1.0011868476867676,3.508760710246861e-05
2947.916400448834,1.000905156135559,3.51208946085535e-05
2947.936831988867,1.001232624053955,3.514251147862524e-05
2947.957263528784,1.0009057521820068,3.4984499507118016e-05
2947.9981266082614,1.0008125305175781,3.500581078696996e-05
2948.018558147829,1.0009504556655884,3.5030534490942955e-05
2948.0389896871566,1.00094473361969,3.500836464809254e-05
2948.0594211264906,1.001244306564331,3.501078026602045e-05
2948.07985276571,1.0016461610794067,3.512587500154041e-05
2948.1002843048045,1.0025428533554077,3.513759293127805e-05
2948.120715743673,1.0023249387741089,3.518658195389435e-05
2948.141147382543,1.0020555257797241,3.5186472814530134e-05
2948.161578921172,1.0018407106399536,3.52787938027177e-05
2948.1820103598075,1.0020092725753784,3.5226112231612206e-05
2948.2024419982117,1.0019999742507935,3.52326242136769e-05
2948.2433051747794,1.0039281845092773,3.5270855732960626e-05
2948.263736612833,1.0040091276168823,3.528203524183482e-05
2948.2841681507634,1.0040210485458374,3.519668462104164e-05
2948.3045997885856,1.004106044769287,3.528958040988073e-05
2948.3250312264063,1.0037709474563599,3.528541492414661e-05
2948.3454627639876,1.0035945177078247,3.523581108311191e-05
2948.3658944014605,1.0037705898284912,3.532756454660557e-05
2948.3863258388155,1.004055142402649,3.527449007378891e-05
2948.4067573760476,1.0037624835968018,3.522700353641994e-05
2948.4271890131713,1.0036981105804443,3.5178003599867225e-05
2948.447620550178,1.004014253616333,3.515221396810375e-05
2948.4884836238343,1.0048211812973022,3.524051862768829e-05
2948.5089151604916,1.0040887594223022,3.517148070386611e-05
2948.5293465970244,1.004032015800476,3.516233482514508e-05
2948.5497782334496,1.0040485858917236,3.512856346787885e-05
2948.5702097697576,1.004295825958252,3.520678001223132e-05
2948.590641205941,1.0037099123001099,3.5193701478419825e-05
2948.611072842017,1.0038985013961792,3.517903678584844e-05
2948.631504377976,1.0036002397537231,3.5196379030821845e-05
2948.651936013812,1.0038014650344849,3.5178152756998315e-05
2948.672367449537,1.004335641860962,3.514850322972052e-05
2948.6927989851465,1.0041203498840332,3.51440321537666e-05
2948.7132305206324,1.0043631792068481,3.515382559271529e-05
2948.733662056009,1.0039573907852173,3.517567165545188e-05
2948.7540935913858,1.0039485692977905,3.515811113175005e-05
2948.7745251265223,1.0041285753250122,3.517017830745317e-05
2948.79495666155,1.004094123840332,3.5175526136299595e-05
2948.815388196461,1.0037485361099243,3.5179455153411254e-05
2948.835819731248,1.003708839416504,3.5113032936351374e-05
2948.8562512659264,1.0040702819824219,3.515803109621629e-05
2948.876682800488,1.0042436122894287,3.513462797855027e-05
2948.8971143350427,1.0038328170776367,3.515480784699321e-05
2948.9175458693717,1.0038471221923828,3.5173412470612675e-05
2948.9379774035842,1.0043964385986328,3.519559322739951e-05
2948.9584090377903,1.0044461488723755,3.5153523640474305e-05
2948.978840471769,1.0042495727539062,3.517685763654299e-05
2948.999272005749,1.0041472911834717,3.516001743264496e-05
2949.0197036394893,1.004064917564392,3.51485978171695e-05
2949.0401350732354,1.0041439533233643,3.5179804399376735e-05
2949.060566706743,1.0042465925216675,3.5168010072084144e-05
2949.080998240257,1.0041054487228394,3.513534102239646e-05
2949.101429673654,1.003911018371582,3.5191238566767424e-05
2949.1218613068195,1.004046082496643,3.516001015668735e-05
2949.142292839977,1.0036765336990356,3.5191438655601814e-05
2949.1627242730247,1.0038695335388184,3.5185610613552853e-05
2949.18315590595,1.0036605596542358,3.519042002153583e-05
2949.224018871464,1.0050506591796875,3.5160916013410315e-05
2949.2444505041567,1.0050228834152222,3.517294317134656e-05
2949.264882036623,1.005068302154541,3.515910793794319e-05
2949.285313568973,1.005037784576416,3.525632928358391e-05
2949.3057451013156,1.0046772956848145,3.51965609297622e-05
2949.3261766334326,1.0051939487457275,3.5185108572477475e-05
2949.3466081655497,1.005179762840271,3.516011202009395e-05
2949.367039697543,1.0048294067382812,3.515504431561567e-05
2949.387471229311,1.0047800540924072,3.517985169310123e-05
2949.4079027610787,1.004808783531189,3.520159953041002e-05
2949.428334292723,1.0045933723449707,3.5178592952433974e-05
2949.448765824258,1.0045955181121826,3.518774246913381e-05
2949.469197455677,1.0041612386703491,3.5179116821382195e-05
2949.4896288870877,1.0039873123168945,3.51787093677558e-05
2949.5100604182735,1.0045106410980225,3.518457378959283e-05
2949.5304920493436,1.0043970346450806,3.5194439988117665e-05
2949.550923480405,1.004429578781128,3.520825339364819e-05
2949.571355011358,1.0043401718139648,3.5234355891589075e-05
2949.591786642195,1.0040779113769531,3.525311694829725e-05
2949.612218072907,1.0041919946670532,3.519981328281574e-05
2949.632649603511,1.0045074224472046,3.519940946716815e-05
2949.653081233999,1.0041123628616333,3.523204577504657e-05
2949.6735126643616,1.0041126012802124,3.5199882404413074e-05
2949.6939441947325,1.003937005996704,3.5236284020356834e-05
2949.7143758248712,1.003888487815857,3.5234883398516104e-05
2949.734807255001,1.0037375688552856,3.5227250918978825e-05
2949.755238785023,1.0032587051391602,3.519216625136323e-05
2949.7756704148123,1.0037037134170532,3.5191711504012346e-05
2949.796101944594,1.0038975477218628,3.517349614412524e-05
2949.8165334743826,1.0038424730300903,3.521806502249092e-05
2949.8369650039385,1.0035285949707031,3.5177352401660755e-05
2949.857396533487,1.0036066770553589,3.5174936783732846e-05
2949.8778280628103,1.0033832788467407,3.5154585930285975e-05
2949.8982595921334,1.0033460855484009,3.5146844311384484e-05
2949.918691121333,1.0031886100769043,3.5145018046023324e-05
2949.959554179397,1.0036795139312744,3.5200268030166626e-05
2949.9799857083635,1.0033038854599,3.5210276109864935e-05
2950.0004173371053,1.0034393072128296,3.52069218934048e-05
2950.0208487658456,1.003340244293213,3.516508513712324e-05
2950.041280294463,1.0029025077819824,3.5134959034621716e-05
2950.061711922972,1.0031898021697998,3.5150984331266955e-05
2950.082143351363,1.003108263015747,3.515850767144002e-05
2950.1025748797474,1.0031466484069824,3.514971103868447e-05
2950.123006507907,1.0030572414398193,3.514006675686687e-05
2950.1434379360653,1.0029906034469604,3.5097571526421234e-05
2950.1638694641006,1.0027439594268799,3.510158785502426e-05
2950.204732519953,1.004468560218811,3.52239039784763e-05
2950.2251641476396,1.0039156675338745,3.522996848914772e-05
2950.245595575332,1.0038968324661255,3.5178803955204785e-05
2950.266027102909,1.0036046504974365,3.517388176987879e-05
2950.286458730363,1.003749132156372,3.516690412652679e-05
2950.306890257707,1.003394603729248,3.51984090229962e-05
2950.327321684934,1.0029133558273315,3.5175562516087666e-05
2950.347753312155,1.0032817125320435,3.518837911542505e-05
2950.368184839266,1.0034105777740479,3.516277502058074e-05
2950.38861626626,1.0033005475997925,3.517081495374441e-05
2950.409047893132,1.0030936002731323,3.519719757605344e-05
2950.4499108467717,1.0029362440109253,3.52269817085471e-05
2950.4703424732943,1.0030304193496704,3.5226112231612206e-05
2950.4907739998234,1.0028835535049438,3.518646190059371e-05
2950.511205426352,1.002526044845581,3.5182958527002484e-05
2950.5316370526416,1.0022939443588257,3.522161205182783e-05
2950.552068578938,1.0022505521774292,3.520134123391472e-05
2950.5725002051113,1.00208580493927,3.516259675961919e-05
2950.592931631174,1.00192391872406,3.516187643981539e-05
2950.6133631572375,1.0019229650497437,3.515910429996438e-05
2950.633794783178,1.0020800828933716,3.520125028444454e-05
2950.654226209008,1.0022543668746948,3.521044345689006e-05
2950.674657734722,1.002015233039856,3.5155087971361354e-05
2950.6950893603134,1.0019234418869019,3.518163794069551e-05
2950.7155207859105,1.0018010139465332,3.521834878483787e-05
2950.735952311392,1.0018357038497925,3.517451114021242e-05
2950.7563839367504,1.0013694763183594,3.516969445627183e-05
2950.776815461999,1.0013611316680908,3.521257531247102e-05
2950.7972468872467,1.0011937618255615,3.516674769343808e-05
2950.8176785123724,1.0011974573135376,3.51890193996951e-05
2950.838110037388,1.0010066032409668,3.516848664730787e-05
2950.858541462403,1.0008301734924316,3.516699143801816e-05
2950.8789730871795,1.0007158517837524,3.5158162063453346e-05
2950.8994046119624,1.00075364112854,3.515076241455972e-05
2950.940267661288,1.0018293857574463,3.5181466955691576e-05
2950.9606990858374,1.0018832683563232,3.518722951412201e-05
2950.981130710272,1.0017061233520508,3.517222648952156e-05
2951.001562234582,1.0017354488372803,3.519847450661473e-05
2951.0219936588983,1.0017122030258179,3.5171724448446184e-05
2951.0424252831,1.001551866531372,3.520245081745088e-05
2951.062856807177,1.001207947731018,3.51885064446833e-05
2951.0832882311443,1.0009667873382568,3.517688310239464e-05
2951.103719855113,1.0012470483779907,3.518955782055855e-05
2951.1241513789573,1.0010948181152344,3.517112781992182e-05
2951.1445829026925,1.0003972053527832,3.5200846468796954e-05
2951.1650144264277,1.0005407333374023,3.521268445183523e-05
2951.185445950039,1.0010210275650024,3.521905455272645e-05
2951.2058774735415,1.0008443593978882,3.514649870339781e-05
2951.2263089969274,1.0006479024887085,3.517738150549121e-05
2951.246740520306,1.0007939338684082,3.515421849442646e-05
2951.2671720435756,1.0005595684051514,3.517458026180975e-05
2951.287603566845,1.0004909038543701,3.5185857996111736e-05
2951.3080350898745,1.000303864479065,3.518391167744994e-05
2951.328466712912,1.0003280639648438,3.516502692946233e-05
2951.369329658861,0.9996904730796814,3.517729783197865e-05
2951.389761281549,1.0001804828643799,3.5157088859705254e-05
2951.410192804353,0.9996660351753235,3.516310971463099e-05
2951.430624226916,0.9995028376579285,3.520315658533946e-05
2951.4510558494876,0.9992409944534302,3.5181517887394875e-05
2951.4714873720586,0.9995881915092468,3.519243182381615e-05
2951.4919187943888,0.9993263483047485,3.516630022204481e-05
2951.5123504167277,0.9992315173149109,3.517189543345012e-05
2951.532781939066,0.9993495941162109,3.514587297104299e-05
2951.553213361163,0.9991856813430786,3.516448487062007e-05
2951.5736449832693,0.9990935325622559,3.518588709994219e-05
2951.5940765053674,0.9991421699523926,3.5171673516742885e-05
2951.61450802724,0.9989332556724548,3.520740938256495e-05
2951.6349395491125,0.9987722039222717,3.5164193832315505e-05
2951.655370970984,0.9987962245941162,3.51637827407103e-05
2951.6758025926174,0.9987253546714783,3.515778371365741e-05
2951.696234114257,0.9988150596618652,3.515440766932443e-05
2951.7166656358895,0.9983552098274231,3.514639683999121e-05
2951.737097157413,0.9987748265266418,3.519477468216792e-05
2951.7575286788197,0.9987324476242065,3.518507583066821e-05
2951.77796020011,0.9990147948265076,3.5177501558791846e-05
2951.798391821394,0.9989559650421143,3.5177014069631696e-05
2951.8188232425673,0.9987748265266418,3.5166507586836815e-05
2951.839254763734,0.9981575012207031,3.5150933399563655e-05
2951.8596863847924,0.9983501434326172,3.5178742109565064e-05
2951.880117805733,0.9986376762390137,3.519085294101387e-05
2951.900549326674,0.9986814260482788,3.517173900036141e-05
2951.9209809474924,0.9987373948097229,3.5201421269448474e-05
2951.9414123683164,0.9986040592193604,3.517165532684885e-05
2951.9618438890175,0.9983983039855957,3.517918230500072e-05
2951.98227550961,0.9983212947845459,3.51858398062177e-05
2952.0027069302014,0.9980383515357971,3.518605080898851e-05
2952.0231385506704,0.9983572959899902,3.518901576171629e-05
2952.0435700710295,0.9985669255256653,3.5164757719030604e-05
2952.064001491388,0.9985092878341675,3.518942685332149e-05
2952.084433111624,0.9983102083206177,3.523451232467778e-05
2952.104864631867,0.998160183429718,3.521021062624641e-05
2952.1252960519923,0.9979751706123352,3.523035047692247e-05
2952.166159192122,0.9973827600479126,3.519200618029572e-05
2952.1865907120155,0.9973689913749695,3.519408346619457e-05
2952.2070222319016,0.9963394999504089,3.5150143958162516e-05
2952.2274537516787,0.9978843927383423,3.523258783388883e-05
2952.2478852713393,0.9979153871536255,3.5132281482219696e-05
2952.2683168909934,0.9974215626716614,3.516104334266856e-05
2952.2887483106533,0.9974563717842102,3.514399941195734e-05
2952.3091798301975,0.9980892539024353,3.521278267726302e-05
2952.329611349618,0.9983189105987549,3.514884156174958e-05
2952.350042869046,0.9985064268112183,3.521240796544589e-05
2952.370474488358,0.9985555410385132,3.518916855682619e-05
2952.41133742674,1.0005770921707153,3.5304445191286504e-05
2952.4317690459357,0.9972167015075684,3.5152021155226976e-05
2952.452200465006,0.9973922371864319,3.5128156014252454e-05
2952.4726319839683,0.998075008392334,3.516062497510575e-05
2952.493063602931,0.9980712532997131,3.5116296203341335e-05
2952.513495021769,0.997551679611206,3.5172735806554556e-05
2952.5339265406146,0.9978389143943787,3.515235584927723e-05
2952.5543581593447,0.9974818825721741,3.517550794640556e-05
2952.574789578066,0.9973300695419312,3.5116685467073694e-05
2952.595221096679,0.9978160262107849,3.5122611734550446e-05
2952.615652715176,0.9974830150604248,3.516886863508262e-05
2952.6360842336653,0.9975369572639465,3.518776429700665e-05
2952.6565156520446,0.9977092742919922,3.5308548831380904e-05
2952.6769472704254,0.9977201819419861,3.517435470712371e-05
2952.6973787887982,0.9978786706924438,3.521363396430388e-05
2952.717810307062,0.9978703260421753,3.519258461892605e-05
2952.738241825209,0.9979376196861267,3.516288415994495e-05
2952.758673343349,0.9981274008750916,3.519698293530382e-05
2952.7791049613807,0.9980311989784241,3.5148157621733844e-05
2952.7995363794107,0.9981192350387573,3.517814911901951e-05
2952.819967897318,0.998248815536499,3.5201570426579565e-05
2952.840399515233,0.9978688359260559,3.517243021633476e-05
2952.8608309330302,0.9981274008750916,3.514984928187914e-05
2952.9016940685033,0.9968245625495911,3.5162029234925285e-05
2952.983420038756,0.9968379139900208,3.512553303153254e-05
2953.003851656198,0.9971312880516052,3.512066541588865e-05
2953.0242830735297,0.9970695376396179,3.5114931961288676e-05
2953.044714590862,0.9975672364234924,3.508101872284897e-05
2953.0651462080714,0.9977695941925049,3.5091266909148544e-05
2953.0855776252865,0.9976400136947632,3.50728805642575e-05
2953.106009142386,0.9981175065040588,3.5010394640266895e-05
2958.377330088282,1.0003490447998047,3.524711792124435e-05
2958.397761700202,0.9995611906051636,3.5207762266509235e-05
2958.4181932121137,0.9994003176689148,3.522119368426502e-05
2958.438624624032,0.998971164226532,3.5256773116998374e-05
2958.45905623601,0.9989989995956421,3.5273373214295134e-05
2958.47948774798,0.9990858435630798,3.526130967657082e-05
2958.499919259957,0.9991018176078796,3.519542224239558e-05
2958.5203507719343,0.9991503953933716,3.518531593726948e-05
2958.5407822839625,0.9989790916442871,3.523378836689517e-05
2958.561213795998,0.9992388486862183,3.5251920053269714e-05
2958.581645408034,0.999310314655304,3.52326242136769e-05
2958.6020768201197,0.9992603063583374,3.5224162274971604e-05
2958.622508432156,0.9989328384399414,3.5222710721427575e-05
2958.6429399443077,0.9991054534912109,3.525738793541677e-05
2958.6633713563933,0.99905925989151,3.522601036820561e-05
2958.683802968546,0.9988306760787964,3.5188033507438377e-05
2958.704234480698,0.9985807538032532,3.521483449731022e-05
2958.7246658929,0.9987524747848511,3.520695827319287e-05
2958.7450975051106,0.9982659816741943,3.5210250644013286e-05
2958.7655290173134,0.9982560873031616,3.52291863237042e-05
2958.785960429581,0.9979918599128723,3.521931648720056e-05
2958.826823554118,0.9971577525138855,3.527793523971923e-05
2958.8472549664366,0.9971238970756531,3.5249253414804116e-05
2958.867686578764,0.9969790577888489,3.525174906826578e-05
2958.8881179911477,0.9970118999481201,3.5222004953539e-05
2958.908549503525,0.9970566034317017,3.525978172547184e-05
2958.9289811159106,0.9969359636306763,3.528554589138366e-05
2958.9494125283527,0.9970163702964783,3.52270835719537e-05
2958.969844140731,0.997183620929718,3.523808845784515e-05
2958.990275653232,0.9969415068626404,3.5208973713451996e-05
2959.0107071657258,0.9963171482086182,3.523530176607892e-05
2959.031138678227,0.9970710873603821,3.523672421579249e-05
2959.0720017033454,0.9954370260238647,3.526502405293286e-05
2959.0924332159557,0.9953271150588989,3.5266493796370924e-05
2959.112864728515,0.995259702205658,3.525218562572263e-05
2959.1332962411834,0.9961378574371338,3.5320092138135806e-05
2959.15372785386,0.9948328137397766,3.5242799640400335e-05
2959.174159266535,0.9947679042816162,3.525622742017731e-05
2959.1945907792688,0.9948712587356567,3.524699422996491e-05
2959.215022391996,0.9946990013122559,3.52578645106405e-05
2959.2354538047875,0.9949801564216614,3.5262150049675256e-05
2959.255885417573,0.9948949813842773,3.5243876482127234e-05
2959.2763169303653,0.9945636987686157,3.525818829075433e-05
2959.296748343273,0.9941690564155579,3.5205761378165334e-05
2959.317179956117,0.994644045829773,3.52144124917686e-05
2959.3376114690254,0.9947725534439087,3.522704355418682e-05
2959.3580428819914,0.994690477848053,3.5249915526947007e-05
2959.3784744949517,0.9947069883346558,3.525218926370144e-05
2959.3989060079184,0.9947831034660339,3.522295446600765e-05
2959.4193375209434,0.9948047399520874,3.524940257193521e-05
2959.4602005471024,0.9949054718017578,3.5243276215624064e-05
2959.4806320601856,0.9951905608177185,3.523095074342564e-05
2959.5010635733197,0.9947681427001953,3.523691339069046e-05
2959.5214950865193,0.9949991106987,3.5240587749285623e-05
2959.5623581129694,0.9933695197105408,3.526946238707751e-05
2959.582789626227,0.9934733510017395,3.5234792449045926e-05
2959.603221139543,0.9938129186630249,3.524197745718993e-05
2959.623652652852,0.9934485554695129,3.5242523154010996e-05
2959.644084166226,0.9935824275016785,3.5235007089795545e-05
2959.664515779601,0.9933735728263855,3.522224142216146e-05
2959.6849471930836,0.9939907789230347,3.5224875318817794e-05
2959.705378706516,0.993420422077179,3.520931932143867e-05
2959.7258103200074,0.9950111508369446,3.520551763358526e-05
2959.7462417335482,0.9939173460006714,3.523536361171864e-05
2959.766673247097,0.9939838647842407,3.5243287129560485e-05
2959.787104860705,0.9943242073059082,3.521437611198053e-05
2959.807536274362,0.9941616654396057,3.523127088556066e-05
2959.8483994016933,0.9933114051818848,3.5224413295509294e-05
2959.868830815467,0.993480384349823,3.526045838952996e-05
2959.8892624292494,0.9939553141593933,3.521452526911162e-05
2959.909693943031,0.9939326643943787,3.5260938602732494e-05
2959.930125356863,0.9939913153648376,3.5237622796557844e-05
2959.9505569707617,0.9937695860862732,3.517729783197865e-05
2959.9709884846598,0.9929326772689819,3.512648618198e-05
2959.991419998667,0.9922773241996765,3.502404797472991e-05
2960.0527145407614,0.9938846826553345,3.524579369695857e-05
2960.073146054834,0.9939408302307129,3.525408828863874e-05
2960.093577568965,0.9939858317375183,3.526044383761473e-05
2960.114009083147,0.993611216545105,3.521803591866046e-05
2960.134440697395,0.9935065507888794,3.525425199768506e-05
2960.1548721116415,0.9936953783035278,3.522152474033646e-05
2960.1753037259405,0.9938302636146545,3.5255085094831884e-05
2960.195735240304,0.993742048740387,3.525312786223367e-05
2960.216166654667,0.9936322569847107,3.5223300073994324e-05
2960.2365982690826,0.9934306740760803,3.5158165701432154e-05
2960.257029683562,0.9927970170974731,3.503339030430652e-05
2960.318324227228,0.9933587312698364,3.522051338222809e-05
2960.3387557418246,0.9934560060501099,3.524518615449779e-05
2960.359187356502,0.9935351014137268,3.521831604302861e-05
2960.379618771214,0.9933823347091675,3.5262590245110914e-05
2960.4000502859853,0.9930777549743652,3.52480637957342e-05
2960.420481900779,0.9936372637748718,3.526353248162195e-05
2960.4409133156078,0.9940558671951294,3.5245600884081796e-05
2960.461344930489,0.9942013621330261,3.5208864574087784e-05
2960.4817764454347,0.994401216506958,3.524862040649168e-05
2960.5022079603805,0.9947531223297119,3.5227687476435676e-05
2960.5430709904686,0.9936701655387878,3.5249904613010585e-05
2960.563502505589,0.9940006136894226,3.5212717193644494e-05
2960.5839340207312,0.9941335320472717,3.5228666092734784e-05
2960.60436553591,0.9942952990531921,3.521455073496327e-05
2960.624797051176,0.9941781163215637,3.524658313835971e-05
2960.6452286664353,0.9932807683944702,3.528882734826766e-05
2960.665660081788,0.9926908612251282,3.5180230042897165e-05
2960.68609159717,0.9940369129180908,3.5203509469283745e-05
2960.706523212575,0.994124174118042,3.5239772842032835e-05
2960.726954628073,0.9944631457328796,3.5268581996206194e-05
2960.7473862435727,0.9951478838920593,3.526536966091953e-05
2960.7678177591515,0.994948148727417,3.526227010297589e-05
2960.788249174766,0.9962413311004639,3.527209264575504e-05
2960.80868079044,0.9954795241355896,3.523827399476431e-05
2960.8291123061354,0.9955238699913025,3.527131775626913e-05
2960.8495437219244,0.995966911315918,3.5281176678836346e-05
2960.869975337715,0.9957908987998962,3.5253371606813744e-05
2960.8904068535558,0.9958836436271667,3.53106515831314e-05
2960.9108382694903,0.9957853555679321,3.5255710827186704e-05
2960.9312698854264,0.9956765174865723,3.533815834089182e-05
2960.951701401442,0.9956735968589783,3.5258774005342275e-05
2960.9721329175227,0.9957525730133057,3.5286870115669444e-05
2960.9925644336327,0.9958734512329102,3.5231179936090484e-05
2961.033427465991,0.9961711168289185,3.524953353917226e-05
2961.0538589822463,0.9961447715759277,3.529047899064608e-05
2961.074290498582,0.9960736632347107,3.5300727176945657e-05
2961.0947220149246,0.9962171912193298,3.5277287679491565e-05
2961.1151535313547,0.9965636134147644,3.525863940012641e-05
2961.135585047836,0.9969401359558105,3.528354500303976e-05
2961.156016564353,0.997368335723877,3.532190021360293e-05
2961.176448080929,0.9973821043968201,3.522449333104305e-05
2961.1968795975554,0.9974907040596008,3.529562309267931e-05
2961.217311214219,0.9976701140403748,3.534811548888683e-05
2961.2377426309977,0.9970482587814331,3.528290108079091e-05
2961.278605764608,0.9970764517784119,3.5262437450001016e-05
2961.299037181532,0.9973096251487732,3.532688788254745e-05
2961.3194687984505,0.9972581267356873,3.529543391778134e-05
2961.3399003154627,0.9974926710128784,3.5298289731144905e-05
2961.3603317325615,0.9975161552429199,3.532962000463158e-05
2961.3807633496544,0.9979073405265808,3.527818262227811e-05
2961.4011948668413,0.9979196190834045,3.530918183969334e-05
2961.4216262840855,0.9983445405960083,3.536401709425263e-05
2961.442057901382,0.9986673593521118,3.529996320139617e-05
2961.4624894187145,0.9988211393356323,3.529738387442194e-05
2961.482920936134,0.998927652835846,3.530409958329983e-05
2961.5237839711117,0.9978627562522888,3.538002056302503e-05
2961.5442155886703,0.9983718991279602,3.531858965288848e-05
2961.564647006322,0.9984543323516846,3.530976755428128e-05
2961.5850785240327,0.9988623857498169,3.532569462549873e-05
2961.605510141766,0.9988631010055542,3.533952622092329e-05
2961.6259415595923,0.9990440011024475,3.532994378474541e-05
2961.6463730774776,0.9992918968200684,3.537704105838202e-05
2961.6668046953855,0.9992496371269226,3.539443059707992e-05
2961.6872361133865,1.0001798868179321,3.5322394978720695e-05
2961.7076676314464,1.0003561973571777,3.5334280255483463e-05
2961.728099249529,1.0001931190490723,3.534834468155168e-05
2961.768962285969,0.999352216720581,3.536481744959019e-05
2961.7893938042544,0.9994100332260132,3.5367040254641324e-05
2961.8098252226337,0.9994358420372009,3.535167343216017e-05
2961.8302568410436,0.9999220967292786,3.5410772397881374e-05
2961.8506883595037,1.0004360675811768,3.5386867239139974e-05
2961.8711197780867,1.00043523311615,3.5348086385056376e-05
2961.8915513966713,1.0006773471832275,3.53733375959564e-05
2961.911982915335,1.0006844997406006,3.5357843444216996e-05
2961.9324143340928,1.0006394386291504,3.537248630891554e-05
2961.952845952881,1.0009593963623047,3.535410723998211e-05
2961.9732774717486,1.0011667013168335,3.5369041142985225e-05
2961.993708890681,1.001653790473938,3.5383287467993796e-05
2962.014140509673,1.0022640228271484,3.5361346817808226e-05
2962.034572028686,1.0023438930511475,3.5379762266529724e-05
2962.0550036478235,1.0022085905075073,3.540421312209219e-05
2962.0754350670177,1.00173819065094,3.541184923960827e-05
2962.0958665862636,1.001551866531372,3.5442382795736194e-05
2962.1162982055757,1.002456784248352,3.536678559612483e-05
2962.1367297249453,1.0022045373916626,3.5358647437533364e-05
2962.1571611444233,1.0020332336425781,3.531682159518823e-05
2962.17759276391,1.0010536909103394,3.51444941770751e-05
2962.2593188426617,1.0027847290039062,3.5435914469417185e-05
2962.2797503624897,1.0029793977737427,3.539804674801417e-05
2962.3001818824414,1.0029723644256592,3.542872946127318e-05
2962.320613402422,1.0029802322387695,3.53794421243947e-05
2962.341044922483,1.0031754970550537,3.54111434717197e-05
2962.3614764426093,1.002771258354187,3.5407443647272885e-05
2962.381907862822,1.002799391746521,3.534461575327441e-05
2962.4023394830583,1.003685712814331,3.5397075407672673e-05
2962.4227710033883,1.0042446851730347,3.545538493199274e-05
2962.443202423834,1.0043355226516724,3.5410172131378204e-05
2962.504497085458,1.0039986371994019,3.542545164236799e-05
2962.52492860613,1.0042823553085327,3.543584898579866e-05
2962.5453601268964,1.004282832145691,3.543256389093585e-05
2962.565791747722,1.0040065050125122,3.542280683177523e-05
2962.586223168626,1.0039453506469727,3.542887861840427e-05
2962.6066546896254,1.0044413805007935,3.541654223226942e-05
2962.6270863106474,1.0044540166854858,3.5406868846621364e-05
2962.6475178317924,1.0040020942687988,3.5423228837316856e-05
2962.6679492529947,1.0042576789855957,3.540863690432161e-05
2962.688380874257,1.0050983428955078,3.54310504917521e-05
2962.708812395598,1.005665898323059,3.545332947396673e-05
2962.7496754397,1.0048792362213135,3.547981395968236e-05
2962.7701069612667,1.0050477981567383,3.5450462746666744e-05
2962.7905384829064,1.0051088333129883,3.545738945831545e-05
2962.8109700046043,1.0053026676177979,3.541440673870966e-05
2962.831401526397,1.005637764930725,3.544376158970408e-05
2962.8518331482555,1.0053993463516235,3.542591002769768e-05
2962.872264570193,1.005350947380066,3.546564403222874e-05
2962.8926960921963,1.0052261352539062,3.5446144465822726e-05
2962.913127714288,1.0055452585220337,3.5423068766249344e-05
2962.933559136465,1.0052425861358643,3.546451989677735e-05
2962.953990658709,1.0060482025146484,3.539520184858702e-05
2962.9948537034215,1.0059750080108643,3.540934267221019e-05
2963.0152852259052,1.0059677362442017,3.5441331419860944e-05
2963.0357167484617,1.0059336423873901,3.545463550835848e-05
2963.056148271091,1.0060075521469116,3.545353683875874e-05
2963.076579893801,1.0058743953704834,3.54248404619284e-05
2963.097011316604,1.0061765909194946,3.546789594111033e-05
2963.117442839459,1.006251335144043,3.546687003108673e-05
2963.137874462409,1.006095051765442,3.5474589822115377e-05
2963.158305885445,1.006533145904541,3.549946268321946e-05
2963.1787374085397,1.0067131519317627,3.548149106791243e-05
2963.1991690317154,1.0067417621612549,3.545613799360581e-05
2963.240031978363,1.0058928728103638,3.545891013345681e-05
2963.2604636017786,1.0060428380966187,3.545400613802485e-05
2963.2808951252955,1.005998134613037,3.549033863237128e-05
2963.3013266488924,1.0063802003860474,3.545883373590186e-05
2963.3217581725694,1.0063731670379639,3.544826904544607e-05
2963.3421896963337,1.006651759147644,3.546455627656542e-05
2963.3626213201496,1.0065202713012695,3.54853218595963e-05
2963.3830527440878,1.0064224004745483,3.5454788303468376e-05
2963.403484268114,1.0065643787384033,3.549108078004792e-05
2963.423915892192,1.0064260959625244,3.5497883800417185e-05
2963.444347316363,1.006962776184082,3.5460707294987515e-05
2963.4647788406364,1.0068939924240112,3.5462697269394994e-05
2963.4852104649617,1.0067702531814575,3.5491830203682184e-05
2963.5056418893946,1.007035255432129,3.546258085407317e-05
2963.5260734139156,1.0076930522918701,3.5516783100320026e-05
2963.546505038503,1.0072953701019287,3.55210286215879e-05
2963.5669364631976,1.007142424583435,3.54819385393057e-05
2963.5873680879595,1.0070608854293823,3.5538327210815623e-05
2963.6077996128006,1.0070791244506836,3.5469525755615905e-05
2963.6282310377574,1.0072916746139526,3.544002174749039e-05
2963.648662662774,1.006463885307312,3.536119038471952e-05
2963.6690941878987,1.005420446395874,3.514151103445329e-05
2963.689525713089,1.0045993328094482,3.569838008843362e-05
2963.7303887637536,1.0070815086364746,3.552115958882496e-05
2963.750820189234,1.0069361925125122,3.554600334609859e-05
2963.7712518147746,1.0069706439971924,3.551679037627764e-05
2963.791683340409,1.0072250366210938,3.5510365705704316e-05
2963.8121148661376,1.0079925060272217,3.5497381759341806e-05
2963.832546391961,1.0079506635665894,3.553097485564649e-05
2963.85297791785,1.0079162120819092,3.555773218977265e-05
2963.873409543856,1.0074485540390015,3.552750786184333e-05
2963.8938409699476,1.0074986219406128,3.553037822712213e-05
2963.9142724961202,1.0074143409729004,3.550852488842793e-05
2963.9347041223737,1.00737464427948,3.5521326935850084e-05
2963.975567075191,1.0071218013763428,3.549405300873332e-05
2963.995998701721,1.0072600841522217,3.551364716258831e-05
2964.0164301283585,1.0070163011550903,3.551108966348693e-05
2964.0368617550703,1.0072706937789917,3.5500474041327834e-05
2964.0572932818905,1.0063852071762085,3.5467961424728855e-05
2964.07772470879,1.0070204734802246,3.5463534004520625e-05
2964.0981563357855,1.0076689720153809,3.5488938010530546e-05
2964.118587862882,1.0077029466629028,3.549919347278774e-05
2964.1390192900726,1.0075926780700684,3.549220855347812e-05
2964.1594509173374,1.0074256658554077,3.555418879841454e-05
2964.1798824447105,1.0071821212768555,3.5541666875360534e-05
2964.220745499726,1.0063302516937256,3.536258373060264e-05
2964.24117702739,1.0067317485809326,3.543503044056706e-05
2964.2616085551344,1.006482720375061,3.545765866874717e-05
2964.2820400829733,1.0066330432891846,3.551578629412688e-05
2964.302471610914,1.0067747831344604,3.5525627026800066e-05
2964.322903138942,1.0060973167419434,3.548559470800683e-05
2964.3433347670652,1.0063519477844238,3.549095708876848e-05
2964.3637661953035,1.0067542791366577,3.5501812817528844e-05
2964.3841978236087,1.006816029548645,3.55466254404746e-05
2964.4046292520434,1.006606101989746,3.548407039488666e-05
2964.4250607805516,1.0065569877624512,3.552171619958244e-05
2964.445492409155,1.0070241689682007,3.5505825508153066e-05
2964.4659238378736,1.0062319040298462,3.551495319698006e-05
2964.4863553666873,1.0063825845718384,3.5504162951838225e-05
2964.5067869955747,1.0062295198440552,3.547556480043568e-05
2964.5272184245914,1.006525993347168,3.550446854205802e-05
2964.5476500536897,1.006832480430603,3.553291389835067e-05
2964.5680815828746,1.0068084001541138,3.5500921512721106e-05
2964.5885130121897,1.0068303346633911,3.549999019014649e-05
2964.6089446415863,1.0063942670822144,3.557963282219134e-05
2964.6293761710767,1.0063066482543945,3.551755071384832e-05
2964.649807600683,1.0060051679611206,3.549938992364332e-05
2964.670239230378,1.0063951015472412,3.549780012690462e-05
2964.7111022900717,1.0065768957138062,3.547924279700965e-05
2964.7315338200788,1.0057233572006226,3.5457993362797424e-05
2964.7519653501804,1.0057899951934814,3.550653127604164e-05
2964.7723968803766,1.0056029558181763,3.5485812986735255e-05
2964.7928284106893,1.0058399438858032,3.5451801522867754e-05
2964.8132599410965,1.0057783126831055,3.5495733754942194e-05
2964.833691571599,1.006189227104187,3.553285205271095e-05
2964.85412310221,1.006417989730835,3.550076871761121e-05
2964.8745545329293,1.005678653717041,3.551987174432725e-05
2964.8949861637448,1.0049129724502563,3.548438326106407e-05
2964.915417694654,1.0053261518478394,3.5530330933397636e-05
2964.956280756822,1.0054820775985718,3.5471450246404856e-05
2964.9767122880585,1.004772663116455,3.553629358066246e-05
2964.9971437193963,1.0046831369400024,3.5469587601255625e-05
2965.0175753508374,1.0048428773880005,3.544272840372287e-05
2965.038006882387,1.004868507385254,3.5457342164590955e-05
2965.0584384140384,1.0051438808441162,3.551705231075175e-05
2965.078869945799,1.0050866603851318,3.5462344385450706e-05
2965.0993013776824,1.0050935745239258,3.552958878572099e-05
2965.119733009633,1.0050384998321533,3.5522687539923936e-05
2965.1401645417136,1.0047852993011475,3.55014308297541e-05
2965.160595973917,1.004560112953186,3.551376721588895e-05
2965.201459138596,1.0042423009872437,3.545817162375897e-05
2965.221890671106,1.0042282342910767,3.550802284735255e-05
2965.242322203718,1.003878116607666,3.5497669159667566e-05
2965.2627537364388,1.0041924715042114,3.55100492015481e-05
2965.283185269269,1.0037055015563965,3.5480221413308755e-05
2965.3036168022154,1.0039057731628418,3.5474040487315506e-05
2965.324048335264,1.0039844512939453,3.547701635397971e-05
2965.3444799684075,1.0042322874069214,3.5503839171724394e-05
2965.3649115016815,1.0038836002349854,3.547091182554141e-05
2965.385342935071,1.0039551258087158,3.550895053194836e-05
2965.4057745685423,1.0038403272628784,3.5518336517270654e-05
2965.446637535868,1.0026863813400269,3.5480134101817384e-05
2965.4670691696665,1.0027291774749756,3.55035335815046e-05
2965.4875007036026,1.0030158758163452,3.5457240301184356e-05
2965.5079321376616,1.0026471614837646,3.546917287167162e-05
2965.528363771802,1.0025783777236938,3.542697959346697e-05
2965.5487953060656,1.0024315118789673,3.550515612005256e-05
2965.569226940439,1.0024656057357788,3.547560118022375e-05
2965.5896583749345,1.00295889377594,3.551282497937791e-05
2965.61008990954,1.0027209520339966,3.549792745616287e-05
2965.630521544248,1.0029338598251343,3.547671076375991e-05
2965.6509529790856,1.002874493598938,3.5513970942702144e-05
2965.691816149083,1.002249836921692,3.5455053875921294e-05
2965.7122475842625,1.0020688772201538,3.5460070648696274e-05
2965.732679119552,1.0016719102859497,3.549460234353319e-05
2965.7531107549366,1.0017797946929932,3.550089604686946e-05
2965.7735421904654,1.0019210577011108,3.5463810490909964e-05
2965.7939737260967,1.0018675327301025,3.550744440872222e-05
2965.8144052618445,1.0016950368881226,3.547640881151892e-05
2965.8348367977014,1.001537799835205,3.544311039149761e-05
2965.8552684336755,1.0016541481018066,3.551482950570062e-05
2965.875699869779,1.001936912536621,3.548059976310469e-05
2965.896131405985,1.0020320415496826,3.546573861967772e-05
2965.936994578762,1.0010277032852173,3.5415047022979707e-05
2965.957426015324,1.0008589029312134,3.542190097505227e-05
2965.977857652004,1.0012339353561401,3.543891216395423e-05
2965.9982891887994,1.000819444656372,3.547693995642476e-05
2966.018720625725,1.0008182525634766,3.546657899278216e-05
2966.039152262754,1.0010349750518799,3.548078166204505e-05
2966.0595837999135,1.001083493232727,3.547838787198998e-05
2966.080015437168,1.0010435581207275,3.551675399648957e-05
2966.100446874574,1.0008459091186523,3.549152461346239e-05
2966.1208784120827,1.0004311800003052,3.5450750146992505e-05
2966.1413100497157,1.0009167194366455,3.5488876164890826e-05
2966.1821730253505,1.0004541873931885,3.5449222195893526e-05
2966.2026046633327,1.0007244348526,3.547470987541601e-05
2966.223036101459,1.0007566213607788,3.54183284798637e-05
2966.243467639688,1.0007365942001343,3.5458753700368106e-05
2966.263899278041,1.0007838010787964,3.5505752748576924e-05
2966.2843307165313,1.0001530647277832,3.545420986483805e-05
2966.3047623551174,1.0001919269561768,3.5468889109324664e-05
2966.3251938938483,1.0006177425384521,3.555627336027101e-05
2966.3456254326957,1.0004277229309082,3.549013126757927e-05
2966.3660569716594,1.0000956058502197,3.548195672919974e-05
2966.386488510747,1.0001225471496582,3.553657734300941e-05
2966.4273515893074,0.9999155402183533,3.545139043126255e-05
2966.447783128773,1.000033974647522,3.547667074599303e-05
2966.4682145683837,0.9996883869171143,3.543140337569639e-05
2966.488646208076,0.9998767375946045,3.546791776898317e-05
2966.50907774792,0.9993889331817627,3.54632647940889e-05
2966.5295092878805,0.9993425011634827,3.5408807889325544e-05
2966.5499408279647,0.9993351697921753,3.5443496017251164e-05
2966.5703723681727,0.9992552995681763,3.54477197106462e-05
2966.590804008527,0.9992584586143494,3.547641608747654e-05
2966.6112354489887,0.9998234510421753,3.5459041100693867e-05
2966.631666989575,0.9997523427009583,3.548467793734744e-05
2966.672530071148,0.9992544651031494,3.547715823515318e-05
2966.6929616121124,0.9993178844451904,3.553233545972034e-05
2966.7133932532233,0.9991520047187805,3.546134757925756e-05
2966.733824694442,0.9989815950393677,3.54998919647187e-05
2966.754256235814,0.9987145662307739,3.545205618138425e-05
2966.7746878772887,0.9985865354537964,3.5412835131864995e-05
2966.7951193189,0.998482882976532,3.546453808667138e-05
2966.8155509606368,0.9984399080276489,3.552577618393116e-05
2966.835982502518,0.998285174369812,3.5403529182076454e-05
2966.8564139445225,0.9981796145439148,3.544080027495511e-05
2966.876845586652,0.9985733032226562,3.54463882104028e-05
2966.9177086712953,0.9979490041732788,3.540522084222175e-05
2966.938140213817,0.9983611702919006,3.539668250596151e-05
2966.9585717564696,0.9981833100318909,3.540443503879942e-05
2966.9790032992605,0.9981911182403564,3.546271182131022e-05
2966.9994349421613,0.9981628656387329,3.548858512658626e-05
2967.0198663852207,0.9979978799819946,3.548366294126026e-05
2967.0402979284045,0.9978219270706177,3.545176514307968e-05
2967.060729571698,0.9977512359619141,3.545368599588983e-05
2967.0811610151504,0.9976159930229187,3.543568163877353e-05
2967.1015926587133,0.9976291060447693,3.548135646269657e-05
2967.1220242024283,0.9970336556434631,3.544747596606612e-05
2967.142455646288,0.9968140125274658,3.54716248693876e-05
2967.162887290244,0.9975484013557434,3.547767119016498e-05
2967.1833187343655,0.9976468086242676,3.551557892933488e-05
2967.2037502786043,0.9978705644607544,3.5494169424055144e-05
2967.2241819229675,0.9978903532028198,3.547020605765283e-05
2967.2446133674966,0.9979190826416016,3.5539127566153184e-05
2967.265044912143,0.9977410435676575,3.550658584572375e-05
2967.2854765569136,0.997164249420166,3.545529398252256e-05
2967.3059080018356,0.9975298047065735,3.551252302713692e-05
2967.326339646883,0.9975682497024536,3.551054032868706e-05
2967.346771192082,0.9971853494644165,3.545894651324488e-05
2967.3672026374115,0.9967014789581299,3.542472768458538e-05
2967.4080658284583,0.9960774779319763,3.544302308000624e-05
2967.4284973742106,0.9964370727539062,3.548795575625263e-05
2967.4489289200574,0.9967420697212219,3.547419692040421e-05
2967.469360466086,0.99702388048172,3.544232095009647e-05
2967.489792012231,0.9972470998764038,3.5458368074614555e-05
2967.510223558522,0.997113049030304,3.5492092138156295e-05
2967.5306551049507,0.9969214797019958,3.5482422390487045e-05
2967.551086751504,0.996697187423706,3.550809560692869e-05
2967.571518298195,0.9964906573295593,3.5514007322490215e-05
2967.591949745067,0.9967496395111084,3.551821646397002e-05
2967.6123813920276,0.9966822266578674,3.545697109075263e-05
2967.6532443864053,0.9963778853416443,3.546095103956759e-05
2967.6736760338026,0.9962058067321777,3.5465469409246e-05
2967.6941075813666,0.9957393407821655,3.5459343052934855e-05
2967.7145390290534,0.9960106611251831,3.542430931702256e-05
2967.734970676858,0.9961200952529907,3.5440891224425286e-05
2967.7554022248296,0.9959957599639893,3.54516196239274e-05
2967.775833672924,0.9963518977165222,3.5424993257038295e-05
2967.7962653211944,0.9965137839317322,3.5437376936897635e-05
2967.816696869573,0.9966497421264648,3.548398308339529e-05
2967.837128418105,0.9965789318084717,3.544457649695687e-05
2967.857559966782,0.9964422583580017,3.5508805012796074e-05
2967.8984230645656,0.9959670901298523,3.541517799021676e-05
2967.9188546136793,0.9960404634475708,3.545149593264796e-05
2967.9392861629312,0.9960786700248718,3.549504981492646e-05
2967.959717712307,0.9959676265716553,3.5460456274449825e-05
2967.980149261857,0.9955443739891052,3.547313463059254e-05
2968.0005808115457,0.9957752227783203,3.5512508475221694e-05
2968.021012361358,0.9957770705223083,3.546590232872404e-05
2968.0414439113447,0.9960172176361084,3.548858512658626e-05
2968.0618755614705,0.9959366321563721,3.546101652318612e-05
2968.0823071117193,0.9962336421012878,3.547723827068694e-05
2968.102738562142,0.9963368773460388,3.5479544749250636e-05
2968.1436017633896,0.9958176016807556,3.5503773688105866e-05
2968.164033214249,0.9958474636077881,3.5516935895429924e-05
2968.1844648652477,0.9957526326179504,3.546005973475985e-05
2968.2048964163696,0.9956063032150269,3.546925654518418e-05
2968.2253278676944,0.9957922697067261,3.5456228943075985e-05
2968.24575951913,0.9954077005386353,3.550329711288214e-05
2968.2661910706884,0.9956623911857605,3.541225305525586e-05
2968.286622722415,0.9960628151893616,3.545422441675328e-05
2968.307054174322,0.9963187575340271,3.544281571521424e-05
2968.327485726346,0.9960764050483704,3.54641888407059e-05
2968.3479173785454,0.9962653517723083,3.548500899341889e-05
2968.3887803833713,0.9958643913269043,3.543605998856947e-05
2968.409212036,0.9958944320678711,3.543518323567696e-05
2968.42964348878,0.9960630536079407,3.54994808731135e-05
2968.4500750417355,0.9959680438041687,3.545583240338601e-05
2968.470506694801,0.996201753616333,3.546430525602773e-05
2968.4909381480466,0.9962564706802368,3.550260225892998e-05
2968.5113697014385,0.9959060549736023,3.5494307667249814e-05
2968.5318012549687,0.9956786632537842,3.546678271959536e-05
2968.5522328086518,0.9959735870361328,3.5515495255822316e-05
2968.57266446251,0.9961458444595337,3.546411244315095e-05
2968.593096016477,0.9959638714790344,3.550585461198352e-05
2968.613527470654,0.9958368539810181,3.548072345438413e-05
2968.633959124949,0.9958969354629517,3.5478082281770185e-05
2968.6543906794104,0.9960564970970154,3.5520926758181304e-05
2968.674822134024,0.9958752989768982,3.550360270310193e-05
2968.6952537887846,0.9964057207107544,3.545661093085073e-05
2968.7156853436827,0.9965181946754456,3.5531884350348264e-05
2968.736116798762,0.9963584542274475,3.5476507036946714e-05
2968.756548453988,0.9967502355575562,3.5528755688574165e-05
2968.776980009352,0.9966018795967102,3.552140333340503e-05
2968.7974116648984,0.9966272115707397,3.553526403266005e-05
2968.817843120589,0.9961273670196533,3.5537905205274e-05
2968.8382746764473,0.9964113831520081,3.5530079912859946e-05
2968.8791377886155,0.9966495633125305,3.5523728001862764e-05
2968.8995693449397,0.9966172575950623,3.5506163840182126e-05
2968.9200010013883,0.9965167045593262,3.54822441295255e-05
2968.940432458039,0.9969083666801453,3.549885150277987e-05
2968.9608640148,0.9967057108879089,3.550104520400055e-05
2968.9812956717724,0.9965678453445435,3.5514356568455696e-05
2969.00172712886,0.9970047473907471,3.552113412297331e-05
2969.022158786116,0.9971013069152832,3.550643305061385e-05
2969.0425903435535,0.9973257184028625,3.5529657907318324e-05
2969.0630219011073,0.9974287152290344,3.551392364897765e-05
2969.0834534588575,0.997497022151947,3.5501474485499784e-05
2969.124316574809,0.9976583123207092,3.5408094845479354e-05
2969.144748133025,0.9977073073387146,3.5453675081953406e-05
2969.165179691394,0.9979776740074158,3.5506163840182126e-05
2969.185611249937,0.9980587363243103,3.54799376509618e-05
2969.206042808619,0.9980993866920471,3.551249756128527e-05
2969.2264743675114,0.9985201358795166,3.552312045940198e-05
2969.246906026514,0.9983285069465637,3.552576890797354e-05
2969.2673374856968,0.9981747269630432,3.5511780879460275e-05
2969.287769045055,0.9982354640960693,3.5524215491022915e-05
2969.3082007045305,0.9982616305351257,3.5505814594216645e-05
2969.328632164201,0.9978366494178772,3.550510882632807e-05
2969.349063724054,0.9982545971870422,3.5540302633307874e-05
2969.369495384017,0.9982051849365234,3.5504774132277817e-05
2969.389926844189,0.9985230565071106,3.554260911187157e-05
2969.410358404508,0.9989336729049683,3.558146272553131e-05
2969.430790064973,0.9990675449371338,3.553436908987351e-05
2969.4512215256327,0.99909508228302,3.55618103640154e-05
2969.471653086446,0.9987407326698303,3.556787487468682e-05
2969.4920847473986,0.9987288117408752,3.556013325578533e-05
2969.5125162085606,0.9987508058547974,3.5541779652703553e-05
2969.5329478698404,0.9992619156837463,3.5559478419600055e-05
2969.5533794313233,0.9990729689598083,3.553693386493251e-05
2969.5738108929727,0.9986931681632996,3.5519387893145904e-05
2969.6146741167177,0.9990590810775757,3.553304122760892e-05
2969.635105678841,0.9990761876106262,3.554368231561966e-05
2969.6555372411676,0.9987528920173645,3.5538025258574635e-05
2969.675968803611,0.9996074438095093,3.55315933120437e-05
2969.6964003662506,0.9998739957809448,3.557659874786623e-05
2969.716832029044,0.9999531507492065,3.5563269193517044e-05
2969.737263492003,1.000227451324463,3.556004594429396e-05
2969.757695155582,1.0004382133483887,3.557775562512688e-05
2969.7781267188984,1.0002549886703491,3.559292963473126e-05
2969.7985581823887,0.9999759793281555,3.558506432455033e-05
2969.8189898460187,1.0000985860824585,3.5629542253445834e-05
2969.8598528738075,1.0005378723144531,3.552654379745945e-05
2969.8802845379396,1.0004746913909912,3.549388566170819e-05
2969.900716002274,1.0006154775619507,3.5536475479602814e-05
2969.9211475667544,1.0007396936416626,3.553769420250319e-05
2969.941579231403,1.0004186630249023,3.554911017999984e-05
2969.962010696232,1.000964641571045,3.561860285117291e-05
2969.98244236123,1.0011985301971436,3.5573899367591366e-05
2970.002873926409,1.0009608268737793,3.5601835406851023e-05
2970.023305391762,1.0005937814712524,3.559214746928774e-05
2970.0437370572836,1.00099515914917,3.5607448808150366e-05
2970.0641686229865,1.0011415481567383,3.560101686161943e-05
2970.1050317548506,1.0013808012008667,3.556277442839928e-05
2970.125463321019,1.002733826637268,3.561159974196926e-05
2970.1458948874206,1.0016796588897705,3.5624612792162225e-05
2970.1663264539893,1.0016649961471558,3.562449273886159e-05
2970.1867580206817,1.0014526844024658,3.561324774636887e-05
2970.2071896876078,1.0012327432632446,3.56229065801017e-05
2970.227621254642,1.0009448528289795,3.559483229764737e-05
2970.248052721916,1.0016112327575684,3.562985875760205e-05
2970.2684843893076,1.0016305446624756,3.5587774618761614e-05
2970.288915956924,1.0017716884613037,3.561791527317837e-05
2970.3093474246634,1.0016268491744995,3.556159572326578e-05
2970.329779092637,1.0018607378005981,3.562458005035296e-05
2970.3502106607193,1.0018459558486938,3.561177072697319e-05
2970.370642129041,1.0024356842041016,3.5611967177828774e-05
2970.3910737975384,1.0022952556610107,3.561320045264438e-05
2970.4115053661444,1.0023211240768433,3.5636468965094537e-05
2970.4319370349913,1.002252459526062,3.560994809959084e-05
2970.4523685040112,1.002132773399353,3.562627898645587e-05
2970.4728000731993,1.002310872077942,3.558932803571224e-05
2970.4932316425693,1.0018552541732788,3.5643803130369633e-05
2970.5136632120557,1.0017778873443604,3.563910286175087e-05
2970.5340947817676,1.0020242929458618,3.569511682144366e-05
2970.5545264516622,1.0022095441818237,3.565133374650031e-05
2970.595389492024,1.0020835399627686,3.569355612853542e-05
2970.6158210624417,1.0019892454147339,3.562807978596538e-05
2970.636252633034,1.0019729137420654,3.561715129762888e-05
2970.656684203852,1.0022178888320923,3.557038871804252e-05
2970.6771157747935,1.0020991563796997,3.562901838449761e-05
2970.697547345968,1.003235101699829,3.561149424058385e-05
2970.717979017252,1.002249836921692,3.5618872061604634e-05
2970.738410488775,1.0025641918182373,3.559698598110117e-05
2970.7588420604734,1.0025050640106201,3.5614179068943486e-05
2970.77927373234,1.002213954925537,3.5641649446915835e-05
2970.7997053043873,1.0025097131729126,3.564303187886253e-05
2970.840568449057,1.0023458003997803,3.556108640623279e-05
2970.861000021687,1.0024417638778687,3.558146272553131e-05
2970.881431494432,1.0027942657470703,3.5601515264716e-05
2970.9018631674044,1.0024625062942505,3.5609900805866346e-05
2970.922294740558,1.0025908946990967,3.565763108781539e-05
2970.9427264138794,1.002292275428772,3.559257311280817e-05
2970.9631578873814,1.0024105310440063,3.564190774341114e-05
2970.983589461117,1.0023754835128784,3.566033046809025e-05
2971.0040211349624,1.002087950706482,3.563601057976484e-05
2971.0244526090464,1.0018870830535889,3.560066761565395e-05
2971.044884183306,1.0017913579940796,3.5572138585848734e-05
2971.0653158577334,1.0014413595199585,3.5598543036030605e-05
2971.0857473323413,1.0020631551742554,3.5629927879199386e-05
2971.1061789071828,1.002254605293274,3.562209167284891e-05
2971.126610582134,1.0023099184036255,3.5655921237776056e-05
2971.1470420573824,1.0022648572921753,3.566694795154035e-05
2971.1674737327485,1.0023350715637207,3.565154111129232e-05
2971.187905308281,1.0022187232971191,3.566654777387157e-05
2971.2083367840532,1.001991629600525,3.565769657143392e-05
2971.2287684599432,1.0016921758651733,3.56705641024746e-05
2971.249200036058,1.0020540952682495,3.5657412809086964e-05
2971.2696316123547,1.0019153356552124,3.5660614230437204e-05
2971.2900631888842,1.0018240213394165,3.566133455024101e-05
2971.330926242401,1.0013726949691772,3.56587661372032e-05
2971.351357919455,1.001360297203064,3.5633380321087316e-05
2971.371789496734,1.0020043849945068,3.566066880011931e-05
2971.3922210741366,1.00214421749115,3.564813596312888e-05
2971.412652651772,1.0022673606872559,3.569415639503859e-05
2971.433084229575,1.0016324520111084,3.566428858903237e-05
2971.4535159076186,1.0016422271728516,3.566360828699544e-05
2971.473947385777,1.001339077949524,3.5677450796356425e-05
2971.494378964162,1.0015079975128174,3.5683868190972134e-05
2971.5148106427296,1.0013244152069092,3.56639975507278e-05
2971.5352421215284,1.0010980367660522,3.564127837307751e-05
2971.576105379645,1.0008145570755005,3.5640448913909495e-05
2971.5965368589677,1.0008940696716309,3.5672059311764315e-05
2971.6169685385175,1.0006076097488403,3.564569851732813e-05
2971.6374001182485,1.0009344816207886,3.561122139217332e-05
2971.6578315981533,1.0014369487762451,3.566511441022158e-05
2971.678263278285,1.001438021659851,3.5629516787594184e-05
2971.698694858598,1.0009520053863525,3.5694425605470315e-05
2971.719126339085,1.0008023977279663,3.566681334632449e-05
2971.739558019799,1.0010383129119873,3.5768753150478005e-05
2971.759989600694,1.000833511352539,3.565139923011884e-05
2971.7804211817565,1.0004963874816895,3.5659326385939494e-05
2971.8212843445363,1.0007487535476685,3.5619970731204376e-05
2971.8417160261815,1.000447392463684,3.561618359526619e-05
2971.8621475080654,1.0003927946090698,3.5620771086541936e-05
2971.8825790901246,0.9999942183494568,3.563917562132701e-05
2971.9030106723512,0.999413251876831,3.5589826438808814e-05
2971.9234423548187,0.9998003840446472,3.560344339348376e-05
2971.9438738374593,1.0002754926681519,3.565062797861174e-05
2971.9643055202687,1.0002411603927612,3.5636345273815095e-05
2971.984737003375,1.0004652738571167,3.561188714229502e-05
2972.0051685865983,1.0001493692398071,3.5658948036143556e-05
2972.025600270048,0.9995763897895813,3.561811536201276e-05
2972.0868950215154,0.9998371601104736,3.5600456612883136e-05
2972.1073265057857,0.9999104142189026,3.5606048186309636e-05
2972.127758190174,0.9995598196983337,3.561461198842153e-05
2972.148189774787,0.9998009204864502,3.563111022231169e-05
2972.1686212596396,0.9990502595901489,3.5613593354355544e-05
2972.189052944668,0.9986851811408997,3.564323196769692e-05
2972.2094845299216,0.9993284344673157,3.5627126635517925e-05
2972.229916015356,0.9991915822029114,3.558794196578674e-05
2972.250347700967,0.9991062879562378,3.564621147233993e-05
2972.2707792868023,0.9988667964935303,3.55970005330164e-05
2972.2912109728204,0.9985889196395874,3.56200362148229e-05
2972.31164245907,0.9985752701759338,3.5663226299220696e-05
2972.3320740454874,0.9985908269882202,3.5619857953861356e-05
2972.3525057320876,0.9983708262443542,3.561447374522686e-05
2972.3729372189773,0.9984490275382996,3.561272023944184e-05
2972.393368805977,0.997809648513794,3.5586697777034715e-05
2972.4138004932174,0.9983056783676147,3.5629429476102814e-05
2972.43423208069,0.9984740614891052,3.561654011718929e-05
2972.454663568329,0.9977996349334717,3.5642588045448065e-05
2972.47509525621,0.9976353049278259,3.562483107089065e-05
2972.4955268442645,0.99796462059021,3.564044527593069e-05
2972.5159584324865,0.9977886080741882,3.566992745618336e-05
2972.5568216096435,0.9978699684143066,3.561081757652573e-05
2972.5772532985065,0.9976755380630493,3.559580000001006e-05
2972.597684787608,0.9976920485496521,3.559138349373825e-05
2972.618116376885,0.9970380663871765,3.5575063520809636e-05
2972.6385479663295,0.9974885582923889,3.5627326724352315e-05
2972.658979556072,0.9973704218864441,3.5616820241557434e-05
2972.6794110459887,0.9973891973495483,3.560624099918641e-05
2972.699842736074,0.9973547458648682,3.564232974895276e-05
2972.720274326399,0.9974059462547302,3.562057463568635e-05
2972.7407060168916,0.9966133832931519,3.556511728675105e-05
2972.761137507623,0.9968465566635132,3.559820834198035e-05
2972.8020007897285,0.9970359206199646,3.556914089131169e-05
2972.8224322810347,0.9971648454666138,3.558154639904387e-05
2972.84286387264,0.9967747330665588,3.559191827662289e-05
2972.863295564355,0.9969327449798584,3.5603545256890357e-05
2972.883727056367,0.9966914057731628,3.560918412404135e-05
2972.9041586485546,0.9967168569564819,3.562140409485437e-05
2972.9245903409173,0.9962986707687378,3.55661723006051e-05
2972.945021933563,0.9963351488113403,3.560612094588578e-05
2972.9654535263326,0.9961836934089661,3.561663834261708e-05
2972.985885119386,0.9960655570030212,3.56077216565609e-05
2973.006316712621,0.9958188533782959,3.560819459380582e-05
2973.0471798997314,0.9962067604064941,3.5469700378598645e-05
2973.0676114935995,0.9964805841445923,3.547072265064344e-05
2973.0880431876503,0.9961748719215393,3.552067209966481e-05
2973.108474681925,0.9959609508514404,3.5543289413908496e-05
2973.128906276441,0.9962104558944702,3.556191950337961e-05
2973.14933797119,0.9962317943572998,3.5561202821554616e-05
2973.1697694661125,0.996115505695343,3.556139563443139e-05
2973.1902011612037,0.9960931539535522,3.563759310054593e-05
2973.2106327565925,0.9958934783935547,3.56065938831307e-05
2973.231064252148,0.9960070252418518,3.5610028135124594e-05
2973.251495947945,0.9956920742988586,3.55830488842912e-05
2973.271927543916,0.9957756996154785,3.558130993042141e-05
2973.2923590401115,0.9952917098999023,3.562545316526666e-05
2973.312790736549,0.9947193264961243,3.561663470463827e-05
2973.3332222332174,0.9952492713928223,3.560391633072868e-05
2973.353653830054,0.9954021573066711,3.5623037547338754e-05
2973.3740855270735,0.9954000115394592,3.562802157830447e-05
2973.3945170243824,0.9953445196151733,3.5597706300904974e-05
2973.41494872186,0.9950841069221497,3.5578366805566475e-05
2973.4353803195772,0.9952923059463501,3.5659137211041525e-05
2973.4558118175264,0.9954779744148254,3.5609726182883605e-05
2973.4762435156445,0.9948657751083374,3.564207145245746e-05
2973.496675114002,0.9948617219924927,3.557219315553084e-05
2973.537538311408,0.9954338669776917,3.5610777558758855e-05
2973.5579699104055,0.9954106211662292,3.564164217095822e-05
2973.578401509636,0.9948146343231201,3.5602410207502544e-05
2973.598833109092,0.9949600696563721,3.556003866833635e-05
2973.6192647087883,0.9948238730430603,3.5585071600507945e-05
2973.63969640866,0.9952011108398438,3.561878838809207e-05
2973.660128008756,0.9947236776351929,3.5626977478386834e-05
2973.680559509092,0.9945644736289978,3.561212361091748e-05
2973.7009912095964,0.9946901202201843,3.5631906939670444e-05
2973.7214228103403,0.9946016073226929,3.559598189895041e-05
2973.7418543113745,0.9947997331619263,3.5634882806334645e-05
2973.7622860125266,0.9949673414230347,3.5658526030601934e-05
2973.7827176139617,0.994722843170166,3.56343989551533e-05
2973.803149115636,0.9951493144035339,3.5655710235005245e-05
2973.8235808174795,0.9949765801429749,3.563760401448235e-05
2973.844012419562,0.9944208860397339,3.56280361302197e-05
2973.8644441218785,0.993803858757019,3.5662400478031486e-05
2973.884875624426,0.9944149851799011,3.566885061445646e-05
2973.9053072271417,0.9947138428688049,3.570311309886165e-05
2973.9257388300975,0.9944287538528442,3.565949373296462e-05
2973.946170433337,0.9939872026443481,3.5505650885170326e-05
2973.9666020367586,0.9934136867523193,3.543358980095945e-05
2973.987033640413,0.9920368790626526,3.5777207813225687e-05
2974.0278968483544,0.9952018857002258,3.557562013156712e-05
2974.048328452649,0.9950382709503174,3.563760401448235e-05
2974.068760057169,0.9950575828552246,3.563432983355597e-05
2974.08919176193,0.995041012763977,3.563629070413299e-05
2974.1096232669224,0.994711697101593,3.5671757359523326e-05
2974.1300548721483,0.9944909811019897,3.563566497177817e-05
2974.1504865775423,0.9942439794540405,3.558736716513522e-05
2974.170918183234,0.9947560429573059,3.561060657375492e-05
2974.191349689092,0.9948819875717163,3.562928759492934e-05
2974.211781395192,0.9949134588241577,3.566434679669328e-05
2974.2322130015236,0.996451735496521,3.564576036296785e-05
2974.2730762148785,0.995691180229187,3.566626037354581e-05
2974.293507821909,0.9955637454986572,3.5662815207615495e-05
2974.3139395291655,0.9955481290817261,3.5710159863810986e-05
2974.3343710366025,0.9956072568893433,3.563145946827717e-05
2974.3548026443314,0.9956905245780945,3.562160782166757e-05
2974.3752343522283,0.9954057335853577,3.565586303011514e-05
2974.395665860422,0.9954490661621094,3.5579156246967614e-05
2974.416097468791,0.9947328567504883,3.563273276085965e-05
2974.4365291773865,0.9947593212127686,3.5696339182322845e-05
2974.4569606862206,0.9954256415367126,3.5649056371767074e-05
2974.4773922953464,0.9953203797340393,3.5668821510626e-05
2974.497824004582,0.9954085946083069,3.565115912351757e-05
2974.518255514173,0.995797872543335,3.5641387512441725e-05
2974.5386872238814,0.9958622455596924,3.5658187698572874e-05
2974.559118833873,0.9963234066963196,3.565561200957745e-05
2974.579550444105,0.9959643483161926,3.5694298276212066e-05
2974.5999820545694,0.9960467219352722,3.566990199033171e-05
2974.6204136652595,0.9961022138595581,3.568125612218864e-05
2974.6408452761316,0.9961133599281311,3.568977626855485e-05
2974.6612768872947,0.9958537817001343,3.570177068468183e-05
2974.6817084986833,0.995461106300354,3.5692875826498494e-05
2974.7021400103113,0.995363712310791,3.5680903238244355e-05
2974.7225717221154,0.9958183169364929,3.5705957998288795e-05
2974.7634349465297,0.9964526891708374,3.568536340026185e-05
2974.7838665590316,0.9966997504234314,3.569927503122017e-05
2974.804298171817,0.9968655705451965,3.567979365470819e-05
2974.8247298848437,0.9967942833900452,3.5700981243280694e-05
2974.8451613981015,0.9968684911727905,3.5709410440176725e-05
2974.8655930115274,0.9969693422317505,3.571516936062835e-05
2974.8860247252524,0.9968152642250061,3.574253059923649e-05
2974.9064562392086,0.9967145323753357,3.571530760382302e-05
2974.9268878533912,0.996635913848877,3.5699329600902274e-05
2974.9473195678147,0.996847927570343,3.572211426217109e-05
2974.9677510824113,0.9967684745788574,3.5802764614345506e-05
2975.0086144124143,0.997641384601593,3.5687731724465266e-05
2975.0290459277676,0.9980535507202148,3.5665041650645435e-05
2975.0494776434643,0.9977156519889832,3.5713826946448535e-05
2975.069909259284,0.9978751540184021,3.569624823285267e-05
2975.090340775336,0.9978991746902466,3.572067362256348e-05
2975.1107724916146,0.9979137182235718,3.568195825209841e-05
2975.131204108133,0.9977670907974243,3.56751297658775e-05
2975.151635724993,0.9979551434516907,3.5765489883488044e-05
2975.172067341977,0.9980167150497437,3.575955634005368e-05
2975.1924989591935,0.9983761310577393,3.570014814613387e-05
2975.212930676753,0.998253583908081,3.572772038751282e-05
2975.253793812466,0.9980120062828064,3.571842171368189e-05
2975.2742255306075,0.998052179813385,3.5722172469832e-05
2975.294657049104,0.998780369758606,3.569233012967743e-05
2975.315088667834,0.9990285634994507,3.572090281522833e-05
2975.335520386674,0.9988687038421631,3.574337824829854e-05
2975.3559520058698,0.9989261627197266,3.5710349038708955e-05
2975.3763835252976,0.9995614290237427,3.577537427190691e-05
2975.3968152449524,0.9990338683128357,3.577860843506642e-05
2975.417246764846,0.9988291263580322,3.5797849704977125e-05
2975.4376784849737,0.9992729425430298,3.5795397707261145e-05
2975.4581101054428,0.9992835521697998,3.578769974410534e-05
2975.498973346861,1.0004230737686157,3.566660234355368e-05
2975.5194049680285,1.0001587867736816,3.574240326997824e-05
2975.539836489319,0.9999521970748901,3.576249582692981e-05
2975.56026821096,0.9999125003814697,3.571723937056959e-05
2975.580699832826,1.0005712509155273,3.5747874790104106e-05
2975.6011313549316,1.0003812313079834,3.573703361325897e-05
2975.621563077155,1.0004533529281616,3.576628296286799e-05
2975.6419946997194,1.0004369020462036,3.5764762287726626e-05
2975.6624264225247,1.000312328338623,3.577038296498358e-05
2975.682857945678,1.0007569789886475,3.5773755371337757e-05
2975.703289568941,1.000670313835144,3.5784578358288854e-05
2975.7237212924447,1.0006908178329468,3.575123628252186e-05
2975.7441528162963,1.0008915662765503,3.582648059818894e-05
2975.764584440374,1.000817894935608,3.576743620214984e-05
2975.7850161645765,1.0011664628982544,3.5796521842712536e-05
2975.8054477891274,1.0009444952011108,3.58112265530508e-05
2975.825879313903,1.0005176067352295,3.5782650229521096e-05
2975.8463110389202,1.0007871389389038,3.583929719752632e-05
2975.8667426641696,1.0012065172195435,3.5832636058330536e-05
2975.887174289761,1.0014915466308594,3.5865636164089665e-05
2975.907605915476,1.0013371706008911,3.580948759918101e-05
2975.92803754154,1.0009480714797974,3.5741857573157176e-05
2975.9484692677142,1.000624656677246,3.564525468391366e-05
2975.989332420999,1.0024504661560059,3.5776134609477594e-05
2976.009764147995,1.0023014545440674,3.578690666472539e-05
2976.030195675339,1.0022330284118652,3.579396434361115e-05
2976.0506273028004,1.0023998022079468,3.5801964259007946e-05
2976.0710589306036,1.0021426677703857,3.5752618714468554e-05
2976.0914905585305,1.0019458532333374,3.579308031476103e-05
2976.1119222868,1.001571536064148,3.5770666727330536e-05
2976.1323538153083,1.0019619464874268,3.578171526896767e-05
2976.15278544405,1.0021777153015137,3.579473923309706e-05
2976.1732171731346,1.002256155014038,3.5821041819872335e-05
2976.1936487023413,1.0025216341018677,3.579804615583271e-05
2976.234512061681,1.003369688987732,3.581077544367872e-05
2976.2549435917026,1.0032521486282349,3.580821430659853e-05
2976.275375221958,1.0032111406326294,3.576878225430846e-05
2976.2958069524393,1.003248691558838,3.579933036235161e-05
2976.3162384831594,1.0030179023742676,3.5792058042716235e-05
2976.3366702142303,1.0030274391174316,3.578982796170749e-05
2976.357101845526,1.003154993057251,3.583153375075199e-05
2976.3775334770617,1.0023858547210693,3.5788347304333e-05
2976.3979651088302,1.0022116899490356,3.578005635063164e-05
2976.4183967408244,1.0030062198638916,3.580867632990703e-05
2976.438828373175,1.0032095909118652,3.586255115806125e-05
2976.479691638451,1.0035427808761597,3.584496880648658e-05
2976.5001232715003,1.0035630464553833,3.578709583962336e-05
2976.5205550048995,1.0035444498062134,3.580280099413358e-05
2976.5409865384063,1.003466010093689,3.5786390071734786e-05
2976.561418272271,1.003635048866272,3.583742000046186e-05
2976.581849906368,1.003605842590332,3.5805365769192576e-05
2976.6022814406897,1.0037002563476562,3.586482489481568e-05
2976.622713175253,1.0037180185317993,3.587522223824635e-05
2976.6431448100484,1.0034209489822388,3.586981620173901e-05
2976.663576345185,1.0027693510055542,3.587474566302262e-05
2976.684008080563,1.0029343366622925,3.585004014894366e-05
2976.724871252125,1.0040178298950195,3.586181628634222e-05
2976.7453029882017,1.0038881301879883,3.582001954782754e-05
2976.765734524277,1.0038506984710693,3.58375946234446e-05
2976.7861662609284,1.003814458847046,3.580920019885525e-05
2976.8065978978193,1.0036377906799316,3.589293919503689e-05
2976.827029534943,1.0040955543518066,3.584998194128275e-05
2976.8474611724087,1.0041228532791138,3.5847046092385426e-05
2976.8678928101144,1.0042405128479004,3.588265099097043e-05
2976.888324448053,1.0044639110565186,3.5830475098919123e-05
2976.9087560863336,1.00431227684021,3.59010009560734e-05
2976.929187724738,1.0041401386260986,3.59064870281145e-05
2976.970051102471,1.0038917064666748,3.587174433050677e-05
2976.990482641806,1.004032015800476,3.587948958738707e-05
2977.0109143812588,1.0045099258422852,3.587511309888214e-05
2977.0313460210527,1.0046261548995972,3.5846922401105985e-05
2977.051777561086,1.0046712160110474,3.586528328014538e-05
2977.0722093013464,1.0048737525939941,3.5896271583624184e-05
2977.0926409419626,1.0050050020217896,3.584917794796638e-05
2977.113072482811,1.004936695098877,3.5915483749704435e-05
2977.1335042238934,1.0049536228179932,3.58760153176263e-05
2977.1539358652008,1.0049588680267334,3.5936373024014756e-05
2977.174367406864,1.0049145221710205,3.586543243727647e-05
2977.2152307908837,1.0046637058258057,3.585796366678551e-05
2977.235662533363,1.0048099756240845,3.591366112232208e-05
2977.2560940759577,1.005220890045166,3.588376785046421e-05
2977.276525718895,1.0052385330200195,3.592573557398282e-05
2977.2969574621893,1.0050725936889648,3.5914708860218525e-05
2977.3173890055914,1.0049574375152588,3.58872493961826e-05
2977.3378206493508,1.0049687623977661,3.589093466871418e-05
2977.358252293343,1.0054258108139038,3.596816895878874e-05
2977.3786839376844,1.0051053762435913,3.588300751289353e-05
2977.399115582135,1.0048667192459106,3.584415389923379e-05
2977.419547226942,1.0045058727264404,3.569993350538425e-05
2977.4604106173647,1.0060683488845825,3.5883975215256214e-05
2977.480842162986,1.0059516429901123,3.586236562114209e-05
2977.501273808841,1.0052669048309326,3.5867160477209836e-05
2977.521705554922,1.0055477619171143,3.585366721381433e-05
2977.542137201359,1.0053439140319824,3.583463330869563e-05
2977.5625687480206,1.0057517290115356,3.586096136132255e-05
2977.5830004950403,1.0055192708969116,3.596084570745006e-05
2977.6034321421757,1.0054364204406738,3.589245170587674e-05
2977.6238636896596,1.0059709548950195,3.594318332034163e-05
2977.644295437487,1.0057907104492188,3.590440974221565e-05
2977.6647270854373,1.0061830282211304,3.58963297912851e-05
2977.705590382262,1.0059584379196167,3.584550358937122e-05
2977.7260220311437,1.0060206651687622,3.591294807847589e-05
2977.7464537802516,1.0062757730484009,3.5866985854227096e-05
2977.766885329598,1.0060875415802002,3.590390770114027e-05
2977.7873169792947,1.0054072141647339,3.591275526559912e-05
2977.8077487292176,1.0060018301010132,3.593734436435625e-05
2977.828180279379,1.0060116052627563,3.5960540117230266e-05
2977.848611929774,1.0056730508804321,3.587187529774383e-05
2977.869043680512,1.00589120388031,3.598932744353078e-05
2977.8894752316046,1.005789875984192,3.597422983148135e-05
2977.9099069828153,1.0060880184173584,3.5975379432784393e-05
2977.9712019383005,1.0068446397781372,3.586261300370097e-05
2977.9916335906673,1.0065052509307861,3.5873628803528845e-05
2978.0120652432743,1.0064347982406616,3.587178071029484e-05
2978.0324968962304,1.0072572231292725,3.588026447687298e-05
2978.052928549412,1.006082534790039,3.586865568649955e-05
2978.0733601028332,1.0058680772781372,3.5856603062711656e-05
2978.093791856605,1.0061125755310059,3.594839290599339e-05
2978.1142235106017,1.0060772895812988,3.591226413846016e-05
2978.134655164955,1.0060791969299316,3.5880584619008005e-05
2978.155086819541,1.0057893991470337,3.589090920286253e-05
2978.1755184743524,1.0058794021606445,3.5899473004974425e-05
2978.195950229405,1.0055774450302124,3.585436206776649e-05
2978.216381784805,1.006034016609192,3.595982343540527e-05
2978.236813440548,1.0060991048812866,3.595880843931809e-05
2978.2572451965316,1.0060176849365234,3.596026363084093e-05
2978.2776767527466,1.00603449344635,3.59667646989692e-05
2978.298108409188,1.0062792301177979,3.597410977818072e-05
2978.3185401659866,1.0062532424926758,3.596474198275246e-05
2978.3389717230166,1.0057369470596313,3.598261173465289e-05
2978.35940348039,1.0054421424865723,3.5942015529144555e-05
2978.379835138003,1.0058987140655518,3.599362389650196e-05
2978.400266695957,1.0057618618011475,3.600124182412401e-05
2978.44113011258,1.006229043006897,3.587538958527148e-05
2978.46156167124,1.0059081315994263,3.589592597563751e-05
2978.481993430243,1.005961298942566,3.587931860238314e-05
2978.502425089602,1.0059382915496826,3.5961631510872394e-05
2978.5228567491868,1.005842924118042,3.5924564144806936e-05
2978.5432884090114,1.0059446096420288,3.5958113585365936e-05
2978.5637200691854,1.0059218406677246,3.5957778891315684e-05
2978.5841518295856,1.0059316158294678,3.596355963964015e-05
2978.6045833902244,1.005812168121338,3.6026125599164516e-05
2978.6250150512133,1.0057622194290161,3.5960518289357424e-05
2978.6454468124284,1.0059956312179565,3.596315218601376e-05
2978.6863100359187,1.0059412717819214,3.5948258300777525e-05
2978.706741797949,1.0059587955474854,3.596168244257569e-05
2978.727173360334,1.0060498714447021,3.599550109356642e-05
2978.747605023069,1.0059200525283813,3.598624243750237e-05
2978.7680367860303,1.0056886672973633,3.594996451283805e-05
2978.7884683492302,1.0054950714111328,3.598324838094413e-05
2978.808900112781,1.0055034160614014,3.605135134421289e-05
2978.8293317765565,1.0052772760391235,3.598600596887991e-05
2978.849763340688,1.005329966545105,3.602326614782214e-05
2978.8701951050534,1.005156397819519,3.596408714656718e-05
2978.890626769644,1.0054106712341309,3.5966459108749405e-05
2978.931490099887,1.005677580833435,3.587813625927083e-05
2978.9519217654088,1.005831241607666,3.604427183745429e-05
2978.97235333117,1.0058470964431763,3.596438909880817e-05
2978.9927850972817,1.0057969093322754,3.592026041587815e-05
2979.013216763735,1.0053107738494873,3.595783346099779e-05
2979.0336485303123,1.0052504539489746,3.5968347219750285e-05
2979.054080097354,1.004939317703247,3.593638029997237e-05
2979.0745117645056,1.0048798322677612,3.5965269489679486e-05
2979.0949435320144,1.004790186882019,3.598316470743157e-05
2979.115375099871,1.0045371055603027,3.594948066165671e-05
2979.135806767954,1.0047305822372437,3.596541500883177e-05
2979.1766702050663,1.0043548345565796,3.5983783163828775e-05
2979.1971017739634,1.0040804147720337,3.596514216042124e-05
2979.2175335432185,1.0046428442001343,3.596892929635942e-05
2979.2379652128147,1.0046676397323608,3.6052857467439026e-05
2979.258396882651,1.0049790143966675,3.599383126129396e-05
2979.2788285527204,1.0044121742248535,3.5988610761705786e-05
2979.299260223139,1.0043761730194092,3.597068280214444e-05
2979.3196919939,1.0043355226516724,3.597273098421283e-05
2979.3401235649,1.0041910409927368,3.6061777791474015e-05
2979.360555236126,1.0042314529418945,3.598142575356178e-05
2979.3809869077086,1.0040206909179688,3.600285708671436e-05
2979.421850251805,1.0044277906417847,3.600931086111814e-05
2979.442282024196,1.0042335987091064,3.608222687034868e-05
2979.462713596942,1.0039036273956299,3.5964596463600174e-05
2979.4831453699153,1.0033897161483765,3.5995053622173145e-05
2979.5035769432434,1.0038495063781738,3.600782292778604e-05
2979.5240086169215,1.0035183429718018,3.6002096749143675e-05
2979.544440390826,1.0037366151809692,3.6016619560541585e-05
2979.5648719650853,1.003600001335144,3.598086550482549e-05
2979.5853036395783,1.003906011581421,3.598268813220784e-05
2979.6057354142977,1.0035641193389893,3.599385672714561e-05
2979.626166989372,1.00320565700531,3.5882585507351905e-05
2979.667030440447,1.0034481287002563,3.6037909012520686e-05
2979.6874621164534,1.0032837390899658,3.603699951781891e-05
2979.7078937926926,1.0033845901489258,3.5984183341497555e-05
2979.728325469274,1.0034254789352417,3.593959627323784e-05
2979.748757146095,1.0027984380722046,3.6037796235177666e-05
2979.7691888232657,1.0029748678207397,3.600220588850789e-05
2979.789620500662,1.002875804901123,3.597702016122639e-05
2979.8100521784145,1.0026322603225708,3.599651245167479e-05
2979.830483956517,1.0027143955230713,3.6031244235346094e-05
2979.850915534844,1.0029901266098022,3.597776230890304e-05
2979.8713472134114,1.0028278827667236,3.596554961404763e-05
2979.9326423510865,1.00351881980896,3.596572787500918e-05
2979.9530740309347,1.0033732652664185,3.5960318200523034e-05
2979.9735056110076,1.003154993057251,3.600522904889658e-05
2979.9939373914385,1.0029033422470093,3.592943539842963e-05
2980.014369072218,1.0023857355117798,3.596572423703037e-05
2980.034800653222,1.0021986961364746,3.598643161240034e-05
2980.0552324345845,1.0026426315307617,3.5977402149001136e-05
2980.075664116179,1.002282738685608,3.597327304305509e-05
2980.0960956981144,1.0020421743392944,3.5980930988444015e-05
2980.1165274802916,1.0021204948425293,3.5967423173133284e-05
2980.1369590628165,1.0016533136367798,3.595988528104499e-05
2980.1573908455684,1.0018339157104492,3.5994740755995736e-05
2980.177822528676,1.0016518831253052,3.603189907153137e-05
2980.1982541121324,1.0018173456192017,3.600907075451687e-05
2980.2186858958157,1.0014164447784424,3.602459037210792e-05
2980.239117579855,1.0015301704406738,3.5993190977023914e-05
2980.259549264243,1.0013561248779297,3.589059997466393e-05
2980.279980948857,1.0014327764511108,3.599066621973179e-05
2980.300412633711,1.0012056827545166,3.6047440516995266e-05
2980.3208443190306,1.0008769035339355,3.594478403101675e-05
2980.3412760044594,1.0014081001281738,3.600490890676156e-05
2980.361707690361,1.0015193223953247,3.601229764171876e-05
2980.4025711628565,1.0012327432632446,3.593730798456818e-05
2980.4230027496887,1.00165593624115,3.5996381484437734e-05
2980.443434536748,1.0010011196136475,3.598232433432713e-05
2980.463866224047,1.0008002519607544,3.595545786083676e-05
2980.484297811694,1.0005110502243042,3.604454832384363e-05
2980.504729599692,1.0004336833953857,3.5986999137094244e-05
2980.5251612879147,1.000826358795166,3.6012464988743886e-05
2980.545592876493,1.000482439994812,3.597843169700354e-05
2980.566024665415,1.000370979309082,3.601553908083588e-05
2980.606888144088,1.0001049041748047,3.602005745051429e-05
2980.647751423916,1.000012993812561,3.590170672396198e-05
2980.6681832143586,1.0001088380813599,3.593373185140081e-05
2980.6886148050253,0.9999474287033081,3.595323869376443e-05
2980.7090464960493,0.9998213648796082,3.603678123909049e-05
2980.7294782874233,0.9994822144508362,3.5981407563667744e-05
2980.7499098790286,0.9995120763778687,3.5986584407510236e-05
2980.7703415709766,0.9994868636131287,3.597683098632842e-05
2980.790773263281,0.999366283416748,3.6004148569190875e-05
2980.8112049558113,0.9996622204780579,3.596643000491895e-05
2980.8316367486987,0.9995149374008179,3.6054632801096886e-05
2980.8520683418174,0.9992995858192444,3.599741103244014e-05
2980.8929318290975,0.9993687868118286,3.605484016588889e-05
2980.9133635232647,0.9990729689598083,3.600330092012882e-05
2980.9337951176567,0.999106228351593,3.598385228542611e-05
2980.9542269124067,0.9990959167480469,3.594425288611092e-05
2980.974658607389,0.9988831281661987,3.593026485759765e-05
2980.9950902028286,0.9985523223876953,3.597689646994695e-05
2981.0155219983935,0.99903404712677,3.5955537896370515e-05
2981.0359536944234,0.9988940954208374,3.6001372791361064e-05
2981.0563854906795,0.9989494681358337,3.5975328501081094e-05
2981.0768170872907,0.9989611506462097,3.595719681470655e-05
2981.0972487841354,0.998846173286438,3.604015728342347e-05
2981.1381121788654,0.9978629946708679,3.5954573831986636e-05
2981.158543876758,0.997692883014679,3.600167838158086e-05
2981.1789756748767,0.9982401728630066,3.597768591134809e-05
2981.1994072733505,0.9983777403831482,3.600556738092564e-05
2981.2198389721743,0.9982703328132629,3.5994991776533425e-05
2981.2402707712245,0.9983071088790894,3.5953838960267603e-05
2981.2607023706296,0.9983959794044495,3.6027864553034306e-05
2981.281134170378,0.998032808303833,3.600791751523502e-05
2981.301565870366,0.9977246522903442,3.595913221943192e-05
2981.3219975707034,0.9974290132522583,3.6001783882966265e-05
2981.34242927139,0.9979092478752136,3.601772914407775e-05
2981.383292673687,0.9980825185775757,3.599232513806783e-05
2981.4037243752973,0.9976819157600403,3.60434059984982e-05
2981.4241560772643,0.9971569776535034,3.595554517232813e-05
2981.444587779464,0.997142493724823,3.598396870074794e-05
2981.4650194820133,0.9973554611206055,3.604755693231709e-05
2981.4854511849044,0.9972213506698608,3.599978663260117e-05
2981.505882888152,0.9970234632492065,3.601323260227218e-05
2981.526314591625,0.9974363446235657,3.596046008169651e-05
2981.546746295455,0.9974754452705383,3.595853195292875e-05
2981.5671780996345,0.9972702264785767,3.5914770705858245e-05
2981.5876097040455,0.9968619346618652,3.590112828533165e-05
2981.62847321391,0.9970977902412415,3.5999342799186707e-05
2981.6489048193616,0.9968730807304382,3.596853275666945e-05
2981.669336525054,0.9968951344490051,3.603727964218706e-05
2981.6897683310963,0.9968320727348328,3.591166387195699e-05
2981.7101999374863,0.9965064525604248,3.5990928154205903e-05
2981.73063174422,0.9966589212417603,3.6033732612850145e-05
2981.7510634511927,0.9970229864120483,3.595739690354094e-05
2981.771495058507,0.9971615672111511,3.602485594456084e-05
2981.791926866179,0.99687659740448,3.597588511183858e-05
2981.8123585741996,0.9966378211975098,3.5965422284789383e-05
2981.8327901824523,0.9967760443687439,3.600018681026995e-05
2981.8736537000004,0.9969512224197388,3.596213355194777e-05
2981.8940854092943,0.9969152808189392,3.602204014896415e-05
2981.9145171188284,0.9964176416397095,3.5897119232686237e-05
2981.9349488287116,0.9967742562294006,3.593247674871236e-05
2981.9553806389376,0.9966793060302734,3.592933717300184e-05
2981.9758122495186,0.9961370825767517,3.5970922908745706e-05
2981.9962439604496,0.9959142208099365,3.596148962969892e-05
2982.016675771607,0.9961110353469849,3.60260673915036e-05
2982.03710748312,0.9957894682884216,3.600093623390421e-05
2982.0575390949816,0.9959931373596191,3.603082222980447e-05
2982.0779709070703,0.9962636828422546,3.6003548302687705e-05
2982.118834232424,0.9965062737464905,3.594851295929402e-05
2982.1392660455604,0.9964249730110168,3.596367605496198e-05
2982.1596976589353,0.9964506030082703,3.599329284043051e-05
2982.1801294727775,0.9963904619216919,3.599676347221248e-05
2982.2005611868444,0.9963484406471252,3.6000783438794315e-05
2982.220992801267,0.9961106777191162,3.60003650712315e-05
2982.2414246160406,0.9958071112632751,3.5944754927186295e-05
2982.2618563311553,0.9957889914512634,3.604796438594349e-05
2982.2822879466257,0.9953678250312805,3.597550676204264e-05
2982.3027197623305,0.99568772315979,3.596964234020561e-05
2982.3231514783765,0.9956718683242798,3.602094147936441e-05
2982.364014911531,0.9969027638435364,3.591171116568148e-05
2982.384446628508,0.9966433048248291,3.5970922908745706e-05
2982.4048784458428,0.99676913022995,3.5964618291473016e-05
2982.4253100636415,0.9965893030166626,3.5898970963899046e-05
2982.4457417816666,0.9965094923973083,3.601015487220138e-05
2982.4661735999325,0.9963611364364624,3.603123332140967e-05
2982.4866052186626,0.9962289929389954,3.600913260015659e-05
2982.5070369377354,0.9963201284408569,3.601029311539605e-05
2982.527468757049,0.9959834218025208,3.599603587645106e-05
2982.547900476711,0.9956414103507996,3.601228672778234e-05
2982.5683320967146,0.9955957531929016,3.5968834708910435e-05
2982.588763917076,0.9959717392921448,3.6004912544740364e-05
2982.609195637662,0.9955187439918518,3.603388540796004e-05
2982.6296273587213,0.9957638382911682,3.6041288694832474e-05
2982.6500590800133,0.9956163167953491,3.6027264286531135e-05
2982.6704908016545,0.995847761631012,3.607894541346468e-05
2982.6909226236385,0.9959993958473206,3.6042889405507594e-05
2982.7113542459774,0.9960722327232361,3.602322976803407e-05
2982.731785968659,0.9961081147193909,3.605985330068506e-05
2982.7522177912324,0.9965342283248901,3.607988401199691e-05
2982.772649414619,0.9960611462593079,3.6026602174388245e-05
2982.7930811382394,0.9958788752555847,3.601347270887345e-05
2982.8135129622024,0.995841383934021,3.607664257287979e-05
2982.854376411182,0.9968155026435852,3.596046008169651e-05
2982.874808036082,0.9971736073493958,3.598301191232167e-05
2982.8952397614485,0.9969847202301025,3.607778489822522e-05
2982.9156715870413,0.996864914894104,3.5998618841404095e-05
2982.9361032131055,0.997039258480072,3.6045403248863295e-05
2982.9565349394034,0.9968536496162415,3.603138611651957e-05
2982.976966766044,0.9967093467712402,3.6075285606784746e-05
2982.9973983930395,0.9968818426132202,3.600218042265624e-05
2983.0178301202686,0.9965363144874573,3.604359153541736e-05
2983.038261947957,0.9964820146560669,3.6005032598041e-05
2983.058693576,0.9964647889137268,3.6064302548766136e-05
2983.0995571328967,0.9964293837547302,3.612297587096691e-05
2983.1199888619885,0.996428370475769,3.610294879763387e-05
2983.140420591313,0.9970058798789978,3.606324389693327e-05
2983.1608523209798,0.9972388744354248,3.605147503549233e-05
2983.1812840508865,0.996954083442688,3.609868872445077e-05
2983.2017158812596,0.9970080256462097,3.608229599194601e-05
2983.222147511973,0.9967130422592163,3.6095389077672735e-05
2983.2425792429276,0.9970590472221375,3.6102093872614205e-05
2983.2630110743485,0.9974329471588135,3.6118104617344216e-05
2983.2834427059934,0.9974791407585144,3.6027438909513876e-05
2983.6103505592037,0.9987881183624268,3.6139270378043875e-05
2983.6307822966774,0.9988505244255066,3.610596832004376e-05
2983.6512140346094,0.9986074566841125,3.6175148125039414e-05
2983.671645772665,0.9988072514533997,3.607983671827242e-05
2983.69207761118,0.9985157251358032,3.5962053516414016e-05
2983.8555314316764,0.9994614720344543,3.611559804994613e-05
2983.875963273218,0.9999498724937439,3.610207204474136e-05
2983.8963950151156,0.9995399713516235,3.614836896304041e-05
2983.9168268574795,0.9994597434997559,3.616394678829238e-05
2983.9372585000674,0.999289870262146,3.615116293076426e-05
2983.9576902430126,0.9993101358413696,3.6110486689722165e-05
2983.9781220864243,0.999950647354126,3.618148184614256e-05
2983.99855373006,1.0001798868179321,3.608432234614156e-05
2984.018985474053,1.000038981437683,3.609909981605597e-05
2984.039417318396,0.9996926188468933,3.5917371860705316e-05
2984.0802807082364,1.0005946159362793,3.611738429754041e-05
2984.100712553627,1.0005295276641846,3.6194109270581976e-05
2984.1211441993582,1.000457525253296,3.6125511542195454e-05
2984.1415760454474,1.0002931356430054,3.609852501540445e-05
2984.1620077920015,1.0003184080123901,3.616323010646738e-05
2984.182439538781,1.000485897064209,3.622793883550912e-05
2984.2028712859174,1.0007025003433228,3.619595372583717e-05
2984.223302933402,1.0002814531326294,3.617602851591073e-05
2984.2437346812294,1.000473141670227,3.614257730077952e-05
2984.264166529414,1.0008283853530884,3.614122397266328e-05
