time,flux,flux_err
1977.3643799690326,1.0010969638824463,8.349095151061192e-05
1977.3848121487608,1.0010807514190674,8.347145194420591e-05
1977.4052443280307,1.0013197660446167,8.346315007656813e-05
1977.4256765068349,1.0013062953948975,8.343164518009871e-05
1977.4461087851669,1.0013097524642944,8.342529326910153e-05
1977.466540863039,1.0012272596359253,8.345730020664632e-05
1977.486973140447,1.0007678270339966,8.346686081495136e-05
1977.5074053173812,1.0003960132598877,8.345545211341232e-05
1977.527837394322,1.0006542205810547,8.345240348717198e-05
1977.548269670333,1.0007219314575195,8.343780064024031e-05
1977.5687018458702,1.000942587852478,8.343766967300326e-05
1977.589133921414,1.0007562637329102,8.341710781678557e-05
1977.609566196028,1.000514030456543,8.340935892192647e-05
1977.629998370634,1.0015182495117188,8.335024904226884e-05
1977.6504304443151,1.001001000404358,8.338360930792987e-05
1977.6708627179978,1.000610113143921,8.337083272635937e-05
1977.6912948912068,1.0012130737304688,8.33848534966819e-05
1977.7117269639566,1.0010660886764526,8.337206963915378e-05
1977.7321592357766,1.0008105039596558,8.33943413454108e-05
1977.7525914075886,1.0008426904678345,8.335400343639776e-05
1977.7730234789415,1.0010056495666504,8.335226448252797e-05
1977.7934557498302,1.001161813735962,8.334172161994502e-05
1977.8138879202452,1.0011039972305298,8.33310914458707e-05
1977.8343200902018,1.001755952835083,8.32940568216145e-05
1977.8547522596928,1.0013835430145264,8.329890260938555e-05
1977.8751844287108,1.0018622875213623,8.330272976309061e-05
1977.8956165972704,1.0012773275375366,8.330737910000607e-05
1977.9160487653644,1.0015472173690796,8.330808486789465e-05
1977.936480933451,1.0015852451324463,8.332543075084686e-05
1977.9569132006145,1.0011532306671143,8.338415500475094e-05
1977.9773452673107,1.001549482345581,8.329057891387492e-05
1977.9977774340005,1.0019055604934692,8.32684600027278e-05
1978.0182096997669,1.0016371011734009,8.326231909450144e-05
1978.0386417655318,1.0017080307006836,8.328096009790897e-05
1978.0590739303589,1.0017787218093872,8.321976201841608e-05
1978.079506195194,1.002640724182129,8.31099459901452e-05
1978.099938259562,1.0021777153015137,8.314593287650496e-05
1978.1203704234576,1.0023208856582642,8.319062908412889e-05
1978.14080268643,1.0022761821746826,8.316001913044602e-05
1978.161234749401,1.002446174621582,8.312767749885097e-05
1978.1816669118998,1.002967119216919,8.307629468617961e-05
1978.202099173941,1.0029160976409912,8.299712499137968e-05
1978.222531235515,1.0036007165908813,8.291658741654828e-05
1978.2429634966174,1.003467321395874,8.287534728879109e-05
1978.2633956572608,1.0037453174591064,8.280084148282185e-05
1978.283827817897,1.0037524700164795,8.273421553894877e-05
1978.304259977609,1.004082441329956,8.266315853688866e-05
1978.3246921368554,1.0039819478988647,8.265793439932168e-05
1978.3451242961019,1.0043727159500122,8.251481631305069e-05
1978.3655564544097,1.0042325258255005,8.244296623161063e-05
1978.3859886127248,1.0042110681533813,8.240537863457575e-05
1978.4064207701012,1.0043857097625732,8.225636702263728e-05
1978.426852927485,1.0046412944793701,8.215612615458667e-05
1978.4472850844031,1.004852056503296,8.202664321288466e-05
1978.46771724039,1.004851222038269,8.199615695048124e-05
1978.4881493963694,1.0045095682144165,8.190354856196791e-05
1978.5085815518905,1.0044938325881958,8.184841135516763e-05
1978.5290136069452,1.0045053958892822,8.178527787094936e-05
1978.5698780156526,1.002644419670105,8.378374332096428e-05
1978.5903100693104,1.0028198957443237,8.377563790418208e-05
1978.6107423229623,1.0032482147216797,8.374440221814439e-05
1978.6311744756895,1.0032416582107544,8.374527533305809e-05
1978.6516067279445,1.0031843185424805,8.37608240544796e-05
1978.6720387802052,1.0028367042541504,8.378877100767568e-05
1978.6924709315354,1.0028986930847168,8.377384801860899e-05
1978.712903182859,1.0029207468032837,8.377093763556331e-05
1978.733335233257,1.0024752616882324,8.379090286325663e-05
1978.753767383656,1.0028231143951416,8.376160258194432e-05
1978.7741996335826,1.0028504133224487,8.37750849314034e-05
1978.7946317825845,1.0021764039993286,8.379645441891626e-05
1978.8150638315856,1.0023080110549927,8.380819781450555e-05
1978.8354960801153,1.0022526979446411,8.380720828427002e-05
1978.8559282281858,1.0014954805374146,8.377664198633283e-05
1978.87636027579,1.0016330480575562,8.378643542528152e-05
1978.9172246700618,1.0018033981323242,8.377725316677243e-05
1978.937656716269,1.0021580457687378,8.374497701879591e-05
1978.9580889620047,1.0017906427383423,8.374782191822305e-05
1978.978521107747,1.0015308856964111,8.376500773010775e-05
1978.998953152557,1.0014358758926392,8.376323967240751e-05
1979.0193853973615,1.001591682434082,8.3789142081514e-05
1979.06024958512,1.0007606744766235,8.375731704290956e-05
1979.0806818285273,1.0011459589004517,8.37370753288269e-05
1979.1011139714756,1.0009880065917969,8.375635661650449e-05
1979.121546213959,1.000794768333435,8.375875040655956e-05
1979.1419782559678,1.0005910396575928,8.377471385756508e-05
1979.1624103975191,1.0012316703796387,8.375042671104893e-05
1979.1828425386047,1.0009034872055054,8.377008634852245e-05
1979.203274679683,1.0005638599395752,8.37671832414344e-05
1979.2237068198374,1.000980257987976,8.375450124731287e-05
1979.244138959526,1.0016531944274902,8.376212645089254e-05
1979.2645710992074,1.0014983415603638,8.376033656531945e-05
1979.2850032379647,1.0018504858016968,8.376556070288643e-05
1979.305435376722,1.0016915798187256,8.376094774575904e-05
1979.3258675150064,1.0019629001617432,8.374544995604083e-05
1979.3462996523667,1.0014973878860474,8.37743136798963e-05
1979.3667318897278,1.0011427402496338,8.377947233384475e-05
1979.3871639266144,1.001290202140808,8.377741323783994e-05
1979.4075960630435,1.0010987520217896,8.377053745789453e-05
1979.4280282990076,1.0013145208358765,8.378356869798154e-05
1979.4484603349629,1.0012192726135254,8.377899939659983e-05
1979.468892469995,1.0009347200393677,8.377237099921331e-05
1979.4893247045547,1.0015136003494263,8.375910692848265e-05
1979.5097567391203,1.0012116432189941,8.373634773306549e-05
1979.5301888727554,1.0010443925857544,8.376673213206232e-05
1979.5506211063912,1.0011513233184814,8.376694313483313e-05
1979.5710531390869,1.000449299812317,8.377741323783994e-05
1979.5914853717914,1.0002877712249756,8.376323967240751e-05
1979.6119175040221,1.000801920890808,8.376156620215625e-05
1979.6323496357945,1.0007816553115845,8.376475307159126e-05
1979.6527817671013,1.0009658336639404,8.375820470973849e-05
1979.6732138979423,1.0016732215881348,8.374609751626849e-05
1979.6936460283105,1.0015114545822144,8.375739707844332e-05
1979.7140781586859,1.0015822649002075,8.376962068723515e-05
1979.7345102881227,1.0009931325912476,8.374366734642535e-05
1979.7549424171011,1.0015246868133545,8.375429752049968e-05
1979.7753745460795,1.0017300844192505,8.378595521207899e-05
1979.7958066741267,1.0013108253479004,8.379166683880612e-05
1979.8162388021665,1.001551866531372,8.378404163522646e-05
1979.8366710297487,1.0016239881515503,8.377926860703155e-05
1979.8571030568564,1.0011965036392212,8.381080988328904e-05
1979.8775351835066,1.0015586614608765,8.379656355828047e-05
1979.897967309691,1.0026642084121704,8.374320168513805e-05
1979.9183994354098,1.0021384954452515,8.377608173759654e-05
1979.9388315606557,1.0019868612289429,8.378900383831933e-05
1979.9592636854431,1.002125859260559,8.377469202969223e-05
1979.9796958102233,1.0020390748977661,8.381517545785755e-05
1980.0001279340795,1.0020983219146729,8.380562940146774e-05
1980.0205600579357,1.0018723011016846,8.381275256397203e-05
1980.0409921813261,1.0028129816055298,8.380354120163247e-05
1980.0614244037788,1.0027737617492676,8.383816748391837e-05
1980.0818564262372,1.0024745464324951,8.381454972550273e-05
1980.1022885482234,1.002919316291809,8.381023508263752e-05
1980.122720769752,1.002666711807251,8.380599319934845e-05
1980.1431527908135,1.002612590789795,8.382213127333671e-05
1980.1635849118757,1.0021880865097046,8.381348743569106e-05
1980.184017132,1.0024667978286743,8.381163934245706e-05
1980.2044492516652,1.0029308795928955,8.384278044104576e-05
1980.2248812713224,1.0023733377456665,8.382277883356437e-05
1980.245313490057,1.0027711391448975,8.378814527532086e-05
1980.265745608791,1.0030333995819092,8.377186895813793e-05
1980.2861776270584,1.0025880336761475,8.381687075598165e-05
1980.3066098448544,1.0029655694961548,8.383364183828235e-05
1980.3270419621913,1.002834439277649,8.380939834751189e-05
1980.3474739790545,1.0027782917022705,8.381228690268472e-05
1980.3679061954608,1.0027207136154175,8.382210216950625e-05
1980.3883383114007,1.0030148029327393,8.381124644074589e-05
1980.4087703273399,1.0038832426071167,8.37539992062375e-05
1980.429202542342,1.0039148330688477,8.378252823604271e-05
1980.4496346573505,1.0041745901107788,8.379922655876726e-05
1980.4700667714205,1.0036507844924927,8.380441431654617e-05
1980.4904988854978,1.0034027099609375,8.379717473872006e-05
1980.5109309991094,1.003937005996704,8.381408406421542e-05
1980.5313632122488,1.003413200378418,8.382580563193187e-05
1980.5517952249284,1.0036677122116089,8.380951476283371e-05
1980.572227337143,1.003709077835083,8.38160704006441e-05
1980.592659549351,1.003710389137268,8.377865742659196e-05
1980.6130915606336,1.0037968158721924,8.377686026506126e-05
1980.6335236714513,1.0033929347991943,8.378474012715742e-05
1980.6539558822624,1.0038986206054688,8.38152554933913e-05
1980.6743878926136,1.0037379264831543,8.380406507058069e-05
1980.6948200020342,1.0040185451507568,8.38002233649604e-05
1980.7152522114484,1.0042043924331665,8.376802725251764e-05
1980.7356842204026,1.0039876699447632,8.379424980375916e-05
1980.756116328892,1.004199504852295,8.37443076306954e-05
1980.7765485373748,1.003843069076538,8.381152292713523e-05
1980.796980544932,1.004386305809021,8.376417827093974e-05
1980.8174126520244,1.0038354396820068,8.378706115763634e-05
1980.8378448591102,1.0040138959884644,8.377515041502193e-05
1980.8582768652705,1.004732370376587,8.370939031010494e-05
1980.8787089714315,1.004559874534607,8.370941941393539e-05
1980.8991411771203,1.0044559240341187,8.372145384782925e-05
1980.9195731823493,1.004664421081543,8.370140130864456e-05
1980.9400052871133,1.004955768585205,8.369375427719206e-05
1980.9604374914052,1.0045331716537476,8.372058800887316e-05
1980.9808694952371,1.0048364400863647,8.369098213734105e-05
1981.0217338019647,1.0032306909561157,8.377895574085414e-05
1981.0421659048661,1.0037716627120972,8.380498184124008e-05
1981.0625980068362,1.0038145780563354,8.379249629797414e-05
1981.083030108799,1.0034035444259644,8.379717473872006e-05
1981.1034622103034,1.0034737586975098,8.382440137211233e-05
1981.1238943113422,1.0036118030548096,8.382635860471055e-05
1981.144326411908,1.0034797191619873,8.383247768506408e-05
1981.164758512481,1.003533959388733,8.381464431295171e-05
1981.1851907121163,1.0038102865219116,8.382387750316411e-05
1981.2056227112917,1.0039836168289185,8.37911939015612e-05
1981.2260548104678,1.0041874647140503,8.380653889616951e-05
1981.246487009179,1.0042415857315063,8.38137639220804e-05
1981.2669190074157,1.0040969848632812,8.380088547710329e-05
1981.2873511051948,1.0039751529693604,8.379440987482667e-05
1981.3077833025018,1.004082202911377,8.379585779039189e-05
1981.3282152993488,1.0039150714874268,8.379946666536853e-05
1981.348647395731,1.0042873620986938,8.376227197004482e-05
1981.3690795916482,1.0046250820159912,8.374315075343475e-05
1981.3895115875566,1.0044928789138794,8.376397454412654e-05
1981.4099436830074,1.0049749612808228,8.373670425498858e-05
1981.430375777527,1.0050115585327148,8.373044693144038e-05
1981.4508078720391,1.0051571130752563,8.365783287445083e-05
1981.4712400660937,1.0050464868545532,8.368865383090451e-05
1981.512104153262,1.0015801191329956,8.340305794263259e-05
1981.5938326220203,1.001377820968628,8.347971743205562e-05
1981.6142647128072,1.0012779235839844,8.346628601429984e-05
1981.6346967036006,1.0014266967773438,8.345327660208568e-05
1981.65512889393,1.0012619495391846,8.350614371011034e-05
1981.6755609842512,1.0015496015548706,8.349978452315554e-05
1981.6959929736477,1.001274585723877,8.350179996341467e-05
1981.71642516258,1.000898838043213,8.349239942617714e-05
1981.7368572515043,1.0008362531661987,8.352103759534657e-05
1981.7572892399694,1.0012279748916626,8.346957474714145e-05
1981.7777214275047,1.0011950731277466,8.35144892334938e-05
1981.798153515032,1.0010511875152588,8.350497955689207e-05
1981.8185855021002,1.0010027885437012,8.35154642118141e-05
1981.8390176887042,1.000763177871704,8.355604950338602e-05
1981.8594497753002,1.0009489059448242,8.356961188837886e-05
1981.879881860972,1.0010004043579102,8.355944009963423e-05
1981.900313946644,1.0007085800170898,8.35957980598323e-05
1981.9207460313773,1.0006829500198364,8.361006621271372e-05
1981.9411782161187,1.000639796257019,8.361318032257259e-05
1981.961610200393,1.0012540817260742,8.36402177810669e-05
1981.982042284195,1.0003496408462524,8.36386825540103e-05
1982.0024744675393,1.0007737874984741,8.364325185539201e-05
1982.0229065504172,1.0004979372024536,8.368542330572382e-05
1982.0433385332872,1.00043523311615,8.369257557205856e-05
1982.0637707152346,1.0004018545150757,8.367991540580988e-05
1982.0842027971812,1.000757098197937,8.3716913650278e-05
1982.1046347786541,1.0011318922042847,8.370856812689453e-05
1982.1250669596702,1.0013110637664795,8.376061305170879e-05
1982.145498940219,1.0011063814163208,8.376021287404001e-05
1982.1659310202958,1.0013210773468018,8.378587517654523e-05
1982.186363199915,1.0014899969100952,8.379609789699316e-05
1982.2067951795325,1.0011305809020996,8.380512008443475e-05
1982.2272272582122,1.0014278888702393,8.378875645576045e-05
1982.2476594369,1.0013461112976074,8.38066334836185e-05
1982.2680914151206,1.001595139503479,8.381432417081669e-05
1982.288523492869,1.0020984411239624,8.383761451113969e-05
1982.3089556701598,1.0019395351409912,8.386745321331546e-05
1982.3293876469834,1.0018904209136963,8.385509863728657e-05
1982.3498197238005,1.0021545886993408,8.383153181057423e-05
1982.3702518996943,1.002515435218811,8.385372348129749e-05
1982.3906839755873,1.0028162002563477,8.386233821511269e-05
1982.4111160510074,1.0025237798690796,8.384853572351858e-05
1982.4315481259691,1.0023421049118042,8.383543899981305e-05
1982.4519802004652,1.0025302171707153,8.385494584217668e-05
1982.4724122744883,1.0026801824569702,8.385582623304799e-05
1982.492844348053,1.0019835233688354,8.385780529351905e-05
1982.5132764216178,1.0024431943893433,8.386353147216141e-05
1982.5337085942447,1.0021445751190186,8.386365516344085e-05
1982.5541405668773,1.002323031425476,8.386207628063858e-05
1982.574572639045,1.0025326013565063,8.383897511521354e-05
1982.5950048107406,1.002085566520691,8.386930130654946e-05
1982.6154367819763,1.0026859045028687,8.38670166558586e-05
1982.635868852747,1.0022733211517334,8.388220157939941e-05
1982.6563010235113,1.0024161338806152,8.387167326873168e-05
1982.67673299335,1.0023707151412964,8.388728019781411e-05
1982.6971650631895,1.0024396181106567,8.385534601984546e-05
1982.7175972325567,1.0022979974746704,8.387774869333953e-05
1982.738029201464,1.002508282661438,8.387256093556061e-05
1982.7584612699065,1.002618670463562,8.386094123125076e-05
1982.7788934378768,1.002722144126892,8.387424168176949e-05
1982.7993254058529,1.002910852432251,8.386558329220861e-05
1982.8197574728983,1.0030603408813477,8.389250433538109e-05
1982.8401896399373,1.003104329109192,8.388147398363799e-05
1982.8606217065171,1.0026509761810303,8.387744310311973e-05
1982.881053772624,1.0028181076049805,8.387336129089817e-05
1982.9014858382725,1.003926396369934,8.386692934436724e-05
1982.9219178034546,1.0034594535827637,8.387470006709918e-05
1982.9423499686382,1.0037367343902588,8.385074033867568e-05
1982.9832139971331,1.0044695138931274,8.385899127461016e-05
1983.0036461609125,1.004315733909607,8.388379501411691e-05
1983.0240782242327,1.004502534866333,8.386647823499516e-05
1983.0445101870864,1.0044775009155273,8.385920955333859e-05
1983.064942349476,1.0036884546279907,8.387373964069411e-05
1983.0853744118576,1.004560112953186,8.385529508814216e-05
1983.1058063733144,1.0046703815460205,8.38601408759132e-05
1983.1262385347654,1.0046440362930298,8.384417014895007e-05
1983.1466705957573,1.0051156282424927,8.383630483876914e-05
1983.1671025562828,1.0051310062408447,8.385960973100737e-05
1983.187534716344,1.0050978660583496,8.383893145946786e-05
1983.2079667763974,1.0051159858703613,8.382258238270879e-05
1983.2283988355266,1.0050382614135742,8.380297367693856e-05
1983.2488308946486,1.0050123929977417,8.382334635825828e-05
1983.2692629533121,1.0053870677947998,8.379097562283278e-05
1983.28969501151,1.0054715871810913,8.37812913232483e-05
1983.3101270692423,1.0055168867111206,8.377629274036735e-05
1983.3305591265016,1.0055524110794067,8.377090125577524e-05
1983.3509912833033,1.0058069229125977,8.376654295716435e-05
1983.371423340097,1.0061811208724976,8.378135680686682e-05
1983.3918552964315,1.0059927701950073,8.376484765904024e-05
1983.4122874518362,1.0060985088348389,8.375041943509132e-05
1983.4327195072328,1.005793809890747,8.369482384296134e-05
1983.4735836171094,1.0015854835510254,8.367296686628833e-05
1983.494015671109,1.0007154941558838,8.372109004994854e-05
1983.5144476251153,1.0019819736480713,8.374622848350555e-05
1983.5348797786573,1.001876950263977,8.374651952181011e-05
1983.5553118317257,1.001072883605957,8.37921688798815e-05
1983.575743784335,1.001971960067749,8.381933002965525e-05
1983.59617593648,1.001956820487976,8.381872612517327e-05
1983.616607988617,1.0013877153396606,8.381430961890146e-05
1983.6370399398293,1.0016887187957764,8.384026295971125e-05
1983.657472091043,1.0014828443527222,8.38236665003933e-05
1983.6779040417896,1.002091407775879,8.381795487366617e-05
1983.6983361920647,1.0022838115692139,8.382169471587986e-05
1983.7187682418808,1.002611756324768,8.38514170027338e-05
1983.7392001916887,1.002098560333252,8.385755791096017e-05
1983.7596322405734,1.0026068687438965,8.390258153667673e-05
1983.7800643894589,1.0030622482299805,8.389580762013793e-05
1983.8004964378706,1.0027292966842651,8.388607238885015e-05
1983.820928485824,1.0029057264328003,8.388909191126004e-05
1983.8413605333117,1.0029938220977783,8.387005073018372e-05
1983.8617925803264,1.0038912296295166,8.388678543269634e-05
1983.8822247273492,1.003308892250061,8.387710840906948e-05
1983.9026566739049,1.003954529762268,8.388121932512149e-05
1983.9230887195226,1.0040581226348877,8.391494338866323e-05
1983.9435208651485,1.004371166229248,8.389160211663693e-05
1983.9639528107728,1.0040385723114014,8.390573930228129e-05
1983.9843848554592,1.0052584409713745,8.388697460759431e-05
1984.004816999688,1.0055550336837769,8.387143316213042e-05
1984.0252489439154,1.0055228471755981,8.386919944314286e-05
1984.0456809876705,1.0056214332580566,8.386400440940633e-05
1984.066113130968,1.005789041519165,8.384322427446023e-05
1984.0865450737983,1.0055794715881348,8.382194937439635e-05
1984.1069771161565,1.0056861639022827,8.381313818972558e-05
1984.1274092585227,1.0054832696914673,8.383655222132802e-05
1984.1478412004217,1.0061651468276978,8.378114580409601e-05
1984.1682732413828,1.0059884786605835,8.382098894799128e-05
1984.188705382352,1.0059717893600464,8.380375220440328e-05
1984.2091374233132,1.0061798095703125,8.378738129977137e-05
1984.2295693633496,1.0062254667282104,8.376951882382855e-05
1984.2500015029218,1.006134033203125,8.378045458812267e-05
1984.2704335424933,1.0068358182907104,8.372784941457212e-05
1984.2908655815918,1.0067185163497925,8.370979776373133e-05
1984.311297620232,1.0072795152664185,8.372330921702087e-05
1984.3317296583991,1.006584644317627,8.364859240828082e-05
1984.3521617961087,1.0066512823104858,8.359643106814474e-05
1984.3725937338168,1.006338119506836,8.357186743523926e-05
1984.3930256710591,1.0062329769134521,8.352052827831358e-05
1984.4134578078301,1.0065064430236816,8.343397348653525e-05
1984.4543217799874,1.0021672248840332,8.382688974961638e-05
1984.4747539153614,1.0022419691085815,8.384545071749017e-05
1984.4951859507419,1.0024868249893188,8.387648267671466e-05
1984.515617885656,1.0028108358383179,8.388191054109484e-05
1984.5360500200986,1.0031489133834839,8.390739822061732e-05
1984.5564820540822,1.0034410953521729,8.390531002078205e-05
1984.5769139875993,1.0041406154632568,8.39168278616853e-05
1984.597346120645,1.0042651891708374,8.391613664571196e-05
1984.6177781536971,1.0044431686401367,8.393348252866417e-05
1984.6382101862837,1.0048788785934448,8.390859147766605e-05
1984.6586422183973,1.0052577257156372,8.391548180952668e-05
1984.6790742500525,1.0053423643112183,8.38848136481829e-05
1984.6995062812348,1.005670189857483,8.388025889871642e-05
1984.719938412425,1.0059244632720947,8.38463383843191e-05
1984.7403703431482,1.0061326026916504,8.38201231090352e-05
1984.7608024729343,1.00623619556427,8.381900261156261e-05
1984.7812345031925,1.0067256689071655,8.376866753678769e-05
1984.8016664325187,1.0066874027252197,8.374745812034234e-05
1984.8220985613734,1.0068951845169067,8.371013245778158e-05
1984.8425305902347,1.0069241523742676,8.368396811420098e-05
1984.8629625186295,1.006638765335083,8.362392691196874e-05
1984.883394646553,1.0067870616912842,8.361252548638731e-05
1984.9038266740172,1.006621241569519,8.353865996468812e-05
1984.9651227540744,1.0015606880187988,8.376694313483313e-05
1984.985554680141,1.0014749765396118,8.377391350222751e-05
1985.005986805736,1.0020354986190796,8.381755469599739e-05
1985.026418830872,1.0021005868911743,8.38554697111249e-05
1985.046850856008,1.0023221969604492,8.385040564462543e-05
1985.067282880671,1.0023438930511475,8.386647823499516e-05
1985.08771490441,1.0028717517852783,8.388808055315167e-05
1985.108146928149,1.0026301145553589,8.38990235934034e-05
1985.1285789518806,1.0035361051559448,8.389719005208462e-05
1985.1490109746883,1.0026934146881104,8.38987180031836e-05
1985.1694428970295,1.0035972595214844,8.389797585550696e-05
1985.189875019365,1.0039607286453247,8.39246713439934e-05
1985.2103070412413,1.0045454502105713,8.39150307001546e-05
1985.2307391626528,1.0052286386489868,8.390103903366253e-05
1985.2511710840554,1.0051785707473755,8.390303264604881e-05
1985.2716031045347,1.005951166152954,8.391167648369446e-05
1985.2920352250148,1.0054957866668701,8.388270362047479e-05
1985.3124671450205,1.005795955657959,8.386118133785203e-05
1985.3328991645685,1.0060065984725952,8.383918611798435e-05
1985.3533312836516,1.0059821605682373,8.380455983569846e-05
1985.3737632022603,1.0065354108810425,8.380849612876773e-05
1985.394195220877,1.006526231765747,8.381439693039283e-05
1985.4350592567062,1.001869559288025,8.378013444598764e-05
1985.4554912739259,1.0019954442977905,8.381914085475728e-05
1985.4759233911464,1.0023022890090942,8.38190971990116e-05
1985.4963553074267,1.0020931959152222,8.388144487980753e-05
1985.516787323715,1.0025697946548462,8.387754496652633e-05
1985.5372194395386,1.0025485754013062,8.388209971599281e-05
1985.5576514548884,1.0034613609313965,8.386449189856648e-05
1985.5780833702447,1.0034044981002808,8.391300798393786e-05
1985.5985154846712,1.003261685371399,8.39042040752247e-05
1985.6189474990897,1.0036355257034302,8.390772563870996e-05
1985.639379413049,1.0040326118469238,8.393142343265936e-05
1985.6598115265442,1.0042310953140259,8.396256453124806e-05
1985.6802435395657,1.003738522529602,8.391209848923609e-05
1985.7006756525952,1.0046420097351074,8.392464224016294e-05
1985.7211075651576,1.0049388408660889,8.393656025873497e-05
1985.7415395772477,1.0047430992126465,8.396666089538485e-05
1985.7619716888803,1.0053677558898926,8.391665323870257e-05
1985.7824036000457,1.0052425861358643,8.393665484618396e-05
1985.8028356112045,1.005651831626892,8.389542199438438e-05
1985.8232677219057,1.0055372714996338,8.391037408728153e-05
1985.8436996321398,1.006595492362976,8.388401329284534e-05
1985.8641316419016,1.0063388347625732,8.385660476051271e-05
1985.884563651205,1.0071011781692505,8.38202831801027e-05
1985.9254276688735,1.0029757022857666,8.366847032448277e-05
1985.9458596772456,1.0030152797698975,8.372605225304142e-05
1985.9662916856178,1.0019655227661133,8.377102494705468e-05
1985.9867236930513,1.002503514289856,8.38133055367507e-05
1986.0071557000265,1.0024160146713257,8.385337423533201e-05
1986.0275877070017,1.0025522708892822,8.387591515202075e-05
1986.048019713504,1.0026615858078003,8.387318666791543e-05
1986.0684518195485,1.002993106842041,8.39145650388673e-05
1986.0888837255916,1.0034737586975098,8.391622395720333e-05
1986.1093157306968,1.0036358833312988,8.393223106395453e-05
1986.1297478358101,1.0045053958892822,8.39337517390959e-05
1986.150179740449,1.0042648315429688,8.39291387819685e-05
1986.170611844631,1.004265308380127,8.39435524540022e-05
1986.1910438488121,1.0048377513885498,8.394700125791132e-05
1986.211475752527,1.0045093297958374,8.39532440295443e-05
1986.2319078553046,1.0047663450241089,8.393327880185097e-05
1986.2523398580888,1.005570411682129,8.392476593144238e-05
1986.272771760865,1.0062092542648315,8.392777090193704e-05
1986.2932038627187,1.0060806274414062,8.39110798551701e-05
1986.3136358645716,1.0066252946853638,8.386945410165936e-05
1986.334067765958,1.0064648389816284,8.386381523450837e-05
1986.354499866873,1.0067144632339478,8.386092667933553e-05
1986.374931867329,1.0067800283432007,8.381906809518114e-05
1986.3953638677776,1.0069587230682373,8.379925566259772e-05
1986.4157958673022,1.0072171688079834,8.375776087632403e-05
1986.4362278668268,1.0073723793029785,8.373425953323022e-05
1986.4566598658785,1.0070855617523193,8.366793190361932e-05
1986.4770918649374,1.0073843002319336,8.358660852536559e-05
1986.497523863065,1.007006049156189,8.353197335964069e-05
1986.5792518532326,1.005260705947876,8.309001714223996e-05
1986.5996838499632,1.0046316385269165,8.286799857160076e-05
1986.6201158457625,1.0037425756454468,8.25923343654722e-05
1986.6609798373538,1.0040534734725952,8.394139149459079e-05
1986.6814118322218,1.0042569637298584,8.394705946557224e-05
1986.7018439270832,1.0047204494476318,8.394919859711081e-05
1986.7222758214848,1.005176305770874,8.396089833695441e-05
1986.7427078154215,1.0053918361663818,8.392878226004541e-05
1986.7631399093516,1.0058029890060425,8.394192263949662e-05
1986.7835718023562,1.0061780214309692,8.392170275328681e-05
1986.8040037953615,1.006557583808899,8.38829655549489e-05
1986.8244358878947,1.006921410560608,8.3863727923017e-05
1986.844867779968,1.0068295001983643,8.38337728055194e-05
1986.865299772042,1.007196068763733,8.378383790841326e-05
1986.9061638543208,1.0064654350280762,8.391003211727366e-05
1986.9265957454627,1.0068631172180176,8.386695844819769e-05
1986.9470278356675,1.006138801574707,8.387754496652633e-05
1986.967459825879,1.0071191787719727,8.386068657273427e-05
1986.9878917151582,1.0071053504943848,8.383548265555874e-05
1987.0083238044317,1.0073570013046265,8.378388884011656e-05
1987.0287557937118,1.0070463418960571,8.375847392017022e-05
1987.0491876820597,1.0071890354156494,8.372155571123585e-05
1987.069619770402,1.0075640678405762,8.371108560822904e-05
1987.090051758285,1.0073124170303345,8.369224815396592e-05
1987.1104838456959,1.0075196027755737,8.361388609046116e-05
1987.1513477195986,1.0026278495788574,8.388109563384205e-05
1987.1717798060854,1.0032919645309448,8.390285802306607e-05
1987.1922116920978,1.003629446029663,8.391043229494244e-05
1987.2126436776525,1.004111409187317,8.392275776714087e-05
1987.2330757632008,1.003502607345581,8.391429582843557e-05
1987.2535076478234,1.0041539669036865,8.393089228775352e-05
1987.2739396324469,1.0043721199035645,8.395515760639682e-05
1987.294371717071,1.004489541053772,8.396666089538485e-05
1987.314803600755,1.0047354698181152,8.397482451982796e-05
1987.3352355844472,1.0064440965652466,8.395020995521918e-05
1987.3556676676671,1.0060811042785645,8.393182361032814e-05
1987.3760995504272,1.006148338317871,8.392317249672487e-05
1987.3965315327223,1.0065312385559082,8.389497816096991e-05
1987.4169635150174,1.0063709020614624,8.390942093683407e-05
1987.437395496374,1.0069974660873413,8.384201646549627e-05
1987.4578274777377,1.0073591470718384,8.382747182622552e-05
1987.478259559095,1.007564663887024,8.381784573430195e-05
1987.4986914395267,1.0075994729995728,8.380389044759795e-05
1987.51912351996,1.007838487625122,8.37333282106556e-05
1987.5395554999268,1.0075504779815674,8.371548756258562e-05
1987.55998737942,1.0076545476913452,8.365901885554194e-05
1987.5804194589218,1.0075732469558716,8.361576328752562e-05
1987.6008514374844,1.007148027420044,8.351819269591942e-05
1987.6417153941584,1.0041532516479492,8.392897871090099e-05
1987.6621473722626,1.0042383670806885,8.394925680477172e-05
1987.6825792494274,1.004456877708435,8.395579061470926e-05
1987.703011326601,1.0047521591186523,8.39648928376846e-05
1987.7234433033009,1.005332589149475,8.395175245823339e-05
1987.743875280008,1.0053730010986328,8.395613986067474e-05
1987.764307255784,1.00601065158844,8.391170558752492e-05
1987.7847392315598,1.0067896842956543,8.392873860429972e-05
1987.8051712068627,1.0070360898971558,8.38946143630892e-05
1987.8256031817073,1.0071053504943848,8.389951108256355e-05
1987.8460351565445,1.0074266195297241,8.383698877878487e-05
1987.8868991048366,1.003318190574646,8.369262650376186e-05
1987.9073310782842,1.003154993057251,8.369790157303214e-05
1987.9277630512588,1.0028754472732544,8.377705671591684e-05
1987.9481951242415,1.0023643970489502,8.382310625165701e-05
1987.9686269967497,1.0025221109390259,8.384617103729397e-05
1987.989059068801,1.0023380517959595,8.386843546759337e-05
1988.0094910408516,1.0031085014343262,8.389395952690393e-05
1988.02992291197,1.003598928451538,8.39236454339698e-05
1988.0503549830828,1.0036256313323975,8.394831093028188e-05
1988.0707869537364,1.0042766332626343,8.394876203965396e-05
1988.091218824382,1.0041141510009766,8.394429460167885e-05
1988.1116508945706,1.0050976276397705,8.397178316954523e-05
1988.1320827642921,1.0048178434371948,8.392919698962942e-05
1988.1525147335487,1.0058599710464478,8.396551857003942e-05
1988.1729468023332,1.0065300464630127,8.396968769375235e-05
1988.1933786711234,1.006650447845459,8.394255564780906e-05
1988.2138106394414,1.0066810846328735,8.388677088078111e-05
1988.2342427073017,1.0069659948349,8.38297200971283e-05
1988.254674574695,1.0074255466461182,8.381149382330477e-05
1988.2751065420816,1.007251262664795,8.375797187909484e-05
1988.2955386090107,1.007450819015503,8.369399438379332e-05
1988.3159705754733,1.0072838068008423,8.364380482817069e-05
1988.3364024414623,1.0074669122695923,8.35579849081114e-05
1988.3772664729913,1.0030417442321777,8.39023050502874e-05
1988.397698338049,1.003359317779541,8.394188625970855e-05
1988.4181304026497,1.0036942958831787,8.396170596824959e-05
1988.4385623672497,1.0040515661239624,8.395212353207171e-05
1988.4589944313775,1.0045074224472046,8.394761243835092e-05
1988.4794262950454,1.005988597869873,8.395338227273896e-05
1988.4998582582484,1.0060229301452637,8.394208998652175e-05
1988.520290321445,1.0065451860427856,8.391838491661474e-05
1988.5407221841815,1.006609320640564,8.388099377043545e-05
1988.5611541464532,1.0067685842514038,8.385632099816576e-05
1988.5815862082527,1.006922721862793,8.376334881177172e-05
1988.6224500313983,1.0031851530075073,8.365072426386178e-05
1988.6428820922665,1.0030934810638428,8.37382031022571e-05
1988.6633139531405,1.0030500888824463,8.374355093110353e-05
1988.6837459130838,1.0026057958602905,8.380346116609871e-05
1988.7041779730207,1.0027130842208862,8.383623935515061e-05
1988.7246098327305,1.0023863315582275,8.387189882341772e-05
1988.7450417919754,1.0023603439331055,8.388582500629127e-05
1988.765473850748,1.0024700164794922,8.391786832362413e-05
1988.7859058092945,1.003896951675415,8.393978350795805e-05
1988.8063376673745,1.0036989450454712,8.396174234803766e-05
1988.8267697252159,1.0041066408157349,8.394655014853925e-05
1988.8880655966568,1.0040199756622314,8.351678843609989e-05
1988.9084974533398,1.0039013624191284,8.352367876796052e-05
1988.9289295093186,1.0038636922836304,8.357890328625217e-05
1988.949361465071,1.0034468173980713,8.361782965948805e-05
1988.9697933205898,1.0033172369003296,8.36429389892146e-05
1988.9902253756445,1.0028395652770996,8.370546856895089e-05
1989.0106573304583,1.0022671222686768,8.374189928872511e-05
1989.031089184813,1.0019499063491821,8.375211473321542e-05
1989.0515212389291,1.0019439458847046,8.379700739169493e-05
1989.071953192586,1.0023187398910522,8.381445513805375e-05
1989.0923850460094,1.0019780397415161,8.387657726416364e-05
1989.1128170989687,1.0025253295898438,8.386468107346445e-05
1989.133249051687,1.002751111984253,8.388589776586741e-05
1989.153681003947,1.002977728843689,8.390323637286201e-05
1989.1741129559668,1.0033661127090454,8.394271571887657e-05
1989.1945449075283,1.0026795864105225,8.395344048039988e-05
1989.214976858857,1.0031729936599731,8.393801545025781e-05
1989.2354088099528,1.0035868883132935,8.395054464926943e-05
1989.2558407605757,1.0037446022033691,8.394268661504611e-05
1989.2762727107402,1.005178689956665,8.393670577788725e-05
1989.2967047606653,1.005374550819397,8.393840107601136e-05
1989.3580006085904,1.0032496452331543,8.36276012705639e-05
1989.3784324571243,1.0028380155563354,8.363361848751083e-05
1989.398864505427,1.0028358697891235,8.368871931452304e-05
1989.4192964532558,1.0022624731063843,8.370063005713746e-05
1989.4397283008584,1.0020643472671509,8.375714969588444e-05
1989.4601603482297,1.0020517110824585,8.377370977541432e-05
1989.4805922951273,1.0018606185913086,8.381601219298318e-05
1989.5010241415657,1.002164363861084,8.382909436477348e-05
1989.5214561877729,1.001354694366455,8.385037654079497e-05
1989.5418881337391,1.0018373727798462,8.389380673179403e-05
1989.5623199792462,1.002159595489502,8.391935261897743e-05
1989.5827520242892,1.0022106170654297,8.39249842101708e-05
1989.6031839693242,1.0037363767623901,8.39511412777938e-05
1989.6236158139,1.0036437511444092,8.393323514610529e-05
1989.6440478580116,1.0041399002075195,8.3965300291311e-05
1989.6644798018824,1.0044904947280884,8.39532440295443e-05
1989.684911645294,1.0051605701446533,8.392270683543757e-05
1989.7053436884744,1.005255937576294,8.392110612476245e-05
1989.7257756314139,1.0055570602416992,8.388760033994913e-05
1989.7462074738942,1.0059274435043335,8.383687963942066e-05
1989.7666395159104,1.0065267086029053,8.377407357329503e-05
1989.7870714579185,1.006639003753662,8.37547195260413e-05
1989.8075032992347,1.0065394639968872,8.365062967641279e-05
1989.8483672811635,1.0010881423950195,8.383124804822728e-05
1989.8687993217827,1.0014173984527588,8.387776324525476e-05
1989.8892311619347,1.0015017986297607,8.388004789594561e-05
1989.9096631018474,1.0026665925979614,8.393316966248676e-05
1989.9300951413024,1.0023976564407349,8.391055598622188e-05
1989.9505269802903,1.0030994415283203,8.392648305743933e-05
1989.9709589192717,1.0032188892364502,8.393057942157611e-05
1989.9913909575625,1.0040485858917236,8.393732423428446e-05
1990.011822795852,1.0043952465057373,8.391671144636348e-05
1990.032254733669,1.0055174827575684,8.389948197873309e-05
1990.0526867710287,1.0057411193847656,8.386734407395124e-05
1990.073118608154,1.005957007408142,8.379385690204799e-05
1990.0935505450398,1.0061404705047607,8.375859033549204e-05
1990.113982581468,1.0061830282211304,8.371282456209883e-05
1990.1344145176627,1.0058249235153198,8.363860251847655e-05
1990.1548463533836,1.005928635597229,8.354646706720814e-05
1990.1752783888805,1.0054265260696411,8.345807873411104e-05
1990.195710323911,1.004441738128662,8.328231342602521e-05
1990.2161421589335,1.0032697916030884,8.295231964439154e-05
1990.2365741932663,1.0023038387298584,8.247856749221683e-05
1990.3387338607208,1.0043649673461914,8.390498260268942e-05
1990.3591657931902,1.0049324035644531,8.389468712266535e-05
1990.379597625426,1.0050181150436401,8.379162318306044e-05
1990.4000296571903,1.0054973363876343,8.373708988074213e-05
1990.4204615887284,1.0058971643447876,8.362940570805222e-05
1990.5226212412817,1.001017689704895,8.19135457277298e-05
1990.5839170286708,1.0042344331741333,8.391700248466805e-05
1990.604348957182,1.0040589570999146,8.388495189137757e-05
1990.6247808854532,1.0049203634262085,8.385515684494749e-05
1990.6452129132667,1.0050777196884155,8.381162479054183e-05
1990.665644740846,1.005273461341858,8.377731137443334e-05
1990.686076668193,1.0055090188980103,8.372504817089066e-05
1990.706508695068,1.0052053928375244,8.371037256438285e-05
1990.726940521483,1.0053633451461792,8.364109817193821e-05
1990.7473725476593,1.005218744277954,8.356847683899105e-05
1990.7678044736094,1.0048919916152954,8.349884592462331e-05
1990.788236299326,1.0047096014022827,8.343627268914133e-05
1990.829100249357,1.0008689165115356,8.37010084069334e-05
1990.8495320741422,1.0008097887039185,8.371932926820591e-05
1990.8699640982231,1.00028395652771,8.377078484045342e-05
1990.8903960223106,1.0001051425933838,8.374793833354488e-05
1990.9108278459316,0.9999856948852539,8.379045175388455e-05
1990.9312598690813,1.00009286403656,8.382248051930219e-05
1990.9516917922374,1.0000452995300293,8.382229862036183e-05
1990.972123714695,0.9997965097427368,8.382083615288138e-05
1990.9925556371454,0.9999063014984131,8.385144610656425e-05
1991.0129875591374,1.0006664991378784,8.388423157157376e-05
1991.0334194806637,1.0009828805923462,8.389595313929021e-05
1991.0538514021828,1.0013312101364136,8.390557195525616e-05
1991.0742833230106,1.001429796218872,8.392122254008427e-05
1991.0947151438377,1.00177800655365,8.390719449380413e-05
1991.1151471641933,1.002922773361206,8.392029849346727e-05
1991.1355790843227,1.0022926330566406,8.391039591515437e-05
1991.156011103987,1.002531886100769,8.389407594222575e-05
1991.17644292341,1.0030267238616943,8.390299626626074e-05
1991.196874842375,1.002881646156311,8.386976696783677e-05
1991.2173068611082,1.0031358003616333,8.389562572119758e-05
1991.2377386795997,1.003987193107605,8.386830450035632e-05
1991.2581705976336,1.0036958456039429,8.38617779663764e-05
1991.2786026154354,1.0035854578018188,8.386826812056825e-05
1991.319466350098,1.0006805658340454,8.364723180420697e-05
1991.3398983669686,1.0002471208572388,8.364197856280953e-05
1991.3603301833646,1.00026535987854,8.365984103875235e-05
1991.3807620995358,1.0003900527954102,8.367547707166523e-05
1991.401194115475,1.000025749206543,8.369004353880882e-05
1991.4216259309396,0.9997378587722778,8.37083425722085e-05
1991.4420578461795,0.9999727010726929,8.374532626476139e-05
1991.4624898611874,0.999384343624115,8.375516335945576e-05
1991.4829217757215,0.9990871548652649,8.37607731227763e-05
1991.5033535900293,0.9998319745063782,8.38033010950312e-05
1991.523785603873,0.9990296959877014,8.378605707548559e-05
1991.5442175174758,0.9996492266654968,8.382004307350144e-05
1991.5646493308523,0.999541699886322,8.385651017306373e-05
1991.5850813437646,0.999115526676178,8.387151319766417e-05
1991.605513256436,0.9997069239616394,8.386376430280507e-05
1991.62594526865,1.0002390146255493,8.388274000026286e-05
1991.6463770806295,1.000484824180603,8.388182322960347e-05
1991.6668089923696,1.0008399486541748,8.3905593783129e-05
1991.687241003885,1.0011787414550781,8.387097477680072e-05
1991.7076728149332,1.0013445615768433,8.39034328237176e-05
1991.7281047255092,1.0016200542449951,8.389334834646434e-05
1991.7485366360925,1.002100944519043,8.387478737859055e-05
1991.76896854621,1.0028282403945923,8.388398418901488e-05
1991.7894004558548,1.0028799772262573,8.383671956835315e-05
1991.8098323655067,1.0031766891479492,8.379879000131041e-05
1991.8302642744602,1.0032594203948975,8.378375059692189e-05
1991.8506961834064,1.0036089420318604,8.377317863050848e-05
1991.8711280918942,1.0038799047470093,8.368973067263141e-05
1991.8915600001492,1.0040372610092163,8.36743856780231e-05
1991.9119919079312,1.0038046836853027,8.356983016710728e-05
1991.9324238154877,1.0038015842437744,8.353166776942089e-05
1991.9528557228114,1.0034596920013428,8.347917901119217e-05
1991.973287629662,1.0025326013565063,8.336104656336829e-05
1991.993719636288,1.0025001764297485,8.324375812662765e-05
1992.0141514426796,1.0018373727798462,8.303974027512595e-05
1992.0550153542936,0.9992007613182068,8.384248212678358e-05
1992.0754471597538,0.999618411064148,8.385540422750637e-05
1992.0958791647427,0.9998351335525513,8.384652755921707e-05
1992.1163110695052,1.0002793073654175,8.38749620015733e-05
1992.1367428738013,1.001017689704895,8.3875835116487e-05
1992.1571748778588,1.001434564590454,8.388866990571842e-05
1992.17760678169,1.0010510683059692,8.384441025555134e-05
1992.1980385852876,1.0027612447738647,8.384983811993152e-05
1992.2184705884138,1.0028045177459717,8.384862303500995e-05
1992.2389024913136,1.0033563375473022,8.381719817407429e-05
1992.259334293747,1.0032068490982056,8.375362813239917e-05
1992.3001981979105,0.9991754293441772,8.365107350982726e-05
1992.3206300994061,0.9985047578811646,8.373391756322235e-05
1992.3410620006762,0.9986366033554077,8.375555626116693e-05
1992.3614939017134,0.997978925704956,8.377839549211785e-05
1992.381925802285,0.9985083937644958,8.380327199120075e-05
1992.4023577028493,0.9986799359321594,8.383044769288972e-05
1992.4227896027223,0.9991084933280945,8.383877138840035e-05
1992.443221602589,0.9992092847824097,8.384316606679931e-05
1992.4636535019963,1.000504732131958,8.385867840843275e-05
1992.4840853009373,1.0002803802490234,8.38490595924668e-05
1992.5045172998725,1.0010589361190796,8.386374975088984e-05
1992.5249490983479,1.0013753175735474,8.382726809941232e-05
1992.5453809963583,1.0015689134597778,8.381846419069916e-05
1992.5658129943622,1.0018956661224365,8.37882689666003e-05
1992.5862447919062,1.002587080001831,8.376355981454253e-05
1992.6066766889853,1.0025144815444946,8.369431452592835e-05
1992.6475404826706,1.0025720596313477,8.361906657228246e-05
1992.6679723788184,1.002687692642212,8.357873593922704e-05
1992.6884043749596,1.002441644668579,8.350534335477278e-05
1992.708836170641,1.0021159648895264,8.341891225427389e-05
1992.7292680660903,1.0015513896942139,8.330772834597155e-05
1992.7497000610674,1.0009715557098389,8.310530392918736e-05
1992.7905637503354,0.998034656047821,8.375199104193598e-05
1992.8109957443812,0.9973892569541931,8.377258927794173e-05
1992.8314276382007,0.9974802136421204,8.377771882805973e-05
1992.8518595317873,0.9977713227272034,8.381043880945072e-05
1992.872291424901,0.997747540473938,8.380936196772382e-05
1992.892723318022,0.9987614154815674,8.383347449125722e-05
1992.9131552104445,0.9990577697753906,8.383824751945212e-05
1992.9335871028597,0.9991419911384583,8.383821841562167e-05
1992.9540189948166,0.9994681477546692,8.383143722312525e-05
1992.9744509865413,0.999605655670166,8.384375541936606e-05
1992.9948827777916,0.9994192123413086,8.379438077099621e-05
1993.01531466905,1.0003222227096558,8.382423402508721e-05
1993.0357466598434,1.000580906867981,8.383365639019758e-05
1993.0561784501624,1.0013365745544434,8.38244886836037e-05
1993.0766103402566,1.0018000602722168,8.38050982565619e-05
1993.0970423301187,1.001899003982544,8.374378376174718e-05
1993.1174741197392,1.0018587112426758,8.373487798962742e-05
1993.137906008902,1.0016142129898071,8.369224815396592e-05
1993.1583379978256,1.0021053552627563,8.36532999528572e-05
1993.178769786522,1.0018044710159302,8.363193046534434e-05
1993.1992016749864,1.0017157793045044,8.35541941341944e-05
1993.2196336629859,1.001822590827942,8.350455755135044e-05
1993.2400654507437,1.0018192529678345,8.34445672808215e-05
1993.2809292251113,0.9971096515655518,8.376705955015495e-05
1993.3013611119386,0.9973885416984558,8.379713108297437e-05
1993.321793098541,0.9974913597106934,8.377655467484146e-05
1993.3422249846772,0.997717559337616,8.382726809941232e-05
1993.3626567705724,0.9986539483070374,8.384427201235667e-05
1993.3830887562435,0.9990202188491821,8.381121006095782e-05
1993.403520641441,0.9993035197257996,8.382480154978111e-05
1993.4239524264121,0.9992255568504333,8.380096551263705e-05
1993.444384411152,1.000070333480835,8.38149426272139e-05
1993.4648162956582,0.9998592734336853,8.379258360946551e-05
1993.4852480796908,1.000391960144043,8.377995254704729e-05
1993.5261119468341,0.9972536563873291,8.364560198970139e-05
1993.5465437301755,0.9967353940010071,8.364812674699351e-05
1993.5669757130527,0.9963632822036743,8.369093120563775e-05
1993.5874075956963,0.9962911605834961,8.372524462174624e-05
1993.6078393778662,0.9958964586257935,8.370318391826004e-05
1993.628271359812,0.9970445036888123,8.378244820050895e-05
1993.648703241517,0.9973540902137756,8.379790961043909e-05
1993.6691352229973,0.9970476627349854,8.380694634979591e-05
1993.6895670040103,0.9973523616790771,8.379486098419875e-05
1993.7099988847913,0.9976036548614502,8.381154475500807e-05
1993.730430865333,0.9977144002914429,8.379718929063529e-05
1993.7508626454146,0.9984882473945618,8.379470091313124e-05
1993.771294525257,0.9988040328025818,8.377651101909578e-05
1993.7917265048745,0.9991671442985535,8.377958147320896e-05
1993.8121583842585,0.9997769594192505,8.378064376302063e-05
1993.832590163176,1.0001074075698853,8.376513869734481e-05
1993.853022141855,1.0005462169647217,8.37426123325713e-05
1993.8734540203077,1.0008583068847656,8.36916224216111e-05
1993.8938857982866,1.0009207725524902,8.365496614715084e-05
1993.9143177760416,1.0008589029312134,8.360360516235232e-05
1993.934749653563,1.001149296760559,8.358590275747702e-05
1993.9551814308506,1.0003411769866943,8.347089169546962e-05
1993.975613407667,1.0002708435058594,8.340185013366863e-05
1994.0164770606061,0.995899498462677,8.370909927180037e-05
1994.0369090367312,0.9959788918495178,8.375405741389841e-05
1994.0573408123892,0.9963659048080444,8.377907215617597e-05
1994.0777727878085,0.9971939325332642,8.379163045901805e-05
1994.0982046630015,0.9975641965866089,8.380939834751189e-05
1994.1186364377281,0.9980777502059937,8.380620420211926e-05
1994.1390684122161,0.9983451962471008,8.380985673284158e-05
1994.1595002864779,0.9991211295127869,8.37980187498033e-05
1994.1799321605067,0.9993037581443787,8.375775360036641e-05
1994.2003640340627,1.0001229047775269,8.372729644179344e-05
1994.220795907393,1.000076413154602,8.367421833099797e-05
1994.261659653348,0.9965577721595764,8.353363955393434e-05
1994.282091525747,0.9961453676223755,8.359787898370996e-05
1994.3025233979133,0.9958022236824036,8.367666305275634e-05
1994.3229552698394,0.995398223400116,8.370230352738872e-05
1994.34338714154,0.9953886270523071,8.370005525648594e-05
1994.363819012775,0.9957326650619507,8.375949983019382e-05
1994.3842509837705,0.9960030317306519,8.378674101550132e-05
1994.404682754539,0.9963148236274719,8.375391917070374e-05
1994.4251146248425,0.9968470931053162,8.379323116969317e-05
1994.4455465949068,0.9976404905319214,8.377540507353842e-05
1994.465978364744,0.9979466795921326,8.377779158763587e-05
1994.4864103343498,0.9986244440078735,8.376886398764327e-05
1994.5068422037148,0.9988170266151428,8.372947195312008e-05
1994.5272739726206,0.9998249411582947,8.36674589663744e-05
1994.5477059412951,0.9999299645423889,8.366062684217468e-05
1994.568137809496,0.9999170899391174,8.356661419384181e-05
1994.5885695777033,0.999922513961792,8.351603173650801e-05
1994.6090015454465,0.999634325504303,8.342389628523961e-05
1994.6294334129489,0.9988707900047302,8.335741586051881e-05
1994.6498652802256,0.9986426830291748,8.319826883962378e-05
1994.6702971470368,0.9977055191993713,8.29636919661425e-05
1994.6907290138406,0.9966848492622375,8.254310523625463e-05
1994.7520246119384,0.9984490275382996,8.373826858587563e-05
1994.7724563773518,0.9985764026641846,8.367303234990686e-05
1994.7928883425338,0.999247670173645,8.365537360077724e-05
1994.813320207475,0.9995874762535095,8.358315972145647e-05
1994.833751971957,0.9994555115699768,8.352998702321202e-05
1994.8541839364407,0.9994534254074097,8.345073001692072e-05
1994.8746158004506,0.9989179968833923,8.335582970175892e-05
1994.8950477640028,0.9983872175216675,8.326373063027859e-05
1994.9154795275535,0.9979750514030457,8.309786790050566e-05
1994.935911390632,0.9972450137138367,8.291082485811785e-05
1994.9563433534859,0.996366560459137,8.260567847173661e-05
1994.9972069784853,0.9955407381057739,8.373506716452539e-05
1995.0176389404078,0.9968441724777222,8.3772829384543e-05
1995.0380707020959,0.9962868690490723,8.372822048841044e-05
1995.0585025635446,0.9970059990882874,8.374253957299516e-05
1995.0789345247686,0.9974770545959473,8.37514890008606e-05
1995.0993662857582,0.9971460700035095,8.369899296667427e-05
1995.1197981462756,0.9981914162635803,8.367513510165736e-05
1995.1402301065682,0.9997389912605286,8.366561814909801e-05
1995.1606618666265,0.9993735551834106,8.36326289572753e-05
1995.1810937262126,0.999329686164856,8.356837497558445e-05
1995.2015256855739,0.9992215633392334,8.346206595888361e-05
1995.2423893035884,0.9945858716964722,8.362963126273826e-05
1995.2628212622512,0.9942397475242615,8.365211397176608e-05
1995.2832531206732,0.9943254590034485,8.369442366529256e-05
1995.3036849786367,0.9940377473831177,8.367799455299973e-05
1995.3241168363675,0.9943904280662537,8.371680451091379e-05
1995.344548693858,0.9945017099380493,8.372171578230336e-05
1995.3649805508903,0.9949092864990234,8.372889715246856e-05
1995.3854124076897,0.995997965335846,8.374776371056214e-05
1995.4058442644819,0.996269166469574,8.375031757168472e-05
1995.4262761205828,0.9966341257095337,8.373073796974495e-05
1995.4467079766837,0.9969030618667603,8.37203988339752e-05
1995.4671398325445,0.997304379940033,8.368955604964867e-05
1995.487571687947,0.9975095987319946,8.365748362848535e-05
1995.5080035433493,0.9982189536094666,8.364955283468589e-05
1995.5284352982853,0.9987371563911438,8.359947241842747e-05
1995.54886725275,0.9988597631454468,8.353056182386354e-05
1995.569299107221,0.9986358880996704,8.347081893589348e-05
1995.6510265215984,0.996593713760376,8.300022454932332e-05
1995.6714583746725,0.9957764744758606,8.275828440673649e-05
1995.73275403156,0.9939852952957153,8.370933210244402e-05
1995.7531857834692,0.9949682950973511,8.374003664357588e-05
1995.773617734907,0.9954159259796143,8.374422759516165e-05
1995.7940495863513,0.9954808950424194,8.372475713258609e-05
1995.8144813373292,0.9961810111999512,8.375942707061768e-05
1995.8349132878357,0.9962272644042969,8.369903662241995e-05
1995.8553451383486,0.9967767596244812,8.364523091586307e-05
1995.8757768883952,0.9977356195449829,8.365115354536101e-05
1995.8962088382032,0.9978737831115723,8.3601800724864e-05
1995.9166406877848,0.9979507923126221,8.35432147141546e-05
1995.9370724371329,0.997556209564209,8.346403774339706e-05
1995.9779362348927,0.9934446215629578,8.359352796105668e-05
1995.9983679833094,0.9931837320327759,8.36081089801155e-05
1996.0187999314876,0.9929869174957275,8.363822416868061e-05
1996.0392317794394,0.9931401610374451,8.366278780158609e-05
1996.0596636271584,0.9938564300537109,8.37260449770838e-05
1996.0800954744045,0.9936210513114929,8.370057184947655e-05
1996.100527321425,0.994002640247345,8.371021976927295e-05
1996.1209591682127,0.994464099407196,8.370394061785191e-05
1996.1413910147603,0.9953153729438782,8.373101445613429e-05
1996.1618228610823,0.995718240737915,8.373473974643275e-05
1996.1822547069387,0.9961562752723694,8.370121940970421e-05
1996.2026865527878,0.9966422319412231,8.369488205062225e-05
1996.2231183981785,0.996707558631897,8.364204404642805e-05
1996.2435503431043,0.997083842754364,8.358947525266558e-05
1996.2639820880213,0.9974150061607361,8.356037869816646e-05
1996.2844139327135,0.9974094033241272,8.35067403386347e-05
1996.3048458769335,0.9973086714744568,8.342727232957259e-05
1996.3252776209265,0.9968686699867249,8.327563409693539e-05
1996.3457094646874,0.9960424900054932,8.314243314089254e-05
1996.3661414082162,0.9952009320259094,8.286505180876702e-05
1996.3865731515034,0.9942079186439514,8.243145566666499e-05
1996.4683005216502,0.9958701133728027,8.365794201381505e-05
1996.4887324635492,0.9969275593757629,8.364379755221307e-05
1996.5091642049738,0.9968055486679077,8.357607293874025e-05
1996.5295961464071,0.9971151351928711,8.352475560968742e-05
1996.5500279873668,0.996730387210846,8.340478234458715e-05
1996.6521871884688,0.9930921792984009,8.207894279621542e-05
1996.7134828057751,0.9940033555030823,8.372836600756273e-05
1996.733914544413,0.9947227239608765,8.370749128516763e-05
1996.7543463828115,0.9942979216575623,8.369940042030066e-05
1996.7747783207524,0.9943552017211914,8.364939276361838e-05
1996.7952100586845,0.9949511885643005,8.367446571355686e-05
1996.815641896159,0.9953135848045349,8.36527906358242e-05
1996.8360738334013,0.9962078332901001,8.36350372992456e-05
1996.8565055704094,0.9965137839317322,8.360193169210106e-05
1996.8769374069452,0.9966772198677063,8.35572718642652e-05
1996.8973692434884,0.9967801570892334,8.351478754775599e-05
1996.9178010795586,0.9966028928756714,8.345992682734504e-05
1996.958664751015,0.9920516014099121,8.364244422409683e-05
1996.979096586394,0.992498517036438,8.367547707166523e-05
1996.9995285215336,0.9931145310401917,8.368037379113957e-05
1997.0199602564462,0.9933208227157593,8.367939153686166e-05
1997.0403920908866,0.9934461116790771,8.369689749088138e-05
1997.0608240251022,0.9931498765945435,8.369705028599128e-05
1997.1016875930654,0.9938292503356934,8.365123358089477e-05
1997.1221195263424,0.9942921996116638,8.367100963369012e-05
1997.142551359626,0.9956249594688416,8.371104922844097e-05
1997.1629830926686,0.9956087470054626,8.362357766600326e-05
1997.2038468576065,0.9923077821731567,8.356907346751541e-05
1997.224278589958,0.9914159178733826,8.356182661373168e-05
1997.244710521838,0.9914443492889404,8.356253965757787e-05
1997.2651423532589,0.9919251203536987,8.364184031961486e-05
1997.2855740846717,0.9921238422393799,8.364550012629479e-05
1997.3060060158605,0.9919279217720032,8.363185042981058e-05
1997.3264378465828,0.9923295378684998,8.36690014693886e-05
1997.3468697770659,0.9927219152450562,8.367409463971853e-05
1997.3673015075547,0.9928925037384033,8.366507972823456e-05
1997.3877333375785,0.9929686188697815,8.364879613509402e-05
1997.408165267363,0.9940095543861389,8.371393050765619e-05
1997.4285969966877,0.9942541718482971,8.366841939277947e-05
1997.449028826013,0.9947954416275024,8.366708789253607e-05
1997.4694607548663,0.995075523853302,8.362948574358597e-05
1997.4898924837253,0.9954479932785034,8.359684579772875e-05
1997.5103243121193,0.9956813454627991,8.355129830306396e-05
1997.530756240274,0.996456503868103,8.355588943231851e-05
1997.5511880682025,0.9965704083442688,8.348366827704012e-05
1997.5716197958973,0.9962509870529175,8.342217915924266e-05
1997.5920517233535,0.9959664940834045,8.336661994690076e-05
1997.6124834503498,0.9954982399940491,8.326415991177782e-05
1997.632915277347,0.9952265024185181,8.312128920806572e-05
1997.6533472038718,0.9945212602615356,8.29888231237419e-05
1997.6942108562362,0.9914148449897766,8.359792991541326e-05
1997.7146426820618,0.9922650456428528,8.368471026187763e-05
1997.7350744076612,0.9933961033821106,8.372071897611022e-05
1997.755506333022,0.9933720231056213,8.368994167540222e-05
1997.7759381581564,0.9935634136199951,8.368491398869082e-05
1997.7963698828244,0.9935512542724609,8.36770559544675e-05
1997.816801807261,0.9939401149749756,8.3654529589694e-05
1997.8372336316897,0.9940831065177917,8.363930828636512e-05
1997.8576653556593,0.9948309659957886,8.3647966675926e-05
1997.8780972793902,0.9954420328140259,8.361932123079896e-05
1997.8985291028948,0.9951298832893372,8.359688945347443e-05
1997.9393927489728,0.9934587478637695,8.323781366925687e-05
1997.9598245717716,0.9934503436088562,8.335000893566757e-05
1997.980256394112,0.9930620789527893,8.336485916515812e-05
1998.0006882164453,0.9928299784660339,8.342836372321472e-05
1998.02112003832,0.9920434951782227,8.344392699655145e-05
1998.041551859962,0.991793155670166,8.349921699846163e-05
1998.0619837813647,0.9917283058166504,8.357917977264151e-05
1998.0824155025402,0.9912319183349609,8.35600949358195e-05
1998.1028474234845,0.9910229444503784,8.357154001714662e-05
1998.1232792441879,0.991133451461792,8.360148058272898e-05
1998.143710964432,0.9915019273757935,8.365852409042418e-05
1998.1641428846779,0.9919514656066895,8.363553206436336e-05
1998.18457470445,0.9921282529830933,8.365447138203308e-05
1998.2050064242285,0.9923294186592102,8.364638779312372e-05
1998.225438343543,0.9928246140480042,8.36636099847965e-05
1998.2458701626165,0.9933786988258362,8.368246199097484e-05
1998.2663018814637,0.9935007095336914,8.365896064788103e-05
1998.2867338000797,0.9943906664848328,8.367518603336066e-05
1998.3071656184547,0.9948688745498657,8.362660446437076e-05
1998.3480292542881,0.9954347610473633,8.355944009963423e-05
1998.368460971731,0.9955488443374634,8.353447628905997e-05
1998.388892889183,0.9962446689605713,8.350683492608368e-05
1998.4297565229135,0.9924784898757935,8.346656250068918e-05
1998.4501882396653,0.9919609427452087,8.34762686281465e-05
1998.470620155953,0.9919087290763855,8.352263830602169e-05
1998.4910519719997,0.9914129972457886,8.35538303363137e-05
1998.511483787588,0.9914164543151855,8.362235530512407e-05
1998.5319156031765,0.991246223449707,8.360185893252492e-05
1998.5523474185247,0.9918080568313599,8.364949462702498e-05
1998.5727793336482,0.9919413924217224,8.36735125631094e-05
1998.5932110483045,0.9922021627426147,8.364731183974072e-05
1998.6136428629543,0.99273681640625,8.363354572793469e-05
1998.6340747771465,0.9937016367912292,8.368960698135197e-05
1998.6749383048227,0.9933322072029114,8.334955055033788e-05
1998.6953702185492,0.9928396940231323,8.344738307641819e-05
1998.7158019318085,0.9927883148193359,8.342313958564773e-05
1998.7362337448285,0.9921668171882629,8.348176197614521e-05
1998.7566656573908,0.9915899038314819,8.350729331141338e-05
1998.7770973699517,0.9914866089820862,8.349640120286494e-05
1998.7975291822731,0.9911483526229858,8.353152225026861e-05
1998.8179610943698,0.9908731579780579,8.355468162335455e-05
1998.8383928059993,0.9910937547683716,8.360255742445588e-05
1998.8588246176223,0.9906238913536072,8.35835380712524e-05
1998.8792565287877,0.9911705851554871,8.362017979379743e-05
1998.8996883397194,0.9912594556808472,8.365370740648359e-05
1998.920120150644,0.9910107851028442,8.356384932994843e-05
1998.94055196111,0.9915693998336792,8.362848893739283e-05
1998.9609837713433,0.9925803542137146,8.369096030946821e-05
1998.9814155813365,0.9924519062042236,8.367090777028352e-05
1999.001847391104,0.9931454062461853,8.370537398150191e-05
1999.0222792006389,0.9934056997299194,8.369929128093645e-05
1999.0427111099343,0.9934055805206299,8.36855688248761e-05
1999.0631428190027,0.9927908778190613,8.3645194536075e-05
1999.0835746276061,0.9933673143386841,8.364961831830442e-05
1999.1040064362023,0.9931994080543518,8.364851964870468e-05
1999.124438244573,0.993954062461853,8.363700908375904e-05
1999.1653018603756,0.9928399324417114,8.340667409356683e-05
1999.185733667815,0.9924379587173462,8.342078945133835e-05
1999.2061653752535,0.9920434951782227,8.346745016751811e-05
1999.2265972822206,0.9915106296539307,8.350380812771618e-05
1999.2470290889614,0.9913421273231506,8.354891906492412e-05
1999.2674609954702,0.9914276003837585,8.358773629879579e-05
1999.2878927019701,0.9912164807319641,8.361577056348324e-05
1999.3083245080124,0.9910582900047302,8.3610721048899e-05
1999.3287564138154,0.9914510250091553,8.365736721316352e-05
1999.3491881193913,0.9918280243873596,8.366013935301453e-05
1999.3696199247352,0.9924662113189697,8.368840644834563e-05
1999.390051829614,0.9928296208381653,8.366868132725358e-05
1999.410483634485,0.9939892888069153,8.369508577743545e-05
1999.4309153391296,0.9940683245658875,8.363925735466182e-05
1999.4513472435356,0.9947975873947144,8.363140659639612e-05
1999.4717790474824,0.9951772689819336,8.360599167644978e-05
1999.4922107514285,0.9952954649925232,8.350428834091872e-05
1999.5126426549105,0.9957592487335205,8.344817615579814e-05
1999.5330744583844,0.9959753751754761,8.342236105818301e-05
1999.553506161632,0.9957688450813293,8.329545380547643e-05
1999.5739380644081,0.9946702718734741,8.313694706885144e-05
1999.594369866958,0.9940899014472961,8.297365275211632e-05
1999.614801569507,0.9930101633071899,8.261366747319698e-05
1999.6556652734362,0.9930017590522766,8.369082934223115e-05
1999.6760971750555,0.9929397106170654,8.364577661268413e-05
1999.696528876666,0.9938526749610901,8.36683830129914e-05
1999.7169606778189,0.9941778182983398,8.365892426809296e-05
1999.7373925787397,0.9950416088104248,8.36561739561148e-05
1999.7578242794189,0.9951741099357605,8.362666267203167e-05
1999.7782560798732,0.9954766035079956,8.3576662291307e-05
1999.7986879800956,0.9959243535995483,8.354739838978276e-05
1999.8191196800763,0.9953466057777405,8.346455433638766e-05
1999.8395514798322,0.9959251284599304,8.343629451701418e-05
1999.8599832793552,0.9958981275558472,8.341514330822974e-05
1999.9008468774628,0.9917586445808411,8.35220271255821e-05
1999.9212786762873,0.9911463260650635,8.356723265023902e-05
1999.9417104748718,0.9912686944007874,8.359562343684956e-05
1999.9621422732307,0.9910939931869507,8.360012725461274e-05
1999.9825741713576,0.9911455512046814,8.362856897292659e-05
2000.00300586901,0.9911640286445618,8.362797234440222e-05
2000.0234377666711,0.9913845062255859,8.365055691683665e-05
2000.0438695640987,0.9914944767951965,8.368612179765478e-05
2000.0643012610526,0.991601824760437,8.36440667626448e-05
2000.0847331580153,0.9919101595878601,8.365316170966253e-05
2000.1051649545116,0.9919350743293762,8.366044494323432e-05
2000.1255966509998,0.99299156665802,8.371102012461051e-05
2000.1460285470312,0.9933098554611206,8.371174044441432e-05
2000.1664603430618,0.9934962391853333,8.374002936761826e-05
2000.1868920386187,0.9932060837745667,8.367448026547208e-05
2000.2073239341844,0.9932908415794373,8.368119597434998e-05
2000.2277557292837,0.9940212368965149,8.370122668566182e-05
2000.2481875243757,0.9941716194152832,8.366819383809343e-05
2000.2686193190093,0.9946573972702026,8.367496047867462e-05
2000.289051113643,0.9945721626281738,8.364164386875927e-05
2000.3094829078036,0.9952430725097656,8.363562665181234e-05
2000.3299147019716,0.9951967597007751,8.362020162167028e-05
2000.3503464956739,0.9955408573150635,8.357642218470573e-05
2000.3912101826063,0.9942163228988647,8.310837438330054e-05
2000.4116418756093,0.9941293597221375,8.32094083307311e-05
2000.4320737683738,0.99347984790802,8.329763659276068e-05
2000.4525055611448,0.9936388731002808,8.33310914458707e-05
2000.4729372534493,0.9931276440620422,8.339263149537146e-05
2000.4933691455153,0.9927197098731995,8.344524394487962e-05
2000.5138009375878,0.9925047159194946,8.349142444785684e-05
2000.5342326291939,0.9923731088638306,8.348942355951294e-05
2000.5546645205613,0.9920323491096497,8.351892756763846e-05
2000.5750963117025,0.9917398691177368,8.357374463230371e-05
2000.595528002843,0.9918287396430969,8.360186620848253e-05
2000.6363915839538,0.9910948276519775,8.360745414393023e-05
2000.6568233743965,0.9911335706710815,8.363387314602733e-05
2000.677255264367,0.9914096593856812,8.365490793948993e-05
2000.6976869541104,0.9916182160377502,8.367149712285027e-05
2000.7181187438546,0.9917227625846863,8.364882523892447e-05
2000.7385506331266,0.9918162226676941,8.365626126760617e-05
2000.7589823221715,0.9915922284126282,8.361576328752562e-05
2000.7794142112107,0.9924407601356506,8.368900307687e-05
2000.7998459997907,0.9925050735473633,8.367092959815636e-05
2000.820277788138,0.9930843114852905,8.370481373276561e-05
2000.840709576485,0.9937337040901184,8.373371383640915e-05
2000.8611413643594,0.9942068457603455,8.372154115932062e-05
2000.881573152008,0.9938621520996094,8.367639384232461e-05
2000.9020049396495,0.9939375519752502,8.367621921934187e-05
2000.9224367268325,0.9943884611129761,8.369754505110905e-05
2000.9633004007264,0.9948630332946777,8.364646782865748e-05
2000.9837320872102,0.9953519701957703,8.364635868929327e-05
2001.0041638736948,0.9957610964775085,8.362815424334258e-05
2001.0245957597072,0.9957854747772217,8.357043407158926e-05
2001.0450274457253,0.9958763122558594,8.35622995509766e-05
2001.0654592312785,0.9958310127258301,8.351027645403519e-05
2001.0858911168252,0.9959554672241211,8.346138201886788e-05
2001.1267545869996,0.9915739893913269,8.356610487680882e-05
2001.147186471615,0.9914396405220032,8.361735672224313e-05
2001.1676181562361,0.9913095831871033,8.363272354472429e-05
2001.188050040626,0.9914014935493469,8.364650420844555e-05
2001.208481824542,0.9912210702896118,8.36305771372281e-05
2001.2289136084655,0.9923191070556641,8.369910210603848e-05
2001.249345392156,0.9918601512908936,8.367577538592741e-05
2001.269777075373,0.9922349452972412,8.365252142539248e-05
2001.2902089585987,0.9922081232070923,8.367082045879215e-05
2001.3106407415908,0.9924485087394714,8.368155249627307e-05
2001.3310725243427,0.9933407306671143,8.372596494155005e-05
2001.3515042068684,0.9942393898963928,8.372906449949369e-05
2001.37193608893,0.9943438768386841,8.373180025955662e-05
2001.3923678709834,0.9943110346794128,8.37100888020359e-05
2001.4127995528106,0.9945496916770935,8.366980182472616e-05
2001.4332314344065,0.9945821166038513,8.365180838154629e-05
2001.4536632157615,0.9953346848487854,8.363201777683571e-05
2001.4740948968902,0.9955658912658691,8.364247332792729e-05
2001.4945267777875,0.9957074522972107,8.357909246115014e-05
2001.514958558444,0.9960750341415405,8.354427700396627e-05
2001.5353904391086,0.9960165023803711,8.351875294465572e-05
2001.555822119306,0.9965798258781433,8.34524180390872e-05
2001.576253899264,0.9960831999778748,8.340486965607852e-05
2001.617117458729,0.9931797385215759,8.347613766090944e-05
2001.6375492379884,0.9927464127540588,8.3494684076868e-05
2001.6579811170232,0.9926090240478516,8.351978613063693e-05
2001.6784127960564,0.9923875331878662,8.356615580851212e-05
2001.6988445746174,0.991826057434082,8.359504863619804e-05
2001.7192764531865,0.9917373061180115,8.363396773347631e-05
2001.7397081312884,0.9914806485176086,8.364939276361838e-05
2001.7601399093837,0.9919294714927673,8.368501585209742e-05
2001.7805717872543,0.9920899868011475,8.369956776732579e-05
2001.8010035646585,0.9922666549682617,8.371481817448512e-05
2001.8214352420546,0.9924289584159851,8.368580893147737e-05
2001.8418671192267,0.992909848690033,8.372365118702874e-05
2001.8622988961652,0.99335116147995,8.371607691515237e-05
2001.8827307728643,0.993493914604187,8.371137664653361e-05
2001.9031624493364,0.9934450387954712,8.370519935851917e-05
2001.9235942255764,0.9936479926109314,8.369906572625041e-05
2001.944026101577,0.995116651058197,8.371057629119605e-05
2001.9644577773506,0.9953538775444031,8.369304850930348e-05
2001.9848895528921,0.9953827857971191,8.365872054127976e-05
2002.0053213284264,0.9958043098449707,8.363034430658445e-05
2002.0257531035022,0.9959753751754761,8.35943574202247e-05
2002.0461848783452,0.9962524175643921,8.356287435162812e-05
2002.066616653181,0.9962050914764404,8.353098382940516e-05
2002.107480101935,0.9938479661941528,8.337293547810987e-05
2002.12791197584,0.9935986995697021,8.345393871422857e-05
2002.1483437497518,0.9932941198348999,8.350447751581669e-05
2002.1687755234307,0.9926709532737732,8.353976591024548e-05
2002.1892072968694,0.9927237033843994,8.358909690286964e-05
2002.2096390700826,0.9923778772354126,8.361641084775329e-05
2002.2300709428237,0.9921717047691345,8.36272447486408e-05
2002.2505026155704,0.9919551014900208,8.364967652596533e-05
2002.270934388318,0.9923316836357117,8.367888221982867e-05
2002.2913662605933,0.9920562505722046,8.369386341655627e-05
2002.3117980326424,0.9920766353607178,8.369675924768671e-05
2002.3322297044579,0.992612898349762,8.372344018425792e-05
2002.3526615762676,0.992865264415741,8.373996388399974e-05
2002.3730933476181,0.9930788278579712,8.37283514556475e-05
2002.393525018968,0.9934303164482117,8.374464960070327e-05
2002.4139568898463,0.9937741756439209,8.373085438506678e-05
2002.4343886607312,0.9941943287849426,8.373784658033401e-05
2002.4548203313825,0.9948247075080872,8.3725739386864e-05
2002.4752522015624,0.9949342012405396,8.369221905013546e-05
2002.4956839717488,0.9952948689460754,8.368676935788244e-05
2002.5161156417016,0.9954261183738708,8.366593829123303e-05
2002.5365475114158,0.9961375594139099,8.361003710888326e-05
2002.5569792809038,0.9963203072547913,8.354362944373861e-05
2002.5978428194067,0.9918610453605652,8.310356497531757e-05
2002.6387064569863,0.9916176199913025,8.31283105071634e-05
2002.659138125302,0.9915534853935242,8.317000174429268e-05
2002.6795698936257,0.9914268851280212,8.317548054037616e-05
2002.7000017617174,0.9926263689994812,8.328465628437698e-05
2002.7204334293347,0.9931220412254333,8.334387530339882e-05
2002.74086519696,0.9928539991378784,8.338917541550472e-05
2002.7612969643524,0.9933857917785645,8.343208173755556e-05
2002.7817287315047,0.9935797452926636,8.345171227119863e-05
2002.8021604986643,0.9936490654945374,8.349448762601241e-05
2002.822592365359,0.9939860105514526,8.357888145837933e-05
2002.843024031812,0.9947181940078735,8.364841778529808e-05
2002.8634557982732,0.995529055595398,8.367501141037792e-05
2002.8838876642694,0.9952334761619568,8.369809074793011e-05
2002.9043193302568,0.9955756068229675,8.371230069315061e-05
2002.9247510960195,0.9956881403923035,8.370068826479837e-05
2002.9451829613172,0.9962970018386841,8.372651063837111e-05
2002.965614626606,0.9965652823448181,8.373415766982362e-05
2002.9860464919038,0.9969208836555481,8.373900345759466e-05
2003.0064782567351,0.9971342086791992,8.370294381165877e-05
2003.0269099213256,0.9969820976257324,8.368543785763904e-05
2003.047341785692,0.996930718421936,8.365963003598154e-05
2003.0882052139495,0.9930176734924316,8.291963604278862e-05
2003.1086370778503,0.9927288293838501,8.298653847305104e-05
2003.1290688415174,0.9901837706565857,8.297809108626097e-05
2003.1495006049445,0.9901350736618042,8.304595394292846e-05
2003.1699323679131,0.9889896512031555,8.304637594847009e-05
2003.1903641311146,0.9894325137138367,8.312574937008321e-05
2003.2107958938432,0.9899286031723022,8.318696927744895e-05
2003.2312276563462,0.9925438165664673,8.330259151989594e-05
2003.2516594188492,0.9927069544792175,8.335821621585637e-05
2003.2720911808792,0.9937668442726135,8.344862726517022e-05
2003.2925230429173,0.9938181042671204,8.34856546134688e-05
2003.3129547044882,0.9939849972724915,8.352094300789759e-05
2003.3333865660534,0.9945254325866699,8.356038597412407e-05
2003.3538183273922,0.9946356415748596,8.36051840451546e-05
2003.3742499884975,0.9951050281524658,8.369255374418572e-05
2003.394681849597,0.9958921074867249,8.370442810701206e-05
2003.4151136102373,0.9958586692810059,8.370817522518337e-05
2003.435545270644,0.9964821338653564,8.37421539472416e-05
2003.455977131045,0.9969872832298279,8.374655590159819e-05
2003.476408791219,0.9968122243881226,8.375721517950296e-05
2003.496840550928,0.9970584511756897,8.374672324862331e-05
2003.5172724106305,0.9975103139877319,8.371467265533283e-05
2003.537704070106,0.9973528385162354,8.368560520466417e-05
2003.5785676885862,0.9934017658233643,8.293531573144719e-05
2003.5989993473631,0.9931114912033081,8.299078763229772e-05
2003.6194311061408,0.9928010702133179,8.305670053232461e-05
2003.6398629646792,0.9925978183746338,8.31467259558849e-05
2003.6602947227584,0.9922786355018616,8.316589810419828e-05
2003.6807264808303,0.9922048449516296,8.318983600474894e-05
2003.7011582386767,0.9932380318641663,8.331607386935502e-05
2003.721589996523,0.993505597114563,8.335398160852492e-05
2003.7420217539038,0.994052529335022,8.346393587999046e-05
2003.7624535110444,0.993698239326477,8.348200208274648e-05
2003.7828852681923,0.9945068359375,8.355992758879438e-05
2003.8033171251009,0.9943478107452393,8.35792743600905e-05
2003.8237487815495,0.9960422515869141,8.36737162899226e-05
2003.8441805382317,0.9957305192947388,8.36753097246401e-05
2003.8646123944418,0.9958732724189758,8.371206786250696e-05
2003.8850440504248,0.9960127472877502,8.372514275833964e-05
2003.9054758061757,0.9965460896492004,8.375674224225804e-05
2003.92590766192,0.9970659613609314,8.377125050174072e-05
2003.9463393174374,0.9969800114631653,8.375167089980096e-05
2003.9667710724898,0.9974182844161987,8.373596210731193e-05
2003.9872029275357,0.9972763657569885,8.373296441277489e-05
2004.0076345823545,0.9971591830253601,8.366938709514216e-05
2004.0280664371749,0.9966347217559814,8.359795901924372e-05
2004.0689298458747,0.9941815733909607,8.287813398055732e-05
2004.0893616997637,0.9940363764762878,8.292373968288302e-05
2004.1097934536447,0.9936277270317078,8.296955638797954e-05
2004.1302252073,0.9935507774353027,8.3069724496454e-05
2004.1506569607227,0.992803156375885,8.307279495056719e-05
2004.171088714138,0.9928629994392395,8.316968160215765e-05
2004.191520467095,0.9932237863540649,8.32596342661418e-05
2004.211952220052,0.9930208325386047,8.331638673553243e-05
2004.232383972536,0.9940372109413147,8.344039815710858e-05
2004.2528156250264,0.9943571090698242,8.3510487456806e-05
2004.2732474772856,0.9947912693023682,8.357062324648723e-05
2004.293679229304,0.9951988458633423,8.361540676560253e-05
2004.3141108813288,0.995421290397644,8.365610847249627e-05
2004.3345427328895,0.996793270111084,8.373280434170738e-05
2004.3549744844422,0.9967275857925415,8.376803452847525e-05
2004.37540633577,0.9969950914382935,8.377097401535138e-05
2004.3958379868636,0.9973811507225037,8.379551582038403e-05
2004.4162697377178,0.9971534013748169,8.372653246624395e-05
2004.4367015883472,0.9971803426742554,8.369109855266288e-05
2004.457133238975,0.996961772441864,8.363546658074483e-05
2004.4775649891308,0.9961100220680237,8.353668818017468e-05
2004.4979968392945,0.9951897263526917,8.330440323334187e-05
2004.5184284892239,0.9940164685249329,8.28714037197642e-05
2004.559292088612,0.993033230304718,8.325495582539588e-05
2004.5797237378429,0.9928805828094482,8.331256685778499e-05
2004.6001554870672,0.9932879209518433,8.338563930010423e-05
2004.620587335834,0.9928666353225708,8.334695303346962e-05
2004.6410190845927,0.9942425489425659,8.34871461847797e-05
2004.661450733358,0.9943943023681641,8.352911390829831e-05
2004.681882581659,0.9947052001953125,8.35715836728923e-05
2004.7023143297265,0.9957957863807678,8.363438973901793e-05
2004.7227460777867,0.9962416291236877,8.366764086531475e-05
2004.7431778256214,0.9953086972236633,8.366433758055791e-05
2004.763609573216,0.9962814450263977,8.373051241505891e-05
2004.8044730677211,0.9953450560569763,8.276688458863646e-05
2004.8249048148573,0.9954029321670532,8.286697266157717e-05
2004.8453365617534,0.9950385689735413,8.290114055853337e-05
2004.8657683084239,0.9947420954704285,8.289626566693187e-05
2004.8862000548543,0.9942578077316284,8.293394785141572e-05
2004.9066318010591,0.9938855767250061,8.297638851217926e-05
2004.9270635470311,0.9939168095588684,8.303480717586353e-05
2004.9474952930032,0.9939022064208984,8.30592107377015e-05
2004.967927038735,0.9935211539268494,8.314054866787046e-05
2004.9883587842414,0.9933211803436279,8.315579907502979e-05
2005.0087905295077,0.9932868480682373,8.319710468640551e-05
2005.0292222745484,0.9933067560195923,8.326013630721718e-05
2005.049654019589,0.9933987855911255,8.332141442224383e-05
2005.0700858641576,0.9940434098243713,8.336738392245024e-05
2005.0905175087319,0.9939044117927551,8.340550994034857e-05
2005.110949253307,0.9942517876625061,8.346788672497496e-05
2005.1313810974098,0.9942104816436768,8.347949187736958e-05
2005.1518128412863,0.9947540163993835,8.357263868674636e-05
2005.172244485162,0.9950355291366577,8.3596671174746e-05
2005.1926763287993,0.9962027668952942,8.365952817257494e-05
2005.2131080722102,0.9961571097373962,8.367615373572335e-05
2005.2335397153875,0.9963145852088928,8.370733849005774e-05
2005.253971558559,0.996006965637207,8.370844443561509e-05
2005.294834943983,0.9932573437690735,8.323216025019065e-05
2005.315266786456,0.9934402704238892,8.328015974257141e-05
2005.3356985287028,0.993325412273407,8.334367157658562e-05
2005.3561301709487,0.9937305450439453,8.336870087077841e-05
2005.3765620129561,0.9941256046295166,8.343411172972992e-05
2005.3969937545044,0.9948990941047668,8.349710697075352e-05
2005.4174255960534,0.9950768351554871,8.352554141310975e-05
2005.4378572375936,0.9950125217437744,8.356405305676162e-05
2005.4582889786761,0.9954845309257507,8.360704669030383e-05
2005.4787208197595,0.995058536529541,8.361270010937005e-05
2005.4991524606012,0.9960277080535889,8.368569979211316e-05
2005.519584201218,0.9962082505226135,8.370363502763212e-05
2005.540016041603,0.9964655041694641,8.372728188987821e-05
2005.560447681979,0.9966613054275513,8.375028846785426e-05
2005.5808794218974,0.996802031993866,8.376582263736054e-05
2005.6013112618166,0.9974037408828735,8.380861982004717e-05
2005.6217429014941,0.9976743459701538,8.380682993447408e-05
2005.6421746411797,0.9979982376098633,8.379876817343757e-05
2005.6626063803997,0.9978513717651367,8.37815459817648e-05
2005.6830381196123,0.9983081817626953,8.377833728445694e-05
2005.7034698585994,0.998183012008667,8.376714686164632e-05
2005.7239016973544,0.997940719127655,8.375439938390628e-05
2005.7443333361007,0.9980300664901733,8.371115109184757e-05
2005.7851969126787,0.9956865310668945,8.289532706839964e-05
2005.8056285507264,0.9953213334083557,8.290966070489958e-05
2005.826060388783,0.9949977993965149,8.293621067423373e-05
2005.846492126373,0.9946513175964355,8.300707122543827e-05
2005.8669237639551,0.9948198199272156,8.307358802994713e-05
2005.8873556013132,0.9942103624343872,8.30681819934398e-05
2005.9077873384376,0.9941207766532898,8.310961857205257e-05
2005.9282189753212,0.9941833019256592,8.319320477312431e-05
2005.9486508122136,0.9938870668411255,8.323452493641526e-05
2005.9690825488724,0.9939993619918823,8.332537981914356e-05
2005.989514285291,0.9943481683731079,8.335593884112313e-05
2006.0099460214842,0.9949007034301758,8.339492342201993e-05
2006.0303777576773,0.9944013357162476,8.341846842085943e-05
2006.0508094936304,0.9945685267448425,8.344124944414943e-05
2006.0712412293578,0.9953573942184448,8.352631266461685e-05
2006.0916729648525,0.9951750636100769,8.355078898603097e-05
2006.1121048001078,0.9953990578651428,8.360089123016223e-05
2006.1325364353688,0.996120810508728,8.363850793102756e-05
2006.1529681703978,0.9961845278739929,8.364967652596533e-05
2006.1734000051874,0.9962450265884399,8.367923146579415e-05
2006.1938317397507,0.9967179894447327,8.371381409233436e-05
2006.2142633743133,0.997062087059021,8.374926255783066e-05
2006.2346952086373,0.9971920847892761,8.377774065593258e-05
2006.255126942735,0.9970824718475342,8.376326877623796e-05
2006.2755585768318,0.9975067973136902,8.379326754948124e-05
2006.2959904104573,0.9977309107780457,8.380250801565126e-05
2006.3164221440893,0.998011589050293,8.381522638956085e-05
2006.3368537774877,0.9981860518455505,8.379298378713429e-05
2006.3572856106475,0.9981775879859924,8.38121777633205e-05
2006.377717243813,0.9985098838806152,8.376552432309836e-05
2006.3981489767466,0.9984365105628967,8.377329504583031e-05
2006.4185808094408,0.99794602394104,8.371026342501864e-05
2006.4390124419078,0.9977195262908936,8.363537926925346e-05
2006.4594442743692,0.9969145655632019,8.355119643965736e-05
2006.4798760063713,0.9961131811141968,8.33162703202106e-05
2006.5207394703757,0.9950451254844666,8.30164790386334e-05
2006.541171201905,0.994651198387146,8.31094293971546e-05
2006.5616029334415,0.9941604733467102,8.306799281854182e-05
2006.5820346647379,0.9943729043006897,8.320352208102122e-05
2006.6024663960416,0.9939188361167908,8.32250589155592e-05
2006.6228981268796,0.994149923324585,8.333138976013288e-05
2006.643329957711,0.9947807192802429,8.340730710187927e-05
2006.6637615883155,0.9954491853713989,8.346102549694479e-05
2006.684193318688,0.9955419301986694,8.351691212737933e-05
2006.7046251490538,0.9950522184371948,8.353753219125792e-05
2006.7250567791925,0.9960142374038696,8.362546941498294e-05
2006.7454885090992,0.99559485912323,8.362837979802862e-05
2006.7659203387666,0.9957979917526245,8.363338565686718e-05
2006.7863519684397,0.9965341091156006,8.372487354790792e-05
2006.8067837978815,0.9973556399345398,8.375094330403954e-05
2006.8272155270824,0.996867835521698,8.376571349799633e-05
2006.847647156057,0.9975701570510864,8.379077917197719e-05
2006.8680789850332,0.9975645542144775,8.380399231100455e-05
2006.8885107137685,0.9979194402694702,8.380579674849287e-05
2006.9089423422774,0.9986749887466431,8.380908548133448e-05
2006.929374170788,0.9989594221115112,8.376347977900878e-05
2006.9498058988247,0.9986384510993958,8.377667109016329e-05
2006.9702375271008,0.9984465837478638,8.372557203983888e-05
2007.011101082484,0.9950694441795349,8.306082600029185e-05
2007.0315328100623,0.995166540145874,8.310587145388126e-05
2007.051964537408,0.9946160912513733,8.316733146784827e-05
2007.0723962647462,0.9941931366920471,8.32252626423724e-05
2007.092827991626,0.9940748810768127,8.325717499246821e-05
2007.113259718506,0.9942923188209534,8.330280252266675e-05
2007.1336914451458,0.9951089024543762,8.336680184584111e-05
2007.154123171793,0.9956735372543335,8.344543311977759e-05
2007.1745548982071,0.9950965046882629,8.347076800419018e-05
2007.1949866243813,0.9953336119651794,8.352413715329021e-05
2007.2154184503306,0.9954789280891418,8.353727753274143e-05
2007.2358500762784,0.9958494901657104,8.360495849046856e-05
2007.256281801987,0.9959486722946167,8.359906496480107e-05
2007.2767136274706,0.9956809878349304,8.361275104107335e-05
2007.29714525272,0.9962403774261475,8.36699764477089e-05
2007.3175769779627,0.9969061017036438,8.372472802875564e-05
2007.3380088029808,0.9978384971618652,8.376708865398541e-05
2007.3584404277644,0.9973605275154114,8.377935591852292e-05
2007.3788721525416,0.9976240992546082,8.378363418160006e-05
2007.399303977094,0.9978745579719543,8.383153181057423e-05
2007.419735601412,0.9976158142089844,8.377578342333436e-05
2007.4401674254914,0.9987343549728394,8.383097883779556e-05
2007.4605991495773,0.9984871745109558,8.380426879739389e-05
2007.5014625970434,0.9965576529502869,8.288760727737099e-05
2007.5218943206637,0.9962706565856934,8.293240534840152e-05
2007.5423260440439,0.996516227722168,8.295998122775927e-05
2007.5627577671985,0.9960787892341614,8.300718036480248e-05
2007.583189490353,0.9958092570304871,8.302061905851588e-05
2007.603621213275,0.9953585267066956,8.304283255711198e-05
2007.6240530359573,0.9953671097755432,8.311583223985508e-05
2007.6444846584127,0.995262086391449,8.312401041621342e-05
2007.6649163808615,0.9949511885643005,8.316964522236958e-05
2007.6853482030856,0.9948403239250183,8.32074074423872e-05
2007.7057798250753,0.9951213002204895,8.32498844829388e-05
2007.7262115470658,0.9948474764823914,8.333518781000748e-05
2007.7466432688161,0.9951502680778503,8.340689237229526e-05
2007.767074990341,0.9950597286224365,8.342980436282232e-05
2007.7875068116264,0.9951666593551636,8.348668779945001e-05
2007.8079385329183,0.9956480264663696,8.353602606803179e-05
2007.8283701539767,0.9957698583602905,8.356484613614157e-05
2007.8488019750293,0.9963157773017883,8.362323569599539e-05
2007.869233595622,0.9966393709182739,8.365324174519628e-05
2007.8896653162155,0.9968697428703308,8.369077113457024e-05
2007.9100971368025,0.9967901110649109,8.370872092200443e-05
2007.9305287569296,0.9969501495361328,8.37353290989995e-05
2007.9509604770574,0.9977922439575195,8.37697516544722e-05
2007.9713922971787,0.9979963302612305,8.379814244108275e-05
2007.99182391684,0.9975988268852234,8.381286897929385e-05
2008.0122556365022,0.9981985688209534,8.382189844269305e-05
2008.032687455925,0.9982855916023254,8.38286941871047e-05
2008.0531191753544,0.9986599087715149,8.385133696720004e-05
2008.07355079455,0.9991195797920227,8.384599641431123e-05
2008.0939826135073,0.999101459980011,8.38297710288316e-05
2008.114414332471,0.9990490078926086,8.381625957554206e-05
2008.134846050969,0.9995126724243164,8.381630323128775e-05
2008.1552777694596,0.9990072846412659,8.377287304028869e-05
2008.1757094879576,0.999029815196991,8.373183663934469e-05
2008.1961413062236,0.9988019466400146,8.36878753034398e-05
2008.2370046420474,0.9967296719551086,8.298354805447161e-05
2008.2574364598477,0.9965377449989319,8.301815978484228e-05
2008.2778680774063,0.9959971308708191,8.308181713800877e-05
2008.2982997947402,0.9958530068397522,8.313883881783113e-05
2008.3187316120748,0.9957135915756226,8.318052277900279e-05
2008.3391632291678,0.9957800507545471,8.323371730512008e-05
2008.3595949462688,0.9957456588745117,8.327735122293234e-05
2008.380026762905,0.9957733750343323,8.334226004080847e-05
2008.4004583795322,0.9955030679702759,8.340484782820567e-05
2008.4208900961676,0.9960115551948547,8.345961396116763e-05
2008.441321912338,0.995967447757721,8.350670395884663e-05
2008.5026169606062,0.9962770938873291,8.308294491143897e-05
2008.5230487763038,0.9960563778877258,8.310979319503531e-05
2008.543480491775,0.9962212443351746,8.313474245369434e-05
2008.5639122072462,0.9959848523139954,8.314367732964456e-05
2008.5843438224765,0.9957307577133179,8.320576307596639e-05
2008.6047756374828,0.9955183863639832,8.322139183292165e-05
2008.6252073524884,0.9956145286560059,8.324199734488502e-05
2008.645638967253,0.995372474193573,8.327927207574248e-05
2008.6660707820265,0.9952735304832458,8.324781811097637e-05
2008.6865024963336,0.995867908000946,8.335957681993023e-05
2008.7069341106326,0.9960553646087646,8.33794183563441e-05
2008.7273659249404,0.9962254762649536,8.339389023603871e-05
2008.7477976390146,0.9967029690742493,8.344257366843522e-05
2008.7682294528495,0.9958716630935669,8.346514368895441e-05
2008.7886610664573,0.9960354566574097,8.35225437185727e-05
2008.8090927800658,0.9962175488471985,8.355083264177665e-05
2008.829524593435,0.9967279434204102,8.362322114408016e-05
2008.84995620681,0.9974226355552673,8.367565897060558e-05
2008.870387919953,0.9971356391906738,8.368690760107711e-05
2008.8908197328565,0.9972171187400818,8.371508010895923e-05
2008.9112513457658,0.9977086782455444,8.372444426640868e-05
2008.931683058443,0.9977297186851501,8.376402547582984e-05
2008.952114870881,0.9985681176185608,8.380004874197766e-05
2008.9725464833245,0.9987951517105103,8.384222019230947e-05
2008.9929781955361,0.9997875690460205,8.383344538742676e-05
2009.0134100075084,0.9995210766792297,8.38513151393272e-05
2009.033841719487,0.9992344379425049,8.384802640648559e-05
2009.0542733312323,0.9994109272956848,8.384971442865208e-05
2009.0747051427388,0.9999414682388306,8.386006811633706e-05
2009.095136854252,0.9997177124023438,8.385169348912314e-05
2009.1155685655249,0.9999147653579712,8.383215026697144e-05
2009.1360002768051,0.9997763633728027,8.38358246255666e-05
2009.1564319878526,0.9998318552970886,8.381824591197073e-05
2009.1768637986606,0.9999827742576599,8.380507642868906e-05
2009.2177271200562,0.9965305328369141,8.314094156958163e-05
2009.2381588303979,0.9968158602714539,8.31480574561283e-05
2009.2585905407468,0.9964385628700256,8.320777851622552e-05
2009.2790221508621,0.9961928129196167,8.320308552356437e-05
2009.299453960739,0.9961322546005249,8.327136310981587e-05
2009.3198856706222,0.9960794448852539,8.329605043400079e-05
2009.3403172802718,0.9958210587501526,8.32923105917871e-05
2009.3607490899158,0.9962871670722961,8.334653830388561e-05
2009.3811807993334,0.9960415363311768,8.338120824191719e-05
2009.401612608519,0.996009111404419,8.343613444594666e-05
2009.4220442176957,0.9960381388664246,8.344524394487962e-05
2009.4424759266476,0.996550977230072,8.355888712685555e-05
2009.4629077353675,0.9969416260719299,8.358534250874072e-05
2009.4833393440786,0.9971601963043213,8.357915066881105e-05
2009.5037710525648,0.9970753192901611,8.361440995940939e-05
2009.524202861052,0.9968252182006836,8.361425716429949e-05
2009.544634569298,0.9971489906311035,8.36546387290582e-05
2009.565066177318,0.9975083470344543,8.372406591661274e-05
2009.5854979853393,0.9977589845657349,8.372092997888103e-05
2009.6059296931198,0.9972739219665527,8.371097646886483e-05
2009.6263613009069,0.9979602694511414,8.377191988984123e-05
2009.6467931084626,0.9990121126174927,8.381983934668824e-05
2009.6672248157774,0.9988416433334351,8.383581007365137e-05
2009.6876564230988,0.9990934729576111,8.384375541936606e-05
2009.7080882301889,0.9991410374641418,8.386786066694185e-05
2009.728519937038,0.9989937543869019,8.385319961234927e-05
2009.7489517438953,0.9988610744476318,8.38476771605201e-05
2009.7693833505182,0.9999287128448486,8.386003173654899e-05
2009.7898150571345,0.9993520379066467,8.384952525375411e-05
2009.8102468635261,0.9997962713241577,8.388144487980753e-05
2009.8306784696833,1.0001025199890137,8.386893023271114e-05
2009.851110175834,1.000219702720642,8.384834654862061e-05
2009.8715418817592,1.0002706050872803,8.385811815969646e-05
2009.8919735876843,1.0000369548797607,8.382147643715143e-05
2009.9124052933694,0.9999328851699829,8.38179694255814e-05
2009.9532687042883,0.998141884803772,8.2995647971984e-05
2009.9737004095077,0.9979690909385681,8.296908345073462e-05
2009.9941321145016,0.9976255297660828,8.300314948428422e-05
2010.0145638194954,0.9978950619697571,8.30339704407379e-05
2010.034995524482,0.9976655840873718,8.30667995614931e-05
2010.05542722901,0.997728705406189,8.309513941640034e-05
2010.075858933771,0.9985247850418091,8.313195576192811e-05
2010.09629073806,0.9972211122512817,8.312454156111926e-05
2010.1167224423552,0.997005045413971,8.317167521454394e-05
2010.1371540466498,0.9967897534370422,8.321783388964832e-05
2010.157585850473,0.9968950152397156,8.326031820615754e-05
2010.1780175545355,0.9967390298843384,8.329813863383606e-05
2010.1984491581316,0.9965423345565796,8.331600110977888e-05
2010.2188809617219,0.9966007471084595,8.334918675245717e-05
2010.2393126653187,0.9966254830360413,8.33951125969179e-05
2010.2597442684491,0.996773362159729,8.339787018485367e-05
2010.2801760718066,0.9967618584632874,8.341639477293938e-05
2010.300607774705,0.9963139891624451,8.345491369254887e-05
2010.3210393776026,0.9967271089553833,8.350711141247302e-05
2010.3414711804944,0.9967969059944153,8.353163138963282e-05
2010.36190288316,0.9968554377555847,8.360484935110435e-05
2010.382334685586,0.9977153539657593,8.366855036001652e-05
2010.402766288018,0.9977049231529236,8.370415162062272e-05
2010.4436297921784,0.997140645980835,8.317605534102768e-05
2010.4640613941447,0.9968138337135315,8.317597530549392e-05
2010.4844930961117,0.9968827366828918,8.321041968883947e-05
2010.5049248978394,0.9967687726020813,8.323541260324419e-05
2010.5253565993407,0.9963585138320923,8.321894711116329e-05
2010.5457882008413,0.996421754360199,8.327665273100138e-05
2010.5662200021034,0.9967604875564575,8.330846321769059e-05
2010.586651703139,0.9968836307525635,8.333761797985062e-05
2010.607083304174,0.9969561100006104,8.339923806488514e-05
2010.6275151052032,0.9974839687347412,8.342332148458809e-05
2010.6479468057732,0.9965949058532715,8.347813127329573e-05
2010.6683784065754,0.9962196350097656,8.342464570887387e-05
2010.688810206906,0.9967854022979736,8.351372525794432e-05
2010.7092418072425,0.9963687062263489,8.347984839929268e-05
2010.7296736075805,0.9969629049301147,8.353834709851071e-05
2010.7501053076776,0.9970941543579102,8.357557817362249e-05
2010.7705369075484,0.9968497157096863,8.35989267216064e-05
2010.7909687074207,0.9973369240760803,8.365533722098917e-05
2010.8114004070521,0.9972922801971436,8.363378583453596e-05
2010.83183200669,0.9977884292602539,8.368283306481317e-05
2010.8522638060967,0.99799644947052,8.369370334548876e-05
2010.8726955054954,0.9986293315887451,8.3684288256336e-05
2010.8931271046677,0.9986523985862732,8.371315198019147e-05
2010.9135589036086,0.998197615146637,8.372273441636935e-05
2010.9339906025416,0.9983559250831604,8.377768972422928e-05
2010.954422301249,0.998199999332428,8.378766506211832e-05
2010.9748539999564,0.998191773891449,8.376243931706995e-05
2010.99528569854,0.9990739226341248,8.38177147670649e-05
2011.015717496899,0.9991728663444519,8.383465319639072e-05
2011.0361491951408,0.9988885521888733,8.382937812712044e-05
2011.0565807933745,0.9991678595542908,8.384219836443663e-05
2011.0770125912677,0.9994516968727112,8.38493651826866e-05
2011.0974442891602,0.9992430210113525,8.385186083614826e-05
2011.1178758869282,1.0000559091567993,8.386863191844895e-05
2011.1383076845887,1.000262975692749,8.390140283154324e-05
2011.1791709794343,0.9978777170181274,8.369093120563775e-05
2011.199602776629,0.9976034164428711,8.366003021365032e-05
2011.2200344737066,0.9978796243667603,8.367172267753631e-05
2011.2404660707762,0.9988171458244324,8.378945494769141e-05
2011.2608978676217,0.9985931515693665,8.379261271329597e-05
2011.28132956435,0.998838484287262,8.383531530853361e-05
2011.301761160954,0.998956024646759,8.385004912270233e-05
2011.3221929574502,0.9990273118019104,8.38449559523724e-05
2011.3426246537128,1.000169038772583,8.386370609514415e-05
2011.3630563499682,0.9998839497566223,8.388019341509789e-05
2011.3834880461145,0.9999489784240723,8.38896376080811e-05
2011.424351437934,0.999382495880127,8.288567187264562e-05
2011.4447831336147,0.9992611408233643,8.291025005746633e-05
2011.4652148291789,0.9990739226341248,8.296695159515366e-05
2011.4856465246194,0.9985032677650452,8.297308522742242e-05
2011.5060782200671,0.9985260963439941,8.299753972096369e-05
2011.5265099152748,0.9988853931427002,8.303044887725264e-05
2011.546941710374,0.998731791973114,8.306698146043345e-05
2011.5673733053554,0.9982560873031616,8.309226541314274e-05
2011.5878050001047,0.9980819225311279,8.312632417073473e-05
2011.6082367948475,0.9976789355278015,8.313876605825499e-05
2011.6286683894796,0.9977610111236572,8.321584755321965e-05
2011.6491001839895,0.9973358511924744,8.3171806181781e-05
2011.6695318782731,0.9974412322044373,8.32557343528606e-05
2011.689963472556,0.997360348701477,8.328568947035819e-05
2011.7103952666002,0.9971879720687866,8.328464900841936e-05
2011.730826960651,0.9971330761909485,8.334508311236277e-05
2011.7512585544682,0.9970759153366089,8.336394967045635e-05
2011.7716903482797,0.9968292117118835,8.339998021256179e-05
2011.7921220418648,0.9970266222953796,8.346227696165442e-05
2011.8125536353327,0.9972179532051086,8.35019673104398e-05
2011.832985428795,0.9974178075790405,8.351831638719887e-05
2011.8534171220308,0.9972907900810242,8.353634621016681e-05
2011.8738488151503,0.9970805644989014,8.354927558684722e-05
2011.894280508146,0.9977326393127441,8.361010259250179e-05
2011.9147122010327,0.9977000951766968,8.361863729078323e-05
2011.9351439938036,0.9981185793876648,8.364144741790369e-05
2011.9555755864494,0.9981146454811096,8.3670332969632e-05
2011.9760072789868,0.9980407357215881,8.36969556985423e-05
2011.9964390714085,0.9984754920005798,8.375054312637076e-05
2012.0168707637058,0.9986081719398499,8.379973587580025e-05
2012.0373023558932,0.9988000392913818,8.379808423342183e-05
2012.0577341479657,0.9992073178291321,8.384427928831428e-05
2012.078165739913,0.9990270733833313,8.385382534470409e-05
2012.0985974317518,0.9989369511604309,8.38421328808181e-05
2012.119029223475,0.9995507001876831,8.386663830606267e-05
2012.139460815073,0.9998085498809814,8.389355934923515e-05
2012.1598925064463,1.000072717666626,8.387595880776644e-05
2012.1803242978203,0.9999776482582092,8.388818241655827e-05
2012.2007558890691,1.0003501176834106,8.391222218051553e-05
2012.2211875802095,1.0004363059997559,8.390746370423585e-05
2012.2416193712343,1.0004479885101318,8.38955384097062e-05
2012.2620509620174,1.0009864568710327,8.389797585550696e-05
2012.2824827528093,1.0005499124526978,8.386849367525429e-05
2012.302914443484,1.0007153749465942,8.386820991290733e-05
2012.3233460340343,1.000687599182129,8.385087858187035e-05
2012.3437778243606,1.0006828308105469,8.382253145100549e-05
2012.364209514686,1.000349998474121,8.380493090953678e-05
2012.4050728949805,0.9972525835037231,8.342282671947032e-05
2012.4255045849568,0.9972245097160339,8.347439143108204e-05
2012.445936274693,0.9971656203269958,8.352561417268589e-05
2012.4663679644364,0.997653603553772,8.359939965885133e-05
2012.4867996540634,0.9974703788757324,8.359560888493434e-05
2012.5072313435667,0.9975310564041138,8.365277608390898e-05
2012.5276630329608,0.9979488253593445,8.367232658201829e-05
2012.5480947222386,0.9980197548866272,8.372362208319828e-05
2012.5685265113934,0.9976770281791687,8.373479795409366e-05
2012.5889582004384,0.9985589981079102,8.377307676710188e-05
2012.609389789366,0.9992660880088806,8.381857333006337e-05
2012.6298215781717,0.9993475675582886,8.38128398754634e-05
2012.6502532668674,1.0003687143325806,8.38056585052982e-05
2012.6706848554459,0.9994036555290222,8.385712862946093e-05
2012.6911166439022,0.9994110465049744,8.388392598135397e-05
2012.7115483322486,1.0000367164611816,8.389686263399199e-05
2012.731979920478,1.0000245571136475,8.387664274778217e-05
2012.752411708585,1.0003492832183838,8.391284791287035e-05
2012.7728433965822,1.0006864070892334,8.387203706661239e-05
2012.7932749845786,1.0004262924194336,8.390058064833283e-05
2012.8137067723364,1.00086510181427,8.389766298932955e-05
2012.8341384601008,1.000653862953186,8.389508002437651e-05
2012.854570147625,1.000652551651001,8.390175935346633e-05
2012.8954334224545,0.9999434351921082,8.300760964630172e-05
2012.915865209754,0.9992075562477112,8.299776527564973e-05
2012.9362968968126,0.9988950490951538,8.30295030027628e-05
2012.9567285838784,0.9989884495735168,8.307339885504916e-05
2012.9771602707042,0.9990364909172058,8.305071241920814e-05
2012.9975919575372,0.9990473389625549,8.308554242830724e-05
2013.0180236442538,0.9986212849617004,8.31361030577682e-05
2013.038455330854,0.9983043074607849,8.31563156680204e-05
2013.0588870173306,0.9981111288070679,8.31713987281546e-05
2013.079318703698,0.9982147216796875,8.319150219904259e-05
2013.0997504899424,0.9979835748672485,8.320639608427882e-05
2013.1201820760762,0.9982392191886902,8.32271616673097e-05
2013.1406138622115,0.9976320862770081,8.326935494551435e-05
2013.161045548106,0.9979678988456726,8.331004937645048e-05
2013.1814771338904,0.9975028038024902,8.332992729265243e-05
2013.2019089196765,0.9974226355552673,8.336154860444367e-05
2013.2223406052217,0.9972776770591736,8.336209430126473e-05
2013.2427721907734,0.997131884098053,8.340780186699703e-05
2013.2632039762102,0.9971362352371216,8.342348883161321e-05
2013.2836356615226,0.9975735545158386,8.340361819136888e-05
2013.304067246725,0.997286319732666,8.348877599928528e-05
2013.3244990316962,0.9979889988899231,8.353005250683054e-05
2013.3449307167757,0.9975646734237671,8.356483886018395e-05
2013.365362301629,0.9974991679191589,8.357462502317503e-05
2013.3857940863672,0.9982479810714722,8.362815424334258e-05
2013.406225770981,0.9979563355445862,8.36672043078579e-05
2013.4266574556023,0.9981054663658142,8.370787691092119e-05
2013.4470891399906,0.9982020854949951,8.370628347620368e-05
2013.4675208243716,0.9983985424041748,8.372290176339447e-05
2013.4879525086435,0.9989802837371826,8.380672807106748e-05
2013.5083841926826,0.9991377592086792,8.382707164855674e-05
2013.5288158767144,0.9992748498916626,8.384178363485262e-05
2013.5492475607534,0.9997407793998718,8.386416448047385e-05
2013.5696792445597,0.9996312856674194,8.386337867705151e-05
2013.5901109282422,1.0000121593475342,8.39107742649503e-05
2013.6105427118164,1.0002254247665405,8.390636503463611e-05
2013.630974295389,1.0006961822509766,8.3888866356574e-05
2013.6514059788387,1.0008594989776611,8.389736467506737e-05
2013.6718377620637,1.0009419918060303,8.390470611630008e-05
2013.692269345287,1.0009548664093018,8.38807609397918e-05
2013.7127010283875,1.001025915145874,8.387921116081998e-05
2013.7331328113796,1.0010322332382202,8.385779074160382e-05
2013.7535643942538,1.000745415687561,8.383953536394984e-05
2013.7739961771222,1.0007884502410889,8.378269558306783e-05
2013.7944278597643,1.0008407831192017,8.377130870940164e-05
2013.8148594424056,1.000454068183899,8.371154399355873e-05
2013.8352912249247,1.0003209114074707,8.372646698262542e-05
2013.8761544895096,0.9998865127563477,8.300282206619158e-05
2013.896586271796,0.9995700716972351,8.305074879899621e-05
2013.917017953856,0.9990225434303284,8.305050141643733e-05
2013.9374496357923,0.9992421865463257,8.309756958624348e-05
2013.9578813177359,0.998947024345398,8.311816782224923e-05
2013.978312999563,0.9988178610801697,8.31224606372416e-05
2013.9987446811574,0.9988967776298523,8.31365177873522e-05
2014.019176362861,0.9987882375717163,8.319893822772428e-05
2014.0396080443388,0.998405933380127,8.316751336678863e-05
2014.0600398256938,0.9985891580581665,8.321415953105316e-05
2014.080471506939,0.9985755085945129,8.325365342898294e-05
2014.1009030881833,0.9985518455505371,8.322253415826708e-05
2014.1213348693054,0.9982121586799622,8.323791553266346e-05
2014.1417665503177,0.9984156489372253,8.323448855662718e-05
2014.1621981312128,0.9981307983398438,8.323760994244367e-05
2014.1826299119857,0.9984848499298096,8.329973934451118e-05
2014.2030615926487,0.9982216358184814,8.330275886692107e-05
2014.223493173311,0.998327374458313,8.332603465532884e-05
2014.243924953851,0.9981292486190796,8.33394005894661e-05
2014.2643565342805,0.9981529116630554,8.335863094544038e-05
2014.2847882145943,0.9981662631034851,8.337297185789794e-05
2014.3052199947851,0.9979794025421143,8.33866506582126e-05
2014.3256515749817,0.9978851079940796,8.340102795045823e-05
2014.346083354947,0.9979223608970642,8.347474795300514e-05
2014.3665150349043,0.9980422258377075,8.34823222248815e-05
2014.3869466147517,0.997963547706604,8.349850395461544e-05
2014.407378394484,0.9980668425559998,8.357503247680143e-05
2014.4278100740921,0.9981883764266968,8.359483763342723e-05
2014.4482417537074,0.9982274770736694,8.364630775758997e-05
2014.4686734332063,0.9983950257301331,8.364378300029784e-05
2014.4891051125815,0.9984936118125916,8.367769623873755e-05
2014.5095367918475,0.9983460903167725,8.371045987587422e-05
2014.5299684709971,0.9987789988517761,8.37483603390865e-05
2014.550400150023,0.9987196326255798,8.377751510124654e-05
2014.5708318290563,0.9989054203033447,8.382911619264632e-05
2014.5912636079738,0.9995118379592896,8.386885019717738e-05
2014.6116951867662,1.0000061988830566,8.38840933283791e-05
2014.6321269654509,1.0000345706939697,8.389611321035773e-05
2014.6525586441348,1.0003798007965088,8.392299787374213e-05
2014.6729902226944,1.00047767162323,8.392862946493551e-05
2014.6934220010298,1.000731348991394,8.393818279728293e-05
2014.713853679481,1.0006320476531982,8.391772280447185e-05
2014.7342852576912,1.0007834434509277,8.393092139158398e-05
2014.7547170357939,1.0007797479629517,8.39355489006266e-05
2014.7751487138958,1.0010329484939575,8.388966671191156e-05
2014.7955802918732,1.0008611679077148,8.385750697925687e-05
2014.816012069743,1.0010778903961182,8.384044485865161e-05
2014.8568753252403,0.9998825788497925,8.300512854475528e-05
2014.8773071028772,0.999794602394104,8.303921640617773e-05
2014.897738780397,0.9995114803314209,8.310349221574143e-05
2014.9181704577932,0.9991846084594727,8.314081060234457e-05
2014.9386021351966,0.9989663362503052,8.319870539708063e-05
2014.9590338124835,0.9986903667449951,8.325577800860628e-05
2017.860331772681,1.000980019569397,8.318998152390122e-05
2017.8807635392513,1.0000325441360474,8.326644456246868e-05
2017.9011951058274,1.00031316280365,8.326984971063212e-05
2017.9216267722804,1.0001062154769897,8.326776151079684e-05
2017.9420585386251,1.0000545978546143,8.329932461492717e-05
2017.9624901049683,1.0000121593475342,8.328029798576608e-05
2017.9829217711958,0.9997462630271912,8.328705735038966e-05
2018.0033535374168,0.999801516532898,8.333548612426966e-05
2018.0237851036436,1.0000423192977905,8.341451757587492e-05
2018.044216769631,0.9998374581336975,8.334640733664855e-05
2018.064648535743,1.000136375427246,8.336365135619417e-05
2018.0850801017368,1.000291347503662,8.344628440681845e-05
2018.1055118676086,1.0003204345703125,8.345699461642653e-05
2018.1259435334869,1.0002979040145874,8.347972470801324e-05
2018.1463751992487,0.9997199177742004,8.355488535016775e-05
2018.1668068650033,1.0000604391098022,8.357752813026309e-05
2018.1872385306488,1.000082015991211,8.360367792192847e-05
2018.2076701962942,1.0002952814102173,8.363691449631006e-05
2018.2281018619324,1.0008227825164795,8.357093611266464e-05
2018.2485335274614,0.9998351335525513,8.36205726955086e-05
2018.268965192874,1.0006345510482788,8.369194256374612e-05
2018.2893969582801,1.000257134437561,8.371518197236583e-05
2018.309828523692,1.0000256299972534,8.374256867682561e-05
2018.3302601889882,1.0013808012008667,8.372371667064726e-05
2018.3506919541614,1.0010426044464111,8.376770711038262e-05
2018.3711235193405,1.0012953281402588,8.378791972063482e-05
2018.391555284521,1.000857949256897,8.381203224416822e-05
2018.411986949577,1.0009734630584717,8.383087697438896e-05
2018.4324185146397,1.0016231536865234,8.380461804335937e-05
2018.4528502795874,1.0016342401504517,8.386206172872335e-05
2018.4732819445271,1.0017300844192505,8.384225657209754e-05
2018.493713509357,1.0015192031860352,8.389008144149557e-05
2018.5141452741882,1.0014739036560059,8.389220602111891e-05
2018.5345768388943,1.0020149946212769,8.384062675759196e-05
2018.5550085036084,1.002334475517273,8.383375097764656e-05
2018.5754402682069,1.002030372619629,8.3884660853073e-05
2018.5958718327965,1.0019659996032715,8.38806590763852e-05
2018.616303597395,1.0020945072174072,8.392763993469998e-05
2018.6367352618763,1.0020838975906372,8.390355651499704e-05
2018.6571669263503,1.0026664733886719,8.38959458633326e-05
2018.6775985907152,1.0025924444198608,8.391958544962108e-05
2018.69803025508,1.0026226043701172,8.39419590192847e-05
2018.7184619193213,1.0031843185424805,8.383789099752903e-05
2018.7388935835697,1.0030533075332642,8.38585474411957e-05
2018.7797569118266,1.0004664659500122,8.338026236742735e-05
2018.8001886759594,1.0003324747085571,8.343291119672358e-05
2018.8206202399742,1.0002673864364624,8.348963456228375e-05
2018.8410520039834,1.0006699562072754,8.343976514879614e-05
2018.8614836678826,1.0003585815429688,8.354825695278123e-05
2018.8819152317737,1.0004042387008667,8.361311483895406e-05
2018.9023469955573,1.0002063512802124,8.361686195712537e-05
2018.92277865934,1.0006117820739746,8.359552884940058e-05
2018.9432102231222,1.0008772611618042,8.366784459212795e-05
2018.963641986782,1.0004305839538574,8.372765296371654e-05
2018.984073650332,1.0008983612060547,8.376469486393034e-05
2019.0045052139903,1.0012166500091553,8.379095379495993e-05
2019.024936977541,1.0012969970703125,8.383442036574706e-05
2019.0453686409746,1.0011905431747437,8.384364628000185e-05
2019.0658002044074,1.0017023086547852,8.38016057969071e-05
2019.0862319678345,1.001544713973999,8.384299144381657e-05
2019.1066636311516,1.0014984607696533,8.377799531444907e-05
2019.1270952944615,1.0011029243469238,8.375503239221871e-05
2019.1475269576622,1.001217246055603,8.379953214898705e-05
2019.167958620863,1.0013225078582764,8.378661004826427e-05
2019.1883902840564,1.0012154579162598,8.385473483940586e-05
2019.2088219471407,1.0015798807144165,8.383383828913793e-05
2019.229253610225,1.0013924837112427,8.383467502426356e-05
2019.2496852731856,1.001555323600769,8.383785461774096e-05
2019.2701169361535,1.0013142824172974,8.385692490264773e-05
2019.2905485991214,1.001279354095459,8.383728709304705e-05
2019.3109802619656,1.001682996749878,8.376746700378135e-05
2019.331411924817,1.0012011528015137,8.376376354135573e-05
2019.3518436876693,1.0007487535476685,8.370987779926509e-05
2019.372275350397,1.0008726119995117,8.366356632905081e-05
2019.392706913015,1.0007297992706299,8.365995017811656e-05
2019.4131386757508,1.0004884004592896,8.362673543160781e-05
2019.4335703383622,1.0009139776229858,8.363789675058797e-05
2019.4540019008637,1.0008249282836914,8.362973312614486e-05
2019.474433663483,1.000559687614441,8.364563836948946e-05
2019.4948653258616,1.0008140802383423,8.366543625015765e-05
2019.515296888363,1.000691533088684,8.368099952349439e-05
2019.5357286507497,1.0005528926849365,8.365303801838309e-05
2019.5561603131282,1.0008037090301514,8.365277608390898e-05
2019.5765918753968,1.0004750490188599,8.362904918612912e-05
2019.597023637667,1.0005625486373901,8.361876098206267e-05
2019.6174552998127,1.0007195472717285,8.366804831894115e-05
2019.6378870620829,1.0008777379989624,8.37293264339678e-05
2019.658318624235,1.0011667013168335,8.372095908271149e-05
2019.6787502862644,1.0015840530395508,8.37887855595909e-05
2019.6991820483017,1.0012880563735962,8.381503721466288e-05
2019.7196136103375,1.0019187927246094,8.382724627153948e-05
2019.7604770342878,1.0027276277542114,8.328154217451811e-05
2019.7809086960915,1.0028923749923706,8.328571129823104e-05
2019.8013402580036,1.0020815134048462,8.329203410539776e-05
2019.8217720198081,1.0016032457351685,8.331029675900936e-05
2019.8422036816046,1.0014556646347046,8.330845594173297e-05
2019.862635343292,1.0016169548034668,8.332943980349228e-05
2019.8830670049792,1.00161612033844,8.333475125255063e-05
2019.9034985666658,1.0012050867080688,8.333228470291942e-05
2019.9239303282302,1.001355767250061,8.333595178555697e-05
2019.944361989801,1.0015226602554321,8.33584344945848e-05
2019.9647935513713,1.0011732578277588,8.337906911037862e-05
2019.9852253128192,1.0013670921325684,8.33532030810602e-05
2020.0056569742737,1.001940369606018,8.330657874466851e-05
2020.0260885357275,1.001496434211731,8.33960366435349e-05
2020.046520297059,1.001633644104004,8.338259067386389e-05
2020.066951958397,1.0009750127792358,8.340976637555286e-05
2020.0873835197344,1.0012187957763672,8.339912164956331e-05
2020.107815281066,1.0009114742279053,8.344385423697531e-05
2020.1282469422877,1.0012285709381104,8.343770605279133e-05
2020.1486787033864,1.0020174980163574,8.339533087564632e-05
2020.1691102646073,1.001039743423462,8.340607018908486e-05
2020.1895419257125,1.0011305809020996,8.344904927071184e-05
2020.2099736868113,1.0010340213775635,8.350536518264562e-05
2020.2304052477994,1.0011173486709595,8.353247540071607e-05
2020.2508369087882,1.00177800655365,8.349848940270022e-05
2020.2712686697705,1.0013591051101685,8.347423863597214e-05
2020.2917003307593,1.0013178586959839,8.354624878847972e-05
2020.312131891631,1.0009795427322388,8.353414159500971e-05
2020.332563652497,1.0011341571807861,8.354528836207464e-05
2020.3529953133693,1.0013799667358398,8.350397547474131e-05
2020.3734269741253,1.0016542673110962,8.351511496584862e-05
2020.393858634874,1.0011940002441406,8.352932491106912e-05
2020.41429029563,1.001011848449707,8.357159094884992e-05
2020.4347220563868,1.0011917352676392,8.358908235095441e-05
2020.4551536170184,1.001739740371704,8.357152546523139e-05
2020.475585277658,1.0016601085662842,8.359541243407875e-05
2020.4960169382975,1.001845359802246,8.354645251529291e-05
2020.5164485988134,1.0014480352401733,8.359259663848206e-05
2020.5368802593366,1.001057505607605,8.355676982318982e-05
2020.5573119198598,1.0013046264648438,8.360120409633964e-05
2020.5777435802593,1.0014513731002808,8.360887295566499e-05
2020.5981752407824,1.0010048151016235,8.364018140127882e-05
2020.6186069010728,1.0020473003387451,8.3652172179427e-05
2020.6390385614723,1.00175142288208,8.363164670299739e-05
2020.6594703218798,1.0016145706176758,8.36168765090406e-05
2020.6799018821694,1.0018088817596436,8.361809886991978e-05
2020.7003335424524,1.001478672027588,8.357370825251564e-05
2020.7207653026271,1.0015159845352173,8.361540676560253e-05
2020.7411968629167,1.001378059387207,8.360862557310611e-05
2020.7616285230833,1.0019391775131226,8.353760495083407e-05
2020.7820602831416,1.001381516456604,8.363077358808368e-05
2020.8024919433155,1.0015867948532104,8.365760004380718e-05
2020.822923503365,1.001389503479004,8.364691893802956e-05
2020.8433552634233,1.0016977787017822,8.362520748050883e-05
2020.8637869234808,1.0015406608581543,8.36104154586792e-05
2020.884218583531,1.0016058683395386,8.36281105875969e-05
2020.9046502434721,1.0015997886657715,8.368727139895782e-05
2020.9250819034132,1.0020763874053955,8.363862434634939e-05
2020.945513563347,1.0017321109771729,8.36793624330312e-05
2020.9659452231717,1.001797080039978,8.371236617676914e-05
2020.9863768829964,1.0016498565673828,8.371883450308815e-05
2021.0068086428146,1.0021367073059082,8.364002860616893e-05
2021.0272402026385,1.0018264055252075,8.36946492199786e-05
2021.0476718624632,1.0021536350250244,8.368619455723092e-05
2021.068103622165,1.0016624927520752,8.36780818644911e-05
2021.0885351818724,1.0018455982208252,8.37198385852389e-05
2021.1089668415807,1.0018889904022217,8.375807374250144e-05
2021.1293986012824,1.0020705461502075,8.374002936761826e-05
2021.1498301608735,1.0020380020141602,8.371569128939882e-05
2021.1702619204589,1.0019586086273193,8.372349839191884e-05
2021.1906935800507,1.002229928970337,8.373896707780659e-05
2021.2111251396418,1.0020480155944824,8.373473247047514e-05
2021.2315568991107,1.0023504495620728,8.371609874302521e-05
2021.2519885587026,1.0021824836730957,8.37324550957419e-05
2021.2724201181773,1.0018904209136963,8.369558054255322e-05
2021.2928518776462,1.0021559000015259,8.369401621166617e-05
2021.3132834370044,1.002166509628296,8.370869909413159e-05
2021.3337150964799,1.0017757415771484,8.371075091417879e-05
2021.3541468558324,1.0024431943893433,8.367947157239541e-05
2021.3745785151914,1.001853346824646,8.368903218070045e-05
2021.3950101744922,1.0018190145492554,8.370832802029327e-05
2021.4154418337857,1.002453327178955,8.361967775272205e-05
2021.4358734930865,1.0021252632141113,8.368067210540175e-05
2021.4563051523292,1.0018243789672852,8.366811380255967e-05
2021.4767368115645,1.0022926330566406,8.364927634829655e-05
2021.497168470807,1.0019545555114746,8.367314876522869e-05
2021.5176002299922,1.0022886991500854,8.365001122001559e-05
2021.5380317891686,1.0022926330566406,8.357534534297884e-05
2021.5584634482948,1.0020997524261475,8.357416663784534e-05
2021.5788952074217,1.0023020505905151,8.355195313924924e-05
2021.5993267664817,1.0023854970932007,8.358479681191966e-05
2021.6197585255504,1.002286434173584,8.356817852472886e-05
2021.6401901846184,1.0024160146713257,8.349973359145224e-05
2021.6606217436783,1.0025482177734375,8.346985123353079e-05
2021.6810535026889,1.0025103092193604,8.340040221810341e-05
2021.7219167206422,1.0022304058074951,8.357627666555345e-05
2021.7423484795945,1.002285361289978,8.358971535926685e-05
2021.762780138546,1.002392292022705,8.357899059774354e-05
2021.7832116974314,1.0021612644195557,8.354953024536371e-05
2021.8036434563255,1.0024546384811401,8.350573625648394e-05
2021.8240751151607,1.0026012659072876,8.349880954483524e-05
2021.8445067740467,1.0028741359710693,8.351630822289735e-05
2021.864938432882,1.0030219554901123,8.350178541149944e-05
2021.8853700916588,1.0026310682296753,8.351400902029127e-05
2021.9058017504285,1.0028666257858276,8.345994137926027e-05
2021.9262334092055,1.0030912160873413,8.344599336851388e-05
2021.9466650679824,1.0028038024902344,8.353388693649322e-05
2021.9670967266939,1.0031328201293945,8.341061038663611e-05
2021.9875283854126,1.0030157566070557,8.343144872924313e-05
2022.0079600441313,1.0031437873840332,8.342713408637792e-05
2022.0283918027853,1.0030338764190674,8.339204941876233e-05
2022.0488233615033,1.0033038854599,8.342647925019264e-05
2022.0692550201056,1.0032931566238403,8.341750071849674e-05
2022.0896867787596,1.0035820007324219,8.337511826539412e-05
2022.1101183373612,1.00334894657135,8.335015445481986e-05
2022.130550095957,1.003732681274414,8.336210157722235e-05
2022.1509817545011,1.0035258531570435,8.335513848578557e-05
2022.1714133131027,1.0037436485290527,8.336203609360382e-05
2022.1918450716475,1.0040384531021118,8.333360165124759e-05
2022.2122767301262,1.004033088684082,8.330032142112032e-05
2022.2327082886695,1.0039912462234497,8.330145647050813e-05
2022.253140047149,1.004005789756775,8.329882984980941e-05
2022.2735717056348,1.0042046308517456,8.327334217028692e-05
2022.29400326412,1.004709005355835,8.326594979735091e-05
2022.3144350225484,1.0046190023422241,8.321942732436582e-05
2022.3348666809688,1.004605770111084,8.321939822053537e-05
2022.3552984393973,1.004691481590271,8.322919165948406e-05
2022.375729997817,1.0046519041061401,8.320355846080929e-05
2022.3961616562447,1.0047916173934937,8.317726314999163e-05
2022.416593414615,1.0047416687011719,8.315715967910364e-05
2022.4574566313458,1.0037648677825928,8.392793824896216e-05
2022.477888389658,1.0037652254104614,8.384908142033964e-05
2022.498320047962,1.0034648180007935,8.385524415643886e-05
2022.5187516063306,1.0036460161209106,8.385427645407617e-05
2022.5391833645845,1.0034797191619873,8.383132080780342e-05
2022.5596150228885,1.002907395362854,8.379260543733835e-05
2022.5800465811408,1.0029962062835693,8.375684410566464e-05
2022.6004783394528,1.003331184387207,8.366974361706525e-05
2022.6209099976986,1.0029186010360718,8.367739792447537e-05
2022.6413416559517,1.0030429363250732,8.359626372111961e-05
2022.6617733141466,1.0031094551086426,8.354202145710588e-05
2022.6822048723989,1.0031945705413818,8.34851452964358e-05
2022.7026366305872,1.0033824443817139,8.349306153832003e-05
2022.723068288782,1.003458023071289,8.347511902684346e-05
2022.743499846969,1.003952980041504,8.342783257830888e-05
2022.7639316051063,1.003790020942688,8.341424108948559e-05
2022.7843632633012,1.0040236711502075,8.340513886651024e-05
2022.8047948214953,1.004136085510254,8.340422937180847e-05
2022.8252265796255,1.004398226737976,8.338000770891085e-05
2022.845658237762,1.004680871963501,8.333550067618489e-05
2022.866089995834,1.004597544670105,8.333003643201664e-05
2022.88652155397,1.0046559572219849,8.332670404342934e-05
2022.9069532121066,1.0048329830169678,8.331417484441772e-05
2022.9273849701785,1.0048452615737915,8.326485840370879e-05
2022.9478165282562,1.0053983926773071,8.324442751472816e-05
2022.9682481863929,1.0052952766418457,8.32049481687136e-05
2022.9886799444066,1.0052850246429443,8.318960317410529e-05
2023.009111602485,1.0051580667495728,8.313950092997402e-05
2023.0295431605628,1.0052404403686523,8.3072081906721e-05
2023.0499749186347,1.0053882598876953,8.303726644953713e-05
2023.070406576655,1.0055545568466187,8.303573849843815e-05
2023.0908382346752,1.0055371522903442,8.296404121210799e-05
2023.1112698927463,1.0056837797164917,8.288909157272428e-05
2023.1317015507666,1.0060163736343384,8.276319567812607e-05
2023.1521333087876,1.0059406757354736,8.267671364592388e-05
2023.19299652482,1.0047351121902466,8.341534703504294e-05
2023.2134282827756,1.0050066709518433,8.332246943609789e-05
2023.233859840795,1.004794716835022,8.330698619829491e-05
2023.254291498757,1.0050227642059326,8.329183037858456e-05
2023.274723256778,1.005314826965332,8.327198156621307e-05
2023.295154814732,1.0054446458816528,8.319650805788115e-05
2023.3155864726941,1.0054377317428589,8.3160623034928e-05
2023.3360182306496,1.0053647756576538,8.310812700074166e-05
2023.356449788611,1.0055044889450073,8.304553921334445e-05
2023.3768815465737,1.005682110786438,8.296282612718642e-05
2023.397313104535,1.005406379699707,8.28691481729038e-05
2023.4381765204525,1.005447506904602,8.322844951180741e-05
2023.4586080784138,1.0053553581237793,8.317896572407335e-05
2023.4790397363686,1.0054923295974731,8.308442920679227e-05
2023.4994714942732,1.0055925846099854,8.301490015583113e-05
2023.5199031524098,1.0057815313339233,8.296377200167626e-05
2023.5403347103056,1.005971908569336,8.285632793558761e-05
2023.5607664682684,1.0062311887741089,8.269115642178804e-05
2023.581198126165,1.0065795183181763,8.258652815129608e-05
2023.601629784127,1.0066653490066528,8.235835412051529e-05
2023.6220614420308,1.0068211555480957,8.216601418098435e-05
2023.6424930999929,1.0063437223434448,8.180185977835208e-05
2023.703788073748,1.0038106441497803,8.375517791137099e-05
2023.7242198316526,1.003570795059204,8.370380965061486e-05
2023.7446513896139,1.0037665367126465,8.3689927123487e-05
2023.7650830475104,1.0038360357284546,8.363061351701617e-05
2023.785514805415,1.0038899183273315,8.352938311873004e-05
2023.8059463633763,1.0042763948440552,8.348833216587082e-05
2023.8263781212736,1.004907250404358,8.350455755135044e-05
2023.8468097791774,1.0048954486846924,8.342829823959619e-05
2023.8672413371387,1.0046850442886353,8.344565139850602e-05
2023.887673095036,1.0049017667770386,8.341955253854394e-05
2023.9081047529398,1.0048993825912476,8.338831685250625e-05
2023.928536310901,1.004900574684143,8.339104533661157e-05
2023.9489680688566,1.0057262182235718,8.33521262393333e-05
2023.9693997267605,1.0058200359344482,8.33245285321027e-05
2023.9898313846643,1.0058190822601318,8.32972364150919e-05
2024.010263042619,1.0057623386383057,8.328334661200643e-05
2024.030694700581,1.0059292316436768,8.323475776705891e-05
2024.051126358485,1.0059887170791626,8.318185427924618e-05
2024.0715580164397,1.005919337272644,8.314837032230571e-05
2024.0919896744017,1.0057930946350098,8.310082921525463e-05
2024.1124213323637,1.006044864654541,8.301933121401817e-05
2024.1328529903185,1.0059304237365723,8.295193401863798e-05
2024.1737163062426,1.0052365064620972,8.336641622008756e-05
2024.1941479641973,1.0056898593902588,8.333697769558057e-05
2024.2145796221594,1.0057615041732788,8.329799311468378e-05
2024.2350113801222,1.0055716037750244,8.33005178719759e-05
2024.2554429381344,1.0056060552597046,8.325336239067838e-05
2024.2758746960972,1.0060871839523315,8.315357990795746e-05
2024.296306354052,1.0062631368637085,8.312729914905503e-05
2024.3167379120714,1.0061750411987305,8.311540295835584e-05
2024.3371696700924,1.0064172744750977,8.303137292386964e-05
2024.3576013280544,1.0063291788101196,8.291694393847138e-05
2024.3780328861249,1.0066266059875488,8.288175013149157e-05
2024.4188963021588,1.0054312944412231,8.336683094967157e-05
2024.4393278601783,1.0059021711349487,8.332378638442606e-05
2024.4597596181993,1.005968451499939,8.32612204249017e-05
2024.4801912762778,1.0064691305160522,8.325567614519969e-05
2024.5006230342915,1.0062226057052612,8.315691229654476e-05
2024.5210545923692,1.006052851676941,8.310136036016047e-05
2024.5414862504404,1.0062333345413208,8.306555537274107e-05
2024.5619180085196,1.0060306787490845,8.300496119773015e-05
2024.5823495665973,1.0069926977157593,8.282167982542887e-05
2024.6027812246757,1.0065999031066895,8.276043081423268e-05
2024.6232129827476,1.0068273544311523,8.260449976660311e-05
2024.664076199013,1.0054471492767334,8.341776992892846e-05
2024.6845079571503,1.0054912567138672,8.339646592503414e-05
2024.704939615287,1.0057893991470337,8.334038284374401e-05
2024.7253712734164,1.0057523250579834,8.331444405484945e-05
2024.745802931553,1.006489634513855,8.32654841360636e-05
2024.7662344897471,1.0062404870986938,8.321226050611585e-05
2024.7866662478773,1.0059949159622192,8.320630149682984e-05
2024.8070979060722,1.0061349868774414,8.311934652738273e-05
2024.8275294643245,1.0062898397445679,8.305683149956167e-05
2024.8479612225128,1.0064374208450317,8.303934737341478e-05
2024.8683928807077,1.0066609382629395,8.291150152217597e-05
2024.9092561972066,1.005312204360962,8.347802940988913e-05
2024.9296878554596,1.0054789781570435,8.344257366843522e-05
2024.9501196137135,1.005868911743164,8.337980398209766e-05
2024.9705511719585,1.0061051845550537,8.33754675113596e-05
2024.9909828302698,1.0062358379364014,8.333122968906537e-05
2025.0114145885818,1.0060738325119019,8.324786176672205e-05
2025.031846146885,1.0062265396118164,8.318760228576139e-05
2025.0522778051964,1.0065807104110718,8.309652912430465e-05
2025.0727095635666,1.0067428350448608,8.29836935736239e-05
2025.093141121928,1.0069576501846313,8.281044574687257e-05
2025.1135727802975,1.0073606967926025,8.266355871455744e-05
2025.15443619703,1.006125569343567,8.33882368169725e-05
2025.1748678554577,1.0062696933746338,8.33389931358397e-05
2025.1952995138854,1.006378412246704,8.332948345923796e-05
2025.2157311723058,1.0064202547073364,8.324313967023045e-05
2025.2361628307917,1.0063236951828003,8.31663710414432e-05
2025.2565944892194,1.0067615509033203,8.313099533552304e-05
2025.2770261477563,1.006750464439392,8.303531649289653e-05
2025.297457906243,1.0070339441299438,8.2851700426545e-05
2025.317889464728,1.007219672203064,8.270379476016387e-05
2025.338321123265,1.0072463750839233,8.248202357208356e-05
2025.3587528818098,1.0072342157363892,8.226589852711186e-05
2025.399616198949,1.0063005685806274,8.317702304339036e-05
2025.4200477575505,1.0069090127944946,8.31006545922719e-05
2025.4404794161528,1.0069358348846436,8.293884457089007e-05
2025.4609111747486,1.0071828365325928,8.280495239887387e-05
2025.4813427334084,1.0073930025100708,8.261104812845588e-05
2025.501774392069,1.0073606967926025,8.228873048210517e-05
2025.5222061507811,1.0070693492889404,8.2057696999982e-05
2025.542637709499,1.0059568881988525,8.15794846857898e-05
2025.6652276620298,1.0060089826583862,8.351206633960828e-05
2025.7060910796936,1.0064245462417603,8.337559120263904e-05
2025.726522738587,1.0063835382461548,8.336781320394948e-05
2025.746954397473,1.0067458152770996,8.33835729281418e-05
2025.7673860563664,1.006435751914978,8.32599398563616e-05
2025.787817715318,1.0069204568862915,8.31910438137129e-05
2025.8082493742695,1.0066380500793457,8.318197797052562e-05
2025.8286810332138,1.00719153881073,8.313384023495018e-05
2025.889976010294,1.0057060718536377,8.350527059519663e-05
2025.9104077693046,1.0056803226470947,8.347689436050132e-05
2025.9308394284235,1.006441593170166,8.346536196768284e-05
2025.9512709874907,1.0074458122253418,8.344293019035831e-05
2025.9717027466177,1.006532073020935,8.336755854543298e-05
2025.9921344057948,1.0069055557250977,8.336891187354922e-05
2026.0125659649202,1.0067087411880493,8.333095320267603e-05
2026.0329977241054,1.0066285133361816,8.32581426948309e-05
2026.0534293833407,1.0066859722137451,8.321295899804682e-05
2026.0738610425833,1.0071438550949097,8.315561717608944e-05
2026.094292701826,1.0069785118103027,8.308175893034786e-05
2026.1351560204203,1.0051672458648682,8.384458487853408e-05
2026.155587679721,1.0051984786987305,8.381671796087176e-05
2026.1760192391303,1.00555419921875,8.368001726921648e-05
2026.19645099849,1.005135416984558,8.367773989448324e-05
2026.2168826579073,1.0055363178253174,8.360212086699903e-05
2026.2373143173172,1.0056006908416748,8.356191392522305e-05
2026.2577459767926,1.0056188106536865,8.352394797839224e-05
2026.278177636268,1.0064164400100708,8.346217509824783e-05
2026.298609395737,1.006256341934204,8.344115485670045e-05
2026.3190409552699,1.0065536499023438,8.341032662428916e-05
2026.3394726148617,1.0064435005187988,8.336415339726955e-05
2026.380336034039,1.0057413578033447,8.406260167248547e-05
2026.4007675936882,1.005935549736023,8.401501690968871e-05
2026.4211993533318,1.0052069425582886,8.396835619350895e-05
2026.44163101304,1.0049620866775513,8.387376874452457e-05
2026.4620625727475,1.0054444074630737,8.383054955629632e-05
2026.4824943324493,1.0055646896362305,8.373991295229644e-05
2026.5029259922449,1.0051897764205933,8.36682811495848e-05
2026.523357752034,1.005439043045044,8.363243250641972e-05
2026.543789311887,1.0054855346679688,8.358342165593058e-05
2026.5642209717407,1.0057427883148193,8.355294994544238e-05
2026.584652731617,1.006290316581726,8.348098344868049e-05
2026.6050842915283,1.006287932395935,8.347259426955134e-05
2026.6255159514985,1.0065008401870728,8.343043009517714e-05
2026.645947711433,1.0066311359405518,8.338667248608544e-05
2026.6663792714317,1.006793737411499,8.33727972349152e-05
2026.6868109314892,1.0066168308258057,8.330591663252562e-05
2026.7072426915402,1.0067167282104492,8.325484668603167e-05
2026.727674251626,1.0069092512130737,8.320048073073849e-05
2026.7481060117425,1.0072072744369507,8.312473801197484e-05
2026.76853767188,1.0072616338729858,8.305477967951447e-05
2026.7889692320823,1.0073827505111694,8.292745042126626e-05
2026.809400992286,1.0075453519821167,8.271959086414427e-05
2026.8298325525102,1.0074920654296875,8.252952102338895e-05
2026.8706959730916,1.0067598819732666,8.33276062621735e-05
2026.8911275334394,1.0067811012268066,8.329931733896956e-05
2026.9115591938098,1.0067434310913086,8.324256486957893e-05
2026.9319909542173,1.007086157798767,8.313557191286236e-05
2026.952422614646,1.0071005821228027,8.307388634420931e-05
2026.9728542751109,1.0072722434997559,8.294744475279003e-05
2026.993285935605,1.0086181163787842,8.280895417556167e-05
2027.0137175961208,1.0097486972808838,8.272230479633436e-05
2027.0341493566739,1.0077998638153076,8.251679537352175e-05
2027.0545809172836,1.0062154531478882,8.209017687477171e-05
2027.075012577916,1.0053801536560059,8.15706662251614e-05
2027.1158758992824,1.0066025257110596,8.33815211080946e-05
2027.136307560002,1.0065820217132568,8.32865116535686e-05
2027.1567393207588,1.0066131353378296,8.323568181367591e-05
2027.1771708815722,1.0068793296813965,8.314569276990369e-05
2027.19760264238,1.007040023803711,8.306535164592788e-05
2027.2180343032524,1.0073047876358032,8.291601989185438e-05
2027.2384658641822,1.0074559450149536,8.273311686934903e-05
2027.2588976251063,1.0072470903396606,8.246665674960241e-05
2027.279329286066,1.0071921348571777,8.227856596931815e-05
2027.2997608471123,1.0067471265792847,8.183815953088924e-05
2027.3201926081529,1.0036370754241943,8.239741873694584e-05
2027.361056030335,1.0052716732025146,8.394265023525804e-05
2027.3814875914904,1.0053623914718628,8.386902482016012e-05
2027.401919252683,1.0050708055496216,8.378011989407241e-05
2027.4223510138982,1.0055164098739624,8.373506716452539e-05
2027.4427825751773,1.005391001701355,8.361680374946445e-05
2027.4632142364862,1.0057740211486816,8.35884566185996e-05
2027.4836458978243,1.0061780214309692,8.352224540431052e-05
2027.504077659185,1.0061501264572144,8.350602729478851e-05
2027.5245092206096,1.0063856840133667,8.342797082150355e-05
2027.5449409820576,1.0062861442565918,8.335360325872898e-05
2027.5653725435695,1.0062566995620728,8.330377750098705e-05
2027.606235966683,1.0061116218566895,8.357267506653443e-05
2027.626667528275,1.005876064300537,8.35765094961971e-05
2027.647099289934,1.0060529708862305,8.354739838978276e-05
2027.667530951614,1.005979061126709,8.349884592462331e-05
2027.6879625133588,1.006059169769287,8.34549791761674e-05
2027.708394275105,1.0063799619674683,8.346043614437804e-05
2027.7288259369088,1.0064523220062256,8.342817454831675e-05
2027.7492574987627,1.0063508749008179,8.341010106960312e-05
2027.7696892606546,1.0067074298858643,8.337374310940504e-05
2027.7901209225674,1.0065665245056152,8.332386641995981e-05
2027.8105526845175,1.0070676803588867,8.332738798344508e-05
2027.851415908619,1.0074807405471802,8.40405555209145e-05
2027.871847670678,1.0065135955810547,8.408977009821683e-05
2027.8922792328303,1.0059229135513306,8.408453868469223e-05
2027.9127108950051,1.0060328245162964,8.404799154959619e-05
2027.933142657217,1.0061278343200684,8.403746323892847e-05
2027.9535742194857,1.0064287185668945,8.398071076953784e-05
2027.9740058817843,1.0053943395614624,8.387309208046645e-05
2027.9944376441345,1.0055872201919556,8.384123793803155e-05
2028.0148693065203,1.004916787147522,8.375397010240704e-05
2028.035300968957,1.0051164627075195,8.371884177904576e-05
2028.0557326314301,1.005719780921936,8.366252586711198e-05
2028.0761642939615,1.0055643320083618,8.360086212633178e-05
2028.0965959565146,1.0057251453399658,8.354969031643122e-05
2028.1783226072148,1.0066379308700562,8.342251385329291e-05
2028.198754269979,1.0064321756362915,8.338187035406008e-05
2028.2191859328232,1.006335973739624,8.332539437105879e-05
2028.2396175957037,1.0064823627471924,8.329567936016247e-05
2028.2600493586142,1.0063774585723877,8.32333680591546e-05
2028.280480921574,1.0069297552108765,8.319372136611491e-05
2028.3009125846002,1.007060170173645,8.311054989462718e-05
2028.3417759107615,1.00529944896698,8.36080580484122e-05
2028.362207573904,1.0059658288955688,8.354471356142312e-05
2028.3826393371055,1.005499005317688,8.346637332579121e-05
2028.4030709003564,1.0060480833053589,8.345399692188948e-05
2028.4235026636452,1.0062406063079834,8.345227251993492e-05
2028.4439343269623,1.0059666633605957,8.339779014931992e-05
2028.4643658903587,1.0067391395568848,8.335544407600537e-05
2028.484797653793,1.0068341493606567,8.333445293828845e-05
2028.5052293172557,1.0067752599716187,8.328557305503637e-05
2028.5256608807977,1.006742238998413,8.324541704496369e-05
2028.5460926443775,1.0066404342651367,8.318055915879086e-05
2028.586955971674,1.0059212446212769,8.377460471820086e-05
2028.6073876353985,1.0052369832992554,8.37139377836138e-05
2028.6278192991813,1.0055851936340332,8.362068183487281e-05
2028.6482510629867,1.0055537223815918,8.361171057913452e-05
2028.668682626856,1.0057177543640137,8.355003228643909e-05
2028.6891142907843,1.0059036016464233,8.351568976650015e-05
2028.7095460547644,1.0059771537780762,8.345586684299633e-05
2028.750409282853,1.0063656568527222,8.339439955307171e-05
2028.7708410469786,1.0062681436538696,8.338440238730982e-05
2028.7912727111398,1.0062229633331299,8.330974378623068e-05
2028.8321360396585,1.0066953897476196,8.404625987168401e-05
2028.8525677039652,1.006612777709961,8.403351966990158e-05
2028.8729993683519,1.0061594247817993,8.401442028116435e-05
2028.893431032775,1.005879521369934,8.398852514801547e-05
2028.9138625972846,1.0054398775100708,8.391453593503684e-05
2028.9342943617885,1.0053236484527588,8.386383706238121e-05
2028.9547260263862,1.0051127672195435,8.379520295420662e-05
2028.9751575910414,1.0052056312561035,8.369211718672886e-05
2028.9955893557199,1.0054194927215576,8.36756662465632e-05
2029.016021020463,1.0056445598602295,8.359196363016963e-05
2029.0364525852638,1.0055910348892212,8.357408660231158e-05
2029.056884350117,1.0056889057159424,8.351064752787352e-05
2029.0773160150202,1.0059902667999268,8.345903916051611e-05
2029.097747779968,1.0060949325561523,8.342436922248453e-05
2029.1181793449796,1.006091594696045,8.337796316482127e-05
2029.1386110100575,1.0063339471817017,8.335378515766934e-05
2029.1590427751653,1.0060228109359741,8.329419506480917e-05
2029.1794743403661,1.0062106847763062,8.325772068928927e-05
2029.1999060056041,1.0060592889785767,8.32194637041539e-05
2029.220337770872,1.006338357925415,8.311913552461192e-05
2029.2407694362191,1.006438970565796,8.302905916934833e-05
2029.2612011016026,1.0066481828689575,8.28873016871512e-05
2029.2816327670735,1.006662130355835,8.262382471002638e-05
2029.3224960981534,1.0048779249191284,8.362463267985731e-05
2029.3429277637697,1.005383849143982,8.357669867109507e-05
2029.363359429437,1.0053964853286743,8.352607255801558e-05
2029.3837911951705,1.0054841041564941,8.350491407327354e-05
2029.4042227609752,1.0057791471481323,8.342736691702157e-05
2029.4246544268171,1.00593101978302,8.339268242707476e-05
2029.4450861927107,1.0058976411819458,8.335963502759114e-05
2029.46551775869,1.0056160688400269,8.33023150335066e-05
2029.4859495247074,1.0059692859649658,8.326800161739811e-05
2029.5063811907894,1.0061354637145996,8.316296589327976e-05
2029.5268127569434,1.0061376094818115,8.307657117256895e-05
2029.5676760893912,1.0047200918197632,8.375069592148066e-05
2029.588107755706,1.004733681678772,8.379797509405762e-05
2029.608539522058,1.0048037767410278,8.369127317564562e-05
2029.628971088503,1.0046265125274658,8.363079541595653e-05
2029.649402755007,1.0051357746124268,8.360690117115155e-05
2029.6698345215336,1.0053406953811646,8.358092600246891e-05
2029.6902660881678,1.0057753324508667,8.358732156921178e-05
2029.7106978548254,1.005258321762085,8.351437281817198e-05
2029.7311295215477,1.005208969116211,8.35000173537992e-05
2029.7515611883573,1.0052889585494995,8.346320828422904e-05
2029.771992855196,1.0052332878112793,8.34160455269739e-05
2029.812856189099,1.0049985647201538,8.366521069547161e-05
2029.8332878561341,1.0045251846313477,8.368394628632814e-05
2029.8537195232348,1.0046610832214355,8.36345279822126e-05
2029.8741512903798,1.00447678565979,8.358957711607218e-05
2029.8945829576041,1.0048025846481323,8.3559425547719e-05
2029.9150145248786,1.0054808855056763,8.353786688530818e-05
2029.935446292242,1.0050653219223022,8.350806456292048e-05
2029.9558779596264,1.005030870437622,8.348844858119264e-05
2029.9763095271192,1.0051689147949219,8.439835801254958e-05
2029.9967412946426,1.0048798322677612,8.438875374849886e-05
2030.0171729622307,1.0053397417068481,8.434892515651882e-05
2030.0580362976252,1.0053930282592773,8.423448889516294e-05
2030.078467965417,1.0047686100006104,8.434497431153432e-05
2030.0988997332606,1.0046902894973755,8.437028736807406e-05
2030.11933130119,1.0046712160110474,8.445097046205774e-05
2030.1397629691564,1.005261778831482,8.442939724773169e-05
2030.1601947371892,1.0048483610153198,8.448967128060758e-05
2030.1806263053222,1.0045257806777954,8.451962639810517e-05
2030.2010579734924,1.0039963722229004,8.451323810731992e-05
2030.221489641728,1.0041996240615845,8.450562745565549e-05
2030.2419213100366,1.0042551755905151,8.448648441117257e-05
2030.2623529784105,1.004310965538025,8.449136657873169e-05
2030.28278464685,1.004349946975708,8.448543667327613e-05
2030.3032163153475,1.0043199062347412,8.446074207313359e-05
2030.3236480839114,1.0048083066940308,8.447148866252974e-05
2030.3440796525538,1.0048954486846924,8.441935642622411e-05
2030.3645113212624,1.0048391819000244,8.4378567407839e-05
2030.3849430900227,1.0049073696136475,8.432877802988514e-05
2030.4053747588623,1.004377841949463,8.425294799963012e-05
2030.425806327774,1.0051785707473755,8.426804561167955e-05
2030.4462380967307,1.0046688318252563,8.415743650402874e-05
2030.466669765774,1.0050182342529297,8.412584429606795e-05
2030.4871014348828,1.005229115486145,8.401072409469634e-05
2030.5075331043408,1.0052164793014526,8.386760600842535e-05
2030.5483964429077,1.0044879913330078,8.448598237009719e-05
2030.5688281122857,1.0047215223312378,8.446721767541021e-05
2030.5892597817365,1.0043193101882935,8.44203241285868e-05
2030.6096915512535,1.0044567584991455,8.436544158030301e-05
2030.6301231208417,1.0044881105422974,8.432824688497931e-05
2030.6505547905035,1.004611611366272,8.426292333751917e-05
2030.670986560217,1.0046172142028809,8.418597280979156e-05
2030.6914181300308,1.004991888999939,8.406163397012278e-05
2030.7118498998898,1.0051437616348267,8.395087206736207e-05
2030.7322815698353,1.00522780418396,8.377381163882092e-05
2030.7527131398456,1.005035161972046,8.346760296262801e-05
2030.7935765800648,1.003753662109375,8.4501582023222e-05
2030.8140081503007,1.003995418548584,8.451547910226509e-05
2030.834439920589,1.003920078277588,8.450058521702886e-05
2030.8548715909565,1.0042610168457031,8.445954154012725e-05
2030.8753032613895,1.0040276050567627,8.447041182080284e-05
2030.8957349319026,1.00413978099823,8.43940579215996e-05
2030.9161666024738,1.0041650533676147,8.433740003965795e-05
2030.9365982731324,1.0042883157730103,8.428448927588761e-05
2030.9570299438565,1.0047045946121216,8.422870450885966e-05
2030.9774616146678,1.0042988061904907,8.413257455686107e-05
2030.9978932855374,1.0045337677001953,8.40169086586684e-05
2031.0387566274949,1.0036613941192627,8.44822425278835e-05
2031.0591883985835,1.0036463737487793,8.451806934317574e-05
2031.079619969758,1.0034793615341187,8.452163456240669e-05
2031.1000517409848,1.003480315208435,8.452397742075846e-05
2031.1204834123055,1.0036300420761108,8.451785834040493e-05
2031.1409149837054,1.003684401512146,8.450521272607148e-05
2031.1613467551579,1.0038375854492188,8.446625724900514e-05
2031.1817784266968,1.0037882328033447,8.443914703093469e-05
2031.2022099983224,1.0040355920791626,8.437489304924384e-05
2031.2226417700003,1.0037230253219604,8.429662557318807e-05
2031.2430734417649,1.003964900970459,8.424104453297332e-05
2031.2839367855267,1.0033477544784546,8.444505510851741e-05
2031.3043684575168,1.0033999681472778,8.44976311782375e-05
2031.3248002295804,1.0032639503479004,8.452063048025593e-05
2031.3452318017298,1.0030972957611084,8.44927053549327e-05
2031.3656634739527,1.0031660795211792,8.452394104097039e-05
2031.386095246242,1.002982497215271,8.447188884019852e-05
2031.4065268186314,1.0033719539642334,8.444666309515014e-05
2031.4269584910871,1.0035313367843628,8.445198182016611e-05
2031.4473902636091,1.0036098957061768,8.439310477115214e-05
2031.4678218362242,1.0036381483078003,8.433133189100772e-05
2031.4882536089062,1.003235101699829,8.4262115706224e-05
2031.529116954509,1.003252387046814,8.447493746643886e-05
2031.5495486274376,1.0030224323272705,8.446291758446023e-05
2031.5699803004463,1.003372311592102,8.446849096799269e-05
2031.590411873527,1.0036187171936035,8.44673122628592e-05
2031.610843646682,1.0032174587249756,8.441230602329597e-05
2031.6312753199163,1.0036075115203857,8.438847726210952e-05
2031.6517068932444,1.0039128065109253,8.43273737700656e-05
2031.6721386666322,1.004467487335205,8.431758033111691e-05
2031.6925703401212,1.0044162273406982,8.424871339229867e-05
2031.7130020136756,1.0033247470855713,8.416853961534798e-05
2031.7334336873173,1.003437876701355,8.413981413468719e-05
2031.7742971348198,1.0027449131011963,8.450672612525523e-05
2031.7947287087154,1.0028624534606934,8.451068424619734e-05
2031.8151603826773,1.0028949975967407,8.449074812233448e-05
2031.83559215672,1.0027810335159302,8.450126188108698e-05
2031.8560237308557,1.0027402639389038,8.447399159194902e-05
2031.8764555050439,1.0024993419647217,8.444835839327425e-05
2031.8968871793404,1.0026823282241821,8.443834667559713e-05
2031.9173187537235,1.0028955936431885,8.44216046971269e-05
2031.937750528159,1.0034300088882446,8.439286466455087e-05
2031.958182202703,1.0034542083740234,8.43597372295335e-05
2031.9786137773408,1.003322958946228,8.431512833340093e-05
2032.019477226815,1.0026057958602905,8.444158447673544e-05
2032.0399089016937,1.0026452541351318,8.449289452983066e-05
2032.0603405766378,1.0027135610580444,8.44770111143589e-05
2032.0807722516765,1.0028293132781982,8.451488247374073e-05
2032.101204026796,1.0023244619369507,8.448772132396698e-05
2032.1216356020086,1.0021625757217407,8.450320456176996e-05
2032.142067277302,1.0024313926696777,8.447604341199622e-05
2032.1624990526761,1.0022913217544556,8.447805157629773e-05
2032.182930628136,1.0027191638946533,8.445866114925593e-05
2032.2033623036841,1.0031282901763916,8.443964907201007e-05
2032.223794079313,1.0027323961257935,8.439710654783994e-05
2032.2646574308383,1.0027748346328735,8.411169255850837e-05
2032.2850891067283,1.0028152465820312,8.421079110121354e-05
2032.3055206827048,1.0028597116470337,8.430862362729385e-05
2032.325952458763,1.0025315284729004,8.441018144367263e-05
2032.3463841349076,1.002302885055542,8.442522812401876e-05
2032.366815711146,1.0017434358596802,8.448807056993246e-05
2032.3872474874734,1.0017368793487549,8.445936691714451e-05
2032.40767916388,1.0021802186965942,8.448738662991673e-05
2032.4281107403804,1.0023621320724487,8.448418520856649e-05
2032.4485425169623,1.0022399425506592,8.449603774351999e-05
2032.4689741936309,1.0019665956497192,8.445594721706584e-05
2032.4894059703802,1.0022870302200317,8.444426930509508e-05
2032.509837547237,1.0020668506622314,8.440896635875106e-05
2032.5302692241821,1.0023791790008545,8.436530333710834e-05
2032.5507010012007,1.0021547079086304,8.430622983723879e-05
2032.5711325783195,1.0019780397415161,8.423261169809848e-05
2032.5915642555265,1.0021780729293823,8.420537778874859e-05
2032.611996032807,1.0026189088821411,8.409890870098025e-05
2032.6324276102023,1.002197265625,8.401087688980624e-05
2032.6528593876646,1.0026793479919434,8.385261025978252e-05
2032.673291065228,1.0025217533111572,8.369588613277301e-05
2032.6937226428927,1.0024205446243286,8.353003795491531e-05
2032.7141544206243,1.0025540590286255,8.324213558807969e-05
2032.7550177763842,1.0014632940292358,8.447046275250614e-05
2032.7754494543988,1.0015459060668945,8.444717241218314e-05
2032.795881132508,1.0017526149749756,8.443385740974918e-05
2032.8163128107044,1.0019545555114746,8.439492376055568e-05
2032.8367444889882,1.001686930656433,8.434709889115766e-05
2032.8571761673738,1.0018281936645508,8.426573913311586e-05
2032.8776078458468,1.0016061067581177,8.41890141600743e-05
2032.8980396244006,1.002224326133728,8.413880277657881e-05
2032.9184712030692,1.0017924308776855,8.399788202950731e-05
2032.9389029818194,1.00224769115448,8.38709092931822e-05
2032.95933456067,1.0019915103912354,8.366128167835996e-05
2033.0001980186207,1.0017436742782593,8.435008203377947e-05
2033.020629597755,1.0014212131500244,8.430411253357306e-05
2033.0410613769563,1.0015923976898193,8.424901170656085e-05
2033.061493056266,1.001624345779419,8.415722550125793e-05
2033.0819246356841,1.0016547441482544,8.410072769038379e-05
2033.1023564151692,1.0019580125808716,8.392842573812231e-05
2033.12278809477,1.0021167993545532,8.373221498914063e-05
2033.1432196744572,1.0021432638168335,8.349552808795124e-05
2033.1636514542406,1.0014435052871704,8.316636376548558e-05
2033.1840831341178,1.00090754032135,8.284155046567321e-05
2033.2045147141034,0.9987326264381409,8.177004929166287e-05
2033.2453781743243,1.0011922121047974,8.436891221208498e-05
2033.2658099545733,1.0012102127075195,8.430938032688573e-05
2033.28624153493,1.0015860795974731,8.42675071908161e-05
2033.3066732153748,1.0010464191436768,8.414323383476585e-05
2033.3271049959149,1.0015071630477905,8.40523571241647e-05
2033.347536576577,1.0017328262329102,8.386051922570914e-05
2033.3679682573274,1.0015462636947632,8.36797189549543e-05
2033.388400038144,1.0013006925582886,8.333491859957576e-05
2033.4088317190835,1.000685691833496,8.297403110191226e-05
2033.429263400125,0.9997851252555847,8.250106475315988e-05
2033.4905584438093,1.0008118152618408,8.449188317172229e-05
2033.5109901252363,1.0006290674209595,8.449315646430477e-05
2033.5314218067579,1.0007299184799194,8.447757863905281e-05
2033.5518535883602,1.0007272958755493,8.447040454484522e-05
2033.5722851700993,1.0003855228424072,8.448421431239694e-05
2033.5927169519127,1.0005820989608765,8.444465493084863e-05
2033.613148533841,1.0003620386123657,8.445840649073943e-05
2033.6335802158646,1.0006263256072998,8.444343256996945e-05
2033.6540119979836,1.0007339715957642,8.442289981758222e-05
2033.6744435802175,1.0006966590881348,8.439435623586178e-05
2033.6948752625322,1.0015366077423096,8.43573798192665e-05
2033.735738627467,1.000939965248108,8.447923028143123e-05
2033.7561703100873,0.9998833537101746,8.44396636239253e-05
2033.776602092803,1.0005066394805908,8.443318074569106e-05
2033.797033675648,1.0003623962402344,8.439167140750214e-05
2033.8174654585455,1.0006552934646606,8.438424993073568e-05
2033.8378971415805,1.0008374452590942,8.434330811724067e-05
2033.858328724731,1.0004466772079468,8.430142770521343e-05
2033.8787605079488,1.0003488063812256,8.422639075433835e-05
2033.8991921912748,1.0002460479736328,8.417225035373122e-05
2033.91962387471,1.0004799365997314,8.413447358179837e-05
2033.9400555582542,1.001193642616272,8.400397200603038e-05
2033.9809190256128,1.000634789466858,8.436189091298729e-05
2034.001350609491,1.0002336502075195,8.430022717220709e-05
2034.0217822934428,1.000113844871521,8.421688835369423e-05
2034.0422140774754,1.0001863241195679,8.414821786573157e-05
2034.0626457616308,1.0004262924194336,8.412266470259055e-05
2034.083077345902,1.000241994857788,8.394133328692988e-05
2034.1035091302547,1.0007683038711548,8.383527892874554e-05
2034.1239408147303,1.0004874467849731,8.36452963994816e-05
2034.1443723993216,1.000161051750183,8.334543235832825e-05
2034.1648041839944,1.0001287460327148,8.318698382936418e-05
2034.1852358687756,0.9993627071380615,8.271130354842171e-05
2034.2260992386655,0.9999292492866516,8.43913439894095e-05
2034.2465309237814,0.9999032616615295,8.44295573187992e-05
2034.2669626089846,0.9992958307266235,8.444368722848594e-05
2034.287394294297,0.999521791934967,8.44526948640123e-05
2034.307825979704,0.9992349147796631,8.448422886431217e-05
2034.3282576652273,0.9993641972541809,8.444196282653138e-05
2034.3486893508598,0.9993703961372375,8.443106344202533e-05
2034.3691211365876,0.999806821346283,8.437596989097074e-05
2034.3895527224595,0.9999858140945435,8.436527423327789e-05
2034.4099844084121,0.9996806979179382,8.434222399955615e-05
2034.4304161944601,0.9997349977493286,8.4213177615311e-05
2034.471279466925,0.9991480708122253,8.444790728390217e-05
2034.491711253293,0.9993414878845215,8.4448947745841e-05
2034.5121428398052,0.9990452527999878,8.443661499768496e-05
2034.532574526398,0.9994505047798157,8.441712270723656e-05
2034.5530063131155,0.9995002746582031,8.43918023747392e-05
2034.5734378999477,0.9994518756866455,8.43242451082915e-05
2034.5938696868616,0.9991908073425293,8.428253204328939e-05
2034.6143013738983,0.9992626905441284,8.418705692747608e-05
2034.6347330610442,0.9996359944343567,8.412005990976468e-05
2034.6551647483138,0.9998379349708557,8.398552745347843e-05
2034.6755964356707,0.9997645616531372,8.381916995858774e-05
2034.7368914984618,0.9991446733474731,8.428687578998506e-05
2034.7573232862487,0.9991593956947327,8.438633085461333e-05
2034.7777549741586,0.9990766048431396,8.441029058303684e-05
2034.7981865622132,0.999070405960083,8.444526611128822e-05
2034.8186183503494,0.9986727833747864,8.4441460785456e-05
2034.8390500386085,0.9985049962997437,8.447053551208228e-05
2034.8594816269833,0.9987012147903442,8.444169361609966e-05
2034.8799134154397,0.9988424181938171,8.436970529146492e-05
2034.900345104048,0.9989193677902222,8.439904195256531e-05
2034.920776692772,0.9989404678344727,8.429574518231675e-05
2034.9616401705061,0.9990512132644653,8.422527025686577e-05
2034.982071859551,0.9990218281745911,8.435048221144825e-05
2035.002503548676,0.9989851713180542,8.44016030896455e-05
2035.0229351379821,0.9987985491752625,8.442443504463881e-05
2035.043366927348,0.9985103607177734,8.444002742180601e-05
2035.0637986168513,0.9982783198356628,8.441194950137287e-05
2035.0842302064775,0.998508870601654,8.440581586910412e-05
2035.1046619961926,0.9988766312599182,8.43884190544486e-05
2035.125093686016,0.9985759258270264,8.430927846347913e-05
2035.145525475993,0.9989028573036194,8.426138083450496e-05
2035.1659570660559,0.9986696243286133,8.415617776336148e-05
2035.2068205465257,0.9986773729324341,8.424741827184334e-05
2035.2272521369669,0.9986277222633362,8.431835885858163e-05
2035.2476838274888,0.998403012752533,8.4399085608311e-05
2035.2681156181352,0.9982655644416809,8.442543912678957e-05
2035.2885473088973,0.9982292652130127,8.443136175628752e-05
2035.3089789997684,0.9977434277534485,8.441969112027436e-05
2035.3294106907633,0.9981922507286072,8.444326522294432e-05
2035.3498423818746,0.9981928467750549,8.44092937768437e-05
2035.370274073095,0.9983806610107422,8.43641537358053e-05
2035.3907057644683,0.9983866214752197,8.428900764556602e-05
2035.4111374559288,0.9982887506484985,8.419237565249205e-05
2035.452000839221,0.9983154535293579,8.441728277830407e-05
2035.4724325310308,0.9982551336288452,8.441899990430102e-05
2035.4928643229505,0.9982767701148987,8.441453246632591e-05
2035.5132959150214,0.9982977509498596,8.437438373221084e-05
2035.5337277071812,0.9981649518013,8.430164598394185e-05
2035.5541593994785,0.9978484511375427,8.429993613390252e-05
2035.5745909918987,0.9984880089759827,8.426123531535268e-05
2035.5950227844005,0.9984831213951111,8.42280060169287e-05
2035.6154544770543,0.9989845752716064,8.41668588691391e-05
2035.6358860698529,0.9992064833641052,8.411731687374413e-05
2035.6563178627111,0.9988949298858643,8.405002881772816e-05
2035.6971812488555,0.9978345632553101,8.437828364549205e-05
2035.7176129421132,0.9980679154396057,8.43677917146124e-05
2035.7380445354647,0.9981138110160828,8.429388253716752e-05
2035.7584763289633,0.9984892010688782,8.428199362242594e-05
2035.7789080225775,0.9988117814064026,8.42286681290716e-05
2035.799339716301,0.9979332685470581,8.416323544224724e-05
2035.819771410148,0.9982128739356995,8.407517452724278e-05
2035.8402031041333,0.9981549978256226,8.396025077672675e-05
2035.860634898243,0.9984831213951111,8.381952648051083e-05
2035.8810664924677,0.9985945820808411,8.360321953659877e-05
2035.9014981868095,0.9986041784286499,8.344801608473063e-05
2035.9423616758359,0.997502326965332,8.440097735729069e-05
2035.962793270548,0.997773289680481,8.439515659119934e-05
2035.9832250653853,0.9975680112838745,8.432487084064633e-05
2036.0036567603383,0.9979814887046814,8.430083107668906e-05
2036.024088355436,0.9978257417678833,8.419046207563952e-05
2036.0445201506154,0.9975146651268005,8.41238143038936e-05
2036.0649518459468,0.9962775707244873,8.400216029258445e-05
2036.085383641388,0.9961155652999878,8.392413292312995e-05
2036.1058152369806,0.995258092880249,8.373938908334821e-05
2036.1262469326903,0.9956309199333191,8.356248872587457e-05
2036.1466787284808,0.9956615567207336,8.337901817867532e-05
2036.1875420205397,0.9974384307861328,8.431667811237276e-05
2036.2079738167085,0.997489333152771,8.426450222032145e-05
2036.2284054130578,0.9974828958511353,8.421044913120568e-05
2036.2488372094958,0.9974659085273743,8.41192522784695e-05
2036.2692688060997,0.9976427555084229,8.401087688980624e-05
2036.289700502799,0.9975776672363281,8.388024434680119e-05
2036.3101322996154,0.9982455372810364,8.366814290639013e-05
2036.3305639965693,0.9981752634048462,8.342666842509061e-05
2036.350995593646,0.9971721768379211,8.311760757351294e-05
2036.37142739087,0.9962973594665527,8.264395728474483e-05
2036.3918589882014,0.9951469898223877,8.212585089495406e-05
2036.4327224832596,0.9972087144851685,8.446134597761557e-05
2036.4531540809694,0.9972550868988037,8.445305866189301e-05
2036.4735858788335,0.997047483921051,8.439303928753361e-05
2036.4940175767842,0.9979882836341858,8.439685916528106e-05
2036.5144492749023,0.9976682662963867,8.434083429165184e-05
2036.534880973144,0.9975205063819885,8.42881272546947e-05
2036.5553126715022,0.9974395036697388,8.421358506893739e-05
2036.5757443699695,0.997239351272583,8.409032307099551e-05
2036.5961761685903,0.9975306987762451,8.396094926865771e-05
2036.6166077673552,0.9978376030921936,8.381477528018877e-05
2036.6370395662016,0.9977017641067505,8.356535545317456e-05
2036.6779028643723,0.9965522885322571,8.441702084382996e-05
2036.6983346636262,0.9967788457870483,8.443716797046363e-05
2036.718766363032,0.9971140623092651,8.441635145572945e-05
2036.7391979625827,0.99700927734375,8.439689554506913e-05
2036.759629762215,0.9968336224555969,8.43251618789509e-05
2036.7800614620282,0.9965999126434326,8.426393469562754e-05
2036.8004932619224,0.9969193339347839,8.418307697866112e-05
2036.820924861997,0.9969943165779114,8.413093019044027e-05
2036.8413565621886,0.9971605539321899,8.391618757741526e-05
2036.8617883624902,0.9974378347396851,8.381096267839894e-05
2036.882219962943,0.9974980354309082,8.353725570486858e-05
2036.923083464193,0.9963901042938232,8.441015961579978e-05
2036.9435150651116,0.9966235756874084,8.443308615824208e-05
2036.9639467660309,0.996666669845581,8.444872219115496e-05
2036.9843785671765,0.9969911575317383,8.441080717602745e-05
2037.0048101684442,0.996616005897522,8.434773189947009e-05
2037.0252419697717,0.9967339038848877,8.430005254922435e-05
2037.0456735713233,0.9963984489440918,8.420134690823033e-05
2037.066105272941,0.996465265750885,8.413312752963975e-05
2037.0865370747342,0.9969097375869751,8.401426748605445e-05
2037.1069687766358,0.9970992207527161,8.386363333556801e-05
2037.1274003787184,0.9968798756599426,8.353311568498611e-05
2037.1682638831699,0.9974173307418823,8.407948917010799e-05
2037.1886955856608,0.9963923096656799,8.42279041535221e-05
2037.2091272882099,0.9967105984687805,8.436894131591544e-05
2037.2295589909845,0.9963387250900269,8.443227125098929e-05
2037.2499906938247,0.9962266683578491,8.44511523609981e-05
2037.2704223967812,0.9959481954574585,8.444096602033824e-05
2037.2908540999633,0.9962157607078552,8.444453123956919e-05
2037.3112859032117,0.9963968992233276,8.440995588898659e-05
2037.3317175066331,0.9965268969535828,8.435371273662895e-05
2037.3521493101653,0.99635910987854,8.427292777923867e-05
2037.3725810138203,0.9961782097816467,8.41918881633319e-05
2037.4134444215888,0.9963890314102173,8.436443022219464e-05
2037.4338761257095,0.9963923096656799,8.436048665316775e-05
2037.4543077299459,0.9965548515319824,8.434912888333201e-05
2037.474739534293,0.9963279366493225,8.428337605437264e-05
2037.4951712387629,0.9962507486343384,8.426377462456003e-05
2037.5156028431156,0.9962518215179443,8.417046046815813e-05
2037.5360346479283,0.9963197708129883,8.409337897319347e-05
2037.5564663528057,0.9965304136276245,8.403765241382644e-05
2037.5768981578512,0.9967916011810303,8.398332283832133e-05
2037.5973297630771,0.9974754452705383,8.373262244276702e-05
2037.6177614684202,0.9971509575843811,8.360934589290991e-05
2037.6586248795065,0.9961071014404297,8.44171954668127e-05
2037.679056585257,0.995945155620575,8.443855767836794e-05
2037.6994882911822,0.9956180453300476,8.438494114670902e-05
2037.7199199971583,0.996178388595581,8.438415534328669e-05
2037.7403518033752,0.9964780211448669,8.441097452305257e-05
2037.7607834096998,0.9961696267127991,8.434664050582796e-05
2037.7812151161488,0.9962011575698853,8.429889567196369e-05
2037.801646922715,0.9961512684822083,8.423809049418196e-05
2037.8220786294478,0.9957854747772217,8.417620119871572e-05
2037.8425102363617,0.996343731880188,8.405053813476115e-05
2037.8629420433936,0.9966761469841003,8.401494415011257e-05
2037.903805457856,0.9957405924797058,8.444190461887047e-05
2037.9242371652945,0.9957693219184875,8.44545429572463e-05
2037.9446688729004,0.9957238435745239,8.440306555712596e-05
2037.9651006806307,0.9960430860519409,8.44053429318592e-05
2037.9855322885342,0.9963954091072083,8.433185575995594e-05
2038.0059639965475,0.9959134459495544,8.428718138020486e-05
2038.0263958046853,0.9959445595741272,8.423073450103402e-05
2038.0468274129962,0.9959319233894348,8.412622264586389e-05
2038.0672591214752,0.9959270358085632,8.401544619118795e-05
2038.0876909300787,0.9966075420379639,8.388447167817503e-05
2038.108122538797,0.9968128204345703,8.372734009753913e-05
2038.1489860566944,0.9967183470726013,8.387321577174589e-05
2038.1694176658784,0.9964362382888794,8.40884167701006e-05
2038.1898494752313,0.9960041642189026,8.419845107709989e-05
2038.2102811847071,0.9959043264389038,8.431894093519077e-05
2038.2307127942986,0.9960345029830933,8.439589873887599e-05
2038.251144604059,0.9958882927894592,8.441363024758175e-05
2038.2715763139422,0.9955862760543823,8.444896229775622e-05
2038.292008024,0.9956601858139038,8.444791455985978e-05
2038.3124397342253,0.9959402680397034,8.443895785603672e-05
2038.332871444516,0.9951621890068054,8.445486309938133e-05
2038.3533031550396,0.9956198930740356,8.440670353593305e-05
2038.3737348656723,0.9957414269447327,8.438688382739201e-05
2038.3941665764287,0.9958011507987976,8.435176277998835e-05
2038.4145982873597,0.9957401752471924,8.430965681327507e-05
2038.435029998458,0.9958653450012207,8.425892883678898e-05
2038.4554618096809,0.995623767375946,8.417328353971243e-05
2038.475893521012,0.9956746697425842,8.410711598116904e-05
2038.4963251325244,0.995792031288147,8.40022403281182e-05
2038.5167569442128,0.9962363839149475,8.380251529160887e-05
2038.537188656017,0.9962697625160217,8.36313993204385e-05
2038.5576202679877,0.9958950281143188,8.323061047121882e-05
2038.5780520800836,0.9954820871353149,8.298463944811374e-05
2038.598483792346,0.9942465424537659,8.245948265539482e-05
2038.6393472173513,0.9959970712661743,8.448361040791497e-05
2038.6597789300286,0.9954624176025391,8.446633000858128e-05
2038.680210742932,0.9953151345252991,8.4429862909019e-05
2038.7006423558996,0.9956084489822388,8.443425758741796e-05
2038.7210740690934,0.9954431056976318,8.43852394609712e-05
2038.7415058823535,0.9955072402954102,8.430896559730172e-05
2038.761937495845,0.9954307079315186,8.423264080192894e-05
2038.7823692094535,0.9955987930297852,8.411741146119311e-05
2038.8028010232301,0.9958450794219971,8.40079810586758e-05
2038.823232637129,0.9960582852363586,8.382927626371384e-05
2038.8436644511967,0.9960463643074036,8.348636765731499e-05
2038.88452777981,0.9953469634056091,8.44123715069145e-05
2038.9049595942852,0.9950698018074036,8.43563029775396e-05
2038.9253913089997,0.9953944683074951,8.42724330141209e-05
2038.9458230238306,0.9955446124076843,8.418632933171466e-05
2038.9662547387707,0.995509147644043,8.407452696701512e-05
2038.9866864539508,0.9960694313049316,8.388581773033366e-05
2039.0071181691892,0.9960007667541504,8.371470175916329e-05
2039.0275498846531,0.9954099655151367,8.328863623319194e-05
2039.0479816002407,0.9951483607292175,8.300181070808321e-05
2039.068413316003,0.9936754703521729,8.235852874349803e-05
2039.1297085641563,0.9950581192970276,8.430448360741138e-05
2039.1501401804926,0.9955307841300964,8.427599095739424e-05
2039.1705718970115,0.9951819777488708,8.4126993897371e-05
2039.1910037137059,0.9954030513763428,8.399886428378522e-05
2039.2114353305078,0.9963244199752808,8.369006536668167e-05
2039.2318671474932,0.9957371950149536,8.340423664776608e-05
2039.2522988646524,0.9950750470161438,8.31085562822409e-05
2039.27273048192,0.9939693808555603,8.254066051449627e-05
2039.293162299371,0.9920139908790588,8.168797648977488e-05
2039.3340256347874,0.9822293519973755,8.193896792363375e-05
2039.395320988995,0.9951035380363464,8.442462421953678e-05
2039.415752607376,0.9951872229576111,8.441894897259772e-05
2039.4361843259321,0.9951646327972412,8.446531865047291e-05
2039.4566161445982,0.9953382015228271,8.448339212918654e-05
2039.4770477634447,0.9952642917633057,8.448668813798577e-05
2039.4974794825248,0.9948411583900452,8.447674190392718e-05
2039.5179113016566,0.9949458241462708,8.44413589220494e-05
2039.538342921027,0.9950161576271057,8.442746184300631e-05
2039.5587746405072,0.9950793981552124,8.444214472547174e-05
2039.57920646017,0.9952394962310791,8.444958803011104e-05
2039.5996381799487,0.9972897171974182,8.445076673524454e-05
2039.6200698999528,0.9966213703155518,8.434987103100866e-05
2039.6405016200806,0.9955990314483643,8.426946442341432e-05
2039.6609332403823,0.99514240026474,8.427287684753537e-05
2039.6813650607946,0.9951091408729553,8.413309114985168e-05
2039.7017967814463,0.9951146245002747,8.411525777773932e-05
2039.7222284022137,0.9949186444282532,8.398830686928704e-05
2039.7426602230917,0.9959551095962524,8.377810445381328e-05
2039.763091944209,0.9953472018241882,8.365835674339905e-05
2039.7835237654435,0.9952393770217896,8.335729216923937e-05
2039.8039553868439,0.994655191898346,8.32037694635801e-05
2039.824387108427,0.9939534664154053,8.27200710773468e-05
2039.8652505520513,0.9952961206436157,8.447888831142336e-05
2039.8856822741,0.9946947693824768,8.447261643595994e-05
2039.906114096324,0.9943973422050476,8.447279833490029e-05
2039.926545718714,0.9946373701095581,8.4459206846077e-05
2039.9469774412864,0.9946240186691284,8.444107515970245e-05
2039.9674092639762,0.9945069551467896,8.437946962658316e-05
2039.9878408868317,0.9950789213180542,8.435681229457259e-05
2040.0082727098707,0.9949067234992981,8.427487773587927e-05
2040.0287044330835,0.9949794411659241,8.421840175287798e-05
2040.0491360564629,0.9947128891944885,8.411261660512537e-05
2040.0695678799675,0.994615375995636,8.401714148931205e-05
2040.110431227491,0.9950044751167297,8.442138641839847e-05
2040.1308630515196,0.9948790669441223,8.439163502771407e-05
2040.1512947756637,0.9951369166374207,8.434990013483912e-05
2040.1717266000342,0.9946932196617126,8.426788554061204e-05
2040.1921582245268,0.9944774508476257,8.416217315243557e-05
2040.2125899491948,0.994761049747467,8.405368134845048e-05
2040.233021774031,0.9955101609230042,8.396401244681329e-05
2040.2534534990482,0.995064914226532,8.37513362057507e-05
2040.2738851242393,0.995425283908844,8.359337516594678e-05
2040.294316949541,0.9947456121444702,8.327380783157423e-05
2040.3147486750822,0.994579553604126,8.308196993311867e-05
2040.3556121265647,0.994927167892456,8.448953303741291e-05
2040.3760438525715,0.9943894147872925,8.445803541690111e-05
2040.3964755787456,0.9943413734436035,8.43998568598181e-05
2040.4169073050434,0.9946058988571167,8.43309608171694e-05
2040.4373389315733,0.995032787322998,8.43198286020197e-05
2040.4577707582212,0.9948013424873352,8.428126602666453e-05
2040.4782024850938,0.9947446584701538,8.4162806160748e-05
2040.4986341120893,0.9947588443756104,8.407794666709378e-05
2040.5190659392538,0.9951898455619812,8.389791764784604e-05
2040.5394976665993,0.9951497912406921,8.37413826957345e-05
2040.559929494062,0.9950156211853027,8.34456950542517e-05
2040.6007928496183,0.9942768812179565,8.450417226413265e-05
2040.621224677605,0.9946550726890564,8.449690358247608e-05
2040.6416563058156,0.9944180846214294,8.446906576864421e-05
2040.6620880341507,0.9946523904800415,8.450427412753925e-05
2040.6825198626611,0.9947046041488647,8.44263267936185e-05
2040.702951491403,0.9948114156723022,8.435730705969036e-05
2040.7233833202554,0.9946578741073608,8.431993774138391e-05
2040.743815049289,0.9946098923683167,8.422230166615918e-05
2040.76424677849,0.9946407675743103,8.413675823248923e-05
2040.7846785078727,0.9950445294380188,8.40263965073973e-05
2040.805110237372,0.9950311779975891,8.383519161725417e-05
2040.8459736970035,0.9943352937698364,8.447354048257694e-05
2040.8664054270848,0.9946905374526978,8.447306754533201e-05
2040.886837257276,0.9946976900100708,8.44499227241613e-05
2040.9072688877059,0.99471515417099,8.443074329989031e-05
2040.9277006182529,0.9948405623435974,8.434757182840258e-05
2040.9481324490262,0.9946576356887817,8.424019324593246e-05
2040.9685641799224,0.9946896433830261,8.418309153057635e-05
2040.9889958110507,0.9946156144142151,8.405596599914134e-05
2041.0094276422897,0.9951171278953552,8.39199055917561e-05
2041.029859273709,0.9949665069580078,8.367080590687692e-05
2041.0502910053037,0.994979202747345,8.345254900632426e-05
2041.091154469068,0.9946116209030151,8.444621198577806e-05
2041.1115863011873,0.9946102499961853,8.437527139903978e-05
2041.1320180334733,0.9944505095481873,8.434450865024701e-05
2041.1524496659986,0.9945570826530457,8.422422251896933e-05
2041.1728814986418,0.9948546886444092,8.411794260609895e-05
2041.1933132314516,0.995158314704895,8.391544542973861e-05
2041.2137448644426,0.9951362013816833,8.374355093110353e-05
2041.2341766976097,0.9947366714477539,8.340019849129021e-05
2041.2546084310015,0.9940627217292786,8.293318387586623e-05
2041.2750402645179,0.992853045463562,8.244330820161849e-05
2041.3567671003766,0.9949830174446106,8.441649697488174e-05
2041.3771988348162,0.9948075413703918,8.442586113233119e-05
2041.3976306693803,0.9947947859764099,8.449198503512889e-05
2041.4180623041175,0.9946963787078857,8.451896428596228e-05
2041.438494039081,0.9948673844337463,8.454710769001395e-05
2041.458925874169,0.9957742094993591,8.45009635668248e-05
2041.4793576094817,0.9951932430267334,8.45566755742766e-05
2041.4997893449763,0.9953063130378723,8.451109169982374e-05
2041.5202210805874,0.9949793219566345,8.450611494481564e-05
2041.5406528164312,0.9944753646850586,8.45053800730966e-05
2041.5610845524425,0.9942805171012878,8.447979780612513e-05
2041.5815162886356,0.9948330521583557,8.443238766631112e-05
2041.601948024996,0.9951043725013733,8.442925900453702e-05
2041.622379861481,0.9945719242095947,8.441778481937945e-05
2041.6428114982555,0.9945157170295715,8.435281051788479e-05
2041.6632433351406,0.9945404529571533,8.429290755884722e-05
2041.683674972206,0.9943541288375854,8.422055543633178e-05
2041.7041067095051,0.9947307109832764,8.416127093369141e-05
2041.7449701845617,0.9951233267784119,8.392455492867157e-05
2041.7654019223264,0.9951128959655762,8.382878877455369e-05
2041.7858337603175,0.9950277805328369,8.35435203043744e-05
2041.8266972367783,0.9941800236701965,8.449547021882609e-05
2041.8471289752924,0.994818389415741,8.451501344097778e-05
2041.867560614046,0.9947265982627869,8.443775732303038e-05
2041.8879924529174,0.9945233464241028,8.440762758255005e-05
2041.9084241919554,0.9943506121635437,8.43542002257891e-05
2041.9288558312328,0.9941921234130859,8.422309474553913e-05
2041.9492876706863,0.9946774244308472,8.420809172093868e-05
2041.9697194102482,0.9952254295349121,8.403550600633025e-05
2041.9901511500502,0.9951668977737427,8.39673521113582e-05
2042.0105828900269,0.9955358505249023,8.372621232410893e-05
2042.0310146301708,0.9948142170906067,8.358116610907018e-05
2042.0718781110554,0.9947191476821899,8.45371323521249e-05
2042.0923098517815,0.9950506091117859,8.455208444502205e-05
2042.112741692632,0.9949142932891846,8.458828961011022e-05
2042.1331734337145,0.9946116209030151,8.45662725623697e-05
2042.1536050749637,0.9946049451828003,8.45809918246232e-05
2042.1740369163963,0.9943334460258484,8.455970964860171e-05
2042.194468658061,0.9946647882461548,8.454388444079086e-05
2042.2149003998347,0.9946459531784058,8.45405666041188e-05
2042.2353321418486,0.9947572946548462,8.452017209492624e-05
2042.2557638840954,0.9947162866592407,8.446154242847115e-05
2042.276195726452,0.9946830868721008,8.441894897259772e-05
2042.3170591117523,0.9956089854240417,8.417056233156472e-05
2042.3374908546975,0.9953759908676147,8.42862282297574e-05
2042.3579225977592,0.9951967597007751,8.440551027888432e-05
2042.3783544410471,0.9950844645500183,8.448651351500303e-05
2042.3987860845737,0.9951440691947937,8.451848407275975e-05
2042.4192178282174,0.9949528574943542,8.4561703260988e-05
2042.4396496720874,0.9945931434631348,8.457268995698541e-05
2042.4600813160796,0.9948070645332336,8.459769742330536e-05
2042.4805130603054,0.9946839809417725,8.45830436446704e-05
2042.5009449047575,0.9947482943534851,8.458084630547091e-05
2042.5213765493318,0.9947869181632996,8.45945905894041e-05
2042.5418082941396,0.9944118857383728,8.454563794657588e-05
2042.5622401391738,0.9943469166755676,8.448766311630607e-05
2042.5826717843302,0.9946770668029785,8.44467431306839e-05
2042.6031036297209,0.9947383403778076,8.441706449957564e-05
2042.62353537522,0.9944804906845093,8.435083145741373e-05
2042.6439671209591,0.9946638345718384,8.41938890516758e-05
2042.6643988668147,0.9948889017105103,8.409824658883736e-05
2042.6848306130123,0.995313823223114,8.389949653064832e-05
2042.7052623593336,0.9951741099357605,8.368445560336113e-05
2042.7256941057713,0.994631290435791,8.334106678375974e-05
2042.7461258524345,0.9941033720970154,8.303066715598106e-05
2042.7665576993386,0.9932450652122498,8.249985694419593e-05
2042.807421093603,0.9948155879974365,8.461646211799234e-05
2042.827852941089,0.9945310950279236,8.45687318360433e-05
2042.848284688691,0.9946629405021667,8.454011549474671e-05
2042.8687163365175,0.9946973323822021,8.44860915094614e-05
2042.8891481845858,0.9945041537284851,8.444719424005598e-05
2042.9095799327697,0.9945845603942871,8.438002987531945e-05
2042.9300116811792,0.9949325919151306,8.42628360260278e-05
2042.9504434297123,0.995045006275177,8.413329487666488e-05
2042.9708751785947,0.9953389763832092,8.395934128202498e-05
2042.9913069275863,0.9950790405273438,8.369924762519076e-05
2043.0117386767015,0.9948006272315979,8.340933709405363e-05
2043.0526021756232,0.9953082203865051,8.452263136859983e-05
2043.0730339253205,0.9951096177101135,8.455587521893904e-05
2043.0934655753663,0.9954522252082825,8.46027978695929e-05
2043.1138974254063,0.9951679110527039,8.46507609821856e-05
2043.1343291758021,0.9950254559516907,8.462523692287505e-05
2043.1547610263078,0.9948478937149048,8.462827827315778e-05
2043.175192677052,0.9947476983070374,8.461508696200326e-05
2043.1956244279136,0.9946905374526978,8.460158278467134e-05
2043.2160562790086,0.9947392344474792,8.458850788883865e-05
2043.2364879303277,0.9948303699493408,8.452345355181023e-05
2043.2569196817713,0.9947224259376526,8.44343303469941e-05
2043.2977831853495,0.9950058460235596,8.461358083877712e-05
2043.3182150374923,0.9948750734329224,8.459596574539319e-05
2043.3386467897508,0.9948689937591553,8.459835225949064e-05
2043.3590785422348,0.9946956038475037,8.457263902528211e-05
2043.3795102948425,0.9948320984840393,8.457966760033742e-05
2043.3999420476757,0.994545578956604,8.450120367342606e-05
2043.420373800749,0.9950191974639893,8.450581663055345e-05
2043.440805654056,0.9947732090950012,8.444624836556613e-05
2043.4612373074779,0.9947913885116577,8.44508467707783e-05
2043.4816691611268,0.9960500597953796,8.43832385726273e-05
2043.502100915015,0.9959174394607544,8.436170901404694e-05
2043.54296442325,0.9952208399772644,8.458882803097367e-05
2043.5633961777203,0.9948802590370178,8.457349031232297e-05
2043.5838278323063,0.9947732090950012,8.453904592897743e-05
2043.6042596871193,0.9949579834938049,8.449122833553702e-05
2043.6246914421718,0.9952396750450134,8.445487037533894e-05
2043.6451232974505,0.9956840872764587,8.437835640506819e-05
2043.6655549528514,0.9945483803749084,8.434858318651095e-05
2043.6859867084859,0.9949652552604675,8.43114175950177e-05
2043.706418464346,0.9949634671211243,8.422893733950332e-05
2043.7268502203297,0.9951521158218384,8.413707109866664e-05
2043.7472818765455,0.9951557517051697,8.394347969442606e-05
2043.7881454896706,0.9953451752662659,8.464972779620439e-05
2043.8085771464685,0.9947823286056519,8.461442484986037e-05
2043.8290090034934,0.995076596736908,8.463281119475141e-05
2043.8494407606413,0.9948347806930542,8.460892422590405e-05
2043.8698726181392,0.994949460029602,8.456862269667909e-05
2043.8903042757447,0.9949646592140198,8.451536268694326e-05
2043.910736033591,0.9946795701980591,8.448594599030912e-05
2043.9311678915547,0.9948941469192505,8.443702972726896e-05
2043.9515995498587,0.9946696162223816,8.43981106299907e-05
2043.9720313082871,0.9950734376907349,8.425412670476362e-05
2043.9924631669492,0.9953174591064453,8.414039621129632e-05
2044.0333266847301,0.9953758716583252,8.46370094222948e-05
2044.05375844409,0.9956877827644348,8.459566015517339e-05
2044.0741902034424,0.9947972297668457,8.454822091152892e-05
2044.0946219631514,0.9946889281272888,8.449244342045859e-05
2044.1150537229769,0.9947191476821899,8.436997450189665e-05
2044.1354854830279,0.9950421452522278,8.427433931501582e-05
2044.1559173433197,0.9952900409698486,8.408776193391532e-05
2044.1763490037265,0.9952487349510193,8.396724297199398e-05
2044.1967808644768,0.9952442646026611,8.369755960302427e-05
2044.21721262535,0.9949154853820801,8.346448885276914e-05
2044.2376442863388,0.994634211063385,8.303127106046304e-05
2044.2785079091263,0.9957208037376404,8.463832637062296e-05
2044.2989395708137,0.9956091046333313,8.466694271191955e-05
2044.319371432728,0.9955294132232666,8.466865256195888e-05
2044.3398031947654,0.9952707290649414,8.467436418868601e-05
2044.3602348571512,0.9955073595046997,8.470750617561862e-05
2044.3806667196477,0.9959876537322998,8.46774346427992e-05
2044.4010983823828,0.9948528409004211,8.470981265418231e-05
2044.4215302452358,0.9949029684066772,8.465880091534927e-05
2044.44196200843,0.9948658347129822,8.464230631943792e-05
2044.4623936717471,0.9949834942817688,8.454341150354594e-05
2044.4828255352913,0.9950461387634277,8.450417226413265e-05
2044.5236890629749,0.9960978627204895,8.43379893922247e-05
2044.5441208271077,0.9956157803535461,8.446339052170515e-05
2044.5849844560653,0.9957811236381531,8.462135883746669e-05
2044.6054161208885,0.9953945875167847,8.465144492220134e-05
2044.6258478858363,0.9952008128166199,8.467431325698271e-05
2044.646279751134,0.99549400806427,8.471582259517163e-05
2044.6667115164237,0.9955829977989197,8.471721230307594e-05
2044.6871431820691,0.9953075051307678,8.471486944472417e-05
2044.707575047949,0.9952741265296936,8.468604210065678e-05
2044.728006813937,0.9949474334716797,8.466900180792436e-05
2044.7484385801654,0.9952235221862793,8.46594775794074e-05
2044.7688703466265,0.9952129125595093,8.459229866275564e-05
2044.7893021133132,0.9949443936347961,8.451106259599328e-05
2044.8097339802407,0.995203971862793,8.446951687801629e-05
2044.8301656472831,0.9951366782188416,8.440842066193e-05
2044.8505974145519,0.9953758716583252,8.432551112491637e-05
2044.8710292820615,0.9955057501792908,8.416323544224724e-05
2044.8914609498024,0.9954758882522583,8.401717786910012e-05
2044.9118927177697,0.9957744479179382,8.378706115763634e-05
2044.9323245858614,0.9955357313156128,8.355003228643909e-05
2044.9527562543008,0.9947559833526611,8.330425771418959e-05
2044.9731881228508,0.9945430159568787,8.30598219181411e-05
2045.0140515605453,0.9953358173370361,8.468140731565654e-05
2045.034483429794,0.9952385425567627,8.466147119179368e-05
2045.0549151991654,0.9950082302093506,8.461606194032356e-05
2045.075346868769,0.9956955313682556,8.458870433969423e-05
2045.0957787385996,0.9951768517494202,8.452850306639448e-05
2045.1162104086688,0.9949453473091125,8.445765706710517e-05
2045.1366422789724,0.9953214526176453,8.434200572082773e-05
2045.1570740493844,0.9956666231155396,8.42454464873299e-05
2045.1775057200357,0.9957650899887085,8.404843538301066e-05
2045.197937590914,0.9957242012023926,8.385242108488455e-05
2045.2183693620318,0.9951432347297668,8.342786168213934e-05
2045.2592329049658,0.9959456324577332,8.471043111057952e-05
2045.2796646767747,0.9965905547142029,8.473341586068273e-05
2045.300096548708,0.9967848062515259,8.478043309878558e-05
2045.3205283208663,0.9963521957397461,8.468573651043698e-05
2045.3409599932638,0.9955194592475891,8.469589374726638e-05
2045.3613918658957,0.9951579570770264,8.466160215903074e-05
2045.3818236387524,0.9950921535491943,8.462765981676057e-05
2045.402255311732,0.9951010942459106,8.459534001303837e-05
2045.4226871850624,0.9952675700187683,8.454709313809872e-05
2045.4431189585011,0.9951375722885132,8.450487075606361e-05
2045.4635506321792,0.9950830340385437,8.447879372397438e-05
2045.504414280229,0.995872437953949,8.457664807792753e-05
2045.524846154607,0.9961196184158325,8.46476832521148e-05
2045.5452778291,0.9959595799446106,8.470274042338133e-05
2045.5657096039358,0.9959591031074524,8.472608169540763e-05
2045.586141478896,0.9959073662757874,8.472368790535256e-05
2045.6065731540875,0.9970389008522034,8.469719614367932e-05
2045.6270049295053,0.9965971112251282,8.476400398649275e-05
2045.647436805164,0.996815025806427,8.469678141409531e-05
2045.667868481054,0.9958364963531494,8.475461800117046e-05
2045.688300357171,0.9957154393196106,8.47791598062031e-05
2045.708732133411,0.9955237507820129,8.47454575705342e-05
2045.7291638099996,0.996100902557373,8.468439045827836e-05
2045.7495956866987,0.9959264397621155,8.47513583721593e-05
2045.7700273636365,0.9958373308181763,8.471649198327214e-05
2045.7904591409242,0.9954443573951721,8.471459295833483e-05
2045.8108910182054,0.9956546425819397,8.470056491205469e-05
2045.8313227958424,0.9952808022499084,8.463697304250672e-05
2045.8517545737122,0.9954025745391846,8.458195952698588e-05
2045.8721863518076,0.9956235289573669,8.454925409751013e-05
2045.8926181300267,0.9959872961044312,8.444140257779509e-05
2045.913049908595,0.9957142472267151,8.441435056738555e-05
2045.9334816872724,0.9955180287361145,8.4317522123456e-05
2045.95391346619,0.9956837296485901,8.425954729318619e-05
2045.9947770247163,0.9960843920707703,8.477070514345542e-05
2046.0152089043331,0.9962196350097656,8.474809146719053e-05
2046.0356406841747,0.996464729309082,8.475616778014228e-05
2046.0560723642557,0.9961617588996887,8.481337135890499e-05
2046.0765042444546,0.9957385063171387,8.479315147269517e-05
2046.096936025002,0.9957065582275391,8.478247764287516e-05
2046.117367705774,0.9956926107406616,8.4769977547694e-05
2046.1377995866715,0.9963114261627197,8.479662938043475e-05
2046.1582313677936,0.9961119294166565,8.47380724735558e-05
2046.1786630491551,0.9960488080978394,8.475924551021308e-05
2046.199094930751,0.9960359334945679,8.474665082758293e-05
2046.2399585946332,0.9960300326347351,8.48101990413852e-05
2046.260390276926,0.9961147308349609,8.481238182866946e-05
2046.2808220594452,0.9955822825431824,8.478831296088174e-05
2046.3012539422052,0.995927631855011,8.478661766275764e-05
2046.3216856251966,0.9955628514289856,8.475773211102933e-05
2046.342117408305,0.9956968426704407,8.476222865283489e-05
2046.3625491917555,0.9959924817085266,8.476078801322728e-05
2046.3829809753297,0.9964631795883179,8.469073509331793e-05
2046.4034128592466,0.9960904717445374,8.469099702779204e-05
2046.4238445432857,0.9960277080535889,8.46145412651822e-05
2046.4442763275583,0.9958490133285522,8.458107913611457e-05
2046.4851398969113,0.9964482188224792,8.480801625410095e-05
2046.5055716818824,0.9969140887260437,8.482873090542853e-05
2046.52600356708,0.9963017106056213,8.48288691486232e-05
2046.5464353525167,0.9962133169174194,8.48261479404755e-05
2046.56686713807,0.9961091876029968,8.481289114570245e-05
2046.5872989239651,0.9960821866989136,8.479637472191826e-05
2046.6077307101004,0.9958962202072144,8.476653601974249e-05
2046.6281624964686,0.9961062669754028,8.474699279759079e-05
2046.6485942830623,0.9958143830299377,8.470644388580695e-05
2046.6690260697796,0.9960896372795105,8.467413135804236e-05
2046.689457956847,0.9960870742797852,8.460004755761474e-05
2046.7303214315543,0.99676513671875,8.478909148834646e-05
2046.7507533193202,0.9965917468070984,8.479031384922564e-05
2046.7711850071937,0.996580958366394,8.480601536575705e-05
2046.7916168954252,0.9966639876365662,8.483418787363917e-05
2046.8120486837724,0.9966806173324585,8.483124111080542e-05
2046.8324803724609,0.9964824914932251,8.485963189741597e-05
2046.8529122612745,0.9965006709098816,8.482130942866206e-05
2046.8733440503202,0.9961405992507935,8.482296107104048e-05
2046.893775739707,0.9961900115013123,8.483984129270539e-05
2046.9142076292192,0.9963841438293457,8.479086682200432e-05
2046.9346394189633,0.9962131977081299,8.476516086375341e-05
2046.9755029992593,0.9974804520606995,8.465426799375564e-05
2046.995934789702,0.9971299171447754,8.474816422676668e-05
2047.0163665803702,0.996736466884613,8.48033232614398e-05
2047.0367983712786,0.9969156384468079,8.480576798319817e-05
2047.0572301624197,0.9966226816177368,8.483935380354524e-05
2047.0776619539029,0.9968170523643494,8.486099977744743e-05
2047.0980937455097,0.9971831440925598,8.488239836879075e-05
2047.1185256373428,0.9967694878578186,8.485544822178781e-05
2047.1389573294146,0.9968476891517639,8.48527779453434e-05
2047.1593891217199,0.9966431260108948,8.481719123665243e-05
2047.1798210142588,0.9965170621871948,8.480259566567838e-05
2047.220684500142,0.9969866871833801,8.483409328619018e-05
2047.241116393372,0.997250497341156,8.484448335366324e-05
2047.2615481868415,0.9971911311149597,8.486082515446469e-05
2047.281979880543,0.9970075488090515,8.487332524964586e-05
2047.302411774479,0.9966168999671936,8.488153980579227e-05
2047.3228435686397,0.9968499541282654,8.489422907587141e-05
2047.3432754631576,0.996423602104187,8.484986756229773e-05
2047.3637071577832,0.9963593482971191,8.487581362714991e-05
2047.3841389526497,0.9965645670890808,8.485170837957412e-05
2047.4045708477497,0.9971741437911987,8.482868724968284e-05
2047.425002543081,0.9969732165336609,8.48150739329867e-05
2047.4658662345537,0.9979132413864136,8.468463056487963e-05
2047.4862979305763,0.9975010752677917,8.478221570840105e-05
2047.5067298269569,0.9971952438354492,8.482064731651917e-05
2047.5271616234531,0.9970147013664246,8.485745638608932e-05
2047.5475933202906,0.9975876212120056,8.481457189191133e-05
2047.5680252172533,0.9979790449142456,8.48117852001451e-05
2047.588457014448,0.9975653290748596,8.485650323564187e-05
2047.608888711984,0.9972973465919495,8.490752225043252e-05
2047.6293206096452,0.9973236918449402,8.49044881761074e-05
2047.649752407655,0.9968230128288269,8.49133575684391e-05
2047.67018420589,0.996616005897522,8.486879232805222e-05
2047.690616004249,0.9972310662269592,8.490944310324267e-05
2047.7110478029572,0.9973893761634827,8.489731408189982e-05
2047.7314797018917,0.997317373752594,8.486844308208674e-05
2047.7519114009483,0.996893584728241,8.485199941787869e-05
2047.772343200355,0.996906042098999,8.484409772790968e-05
2047.7927749999872,0.9967957139015198,8.480875112581998e-05
2047.8132067998595,0.9968509674072266,8.476885705022141e-05
2047.8336385999646,0.9970067143440247,8.47169358166866e-05
2047.854070500296,0.9970552921295166,8.46939510665834e-05
2047.8745022008661,0.9969789385795593,8.457645162707195e-05
2047.8949341016705,0.9968700408935547,8.454587077721953e-05
2047.9153659026997,0.9970068335533142,8.442576654488221e-05
2047.9562295055803,0.9976387619972229,8.475745562463999e-05
2047.9766613073152,0.9979599118232727,8.482990233460441e-05
2047.9970930093987,0.9985945820808411,8.485409489367157e-05
2048.0175249116,0.9980782270431519,8.489892934449017e-05
2048.0379567141426,0.9978291392326355,8.49237185320817e-05
2048.0583886168097,0.9975917935371399,8.493146015098318e-05
2048.078820319817,0.9974426627159119,8.492801134707406e-05
2048.0992521230655,0.9976844191551208,8.492976485285908e-05
2048.1196840265475,0.9975391030311584,8.492917550029233e-05
2048.1401157302607,0.9971105456352234,8.491088374285027e-05
2048.1605475342003,0.9973945021629333,8.488894673064351e-05
2048.1809794383807,0.9971628189086914,8.487507875543088e-05
2048.201411142785,0.9975581169128418,8.483030251227319e-05
2048.2218430474313,0.9977589845657349,8.479627285851166e-05
2048.242274852426,0.9973242878913879,8.475950016872957e-05
2048.262706557536,0.9973422884941101,8.469663589494303e-05
2048.28313846299,0.9972981214523315,8.458404045086354e-05
2048.3035702685665,0.9977991580963135,8.446518040727824e-05
2048.324002074485,0.9977606534957886,8.430809975834563e-05
2048.344433880644,0.9980483651161194,8.415056800004095e-05
2048.3648656870355,0.9978798627853394,8.386033732676879e-05
2048.385297393659,0.9976150989532471,8.373017044505104e-05
2048.40572930051,0.9966780543327332,8.335894381161779e-05
2048.446592915032,0.9981921315193176,8.494477515341714e-05
2048.4670247225877,0.9982263445854187,8.498331590089947e-05
2048.4874565304926,0.9981537461280823,8.495834481436759e-05
2048.5078884385075,0.9980497360229492,8.498341776430607e-05
2048.5283201468774,0.9979079365730286,8.497020462527871e-05
2048.548751955481,0.99784916639328,8.498105307808146e-05
2048.5691838643106,0.9978196620941162,8.493763743899763e-05
2048.589615573379,0.9975273013114929,8.490568143315613e-05
2048.6100474826817,0.9974967241287231,8.492190681863576e-05
2048.630479292209,0.9976692199707031,8.486829756293446e-05
2048.6509110020925,0.9977751970291138,8.483480633003637e-05
2048.691774722436,0.9989959597587585,8.474871719954535e-05
2048.712206433018,0.9985224604606628,8.485621947329491e-05
2048.732638343834,0.9987494945526123,8.488816820317879e-05
2048.753070154875,0.998517632484436,8.493930363329127e-05
2048.7735020661567,0.998443067073822,8.49685602588579e-05
2048.7939337776697,0.9980992674827576,8.49932839628309e-05
2048.814365589409,0.9984735250473022,8.499942487105727e-05
2048.834797501506,0.99803626537323,8.499144314555451e-05
2048.855229213834,0.9983294606208801,8.498001261614263e-05
2048.875661026388,0.9978625178337097,8.499791874783114e-05
2048.8960929391833,0.9982578158378601,8.496257214574143e-05
2048.91652465221,0.9979811310768127,8.494447683915496e-05
2048.9369564654626,0.9980010390281677,8.488541789120063e-05
2048.9573883789562,0.9976885318756104,8.484937279717997e-05
2048.9778201927984,0.9979763031005859,8.476111543131992e-05
2048.998252006866,0.9976701140403748,8.471666660625488e-05
2049.0186838210575,0.9978968501091003,8.462851837975904e-05
2049.039115635591,0.9980220198631287,8.449136657873169e-05
2049.0595474504807,0.9983765482902527,8.432009053649381e-05
2049.079979265487,0.9984868168830872,8.417169738095254e-05
2049.100411080726,0.998230516910553,8.392452582484111e-05
2049.1208428963073,0.9979695677757263,8.364151290152222e-05
2049.1412747121285,0.9970678091049194,8.328972035087645e-05
2049.182138344462,0.9991487264633179,8.465740393148735e-05
2049.202570160982,0.99936443567276,8.476600487483665e-05
2049.223002077728,0.9990531206130981,8.475554204778746e-05
2049.243433794829,0.9993213415145874,8.483049168717116e-05
2049.2638656121635,0.9989767670631409,8.489454921800643e-05
2049.2842975297244,0.9990203976631165,8.495346264680848e-05
2049.304729247524,0.9987772107124329,8.497585804434493e-05
2049.325161065557,0.9987671375274658,8.498672832502052e-05
2049.345592983933,0.9990467429161072,8.498393435729668e-05
2049.366024702431,0.9989801645278931,8.503934077452868e-05
2049.3864566212796,0.9993970990180969,8.503354911226779e-05
2049.406888440353,0.9993115067481995,8.50382712087594e-05
2049.427320159666,0.999748945236206,8.502812852384523e-05
2049.4477520792134,0.9992068409919739,8.504493598593399e-05
2049.468183899102,0.9989855289459229,8.503525168634951e-05
2049.4886157192304,0.9985349774360657,8.502660057274625e-05
2049.509047539592,0.998531699180603,8.501853153575212e-05
2049.529479360179,0.9987991452217102,8.499247633153573e-05
2049.5499112810066,0.998676061630249,8.497806993545964e-05
2049.570343002182,0.9994819760322571,8.494438225170597e-05
2049.5907748234677,0.9989678263664246,8.490213076584041e-05
2049.6112067451104,0.9984791278839111,8.489828178426251e-05
2049.6316384669844,0.9983130693435669,8.48439522087574e-05
2049.6725022115425,0.9988137483596802,8.505242294631898e-05
2049.692934034232,0.999405562877655,8.504320430802181e-05
2049.713365857031,0.9992614984512329,8.506136509822682e-05
2049.7337976801864,0.9995678067207336,8.507430902682245e-05
2049.7542294036903,0.9991746544837952,8.504978904966265e-05
2049.774661327305,0.9988042712211609,8.5062587459106e-05
2049.795093151275,0.998603343963623,8.501417323714122e-05
2049.8155248754774,0.9988382458686829,8.50373980938457e-05
2049.835956799907,0.9988294243812561,8.500244439346716e-05
2049.856388624692,0.999140202999115,8.493359928252175e-05
2049.876820349593,0.9986898899078369,8.49202842800878e-05
2049.917684100321,0.9992420673370361,8.508653991157189e-05
2049.938116026038,0.9987636208534241,8.508354221703485e-05
2049.958547752096,0.999007523059845,8.507183520123363e-05
2049.978979578278,0.998772919178009,8.501419506501406e-05
2049.999411504803,0.999577522277832,8.499930117977783e-05
2050.019843231683,0.9988909363746643,8.497543603880331e-05
2050.04027505868,0.9991158246994019,8.495298243360594e-05
2050.060706986027,0.9986526370048523,8.487275772495195e-05
2050.081138713482,0.9988228678703308,8.48431809572503e-05
2050.101570641411,0.9988136291503906,8.474093192489818e-05
2050.1220024694485,0.9988563656806946,8.469173917546868e-05
2050.162866126353,0.9989281296730042,8.502730634063482e-05
2050.1832979552128,0.9987111687660217,8.49858988658525e-05
2050.2037297844145,0.9989232420921326,8.494299254380167e-05
2050.22416161374,0.9989012479782104,8.48671916173771e-05
2050.244593443407,0.9994749426841736,8.478490053676069e-05
2050.2650253733154,0.9987062811851501,8.473190246149898e-05
2050.285457103455,0.9989961981773376,8.460713434033096e-05
2050.3058889339372,0.9991050958633423,8.453935151919723e-05
2050.3263208646604,0.9993701577186584,8.435991185251623e-05
2050.3467526956156,0.9994224905967712,8.428504224866629e-05
2050.3671844267956,0.999519944190979,8.393853931920603e-05
2050.408048090103,0.9992693662643433,8.506153244525194e-05
2050.4284799220986,0.9992660880088806,8.506944868713617e-05
2050.448911854335,0.9993734359741211,8.502436685375869e-05
2050.4693435869194,0.9991177320480347,8.497254020767286e-05
2050.4897755197308,0.9991676211357117,8.487752347718924e-05
2050.5102073527814,0.9990127086639404,8.481101394863799e-05
2050.530639086064,0.9991526007652283,8.47162664285861e-05
2050.5510710196904,0.9992652535438538,8.455286297248676e-05
2050.571502853556,0.9997865557670593,8.444004197372124e-05
2050.5919345876537,0.9996874928474426,8.419755613431334e-05
2050.612366522095,0.9990373849868774,8.403389801969752e-05
2050.6532302916894,0.9993599653244019,8.506970334565267e-05
2050.6736620268275,0.999232828617096,8.499299292452633e-05
2050.694093862323,0.9994316697120667,8.495602378388867e-05
2050.7145257980446,0.9994688630104065,8.490590698784217e-05
2050.734957534005,0.9993177056312561,8.483626152155921e-05
2050.7553893703152,0.9991970062255859,8.471668843412772e-05
2050.7758213067427,0.999181866645813,8.461522520519793e-05
2050.796253043627,0.9992979168891907,8.450913446722552e-05
2050.8166849806366,0.9996110200881958,8.434598566964269e-05
2050.8371168179874,0.9996220469474792,8.411913586314768e-05
2050.8575486555783,0.999624490737915,8.393064490519464e-05
2050.898412331575,1.0009639263153076,8.442639955319464e-05
2050.9188441699735,1.0007587671279907,8.457908552372828e-05
2050.939276008612,1.0007904767990112,8.474684727843851e-05
2050.9597078474762,1.000752329826355,8.487343438901007e-05
2050.980139686697,1.0008230209350586,8.498309762217104e-05
2051.000571626151,1.0006893873214722,8.506891026627272e-05
2051.021003365953,1.0005455017089844,8.512837666785344e-05
2051.0414353059823,1.0005038976669312,8.512091881129891e-05
2051.06186704625,1.000350832939148,8.515741501469165e-05
2051.082298886744,1.0004204511642456,8.518293179804459e-05
2051.102730827595,1.0001137256622314,8.516431989846751e-05
2051.143594409994,1.000696063041687,8.516538218827918e-05
2051.164026351653,1.0006868839263916,8.512866770615801e-05
2051.1844580935503,1.0001914501190186,8.514334331266582e-05
2051.204890035675,1.0004123449325562,8.516081288689747e-05
2051.2253218781552,1.0004090070724487,8.518762479070574e-05
2051.2457536208676,1.0004490613937378,8.517259266227484e-05
2051.266185563807,1.0014315843582153,8.523742144461721e-05
2051.2866174071023,1.0006545782089233,8.518429967807606e-05
2051.3070491506296,1.0014989376068115,8.517906826455146e-05
2051.327481094384,1.0006047487258911,8.518233516952023e-05
2051.347912938494,1.0003890991210938,8.516757952747867e-05
2051.368344882838,0.9997655749320984,8.514003275195137e-05
2051.3887766274056,0.9996235370635986,8.512126805726439e-05
2051.4092084723306,0.9995686411857605,8.50834185257554e-05
2051.4296404174893,0.9997395873069763,8.505267032887787e-05
2051.450072162872,0.9997982382774353,8.501439879182726e-05
2051.470504008612,1.0004920959472656,8.496159716742113e-05
2051.4909359545854,0.9996989369392395,8.489921310683712e-05
2051.511367800784,0.9995277523994446,8.485663420287892e-05
2051.531799547338,0.9995198249816895,8.477047958876938e-05
2051.5522314941263,0.9996283650398254,8.471074397675693e-05
2051.572663341256,0.9997831583023071,8.457944932160899e-05
2051.5930951886257,1.0002384185791016,8.442609396297485e-05
2051.6339588840565,1.0006217956542969,8.518383401678875e-05
2051.654390732241,1.0002522468566895,8.520690607838333e-05
2051.674822580775,0.9998036623001099,8.519482798874378e-05
2051.695254429418,0.9996748566627502,8.516012167092413e-05
2051.7156862784177,0.9998024702072144,8.51425647852011e-05
2051.7361181277665,0.9998279809951782,8.511423220625147e-05
2051.7565500772253,1.0003681182861328,8.506356971338391e-05
2051.776981827039,0.9999582171440125,8.503531716996804e-05
2051.7974136772027,0.9997704029083252,8.497702947352082e-05
2051.8178456275928,0.9995442628860474,8.491814514854923e-05
2051.8382773782214,0.9993695616722107,8.484873251290992e-05
2051.879141180405,1.0001487731933594,8.521132258465514e-05
2051.8995729318485,1.0009868144989014,8.51840159157291e-05
2051.9200048836356,1.0005931854248047,8.516691741533577e-05
2051.940436735662,1.000205636024475,8.516331581631675e-05
2051.960868488037,0.9997859597206116,8.51158911245875e-05
2051.9813004405296,0.99983149766922,8.50884462124668e-05
2052.00173229348,0.9998851418495178,8.50548967719078e-05
2052.02216404667,0.9998909831047058,8.497395901940763e-05
2052.04259599997,0.9997174739837646,8.489022002322599e-05
2052.063027853743,0.9995502829551697,8.480703399982303e-05
2052.083459807749,0.9996784925460815,8.475263166474178e-05
2052.1243234165668,1.0001882314682007,8.521193376509473e-05
2052.144755371388,1.0004892349243164,8.519794937456027e-05
2052.1651872264338,1.000045895576477,8.519277616869658e-05
2052.1856189818354,0.9999936819076538,8.514361979905516e-05
2052.206050937588,0.9998302459716797,8.512962085660547e-05
2052.2264827934487,1.0001119375228882,8.504023571731523e-05
2052.2469145497816,1.000014305114746,8.504038851242512e-05
2052.2673465062326,1.0000452995300293,8.492906636092812e-05
2052.2877783630247,1.0002081394195557,8.48679628688842e-05
2052.3082103200577,1.000169038772583,8.465268911095336e-05
2052.3286420774384,1.0001012086868286,8.462485857307911e-05
2052.36950589301,1.0002728700637817,8.524156146449968e-05
2052.3899376512054,1.000089168548584,8.521322160959244e-05
2052.4103695096273,1.000258445739746,8.5207044321578e-05
2052.430801368406,1.0003886222839355,8.517828246112913e-05
2052.4512332275335,1.000104546546936,8.514129876857623e-05
2052.471665186771,1.0001122951507568,8.511097985319793e-05
2052.4920969463637,1.0002188682556152,8.51028089527972e-05
2052.5125288063064,1.000457763671875,8.502598211634904e-05
2052.5329607664753,0.9999638199806213,8.492070628562942e-05
2052.553392526883,1.0001120567321777,8.484117279294878e-05
2052.5738243876403,1.0001587867736816,8.469888416584581e-05
2052.6146881100794,1.0004560947418213,8.525940211256966e-05
2052.6351200716526,1.0010815858840942,8.525820157956332e-05
2052.6555519334506,1.000422716140747,8.522569260094315e-05
2052.6759836956044,1.00052011013031,8.518162940163165e-05
2052.696415658109,1.0002771615982056,8.513500506523997e-05
2052.716847520838,1.0002015829086304,8.507302845828235e-05
2052.7372793838076,1.0002720355987549,8.501244883518666e-05
2052.7577112471263,1.000116229057312,8.494764188071713e-05
2052.778143110787,1.0001962184906006,8.480306132696569e-05
2052.7985749745712,1.0005395412445068,8.469602471450344e-05
2052.819006838821,1.0006293058395386,8.449000597465783e-05
2052.8598706678968,1.0016069412231445,8.529375190846622e-05
2052.8803025329544,1.0013281106948853,8.527644240530208e-05
2052.9007342982513,1.0010101795196533,8.530448394594714e-05
2052.921166263899,1.0008676052093506,8.529800834367052e-05
2052.941598129779,1.0010719299316406,8.525808516424149e-05
2052.9620298958835,1.0004760026931763,8.528265607310459e-05
2052.982461862346,1.0007468461990356,8.523388532921672e-05
2053.0028937290335,1.0004533529281616,8.522975258529186e-05
2053.0233256960782,1.0004459619522095,8.517756941728294e-05
2053.0437574634707,1.000331163406372,8.514705405104905e-05
2053.064189330973,1.0003331899642944,8.507382881361991e-05
2053.1254848355893,1.0005179643630981,8.529331535100937e-05
2053.1459168043802,1.0011321306228638,8.529547631042078e-05
2053.1663486734033,1.0006489753723145,8.52786615723744e-05
2053.186780642769,1.0013034343719482,8.528991747880355e-05
2053.2072124123733,1.0007060766220093,8.523963333573192e-05
2053.2276442822113,1.0005137920379639,8.514666114933789e-05
2053.2480762525083,1.0005290508270264,8.516661182511598e-05
2053.268508023044,1.0003732442855835,8.516112575307488e-05
2053.288939893813,1.0008553266525269,8.510963380103931e-05
2053.309371864809,1.0010164976119995,8.507582970196381e-05
2053.3502356077443,1.0011589527130127,8.530316699761897e-05
2053.3706674796704,1.0013206005096436,8.531761704944074e-05
2053.3910993520694,1.002249836921692,8.528632315574214e-05
2053.4115312244685,1.0027755498886108,8.51745207910426e-05
2053.431963097326,1.0019031763076782,8.521373092662543e-05
2053.4523949704235,1.0012059211730957,8.523457654519007e-05
2053.4728268439867,1.000586748123169,8.519862603861839e-05
2053.4932587175426,1.000354290008545,8.51720105856657e-05
2053.5136905915715,1.0005295276641846,8.518281538272277e-05
2053.534122565834,1.0006598234176636,8.516460366081446e-05
2053.5545543403205,1.0006773471832275,8.505519508616999e-05
2053.595418190467,1.0006917715072632,8.527845056960359e-05
2053.6158499658923,1.0005911588668823,8.52838420541957e-05
2053.6362819415517,1.0005215406417847,8.52714292705059e-05
2053.656713817676,1.0008258819580078,8.526464807800949e-05
2053.677145594025,1.001069188117981,8.523540600435808e-05
2053.697577570616,1.000470519065857,8.517030073562637e-05
2053.7180094476644,1.0004976987838745,8.512462227372453e-05
2053.73844132472,1.0007774829864502,8.507534948876128e-05
2053.7588732022414,1.0013983249664307,8.500176045345142e-05
2053.7793050799955,1.0007745027542114,8.49812277010642e-05
2053.799736958208,1.0015612840652466,8.488893217872828e-05
2053.8406006153455,1.0008820295333862,8.531491766916588e-05
2053.8610325942573,1.000869631767273,8.532824722351506e-05
2053.8814644736412,1.0009297132492065,8.529382466804236e-05
2053.9018964530187,1.0010427236557007,8.531158528057858e-05
2053.9223282331004,1.001603126525879,8.524846634827554e-05
2053.942760113183,1.0017709732055664,8.52206430863589e-05
2053.9631920937245,1.0006725788116455,8.517409150954336e-05
2053.9836238745047,1.000630497932434,8.511514170095325e-05
2054.0040557555185,1.0005990266799927,8.508708560839295e-05
2054.0244877367586,1.0002652406692505,8.498191164107993e-05
2054.044919618471,1.000613808631897,8.49589123390615e-05
2054.0857833825867,1.0020222663879395,8.535076631233096e-05
2054.1062152652303,1.0020288228988647,8.538104884792119e-05
2054.1266471481067,1.001830816268921,8.536998211639002e-05
2054.1470790312087,1.0018901824951172,8.536156383343041e-05
2054.167510914551,1.001530408859253,8.535267261322588e-05
2054.1879428983593,1.0009316205978394,8.532807260053232e-05
2054.208374682392,1.0009475946426392,8.534361404599622e-05
2054.2288065666653,1.0012688636779785,8.530526974936947e-05
2054.249238551405,1.0010215044021606,8.528695616405457e-05
2054.269670336369,1.000896692276001,8.52365919854492e-05
2054.2901023215745,1.0005632638931274,8.517140668118373e-05
2054.3309659929073,1.001250982284546,8.535272354492918e-05
2054.351397979044,1.0015695095062256,8.537014218745753e-05
2054.371829865413,1.001584768295288,8.534068911103532e-05
2054.3922616522395,1.0018404722213745,8.530829654773697e-05
2054.4126936393077,1.0017009973526,8.527725003659725e-05
2054.433125526608,1.001212477684021,8.52492157719098e-05
2054.4535574141337,1.0008572340011597,8.520037226844579e-05
2054.4739893021324,1.0008118152618408,8.517514652339742e-05
2054.494421090363,1.0008468627929688,8.506891026627272e-05
2054.514853078821,1.0008608102798462,8.501184493070468e-05
2054.535284967751,1.0010281801223755,8.487228478770703e-05
2054.5761487463024,1.0010015964508057,8.529701881343499e-05
2054.5965806361637,1.0010249614715576,8.527533645974472e-05
2054.6170126262587,1.0007033348083496,8.522663847543299e-05
2054.6374444165776,1.0009312629699707,8.513464854331687e-05
2054.6578763071375,1.0012484788894653,8.509283361490816e-05
2054.6783082981565,1.0008444786071777,8.502248238073662e-05
2054.698740089414,1.0009833574295044,8.493098721373826e-05
2054.7191719809052,1.0010217428207397,8.484606223646551e-05
2054.739603972863,1.0013657808303833,8.471064211335033e-05
2054.760035865045,1.0011446475982666,8.466321742162108e-05
2054.7804677574677,1.0015251636505127,8.437023643637076e-05
2054.8213315432367,1.0013728141784668,8.531320781912655e-05
2054.8417634368234,1.0007774829864502,8.529229671694338e-05
2054.86219533041,1.001035451889038,8.525995508534834e-05
2054.882627224455,1.0007293224334717,8.521815470885485e-05
2054.903059218741,1.000784158706665,8.512338536093011e-05
2054.923491013251,1.0010805130004883,8.506610174663365e-05
2054.9439229082345,1.0009124279022217,8.494914072798565e-05
2054.9643549034517,1.0010470151901245,8.479406096739694e-05
2054.9847866989003,1.00100839138031,8.467770385323092e-05
2055.0052186948087,1.001226544380188,8.452578913420439e-05
2055.0256505909565,1.0015462636947632,8.429677109234035e-05
2055.066514384176,1.0019950866699219,8.543581498088315e-05
2055.0869461812545,1.0019017457962036,8.540439739590511e-05
2055.1073780785664,1.0021746158599854,8.541468559997156e-05
2055.1278100761047,1.0018996000289917,8.543089643353596e-05
2055.1482418741143,1.0019962787628174,8.541491843061522e-05
2055.168673872584,1.0020896196365356,8.53973688208498e-05
2055.18910577106,1.0022403001785278,8.541213173884898e-05
2055.209537570001,1.0027596950531006,8.538819383829832e-05
2055.229969569169,1.0025718212127686,8.536401583114639e-05
2055.2504014688093,1.0029535293579102,8.535687811672688e-05
2055.2708333684495,1.0016719102859497,8.536728273611516e-05
2055.291265268548,1.0011664628982544,8.536569657735527e-05
2055.3116971691197,1.0010182857513428,8.534009975846857e-05
2055.332129169925,1.001082420349121,8.529868500772864e-05
2055.352560970954,1.0010223388671875,8.526308374712244e-05
2055.372992872224,1.001094937324524,8.52677840157412e-05
2055.3934248739606,1.0010151863098145,8.518843969795853e-05
2055.413856775922,1.0008294582366943,8.519722177879885e-05
2055.4342885783553,1.0010408163070679,8.514332148479298e-05
2055.4547205807903,1.0012197494506836,8.516736852470785e-05
2055.475152483683,1.000983476638794,8.508376049576327e-05
2055.4955843870484,1.001727819442749,8.503874414600432e-05
2055.516016290647,1.0007859468460083,8.482078555971384e-05
2055.5568801985355,1.001965880393982,8.539760892745107e-05
2055.5773120030644,1.002159595489502,8.542746945749968e-05
2055.5977439078197,1.0024793148040771,8.539118425687775e-05
2055.618175912816,1.0016305446624756,8.538690599380061e-05
2055.638607718276,1.0023655891418457,8.537708345102146e-05
2055.6590396239626,1.0016807317733765,8.539903501514345e-05
2055.679471630123,1.001526951789856,8.531206549378112e-05
2055.6999034365144,1.0010688304901123,8.53354504215531e-05
2055.720335443133,1.0017083883285522,8.529330079909414e-05
2055.7407672499903,1.001519799232483,8.53339588502422e-05
2055.7611991573067,1.0018601417541504,8.517102833138779e-05
2055.8020629728853,1.0016895532608032,8.542303839931265e-05
2055.8224948811403,1.001657485961914,8.540672570234165e-05
2055.8429268896216,1.0012633800506592,8.538203110219911e-05
2055.8633586983415,1.0013235807418823,8.536869427189231e-05
2055.8837907075213,1.0010591745376587,8.53388337418437e-05
2055.9042226169404,1.001320719718933,8.52772209327668e-05
2055.924654526825,1.0013854503631592,8.518266258761287e-05
2055.9450864369355,1.001511573791504,8.512228669133037e-05
2055.965518347286,1.0014252662658691,8.51014192448929e-05
2055.985950258102,1.0011049509048462,8.494130452163517e-05
2056.0063821691438,1.0011589527130127,8.485896250931546e-05
2056.0472460921737,1.0024358034133911,8.50507349241525e-05
2056.0676780041467,1.002460241317749,8.51955046528019e-05
2056.088109816592,1.002547025680542,8.522606367478147e-05
2056.1085418290386,1.0029385089874268,8.535717643098906e-05
2056.1289737421757,1.0025224685668945,8.539297414245084e-05
2056.1494055553194,1.0024738311767578,8.544018055545166e-05
2056.1698375689302,1.0025194883346558,8.542726573068649e-05
2056.190269482766,1.0022387504577637,8.550258644390851e-05
2056.210701497075,1.0024566650390625,8.546413300791755e-05
2056.231133311616,1.0022810697555542,8.546704339096323e-05
2056.251565226383,1.003113031387329,8.547809557057917e-05
2056.2719972416235,1.0026942491531372,8.545941091142595e-05
2056.2924290570954,1.0024938583374023,8.546637400286272e-05
2056.3128609727937,1.0019499063491821,8.54427125887014e-05
2056.3332929889657,1.0014326572418213,8.540636918041855e-05
2056.353724805369,1.0015445947647095,8.541280112694949e-05
2056.3741567222314,1.0014251470565796,8.538296970073134e-05
2056.394588639334,1.0012847185134888,8.536282257409766e-05
2056.4150205566693,1.0014058351516724,8.536879613529891e-05
2056.435452574231,1.0012938976287842,8.535244705853984e-05
2056.455884492265,1.0010439157485962,8.528499893145636e-05
2056.4763163107637,1.0013010501861572,8.523245924152434e-05
2056.4967483292567,1.0014753341674805,8.512280328432098e-05
2056.537612067652,1.0024677515029907,8.546253229724243e-05
2056.558044087309,1.00169038772583,8.54570753290318e-05
2056.5784760072056,1.0015863180160522,8.541395072825253e-05
2056.5989079275605,1.0016523599624634,8.54321478982456e-05
2056.6193398481555,1.0018069744110107,8.540660928701982e-05
2056.6397717689833,1.001267910003662,8.543283183826134e-05
2056.660203690277,1.0014632940292358,8.53129240567796e-05
2056.680635611796,1.0020573139190674,8.534405060345307e-05
2056.701067533555,1.0014293193817139,8.524620352545753e-05
2056.7214994557726,1.0015065670013428,8.521126437699422e-05
2056.741931378463,1.0012974739074707,8.508186874678358e-05
2056.782795324303,1.0020172595977783,8.546291792299598e-05
2056.803227147924,1.0019787549972534,8.547951438231394e-05
2056.8236591715468,1.0018752813339233,8.54458412504755e-05
2056.8440910958598,1.0018402338027954,8.54365061968565e-05
2056.8645229201793,1.001341462135315,8.53960300446488e-05
2056.884954944966,1.0015380382537842,8.539970440324396e-05
2056.9053868702104,1.0022090673446655,8.540113776689395e-05
2056.9258188954627,1.0013967752456665,8.528390026185662e-05
2056.9462507211792,1.0012388229370117,8.525132579961792e-05
2056.966682647355,1.001254677772522,8.51675431476906e-05
2056.9871146737714,1.0011520385742188,8.513000648235902e-05
2057.0279784275263,1.002447247505188,8.549212361685932e-05
2057.048410454874,1.0029529333114624,8.550516213290393e-05
2057.0688422824533,1.0020006895065308,8.549181075068191e-05
2057.0892742104916,1.0020045042037964,8.544346201233566e-05
2057.109706139003,1.0015294551849365,8.54303507367149e-05
2057.130138067514,1.001616358757019,8.54164463817142e-05
2057.1505700964844,1.0013941526412964,8.540945418644696e-05
2057.1710019259262,1.0014665126800537,8.534860535291955e-05
2057.1914338556016,1.0014320611953735,8.531335333827883e-05
2057.2118658855034,1.0015982389450073,8.519933180650696e-05
2057.2322978158772,1.0017249584197998,8.51235818117857e-05
2057.2731616773162,1.0030052661895752,8.548695768695325e-05
2057.2935936086214,1.002553105354309,8.55380276334472e-05
2057.3140255401595,1.0026965141296387,8.554548549000174e-05
2057.334457472156,1.002529263496399,8.555145905120298e-05
