time,flux,flux_err
2749.590437895611,0.9874692559242249,3.494241536827758e-05
2749.6108700402983,0.985999584197998,3.495787314022891e-05
2749.6313020845264,0.9856470227241516,3.495691635180265e-05
2749.651734028288,0.9859930276870728,3.495647251838818e-05
2749.6721661715783,0.9859085083007812,3.4966302337124944e-05
2749.6925982144094,0.9867637157440186,3.49877736880444e-05
2749.7130301572397,0.9860382080078125,3.496015415294096e-05
2749.733462299133,0.9875044226646423,3.495942655717954e-05
2749.7538943410327,0.9864208102226257,3.495493729133159e-05
2749.774326282466,0.9861319661140442,3.4963384678121656e-05
2749.7947584238937,0.9865792393684387,3.496429417282343e-05
2749.8151904643964,0.9855044484138489,3.4974382288055494e-05
2749.8356224048985,0.9862512350082397,3.496733552310616e-05
2749.8560545444634,0.9861688017845154,3.496627323329449e-05
2749.876486584035,0.9862102270126343,3.4951954148709774e-05
2749.917350662239,0.9913649559020996,3.491569441393949e-05
2749.9377827004137,0.9909223914146423,3.492231189738959e-05
2749.9582146385874,0.9906364679336548,3.493260737741366e-05
2749.9786467762897,0.9910520315170288,3.493070471449755e-05
2749.999078813533,0.9905700087547302,3.494275370030664e-05
2750.0195107503096,0.9909317493438721,3.4945634979521856e-05
2750.039942886615,0.9899975657463074,3.4954980947077274e-05
2750.0603749229267,0.9888525605201721,3.496050339890644e-05
2750.080806958773,0.988434374332428,3.495967393973842e-05
2750.101238994146,0.9896075129508972,3.497249053907581e-05
2750.121671029061,0.9886172413825989,3.495782948448323e-05
2750.14210306351,0.9886274933815002,3.4975033486261964e-05
2750.162535097952,0.9874968528747559,3.4981061617145315e-05
2750.18296713147,0.9884548783302307,3.4996446629520506e-05
2750.2033992649813,0.9880255460739136,3.498759542708285e-05
2750.2238311980327,0.9879904389381409,3.4996272006537765e-05
2750.244263231085,0.9875196814537048,3.50064474332612e-05
2750.2646953632066,0.9888696670532227,3.5007491533178836e-05
2750.2851272953194,0.9888379573822021,3.499609374557622e-05
2750.3055593269746,0.9873196482658386,3.5013683373108506e-05
2750.3259914581577,0.9884547591209412,3.500332968542352e-05
2750.346423388881,0.9886764287948608,3.501725586829707e-05
2750.366855419139,0.9886061549186707,3.501517858239822e-05
2750.387287549398,0.9882132411003113,3.500510138110258e-05
2750.4077194791826,0.9885520935058594,3.5008579288842157e-05
2750.4281515085095,0.9891555309295654,3.500149250612594e-05
2750.448583637364,0.9878645539283752,3.500164893921465e-05
2750.46901566576,0.988949716091156,3.500620005070232e-05
2750.4894475941546,0.9878693222999573,3.500105594866909e-05
2750.509879722078,0.9896782040596008,3.497596117085777e-05
2750.5303117495423,0.9893171787261963,3.4937453165184706e-05
2750.550743776541,0.9887499213218689,3.491153984214179e-05
2750.5711758030666,0.9891810417175293,3.488424408715218e-05
2750.5916078295995,0.9891524910926819,3.483758700895123e-05
2750.612039855667,0.9884344339370728,3.4792024962371215e-05
2750.6733359310674,0.9998779296875,3.4876222343882546e-05
2750.693767955265,0.99897301197052,3.489905793685466e-05
2750.7141999794694,0.998701810836792,3.493198164505884e-05
2750.7346320032084,0.9980323910713196,3.4953016438521445e-05
2750.7550640264744,0.9975633025169373,3.494682096061297e-05
2750.7754959492813,0.9959765076637268,3.498311707517132e-05
2750.7959280720897,0.9973742961883545,3.4991830034414306e-05
2750.8163600944245,0.9951486587524414,3.500823731883429e-05
2750.8367920158344,0.9957721829414368,3.500732418615371e-05
2750.857224137246,0.9960452914237976,3.5020791983697563e-05
2750.877656158649,0.9954914450645447,3.502542313071899e-05
2750.8980881791285,0.9941771626472473,3.503161497064866e-05
2750.918520199608,0.9930379390716553,3.503977131913416e-05
2750.9389522196143,0.9934332370758057,3.5036362532991916e-05
2750.9593842391623,0.9940004348754883,3.5045693948632106e-05
2750.9798162582447,0.9932799339294434,3.50536429323256e-05
2751.0002482773198,0.994137704372406,3.504609776427969e-05
2751.0206803954716,0.9931862354278564,3.505829954519868e-05
2751.0411124136226,0.9916082620620728,3.507544897729531e-05
2751.0615443313,0.9928067326545715,3.506065331748687e-05
2751.10240846574,0.9934529662132263,3.508197914925404e-05
2751.1432724987753,1.0061877965927124,3.5146091249771416e-05
2751.163704514598,1.0053967237472534,3.4849443181883544e-05
2751.184136429947,1.0067470073699951,3.4878161386586726e-05
2751.2045685448393,1.0050829648971558,3.4883079933933914e-05
2751.2250005597307,1.0043822526931763,3.491155439405702e-05
2751.2454324741484,1.004331350326538,3.490484959911555e-05
2751.2658645881093,1.0040839910507202,3.492484029266052e-05
2751.2862966020693,1.0032777786254883,3.4942971979035065e-05
2751.306728615091,1.0029652118682861,3.496588396956213e-05
2751.3271606281196,1.0027588605880737,3.4952288842760026e-05
2751.3475926406827,1.0035673379898071,3.4976019378518686e-05
2751.368024652773,1.0018492937088013,3.499948434182443e-05
2751.3884566644047,1.0006566047668457,3.4992932341992855e-05
2751.4088886760364,1.0000261068344116,3.500719685689546e-05
2751.4293206871953,1.0006579160690308,3.502157414914109e-05
2751.4497526978957,1.000901699066162,3.50324044120498e-05
2751.4701847081305,0.999271035194397,3.505994754959829e-05
2751.4906166183573,0.9983022212982178,3.504505002638325e-05
2751.5110487276615,0.999146580696106,3.507009387249127e-05
2751.531480736965,0.9988605976104736,3.5062144888797775e-05
2751.5519128457963,0.9980291128158569,3.507757355691865e-05
2751.5723447541677,0.998532235622406,3.508210647851229e-05
2751.59277676254,0.9974347949028015,3.5088851291220635e-05
2751.613208869974,0.9968123435974121,3.510225360514596e-05
2751.6336407774143,0.9979831576347351,3.5098895750707015e-05
2751.654072784855,0.9967561364173889,3.510389069560915e-05
2751.674504891358,0.9967359900474548,3.5101849789498374e-05
2751.694936797401,0.9964823722839355,3.5103210393572226e-05
2751.715368803445,0.9967319369316101,3.511117756715976e-05
2751.7358009090167,0.9959931969642639,3.512947296258062e-05
2751.7562328141285,0.9960395693778992,3.512957118800841e-05
2751.776664819241,0.9964889883995056,3.5130706237396225e-05
2751.7970969234157,0.9964315295219421,3.513420597300865e-05
2751.817528827596,0.9953619837760925,3.512737384880893e-05
2751.8379608313116,0.9964026808738708,3.513774572638795e-05
2751.8583929350207,0.9961679577827454,3.514097261358984e-05
2751.878824937805,0.9929159879684448,3.51356684404891e-05
2751.8992568405884,0.9902556538581848,3.513148476486094e-05
2751.9196889429004,0.9914669990539551,3.513580668368377e-05
2751.9401209447533,0.995322048664093,3.514433410600759e-05
2751.9605528461398,0.9962520003318787,3.5135835787514225e-05
2752.124008945575,1.0014468431472778,3.512998591759242e-05
2752.144441044162,0.9994580745697021,3.5129105526721105e-05
2752.164872941823,0.9987162351608276,3.5135948564857244e-05
2752.185304939485,0.9988740086555481,3.5153061617165804e-05
2752.2057370366747,0.9998183846473694,3.515452044666745e-05
2752.22616893387,0.9969391822814941,3.5155349905835465e-05
2752.246600930135,0.9981192350387573,3.517074219416827e-05
2752.267032926393,0.9972593188285828,3.515906792017631e-05
2752.287464922192,0.9983116388320923,3.518325320328586e-05
2752.307896917526,0.9983587265014648,3.5177465179003775e-05
2752.3283289123938,0.9979071617126465,3.515843491186388e-05
2752.3487609072545,0.9982132315635681,3.517546792863868e-05
2752.369192901657,0.9994587898254395,3.518818994052708e-05
2752.389624995587,0.9978615641593933,3.5183784348191693e-05
2752.410056889057,0.998457133769989,3.517263030516915e-05
2752.430488882528,0.9979299306869507,3.5163524444215e-05
2752.4509209750613,0.9986483454704285,3.515970820444636e-05
2752.6143769055852,1.0027836561203003,3.51687049260363e-05
2752.6348088953237,1.0024176836013794,3.5171349736629054e-05
2752.655240784603,1.0006330013275146,3.5182867577532306e-05
2752.675672873418,1.0018033981323242,3.5182394640287384e-05
2752.696104862225,1.0009980201721191,3.5189146728953347e-05
2752.7165368501082,1.0004664659500122,3.519796155160293e-05
2752.7369688379913,1.0012569427490234,3.520310201565735e-05
2752.757400825867,1.0005738735198975,3.5218919947510585e-05
2752.777832812819,0.9998170137405396,3.52111310348846e-05
2752.7982647997705,0.9997339248657227,3.52011775248684e-05
2752.8186967862493,0.9994315505027771,3.5203447623644024e-05
2752.8391287722698,1.000233769416809,3.52002534782514e-05
2752.859560857818,0.9997479915618896,3.520768223097548e-05
2752.879992743372,0.9995220303535461,3.520765312714502e-05
2752.900424728461,0.9989356398582458,3.519899109960534e-05
2752.9208568130853,0.9992610812187195,3.52030256181024e-05
2752.941288697235,1.000356912612915,3.517472214298323e-05
2753.1251765406632,1.0067397356033325,3.520939208101481e-05
2753.1456086210965,1.005460262298584,3.519703750498593e-05
2753.166040501528,1.005179762840271,3.5204346204409376e-05
2753.1864724819534,1.0053126811981201,3.5196128010284156e-05
2753.2069045614553,1.0050426721572876,3.520963582559489e-05
2753.227336540949,1.0040435791015625,3.522868064465001e-05
2753.247768419984,1.0036317110061646,3.520862082950771e-05
2753.2682004985545,1.0038299560546875,3.5215267416788265e-05
2753.2886324771243,1.0041381120681763,3.5213364753872156e-05
2753.309064354755,1.0043367147445679,3.521214603097178e-05
2753.329496432394,1.0025948286056519,3.521748658386059e-05
2753.3499284095597,1.0030213594436646,3.523310806485824e-05
2753.3703604867333,1.003158688545227,3.521813414408825e-05
2753.3907923634397,1.003305196762085,3.523219857015647e-05
2753.411224339681,1.0016162395477295,3.5225639294367284e-05
2753.4316564154506,1.002447485923767,3.524197745718993e-05
2753.45208829076,1.0022435188293457,3.5233617381891236e-05
2753.472520266063,1.0031538009643555,3.523861232679337e-05
2753.4929523409082,1.002068042755127,3.523649138514884e-05
2753.5951121095277,1.0151509046554565,3.504726919345558e-05
2753.676840098189,1.0136332511901855,3.512400871841237e-05
2753.6972719697733,1.0110111236572266,3.513648334774189e-05
2753.7177039408853,1.0108213424682617,3.515826028888114e-05
2753.7381360115396,1.009312629699707,3.517302684485912e-05
2753.758567881727,1.0082664489746094,3.519344318192452e-05
2753.778999851449,1.0065351724624634,3.5195578675484285e-05
2753.799431921165,1.0054395198822021,3.521140752127394e-05
2753.8198637904206,1.0047518014907837,3.5218621633248404e-05
2753.840295859205,1.0050225257873535,3.52240058418829e-05
2753.860727827996,1.0036872625350952,3.524037674651481e-05
2753.881159695855,1.0040521621704102,3.5239361750427634e-05
2753.901591763708,1.0032745599746704,3.5232118534622714e-05
2753.9220237315676,1.0026510953903198,3.523889972711913e-05
2753.942455598495,1.0025334358215332,3.524128260323778e-05
2753.962887665417,1.0017451047897339,3.524304338498041e-05
2753.9833196318796,1.002600073814392,3.523155100992881e-05
2754.003751497876,1.00145423412323,3.524415660649538e-05
2754.0241835638662,1.0013325214385986,3.525269130477682e-05
2754.085479459056,1.0103884935379028,3.518140874803066e-05
2754.1059114231903,1.0081158876419067,3.521678809192963e-05
2754.1263433873246,1.0077983140945435,3.521058170008473e-05
2754.146775350986,1.0065248012542725,3.5227389162173495e-05
2754.1672073146547,1.0048437118530273,3.523697523633018e-05
2754.187639277392,1.0042030811309814,3.522559200064279e-05
2754.208071340123,1.004234790802002,3.5231903893873096e-05
2754.2285032023938,1.0034055709838867,3.523738632793538e-05
2754.2489351646655,1.003275752067566,3.525138527038507e-05
2754.2693672259993,1.0030008554458618,3.525130159687251e-05
2754.289799087339,1.002619743347168,3.523995110299438e-05
2754.3102311482144,1.0029324293136597,3.523902705637738e-05
2754.330663109082,1.0039607286453247,3.5242424928583205e-05
2754.3510949690244,1.002516508102417,3.5251094232080504e-05
2754.3715270289686,1.0022715330123901,3.524528437992558e-05
2754.3919589889047,1.0015281438827515,3.5248242056695744e-05
2754.412390847916,1.0036946535110474,3.523869963828474e-05
2754.432822906929,1.0016037225723267,3.525472857290879e-05
2754.453254865468,1.0025447607040405,3.524517887854017e-05
2754.5145506392364,1.0012904405593872,3.521843973430805e-05
2754.534982596386,1.002526044845581,3.519681195029989e-05
2754.575846609747,1.0051286220550537,3.523618579492904e-05
2754.596278465964,1.0054500102996826,3.524765998008661e-05
2754.6167105217173,1.0037964582443237,3.524743442540057e-05
2754.6371424772296,1.0037513971328735,3.525634019752033e-05
2754.657574332283,1.0032966136932373,3.525274951243773e-05
2754.6780063871047,1.003531575202942,3.524689600453712e-05
2754.6984383416857,1.002252221107483,3.525611464283429e-05
2754.7188702958083,1.0029735565185547,3.5248216590844095e-05
2754.739302249698,1.0022064447402954,3.525474312482402e-05
2754.759734203115,1.0031543970108032,3.525618740241043e-05
2754.780166256307,1.0024092197418213,3.525676947901957e-05
2754.800598109032,1.0023927688598633,3.525583815644495e-05
2754.8210300615174,1.0020198822021484,3.524175190250389e-05
2754.8414621135453,0.9978834390640259,3.5225148167228326e-05
2754.861893965339,1.0012965202331543,3.5241086152382195e-05
2754.88232591666,1.001718282699585,3.5237222618889064e-05
2754.9027579677568,1.0026991367340088,3.524064595694654e-05
2755.0662134643935,1.004635214805603,3.525721331243403e-05
2755.0866455124633,1.004113793373108,3.5247303458163515e-05
2755.107077460292,1.0035401582717896,3.526371801854111e-05
2755.127509307662,1.003610610961914,3.524781277519651e-05
2755.1479413548004,1.0028884410858154,3.525657666614279e-05
2755.168373301465,1.0037169456481934,3.5249500797363e-05
2755.1888052479044,1.0032861232757568,3.526093496475369e-05
2755.209237193878,1.0031291246414185,3.525691499817185e-05
2755.229669039618,1.0034881830215454,3.525046486174688e-05
2755.2501010848864,1.0028554201126099,3.52587885572575e-05
2755.2705330301615,1.0029208660125732,3.5256198316346854e-05
2755.29096487473,1.002663493156433,3.525308784446679e-05
2755.3113969190745,1.001107931137085,3.525264037307352e-05
2755.3318288631854,1.003026008605957,3.52461174770724e-05
2755.35226070683,1.0019575357437134,3.524349085637368e-05
2755.3726927502357,1.0020581483840942,3.52453971572686e-05
2755.3931246934153,1.0024807453155518,3.522953193169087e-05
2755.413556636122,1.001657485961914,3.5221361031290144e-05
2755.43398857837,1.001997470855713,3.519408710417338e-05
2755.4544205203856,1.0023103952407837,3.517602453939617e-05
2755.474852462161,1.002610683441162,3.512970943120308e-05
2755.495284403478,1.0023419857025146,3.504412961774506e-05
2755.5565802257915,1.0027072429656982,3.5255096008768305e-05
2755.5770121657115,1.0023112297058105,3.5244502214482054e-05
2755.597444105624,1.0024073123931885,3.5246026527602226e-05
2755.6178761448464,1.00188148021698,3.525374268065207e-05
2755.638307984067,1.0021321773529053,3.52559145539999e-05
2755.74046777434,1.001173734664917,3.524538624333218e-05
2755.760899611465,1.002023696899414,3.5243876482127234e-05
2755.8017635845463,1.0107388496398926,3.5181466955691576e-05
2755.82219542074,1.0102366209030151,3.518363882903941e-05
2755.8426274564627,1.0092202425003052,3.519044184940867e-05
2755.863059391959,1.008968472480774,3.5201683203922585e-05
2755.8834913269893,1.0096877813339233,3.520982863847166e-05
2755.9039232617797,1.0068697929382324,3.520939208101481e-05
2755.9243551961117,1.0063101053237915,3.523286068229936e-05
2755.944787130211,1.0056148767471313,3.5218155971961096e-05
2755.96521906407,1.0050336122512817,3.524466956150718e-05
2755.9856509974707,1.0039724111557007,3.523329723975621e-05
2756.0060829306385,1.002524733543396,3.5236094845458865e-05
2756.0265148635663,1.0030866861343384,3.5253458918305114e-05
2756.0469467960356,1.0016212463378906,3.5249002394266427e-05
2756.067378828273,1.0008113384246826,3.523659324855544e-05
2756.0878106600358,1.001031756401062,3.524662315612659e-05
2756.108242591574,1.001186490058899,3.5247292544227093e-05
2756.1286746226397,1.0006705522537231,3.5245189792476594e-05
2756.1491064534785,1.0003567934036255,3.524594285408966e-05
2756.169538384085,0.9999123811721802,3.52386268787086e-05
2756.189970414227,0.9999889135360718,3.52403185388539e-05
2756.210402244127,1.0013898611068726,3.5253669921075925e-05
2756.2308341735697,0.9997215270996094,3.5243137972429395e-05
2756.251266202773,1.000694751739502,3.523558916640468e-05
2756.271698031749,1.0007283687591553,3.5232103982707486e-05
2756.2921299602604,1.0001815557479858,3.523586565279402e-05
2756.3125619885395,1.0005749464035034,3.522538099787198e-05
2756.332993816577,0.9994657039642334,3.523509076330811e-05
2756.353425744157,1.0005048513412476,3.521208418533206e-05
2756.3738577712647,1.0004782676696777,3.5217894037486985e-05
2756.3942895983782,1.0001158714294434,3.51838898495771e-05
2756.414721524794,0.9998639822006226,3.516273864079267e-05
2756.4351535512105,1.000307559967041,3.5131881304550916e-05
2756.4555854771534,1.0002551078796387,3.509084854158573e-05
2756.5373132779205,1.0001099109649658,3.521738472045399e-05
2756.55774510224,1.0004433393478394,3.522399492794648e-05
2756.57817702632,1.0005635023117065,3.52061033481732e-05
2756.5986090499428,0.9991558790206909,3.519899837556295e-05
2756.6190408733237,0.999467670917511,3.5168632166460156e-05
2756.63947279648,1.0000841617584229,3.515332718961872e-05
2756.659904819171,0.9996099472045898,3.510497117531486e-05
2756.680336641628,0.9995630383491516,3.5060307709500194e-05
2756.7007685636127,1.000532627105713,3.4981410863110796e-05
2756.7824962487794,0.9983660578727722,3.523343548295088e-05
2770.7987225230972,0.9956614971160889,3.529242530930787e-05
2770.8191542683635,0.9954426884651184,3.5298926377436146e-05
2770.839586113405,0.996313750743866,3.5298489819979295e-05
2770.860017758445,0.9952694773674011,3.529783498379402e-05
2770.8804495030126,0.9966261386871338,3.5301265597809106e-05
2770.9008812475877,0.9953325390815735,3.529143214109354e-05
2770.92131299193,0.9950721859931946,3.52910028595943e-05
2770.9417448360327,0.996055543422699,3.5306795325595886e-05
2770.9621764799085,0.9972444176673889,3.5296565329190344e-05
2770.982608223785,0.9963493943214417,3.5307410144014284e-05
2771.0030400671894,0.9965340495109558,3.5298591683385894e-05
2771.0234717105996,0.9961971640586853,3.5294549888931215e-05
2771.0439034540104,0.9973451495170593,3.530787580530159e-05
2771.064335296949,0.9966447353363037,3.5297463909955695e-05
2771.0847669396608,0.9967978596687317,3.5290995583636686e-05
2771.105198682373,0.996704638004303,3.5303492040839046e-05
2771.125630524846,0.9970227479934692,3.5303368349559605e-05
2771.146062167092,0.9972754120826721,3.5289256629766896e-05
2771.1664940090996,0.996390163898468,3.530422691255808e-05
2771.1869257511134,0.9976107478141785,3.53067516698502e-05
2771.2073574928945,0.9976487755775452,3.530166213749908e-05
2771.2277892344428,0.9977229833602905,3.530216054059565e-05
2771.248220975751,0.9985149502754211,3.530595495249145e-05
2771.2686527168335,0.9980994462966919,3.530355024849996e-05
2771.2890844579088,0.9979625344276428,3.530087633407675e-05
2771.3095161987585,0.9991207122802734,3.530370304360986e-05
2771.350379779753,0.9986540079116821,3.5309396480442956e-05
2771.3708114199035,0.998713493347168,3.5307231883052737e-05
2771.3912431600547,0.9991386532783508,3.5301691241329536e-05
2771.4116749999666,0.9986754655838013,3.5302851756569e-05
2771.4321066396515,0.9996058940887451,3.532128903316334e-05
2771.452538479105,0.9988325238227844,3.530128378770314e-05
2771.4729702183176,0.9997196793556213,3.5313652915647253e-05
2771.493401857537,0.9989340305328369,3.530232061166316e-05
2771.5138336965247,1.0011752843856812,3.529984314809553e-05
2771.5342654352717,1.0010812282562256,3.5302793548908085e-05
2771.554697074025,1.0011677742004395,3.5303968616062775e-05
2771.5751289123145,1.0014028549194336,3.531185211613774e-05
2771.7385828132465,1.0064139366149902,3.530051981215365e-05
2771.7590145499053,1.006333351135254,3.533620110829361e-05
2771.779446286557,1.0067448616027832,3.5301556636113673e-05
2771.7998780229827,1.0072486400604248,3.530974208842963e-05
2771.8203097594087,1.0066756010055542,3.53164468833711e-05
2771.8407414953617,1.0064562559127808,3.531263428158127e-05
2771.861173331323,1.005927562713623,3.531645779730752e-05
2771.8816049670495,1.0067893266677856,3.530708636390045e-05
2771.902036702537,1.0073870420455933,3.531467154971324e-05
2771.9224685377994,1.0069819688796997,3.532692062435672e-05
2771.9429001730605,1.006296992301941,3.533608833095059e-05
2771.963332008083,1.0079115629196167,3.533861672622152e-05
2771.983763742879,1.0066343545913696,3.533796552801505e-05
2772.0041953776745,1.0058645009994507,3.533402195898816e-05
2772.0246272119984,1.0074737071990967,3.533221752149984e-05
2772.045058946329,1.0065481662750244,3.533513881848194e-05
2772.065490580426,1.0075500011444092,3.53265022567939e-05
2772.085922414517,1.0072548389434814,3.5314777051098645e-05
2772.106354148149,1.0071460008621216,3.532194023136981e-05
2772.12678578178,1.0078411102294922,3.531925904098898e-05
2772.147217615173,1.0081223249435425,3.532179835019633e-05
2772.167649348572,1.0080883502960205,3.533706330927089e-05
2772.1880810815055,1.0079370737075806,3.5338467569090426e-05
2772.2085128144317,1.0064709186553955,3.5337980079930276e-05
2772.2289445471324,1.007738471031189,3.533421840984374e-05
2772.2493763798266,1.0084285736083984,3.534842835506424e-05
2772.269808012061,1.0085337162017822,3.532780465320684e-05
2772.290239744296,1.0092086791992188,3.533644849085249e-05
2772.310671476298,1.0090657472610474,3.53352224919945e-05
2772.331103208293,1.0087971687316895,3.53280411218293e-05
2772.3515349398294,1.0083290338516235,3.5338533052708954e-05
2772.3719667713594,1.0089095830917358,3.532392292981967e-05
2772.3923984026624,1.010471224784851,3.5333003324922174e-05
2772.412830133733,1.010146141052246,3.533271228661761e-05
2772.4332619647976,1.0099314451217651,3.533987182890996e-05
2772.453693595635,1.009503722190857,3.5328572266735137e-05
2772.47412532624,1.0097671747207642,3.534054121701047e-05
2772.494557156606,1.009852647781372,3.533433118718676e-05
2772.5149887872103,1.0084666013717651,3.533462222549133e-05
2772.5354206173506,1.0085997581481934,3.534630741341971e-05
2772.55585234725,1.0090129375457764,3.5337143344804645e-05
2772.576283976923,1.0086042881011963,3.534695497364737e-05
2772.596715806598,1.007994532585144,3.535400173859671e-05
2772.6171475360316,1.0077248811721802,3.535526411724277e-05
2772.637579165239,1.008139729499817,3.539379395078868e-05
2772.7193061806684,1.0098016262054443,3.53937030013185e-05
2772.739737908938,1.010023832321167,3.538733290042728e-05
2772.760169637215,1.0070629119873047,3.539748286129907e-05
2772.780601365259,1.009264349937439,3.539265162544325e-05
2772.8010330932957,1.009127140045166,3.539379395078868e-05
2772.821464920875,1.0085889101028442,3.540296893334016e-05
2772.8418966484533,1.0085183382034302,3.5398235922912136e-05
2772.8623282760236,1.0076804161071777,3.539626413839869e-05
2772.882760103137,1.0085750818252563,3.540096804499626e-05
2772.90319183025,1.0076097249984741,3.54032963514328e-05
2772.9236234571217,1.0088270902633667,3.540725083439611e-05
2772.9440552837696,1.0063087940216064,3.5399076296016574e-05
2772.9644870104166,1.00706148147583,3.54025796696078e-05
2772.984918636823,1.007042646408081,3.5407079849392176e-05
2773.005350463005,1.0076125860214233,3.540364559739828e-05
2773.0257821889536,1.0068793296813965,3.5410845157457516e-05
2773.046213814894,1.0065430402755737,3.541235491866246e-05
2773.0666456406107,1.0065686702728271,3.5397610190557316e-05
2773.0870773660936,1.0061230659484863,3.541771729942411e-05
2773.1075089915685,1.0055768489837646,3.5406606912147254e-05
2773.1279408168193,1.0063145160675049,3.540875331964344e-05
2773.148372441836,1.0052818059921265,3.541270416462794e-05
2773.1688042666137,1.0062954425811768,3.541955447872169e-05
2773.189235991398,1.0061287879943848,3.541144906193949e-05
2773.2096677159498,1.0061395168304443,3.5412322176853195e-05
2773.2300994402613,1.005746603012085,3.541424302966334e-05
2773.25053116458,1.0044770240783691,3.540537363733165e-05
2773.270962888666,1.004198670387268,3.541420301189646e-05
2773.291394612512,1.0058269500732422,3.5416898754192516e-05
2773.311826336132,1.0064483880996704,3.541152545949444e-05
2773.3322580597523,1.0044889450073242,3.542275226209313e-05
2773.3526897831325,1.0047768354415894,3.540492616593838e-05
2773.37312150652,1.005277395248413,3.5413697332842276e-05
2773.3935532294417,1.0050781965255737,3.540635225363076e-05
2773.413985052357,1.0055161714553833,3.5412573197390884e-05
2773.434416675278,1.0041780471801758,3.5409531847108155e-05
2773.4548484977277,1.0032224655151367,3.542365811881609e-05
2773.475280220184,1.0055221319198608,3.54052463080734e-05
2773.4957118424063,1.0043336153030396,3.542143167578615e-05
2773.5161436646304,1.0043258666992188,3.5406606912147254e-05
2773.5365753863807,1.005638599395752,3.540390753187239e-05
2773.5570070083704,1.0047179460525513,3.5403416404733434e-05
2773.5774388298887,1.0053001642227173,3.539798126439564e-05
2773.5978705514135,1.0043070316314697,3.5410095733823255e-05
2773.6183021727047,1.0050698518753052,3.539796671248041e-05
2773.6387339937646,1.004976511001587,3.539491808624007e-05
2773.6591657145837,1.0052316188812256,3.540077159414068e-05
2773.67959743541,1.0057721138000488,3.540577381500043e-05
2773.700029156229,1.005638837814331,3.5384488001000136e-05
2773.7204608765896,1.0051673650741577,3.5391232813708484e-05
2773.7408925969503,1.0049586296081543,3.539262252161279e-05
2773.761324317071,1.0049808025360107,3.5400164051679894e-05
2773.7817560371986,1.0061877965927124,3.5378259781282395e-05
2773.802187756861,1.0066128969192505,3.5384440707275644e-05
2773.8226194767485,1.0051672458648682,3.538991586538032e-05
2773.843051196178,1.0055673122406006,3.538422970450483e-05
2773.863483015608,1.0060935020446777,3.5377961467020214e-05
2773.8839146347964,1.0070768594741821,3.537669908837415e-05
2773.90434635376,1.006463885307312,3.53883151547052e-05
2773.9247781727245,1.0065466165542603,3.537991506163962e-05
2773.9452097914473,1.00770902633667,3.538218152243644e-05
2773.9656415099453,1.0066578388214111,3.539612589520402e-05
2773.986073328444,1.0074750185012817,3.538247983669862e-05
2774.006504946701,1.0077579021453857,3.5386816307436675e-05
2774.0269367647343,1.0077816247940063,3.5384979128139094e-05
2774.190390403848,1.0142810344696045,3.534802817739546e-05
2774.210822220717,1.0127676725387573,3.535931682563387e-05
2774.2312539371196,1.0200165510177612,3.527167427819222e-05
2774.251685653515,1.0150529146194458,3.5336368455318734e-05
2774.2721173696846,1.0139189958572388,3.534600546117872e-05
2774.2925490858543,1.0135300159454346,3.5354369174456224e-05
2774.3129809017846,1.0126348733901978,3.537510201567784e-05
2774.3334126174886,1.0137783288955688,3.536519579938613e-05
2774.353844233192,1.0129520893096924,3.5369717807043344e-05
2774.3742760486566,1.0121692419052124,3.5372981074033305e-05
2774.394707763895,1.0122367143630981,3.537006341503002e-05
2774.4151393791326,1.0122483968734741,3.5370678233448416e-05
2774.4355711941316,1.0122578144073486,3.537410157150589e-05
2774.4560029089043,1.011549472808838,3.537840166245587e-05
2774.4764345236763,1.0120500326156616,3.536833537509665e-05
2774.4968663382097,1.010348916053772,3.537910743034445e-05
2774.517297952516,1.011672854423523,3.537441079970449e-05
2774.7011834752047,1.00555419921875,3.539787940098904e-05
2774.721615188115,1.006095290184021,3.541556725394912e-05
2774.7420469007848,1.0052852630615234,3.5406319511821494e-05
2774.762478613229,1.0056447982788086,3.539880344760604e-05
2774.7829103256663,1.0050369501113892,3.5392884456086904e-05
2774.8033420381107,1.0045137405395508,3.5392069548834115e-05
2774.8237737500895,1.0071487426757812,3.538399687386118e-05
2774.8442055620617,1.0051251649856567,3.5383487556828186e-05
2774.864637173807,1.0046944618225098,3.53907780663576e-05
2774.8850689855535,1.0064893960952759,3.537905286066234e-05
2774.9055006970593,1.0041929483413696,3.540246689226478e-05
2774.9259323085716,1.005704641342163,3.537485463311896e-05
2774.94636411962,1.0048269033432007,3.539096360327676e-05
2774.966795830893,1.003588080406189,3.539276076480746e-05
2774.9872274417066,1.0052109956741333,3.53684627043549e-05
2775.007659252522,1.0046898126602173,3.5376910091144964e-05
2775.0280909630965,1.00509774684906,3.539200042723678e-05
2775.0485225736775,1.0045069456100464,3.540296893334016e-05
2775.068954384027,1.0062459707260132,3.537846350809559e-05
2775.089386094136,1.005747675895691,3.5385615774430335e-05
2775.1098177042513,1.006333351135254,3.538664532243274e-05
2775.1302495141354,1.006080150604248,3.537366137607023e-05
2775.1506812237785,1.0064350366592407,3.538218516041525e-05
2775.1711130334297,1.0057852268218994,3.537868906278163e-05
2775.1915446430794,1.0059216022491455,3.538090459187515e-05
2775.211976352257,1.0057772397994995,3.5380562621867284e-05
2775.2324080614417,1.0062568187713623,3.538461896823719e-05
2775.2528397703936,1.0061554908752441,3.538578312145546e-05
2775.4162935375643,1.0071874856948853,3.5367251257412136e-05
2775.4367251453514,1.0077202320098877,3.5364300856599584e-05
2775.457156852899,1.0083006620407104,3.5372944694245234e-05
2775.477588660222,1.0075395107269287,3.535668656695634e-05
2775.4980202675433,1.0088107585906982,3.5346223739907146e-05
2775.661474020744,1.0095195770263672,3.536110671120696e-05
2775.681905726902,1.0082367658615112,3.537151133059524e-05
2775.70233743282,1.0081884860992432,3.5376284358790144e-05
2775.7227691385124,1.0092707872390747,3.537263546604663e-05
2775.7432008442047,1.0077672004699707,3.5385666706133634e-05
2775.763632549657,1.0071460008621216,3.53651812474709e-05
2775.7840642548836,1.0069198608398438,3.537951488397084e-05
2775.804496060111,1.0072300434112549,3.538953751558438e-05
2775.8249276650968,1.006559133529663,3.537926386343315e-05
2775.8453593700906,1.005631923675537,3.538109376677312e-05
2775.865791174845,1.0053094625473022,3.538034434313886e-05
2775.8862228793732,1.0071083307266235,3.538523014867678e-05
2775.9066544839006,1.0059270858764648,3.537280281307176e-05
2775.9270862881967,1.005260705947876,3.538911551004276e-05
2775.947517892484,1.0055627822875977,3.539234239724465e-05
2775.9679495965465,1.0058513879776,3.538078090059571e-05
2775.9883814003697,1.004355788230896,3.538870078045875e-05
2776.0088130041986,1.0054124593734741,3.5378896427573636e-05
2776.0292447077954,1.0053106546401978,3.538389501045458e-05
2776.049676511393,1.0048528909683228,3.537927841534838e-05
2776.070108114749,1.0052127838134766,3.5372493584873155e-05
2776.090539918114,1.0055313110351562,3.53758005076088e-05
2776.1109716212377,1.0055246353149414,3.537856537150219e-05
2776.1314032241353,1.004586935043335,3.539523095241748e-05
2776.1518350270344,1.0050196647644043,3.5386390663916245e-05
2776.1722667296926,1.0038323402404785,3.539159661158919e-05
2776.1926983321246,1.0047820806503296,3.537837983458303e-05
2776.213130134558,1.004248023033142,3.537363954819739e-05
2776.2335618369834,1.004273772239685,3.5383214708417654e-05
2776.2539935391833,1.004626989364624,3.538725650287233e-05
2776.2744252411503,1.0036296844482422,3.5392818972468376e-05
2776.29485694311,1.003326177597046,3.5379674955038354e-05
2776.3152886448443,1.0041943788528442,3.538193413987756e-05
2776.3357203463456,1.0034513473510742,3.5384513466851786e-05
2776.3561520478397,1.0031495094299316,3.538736200425774e-05
2776.376583849109,1.004553198814392,3.538182136253454e-05
2776.3970155503775,1.0032258033752441,3.537845259415917e-05
2776.417447151405,1.003265619277954,3.538219607435167e-05
2776.4378789524417,1.0031590461730957,3.5386114177526906e-05
2776.4583106532446,1.0045164823532104,3.53820068994537e-05
2776.4787422540394,1.0031607151031494,3.538653254508972e-05
2776.6626276540264,1.0048024654388428,3.537632437655702e-05
2776.6830593534323,1.0036466121673584,3.536929943948053e-05
2776.703491052838,1.0032669305801392,3.5375520383240655e-05
2776.723922751771,1.003151535987854,3.536864824127406e-05
2776.7443544507114,1.0030913352966309,3.53675422957167e-05
2776.7647861496516,1.0032299757003784,3.536043732310645e-05
2776.7852178483517,1.0032148361206055,3.536925578373484e-05
2776.8056495469427,1.0035738945007324,3.536028089001775e-05
2776.8260812454173,1.0034644603729248,3.536391886882484e-05
2776.8465129436518,1.0033208131790161,3.536613439791836e-05
2776.8669446418935,1.002128005027771,3.5367826058063656e-05
2776.8873763399024,1.0017616748809814,3.537144948495552e-05
2776.907808137905,1.001165509223938,3.536521035130136e-05
2776.92823973568,1.000964879989624,3.53664108843077e-05
2776.9486715333333,1.001173496246338,3.536734220688231e-05
2776.9691032308765,1.0011547803878784,3.5367953387321904e-05
2776.9895348283026,1.0013946294784546,3.537832890287973e-05
2777.0099666256137,1.000320315361023,3.5372882848605514e-05
2777.0303983228005,1.0005720853805542,3.5371991543797776e-05
2777.0508299198773,1.0008774995803833,3.537727752700448e-05
2777.0712617167155,1.000857949256897,3.536220174282789e-05
2777.0916934135603,1.0000958442687988,3.537570228218101e-05
2777.1121250101714,1.0012145042419434,3.537467637215741e-05
2777.1325568066677,0.999799370765686,3.537946395226754e-05
2777.1529885030395,0.9994750618934631,3.5374519939068705e-05
2777.173420099418,0.999895453453064,3.536807344062254e-05
2777.1938518955576,1.0007820129394531,3.53641553374473e-05
2777.2142835915874,1.0009775161743164,3.536463555064984e-05
2777.234715387385,1.0002652406692505,3.537180964485742e-05
2777.2551469831815,1.0007376670837402,3.5367327654967085e-05
2777.275578678855,0.9999690055847168,3.537596785463393e-05
2777.2960104744197,1.0016461610794067,3.536002623150125e-05
2777.316442069743,1.0002444982528687,3.5369430406717584e-05
2777.3368737650744,1.0004502534866333,3.53549730789382e-05
2777.357305460173,0.9990975856781006,3.535941141308285e-05
2777.377737255265,0.9999246001243591,3.5362823837203905e-05
2777.39816885013,1.0008000135421753,3.535735231707804e-05
2777.41860064488,1.0000604391098022,3.5371518606552854e-05
2777.439032239621,0.9999754428863525,3.535790165187791e-05
2777.4594639341376,0.9997186660766602,3.535941141308285e-05
2777.4798957285384,0.9993497133255005,3.5364613722776994e-05
2777.5003273228212,1.0005531311035156,3.5354903957340866e-05
2777.520759116982,0.999514639377594,3.535534779075533e-05
2777.5411908110327,0.9996410608291626,3.53604627889581e-05
2777.561622404959,0.9996907711029053,3.5361499612918124e-05
2777.5820541986614,1.0001431703567505,3.5353656130610034e-05
2777.602485892363,1.0002877712249756,3.535086216288619e-05
2777.6229174859473,0.9979404807090759,3.535933865350671e-05
2777.6433492794094,0.999555230140686,3.534827192197554e-05
2777.6637809726453,0.9990358948707581,3.534870484145358e-05
2777.684212565873,0.9986892342567444,3.5354230931261554e-05
2777.704644358877,0.9994277358055115,3.5355467844055966e-05
2777.72507605188,1.0001492500305176,3.535726136760786e-05
2777.7455078446437,0.9988340735435486,3.535401992849074e-05
2777.765939437413,1.000160574913025,3.535696669132449e-05
2777.7863711299506,0.997742772102356,3.535462019499391e-05
2777.8068029224814,0.9985551238059998,3.5360659239813685e-05
2777.8272345147852,0.9999005794525146,3.5348562960280105e-05
2777.8476662069734,0.9978792071342468,3.53572286257986e-05
2777.8680979990386,0.9978917837142944,3.53431241819635e-05
2777.8885296911103,0.9982499480247498,3.535535142873414e-05
2777.9089612829484,0.9982542991638184,3.534278221195564e-05
2777.9293930746644,0.996446967124939,3.5349177778698504e-05
2777.949824766387,0.998317301273346,3.534110146574676e-05
2777.9702563578758,0.9981878995895386,3.53457398887258e-05
2777.9906881492425,0.9972899556159973,3.5361172194825485e-05
2778.0111198404993,0.9970950484275818,3.535438736435026e-05
2778.031551631633,0.9980955123901367,3.5347900848137215e-05
2778.0519832226564,0.9985105395317078,3.5357781598577276e-05
2778.0724149136804,0.9983885288238525,3.533593553584069e-05
2778.0928466044716,0.9975370168685913,3.534063944243826e-05
2778.113278295139,0.9978062510490417,3.5355369618628174e-05
2778.1337099856974,0.9970586895942688,3.535247378749773e-05
2778.1541416761393,0.9973804354667664,3.5349839890841395e-05
2778.1745733664575,0.9985837340354919,3.534326242515817e-05
2778.195004956782,0.9978856444358826,3.5344120988156646e-05
2778.2154367468756,0.9981890916824341,3.533739800332114e-05
2778.2358684368446,0.9984440207481384,3.533411290845834e-05
2778.2563001267044,0.9971793293952942,3.535419818945229e-05
2778.276731816448,0.9973068237304688,3.534007919370197e-05
2778.2971635060676,0.995635449886322,3.533733979566023e-05
2778.3175952956954,0.9959375262260437,3.534804272931069e-05
2778.3380268850888,0.9963563084602356,3.533596463967115e-05
2778.3584585743592,0.9967768788337708,3.535150972311385e-05
2778.3788903635214,0.9970661997795105,3.533722701831721e-05
2778.3993220526754,0.9977611899375916,3.5337081499164924e-05
2778.419753641603,0.9965474605560303,3.534643110469915e-05
2778.440185430416,0.9967548847198486,3.534420466166921e-05
2778.460617119228,0.9966862201690674,3.533937342581339e-05
2778.4810487077993,0.9960166215896606,3.533570634317584e-05
2778.501480496263,0.9961495399475098,3.5338769521331415e-05
2778.5219121847185,0.9970939755439758,3.533213384798728e-05
2778.542343772948,0.9975767135620117,3.5346500226296484e-05
2778.5627755611786,0.9963207244873047,3.5333501728018746e-05
2778.6036390371664,1.0001088380813599,3.5318316804477945e-05
2778.6240706250464,0.9998001456260681,3.533870039973408e-05
2778.644502312687,0.999335765838623,3.53252689819783e-05
2778.664934100336,0.9989293217658997,3.532770278980024e-05
2778.6853656878666,0.9987037181854248,3.53206523868721e-05
2778.7057973752744,0.9996612668037415,3.532177288434468e-05
2778.7262291624575,0.9989968538284302,3.532477785483934e-05
2778.746660749639,0.9987959265708923,3.532117625582032e-05
2778.7670924366976,0.9977166056632996,3.533245762810111e-05
2778.787524223648,0.9991437792778015,3.532033952069469e-05
2778.80795581048,0.9983357787132263,3.532795381033793e-05
2778.828387497306,0.9977515935897827,3.532183836796321e-05
2778.848819183906,0.9977336525917053,3.5321019822731614e-05
2778.86925087039,0.9988768696784973,3.532032496877946e-05
2778.8896826567507,0.9982677102088928,3.53284522134345e-05
2778.9101142431173,0.9978923797607422,3.5314027627464384e-05
2778.930545929252,0.9990857839584351,3.530780304572545e-05
2778.95097771538,0.9978581070899963,3.53182949766051e-05
2778.9714094012816,0.998029887676239,3.5310535167809576e-05
2778.9918409871825,0.9979516267776489,3.5310786188347265e-05
2779.012272772845,0.9989219903945923,3.531581751303747e-05
2779.0327044585138,0.998626172542572,3.5304870834806934e-05
2779.0531360440655,0.9987841844558716,3.530735557433218e-05
2779.073567829495,0.9990538358688354,3.529971945681609e-05
2779.0939995148146,0.9993189573287964,3.5298464354127645e-05
2779.1144313000113,0.9990725517272949,3.530975300236605e-05
2779.134862885214,0.9997254014015198,3.531283073243685e-05
2779.155294570184,0.9985503554344177,3.529884634190239e-05
2779.175726355039,0.9994832277297974,3.5305209166835994e-05
2779.196157939885,0.9987094402313232,3.5288496292196214e-05
2779.216589624506,0.9977933168411255,3.529981040628627e-05
2779.2370214091206,0.9974084496498108,3.5303204640513286e-05
2779.2574529936246,0.9979488253593445,3.5297787690069526e-05
2779.2778846778965,0.9975479245185852,3.529506648192182e-05
2779.298316462169,0.9972580075263977,3.5296401620144024e-05
2779.3187480463166,0.9977578520774841,3.529182868078351e-05
2779.339179730472,0.9969384074211121,3.529357854858972e-05
2779.3596115143882,0.9996628165245056,3.5288496292196214e-05
2779.3800431981945,1.0005016326904297,3.5286542697576806e-05
2779.4004748818843,0.9987412691116333,3.5291635867906734e-05
2779.420906565574,0.999971330165863,3.5283890611026436e-05
2779.4413382491402,0.9986081123352051,3.5279324947623536e-05
2779.461769932481,0.9997789859771729,3.5277073038741946e-05
2779.482201615814,0.9998403787612915,3.527864464558661e-05
2779.502633298922,0.9990876913070679,3.527652006596327e-05
2779.5230649820296,0.9991136193275452,3.5277575079817325e-05
2779.5434966651374,0.9987678527832031,3.528935485519469e-05
2779.563928348005,0.9994734525680542,3.528405795805156e-05
2779.58436003088,0.9992133975028992,3.526594446157105e-05
2779.6047917135147,0.9991179704666138,3.528220622683875e-05
2779.625223296156,0.9990227222442627,3.5275599657325074e-05
2779.6456550786825,0.9985553622245789,3.5277949791634455e-05
2779.6660867610917,0.9980418682098389,3.527440276229754e-05
2779.686518543378,0.9977512955665588,3.527321314322762e-05
2779.7069501255537,1.0000829696655273,3.5273271350888535e-05
2779.727381807723,0.9996961951255798,3.527603257680312e-05
2779.747813589667,0.9993734955787659,3.526458749547601e-05
2779.76824517161,0.9983608722686768,3.527040462358855e-05
2779.788676853437,0.9989001750946045,3.525932697812095e-05
2779.809108635025,0.9986639022827148,3.526159707689658e-05
2779.829540216735,0.9989492297172546,3.5271332308184355e-05
2779.8499718982057,0.9987338185310364,3.5267381463199854e-05
2779.870403679568,0.998974621295929,3.525538704707287e-05
2779.8908352609287,0.9992687702178955,3.525416104821488e-05
2779.911267042051,0.9990230798721313,3.5255245165899396e-05
2779.9316987231796,0.9993340373039246,3.526429281919263e-05
2779.952130404192,0.9988231658935547,3.525388819980435e-05
2779.9725620850804,0.9995417594909668,3.5242363082943484e-05
2779.9929937659763,1.0000512599945068,3.523918712744489e-05
2780.0134254466393,0.9989629983901978,3.523881969158538e-05
2780.033857227296,0.9984912872314453,3.524037674651481e-05
2780.0542888078417,0.9993680119514465,3.525819192873314e-05
2780.074720488272,0.998957097530365,3.523955456330441e-05
2780.095152268579,0.9994274377822876,3.5249806387582794e-05
2780.1155838487757,0.9991956353187561,3.524301791912876e-05
2780.1360155288567,1.0005844831466675,3.523260238580406e-05
2780.156447308931,0.9997208714485168,3.5231678339187056e-05
2780.3199007457224,0.9909107685089111,3.52702772943303e-05
2780.3403323249804,0.99086594581604,3.527117587509565e-05
2780.3607640040136,0.9909232258796692,3.52727402059827e-05
2780.3811957830476,0.9911894798278809,3.5275425034342334e-05
2780.4016273619563,0.9905604720115662,3.528129673213698e-05
2780.5855125677626,0.993811845779419,3.526008367771283e-05
2780.605944345749,0.9941809773445129,3.526257205521688e-05
2780.626375923617,0.993816077709198,3.525910506141372e-05
2780.6468076013625,0.9935024380683899,3.525290230754763e-05
2780.667239379116,0.9937983155250549,3.525559441186488e-05
2780.6876709567514,0.993004322052002,3.526015643728897e-05
2780.7081027341483,0.9934118986129761,3.5252833185950294e-05
2780.728534411668,0.993259072303772,3.52524766640272e-05
2780.7489659889543,0.9916492104530334,3.5245800972916186e-05
2780.7693977662348,0.9924715161323547,3.5245000617578626e-05
2780.789829443289,0.9945797324180603,3.524783460306935e-05
2780.8102610204587,0.9942134022712708,3.525722786434926e-05
2780.83069279739,0.9952001571655273,3.52390889020171e-05
2780.8511244742112,0.9935660362243652,3.525030842865817e-05
2780.8715561510326,0.993427038192749,3.5242261219536886e-05
2780.89198782773,0.9932781457901001,3.5242701414972544e-05
2780.9124195043187,0.9941398501396179,3.5243261663708836e-05
2780.9328511809,0.9925360083580017,3.523843770381063e-05
2780.9532828572555,0.9939688444137573,3.523815394146368e-05
2780.973714533611,0.9929708242416382,3.5245539038442075e-05
2780.994146209967,0.9941311478614807,3.5248805943410844e-05
2781.0145778860824,0.9941185116767883,3.524552084854804e-05
2781.0350095622052,0.9938671588897705,3.524600469972938e-05
2781.0554412382044,0.9945380687713623,3.523694249452092e-05
2781.0758729140944,0.9939120411872864,3.524123894749209e-05
2781.096304589868,0.995707631111145,3.5229928471380845e-05
2781.116736365635,0.9941390156745911,3.523555278661661e-05
2781.1371679412914,0.9942065477371216,3.524537896737456e-05
2781.157599616832,0.9953233599662781,3.523666237015277e-05
2781.1780313923664,0.9949455857276917,3.5239048884250224e-05
2781.1984629676735,0.9951422810554504,3.523890336509794e-05
2781.2188947429822,0.9951032996177673,3.523560371831991e-05
2781.2393264181665,0.9943097829818726,3.5236782423453405e-05
2781.259757993357,0.9945305585861206,3.523748819134198e-05
2781.280189768433,0.9964038133621216,3.522624319884926e-05
2781.3006214433844,0.9963745474815369,3.5228425986133516e-05
2781.321053018226,0.996753454208374,3.523310806485824e-05
2781.341484793069,0.9956735372543335,3.522197948768735e-05
2781.3619164677875,0.9958891868591309,3.522922997944988e-05
2781.382348042396,0.9959906339645386,3.521636608638801e-05
2781.40277981689,0.9959844946861267,3.5220822610426694e-05
2781.4232114913757,0.9963386654853821,3.5225399187766016e-05
2781.4436431657523,0.9964563846588135,3.520492828101851e-05
2781.4640748400125,0.9974339604377747,3.521510006976314e-05
2781.4845065142654,0.9964788556098938,3.52010756614618e-05
2781.50493828841,0.9958752989768982,3.5198168916394934e-05
2781.54580153634,0.989978551864624,3.5252705856692046e-05
2781.566233310252,0.9890334606170654,3.526237196638249e-05
2781.5866649840464,0.9894147515296936,3.52458082488738e-05
2781.607096557833,0.9902046918869019,3.5262215533293784e-05
2781.6275283313953,0.9889622926712036,3.525063584675081e-05
2781.6479600049497,0.989014208316803,3.52565293724183e-05
2781.668391578394,0.9885490536689758,3.525599095155485e-05
2781.6888233518403,0.9895992279052734,3.5255096008768305e-05
2781.7092549251684,0.9896205067634583,3.5262703022453934e-05
2781.7296866983743,0.989149272441864,3.5265402402728796e-05
2781.7501183714703,0.9898455142974854,3.52554015989881e-05
2781.7705499445656,0.9903104901313782,3.525742795318365e-05
2781.7909817175387,0.9904208779335022,3.5265340557089075e-05
2781.811413390402,0.9916231632232666,3.52505267073866e-05
2781.8318449632643,0.9922689199447632,3.525416468619369e-05
2781.8522767360046,0.992107629776001,3.525522697600536e-05
2781.8727084087514,0.9928601384162903,3.524733256199397e-05
2781.8931399812645,0.9927155375480652,3.524584462866187e-05
2781.913571753772,0.9922628998756409,3.525393549352884e-05
2781.934003426286,0.9937999248504639,3.524063140503131e-05
2781.954435098567,0.9934408068656921,3.5243501770310104e-05
2781.974866770841,0.9940151572227478,3.52389324689284e-05
2781.995298443122,0.9950497150421143,3.523378472891636e-05
2782.015730215164,0.994412362575531,3.523470877553336e-05
2782.0361617872113,0.9975008368492126,3.522853148751892e-05
2782.056593459143,0.9951093792915344,3.522385668475181e-05
2782.0770252310685,0.9970342516899109,3.5217308322899044e-05
2782.097456902884,0.9953089356422424,3.5210625355830416e-05
2782.1178884746987,0.995220422744751,3.5211913200328127e-05
2782.2813419458253,0.9906468391418457,3.527185253915377e-05
2782.322205287819,0.9888966083526611,3.5254070098744705e-05
2782.342636958703,0.9889311790466309,3.526131695252843e-05
2782.363068729588,0.989669919013977,3.52567876689136e-05
2782.526522093496,0.9938838481903076,3.525703868945129e-05
2782.546953663681,0.9944652915000916,3.525161446304992e-05
2782.5673853338594,0.9945353865623474,3.524082057992928e-05
2782.587817103813,0.9942620396614075,3.524743442540057e-05
2782.608248673765,0.994654655456543,3.523716077324934e-05
2782.6286803437106,0.9946286678314209,3.5241500881966203e-05
2782.6491121135477,0.994793713092804,3.5238423151895404e-05
2782.6695437832677,0.9941943287849426,3.5246666811872274e-05
2782.6899753528633,0.9958759546279907,3.523479972500354e-05
2782.7104071224676,0.9953327775001526,3.522876068018377e-05
2782.7717021309218,0.9899559020996094,3.525193460518494e-05
2782.792133800176,0.9892206788063049,3.5250668588560075e-05
2782.812565569424,0.9894894361495972,3.5257759009255096e-05
2782.8329971386775,0.987905740737915,3.526344517013058e-05
2782.8534288078154,0.9887221455574036,3.526402360876091e-05
2782.8738605768303,0.9886480569839478,3.526851287460886e-05
2782.8942921457347,0.9890361428260803,3.525809006532654e-05
2782.9147238146397,0.9884642362594604,3.526766522554681e-05
2782.9351555835383,0.9890956878662109,3.5271394153824076e-05
2782.955587152326,0.9875298738479614,3.5277000279165804e-05
2782.976018920992,0.9893959164619446,3.526957152644172e-05
2782.996450589664,0.9891807436943054,3.52729439327959e-05
2783.0168821582192,0.9889757633209229,3.527949593262747e-05
2783.0373139266594,0.9897544384002686,3.527503940858878e-05
2783.0577455950915,0.9893141388893127,3.5278673749417067e-05
2783.0781772634145,0.989851176738739,3.5265191399957985e-05
2783.0986089317303,0.9897364377975464,3.527338776621036e-05
2783.119040599937,0.9893460869789124,3.5273173125460744e-05
2783.1394722681434,0.9906823039054871,3.5271008528070524e-05
2783.1599039362336,0.9917728304862976,3.527431908878498e-05
2783.1803356043165,0.9909985065460205,3.5264827602077276e-05
2783.2007671722895,0.9920462965965271,3.5260862205177546e-05
2783.2211989401403,0.9928349852561951,3.5260683944216e-05
2783.2416306079976,0.9915586113929749,3.52597089658957e-05
2783.2620623757393,0.9947584271430969,3.5254706745035946e-05
2783.2824939434795,0.9931681752204895,3.525634019752033e-05
2783.3029256110967,0.9938333034515381,3.525890497257933e-05
2783.3233573786056,0.9945031404495239,3.525405190885067e-05
2783.343788946222,0.9956255555152893,3.5247292544227093e-05
2783.5072423839447,0.9896913766860962,3.526638465700671e-05
2783.5276739508627,0.9884392023086548,3.526270666043274e-05
2783.5481057177894,0.9882510304450989,3.52717652276624e-05
2783.568537384599,0.9886483550071716,3.528613524395041e-05
2783.5889690514014,0.9881877303123474,3.528239903971553e-05
2783.6094007180945,0.9880861639976501,3.5280299925943837e-05
2783.6298323846713,0.9891932606697083,3.5284167097415775e-05
2783.650264051241,0.9891185164451599,3.5284894693177193e-05
2783.6706957178176,0.9906893968582153,3.5278262657811865e-05
2783.6911273841615,0.9909647703170776,3.5281525924801826e-05
2783.7115591506154,0.9913973808288574,3.5276738344691694e-05
2783.7319908169593,0.9918067455291748,3.5279314033687115e-05
2783.752422383186,0.9908382296562195,3.5270182706881315e-05
2783.772854149407,0.9932495951652527,3.527826629579067e-05
2783.7932857155174,0.9945098161697388,3.526657019392587e-05
2783.8137173816285,0.9946593046188354,3.526005457388237e-05
2783.8341491476167,0.9956080913543701,3.526004002196714e-05
2783.9976024738135,0.9902850389480591,3.5272296372568235e-05
2784.018034139219,0.9875746965408325,3.527648004819639e-05
2784.038465704747,0.9881245493888855,3.5283257602714e-05
2784.058897470153,0.9878565073013306,3.5295000998303294e-05
2784.0793291354494,0.9879351258277893,3.5288445360492915e-05
2784.0997608007456,0.9911330342292786,3.529111199895851e-05
2784.1201924659254,0.9924820065498352,3.5274661058792844e-05
2784.140624131098,0.9933720231056213,3.527891021803953e-05
2784.161055896162,0.9933629631996155,3.527926673996262e-05
2784.1814874612173,0.994949996471405,3.527844455675222e-05
2784.2019191262807,0.9951785206794739,3.5272681998321787e-05
2784.2223508912284,0.9960683584213257,3.5263426980236545e-05
2784.242782456058,0.9953964948654175,3.526850196067244e-05
2784.2632141208815,0.9960681200027466,3.5247139749117196e-05
2784.2836458857128,0.9954325556755066,3.5235196264693514e-05
2784.3040775504196,0.9944449067115784,3.521018516039476e-05
2784.3245091150166,0.9949228167533875,3.51702437910717e-05
2784.344940879615,0.9959061145782471,3.5124165151501074e-05
2784.3653725442055,0.9947586059570312,3.5076831409242004e-05
2784.3858042086867,0.9959121346473694,3.499946615193039e-05
2784.406235873168,0.9952542185783386,3.48825597029645e-05
2784.4266675375256,0.9967774748802185,3.474783443380147e-05
2784.4879625304966,0.9904026389122009,3.5303466574987397e-05
2784.5083942946294,0.9898574352264404,3.530583853716962e-05
2784.5288258587607,0.991061806678772,3.530193498590961e-05
2784.5492575228855,0.9912306070327759,3.5297500289743766e-05
2784.569689186901,0.9908101558685303,3.529533569235355e-05
2784.733142597259,0.9996482133865356,3.515228672767989e-05
2784.753574160808,0.9996570348739624,3.519229721860029e-05
2784.774005824358,0.9976054430007935,3.524427302181721e-05
2784.794437587785,0.9969502687454224,3.525032661855221e-05
2784.8148692512186,0.9953190684318542,3.525889405864291e-05
2784.8353008146514,0.9938259124755859,3.526907676132396e-05
2784.8557325778456,0.9950695037841797,3.5270895750727504e-05
2784.8761642411628,0.9908568859100342,3.5285818739794195e-05
2784.8965959043635,0.9903899431228638,3.528478555381298e-05
2784.917027567557,0.9910843968391418,3.529596870066598e-05
2784.9374592307577,0.9909141063690186,3.529145033098757e-05
2784.9783225568026,0.989015519618988,3.5308185033500195e-05
2784.9987542197705,0.9906837940216064,3.531104084686376e-05
2785.019185982732,0.9916631579399109,3.532467599143274e-05
2785.0396175455826,0.9919853806495667,3.531671973178163e-05
2785.060049208434,0.993411660194397,3.53180876118131e-05
2785.2235025095943,0.9895308017730713,3.5304343327879906e-05
2785.243934271981,0.990571141242981,3.5332403058419004e-05
2785.2643659343594,0.9901793599128723,3.5324632335687056e-05
2785.2847974967444,0.9912459254264832,3.5325709177413955e-05
2785.3052292590146,0.9912056922912598,3.533287235768512e-05
2785.325660921284,0.993726909160614,3.5318640584591776e-05
2785.3460925834297,0.9931729435920715,3.5328474041307345e-05
2785.4686826557518,0.990673303604126,3.53293216903694e-05
2785.489114217671,0.9904916286468506,3.53290670318529e-05
2785.509545879584,0.9916318655014038,3.5330413084011525e-05
2785.5299776413885,0.9894894957542419,3.5336342989467084e-05
2785.5504092031915,0.9911635518074036,3.53493305738084e-05
2785.713862595854,0.9969061017036438,3.528952584019862e-05
2785.734294157308,0.9973143339157104,3.527454464347102e-05
2785.7547259186395,0.9953036308288574,3.524408020894043e-05
2785.7751575799775,0.9954242706298828,3.523620034684427e-05
2785.7955893413164,0.996367871761322,3.519270467222668e-05
2785.81602090253,0.9967649579048157,3.5164368455298245e-05
2785.8364525637517,0.9970276951789856,3.513508272590116e-05
2785.8568843248577,0.9979976415634155,3.5072927857981995e-05
2785.959042530252,0.9954922795295715,3.534028655849397e-05
2785.9794742911254,0.9957664012908936,3.534452844178304e-05
2785.9999058519898,0.9977735280990601,3.533367271302268e-05
2786.020337612863,0.9964069724082947,3.531941547407769e-05
2786.0407692737353,0.995813250541687,3.530742469592951e-05
2786.0612008345997,0.9972206950187683,3.5291235690237954e-05
2786.08163259524,0.9975971579551697,3.525119973346591e-05
2786.102064255996,0.9970567226409912,3.5213703085901216e-05
2786.122495816744,0.9969945549964905,3.517095683491789e-05
2786.204222559063,0.9959246516227722,3.5356555599719286e-05
2786.224654219579,0.9956676959991455,3.534945790306665e-05
2786.245085980103,0.9962781667709351,3.5359196772333235e-05
2786.265517540509,0.9976213574409485,3.535162250045687e-05
2786.2859492009156,0.9974084496498108,3.5337317967787385e-05
2786.4698342430347,0.9925187230110168,3.5373519494896755e-05
2786.490265903092,0.9923473596572876,3.538028977345675e-05
2786.5106975630333,0.9938822388648987,3.53730283677578e-05
2786.5311292230836,0.993131697177887,3.536463555064984e-05
2786.5515608830246,0.9954302310943604,3.5365050280233845e-05
2786.5719925429657,0.9951909184455872,3.5381173802306876e-05
2786.5924243029003,0.9960794448852539,3.536888834787533e-05
2786.6128558627242,0.9964210987091064,3.537222437444143e-05
2786.633287522549,0.9971003532409668,3.53717477992177e-05
2786.6537191823663,0.9970630407333374,3.5370667319511995e-05
2786.674150842191,0.9967770576477051,3.537124575814232e-05
2786.6945826019,0.9978818297386169,3.538691089488566e-05
2786.7150141617167,0.9973185062408447,3.538007149472833e-05
2786.735445821425,0.9974350929260254,3.5370940167922527e-05
2786.7558775810176,0.9964175820350647,3.537588054314256e-05
2786.776309140718,0.9975231885910034,3.534922143444419e-05
2786.7967408003096,0.9979298114776611,3.5342683986527845e-05
2786.8171725599022,0.9979161024093628,3.5337830922799185e-05
2786.8376041193696,0.9973661303520203,3.532431583153084e-05
2786.8580357789615,0.9983625411987305,3.5312150430399925e-05
2786.9397625167403,0.9956634044647217,3.54068870365154e-05
2786.960194176092,0.9958934187889099,3.540564648574218e-05
2786.980625835451,0.9971125721931458,3.540535180945881e-05
2787.00105749481,0.9972090125083923,3.540557372616604e-05
2787.0214891540454,0.9980213642120361,3.540231045917608e-05
2787.0419208134044,0.998780369758606,3.541224214131944e-05
2787.062352472647,0.9997802376747131,3.539889075909741e-05
2787.082784131766,0.9991609454154968,3.539978570188396e-05
2787.1032157910086,0.9987625479698181,3.538668534019962e-05
2787.184942427506,0.9960340261459351,3.5436900361673906e-05
2787.2053741865675,0.9968224167823792,3.542424019542523e-05
2787.2258058455773,0.99628746509552,3.542401464073919e-05
2787.2462374046445,0.9979647397994995,3.542003105394542e-05
2787.2666691635895,0.9984462857246399,3.5418215702520683e-05
2787.287100822541,0.998149037361145,3.5425367968855426e-05
2787.30753238155,0.9974453449249268,3.542624108376913e-05
2787.327964140437,0.9997801184654236,3.5414748708717525e-05
2787.3483957993303,0.9990246295928955,3.540240504662506e-05
2787.4301224346564,0.9964960217475891,3.5442579246591777e-05
2787.4505540934333,0.9966052770614624,3.5435226891422644e-05
2787.4709856522095,0.9975925087928772,3.5438977647572756e-05
2787.491417410929,0.9973925948143005,3.5437951737549156e-05
2787.5118490696404,0.9992907047271729,3.543870843714103e-05
2787.532280728301,1.0000907182693481,3.544601349858567e-05
2787.552712386954,0.9992103576660156,3.542970443959348e-05
2787.5731440456148,0.9998859167098999,3.542495323927142e-05
2787.593575804218,0.9996389746665955,3.5416200262261555e-05
2787.675302438496,0.9956872463226318,3.543791171978228e-05
2787.6957339970395,0.9956266283988953,3.543731145327911e-05
2787.716165755526,0.9957526922225952,3.54539297404699e-05
2787.736597414005,0.9977480173110962,3.545562503859401e-05
2787.75702897249,0.9982003569602966,3.544948049238883e-05
2787.920482339425,0.9971686601638794,3.5470875445753336e-05
2787.940914097737,0.9980234503746033,3.546965308487415e-05
2787.9613456560473,0.9983989596366882,3.547107189660892e-05
2787.9817774142357,1.0003544092178345,3.546159859979525e-05
2788.002209072547,1.0002810955047607,3.54668045474682e-05
2788.1656623378512,0.9978269338607788,3.548261884134263e-05
2788.1860939959297,0.9995425343513489,3.54964031430427e-05
2788.206525654008,1.00050950050354,3.5485198168316856e-05
2788.2269573120793,1.0004619359970093,3.548156382748857e-05
2788.2473889701578,1.0017837285995483,3.5480072256177664e-05
2788.4312739919696,1.004176378250122,3.542947888490744e-05
2788.4517056498735,1.0040943622589111,3.542405829648487e-05
2788.4721372077693,1.002066731452942,3.544285209500231e-05
2788.492568965674,0.99953693151474,3.544622813933529e-05
2788.513000623512,0.9995397925376892,3.546625521266833e-05
2788.5334321814153,0.9991187453269958,3.5457342164590955e-05
2788.5538639392616,0.9991274476051331,3.549742541508749e-05
2788.5742955971073,0.9987038373947144,3.5491928429109976e-05
2788.5947272549456,0.9996030330657959,3.5496294003678486e-05
2788.6151589127912,0.9990860223770142,3.5511817259248346e-05
2788.6355905705714,0.9976925253868103,3.550160909071565e-05
2788.6560223283595,0.9985541701316833,3.549777829903178e-05
2788.676453886146,0.9992691278457642,3.550137626007199e-05
2788.6968855439263,1.0014011859893799,3.5498684155754745e-05
2788.7173172017137,1.0007799863815308,3.551326153683476e-05
2788.737748859501,1.0000466108322144,3.551321424311027e-05
2788.758180517223,1.0018635988235474,3.550964902387932e-05
2788.7786121749523,1.00145423412323,3.552772614057176e-05
2788.9012022212555,0.9996240735054016,3.5492692404659465e-05
2788.9216337789258,0.9988176822662354,3.5502762329997495e-05
2788.9420655365902,0.9986763000488281,3.5457018384477124e-05
2788.9624971942612,0.9990586042404175,3.550383189576678e-05
2788.9829287519315,1.0001457929611206,3.552003909135237e-05
2789.1463821129873,1.0009807348251343,3.548575477907434e-05
2789.1668138705427,0.9998534321784973,3.55042539013084e-05
2789.1872454281474,1.000582218170166,3.55063566530589e-05
2789.20767708576,0.9991621375083923,3.552094494807534e-05
2789.2281088433665,1.0008893013000488,3.553101487341337e-05
2789.2485404009785,0.9986958503723145,3.5526139981811866e-05
2789.268972158534,1.0011662244796753,3.553259011823684e-05
2789.2894038160885,1.001700758934021,3.5546479921322316e-05
2789.309835473694,1.001818299293518,3.553965507308021e-05
2789.3302671312485,1.0025399923324585,3.5532182664610445e-05
2789.350698788796,1.0044167041778564,3.554121940396726e-05
2789.3711304464086,1.0035744905471802,3.5547447623685e-05
2789.391562103963,1.005541443824768,3.55387783201877e-05
2789.411993761518,1.0034441947937012,3.55476513504982e-05
2789.4324253190644,1.0044238567352295,3.5540753742679954e-05
2789.4528570766197,1.0046107769012451,3.55390839104075e-05
2789.473288734167,1.004203200340271,3.5518860386218876e-05
2789.636741994531,1.0050127506256104,3.556617957656272e-05
2789.6571736520273,1.0043468475341797,3.555823059286922e-05
2789.6776054095753,1.0047826766967773,3.555548391886987e-05
2789.698036967129,1.0062124729156494,3.5560042306315154e-05
2789.718468724677,1.0065126419067383,3.556386582204141e-05
2789.738900382232,1.0045350790023804,3.554277282091789e-05
2789.7593319397274,1.0046440362930298,3.5540702810976654e-05
2789.7797636972755,1.005905032157898,3.55338015651796e-05
2789.881921985041,1.0042804479599,3.5509743611328304e-05
2789.9023536425884,1.0023826360702515,3.551350528141484e-05
2789.922785300143,1.002199411392212,3.5543405829230323e-05
2789.9432170576983,1.0020426511764526,3.5541186662158e-05
2789.9636487152457,1.003529667854309,3.554817521944642e-05
2789.9840802727995,1.0027953386306763,3.555532748578116e-05
2790.004512030355,1.0035650730133057,3.556091178325005e-05
2790.0249436879603,1.001699686050415,3.555449438863434e-05
2790.045375245514,1.0039443969726562,3.555709554348141e-05
2790.1271019758424,1.0210316181182861,3.499052036204375e-05
2790.147533633448,1.017721176147461,3.518213634379208e-05
2790.1679652910607,1.0123553276062012,3.522876068018377e-05
2790.1883969486735,1.010807991027832,3.535828727763146e-05
2790.208828506278,1.007852554321289,3.542700505931862e-05
2790.229260263892,1.0076189041137695,3.5484899854054675e-05
2790.2496919215046,1.0054891109466553,3.549042594386265e-05
2790.2701234791093,1.0034244060516357,3.552212001523003e-05
2790.290555236781,1.0028326511383057,3.5535198549041525e-05
2790.310986894394,1.0017340183258057,3.5548706364352256e-05
2790.331418652,1.002916932106018,3.5571072658058256e-05
2790.3722818673414,1.0023049116134644,3.555656076059677e-05
2790.392713625006,1.0034618377685547,3.556997762643732e-05
2790.413145182676,1.0026905536651611,3.557357194949873e-05
2790.4335768404053,1.0033823251724243,3.556571755325422e-05
2790.45400859807,1.0037442445755005,3.5570421459851786e-05
2790.6174619598823,1.0024969577789307,3.556446245056577e-05
2790.637893517669,1.0024102926254272,3.556969022611156e-05
2790.658325175398,1.0020112991333008,3.556588853825815e-05
2790.678756933179,1.0025415420532227,3.557342279236764e-05
2790.699188491024,1.0033880472183228,3.556902811396867e-05
2790.8626417538326,1.0032504796981812,3.5563043638831005e-05
2790.883073411671,1.003922700881958,3.557082891347818e-05
2790.9035051696337,1.0042048692703247,3.558218668331392e-05
2790.9239367275295,1.0064774751663208,3.5589422623161227e-05
2790.9443684854923,1.0054352283477783,3.5590088373282924e-05
2790.9648001434543,1.0046566724777222,3.558750177035108e-05
2790.9852317014156,1.0054292678833008,3.558846583473496e-05
2791.005663459371,1.0046241283416748,3.5590914194472134e-05
2791.0260951173914,1.006555438041687,3.559331162250601e-05
2791.046526775346,1.0058821439743042,3.558665048331022e-05
2791.0669584333664,1.004574179649353,3.5565331927500665e-05
2791.1078218494586,1.0034958124160767,3.549921166268177e-05
2791.1282534075362,1.003701090812683,3.553120041033253e-05
2791.1486850656147,1.0029234886169434,3.553469286998734e-05
2791.1691168236866,1.0018099546432495,3.5538050724426284e-05
2791.1895484818233,1.0021111965179443,3.555639705155045e-05
2791.209980039959,1.0019793510437012,3.5565659345593303e-05
2791.2304117980893,1.0034286975860596,3.557260788511485e-05
2791.250843456226,1.0022194385528564,3.5573462810134515e-05
2791.27127501442,1.0035661458969116,3.557949821697548e-05
2791.2917067726084,1.004294991493225,3.55728407157585e-05
2791.3121384308033,1.0044697523117065,3.55793526978232e-05
2791.332570188999,1.0042717456817627,3.559004107955843e-05
2791.353001747244,1.0042035579681396,3.558639218681492e-05
2791.373433405497,1.00523042678833,3.5593591746874154e-05
2791.3938651637436,1.006177306175232,3.5591361665865406e-05
2791.414296722054,1.0053826570510864,3.5601358831627294e-05
2791.4347283803654,1.0051214694976807,3.558674507075921e-05
2791.598181647474,1.0031737089157104,3.55778684024699e-05
2791.618613405961,1.0028438568115234,3.558422395144589e-05
2791.639044964497,1.0037587881088257,3.5578290408011526e-05
2791.6594766229828,1.0031858682632446,3.5577253584051505e-05
2791.6799083815276,1.0038739442825317,3.557898889994249e-05
2791.7003400400645,1.0046498775482178,3.558805110515095e-05
2791.7820666745247,1.0042222738265991,3.557010495569557e-05
2791.802498333185,1.0040431022644043,3.556052251951769e-05
2791.843361750558,1.0009914636611938,3.55187185050454e-05
2791.863793309334,1.0017857551574707,3.5556815419113263e-05
2791.8842249680456,1.0014050006866455,3.556346200639382e-05
2791.9046567268233,1.0009775161743164,3.5560304240789264e-05
2791.9250882856577,1.0014983415603638,3.557049058144912e-05
2791.945520044428,1.002538800239563,3.5575678339228034e-05
2791.9659517032633,1.0024739503860474,3.5578643291955814e-05
2792.0885416568417,1.0015653371810913,3.557328091119416e-05
2792.108973415845,1.0008400678634644,3.558015305316076e-05
2792.129404974912,1.0024358034133911,3.557614763849415e-05
2792.149836633922,1.0031557083129883,3.557403397280723e-05
2792.170268393049,1.002935528755188,3.5579469113145024e-05
2792.190699952167,1.0030685663223267,3.558865500963293e-05
2792.2111316112932,1.0030338764190674,3.5569621104514226e-05
2792.2315632704194,1.0036886930465698,3.558011303539388e-05
2792.2519949296548,1.0035796165466309,3.5605811717687175e-05
2792.3337216666478,1.001447319984436,3.556381489033811e-05
2792.3541533259704,1.0014541149139404,3.557116360752843e-05
2792.3745848853287,1.0007153749465942,3.5554949135985225e-05
2792.3950166447175,1.0016056299209595,3.5557728551793844e-05
2792.4154483041057,1.002573847770691,3.55684278474655e-05
2792.578901580382,1.0047355890274048,3.548973108991049e-05
2792.599333240054,1.0034886598587036,3.549669781932607e-05
2792.619764999734,1.0019664764404297,3.552889029379003e-05
2792.6401965594705,1.002090573310852,3.552156704245135e-05
2792.660628219237,1.0007966756820679,3.555055445758626e-05
2792.681059978997,1.0012516975402832,3.555212606443092e-05
2792.701491538821,1.0010733604431152,3.5571334592532367e-05
2792.721923298639,1.001197099685669,3.556520459824242e-05
2792.742354958551,1.0013482570648193,3.5571185435401276e-05
2792.7627865184622,1.0028358697891235,3.557454692781903e-05
2792.783218278397,1.0022505521774292,3.556629235390574e-05
2792.803649938367,1.0019031763076782,3.5569886676967144e-05
2792.8240815983663,1.0040448904037476,3.5571225453168154e-05
2792.8445132583875,1.0028020143508911,3.5584333090810105e-05
2792.864944918474,1.0042190551757812,3.557828313205391e-05
2792.8853765785607,1.0033808946609497,3.557584568625316e-05
2792.9058082386982,1.0029923915863037,3.558090975275263e-05
2792.926239898872,1.0029491186141968,3.557544187060557e-05
2792.946671559075,1.0037645101547241,3.5578166716732085e-05
2792.9671032193,1.0037692785263062,3.558013850124553e-05
2793.069261620978,1.0033570528030396,3.557642412488349e-05
2793.089693181435,1.004679799079895,3.5584096622187644e-05
2793.1101249419007,1.0021202564239502,3.5559154639486223e-05
2793.130556602395,1.0037338733673096,3.557929812814109e-05
2793.150988162939,1.0031886100769043,3.558293974492699e-05
2793.171419923521,1.0045019388198853,3.558185198926367e-05
2793.1918515841317,1.0051383972167969,3.5588360333349556e-05
2793.2122831447923,1.0061945915222168,3.5581870179157704e-05
2793.2327149054618,1.0056207180023193,3.557329182513058e-05
2793.314441548566,1.002474308013916,3.55322117684409e-05
2793.3348733094317,1.0021756887435913,3.5557113733375445e-05
2793.3553048703616,1.001205563545227,3.556836963980459e-05
2793.375736531292,1.0009435415267944,3.556901356205344e-05
2793.3961682922745,1.0003317594528198,3.558286334737204e-05
2793.4165998532917,1.0014671087265015,3.5580182156991214e-05
2793.437031514368,1.0029926300048828,3.559103060979396e-05
2793.4574632754375,1.0023682117462158,3.558980824891478e-05
2793.559621582026,1.0013145208358765,3.555232615326531e-05
2793.580053243364,1.001720666885376,3.557329546310939e-05
2793.6004849047313,1.0012094974517822,3.557821401045658e-05
2793.6209165661567,1.0014554262161255,3.558964090188965e-05
2793.641348227604,1.0019396543502808,3.559559627319686e-05
2793.661779989059,1.0030702352523804,3.560222830856219e-05
2793.804801520673,1.0018110275268555,3.555707007762976e-05
2793.825233182506,1.0017468929290771,3.557932723197155e-05
2793.8456649443397,1.0017908811569214,3.558666867320426e-05
2793.866096506252,1.0014699697494507,3.560056211426854e-05
2793.886528268202,1.0027415752410889,3.5600281989900395e-05
2794.0499816653755,1.0033777952194214,3.560969344107434e-05
2794.0704132277315,1.004026174545288,3.5598404792835936e-05
2794.0908448901173,1.0035638809204102,3.5605949960881844e-05
2794.1112766525257,1.0047391653060913,3.561682387953624e-05
2794.131708315028,1.0048656463623047,3.561323683243245e-05
2794.1521398775585,1.0049184560775757,3.561044650268741e-05
2794.1725716401124,1.0050123929977417,3.561246921890415e-05
2794.193003302731,1.0039983987808228,3.559660763130523e-05
2794.2951616165083,1.0046113729476929,3.5518060030881315e-05
2794.315593179388,1.0053577423095703,3.555357034201734e-05
2794.3360249423276,1.0034648180007935,3.554216891643591e-05
2794.3564566053174,1.0034769773483276,3.5571272746892646e-05
2794.376888168372,1.0025476217269897,3.558299067663029e-05
2794.3973199314496,1.0022187232971191,3.557584932423197e-05
2794.417751594592,1.0019644498825073,3.559215474524535e-05
2794.4381833577645,1.0029133558273315,3.561415724107064e-05
2794.4586149209936,1.003986120223999,3.561250923667103e-05
2794.4790465842743,1.0035429000854492,3.560779077815823e-05
2794.4994783475922,1.003361701965332,3.5608376492746174e-05
2794.5199099109595,1.0041486024856567,3.5620945709524676e-05
2794.540341574393,1.0030527114868164,3.5624325391836464e-05
2794.5607733378856,1.0044329166412354,3.562140045687556e-05
2794.581204901435,1.0034507513046265,3.561143239494413e-05
2794.6016366649783,1.004326581954956,3.5626289900392294e-05
2794.6220683286156,1.006333827972412,3.563217615010217e-05
2794.642499892303,1.0047606229782104,3.562601705198176e-05
2794.6629316559993,1.0043736696243286,3.562697020242922e-05
2794.683363319811,1.0060819387435913,3.5639233828987926e-05
2794.703794983616,1.0054606199264526,3.5620872949948534e-05
2794.724226647486,1.0049904584884644,3.562820711522363e-05
2794.7855216394673,1.0039291381835938,3.557120726327412e-05
2794.8672482961338,1.002282738685608,3.561350968084298e-05
2794.887680060405,1.0036166906356812,3.562500569387339e-05
2794.908111724755,1.0033206939697266,3.5610188206192106e-05
2794.9285432891775,1.0024816989898682,3.563202699297108e-05
2795.030701612006,1.0036492347717285,3.56245473085437e-05
2795.0511333767354,1.0028696060180664,3.560635377652943e-05
2795.0715650415004,1.0038070678710938,3.562549682101235e-05
2795.0919966063593,1.0037031173706055,3.5626762837637216e-05
2795.112428371249,1.0038087368011475,3.5628665500553325e-05
2795.1328600361885,1.0050938129425049,3.562789788702503e-05
2795.1532916012075,1.0067354440689087,3.563038626452908e-05
2795.173723366257,1.005594253540039,3.562182610039599e-05
2795.275881792404,1.003395915031433,3.562632264220156e-05
2795.296313357816,1.0056310892105103,3.561929042916745e-05
2795.316745023265,1.0048377513885498,3.562953861546703e-05
2795.33717678878,1.0051848888397217,3.5628178011393175e-05
2795.357608454331,1.0055627822875977,3.564252983778715e-05
2795.3780401199765,1.0051177740097046,3.564166763680987e-05
2795.3984717856656,1.0051614046096802,3.5639721318148077e-05
2795.418903451413,1.0077886581420898,3.5638084227684885e-05
2795.4393351172257,1.0061821937561035,3.5638709960039705e-05
2795.459766783075,1.0057401657104492,3.5640747228171676e-05
2795.521061781037,1.0039632320404053,3.5608223697636276e-05
2795.5414934471337,1.0034838914871216,3.5624485462903976e-05
2795.5619252132965,1.0021415948867798,3.5637986002257094e-05
2795.5823567795233,1.0035536289215088,3.5636221582535654e-05
2795.6027885457734,1.003942608833313,3.5620323615148664e-05
2795.623220212132,1.0042476654052734,3.563272548490204e-05
2795.643651778548,1.0053892135620117,3.562743586371653e-05
2795.7662418782274,1.0033942461013794,3.565385122783482e-05
2795.786673545059,1.0033196210861206,3.567796011338942e-05
2795.8071051119696,1.0034478902816772,3.570114495232701e-05
2795.827536878911,1.0030015707015991,3.5700417356565595e-05
2795.847968545946,1.0022497177124023,3.5698365536518395e-05
2796.0114219843817,1.0037379264831543,3.570058834156953e-05
2796.0318535519837,1.0024356842041016,3.570047556422651e-05
2796.052285319638,1.0031964778900146,3.5691773518919945e-05
2796.0727169873644,1.0049363374710083,3.568926331354305e-05
2796.093148555141,1.0047657489776611,3.56872369593475e-05
2796.1544437588964,1.0045709609985352,3.567638486856595e-05
2796.2770337682086,1.0046701431274414,3.5687105992110446e-05
2796.2974653366764,1.004709005355835,3.567556996131316e-05
2796.317897105182,1.0049878358840942,3.5674624086823314e-05
2796.338328673781,1.0058057308197021,3.568461033864878e-05
2796.4609186867383,1.0057353973388672,3.562565325410105e-05
2796.501782124942,1.0026929378509521,3.570709304767661e-05
2796.5222137941455,1.0028620958328247,3.5691911762114614e-05
2796.5426454634216,1.0021122694015503,3.568346073734574e-05
2796.5630771327706,1.0026142597198486,3.568675310816616e-05
2796.583508802185,1.0037699937820435,3.568256215658039e-05
2796.6039404716794,1.0043882131576538,3.566991654224694e-05
2796.624372141232,1.0043662786483765,3.566977829905227e-05
2796.6448038108574,1.0036643743515015,3.5681441659107804e-05
2796.746962160076,1.0034810304641724,3.570309854694642e-05
2796.767393930124,1.0026096105575562,3.5697088605957106e-05
2796.7878256002587,1.003339409828186,3.568584725144319e-05
2796.8082571704654,1.0042791366577148,3.567455496522598e-05
2796.828688940732,1.0040067434310913,3.567944804672152e-05
2796.849120611085,1.0051542520523071,3.567195381037891e-05
2796.86955218151,1.004133701324463,3.567530438886024e-05
2796.8899839519945,1.0043437480926514,3.5660348657984287e-05
2796.910415622566,1.004972219467163,3.565422593965195e-05
2796.930847393196,1.0051385164260864,3.565118458936922e-05
2796.9512789639193,1.0037425756454468,3.5640212445287034e-05
2796.9921423055785,1.0018621683120728,3.569357795640826e-05
2797.012573976521,1.002286672592163,3.567154999473132e-05
2797.033005647536,1.0040720701217651,3.566169471014291e-05
2797.0534373186238,1.0041050910949707,3.569262844393961e-05
2797.0738689897844,1.0031367540359497,3.5660348657984287e-05
2797.2373224618204,1.0046616792678833,3.56833879777696e-05
2797.2577541336723,1.0024211406707764,3.566718442016281e-05
2797.278185805597,1.0037143230438232,3.565955921658315e-05
2797.2986174776015,1.0022327899932861,3.565583756426349e-05
2797.3190492496797,1.003787636756897,3.566926534404047e-05
2797.339480821851,1.0036356449127197,3.565267979865894e-05
2797.3599124940883,1.003583312034607,3.5642064176499844e-05
2797.4212075112737,1.0043567419052124,3.559312972356565e-05
2797.4825026291583,1.0022114515304565,3.5658111301017925e-05
2797.502934301956,1.0021852254867554,3.564264261513017e-05
2797.5233658748257,1.0030511617660522,3.5632081562653184e-05
2797.543797647777,1.0034300088882446,3.56206510332413e-05
2797.5642293208075,1.0030081272125244,3.562168058124371e-05
2797.584660893932,1.0044324398040771,3.56058772013057e-05
2797.6050926671087,1.0055197477340698,3.5573251807363704e-05
2797.6255243403866,1.0046107769012451,3.5519136872608215e-05
2797.7276827079695,1.00258469581604,3.566727536963299e-05
2797.748114381735,1.0013313293457031,3.5660024877870455e-05
2797.768546055573,1.002187728881836,3.5657260013977066e-05
2797.788977729506,1.0018688440322876,3.564770668162964e-05
2797.8094094035114,1.0021859407424927,3.5652956285048276e-05
2797.829841077597,1.0021531581878662,3.563167410902679e-05
2797.850272751777,1.0028818845748901,3.563157224562019e-05
2797.8707045260235,1.0035979747772217,3.561334960977547e-05
2797.8911362003637,1.0043491125106812,3.560016557457857e-05
2797.9115677747977,1.002852201461792,3.556910087354481e-05
2797.9728627985824,1.0023821592330933,3.5667817428475246e-05
2797.993294573338,1.0024644136428833,3.565570295904763e-05
2798.0137262481803,1.0016343593597412,3.564037615433335e-05
2798.0341580231034,1.0018874406814575,3.564278449630365e-05
2798.054589598134,1.0015896558761597,3.5622710129246116e-05
2798.075021273231,1.002489686012268,3.562173151294701e-05
2798.095453048416,1.0035239458084106,3.561128323781304e-05
2798.1158846237013,1.0027365684509277,3.558853131835349e-05
2798.13631629906,1.003639578819275,3.553370333975181e-05
2798.2180431013476,1.0006293058395386,3.566462328308262e-05
2798.238474677157,1.0008628368377686,3.5658886190503836e-05
2798.2589064530184,1.0010673999786377,3.5670931538334116e-05
2798.2793381289885,1.00145423412323,3.5661501897266135e-05
2798.2997697050523,1.0020318031311035,3.565026418073103e-05
2798.320201481183,1.0009090900421143,3.565115912351757e-05
2798.340633157415,1.0016759634017944,3.5645152820507064e-05
2798.401928186642,1.0011862516403198,3.5619985283119604e-05
2798.4223598632234,1.0016601085662842,3.56197779183276e-05
2798.4632232166623,0.9991152286529541,3.564979851944372e-05
2798.4836548935127,0.9994418025016785,3.5661276342580095e-05
2798.5040865704577,1.0004469156265259,3.563875361578539e-05
2798.52451824749,0.9988911747932434,3.564955841284245e-05
2798.544950024596,0.9994984865188599,3.563493737601675e-05
2798.7084034448562,1.0009307861328125,3.5646502510644495e-05
2798.7288351228053,0.998734176158905,3.5655797546496615e-05
2798.7492667008482,0.9992217421531677,3.564333019312471e-05
2798.769698478951,1.00001859664917,3.563550490071066e-05
2798.7901301571765,0.9994816184043884,3.5623550502350554e-05
2798.953583586299,1.0007728338241577,3.564981307135895e-05
2798.9740153653547,1.0000567436218262,3.564225335139781e-05
2798.9944470445043,0.9996989369392395,3.564498547348194e-05
2799.0148787237704,0.9984298944473267,3.562684651114978e-05
2799.0353104031165,1.0000029802322388,3.562487836461514e-05
2799.055742082557,0.9999135136604309,3.5611654311651364e-05
2799.0761736621134,1.000180959701538,3.5618944821180776e-05
2799.096605441722,0.999912440776825,3.559766264515929e-05
2799.117037121454,0.9998055696487427,3.559070682968013e-05
2799.1987639413273,0.99989253282547,3.564560029190034e-05
2799.219195521553,0.9996446967124939,3.564669532352127e-05
2799.239627201867,0.9998936653137207,3.5641976865008473e-05
2799.2600589822687,0.9988569021224976,3.563609789125621e-05
2799.280490562778,0.9992176294326782,3.562739220797084e-05
2799.300922243383,0.9995774030685425,3.563041173038073e-05
2799.3213540240686,0.9996902346611023,3.561573976185173e-05
2799.3417856048763,0.9994576573371887,3.559914694051258e-05
2799.403080647877,0.9999349117279053,3.554295108187944e-05
2799.443944110346,0.9987189173698425,3.564899816410616e-05
2799.4643756917503,0.9987305998802185,3.564417056622915e-05
2799.484807473229,0.9994142651557922,3.5635232052300125e-05
2799.5052391550926,0.9981732964515686,3.563093923730776e-05
2799.525670936775,0.9987851977348328,3.562527854228392e-05
2799.546102518587,0.9985203742980957,3.562799611245282e-05
2799.566534200465,0.9988917112350464,3.5619446862256154e-05
2799.586965982453,0.9994716644287109,3.5601882700575516e-05
2799.6891243939463,0.9983490705490112,3.565026054275222e-05
2799.7095560765447,0.9970148801803589,3.565511360648088e-05
2799.7299877592595,0.9987068772315979,3.5642700822791085e-05
2799.75041944204,0.998816967010498,3.563057180144824e-05
2799.770851124973,0.9992504715919495,3.5628014302346855e-05
2799.791282807979,0.9996693134307861,3.5617220419226214e-05
2799.811714491094,0.999077558517456,3.561845005606301e-05
2799.832146174318,0.9999648332595825,3.559397009667009e-05
2799.8525777576433,0.9993528127670288,3.558990283636376e-05
2799.87300954105,0.9989511966705322,3.554884096956812e-05
2799.934304591967,0.9981170892715454,3.56304990418721e-05
2799.954736275802,0.9989256858825684,3.563261270755902e-05
2799.97516805974,0.9989147782325745,3.56340387952514e-05
2799.9955996437857,0.9987695813179016,3.563025893527083e-05
2800.0160313279703,0.9997661113739014,3.561881385394372e-05
2800.0364631122065,0.9995411038398743,3.559397009667009e-05
2800.056894696565,0.9999871850013733,3.5570530599216e-05
2800.1794849050057,0.9990479350090027,3.5657973057823256e-05
2800.1999165901216,1.0004721879959106,3.5656485124491155e-05
2800.220348275325,0.9999366402626038,3.566508166841231e-05
2800.240780060638,0.9987908005714417,3.5653509257826954e-05
2800.2612116461023,0.9988812804222107,3.566290979506448e-05
2800.2816433316184,0.9982770681381226,3.5652821679832414e-05
2800.302075117288,0.9991582036018372,3.5644938179757446e-05
2800.3225067030435,0.9995892643928528,3.563822610885836e-05
2800.342938388916,0.999363899230957,3.563536301953718e-05
2800.3633701748695,0.9997149705886841,3.5626875614980236e-05
2800.383801860946,0.9994246959686279,3.5623972507892177e-05
2800.4246652334405,1.0005580186843872,3.56745149474591e-05
2800.4450968198653,0.9997885823249817,3.565088627510704e-05
2800.4655286063717,1.0004249811172485,3.56617929355707e-05
2800.485960293001,1.0012710094451904,3.566202940419316e-05
2800.506391879775,0.9997159242630005,3.5664405004354194e-05
2800.5268236666016,0.9996049404144287,3.565908264135942e-05
2800.547255353551,0.9992299675941467,3.5648790799314156e-05
2800.567686940645,1.0016000270843506,3.564034341252409e-05
2800.588118727821,1.0003715753555298,3.563598511391319e-05
2800.6085504150906,1.0005903244018555,3.5643824958242476e-05
2800.6289822025064,0.9999801516532898,3.562790880096145e-05
2800.669845477678,1.000821828842163,3.567523890524171e-05
2800.690277265385,1.000015139579773,3.568563624867238e-05
2800.7107088532575,0.9998037219047546,3.567217572708614e-05
2800.7311405412256,0.9998557567596436,3.5667831980390474e-05
2800.7515723292818,1.0007086992263794,3.566591112758033e-05
2800.7720039174746,1.0008530616760254,3.56612290488556e-05
2800.792435605792,0.9998995661735535,3.565535371308215e-05
2800.8128673941974,1.0005691051483154,3.5648277844302356e-05
2800.8332990827403,0.9995282292366028,3.5628450859803706e-05
2800.8537307713777,1.0011050701141357,3.562252823030576e-05
2800.8741624601316,1.000138521194458,3.560037657734938e-05
2800.9150258379814,1.0000855922698975,3.568727333913557e-05
2800.9354575270845,1.0005370378494263,3.568588726921007e-05
2800.955889216297,0.9995378851890564,3.567603926057927e-05
2800.9763210056044,0.999923050403595,3.5673321690410376e-05
2800.996752595085,1.0006663799285889,3.5668130294652656e-05
2801.0171843846183,1.0000526905059814,3.566196755855344e-05
2801.0376160742744,1.0008447170257568,3.564764847396873e-05
2801.0580476640753,1.0005114078521729,3.5649529309011996e-05
2801.078479453987,1.0012885332107544,3.5647815820993856e-05
2801.160206114786,0.9983416795730591,3.570899571059272e-05
2801.1806379052578,0.9991185069084167,3.569758700905368e-05
2801.201069595867,0.999229907989502,3.570969056454487e-05
2801.221501186599,0.999859631061554,3.569582986528985e-05
2801.241932977413,0.9982424378395081,3.571254637790844e-05
2801.2623646683787,0.9990541338920593,3.57026765414048e-05
2801.28279625946,1.0005868673324585,3.569215186871588e-05
2801.405386608385,0.9988265037536621,3.571331035345793e-05
2801.4258182003105,1.000239372253418,3.570810076780617e-05
2801.4462498923167,1.0002357959747314,3.570578701328486e-05
2801.4666816844765,1.0003401041030884,3.570656917872839e-05
2801.487113276744,1.0002645254135132,3.5708384530153126e-05
2801.507544969136,1.0004417896270752,3.569067848729901e-05
2801.527976761645,1.0001652240753174,3.5681416193256155e-05
2801.5484084542622,1.0005862712860107,3.568894317140803e-05
2801.5688401470034,1.0001659393310547,3.5669330827658996e-05
2801.58927183989,1.000214695930481,3.5667031625052914e-05
2801.6097035328567,1.0000920295715332,3.565960287232883e-05
2801.650566919212,1.0010274648666382,3.571932757040486e-05
2801.670998612557,1.0004682540893555,3.571045817807317e-05
2801.6914304060265,0.9999620318412781,3.5720680898521096e-05
2801.71186199964,0.9998390078544617,3.569501859601587e-05
2801.732293793364,1.0011193752288818,3.568680040189065e-05
2801.752725487211,1.000342607498169,3.568806641851552e-05
2801.773157081203,0.9988489747047424,3.5656699765240774e-05
2801.793588875247,1.0007407665252686,3.5669196222443134e-05
2801.814020469472,1.0013949871063232,3.564781945897266e-05
2801.8344521638137,1.001136302947998,3.5610890336101875e-05
2801.8957472475886,0.9986423850059509,3.5701992601389065e-05
2801.9161790423896,0.9999226927757263,3.569442924344912e-05
2801.936610637371,1.0001695156097412,3.568748797988519e-05
2801.957042432441,1.000227689743042,3.5670269426191226e-05
2801.9774741276487,1.000612497329712,3.567192834452726e-05
2801.9979057230084,1.0013275146484375,3.56590207957197e-05
2802.018337518457,0.9992987513542175,3.563377686077729e-05
2802.038769214014,1.000396728515625,3.555625880835578e-05
2802.0592009097527,1.0005866289138794,3.543649290804751e-05
2802.1409276938357,0.998528003692627,3.5729437513509765e-05
2802.1613593901784,1.0002989768981934,3.572855348465964e-05
2802.1817911866456,1.0004856586456299,3.572199057089165e-05
2802.202222883221,0.99864262342453,3.5715191188501194e-05
2802.222654479978,1.000198483467102,3.5717464925255626e-05
2802.3861081583527,0.9973917007446289,3.5725395719055086e-05
2802.406539956246,0.9966544508934021,3.5721681342693046e-05
2802.426971554254,0.9970362186431885,3.5722547181649134e-05
2802.447403252372,0.9967666268348694,3.572836794774048e-05
2802.467834950672,0.9975723028182983,3.571845809346996e-05
2802.6312886415326,1.0001095533370972,3.56689233740326e-05
2802.6517202409377,0.9981376528739929,3.570958142518066e-05
2802.672152040519,0.9972118139266968,3.572620335035026e-05
2802.6925837402086,0.9958964586257935,3.572257628547959e-05
2802.71301544008,0.9967067241668701,3.5733366530621424e-05
2802.733447140068,0.9962912201881409,3.573170761228539e-05
2802.7538788401653,0.9985323548316956,3.572968489606865e-05
2802.774310540386,0.9980934262275696,3.572814603103325e-05
2802.7947422407815,0.9982117414474487,3.5727010981645435e-05
2802.815173941286,0.9983013868331909,3.570920307538472e-05
2802.835605741915,0.9980393052101135,3.572537025320344e-05
2802.856037442718,0.9992014169692993,3.571562410797924e-05
2802.876469043629,0.9973079562187195,3.5713077522814274e-05
2802.8969008446657,0.9994052648544312,3.570850458345376e-05
2802.9173325458105,0.9973378777503967,3.5709574149223045e-05
2802.9377641471365,0.9982403516769409,3.568777901818976e-05
2802.9581959485804,0.9973189830780029,3.569837281247601e-05
2802.978627650198,0.9984892010688782,3.567878593457863e-05
2802.9990592519243,0.998683512210846,3.568161992006935e-05
2803.0194910537757,0.9997352361679077,3.5661538277054206e-05
2803.1216495650515,0.9969305396080017,3.573019057512283e-05
2803.142081267717,0.9978215098381042,3.570321132428944e-05
2803.16251297055,0.9961686730384827,3.5732002288568765e-05
2803.1829446735064,0.9964650273323059,3.572510104277171e-05
2803.2033763765794,0.998184323310852,3.5714227124117315e-05
2803.2238081797623,0.9988307356834412,3.571332126739435e-05
2803.2442397831255,0.9983857870101929,3.571696288418025e-05
2803.264671486664,0.9974231123924255,3.5704870242625475e-05
2803.2851032902545,0.9967427253723145,3.571593333617784e-05
2803.3055348940834,0.9979075193405151,3.5696728446055204e-05
2803.3259665979713,0.9970992207527161,3.569512045942247e-05
2803.3668300062054,0.9983015656471252,3.571164052118547e-05
2803.3872618105597,0.9977726340293884,3.5711986129172146e-05
2803.4076935150224,0.9984525442123413,3.570337139535695e-05
2803.428125219609,0.9992423057556152,3.5702607419807464e-05
2803.4485569243698,0.9990622997283936,3.569403997971676e-05
2803.46898862924,0.9984983801841736,3.568792817532085e-05
2803.489420334292,0.9981679916381836,3.5682303860085085e-05
2803.5098520394604,0.9966071844100952,3.56786185875535e-05
2803.530283744738,0.9976094961166382,3.563466452760622e-05
2803.550715550198,0.9990867376327515,3.559016840881668e-05
2803.571147255774,0.9978637099266052,3.5454140743240714e-05
2803.6120106673843,0.9972670674324036,3.572159039322287e-05
2803.632442373426,0.9974147081375122,3.571470733731985e-05
2803.652873979576,0.9988542795181274,3.5697390558198094e-05
2803.673305785851,0.9966034293174744,3.569210457499139e-05
2803.6937374923,0.9966623783111572,3.568252213881351e-05
2803.8571911489926,0.9976962208747864,3.569520777091384e-05
2803.8776227567214,0.9962044358253479,3.570773696992546e-05
2803.898054564561,0.9949385523796082,3.57150420313701e-05
2803.9184862725815,0.9958006739616394,3.572841524146497e-05
2803.9389180807775,0.994800329208374,3.5743985790759325e-05
2804.1023717513235,1.004379153251648,3.5546032449929044e-05
2804.122803460792,1.0022276639938354,3.554750219336711e-05
2804.1432351703843,1.00104820728302,3.558257958502509e-05
2804.163666880151,1.0005640983581543,3.560001641744748e-05
2804.1840985900926,0.9997705221176147,3.564574581105262e-05
2804.2045303001432,0.9971449375152588,3.565606311894953e-05
2804.2249621103765,0.9965606331825256,3.568255851860158e-05
2804.2453937207174,0.9970971941947937,3.571206980268471e-05
2804.265825431241,0.9954246878623962,3.574310539988801e-05
2804.2862572418817,0.9957842230796814,3.574047514121048e-05
2804.3066888526955,0.9949442148208618,3.5760072933044285e-05
2804.327120663678,0.9935141205787659,3.5750879760598764e-05
2804.347552374784,0.9942170977592468,3.574898073566146e-05
2804.367983985998,0.9939668774604797,3.57565913873259e-05
2804.3884157973953,0.9950832724571228,3.5745248169405386e-05
2804.4088475089666,0.9951833486557007,3.5739794839173555e-05
2804.4292791206535,0.9952260255813599,3.574476795620285e-05
2804.4497109325093,0.9958078861236572,3.57438693754375e-05
2804.4701426445463,0.9964606761932373,3.574197762645781e-05
2804.592732919664,0.9940760135650635,3.57368953700643e-05
2804.6131646327412,0.9933197498321533,3.574533911887556e-05
2804.6335963459424,0.9923828840255737,3.5737604775931686e-05
2804.654028159319,0.994486391544342,3.5750828828895465e-05
2804.674459772803,0.9941540956497192,3.574625225155614e-05
2804.6948914864697,0.995546281337738,3.575253504095599e-05
2804.7357550142624,0.9973751306533813,3.5742046748055145e-05
2804.8379135864234,0.9928489327430725,3.575496157282032e-05
2804.8583453013125,0.9939123392105103,3.575632581487298e-05
2804.878777116377,0.9942097067832947,3.575782830012031e-05
2804.8992087315564,0.994845986366272,3.5757744626607746e-05
2804.919640446904,0.9958622455596924,3.575918890419416e-05
2804.940072262434,0.9969160556793213,3.574772927095182e-05
2804.960503878072,0.9954125881195068,3.5743614716921e-05
2804.9809355938924,0.9955076575279236,3.57510507456027e-05
2805.001367409888,0.9969327449798584,3.574814763851464e-05
2805.021799025999,0.9946199059486389,3.5738830774789676e-05
2805.0830941753666,0.9956664443016052,3.576297240215354e-05
2805.103525992119,0.9959768056869507,3.577201641746797e-05
2805.1239577090455,0.9973616600036621,3.575828668545e-05
2805.1443893260875,0.9962462782859802,3.574989386834204e-05
2805.1648211432985,0.9963000416755676,3.57652097591199e-05
2805.1852528606905,0.9956157207489014,3.576034214347601e-05
2805.20568457825,0.9956678748130798,3.576345261535607e-05
2805.226116295933,0.9957668781280518,3.574574293452315e-05
2805.2465480137907,0.9961786270141602,3.5742184991249815e-05
2805.328274886837,0.9949825406074524,3.577386087272316e-05
2805.3487066054513,0.9948965907096863,3.576395465643145e-05
2805.369138424241,0.9960891008377075,3.5772733099292964e-05
2805.389570043255,0.9954869747161865,3.5766603105003014e-05
2805.410001762393,0.9962208867073059,3.576332892407663e-05
2805.4304335816487,0.9951231479644775,3.5752615076489747e-05
2805.4508653010707,0.9956533312797546,3.5744047636399046e-05
2805.471296920732,0.9953610301017761,3.573760113795288e-05
2805.4917287404533,0.9958582520484924,3.573569847503677e-05
2805.573455621183,0.9947479963302612,3.578955147531815e-05
2805.593887441719,0.9963268041610718,3.579907934181392e-05
2805.614319062486,0.9965481758117676,3.577976895030588e-05
2805.6347507833634,0.9949053525924683,3.5778273741016164e-05
2805.6551826044233,0.9957898259162903,3.578068935894407e-05
2805.6756142256563,0.9966720938682556,3.577698953449726e-05
2805.6960459470574,0.9973123073577881,3.576850576791912e-05
2805.716477768583,0.9967725276947021,3.57775752490852e-05
2805.7369093902817,0.996821939945221,3.577112147468142e-05
2805.757341212149,0.996857225894928,3.577628740458749e-05
2805.777772934198,0.9960305094718933,3.576948802219704e-05
2805.8186363787536,0.9943699240684509,3.578618634492159e-05
2805.839068101268,0.9962388873100281,3.579137774067931e-05
2805.859499823957,0.9951663613319397,3.579617987270467e-05
2805.879931546813,0.9961272478103638,3.5788143577519804e-05
2805.9003632698514,0.9965335130691528,3.5787630622508004e-05
2805.9207949929987,0.9967294335365295,3.5783414205070585e-05
2805.941226716386,0.9957159757614136,3.578112955437973e-05
2805.96165843989,0.9953610897064209,3.578304676921107e-05
2805.9820901635685,0.9953587651252747,3.5779361496679485e-05
2806.0025218874143,0.9960380792617798,3.576602102839388e-05
2806.063817059956,0.9959671497344971,3.577502866392024e-05
2806.0842487844493,0.9951528310775757,3.579853364499286e-05
2806.104680609111,0.9950724840164185,3.5790355468634516e-05
2806.1251122339527,0.9952370524406433,3.579275289666839e-05
2806.1455440589707,0.9954054951667786,3.580189877538942e-05
2806.1659757841553,0.9948580265045166,3.5813747672364116e-05
2806.186407409521,0.9951375722885132,3.580185875762254e-05
2806.2068392350047,0.9958836436271667,3.5806595406029373e-05
2806.227270960713,0.9964473843574524,3.580898919608444e-05
2806.2477025865446,0.9958741664886475,3.579956683097407e-05
2806.268134412552,0.9973529577255249,3.57952194462996e-05
2806.2885661387263,0.9957452416419983,3.580916018108837e-05
2806.308997965083,0.9959253072738647,3.580442353268154e-05
2806.329429591613,0.9961518049240112,3.5815362934954464e-05
2806.349861318311,0.996762216091156,3.580335032893345e-05
2806.3702931451917,0.9958577752113342,3.5800527257379144e-05
2806.3907247721872,0.9948956966400146,3.579851909307763e-05
2806.554178694889,0.9965795874595642,3.58225115633104e-05
2806.574610323456,0.9952229857444763,3.5816225135931745e-05
2806.595042152192,0.9962658882141113,3.581366763683036e-05
2806.615473881109,0.9963494539260864,3.5818440665025264e-05
2806.6359055102002,0.9951580166816711,3.580666452762671e-05
2806.65633733946,0.9969478249549866,3.581549390219152e-05
2806.676769068843,0.9958072900772095,3.579309850465506e-05
2806.6972007984587,0.9958060383796692,3.579158510547131e-05
2806.7176325281835,0.9953692555427551,3.576747985789552e-05
2806.7993594490254,0.9970120191574097,3.583160287234932e-05
2806.8197912796313,0.9956019520759583,3.583327270462178e-05
2806.8402229104613,0.9965126514434814,3.583324360079132e-05
2806.8606547414747,0.9962525367736816,3.581770943128504e-05
2806.8810864725965,0.9961214661598206,3.5807195672532544e-05
2807.0445403281337,0.9976107478141785,3.585148078855127e-05
2807.0649720608926,0.9964112043380737,3.5862034565070644e-05
2807.0854038937614,0.9976637959480286,3.584823934943415e-05
2807.1058355268688,0.9962788224220276,3.5859233321389183e-05
2807.1262672601442,0.9961670637130737,3.584922160371207e-05
2807.289721132678,0.9988109469413757,3.5863697121385485e-05
2807.310152967526,0.9978779554367065,3.588879553717561e-05
2807.330584702555,0.9971141219139099,3.586175080272369e-05
2807.3510163377578,0.9965687990188599,3.58671932190191e-05
2807.3714481731877,0.9971614480018616,3.5847358958562836e-05
2807.3918799087405,0.9965197443962097,3.584510341170244e-05
2807.412311744527,0.9982282519340515,3.5842993383994326e-05
2807.432743380479,0.9981141090393066,3.582688805181533e-05
2807.4736069528662,0.9978340268135071,3.582481440389529e-05
2807.5349021628936,0.9958174228668213,3.5884575481759384e-05
2807.5553337998936,0.9966902136802673,3.5873592423740774e-05
2807.575765637077,0.9961878657341003,3.589220068533905e-05
2807.596197374485,0.9974513053894043,3.5879296774510294e-05
2807.6166290120746,0.997711181640625,3.587148239603266e-05
2807.637060849782,0.9984861612319946,3.589813059079461e-05
2807.657492587721,0.9986475706100464,3.589384141378105e-05
2807.6779242258854,0.9985641241073608,3.5874454624718055e-05
2807.6983560641747,0.9978187680244446,3.588410618249327e-05
2807.7187878026307,0.9967831373214722,3.5864333767676726e-05
2807.7392196412693,0.9974497556686401,3.585433296393603e-05
2807.7800830191845,0.9980580806732178,3.589695552363992e-05
2807.800514858398,0.9998021125793457,3.5895609471481293e-05
2807.8209464977917,0.9982146620750427,3.589578045648523e-05
2807.8413782373536,0.9983986616134644,3.589671541703865e-05
2807.861810077098,0.9980884194374084,3.58875586243812e-05
2807.882241817075,0.9969316124916077,3.589911284507252e-05
2807.9026734572253,0.9974227547645569,3.588479739846662e-05
2807.9231052975447,0.9981123208999634,3.588633626350202e-05
2807.943537038045,0.997523844242096,3.587822720874101e-05
2808.0252640018953,0.9989942908287048,3.591111089917831e-05
2808.045695743327,0.9975277185440063,3.5904889955418184e-05
2808.066127384991,0.9983024001121521,3.591001586755738e-05
2808.0865592267655,0.9980847239494324,3.5915934859076515e-05
2808.1069909687794,0.9983981251716614,3.590963751776144e-05
2808.1274228109105,0.9975572228431702,3.591371569200419e-05
2808.1478544532656,0.9980738162994385,3.590487176552415e-05
2808.1682861958616,0.9975383877754211,3.590834967326373e-05
2808.1887180385747,0.9980630278587341,3.590168125811033e-05
2808.209149681512,0.9977747201919556,3.59075638698414e-05
2808.2295814245736,0.9983687996864319,3.5894219763576984e-05
2808.270444911388,0.9983782768249512,3.592094435589388e-05
2808.290876755149,0.9997814297676086,3.591103450162336e-05
2808.311308498909,0.9994915723800659,3.591176573536359e-05
2808.3317401430104,0.9987601041793823,3.5917884815717116e-05
2808.352171987237,0.9992727637290955,3.59097721229773e-05
2808.3726037316956,0.9988173842430115,3.591343556763604e-05
2808.433898966112,0.9990865588188171,3.590589403756894e-05
2808.454330711378,0.9990128874778748,3.5908316931454465e-05
2808.474762456768,0.999372661113739,3.5898836358683184e-05
2808.515626048007,0.9996932744979858,3.594088775571436e-05
2808.536057793979,0.9994121193885803,3.5878721973858774e-05
2808.556489440183,0.9974756836891174,3.590681808418594e-05
2808.576921286498,0.9976237416267395,3.591791391954757e-05
2808.5973529330513,0.997927725315094,3.591527638491243e-05
2808.617784679722,0.9985827803611755,3.593789733713493e-05
2808.6382165266186,0.9978906512260437,3.593152723624371e-05
2808.658648173754,0.9981471300125122,3.5929755540564656e-05
2808.6790800211165,0.9985212683677673,3.5933586332248524e-05
2808.699511768602,0.999597430229187,3.593582005123608e-05
2808.7199434163194,0.9981043338775635,3.592847861000337e-05
2808.740375264155,0.998746395111084,3.59384976036381e-05
2808.760807012215,0.9992788434028625,3.5932345781475306e-05
2808.7812386605146,0.9989989995956421,3.592886423575692e-05
2808.801670508925,0.9991888999938965,3.592923894757405e-05
2808.8221022575744,0.9985758662223816,3.592478242353536e-05
2808.8425341064576,0.9991989731788635,3.590851338231005e-05
2808.8629657554557,0.9987193942070007,3.59075638698414e-05
2808.88339750468,0.9987870454788208,3.587705214158632e-05
2808.9038293541453,0.998275637626648,3.588865001802333e-05
2808.924261003718,0.9998940229415894,3.589103653212078e-05
2808.944692753532,0.9982652068138123,3.587605169741437e-05
2808.965124603579,0.9992586374282837,3.5838278563460335e-05
2809.0059881041307,0.9994069933891296,3.58482648152858e-05
2809.0264198547593,0.998995304107666,3.585468220990151e-05
2809.0468515056127,0.9980757236480713,3.590768392314203e-05
2809.0672833565914,0.9973378777503967,3.5915010812459514e-05
2809.087715107802,0.9983883500099182,3.5922275856137276e-05
2809.108146859122,0.9982364773750305,3.5941226087743416e-05
2809.128578610682,0.9974544048309326,3.593353176256642e-05
2809.1490103624747,0.99870365858078,3.595263842726126e-05
2809.169442114493,0.9990853071212769,3.59496807504911e-05
2809.189873966636,0.9983479380607605,3.595438101910986e-05
2809.21030561901,0.9989320635795593,3.5962868423666805e-05
2809.230737471611,0.999133825302124,3.595738235162571e-05
2809.2511691243344,0.9983946084976196,3.596524766180664e-05
2809.2716008772913,0.9987035393714905,3.594712688936852e-05
2809.2920327304746,0.9979774355888367,3.596940223360434e-05
2809.31246438378,0.9982469081878662,3.5951936297351494e-05
2809.3328961374355,0.9988998770713806,3.594122244976461e-05
2809.353327991201,0.9994149208068848,3.593640576582402e-05
2809.3737596450883,0.9987071752548218,3.5930959711549804e-05
2809.3941914993266,0.9984983801841736,3.5926117561757565e-05
2809.414623253673,0.9988793134689331,3.5909466532757506e-05
2809.49635017306,0.998275101184845,3.595044108806178e-05
2809.5167820284623,0.9981509447097778,3.5970049793832004e-05
2809.537213783973,0.9982842803001404,3.596924580051564e-05
2809.557645639725,0.9992594122886658,3.5944929550169036e-05
2809.5780772957078,0.9980748891830444,3.595063026295975e-05
2809.598509051917,0.9985530376434326,3.5936885979026556e-05
2809.618940908251,0.9981338381767273,3.593173823901452e-05
2809.639372564816,1.0012166500091553,3.5926015698350966e-05
2809.659804321607,1.0023008584976196,3.592225402826443e-05
2809.680236178523,0.9987930059432983,3.591219137888402e-05
2809.741531450658,0.999271810054779,3.5978791856905445e-05
2809.761963208497,0.9981472492218018,3.596033639041707e-05
2809.78239496646,0.997542142868042,3.5949433367932215e-05
2809.8028267246555,0.9992222189903259,3.595314410631545e-05
2809.8232584829675,0.9988693594932556,3.5936485801357776e-05
2810.0071444177593,1.006497859954834,3.56956479663495e-05
2810.027576078166,1.0065720081329346,3.570641274563968e-05
2810.0480078388064,1.0062795877456665,3.57670578523539e-05
2810.068439699673,1.0035783052444458,3.5764249332714826e-05
2810.0888713607783,1.0027042627334595,3.5824279621010646e-05
2810.1093032220015,1.0015146732330322,3.5829136322718114e-05
2810.1297349834495,0.9993232488632202,3.5872828448191285e-05
2810.150166645137,1.0001381635665894,3.587816172512248e-05
2810.1705985070585,0.9998123049736023,3.588869367376901e-05
2810.191030269205,0.9989058971405029,3.5924051189795136e-05
2810.2114619314743,0.9984390139579773,3.594062945921905e-05
2810.231893793978,0.9973148703575134,3.5953162296209484e-05
2810.2523255567066,0.9974976778030396,3.5971501347376034e-05
2810.2727574195596,0.998130738735199,3.5985558497486636e-05
2810.2931890827604,0.9986786246299744,3.5985547583550215e-05
2810.313620846071,0.9981475472450256,3.600015043048188e-05
2810.3340527096225,0.9979974627494812,3.6001885746372864e-05
2810.3544843734053,0.9976791143417358,3.600106356316246e-05
2810.3749161374144,0.9986741542816162,3.601501157390885e-05
2810.395348001548,0.9990935921669006,3.6002085835207254e-05
2810.4157797659136,0.9993206858634949,3.600786658353172e-05
2810.436211530505,0.9974243640899658,3.6018682294525206e-05
2810.456643295336,0.9991155862808228,3.602070501074195e-05
2810.477075060393,0.9989169836044312,3.602357173804194e-05
2810.4975068255735,0.9994140267372131,3.601283970056102e-05
2810.517938590987,0.998350203037262,3.60064186679665e-05
2810.538370356633,0.9990024566650391,3.600894342525862e-05
2810.5588022225056,0.9992296695709229,3.600550553528592e-05
2810.5792338886167,0.9983717799186707,3.59953883162234e-05
2810.5996656548377,0.9992193579673767,3.598055263864808e-05
2810.6200974214153,0.9983458518981934,3.597724571591243e-05
2810.640529188109,0.9982431530952454,3.5973975172964856e-05
2810.6609610550295,0.9981923699378967,3.597113027353771e-05
2810.6813927221883,0.9986928105354309,3.596462920540944e-05
2810.722256357083,0.9978045225143433,3.601163552957587e-05
2810.742688024824,0.9993412494659424,3.6013330827699974e-05
2810.7631197927985,0.9975407719612122,3.603325239964761e-05
2810.7835516609994,0.9992965459823608,3.60253980034031e-05
2810.803983329439,0.9994269013404846,3.6025314329890534e-05
2810.824415197996,0.9999481439590454,3.6034871300216764e-05
2810.8448469668947,0.9995207786560059,3.6038174584973603e-05
2810.865278635916,0.9993178248405457,3.602744254749268e-05
2810.9674375843897,0.9988890886306763,3.603518052841537e-05
2810.9878694546933,0.9982377290725708,3.604423181968741e-05
2811.008301125228,0.9992147088050842,3.603689401643351e-05
2811.028732896106,1.0010981559753418,3.604066660045646e-05
2811.0491647669915,0.9999650716781616,3.60447920684237e-05
2811.0695965382256,0.9993364810943604,3.6043162253918126e-05
2811.0900282096845,1.0014744997024536,3.6045988963451236e-05
2811.1104600812687,1.0011276006698608,3.6052519135409966e-05
2811.130891853085,0.9981014132499695,3.6048691981704906e-05
2811.151323625243,0.9999969601631165,3.604742596508004e-05
2811.171755397525,0.9998665452003479,3.604410449042916e-05
2811.2126190426643,0.9996005892753601,3.600819763960317e-05
2811.233050715644,0.9999053478240967,3.601308344514109e-05
2811.253482488857,1.000325083732605,3.603050208766945e-05
2811.2739142621795,0.9989332556724548,3.6046465538674966e-05
2811.294346035742,0.999753475189209,3.605632809922099e-05
2811.3147778096536,1.000632643699646,3.6063542211195454e-05
2811.335209583558,1.0003666877746582,3.606693644542247e-05
2811.355641357819,1.002289891242981,3.605512756621465e-05
2811.3760732323135,1.002384901046753,3.606487371143885e-05
2811.396504907032,1.0007938146591187,3.606134487199597e-05
2811.4169366819915,1.0023194551467896,3.6060264392290264e-05
2811.437368557061,1.0006818771362305,3.607144026318565e-05
2811.4578002323688,1.0001026391983032,3.6058387195225805e-05
2811.4782320079103,1.0010862350463867,3.604960147640668e-05
2811.498663883802,0.9996192455291748,3.604356970754452e-05
2811.519095559801,0.9998602867126465,3.6036759411217645e-05
2811.5395274359253,1.0010138750076294,3.602587094064802e-05
2811.559959212391,1.0003587007522583,3.600817217375152e-05
2811.5803909890965,1.0006417036056519,3.601819116738625e-05
2811.600822766035,0.9996182322502136,3.5992463381262496e-05
2811.62125454309,0.9989195466041565,3.597154500312172e-05
2811.6416863204868,0.9995827674865723,3.5940465750172734e-05
2811.7029817537405,1.0030618906021118,3.598652619984932e-05
2811.7234135319595,1.0016757249832153,3.603451114031486e-05
2811.7438452104107,1.0002347230911255,3.6070319765713066e-05
2811.764277089089,1.000309944152832,3.607416874729097e-05
2811.7847088680064,1.001287579536438,3.608885162975639e-05
2811.8051405471488,1.001039743423462,3.609010673244484e-05
2811.8255724264163,1.0026060342788696,3.608836414059624e-05
2811.8460042060324,1.0026781558990479,3.6095851100981236e-05
2811.8664359857576,1.0022339820861816,3.60931153409183e-05
2811.8868677658393,1.0012074708938599,3.6101995647186413e-05
2811.9481631072413,1.0029376745224,3.608089900808409e-05
2811.968594888138,1.0042482614517212,3.6095138057135046e-05
2811.98902666926,1.0035754442214966,3.6099052522331476e-05
2812.0094584506223,1.001747727394104,3.61166094080545e-05
2812.0298901322167,1.002815842628479,3.609816849348135e-05
2812.050322014038,1.0025416612625122,3.608643601182848e-05
2812.0707537959825,1.002782940864563,3.6089382774662226e-05
2812.091185678277,1.0025930404663086,3.6093199014430866e-05
2812.111617360795,1.0025660991668701,3.607030157581903e-05
2812.132049143438,1.002766728401184,3.607012331485748e-05
2812.152481026431,1.002518892288208,3.6056997487321496e-05
2812.193344492989,1.0034098625183105,3.6069868656340986e-05
2812.213776376564,1.0017609596252441,3.608534098020755e-05
2812.2342080604794,1.0032885074615479,3.608010592870414e-05
2812.25463994452,1.002151608467102,3.609422856243327e-05
2812.275071728909,1.0038106441497803,3.609217674238607e-05
2812.2955035134073,1.0024951696395874,3.6101668229093775e-05
2812.3159352981456,1.0030372142791748,3.6123219615546986e-05
2812.336367083117,1.0033965110778809,3.611875945352949e-05
2812.35679886843,1.0036436319351196,3.611744978115894e-05
2812.3772307538675,1.0033411979675293,3.6116765841143206e-05
2812.3976624395364,1.0026743412017822,3.611256033764221e-05
2812.4180943254323,1.0035343170166016,3.612405271269381e-05
2812.4385261115676,1.0033843517303467,3.6122946767136455e-05
2812.458957797935,1.0034751892089844,3.611459396779537e-05
2812.4793896845295,1.0028204917907715,3.611708598327823e-05
2812.4998214713632,1.0024211406707764,3.6102745070820674e-05
2812.520253158429,1.0022149085998535,3.610078783822246e-05
2812.540685045722,1.0022691488265991,3.6079978599445894e-05
2812.5611168332543,1.0028568506240845,3.608390034059994e-05
2812.5815487208965,1.00180983543396,3.607759208534844e-05
2812.6837075632066,1.0034847259521484,3.6066718166694045e-05
2812.7041393523687,1.0041148662567139,3.6083980376133695e-05
2812.7245711417563,1.003212571144104,3.610385465435684e-05
2812.7450029312677,1.0036263465881348,3.6117005947744474e-05
2812.765434721121,1.0034245252609253,3.61131205863785e-05
2812.7858665112144,1.002555012702942,3.613344597397372e-05
2812.8062984015414,1.003656268119812,3.612966611399315e-05
2812.8267300920925,1.003424048423767,3.613859735196456e-05
2812.8471618828844,1.004314661026001,3.6140019801678136e-05
2812.8675937737935,1.0038306713104248,3.6136767448624596e-05
2812.888025465043,1.004197120666504,3.613907392718829e-05
2812.9084572565334,1.0048850774765015,3.614809611462988e-05
2812.9288891482574,1.0036524534225464,3.6144061596132815e-05
2812.9493209402062,1.0032098293304443,3.613846638472751e-05
2812.969752732395,1.002922534942627,3.613534863688983e-05
2812.990184524817,1.002874732017517,3.613245644373819e-05
2813.010616317464,1.0032389163970947,3.6129164072917774e-05
2813.0310481103515,1.0029420852661133,3.613350781961344e-05
2813.0514799034718,1.0025568008422852,3.611415013438091e-05
2813.0719116968176,1.0027856826782227,3.611169813666493e-05
2813.174070667068,1.003035545349121,3.6147750506643206e-05
2813.194502561928,1.0030630826950073,3.615266177803278e-05
2813.214934356911,1.0017375946044922,3.6138480936642736e-05
2813.2353660521258,1.0032366514205933,3.612830914789811e-05
2813.255797947684,1.003257393836975,3.6128811188973486e-05
2813.2762297433655,1.0021557807922363,3.6122946767136455e-05
2813.2966615392797,1.0024036169052124,3.6119206924922764e-05
2813.317093335536,1.0012879371643066,3.6106172046856955e-05
2813.4192523201054,1.0039775371551514,3.616379399318248e-05
2813.4396841177586,1.002737283706665,3.614818706410006e-05
2813.460115915652,1.0026156902313232,3.6148841900285333e-05
2813.4805477137706,1.002401351928711,3.615727473516017e-05
2813.500979512479,1.0022836923599243,3.61425154551398e-05
2813.5827068083527,1.0013859272003174,3.6100453144172207e-05
2813.62357030774,1.0024179220199585,3.603406366892159e-05
2813.664434007944,1.004015564918518,3.612124783103354e-05
2813.6848658085146,1.005683183670044,3.61325619451236e-05
2813.705297609318,1.0039756298065186,3.6142646422376856e-05
2813.725729410231,1.0047129392623901,3.6153407563688233e-05
2813.746161311501,1.003875732421875,3.615685272961855e-05
2813.7665930130024,1.0034193992614746,3.616582034737803e-05
2813.78702481473,1.0046193599700928,3.616990215959959e-05
2813.8074567166987,1.004555106163025,3.616437970777042e-05
2813.9096157302483,1.003999948501587,3.615372042986564e-05
2813.9300475337295,1.0039700269699097,3.61568272637669e-05
2813.950479237443,1.004370927810669,3.6153556720819324e-05
2813.9709111412667,1.004299521446228,3.61440033884719e-05
2813.9913429454464,1.0052415132522583,3.614809975260869e-05
2814.011774649858,1.0047633647918701,3.615965761127882e-05
2814.0322065546134,1.0050349235534668,3.6183166230330244e-05
2814.052638259491,1.005217432975769,3.615587775129825e-05
2814.0730701646025,1.0055028200149536,3.617551192292012e-05
2814.0935019700555,1.0053925514221191,3.61703205271624e-05
2814.1139336756314,1.0047497749328613,3.617928086896427e-05
2814.134365581558,1.0042388439178467,3.61905294994358e-05
2814.1547973877096,1.0038455724716187,3.618118353188038e-05
2814.175229194101,1.0027046203613281,3.618659684434533e-05
2814.1956610007255,1.0026863813400269,3.6189168895361945e-05
2814.2160928075755,1.0025795698165894,3.619393100962043e-05
2814.2365247146663,1.0035794973373413,3.6185803764965385e-05
2814.2569565221056,1.0018203258514404,3.617319816839881e-05
2814.2773882297697,1.0015652179718018,3.6166413337923586e-05
2814.297820137559,1.0017224550247192,3.6154608096694574e-05
2814.3182519456896,1.0015411376953125,3.61457459803205e-05
2814.3386836540594,1.0021140575408936,3.6153407563688233e-05
2814.399979280679,1.0047436952590942,3.6185829230817035e-05
2814.42041098998,1.0045366287231445,3.6187280784361064e-05
2814.440842799624,1.003793716430664,3.6206107324687764e-05
2814.461274709509,1.003763198852539,3.620190545916557e-05
2814.481706419625,1.0040018558502197,3.618785922299139e-05
2814.6451610095028,1.003385305404663,3.6146499041933566e-05
2814.6655927218308,1.0041602849960327,3.6147626815363765e-05
2814.6860246345022,1.00455904006958,3.616081812651828e-05
2814.7064564472967,1.003854751586914,3.617885522544384e-05
2814.7268882604403,1.004906415939331,3.618331902544014e-05
2814.7473200738095,1.0045098066329956,3.6186265788273886e-05
2814.767751887419,1.0049867630004883,3.619062772486359e-05
2814.7881837013774,1.0050578117370605,3.61854508810211e-05
2814.808615515445,1.0040817260742188,3.620469942688942e-05
2814.8290473298694,1.0047941207885742,3.621991345426068e-05
2814.84947914441,1.0037466287612915,3.620859934017062e-05
2814.8903427745317,1.0052443742752075,3.6198875022819266e-05
2814.9107745898873,1.0042519569396973,3.619850758695975e-05
2814.931206405585,1.0039623975753784,3.620300049078651e-05
2814.951638321407,1.0034359693527222,3.6207020457368344e-05
2814.9720701375772,1.0054212808609009,3.62010468961671e-05
2814.9925018539725,1.0048247575759888,3.6206431104801595e-05
2815.012933770726,1.0044649839401245,3.620358256739564e-05
2815.135524676116,1.0041048526763916,3.6203917261445895e-05
2815.1559564944982,1.004320740699768,3.619943163357675e-05
2815.1763884132233,1.004004716873169,3.62067912647035e-05
2815.196820132187,1.0038219690322876,3.621019277488813e-05
2815.2172519515007,1.0042669773101807,3.6211724363965914e-05
2815.3807065144865,1.0036702156066895,3.621023643063381e-05
2815.401138436122,1.004068374633789,3.620182178565301e-05
2815.4215701578796,1.0033788681030273,3.621460200520232e-05
2815.4420019799873,1.001617431640625,3.621075302362442e-05
2815.4624339023285,1.0027611255645752,3.619944618549198e-05
2815.625888590228,1.0027447938919067,3.6209032259648666e-05
2815.6463203148887,1.003301978111267,3.6208795791026205e-05
2815.666752239791,1.0013506412506104,3.6200028262101114e-05
2815.687184065042,1.0014656782150269,3.618159098550677e-05
2815.7076157905176,1.0015321969985962,3.618557457230054e-05
2815.7280477161185,0.9998244047164917,3.6158548027742654e-05
2815.891502431259,1.003287434577942,3.6203928175382316e-05
2815.9119341594196,1.0033818483352661,3.620798815973103e-05
2815.9323659876973,1.0030674934387207,3.622403528424911e-05
2815.9527979163176,1.0027637481689453,3.6213346902513877e-05
2815.9732296451766,1.0031205415725708,3.620936331572011e-05
2815.993661574379,1.0028430223464966,3.621155337896198e-05
2816.0140934037045,1.0012997388839722,3.620457209763117e-05
2816.1162525547406,1.0042537450790405,3.617896800278686e-05
2816.136684385696,1.003068208694458,3.6182002077111974e-05
2816.1571161169995,1.0050759315490723,3.619064227677882e-05
2816.1775480485376,1.0044894218444824,3.620328789111227e-05
2816.1979798803004,1.0045720338821411,3.62067403330002e-05
2816.2184117123034,1.004271149635315,3.620995266828686e-05
2816.2388435446483,1.0021785497665405,3.620999996201135e-05
2816.2592753772333,1.0031102895736694,3.619982453528792e-05
2816.3614345442184,1.0043424367904663,3.617126640165225e-05
2816.3818664783175,1.0047897100448608,3.6178298614686355e-05
2816.4022983128816,1.0036742687225342,3.618373739300296e-05
2816.4227300475613,1.00359308719635,3.618371192715131e-05
2816.4431619825846,1.0034235715866089,3.619453855208121e-05
2816.463593817847,1.003930687904358,3.620322240749374e-05
2816.4840255533345,1.0050547122955322,3.618538903538138e-05
2816.50445748918,1.002685785293579,3.619679409894161e-05
2816.5248893252574,1.004781723022461,3.619998096837662e-05
2816.606616772231,1.0024197101593018,3.620892675826326e-05
2816.6270485097048,1.001868486404419,3.620567440520972e-05
2816.647480347412,1.0018107891082764,3.619189374148846e-05
2816.6679122853457,1.000957727432251,3.617822949308902e-05
2816.6883440236343,1.0009688138961792,3.617715628934093e-05
2816.8517988392414,1.0040247440338135,3.6203953641233966e-05
2816.8722305799747,1.0017750263214111,3.620188726927154e-05
2816.8926625209424,1.0019439458847046,3.619939161580987e-05
2816.913094362135,1.0004812479019165,3.619914423325099e-05
2816.933526203684,1.000858187675476,3.618476330302656e-05
2817.096981045601,1.0014257431030273,3.619397466536611e-05
2817.1174128895946,1.0014755725860596,3.6189667298458517e-05
2817.1378446338204,1.0003445148468018,3.6205732612870634e-05
2817.1582765783896,0.9996252059936523,3.618446135078557e-05
2817.1787084231983,0.9990112781524658,3.6171706597087905e-05
2817.3421631915407,1.0032355785369873,3.604133235057816e-05
2817.362595038794,1.003456711769104,3.606480822782032e-05
2817.38302698639,1.0020155906677246,3.607939288485795e-05
2817.403458734225,1.0012704133987427,3.6096702388022095e-05
2817.4238906824103,1.0009630918502808,3.6134919355390593e-05
2817.4443225308205,1.000893235206604,3.6124434700468555e-05
2817.46475427947,1.0013428926467896,3.614423985709436e-05
2817.4851862284704,1.0012105703353882,3.61444654117804e-05
2817.5056180776955,1.0004487037658691,3.617297261371277e-05
2817.5260498272764,1.0018784999847412,3.6169669328955933e-05
2817.5464817769753,1.0025383234024048,3.618120899773203e-05
2817.5669136271317,1.0007156133651733,3.618190385168418e-05
2817.587345377411,1.0009534358978271,3.616460526245646e-05
2817.6077773281577,1.0010511875152588,3.6153429391561076e-05
2817.6282091790126,1.0003167390823364,3.615960304159671e-05
2817.648641130225,0.9984279870986938,3.616330286604352e-05
2817.6690728816684,0.9994519352912903,3.614839442889206e-05
2817.832527803679,0.9992327094078064,3.6175533750792965e-05
2817.852959557684,0.9984982013702393,3.615683817770332e-05
2817.873391512032,0.997985303401947,3.61630845873151e-05
2817.8938233666195,0.9970569014549255,3.6135879781795666e-05
2817.91425522144,0.9958899021148682,3.612968430388719e-05
2817.934687076602,0.9947013258934021,3.614137676777318e-05
2817.9551189320046,0.9950912594795227,3.6115852708462626e-05
2817.975550887757,0.9954044818878174,3.609305713325739e-05
2817.9959826437334,0.9934980273246765,3.607846156228334e-05
2818.016414500067,0.9951512813568115,3.6047753383172676e-05
2818.0777100705745,1.0009652376174927,3.6045679735252634e-05
2818.098141927956,1.0005534887313843,3.6088022170588374e-05
2818.1185737856795,1.0002336502075195,3.609663690440357e-05
2818.139005743644,1.0003173351287842,3.6117806303082034e-05
2818.1594376019493,0.999957799911499,3.612401269492693e-05
2818.179869360494,1.0012927055358887,3.614966772147454e-05
2818.20030131939,0.9994227290153503,3.6157169233774766e-05
2818.2207331785175,1.0003266334533691,3.617237962316722e-05
2818.2411649379865,1.0000596046447754,3.6175195418763906e-05
2818.261596897697,1.000252604484558,3.616674439399503e-05
2818.2820287576324,1.000300645828247,3.618701521190815e-05
2818.3024605179235,1.0000907182693481,3.6162673495709896e-05
2818.322892478449,0.9984002113342285,3.614875822677277e-05
2818.3433243393156,0.9987473487854004,3.615357127273455e-05
2818.363756300423,0.9969595670700073,3.616704634623602e-05
2818.3841880618784,0.9962095022201538,3.613474837038666e-05
2818.40461992356,0.9964852929115295,3.6142584576737136e-05
2818.425051885599,0.9952675104141235,3.612233558669686e-05
2818.445483647869,0.9948078989982605,3.611902502598241e-05
2818.465915510482,0.9953631162643433,3.6101304431213066e-05
2818.4863474733356,0.9942862391471863,3.6062301660422236e-05
2818.506779236537,0.9933918714523315,3.5975641367258504e-05
2818.5272111999657,0.9954360723495483,3.5852888686349615e-05
2818.56807482765,1.0006232261657715,3.6187229852657765e-05
2818.58850679201,1.0001941919326782,3.617344191297889e-05
2818.608938656609,0.9986154437065125,3.618972914409824e-05
2818.629370521441,0.9985347986221313,3.61664715455845e-05
2818.649802386615,0.9982744455337524,3.616456160671078e-05
2818.6702342521457,0.9973392486572266,3.615679815993644e-05
2818.690666117909,0.9953267574310303,3.613944136304781e-05
2818.711097983898,0.9952976703643799,3.613539593061432e-05
