time,flux,flux_err
2144.12324378833,0.9998937249183655,0.00012178915494587272
2144.143675870393,0.9999675750732422,0.00012186030653538182
2144.164108151992,0.9995951056480408,0.0001217885801452212
2144.184540333117,0.9997473955154419,0.00012192939902888611
2144.2049724137833,0.9992360472679138,0.00012201652134535834
2144.225404693978,0.9993607401847839,0.00012207648251205683
2144.2458368732478,0.9991301894187927,0.0001222362188855186
2144.2662690525176,0.99905925989151,0.0001222246646648273
2144.286701230856,0.9990572929382324,0.0001223145955009386
2144.3071334087217,0.9991969466209412,0.00012231676373630762
2144.327565586129,0.9990134835243225,0.00012233707820996642
2144.347997863064,0.9991160035133362,0.00012238207273185253
2144.368429939539,0.9991025924682617,0.0001223517319886014
2144.38886221555,0.9988746047019958,0.0001224195002578199
2144.4092943906217,0.9990423321723938,0.00012236411566846073
2144.4297264657,0.9991707801818848,0.00012242718366906047
2144.450158739848,0.999485433101654,0.00012237424380145967
2144.4705909135228,0.9993045926094055,0.0001223459985340014
2144.4910229867382,0.9994741678237915,0.00012231184518896043
2144.5114552594896,0.9997262358665466,0.0001222210266860202
2144.5318873317738,0.9998247027397156,0.00012215832248330116
2144.5523195035857,1.0000611543655396,0.0001221035490743816
2144.57275177494,1.0004101991653442,0.00012200689525343478
2144.59318384582,0.9999932050704956,0.00012194498413009569
2144.6136161157774,1.0003145933151245,0.00012188872642582282
2144.6340482852684,1.000049114227295,0.00012173747381893918
2144.6544803547586,0.9999954700469971,0.000121618366392795
2144.6749126233117,0.9999021887779236,0.00012144770880695432
2144.7975056244104,1.0005863904953003,0.0001218064280692488
2144.8179377892448,1.000449299812317,0.0001218519828398712
2144.838369953606,1.0001734495162964,0.00012193535076221451
2144.85880221751,1.000137448310852,0.00012200370110804215
2144.879234281412,0.9998961091041565,0.00012204515223857015
2144.8996665443774,0.9997440576553345,0.0001220654376083985
2144.920098706418,0.9998573064804077,0.00012214769958518445
2144.9405307684574,0.999904990196228,0.00012216035975143313
2144.9609630300256,0.9998223781585693,0.00012221715587656945
2144.981395190669,0.9996854066848755,0.00012222076475154608
2145.0018272513116,0.999674916267395,0.0001222397550009191
2145.022259511017,0.9995055794715881,0.00012228683044668287
2145.0426916707293,0.9994649291038513,0.00012229308777023107
2145.0631237295092,0.9996017813682556,0.0001223395811393857
2145.083555987818,0.9995951056480408,0.00012234810856170952
2145.1039881456672,0.9993703365325928,0.0001223336294060573
2145.1244202030502,0.9994400143623352,0.00012229481944814324
2145.144852459496,0.999593198299408,0.00012226897524669766
2145.1652846159486,0.999589741230011,0.0001222559658344835
2145.1857167719354,0.9996110796928406,0.00012219724885653704
2145.2061489269836,0.999833881855011,0.00012219639029353857
2145.2265810815734,0.999843955039978,0.0001221875281771645
2145.247013236163,1.0000319480895996,0.00012212051660753787
2145.2674453898144,1.0000357627868652,0.00012204812082927674
2145.287877543007,1.0003043413162231,0.00012193227303214371
2145.3083096957344,1.0004141330718994,0.0001218807592522353
2145.3287418479886,1.0004106760025024,0.00012177031021565199
2145.3491739993187,1.0002750158309937,0.00012169532419648021
2145.369606150649,1.0003361701965332,0.00012158838944742456
2145.390038301506,0.9996159076690674,0.00012139826139900833
2145.4104704514393,1.000040054321289,0.00012132666597608477
2145.430902701366,0.9997262358665466,0.00012107704242225736
2145.451334750367,0.9991472363471985,0.00012083501496817917
2145.4717668989033,0.9990943670272827,0.00012060641893185675
2145.4921991469746,0.9988794922828674,0.00012031986989313737
2145.5330634417114,1.0010762214660645,0.00012169310502940789
2145.5534955883777,1.0007765293121338,0.00012173540017101914
2145.573927634119,1.0007790327072144,0.00012188056280137971
2145.594359879862,1.000728726387024,0.00012198292097309604
2145.6147920251387,1.0003329515457153,0.00012203023652546108
2145.635224069476,0.9998818635940552,0.0001220979174831882
2145.6556563133563,0.9999170303344727,0.0001221701386384666
2145.6760884572286,0.9995324611663818,0.00012218124174978584
2145.696520600177,0.9992900490760803,0.00012225050886627287
2145.7169527426595,0.9996766448020935,0.0001222652936121449
2145.7373848846764,0.9996198415756226,0.00012219428026583046
2145.7578170262204,0.999646008014679,0.0001222574501298368
2145.798681307453,0.9998455047607422,0.00012217051698826253
2145.8191134476074,1.0001064538955688,0.00012222175428178161
2145.8395455868304,0.9997537136077881,0.00012217124458402395
2145.8599777260533,0.9999393820762634,0.00012209292617626488
2145.8804099643385,1.000316858291626,0.00012202776997582987
2145.9008420021637,1.0004812479019165,0.00012197282921988517
2145.9212741399824,1.0003758668899536,0.00012186350068077445
2145.941706376878,1.000548243522644,0.00012185101513750851
2145.962138413306,1.000664234161377,0.00012178850738564506
2145.9825705492694,1.0008177757263184,0.000121602468425408
2146.023434819326,1.0001909732818604,0.00012207527470309287
2146.0438669538853,0.9999994039535522,0.00012203811638755724
2146.064299187521,1.0001418590545654,0.00012211184366606176
2146.0847312211554,0.9998215436935425,0.00012210122076794505
2146.105163353852,0.9995861053466797,0.00012212760339025408
2146.1255955860906,0.9999447464942932,0.00012215450988151133
2146.146027618328,0.9996563196182251,0.0001222151768160984
2146.1664597496274,0.9998250007629395,0.0001221859856741503
2146.186891980469,0.9997754693031311,0.00012222555233165622
2146.207324010844,0.9996769428253174,0.00012222920486237854
2146.2277561407464,0.9997451305389404,0.00012222802615724504
2146.248188370191,0.9998645186424255,0.0001222177525050938
2146.268620498704,0.999822735786438,0.00012225074169691652
2146.2890526272095,0.999933123588562,0.000122183992061764
2146.3094847552566,0.9998635649681091,0.0001221351994900033
2146.3299168823723,1.0002093315124512,0.00012212313595227897
2146.350349009015,0.9999141097068787,0.00012211041757836938
2146.3707811356653,0.9999927282333374,0.0001220793346874416
2146.391213261384,1.0003230571746826,0.00012209778651595116
2146.4116454866307,1.0004154443740845,0.00012202495418023318
2146.4320775114174,1.0006541013717651,0.00012196218449389562
2146.4525096357393,1.0003081560134888,0.00012185714876977727
2146.472941859589,1.000851035118103,0.00012176632299087942
2146.5138060059035,0.9997699856758118,0.0001221368438564241
2146.5342382278905,0.9997971057891846,0.0001221412530867383
2146.554670249883,0.9997738599777222,0.0001221208949573338
2146.575102371411,0.9999215602874756,0.00012221182987559587
2146.595534592001,0.9998263716697693,0.0001221735728904605
2146.615966612131,0.9998130798339844,0.0001222439605044201
2146.636398732262,0.999725878238678,0.00012217951007187366
2146.6568308514543,0.9998247027397156,0.00012220315693411976
2146.677262970188,0.9996635913848877,0.0001221855782205239
2146.697695188457,0.9999479651451111,0.00012220650387462229
2146.7181272062517,0.9999119639396667,0.00012224330566823483
2146.7385593235886,1.0000815391540527,0.0001221595157403499
2146.7589915404533,0.9997659921646118,0.00012212411093059927
2146.779423656859,0.9999973773956299,0.00012207137478981167
2146.799855672798,1.00020170211792,0.0001221041165990755
2146.8202878878074,1.0002100467681885,0.00012207285908516496
2146.8407200028087,0.9999370574951172,0.0001220644626300782
2146.861152016885,1.0000402927398682,0.00012198391777928919
2146.881584230956,1.0001250505447388,0.00012196362513350323
2146.902016344102,1.000284194946289,0.00012196944589959458
2146.9224483567814,1.0004816055297852,0.000121948221931234
2146.9428805694624,1.0004889965057373,0.00012193653674330562
2146.963312681204,1.0005911588668823,0.0001219271362060681
2146.9837446924867,1.0006382465362549,0.00012187238462502137
2147.004176903298,1.0006651878356934,0.00012175778101664037
2147.0246090136498,1.0004956722259521,0.0001217094250023365
2147.0450410235353,1.0006526708602905,0.00012170694390079007
2147.065473232491,1.0007721185684204,0.00012161958875367418
2147.085905341439,1.000706434249878,0.00012160616461187601
2147.106337449928,1.0004940032958984,0.00012153250281699002
2147.126769557479,1.000536322593689,0.00012152422277722508
2147.147201665037,1.0008540153503418,0.00012148554378654808
2147.1676338716643,1.000533938407898,0.00012145705841248855
2147.18806587829,1.0006219148635864,0.00012138173042330891
2147.2084979839783,1.0003859996795654,0.00012135748693253845
2147.2289301892088,1.0006067752838135,0.00012129454262321815
2147.249362294431,1.0004390478134155,0.00012121786858187988
2147.269794298729,1.0003315210342407,0.00012103703920729458
2147.2902265025623,1.0001575946807861,0.00012085167691111565
2147.310658605922,0.999843180179596,0.00012062722817063332
2147.3310906088227,0.9994685053825378,0.00012050679652020335
2147.351522811259,0.9991735219955444,0.00012022971350234002
2147.3719548127556,0.9994310736656189,0.00012010746286250651
2147.39238691426,0.9987440705299377,0.00011979367991443723
2147.4128191152995,0.9985671043395996,0.0001196403318317607
2147.433251115872,0.9988112449645996,0.00011956319940509275
2147.4536832155063,0.9989716410636902,0.00011935855582123622
2147.4945474138513,1.000089168548584,0.00012189255357952788
2147.514979512096,1.000158429145813,0.000121903998660855
2147.5354117103416,0.9985809922218323,0.00012191368296043947
2147.617140096787,0.9991454482078552,0.0001219542245962657
2147.637572092237,0.999804675579071,0.00012201887147966772
2147.658004287223,0.9999690055847168,0.00012203332153148949
2147.678436381735,0.999873697757721,0.0001220604099216871
2147.698868475789,0.999915599822998,0.00012210487329866737
2147.719300569377,0.9999353289604187,0.00012208854604978114
2147.7397326624923,1.0013240575790405,0.00012219234486110508
2147.7601648546843,1.000220537185669,0.00012213108129799366
2147.7805968468747,1.0001929998397827,0.0001221231505041942
2147.801028938593,0.9994820356369019,0.00012207044346723706
2147.821461129388,0.999993622303009,0.00012215565948281437
2147.8418931201813,1.00002121925354,0.00012210378190502524
2147.862325210037,1.0002143383026123,0.00012212105502840132
2147.882757399435,0.9999985694885254,0.00012206401152070612
2147.9031893888314,1.0003920793533325,0.0001221093552885577
2147.92362147729,1.0001920461654663,0.0001220840640598908
2147.944053665291,1.0003254413604736,0.00012208892439957708
2147.9849177398864,0.9999951720237732,0.00012203685764688998
2148.0053499264905,0.9997134208679199,0.00012208060070406646
2148.0257819126273,0.9998555779457092,0.0001220887352246791
2148.046213998292,0.9999925494194031,0.00012209819396957755
2148.066646183499,1.0000958442687988,0.00012209646229166538
2148.0870782682396,0.9999914169311523,0.0001221386482939124
2148.1075102525065,1.0000967979431152,0.00012211705325171351
2148.1279424363165,1.0000982284545898,0.0001220648264279589
2148.1483744191937,0.9999046921730042,0.00012209525448270142
2148.1688065020644,1.0000215768814087,0.00012205659731989726
2148.1892386844775,0.9998536705970764,0.00012201433855807409
2148.2096706659577,1.0001906156539917,0.00012207213148940355
2148.2301027474314,1.0002177953720093,0.00012199324555695057
2148.250534927982,1.0005402565002441,0.00012195530871395022
2148.270966908065,1.0006822347640991,0.00012193035945529118
2148.2913990881425,1.0007556676864624,0.00012190910638310015
2148.311831167295,1.0006353855133057,0.00012188169785076752
2148.3322631459814,1.0008028745651245,0.00012178521137684584
2148.352695324662,1.0008984804153442,0.00012170536501798779
2148.3731274024176,1.0006192922592163,0.0001216272939927876
2148.393559379707,1.00070059299469,0.00012152658018749207
2148.4139915565247,1.0007119178771973,0.0001214791918755509
2148.4344236328834,1.0006691217422485,0.00012137012527091429
2148.4752877841966,1.0013915300369263,0.0001214829389937222
2148.4957198591583,1.0012526512145996,0.0001215635275002569
2148.5161519336543,1.001024603843689,0.00012162022903794423
2148.5365840076774,1.000767469406128,0.00012172151036793366
2148.557016081242,1.0005759000778198,0.00012172729475423694
2148.5774481538683,1.0003582239151,0.000121774421131704
2148.5978803265025,1.0001078844070435,0.00012185363448224962
2148.6183122986695,1.0001821517944336,0.00012186647654743865
2148.638744369906,1.0002895593643188,0.00012190792040200904
2148.659176541136,0.9997987151145935,0.00012190424604341388
2148.67960851144,0.999743640422821,0.00012193646398372948
2148.700040581738,0.9997719526290894,0.00012195989984320477
2148.7204727511125,0.9998108148574829,0.00012201695062685758
2148.7409047204856,1.0000747442245483,0.00012202232755953446
2148.761336788928,1.0000250339508057,0.00012206984683871269
2148.7817689568983,1.0000334978103638,0.00012204909580759704
2148.8022009248743,0.9997696876525879,0.00012210107524879277
2148.8226329919125,1.0000747442245483,0.00012211859575472772
2148.843065158493,0.9997139573097229,0.00012204645463498309
2148.863497125072,0.9999030828475952,0.00012207809777464718
2148.883929290714,1.0002213716506958,0.00012201997014926746
2148.904361255896,1.000044584274292,0.00012201040954096243
2148.9247933206134,1.0002517700195312,0.00012196332681924105
2148.9452254848584,1.0006340742111206,0.00012190915731480345
2148.9656574486435,1.000320553779602,0.00012185883679194376
2148.9860895119637,1.0004585981369019,0.00012183866783743724
2149.0065216748117,1.0005073547363281,0.00012177582539152354
2149.0269537372005,1.0006846189498901,0.00012171636626590043
2149.047385699123,1.0008257627487183,0.00012166101078037173
2149.067817860574,1.0009262561798096,0.00012165028601884842
2149.0882499211,1.000658392906189,0.00012160780897829682
2149.1086818816257,1.0006619691848755,0.0001215504962601699
2149.1291140416797,1.0006715059280396,0.00012148331006756052
2149.1495461012746,1.000778079032898,0.00012140295439166948
2149.1699780599374,1.0005568265914917,0.00012126072397222742
2149.1904102185945,1.0005276203155518,0.00012122539192205295
2149.2108422767924,1.0003299713134766,0.00012114019773434848
2149.231274234058,1.0003035068511963,0.00012105380301363766
2149.2517063913183,1.0005149841308594,0.00012103775225114077
2149.2721384476536,1.00020170211792,0.00012089483789168298
2149.292570503989,1.0002199411392212,0.00012084758054697886
2149.3130025593855,0.9999597072601318,0.00012062717723893002
2149.3334346147894,0.999820351600647,0.00012056266132276505
2149.353866669262,0.9997168779373169,0.0001204939471790567
2149.3742987237274,0.9996323585510254,0.00012039449939038604
2149.3947307772687,0.9993992447853088,0.000120363591122441
2149.4151628303443,0.9993777275085449,0.00012008629710180685
2149.5581872897455,1.002530574798584,0.00012095290730940178
2149.578619239095,1.0023963451385498,0.00012097002036171034
2149.5990513879806,1.0025403499603271,0.000121076955110766
2149.6194833368572,1.002331256866455,0.0001211297931149602
2149.6399153848106,1.002422571182251,0.00012121714098611847
2149.660347532299,1.0019714832305908,0.00012121944746468216
2149.680779479313,1.0018099546432495,0.00012132358097005635
2149.7012115258694,1.0015606880187988,0.00012142567720729858
2149.721643671961,1.001659870147705,0.00012149977555964142
2149.742075617578,1.0015285015106201,0.00012152863928349689
2149.7625076627373,1.0011789798736572,0.00012156713637523353
2149.782939807432,1.0010713338851929,0.00012158315075794235
2149.803371751186,1.0013573169708252,0.00012168397370260209
2149.8238037949486,1.0007246732711792,0.00012169050023658201
2149.844235938246,1.0009732246398926,0.00012172583228675649
2149.86466798107,1.0009971857070923,0.00012175572919659317
2149.8850999234346,1.0009090900421143,0.00012179195618955418
2149.905532065335,1.000691294670105,0.00012181539204902947
2149.946396047264,0.999944806098938,0.00012206505925860256
2149.9668281877675,0.9997456669807434,0.00012207250983919948
2149.9872602277974,1.0001342296600342,0.00012209286796860397
2150.007692167368,1.000095248222351,0.00012210702698212117
2150.028124306009,0.9996230602264404,0.00012211118882987648
2150.048556344642,0.9997199177742004,0.00012207847612444311
2150.068988482817,0.9995885491371155,0.0001220385092892684
2150.089420420525,1.00027596950531,0.00012202605284983292
2150.1098524572953,1.0000581741333008,0.00012201802746858448
2150.1302845940736,0.9996606707572937,0.00012201196659589186
2150.1507165303847,1.0000489950180054,0.00012198668264318258
2150.171148565758,1.000357985496521,0.00012201991194160655
2150.191580701139,1.000171422958374,0.00012197382602607831
2150.2120126355876,1.0003474950790405,0.00012196706666145474
2150.2324446700295,1.0004335641860962,0.00012192211579531431
2150.252876804014,1.000298023223877,0.00012192512804176658
2150.2733088370587,1.000402808189392,0.00012188407708890736
2150.29374077011,1.0006904602050781,0.00012187992979306728
2150.314172902232,1.0004277229309082,0.00012183841317892075
2150.3346049343527,1.0008095502853394,0.00012181061902083457
2150.355036865534,1.0007373094558716,0.00012179023178759962
2150.3754689967245,1.0002564191818237,0.00012175409938208759
2150.395900926982,0.9977483153343201,0.0001216296514030546
2150.457197015887,0.9985564947128296,0.00012151490955147892
2150.477629044275,1.0007281303405762,0.00012151441478636116
2150.4980611726714,1.0008132457733154,0.00012158022582298145
2150.5184931001277,1.0008697509765625,0.00012164994404884055
2150.538925127592,1.0006887912750244,0.00012168450484750792
2150.5593572541256,1.000565528869629,0.00012156408047303557
2150.579789180658,1.00027334690094,0.00012147156667197123
2150.600221206252,1.0003859996795654,0.00012142679042881355
2150.6206533318546,1.0006810426712036,0.00012134094868088141
2150.641085256517,1.0006219148635864,0.00012127379886806011
2150.681949404927,1.0015220642089844,0.00012140427861595526
2150.7023814286586,1.0015509128570557,0.00012149271788075566
2150.722813451466,1.0010675191879272,0.00012150699330959469
2150.743245473808,1.0009469985961914,0.00012152391718700528
2150.763677496143,1.00107741355896,0.00012155441072536632
2150.7841096175543,1.0007081031799316,0.0001216056989505887
2150.8045415389643,1.0007420778274536,0.00012165561929577962
2150.8249735594363,1.0007025003433228,0.00012166355008957908
2150.8454056799164,1.0005441904067993,0.00012174439325463027
2150.8658375994637,1.0007025003433228,0.00012183727812953293
2150.886269618539,1.0004453659057617,0.00012181164493085817
2150.906701737622,1.0004158020019531,0.00012181127385701984
2150.927133655772,1.0003563165664673,0.00012182575301267207
2150.947565673916,1.000667929649353,0.00012186523963464424
2150.9679977911364,1.0002920627593994,0.00012181049532955512
2150.9884297083554,1.0008821487426758,0.00012185093510197476
2151.0088617246365,1.0001696348190308,0.00012188839173177257
2151.029293740925,1.0001097917556763,0.00012189269909868017
2151.049725756282,1.0002148151397705,0.00012191572750452906
2151.070157771632,1.0002127885818481,0.00012192227586638182
2151.0905898860583,1.0001293420791626,0.00012193126167403534
2151.1110218000176,0.9999706149101257,0.00012194077862659469
2151.1314538139704,1.0000619888305664,0.00012193963630124927
2151.151885927,1.0000803470611572,0.0001219899277202785
2151.172317840028,0.9998857378959656,0.00012198706099297851
2151.192749852118,1.0001410245895386,0.00012202474317746237
2151.2131819642163,0.9999791979789734,0.00012200047058286145
2151.2336138753817,0.9998692274093628,0.00012203017104184255
2151.2540459865413,0.9999150037765503,0.0001220229605678469
2151.274477996776,0.9996230006217957,0.00012201201752759516
2151.29490990701,0.9997361898422241,0.00012206048268126324
2151.315342016773,0.999884307384491,0.00012205779057694599
2151.3357740256106,0.9997677803039551,0.00012206688552396372
2151.3562059344476,0.9997649788856506,0.00012204123777337372
2151.3766380423476,0.9996586441993713,0.00012201263598399237
2151.397070050254,0.9996808767318726,0.00012203367805341259
2151.4175019572285,0.9995980262756348,0.00012205304665258154
2151.437934064197,0.9995055794715881,0.00012201391655253246
2151.4583660707067,0.9999607801437378,0.00012204993254272267
2151.478797976284,0.999849259853363,0.00012206688552396372
2151.499230081856,0.9999141097068787,0.00012209358101245016
2151.5196620869683,0.9996817111968994,0.00012207581312395632
2151.5400940911495,1.000000238418579,0.0001221126294694841
2151.5605260953234,0.9998345971107483,0.00012210477143526077
2151.580958099039,0.9998819828033447,0.0001220771373482421
2151.601390101823,0.9996976852416992,0.00012209828128106892
2151.621822204601,0.9995477795600891,0.00012209518172312528
2151.6422541069187,0.9995885491371155,0.00012209691340103745
2151.6626861087716,0.9998859167098999,0.0001221451093442738
2151.6831182096867,0.9998157024383545,0.00012210317072458565
2151.7035501106075,0.9997000694274902,0.00012208943371661007
2151.7239821110634,0.999984622001648,0.00012213052832521498
2151.744414211047,0.9996827840805054,0.00012207073450554162
2151.785278109164,0.9996126890182495,0.00012211479770485312
2151.805710207751,0.9997103810310364,0.00012205677194288
2151.826142105878,0.9997748732566833,0.00012212368892505765
2151.8465741035398,1.0000815391540527,0.00012206021347083151
2151.8670061007288,1.0002055168151855,0.00012208223051857203
2151.907870193725,1.0003340244293213,0.00012191142741357908
2151.9283020895164,1.0002264976501465,0.00012193583825137466
2151.94873408485,1.000082015991211,0.00012193128350190818
2151.9691661797115,0.9999889731407166,0.00012194510782137513
2151.989598174114,0.9999619126319885,0.00012199477350804955
2152.0100300680497,1.0001760721206665,0.00012196082388982177
2152.0304621615214,1.000028371810913,0.00012195980525575578
2152.0508941545195,1.0000488758087158,0.00012195601448183879
2152.071326047524,1.0002392530441284,0.00012197421892778948
2152.0917581395915,0.9999284744262695,0.00012198734475532547
2152.1121901312,0.9996389746665955,0.00012200520723126829
2152.132622022342,1.0002354383468628,0.00012203789810882881
2152.1530541130196,0.9999078512191772,0.00012201385106891394
2152.1734861036894,0.9997919201850891,0.00012204544327687472
2152.1939179934343,0.9997994303703308,0.0001220626145368442
2152.214350082708,0.9997138381004333,0.00012207085092086345
2152.234782071988,0.9997814297676086,0.00012205766688566655
2152.255213960336,0.9996585249900818,0.00012206028623040766
2152.2756460482196,0.9998098015785217,0.00012210127897560596
2152.2960780360954,0.9993829131126404,0.00012211267312522978
2152.3165099230464,0.9996237754821777,0.00012211338616907597
2152.3369420099916,0.9995705485343933,0.0001221053971676156
2152.357373996012,0.9994476437568665,0.000122116893180646
2152.3778059820324,0.9995391964912415,0.00012213911395519972
2152.3982379671215,0.9997991919517517,0.00012213332229293883
2152.4186699522033,0.9994156360626221,0.0001221202255692333
2152.439101936827,0.9996085166931152,0.0001221555139636621
2152.4595340205124,0.9995022416114807,0.00012213984155096114
2152.4799659042037,0.9995774030685425,0.000122134544653818
2152.500397987431,0.9991918206214905,0.00012215027527417988
2152.5208299701844,0.9998456835746765,0.00012215175956953317
2152.541261852013,0.9996227025985718,0.0001221376733155921
2152.5616939338433,0.999674916267395,0.00012217585754115134
2152.5821259152,0.999579131603241,0.00012216072354931384
2152.6025577960972,0.9995054602622986,0.00012215747847221792
2152.6229898765305,0.9996284246444702,0.0001221404381794855
2152.6434217564893,0.9996382594108582,0.00012220809003338218
2152.6638537359904,0.9995351433753967,0.00012213973968755454
2152.6842858150267,0.9995797276496887,0.00012212598812766373
2152.7047176935885,0.9997439384460449,0.00012214419257361442
2152.7251496716926,0.9996955394744873,0.00012212057481519878
2152.745581749332,0.9996673464775085,0.0001221316633746028
2152.7660136264967,0.9997638463973999,0.00012212606088723987
2152.7864456036696,0.9998507499694824,0.00012210510612931103
2152.806877679912,0.9999825358390808,0.00012205722305225208
2152.8273096556804,0.9996204376220703,0.00012206458632135764
2152.8477415314555,1.000232219696045,0.00012208863336127251
2152.868173606301,1.000246286392212,0.00012205331586301327
2152.8886055806724,1.0002473592758179,0.00012204559607198462
2152.9090374550506,1.0001133680343628,0.00012202417565276846
2152.929469528499,1.0000845193862915,0.00012198682816233486
2152.949901501939,1.000115990638733,0.00012196312309242785
2152.9703333744546,0.9999741315841675,0.00012192442227387801
2152.9907654469716,1.000335931777954,0.00012197185424156487
2153.011197419015,1.0006444454193115,0.00012192094436613843
2153.0316292901334,1.0000169277191162,0.00012190850975457579
2153.0520613612534,1.0000978708267212,0.00012187494576210156
2153.0724933318998,1.0001935958862305,0.00012189814879093319
2153.0929254020884,1.0006496906280518,0.00012181153579149395
2153.11335727181,1.0004397630691528,0.00012175556912552565
2153.1337892410593,1.00052011013031,0.00012168396642664447
2153.1542213093853,1.0004767179489136,0.00012152748968219385
2153.17465317771,1.0008865594863892,0.00012145085202064365
2153.195085146028,1.0003516674041748,0.00012147393135819584
2153.2155172134226,1.0005073547363281,0.00012139136379119009
2153.23594908035,0.9989129304885864,0.00012136282020946965
2153.317676943858,0.9996580481529236,0.00012114796845708042
2153.338108908458,0.9998974204063416,0.00012108014925615862
2153.378972836719,1.000010371208191,0.00012200794299133122
2153.3994049003886,0.9999338388442993,0.00012198960030218586
2153.419836763125,0.999954342842102,0.00012202970538055524
2153.4402687258553,0.9999656677246094,0.00012203247752040625
2153.460700787662,1.0001273155212402,0.00012202520156279206
2153.4811326494673,1.0000669956207275,0.00012201079516671598
2153.5015646108004,0.9999648332595825,0.00012200818309793249
2153.521996671676,1.0002895593643188,0.00012203415826661512
2153.542428532084,1.0003992319107056,0.00012202653306303546
2153.5628604920203,1.0002890825271606,0.00012202805373817682
2153.5832925514987,0.9999111890792847,0.00012201943172840402
2153.60372441051,0.9999577403068542,0.0001220267586177215
2153.624156369049,1.0001044273376465,0.00012203720689285547
2153.6445884271307,1.0000513792037964,0.00012208695989102125
2153.6650203847385,1.0000097751617432,0.00012206177780171856
2153.685452341888,0.999643087387085,0.00012204494851175696
2153.7058842990373,0.9998452663421631,0.00012208249245304614
2153.7263162552554,0.9997971057891846,0.00012209943088237196
2153.7467482110005,0.9998553991317749,0.00012209363922011107
2153.767180166753,0.999911904335022,0.00012208618863951415
2153.7876121220324,1.000144124031067,0.00012210743443574756
2153.8080441763886,0.9998205304145813,0.00012209379929117858
2153.8284760307433,0.9999072551727295,0.00012204829545225948
2153.8897718905428,1.0002776384353638,0.00012204526865389198
2153.9102038430283,1.0001801252365112,0.00012203494407003745
2153.930635895056,1.0000945329666138,0.00012208419502712786
2153.951067746617,0.9998452067375183,0.0001220490739797242
2153.9714996977127,0.9997952580451965,0.00012207737017888576
2153.9919317483364,0.9998113512992859,0.00012204270751681179
2154.0123635985,0.9998668432235718,0.00012204079393995926
2154.0327955486573,1.0000230073928833,0.00012204524682601914
2154.0532274978905,0.9999186396598816,0.00012204084487166256
2154.073659446658,1.0002280473709106,0.00012204725499032065
2154.0940913954255,0.9999606013298035,0.00012204952508909628
2154.1145233432544,1.0001665353775024,0.00012204870290588588
2154.1349552910906,1.0000636577606201,0.00012206440442241728
2154.155387237988,0.9997856616973877,0.00012205982784507796
2154.175819184893,1.0000277757644653,0.00012206037354189903
2154.1962511313322,1.0001603364944458,0.00012208630505483598
2154.216683077306,1.000101923942566,0.00012207542022224516
2154.237115122807,0.999853253364563,0.00012211440480314195
2154.2575469678486,1.0000526905059814,0.00012208330736029893
2154.2779790124187,0.9996978640556335,0.00012205926032038406
2154.2984109565296,1.0000591278076172,0.00012206684914417565
2154.318842800174,1.0001121759414673,0.000122104785987176
2154.339274843347,0.9999868869781494,0.00012209166015964001
2154.359706786061,0.9999796748161316,0.00012209071428515017
2154.380138628774,0.999874472618103,0.00012208358384668827
2154.40057067055,1.0000441074371338,0.0001220845733769238
2154.421002612333,0.9999995231628418,0.00012208111002109945
2154.4414344531833,0.999701201915741,0.00012207352847326547
2154.461866494028,0.9998455047607422,0.0001221230922965333
2154.4822984344137,0.9997926354408264,0.00012207875261083245
2154.5027303743336,0.9997153282165527,0.0001220804697368294
2154.523162313315,0.9997634291648865,0.0001220872363774106
2154.5435942523036,1.000032663345337,0.00012209004489704967
2154.5640261908266,0.9999713897705078,0.00012209377018734813
2154.5844581288766,1.0002994537353516,0.00012207007966935635
2154.604890066934,1.0001403093338013,0.00012206007522763684
2154.62532200406,1.0002864599227905,0.0001221231505041942
2154.6457540407137,1.000058650970459,0.00012205134407849982
2154.666185877373,1.0001401901245117,0.00012205601524328813
2154.686617813102,1.000106692314148,0.00012205104576423764
2154.7070498488247,1.0004184246063232,0.00012204182712594047
2154.7274816836216,1.0004812479019165,0.00012205368693685159
2154.7479136184193,1.0000102519989014,0.00012202333891764283
2154.768345552744,1.0003384351730347,0.00012204417726024985
2154.7887774861447,1.0001740455627441,0.00012204572703922167
2154.809209519546,1.0001051425933838,0.0001220736448885873
2154.829641352473,1.000203013420105,0.00012209347914904356
2154.8500732849425,1.0000982284545898,0.00012208314728923142
2154.8705053174126,0.9999662637710571,0.00012205115490360186
2154.8909371489426,1.0001178979873657,0.0001220801059389487
2154.911369080015,1.0001558065414429,0.00012207491090521216
2154.9318011106225,1.0001577138900757,0.0001220884150825441
2154.952232941221,1.0004297494888306,0.00012207576946821064
2154.9726648708966,1.0000485181808472,0.0001220586709678173
2154.9930969005727,1.000252366065979,0.00012206245446577668
2155.0135287297744,1.000180959701538,0.00012203364167362452
2155.0339606585185,1.0002034902572632,0.0001220484045916237
2155.0543926867977,1.000051498413086,0.00012203474761918187
2155.0748246141375,1.000096082687378,0.00012201775098219514
2155.0952564419495,1.0001782178878784,0.00012202426296425983
2155.1156884688244,1.0002610683441162,0.00012201570643810555
2155.13612039524,1.0001407861709595,0.00012198093463666737
2155.1565522211895,1.0003154277801514,0.00012196777970530093
2155.1769842471404,1.0002342462539673,0.00012200268974993378
2155.197416172152,1.000078558921814,0.00012198771582916379
2155.21784799717,1.0000815391540527,0.00012199694174341857
2155.238280021251,1.0002497434616089,0.00012199285993119702
2155.2587119453383,1.000270962715149,0.00012200994387967512
2155.2791437689593,1.0002849102020264,0.00012198496551718563
2155.2995757921162,1.0006332397460938,0.00012198714830446988
2155.3200077147994,1.000488519668579,0.00012202053039800376
2155.3404396370242,1.0001379251480103,0.00012203458027215675
2155.360871558776,1.0000947713851929,0.00012197749310871586
2155.3813034800696,1.0002185106277466,0.00012195072486065328
2155.401735500898,1.0001380443572998,0.00012191712448839098
2155.4221673217253,1.0002437829971313,0.00012191192945465446
2155.4425992416145,1.0005024671554565,0.00012187098036520183
2155.463031261512,1.0004945993423462,0.00012186395906610414
2155.4834630809346,1.0006248950958252,0.00012187041284050792
2155.503894999434,1.0005037784576416,0.00012183452781755477
2155.5243269179336,1.00040864944458,0.00012179369514342397
2155.5447588359675,1.000582218170166,0.00012174359289929271
2155.5651907535284,1.0004135370254517,0.00012175320443930104
2155.5856227710974,1.000540852546692,0.00012177044845884666
2155.6060545877262,1.0005780458450317,0.00012175260781077668
2155.6264865038975,1.0002485513687134,0.00012174304720247164
2155.6469185200694,1.0008141994476318,0.00012174023868283257
2155.6673503353086,1.0004432201385498,0.00012174544099252671
2155.687782250541,1.0011379718780518,0.00012177300231996924
2155.708214265316,1.0004936456680298,0.0001217326644109562
2155.728646079151,1.0005748271942139,0.000121752054837998
2155.749077992994,1.0007424354553223,0.00012176809104857966
2155.769510006372,1.0006121397018433,0.00012179906480014324
2155.7899418197485,1.0007190704345703,0.00012175239680800587
2155.8512375561404,0.9994134306907654,0.00012216492905281484
2155.8716694671893,0.9998910427093506,0.0001221662969328463
2155.892101478239,0.9997518062591553,0.00012216795585118234
2155.9125333883494,0.999624490737915,0.00012212949513923377
2155.9329651984663,0.9995272755622864,0.00012213319132570177
2155.953397208119,0.9995593428611755,0.0001221341226482764
2155.973829117298,0.9998651742935181,0.0001221240236191079
2155.9942610260186,0.9996519684791565,0.00012211861030664295
2156.0146929347393,0.9996129870414734,0.00012214775779284537
2156.0351248425213,0.9994580745697021,0.00012211923603899777
2156.0555568498457,0.9995782971382141,0.0001221325946971774
2156.0759886571686,0.9988930225372314,0.0001221074053319171
2156.1577162813264,0.9981006979942322,0.00012209084525238723
2156.1781482863225,1.0000262260437012,0.00012209982378408313
2156.1985800908515,1.0000720024108887,0.00012209542910568416
2156.219011995374,0.9997345209121704,0.00012209299893584102
2156.239443998973,0.9998100399971008,0.0001220952981384471
2156.2598758025706,1.0000009536743164,0.0001220982667291537
2156.2803077052304,1.000049352645874,0.00012212777801323682
2156.3007396078974,1.0000810623168945,0.00012211225111968815
2156.321171510099,1.0001648664474487,0.0001221168349729851
2156.402899114233,0.9997572898864746,0.00012210074055474252
2156.423331114107,0.9996916055679321,0.00012211180001031607
2156.4437629139793,0.9999169111251831,0.00012209767010062933
2156.464194812914,0.999911904335022,0.00012207715190015733
2156.4846268118563,1.0000629425048828,0.00012208707630634308
2156.5050586103316,1.0001150369644165,0.00012206839892314747
2156.5254905083348,1.0002042055130005,0.00012206746032461524
2156.5459225058803,1.000241756439209,0.00012206623068777844
2156.5663543029586,1.0001214742660522,0.0001220761041622609
2156.5867862995656,0.999915599822998,0.00012201668141642585
2156.607218196179,1.0002678632736206,0.00012203909136587754
2156.6276499918604,1.000098705291748,0.00012200840137666091
2156.648081987536,1.00034761428833,0.00012199710181448609
2156.6685138827524,0.9999580383300781,0.00012198679178254679
2156.688945677037,1.0001040697097778,0.00012198548211017624
2156.7093776713155,0.9999741315841675,0.00012198379408800974
2156.729809565135,1.0003184080123901,0.00012195650924695656
2156.7502414589544,1.0002440214157104,0.00012196174793643877
2156.7706733518353,1.000314474105835,0.00012196442548884079
2156.791105244258,0.9999852180480957,0.00012195944145787507
2156.8115371366803,1.0002280473709106,0.00012204190716147423
2156.83196902863,0.9998990297317505,0.00012189149128971621
2156.8524009196553,1.0002813339233398,0.00012189949484309182
2156.872832810681,1.0002278089523315,0.00012186397361801937
2156.893264801234,1.000312328338623,0.00012187061656732112
2156.9136965917933,1.0007704496383667,0.00012184955267002806
2156.934128481422,1.0003920793533325,0.00012174919538665563
2156.954560470578,1.0005608797073364,0.00012170999252703041
2156.9749922597402,1.0007299184799194,0.0001216340169776231
2156.995424147972,1.0005241632461548,0.00012148672249168158
2157.015856036196,1.0008785724639893,0.00012143844651291147
2157.036287923962,1.0007729530334473,0.00012137796875322238
2157.056719811262,1.0011203289031982,0.00012133346172049642
2157.0771516980894,1.0009604692459106,0.00012121602048864588
2157.0975835844583,1.0015034675598145,0.00012113768025301397
2157.1180154708272,1.0012096166610718,0.0001209773836308159
2157.1384473562575,1.002042531967163,0.00012078552390448749
2157.158879241695,1.0021641254425049,0.00012070713273715228
2157.1793112266605,1.0018107891082764,0.00012061992310918868
2157.199743011166,1.0017873048782349,0.00012056932609993964
2157.2201748952066,1.0022213459014893,0.00012045382027281448
2157.240606878775,1.0019837617874146,0.0001202775165438652
2157.2610387618843,1.0022306442260742,0.00012013691593892872
2157.301902527164,1.000415563583374,0.00012198952754260972
2157.322334409342,1.0000042915344238,0.00012201575736980885
2157.3427661910537,1.0001055002212524,0.00012202823563711718
2157.363198171828,0.9999879002571106,0.00012200944183859974
2157.383630052609,1.0002113580703735,0.00012206445535412058
2157.4040618333893,0.9999302625656128,0.00012212280125822872
2157.4244938132324,0.9998147487640381,0.00012221068027429283
2157.4449256926164,0.9997195601463318,0.00012222681834828109
2157.4653574719996,0.9995462894439697,0.000122275814646855
2157.4857894509114,0.9994038343429565,0.00012225295358803123
2157.506221329364,0.9994391798973083,0.00012223562225699425
2157.5266531073503,0.9992700219154358,0.00012225804675836116
2157.547085084865,0.9995810389518738,0.00012225077080074698
2157.567516961921,0.9996151328086853,0.00012221357610542327
2157.587948838511,0.9995794296264648,0.00012218129995744675
2157.6083807150935,0.9996656179428101,0.00012217825860716403
2157.628812591218,1.000029444694519,0.00012215171591378748
2157.649244466411,1.0000534057617188,0.0001221158599946648
2157.6696763415966,1.0001492500305176,0.00012208023690618575
2157.690108216324,0.9999049305915833,0.00012201184290461242
2157.7105400910514,1.000038504600525,0.00012197481555631384
2157.73097196484,1.0002517700195312,0.00012192725262138993
2157.7514038381705,1.0003011226654053,0.00012190139386802912
2157.8126994567574,0.9997955560684204,0.00012219302880112082
2157.8331314286916,0.9996609687805176,0.00012222536315675825
2157.8535632001513,0.9994056224822998,0.00012223808153066784
2157.8739950711533,0.9996012449264526,0.0001222576102009043
2157.894427042156,0.9993578195571899,0.00012230256106704473
2157.914858812219,0.9994193911552429,0.00012227670231368393
2157.9352906822896,0.9993866086006165,0.0001222765858983621
2157.976154421027,0.9995113015174866,0.00012231022992637008
2157.9965862897006,0.9992591142654419,0.00012227865227032453
2158.017018258375,0.9996920824050903,0.00012227919069118798
2158.0374500261096,0.9993177056312561,0.00012226510443724692
2158.057881893852,0.9994509220123291,0.00012222146324347705
2158.078313860664,0.9996011853218079,0.00012224706006236374
2158.0987457274678,0.9995828866958618,0.00012223017984069884
2158.1191774938125,0.9998053908348083,0.00012222399527672678
2158.1396094601587,0.9995430707931519,0.0001221753773279488
2158.1600413255655,0.9999600052833557,0.0001221665006596595
2158.180473090979,0.9999657273292542,0.00012215340393595397
2158.2009050554625,1.0001788139343262,0.0001221207930939272
2158.221336919938,0.999709963798523,0.00012207690451759845
2158.2417686839544,0.9999819397926331,0.000122064258903265
2158.2622006475067,0.9999840259552002,0.0001220441990881227
2158.2826325105852,1.0000008344650269,0.0001220209087477997
2158.3030642736703,0.999940812587738,0.00012197405158076435
2158.3234962358256,1.0000675916671753,0.00012191444693598896
2158.343928097973,1.0005524158477783,0.00012187852553324774
2158.3643600596624,1.0004351139068604,0.00012183826765976846
2158.384791820885,1.0005652904510498,0.00012180594785604626
2158.405223681635,1.000272512435913,0.0001217648241436109
2158.4256556419277,1.0004754066467285,0.00012172913557151332
2158.446087402219,1.0007359981536865,0.00012172521383035928
2158.466519261572,1.0002810955047607,0.00012168494868092239
2158.4869512209334,1.0008186101913452,0.00012161066842963919
2158.5073829798275,1.0011333227157593,0.00012147831148467958
2158.5278148382495,1.0007063150405884,0.00012139279715484008
2158.548246696213,1.001068353652954,0.0001212731804116629
2158.5686785541766,1.0010967254638672,0.00012108400551369414
2158.5891104114344,1.0015459060668945,0.00012098297156626359
2158.6095423682345,1.001602292060852,0.00012072912795701995
2158.6299741248004,1.001827359199524,0.00012054947728756815
2158.650405980894,1.0020991563796997,0.00012040224828524515
2158.67083793653,1.0019398927688599,0.00012027975753881037
2158.6912696919317,1.0020798444747925,0.00012016769323963672
2158.711701546861,1.0023125410079956,0.00012003151641692966
2158.732133501333,1.0019307136535645,0.00011985001765424386
2158.772997109336,0.9995995163917542,0.0001223245490109548
2158.7934290626436,0.9995861053466797,0.00012227629486005753
2158.813860815717,0.9995509386062622,0.00012227913248352706
2158.834292668318,0.9994562268257141,0.00012224589590914547
2158.8547246204616,0.9992448687553406,0.00012225187674630433
2158.875156372371,0.9997298121452332,0.00012224336387589574
2158.895588323576,0.9995391368865967,0.00012224343663547188
2158.9160201747873,0.999608039855957,0.00012224502279423177
2158.9364520253002,0.9977256655693054,0.0001221518323291093
2159.018179424078,0.9996582269668579,0.00012211277498863637
2159.0386112727283,1.000184416770935,0.00012211197463329881
2159.059043121146,1.0001933574676514,0.00012205036910017952
2159.0794750688583,1.000057578086853,0.00012203320511616766
2159.0999068165765,1.0002824068069458,0.00012195087037980556
2159.12033866359,1.0001741647720337,0.00012193037400720641
2159.1407706103782,1.0003595352172852,0.00012185757077531889
2159.1612023566995,1.000332236289978,0.00012180239718873054
2159.1816342027887,1.000113844871521,0.00012175248411949724
2159.2020661484057,1.0004147291183472,0.00012176814198028296
2159.222497893563,1.0004348754882812,0.00012165902444394305
2159.2429297384806,1.000736951828003,0.0001216259115608409
2159.26336158294,1.000747799873352,0.00012151122064096853
2159.2837934269337,1.0007579326629639,0.00012140651233494282
2159.3042252706873,1.0010406970977783,0.00012128240632591769
2159.3246571139825,1.0012136697769165,0.00012113457341911271
2159.345088956812,1.0011212825775146,0.00012103782501071692
2159.3655207994016,1.0015193223953247,0.00012091876851627603
2159.3859526415326,1.0016570091247559,0.00012075423001078889
2159.406384483198,1.0016460418701172,0.00012067699572071433
2159.4268163246234,1.00172758102417,0.00012049886572640389
2159.447248265591,1.0018301010131836,0.00012039049033774063
2159.4676800060915,1.0015528202056885,0.00012019944551866502
2159.508543786156,0.9994087815284729,0.00012226855324115604
2159.5289755257254,0.9994956851005554,0.00012232539302203804
2159.5494074645903,0.9994118213653564,0.00012229755520820618
2159.569839303462,0.9996008276939392,0.00012228090781718493
2159.590271041634,0.9995687007904053,0.00012225701357237995
2159.6107029795676,0.9998354911804199,0.00012222070654388517
2159.631134817042,0.9997020959854126,0.00012218745541758835
2159.651566554283,1.0001188516616821,0.00012211322609800845
2159.6719984910524,1.0001072883605957,0.00012204116501379758
2159.6924303273627,1.0002415180206299,0.00012198938202345744
2159.7128620634394,1.00028395652771,0.00012189507106086239
2159.7537258344237,1.0000029802322388,0.00012207464897073805
2159.774157669104,0.9999434351921082,0.00012203875667182729
2159.7945895037774,1.0000437498092651,0.00012211721332278103
2159.8150213377594,1.0000085830688477,0.00012214166054036468
2159.8354531715086,0.9997056722640991,0.0001222109276568517
2159.855885004785,0.9997544288635254,0.00012220883218105882
2159.8763168378355,0.999618411064148,0.00012229853018652648
2159.8967486704205,0.9998029470443726,0.000122292956802994
2159.9171806025333,0.9993849396705627,0.00012232063454575837
2159.937612334419,0.9993189573287964,0.00012236187467351556
2159.95804416584,0.9993899464607239,0.00012233950837980956
2159.9784759970207,0.9996805787086487,0.00012237674673087895
2159.998907827743,0.9993467926979065,0.00012231800064910203
2160.019339557999,0.9992332458496094,0.00012236367911100388
2160.0397714880164,0.9991742968559265,0.00012234915629960597
2160.0602033175746,0.9994111061096191,0.00012231734581291676
2160.0806352466607,0.999530017375946,0.00012229142885189503
2160.1010669755196,0.9994545578956604,0.00012230769789312035
2160.1214988039137,0.9996349811553955,0.00012227424304001033
2160.141930731843,0.9996420741081238,0.00012227125989738852
2160.1623624595304,0.9998273253440857,0.0001222299615619704
2160.182794286993,0.999950110912323,0.00012224273814354092
2160.203226213751,0.9996115565299988,0.00012217351468279958
2160.2236579402816,0.9997904300689697,0.00012216427421662956
2160.24408976658,0.9998575448989868,0.00012213260924909264
2160.264521692414,0.9998910427093506,0.00012208794942125678
2160.284953517774,0.9998234510421753,0.00012201785284560174
2160.3053852429075,1.000288963317871,0.00012194558075862005
2160.3258171675698,1.0001457929611206,0.00012187330867163837
2160.346248991773,1.000038743019104,0.00012183967919554561
2160.3666807157424,1.0002250671386719,0.00012179710029158741
2160.387112639248,1.0000035762786865,0.0001217117824126035
2160.4075444622795,1.0000042915344238,0.00012160919868620113
2160.427976185085,1.000196933746338,0.00012152828276157379
2160.4484081076516,1.000363826751709,0.00012140210310462862
2160.4688399297593,1.0005176067352295,0.00012130167306168005
2160.4892716514005,1.0006405115127563,0.00012121768668293953
2160.5097035725776,1.000795841217041,0.00012111506657674909
2160.530135393514,1.0009254217147827,0.00012101416359655559
2160.5505671142237,1.0010186433792114,0.00012083814362995327
2160.5709990342293,1.001192331314087,0.00012069474905729294
2160.5914308540086,1.0011540651321411,0.00012053084356011823
2160.611862673555,1.001336932182312,0.00012042504386045039
2160.632294492636,1.001294493675232,0.00012031550431856886
2160.652726311244,1.001289963722229,0.00012015819811495021
2160.673158229627,1.0013484954833984,0.00011998236004728824
2160.6935899475357,1.0012913942337036,0.00011971747153438628
2160.7344536824385,0.9997186660766602,0.00012241506192367524
2160.7548853991902,0.9993407726287842,0.00012236689508426934
2160.7753172157027,0.99920654296875,0.00012233351299073547
2160.7957490317567,0.9994722008705139,0.0001223063445650041
2160.8161808475706,0.9997100830078125,0.00012230714492034167
2160.836612662926,0.9998337626457214,0.00012231734581291676
2160.857044577817,0.9998911619186401,0.00012230206630192697
2160.877476292473,0.9995951056480408,0.00012226574472151697
2160.8979081066573,1.0001112222671509,0.0001222167193191126
2160.9183400206166,1.0001574754714966,0.0001222052815137431
2160.9387717341015,0.9999330043792725,0.00012212673027534038
2160.9592035473615,0.9999649524688721,0.00012207486724946648
2160.9796354601567,0.9998622536659241,0.00012198749755043536
2161.0000671724847,1.0002092123031616,0.00012189268454676494
2161.0204989845734,1.0001479387283325,0.0001218051475007087
2161.0409308962044,1.0000643730163574,0.00012164015060989186
2161.0613626075938,1.0004034042358398,0.00012150559632573277
2161.0817944185255,1.000502109527588,0.00012134974531363696
2161.1022263289924,1.000625491142273,0.00012119109305785969
2161.1226581392184,1.000901222229004,0.00012108368537155911
2161.143089849218,1.0010908842086792,0.00012088004586985335
2161.163521758521,1.0013633966445923,0.00012076248094672337
2161.1839535675826,1.0011677742004395,0.00012059939763275906
2161.204385276418,1.0016199350357056,0.00012047238124068826
2161.2248171847896,1.0017927885055542,0.00012033714301651344
2161.24524899292,1.0013340711593628,0.00012010439968435094
2161.2656807005915,1.0014469623565674,0.00011986993922619149
2161.2861126077987,1.0011354684829712,0.00011961530253756791
2161.306544414765,1.001084566116333,0.00011935596558032557
2161.326976321274,1.0009764432907104,0.00011904194252565503
2161.3474080273154,1.0006601810455322,0.00011860236554639414
2161.3678398333504,1.000507116317749,0.00011800695210695267
2161.388271738695,1.000325322151184,0.00011704910139087588
2161.4087034438053,1.0006121397018433,0.00011616329720709473
2161.4291352484433,1.0009169578552246,0.00011540320701897144
2161.4699988568027,0.9998164176940918,0.00012234672612976283
2161.4904306605094,0.9998507499694824,0.00012229547428432852
2161.510862463758,1.000010371208191,0.00012221581710036844
2161.5312942667733,1.000234842300415,0.00012215084279887378
2161.551726069316,0.9998829960823059,0.00012204006634419784
2161.5721578714,0.9999980926513672,0.00012187786342110485
2161.5925896732515,0.9999383687973022,0.00012178251927252859
2161.6130214748628,1.0004762411117554,0.00012167439126642421
2161.6334532760156,1.0004676580429077,0.00012147401866968721
2161.653885076703,1.0007129907608032,0.00012135805445723236
2161.67431687715,1.0008347034454346,0.00012126514047849923
2161.7356122759447,0.9994519352912903,0.00012241184595040977
2161.756044175003,0.9993866086006165,0.00012239422358106822
2161.776475873594,0.9986143112182617,0.00012227673141751438
2161.858203164222,0.9983804821968079,0.0001222115388372913
2161.8786349611837,0.9997767806053162,0.0001222374412463978
2161.899066657679,1.0000394582748413,0.00012219643394928426
2161.9194985537033,0.9998465180397034,0.00012214150046929717
2161.9399303492683,1.000375747680664,0.0001222153805429116
2161.9603621446004,1.0000287294387817,0.00012197534670121968
2161.9807939396924,1.0002723932266235,0.00012186291860416532
2162.001225734326,1.0001157522201538,0.00012172757124062628
2162.0216575287195,1.0002955198287964,0.0001216349919559434
2162.0420893226546,1.0006016492843628,0.00012147300731157884
2162.062521116124,1.0003111362457275,0.00012132889969507232
2162.0829529093608,1.0005075931549072,0.00012119750317651778
2162.1033847021245,1.0006946325302124,0.00012106695066904649
2162.1238164946626,1.0005844831466675,0.00012091997632523999
2162.1442482869606,1.0008587837219238,0.00012080246233381331
2162.1646801785682,1.0009057521820068,0.00012064800830557942
2162.2055436610826,0.9994634389877319,0.0001223706640303135
2162.2259754519837,0.9993995428085327,0.00012242783850524575
2162.2464072421935,0.9994025826454163,0.0001223659492097795
2162.26683893217,0.999461829662323,0.00012232473818585277
2162.2872708219074,1.0000765323638916,0.00012235545727889985
2162.307702611186,0.9997268915176392,0.00012227539264131337
2162.328134300231,0.9997993111610413,0.0001222443679580465
2162.3485661888044,0.9997564554214478,0.00012218108167871833
2162.3689979769188,0.9997588992118835,0.00012216092727612704
2162.389429765026,0.9996987581253052,0.00012208610132802278
2162.4098615524417,0.999690055847168,0.00012203017104184255
2162.4302933396248,0.9998396635055542,0.0001219371406477876
2162.4507252265685,0.9997110962867737,0.00012181655620224774
2162.4711569130523,0.9999726414680481,0.00012174794392194599
2162.491588699071,1.0000046491622925,0.00012166349915787578
2162.5120205848507,1.0000042915344238,0.00012158870958955958
2162.532452370404,1.0000064373016357,0.00012158031313447282
2162.5528840554907,1.0002367496490479,0.00012148939276812598
2162.573315940106,1.0003631114959717,0.00012141746265115216
2162.593747724495,1.0000396966934204,0.00012133356358390301
2162.614179408418,1.0004637241363525,0.000121356948511675
2162.634611292102,1.0004525184631348,0.00012121813779231161
2162.6550430755597,1.0002855062484741,0.00012117568257963285
2162.695906641071,0.9993870258331299,0.00012244813842698932
2162.7163384233645,0.9992528557777405,0.0001224147854372859
2162.7367701051917,0.9992707371711731,0.00012236624024808407
2162.7572019867803,0.9994445443153381,0.00012240528303664178
2162.7776337681426,0.9995241761207581,0.0001223699509864673
2162.798065549039,0.9998764395713806,0.0001223608705913648
2162.818497329463,1.0001449584960938,0.0001222983410116285
2162.838929109661,0.9999295473098755,0.00012227760453242809
2162.8593608893934,0.9999097585678101,0.00012217530456837267
2162.879792668886,0.999728798866272,0.00012207678810227662
2162.9002244481526,0.9999018907546997,0.00012191671703476459
2162.9206562269537,0.9999444484710693,0.0001216870077769272
2162.941088005282,1.0001038312911987,0.00012156026787124574
2162.9615197833846,1.0000914335250854,0.00012145157234044746
2162.9819515610216,1.0002763271331787,0.00012130300456192344
2163.0023833384184,1.0001929998397827,0.00012114598939660937
2163.0228151155898,1.000390648841858,0.00012092740507796407
2163.043246992296,1.0006802082061768,0.00012064544716849923
2163.063678668528,1.0010510683059692,0.00012041087029501796
2163.0841104445353,1.0006829500198364,0.00012009761849185452
2163.1045423203104,1.000641942024231,0.0001198239770019427
2163.124973995611,1.000532627105713,0.00011946280574193224
2163.1862693194344,0.9994450211524963,0.00012240174692124128
2163.206701093346,0.9996386766433716,0.0001223369181388989
2163.2271329670257,0.9999170303344727,0.00012229569256305695
2163.247564640231,0.9998526573181152,0.00012225743557792157
2163.267996413211,0.999912679195404,0.00012220890494063497
2163.2884282857267,0.9995032548904419,0.00012217163748573512
2163.3088599580005,0.99949049949646,0.00012207731197122484
2163.3292917298168,0.9997122883796692,0.0001220185513375327
2163.349723601401,1.0000534057617188,0.00012189208064228296
2163.3701553725114,0.9997159242630005,0.00012175062147434801
2163.3905870433955,0.9999743103981018,0.0001216164673678577
2163.4110189138155,1.0000652074813843,0.00012150461407145485
2163.4314506839946,1.0002042055130005,0.00012136263103457168
2163.4518823539474,1.0001991987228394,0.000121244192996528
2163.4723142232033,1.0002942085266113,0.00012108478404115885
2163.492745992451,1.0005905628204346,0.00012091437383787706
2163.5131776612398,1.0006227493286133,0.00012065754708601162
2163.533609529797,1.0006948709487915,0.00012048452481394634
2163.5540412978808,1.000437617301941,0.00012023753515677527
2163.574473165507,1.0005632638931274,0.00011992971121799201
2163.5949048331313,1.0002391338348389,0.00011951320630032569
2163.615336600051,0.9999549388885498,0.00011896098294528201
2163.6357683669776,0.9998408555984497,0.00011830691801151261
2163.6970636651895,0.9997344613075256,0.0001217055760207586
2163.7174954304865,0.9997143149375916,0.00012161547056166455
2163.7379271955433,1.0000982284545898,0.00012151854753028601
2163.758358960142,0.9996886849403381,0.00012138230522396043
2163.7787907245074,1.0000603199005127,0.00012128478556405753
2163.799222488633,1.000301718711853,0.00012121451436541975
2163.8196542523,1.0002262592315674,0.0001210798291140236
2163.840086015727,1.000343680381775,0.00012095001147827134
2163.860517778696,1.000313401222229,0.00012070799857610837
2163.8809496414324,1.0006071329116821,0.0001204952786793001
2163.921813065732,0.9996554255485535,0.00012240081559866667
2163.942244927537,0.9997222423553467,0.0001223580038640648
2163.962676588868,0.9996280670166016,0.00012226495891809464
2163.983108349741,0.999714732170105,0.00012220621283631772
2164.003540210382,0.9989063143730164,0.00012210023123770952
2164.023971870789,0.9995622634887695,0.00012197918113088235
2164.0444036307235,0.9998195171356201,0.00012191336281830445
2164.0648354904333,0.9997000098228455,0.00012182280624983832
2164.0852671499015,1.0001128911972046,0.0001216993696289137
2164.105698908912,1.0000479221343994,0.00012152191629866138
2164.1261307674577,1.0000792741775513,0.0001214069634443149
2164.146562425769,1.0000898838043213,0.00012133158452343196
2164.1669942838416,0.9999037981033325,0.00012117222649976611
2164.187426041455,1.000354528427124,0.00012100959429517388
2164.2078577988286,1.0002321004867554,0.00012082160537829623
2164.2282895557437,1.0005264282226562,0.0001206539964186959
2164.248721312426,1.0003032684326172,0.00012037427950417623
2164.269153068635,1.0005037784576416,0.00012015564425382763
2164.2895849246197,1.000487208366394,0.00011997245019301772
2164.31001658037,1.0001174211502075,0.00011965942394454032
2164.330448335648,1.0001120567321777,0.00011936718510696664
2164.350880190701,1.0000380277633667,0.00011901921971002594
2164.371311845287,0.999839723110199,0.00011864187399623916
2164.412175353522,0.9994230270385742,0.00012231638538651168
2164.43260710741,0.9993623495101929,0.0001222594000864774
2164.4530388605926,0.9995558857917786,0.0001222545834025368
2164.4734706135496,0.9995340704917908,0.00012221551151014864
2164.4939023662737,0.9991594552993774,0.00012212389265187085
2164.514334018764,0.9994900822639465,0.00012208327825646847
2164.5347658707833,0.9994485974311829,0.00012205077655380592
2164.5551976223433,0.9994778633117676,0.00012197324394946918
2164.575629373663,0.9991508722305298,0.00012181318743387237
2164.5960611247574,0.9994243383407593,0.00012171611888334155
2164.616492875386,0.9996930956840515,0.00012168141984147951
2164.718651723859,0.9998421669006348,0.00012137748854001984
2164.739083372624,0.9996369481086731,0.00012141576007707044
2164.7595152211507,0.9999316930770874,0.00012139508908148855
2164.779946969218,0.9997510313987732,0.00012140291801188141
2164.800378616819,0.9998936057090759,0.00012122756743337959
2164.8208104641817,0.9999768733978271,0.000120973440061789
2164.841242211318,1.0003554821014404,0.00012066366616636515
2164.9025374506236,0.9992913603782654,0.00012254828470759094
2164.922969096362,0.9994595646858215,0.0001225799642270431
2164.943400941862,0.9991764426231384,0.00012249597057234496
2164.9638326869026,0.9994235038757324,0.000122478959383443
2164.9842643317097,0.9995779395103455,0.000122503683087416
2165.0046961762782,0.9994178414344788,0.00012245384277775884
2165.0251279203876,0.9993613958358765,0.00012244904064573348
2165.045559664264,0.9996577501296997,0.000122428173199296
2165.0659914076678,0.999745786190033,0.00012241207878105342
2165.086423150846,0.9997810125350952,0.00012236382463015616
2165.106854893791,0.9997776746749878,0.000122297162306495
2165.1272866362633,0.9994353652000427,0.0001222737628268078
2165.14771837851,0.9996649026870728,0.00012217569747008383
2165.168150120524,0.9993990659713745,0.00012205934763187543
2165.1885819620657,0.9997175931930542,0.00012195116869406775
2165.2090136031475,0.9996247887611389,0.00012174761650385335
2165.229445444231,0.9996337890625,0.00012159544712631032
2165.2498770848397,0.9996499419212341,0.00012142024206696078
2165.270308824991,1.000003457069397,0.00012125680223107338
2165.290740664903,0.9998363852500916,0.00012102720211260021
2165.3111723045877,0.9999671578407288,0.00012081655586371198
2165.3316040438076,1.0004626512527466,0.00012070592492818832
2165.3520358827955,1.000361442565918,0.00012048309145029634
2165.3928992598303,0.9993125796318054,0.00012258280185051262
2165.4133310978796,0.9994713068008423,0.00012259342474862933
2165.4337627357017,0.9995374083518982,0.00012256113404873759
2165.454194473059,0.9990813732147217,0.0001225778687512502
2165.4746263101842,0.9992830753326416,0.0001225098385475576
2165.495057946835,0.9992508292198181,0.00012250883446540684
2165.515489683261,0.9993351101875305,0.00012247053382452577
2165.5359215194476,0.9996088147163391,0.00012248072016518563
2165.556353255175,0.9995651841163635,0.00012235561734996736
2165.576784890669,0.999441385269165,0.00012239233183208853
2165.5972167256987,0.9994099736213684,0.00012223288649693131
2165.63808009505,0.9994877576828003,0.00012248835992068052
2165.658511929374,0.9992768168449402,0.0001225884770974517
2165.678943663239,0.9994813203811646,0.00012253934983164072
2165.6993752966373,0.9993099570274353,0.0001225547312060371
2165.719807130037,0.9994714856147766,0.00012260569201316684
2165.7402388629635,0.9992392063140869,0.00012250857253093272
2165.760670695432,0.9993014335632324,0.00012255327601451427
2165.781102327892,0.9992157816886902,0.00012251485895831138
2165.801534059894,0.9991269111633301,0.00012253048771526664
2165.8219658914313,0.9992592334747314,0.00012249867722857744
2165.8423975227342,0.9993454217910767,0.00012251375301275402
2165.862829253798,0.9994598031044006,0.00012249192513991147
2165.883260984636,0.9997274875640869,0.00012251951557118446
2165.903692715001,0.9996802806854248,0.00012247166887391359
2165.9241244449076,0.9995448589324951,0.00012243748642504215
2165.9445561748144,0.9996531009674072,0.00012241513468325138
2165.964987904248,0.9995317459106445,0.00012233600136823952
2165.9854196334563,0.9994348287582397,0.0001222541613969952
2166.005851362199,0.9995356798171997,0.000122174242278561
2166.0262830907013,0.9994155168533325,0.0001221185812028125
2166.046714818978,0.9994174242019653,0.00012201008212286979
2166.06714664679,0.9996069073677063,0.00012197824253235012
2166.0875782743606,0.9996688365936279,0.00012183641229057685
2166.108010001706,0.9996024966239929,0.00012168581451987848
2166.128441828587,0.9995909333229065,0.00012155441072536632
2166.148873455226,0.9998969435691833,0.00012145194341428578
2166.16930518164,0.9997840523719788,0.00012130463437642902
2166.1897370075894,1.0000641345977783,0.00012118728773202747
2166.210168633297,1.0000333786010742,0.00012109477393096313
2166.2306003585472,1.0001802444458008,0.00012092269025743008
2166.251032183798,0.9997407793998718,0.00012076503480784595
2166.2714638085745,1.0001991987228394,0.00012062246241839603
2166.291895632894,1.000433087348938,0.00012054174294462427
2166.31232735698,1.0002654790878296,0.000120341224828735
2166.332758980825,1.0000661611557007,0.0001200274346047081
2166.3736225276007,0.9993674159049988,0.00012251691077835858
2166.394054250515,0.9994418025016785,0.00012248425628058612
2166.414485973204,1.000043511390686,0.00012241113290656358
2166.4349176954274,0.999255359172821,0.00012231996515765786
2166.4553494174106,0.9994558691978455,0.0001222150312969461
2166.4757811391682,0.9993062019348145,0.00012213326408527792
2166.49621286046,0.9995511174201965,0.00012200739001855254
2166.516644581512,0.999342679977417,0.00012188572873128578
2166.537076402339,0.9996191263198853,0.00012174412404419854
2166.557508022699,0.9994534254074097,0.00012167556269560009
2166.5779397428196,0.9997556805610657,0.00012144101492594928
2166.5983715627153,0.9995478987693787,0.00012131214316468686
2166.618803182144,0.9998221397399902,0.00012131618132116273
2166.639234901333,0.9998354911804199,0.00012110858369851485
2166.659666620297,0.9999902248382568,0.00012083576439181343
2166.680098338795,0.9999415874481201,0.00012051254452671856
2166.7005300570527,1.0001509189605713,0.0001202613057103008
2166.720961775085,1.0000660419464111,0.00012004785821773112
2166.7413934928845,0.9999199509620667,0.00011978011025348678
2166.761825210211,0.9997233152389526,0.0001193124262499623
2166.782256927312,0.9994221925735474,0.00011872471804963425
2166.8026886439475,0.999499499797821,0.00011802845256170258
2166.8231204603435,0.9995784163475037,0.00011699660535668954
2166.8639837924493,0.9994493722915649,0.00012201402569189668
2166.884415607914,0.9994077682495117,0.0001217656463268213
2166.9048473231524,0.9993434548377991,0.00012153731222497299
2166.925278938157,0.9995038509368896,0.00012127115769544616
2166.9457107526905,1.0000072717666626,0.00012109322415199131
2166.9661424672304,1.000001072883606,0.00012081040040357038
2166.986574081071,1.0001060962677002,0.00012043313472531736
2167.007005894906,1.0003870725631714,0.00012016974505968392
2167.0274376082816,0.9997716546058655,0.00011981178977293894
2167.0478692214238,0.9999306797981262,0.00011938020907109603
2167.0683010343273,0.999401867389679,0.00011876567441504449
2167.1091643589825,0.9994156360626221,0.00012234684254508466
2167.1295961709548,0.9993113279342651,0.000122186858789064
2167.150027882468,0.9993112683296204,0.00012198867625556886
2167.1704594937473,0.9996358156204224,0.00012206291285110638
2167.1908913047882,0.9994111657142639,0.00012188962864456698
2167.211323015603,0.9995609521865845,0.00012172037531854585
2167.2317547259445,0.9999123811721802,0.0001215217198478058
2167.2521864360606,0.9999168515205383,0.00012125501234550029
2167.272618145944,1.0002973079681396,0.00012099066952941939
2167.2930498553615,1.0000889301300049,0.00012075719860149547
2167.313481564539,0.9998347759246826,0.00012043962487950921
2167.3543450819707,0.9994034171104431,0.00012266234261915088
2167.374776690456,0.9990844130516052,0.0001226284948643297
2167.395208398477,0.9995622634887695,0.00012266064004506916
2167.4156402060253,0.9998064637184143,0.00012263945245649666
2167.4360718135795,0.9992018938064575,0.00012263479584362358
2167.456503520669,0.9992824196815491,0.0001226285530719906
2167.4769353275187,0.9984457492828369,0.00012263207463547587
2167.55866205191,0.9980205297470093,0.00012260548828635365
2167.5995255621237,0.999530553817749,0.00012246232654433697
2167.619957166884,0.9991800785064697,0.0001223464059876278
2167.640388871412,0.999213457107544,0.00012222091027069837
2167.660820675468,0.9991451501846313,0.0001221509592141956
2167.68125227953,0.9993929862976074,0.00012199385673739016
2167.701683982894,0.9994678497314453,0.00012183518265374005
2167.7221157862514,0.9997852444648743,0.00012171125854365528
2167.7425474891497,0.9999199509620667,0.00012153961870353669
2167.7629790918145,0.9999023079872131,0.00012129489186918363
2167.7834108942407,1.000230312347412,0.0001211309790960513
2167.8038425964405,1.0001085996627808,0.00012091380631318316
2167.844705999669,0.9995567202568054,0.00012250634608790278
2167.8651377009373,0.9994494915008545,0.00012233659799676389
2167.885569501741,0.9998395442962646,0.00012224003148730844
2167.906001102536,0.9998513460159302,0.0001221046259161085
2167.926432802873,0.999746561050415,0.00012192127906018868
2167.946864602978,0.9997977018356323,0.00012178361794212833
2167.967296202609,0.9998165965080261,0.00012160825281171128
2167.9877279020147,0.9998366832733154,0.00012133498239563778
2168.0081597011886,1.0000197887420654,0.0001210358677781187
2168.0285913001208,1.00001859664917,0.00012079388397978619
2168.049022998828,1.000035047531128,0.00012052063539158553
2168.0898863950715,0.9996230006217957,0.00012227380648255348
2168.1103180928476,0.9995189309120178,0.00012210728891659528
2168.130749790158,0.9997228384017944,0.00012195970339234918
2168.1511814872283,0.9997701048851013,0.0001218247416545637
2168.171613184073,0.9999191761016846,0.00012162030179752037
2168.192044880685,0.9999325275421143,0.00012140960461692885
2168.212476577057,1.0001002550125122,0.00012118963059037924
2168.2329082729702,1.0000901222229004,0.00012093877739971504
2168.2533400686516,0.9999400973320007,0.00012066350609529763
2168.2737716640913,1.0000410079956055,0.00012031966616632417
2168.2942033593063,1.0002204179763794,0.0001199408870888874
2168.3350669485662,0.9996692538261414,0.00012237524788361043
2168.35549864285,0.9994330406188965,0.00012224273814354092
2168.375930436894,0.9996180534362793,0.00012200355558888987
2168.3963621304792,0.9996821880340576,0.00012186593085061759
2168.4167939238323,0.9998164772987366,0.00012166103260824457
2168.4372255169437,1.0000669956207275,0.00012148984387749806
2168.4576572098304,0.9999508857727051,0.00012121874169679359
2168.478089002252,1.0001574754714966,0.00012098708975827321
2168.498520594665,1.0001590251922607,0.00012070367665728554
2168.5189522866203,1.0000028610229492,0.00012039084685966372
2168.5393840781107,1.0000334978103638,0.00012000182323390618
2168.5802473606163,0.9994195699691772,0.00012270078877918422
2168.600679151641,0.999571681022644,0.0001226921012857929
2168.6211108419593,0.9997057318687439,0.00012263451935723424
2168.641542432284,0.9996864199638367,0.00012250254803802818
2168.66197422237,0.9994936585426331,0.00012238160707056522
2168.682405911997,0.9997692108154297,0.0001222866849275306
2168.7028375013906,0.999630868434906,0.00012211206194479018
2168.7232692905527,0.9997769594192505,0.00012196174793643877
2168.743700979474,0.9996618628501892,0.00012181342026451603
2168.764132567936,0.9998732805252075,0.0001216092350659892
2168.7845643561595,1.0000381469726562,0.00012128789239795879
2168.8254276319203,0.9994646310806274,0.00012268857972230762
2168.84585941922,0.9996169209480286,0.00012273680476937443
2168.8662910065104,0.9998613595962524,0.00012270639126654714
2168.8867226933435,0.9996742010116577,0.0001226367021445185
2168.907154479937,0.9998490214347839,0.00012255246110726148
2168.927586066304,0.9997157454490662,0.0001223691360792145
2168.9480178522062,0.9995236396789551,0.000122252429719083
2168.968449537875,0.9997026324272156,0.00012198406329844147
2168.988881123536,0.9998648166656494,0.00012181606143712997
2169.00931290874,0.9998748898506165,0.00012151174450991675
2169.0297445934702,0.9997523427009583,0.00012119750317651778
2169.0706079624797,0.9995748996734619,0.00012274090840946883
2169.0910396465188,0.9996618628501892,0.00012271733430679888
2169.1114713303177,0.999618411064148,0.00012264048564247787
2169.131903013891,1.0000441074371338,0.00012261554365977645
2169.1523346969916,0.9997587203979492,0.0001224896259373054
2169.1727663800993,0.9996589422225952,0.00012238776253070682
2169.193198162742,0.9993676543235779,0.00012226158287376165
2169.2136297451507,0.9998475313186646,0.00012208141561131924
2169.23406142732,0.9996465444564819,0.00012191089626867324
2169.2544932090314,0.9995048642158508,0.00012160875485278666
2169.274924790734,1.0000334978103638,0.00012130330287618563
2169.315788252992,0.9993551969528198,0.0001227261236635968
2169.336219833771,0.9999318718910217,0.00012276168854441494
2169.3566515140774,0.9999818205833435,0.00012271520972717553
2169.377083294392,0.9998764991760254,0.00012264879478607327
2169.397514874232,0.9995633363723755,0.0001225563755724579
2169.417946653848,0.9997265338897705,0.00012234997120685875
2169.4383783332305,0.9995753169059753,0.00012227984552737325
2169.458810012373,0.9996259212493896,0.0001221373095177114
2169.479241691057,0.9996751546859741,0.00012196174066048115
2169.49967326974,0.9997640252113342,0.00012173025606898591
2169.520105047952,1.0001028776168823,0.00012142228661105037
2169.56096840369,0.9992834329605103,0.00012249225983396173
2169.581399981209,0.9996488690376282,0.00012235161557327956
2169.6018317582566,0.999810516834259,0.00012230001448187977
2169.6222634353107,0.9999328851699829,0.00012213106674607843
2169.642695011891,0.9996028542518616,0.00012199016055092216
2169.6631267882476,0.9997782707214355,0.00012190669804112986
2169.6835584643704,0.9996936917304993,0.00012168636021669954
2169.703990040027,0.9999944567680359,0.00012147361121606082
2169.7244218156775,1.000325322151184,0.00012123580381739885
2169.744853490869,0.9998406171798706,0.00012088225776096806
2169.7652850658196,0.9998188018798828,0.0001205563239636831
2169.8061485150392,0.999566376209259,0.0001227243774337694
2169.8265800892987,0.9998272061347961,0.0001228752953466028
2169.8470118630867,0.999504029750824,0.00012263319513294846
2169.867443536881,0.9997802376747131,0.00012250371219124645
2169.8878753102035,0.9993759393692017,0.0001224161242134869
2169.908306883299,0.9993319511413574,0.0001222589344251901
2169.928738556162,0.9995546936988831,0.00012209963460918516
2169.949170328553,0.999485433101654,0.00012195869203424081
2169.96960190095,0.999896228313446,0.00012169725232524797
2169.9900335728817,1.000011920928955,0.00012142062041675672
2170.010465344807,0.9997471570968628,0.00012117250298615545
2170.051328587506,0.9993258714675903,0.0001228285691468045
2170.071760358267,0.9995288848876953,0.00012279421207495034
2170.092192029035,0.9995725750923157,0.00012277689529582858
2170.112623599569,0.9997127056121826,0.00012277708447072655
2170.1330553696316,0.9995970129966736,0.00012271804735064507
2170.153487039468,0.9994835257530212,0.00012261277879588306
2170.173918609071,0.9997591972351074,0.0001225122541654855
2170.194350378435,0.9995852708816528,0.00012235534086357802
2170.214782047573,0.999484658241272,0.00012215379683766514
2170.2352136164773,0.999563992023468,0.00012201095523778349
2170.25564538491,0.9998366236686707,0.00012184646766399965
2170.2965086213226,0.9993001222610474,0.00012280434020794928
2170.316940389057,0.9994227886199951,0.00012285895354580134
2170.419098723796,0.9998394250869751,0.0001227520260727033
2170.439530390133,0.9998384118080139,0.00012271116429474205
2170.459962056011,0.9996194243431091,0.00012263595999684185
2170.4803937216566,0.9996253252029419,0.00012247197446413338
2170.500825387062,0.9994913339614868,0.00012232530571054667
2170.5212570522417,0.9996874332427979,0.00012212630826979876
2170.5416888169566,0.9996121525764465,0.0001219470941578038
2170.5621203816627,0.999718964099884,0.00012172466813353822
2170.582552045911,0.9999573826789856,0.00012153298303019255
2170.602983810153,0.99976646900177,0.00012121020699851215
2170.623415373935,0.9996917247772217,0.00012090846576029435
2170.643847037485,0.9997510313987732,0.00012065695773344487
2170.664278800803,0.9997849464416504,0.00012028130004182458
2170.6847103638793,0.9994528293609619,0.00011966539750574157
2170.705142026498,0.999214231967926,0.00011875175550812855
2170.72557378911,0.9995476007461548,0.00011761362111428753
2170.7460053512623,0.9998345971107483,0.00011601304140640423
2170.786868775096,0.9996067881584167,0.00012236331531312317
2170.80730033655,0.9995554685592651,0.0001222419523401186
2170.8277319977715,0.9996692538261414,0.00012207351392135024
2170.848163758754,0.9996923208236694,0.00012185971718281507
2170.86859541951,0.9994272589683533,0.00012161192717030644
2170.8890270798,1.0000295639038086,0.0001214826334035024
2170.909458740083,0.9993667006492615,0.00012122148473281413
2170.929890399908,0.999807596206665,0.0001209144975291565
2170.9503220597326,0.9997565746307373,0.00012055614934070036
2170.9707537190843,0.9994484782218933,0.00012010710634058341
2170.9911852782097,0.9994422197341919,0.00011945902951993048
2171.032048695757,0.999851644039154,0.0001227517641382292
2171.052480254184,0.9998910427093506,0.0001227198081323877
2171.0729120123797,0.9997150301933289,0.0001226198801305145
2171.0933436701016,0.9996131658554077,0.0001225100422743708
2171.11377522783,0.9997398853302002,0.00012233841698616743
2171.1342069850944,0.9996626973152161,0.00012211479770485312
2171.1546386423506,0.9997026920318604,0.00012189769768156111
2171.1750701991477,0.9994925260543823,0.00012163291830802336
2171.1955019557136,0.999608039855957,0.00012136294390074909
2171.2159336120385,0.9995906352996826,0.0001209537367685698
2171.236365268138,0.9998697638511658,0.00012056324339937419
2171.277228579631,0.9997305870056152,0.00012288188736420125
2171.297660235032,1.000051736831665,0.00012285071716178209
2171.3180918902,1.0000702142715454,0.0001227843895321712
2171.338523544895,0.9994916319847107,0.00012272204912733287
2171.358955299598,0.9996378421783447,0.00012266232806723565
2171.379386953835,0.9996866583824158,0.0001225849409820512
2171.399818507831,0.9995148777961731,0.0001225016894750297
2171.4202502618355,0.9995474815368652,0.00012236433394718915
2171.4406819153737,0.9993144869804382,0.00012226846592966467
2171.461113468671,0.9996578693389893,0.00012211383727844805
2171.4815452217445,0.9998164176940918,0.00012195445742690936
2171.522408427183,1.0001163482666016,0.0001228664768859744
2171.542840179325,0.9999129772186279,0.00012284515833016485
2171.5632718314664,0.9998539686203003,0.00012280305963940918
2171.583703383367,0.9998379945755005,0.00012277868518140167
2171.6041351348103,0.9997299909591675,0.00012276221241336316
2171.624566786253,0.9995952844619751,0.00012270109436940402
2171.644998337222,0.999636709690094,0.00012262561358511448
2171.6654300882,0.9995431303977966,0.00012247350241523236
2171.6858617387115,0.9998661279678345,0.00012234828318469226
2171.706293288982,0.9997062683105469,0.0001222460123244673
2171.7267250390287,0.9995309114456177,0.00012212226283736527
2171.7471566888416,0.9994180798530579,0.00012198053445899859
2171.7675882384137,0.9998906850814819,0.00012190935376565903
2171.788019987762,0.9996468424797058,0.00012175658048363402
2171.8084516368763,0.999833345413208,0.00012154458090662956
2171.8288832857506,0.9997631311416626,0.00012130167306168005
2171.8493149343994,0.9998255968093872,0.00012103283370379359
2171.8697465825826,0.9998481273651123,0.00012078686995664611
2171.8901782307585,0.9994851350784302,0.0001204393120133318
2171.910609878709,0.9995935559272766,0.00012007617624476552
2171.9310415261934,0.9993202686309814,0.00011958597315242514
2171.9514732736716,0.9989969730377197,0.00011899385572178289
2171.97190482069,0.9991647005081177,0.0001181844127131626
2172.0127682142556,1.0000221729278564,0.00012283540854696184
2172.0331997605754,0.9998535513877869,0.0001228498585987836
2172.053631406663,0.9997029304504395,0.00012271845480427146
2172.074063152744,0.9998230338096619,0.00012264083488844335
2172.0944946983655,0.9998012185096741,0.00012254543253220618
2172.1149263437546,0.9995582103729248,0.0001223918079631403
2172.1353580889045,0.9995118379592896,0.00012230653373990208
2172.155789633827,0.999339759349823,0.00012208854604978114
2172.176221278518,0.9994165301322937,0.00012196165334898978
2172.1966530229693,0.9998773336410522,0.00012179237819509581
2172.2170846671943,0.9999334216117859,0.0001215601441799663
2172.2579479547057,0.9994677901268005,0.00012293657346162945
2172.2783795982323,0.9998020529747009,0.00012291473103687167
2172.2988112415187,1.000013828277588,0.00012295150372665375
2172.3192428845796,0.9998528957366943,0.00012290821177884936
2172.339674527175,0.9999303817749023,0.00012291724851820618
2172.36010616977,0.9998757243156433,0.00012287753634154797
2172.380537812125,0.9998539090156555,0.00012289085134398192
2172.400969454022,0.999868631362915,0.0001227450993610546
2172.4214010959113,1.0001087188720703,0.00012266458361409605
2172.4418327373423,0.999424397945404,0.00012256568879820406
2172.4622643787734,0.999530017375946,0.00012243464880157262
2172.482696019739,0.999417781829834,0.0001223410217789933
2172.503127660697,0.999792218208313,0.00012218623305670917
2172.523559201196,0.999624490737915,0.00012203529331600294
2172.5439909414563,0.9994521141052246,0.00012185898958705366
2172.564422581723,0.999851644039154,0.00012161366612417623
2172.5848542215244,0.9998058676719666,0.0001213763898704201
2172.605285861093,0.9999364614486694,0.00012115846038796008
2172.625717500654,0.9997959733009338,0.00012084285845048726
2172.6461491397567,0.9996959567070007,0.00012057773710694164
2172.6665807786194,0.9998489022254944,0.00012022301962133497
2172.6870124172565,0.9994503855705261,0.00011969610932283103
2172.7074441558943,0.9990014433860779,0.00011911150795640424
2172.7483073319963,0.999626100063324,0.00012290406448300928
2172.768739069703,0.9997132420539856,0.00012293948384467512
2172.7891707071685,0.9999039769172668,0.0001229812332894653
2172.8096022446407,0.9998570084571838,0.00012289341248106211
2172.8300339816487,0.9997569918632507,0.00012284234981052577
2172.850465618416,0.9995800256729126,0.00012273508764337748
2172.8708971549568,1.0000580549240112,0.00012265473196748644
2172.8913288912663,0.9996712803840637,0.00012249221617821604
2172.911760527335,0.999677836894989,0.00012238141789566725
2172.93219206341,0.9996399879455566,0.00012224659440107644
2172.9526237990212,0.9995762705802917,0.0001220713893417269
2172.9730554343914,0.9995816349983215,0.00012192182475700974
2172.9934869695353,0.9996522665023804,0.00012174926814623177
2173.013918704448,0.9996095299720764,0.00012154768774053082
2173.0343503391196,0.9995388388633728,0.00012128172966185957
2173.0547819735657,0.9998186230659485,0.00012105180212529376
2173.075213607779,0.9996939301490784,0.00012081229215255007
2173.095645241985,0.9996603727340698,0.00012051039084326476
2173.1160768757327,1.0002386569976807,0.00012018740380881354
2173.1365085092475,0.9990682005882263,0.00011965429439442232
2173.156940142522,0.9991074204444885,0.00011879047815455124
2173.1773717755714,0.9982410073280334,0.00011781635839724913
2173.2590983056652,0.9988250732421875,0.0001227840402862057
2173.279529937543,0.999580442905426,0.0001226908207172528
2173.299961669196,0.9998182058334351,0.00012263399548828602
2173.3203932008473,0.9996286630630493,0.00012244719255249947
2173.3408248320266,0.9997724294662476,0.00012232843437232077
2173.361256562981,0.9996275305747986,0.00012218613119330257
2173.381688093934,0.9992445707321167,0.00012200992205180228
2173.4021197244147,0.9997006058692932,0.00012187561515020207
2173.4225514546706,0.999678373336792,0.00012162780330982059
2173.442982984925,0.9998543858528137,0.00012145366781624034
2173.4838463444976,0.9998047947883606,0.0001226486638188362
2173.5042778738207,0.9997971653938293,0.00012246437836438417
2173.5247095031373,0.9997159242630005,0.00012235103349667042
2173.5451412319962,0.9993135929107666,0.0001221953862113878
2173.5655727608537,0.9994011521339417,0.00012213719310238957
2173.5860044892397,0.9994163513183594,0.00012192968279123306
2173.6064361176323,0.9997232556343079,0.0001217367680510506
2173.626867745552,0.9995273947715759,0.00012161397171439603
2173.6472993734787,0.9993799328804016,0.00012142672494519502
2173.667731001173,0.9994968771934509,0.00012125868670409545
2173.688162628401,1.000111699104309,0.00012103110202588141
2173.729025882618,0.9997785091400146,0.00012301620154175907
2173.7494575093733,1.0002456903457642,0.00012301334936637431
2173.769889235904,1.0001856088638306,0.00012295375927351415
2173.7903207622003,0.9996902942657471,0.00012295064516365528
2173.8107523882645,0.9998003244400024,0.00012291446910239756
2173.8311841140894,0.9995012283325195,0.00012288513244129717
2173.851615639687,0.9997742772102356,0.00012283578689675778
2173.8720472650457,0.9997089505195618,0.0001227255997946486
2173.8924788901786,0.9996612071990967,0.000122703451779671
2173.9129105150787,0.9996433854103088,0.00012264472024980932
2173.933342039745,0.9993511438369751,0.0001225661108037457
2173.953773764406,0.9994680881500244,0.00012242072261869907
2173.9742053886075,0.9993133544921875,0.00012231820437591523
2173.9946371125698,0.999608039855957,0.0001222038408741355
2174.0150686365378,0.9994320273399353,0.00012205161328893155
2174.035500260041,1.0011261701583862,0.00012195856834296137
2174.0559319835374,0.9995050430297852,0.00012169268302386627
2174.0763636068077,0.9995757937431335,0.00012149267422500998
2174.0967951296116,0.9997157454490662,0.00012127011723350734
2174.1172268524097,0.9997574687004089,0.00012110934767406434
2174.1376584749814,0.9996222853660583,0.00012089388474123552
2174.1580899973196,0.9995703101158142,0.00012066003546351567
2174.178521719419,0.9994670748710632,0.00012017785775242373
2174.219384862932,1.0000839233398438,0.00012292129395063967
2174.2398165843333,0.9993937015533447,0.000122831275803037
2174.260248205508,0.9995477199554443,0.0001227180182468146
2174.2806797264493,0.9994785785675049,0.00012257650087121874
2174.301111447152,0.9992856979370117,0.00012245973630342633
2174.321543067861,0.9994479417800903,0.0001223379367729649
2174.3419745881038,0.9993546009063721,0.00012222732766531408
2174.3624063083407,0.9993948936462402,0.00012207156396470964
2174.3828379281185,0.9998272061347961,0.00012179626355646178
2174.4032694478956,0.9997807145118713,0.00012164846702944487
2174.423701167434,0.9995312094688416,0.00012139411410316825
2174.4645645055934,0.99981689453125,0.0001230616180691868
2174.484996024432,1.0002657175064087,0.00012310057354625314
2174.5054276430456,1.0000547170639038,0.00012306985445320606
2174.5258592614264,0.9999932050704956,0.00012298002548050135
2174.546290979568,0.999796986579895,0.0001229673798661679
2174.566722497715,0.9997017979621887,0.00012289918959140778
2174.5871541153974,0.9994924068450928,0.00012284332478884608
2174.6075857328397,0.9995964169502258,0.00012269393482711166
2174.628017350289,0.9994749426841736,0.00012259687355253845
2174.6484490675066,0.9998852014541626,0.00012248575512785465
2174.6688805842496,0.9995801448822021,0.00012229989806655794
2174.6893122010006,0.9995362758636475,0.00012218832853250206
2174.7097439175195,0.9996156096458435,0.00012201679055579007
2174.730175433797,0.9997344613075256,0.00012180340854683891
2174.7506070498494,0.9997870922088623,0.00012161061022197828
2174.77103876567,0.9995396137237549,0.00012136933219153434
2174.7914702812486,0.9994034171104431,0.00012105319183319807
2174.8119018968355,0.9995434880256653,0.00012070711818523705
2174.8323336119574,0.9994592070579529,0.0001202527346322313
2174.8527651270706,0.9991832971572876,0.00011967532191192731
2174.873196841727,0.9990533590316772,0.00011876841017510742
2174.8936284563824,0.9991995692253113,0.00011774450831580907
2174.914060070798,0.9996221661567688,0.00011661257303785533
2174.954923298945,0.9995229244232178,0.00012228883861098439
2174.9753549126617,0.9997056722640991,0.00012221673387102783
2174.995786526153,0.999614417552948,0.0001220315316459164
2175.0162181394116,0.9999415874481201,0.00012179581972304732
2175.036649752663,0.9994767904281616,0.00012152709678048268
2175.0570814654566,0.9999310970306396,0.00012118845916120335
2175.0775129782487,0.9998520612716675,0.00012082233297405764
2175.0979445908015,0.999569833278656,0.00012058312859153375
2175.1183763028966,0.9994261264801025,0.00012031965161440894
2175.1388078149903,0.9991690516471863,0.0001198050013044849
2175.1592394268446,0.9989416003227234,0.0001189984250231646
2175.200102650095,0.9999386668205261,0.0001230705966008827
2175.220534261258,0.9997536540031433,0.00012299571244511753
2175.2409659724217,0.9995747804641724,0.00012287686695344746
2175.261397483351,0.9997895359992981,0.00012278335634618998
2175.2818291938092,0.9994772672653198,0.00012261990923434496
2175.302260804274,0.9997554421424866,0.00012253930617589504
2175.3226923144975,0.9997323155403137,0.00012237207556609064
2175.3431240244972,0.9993011355400085,0.00012226277613081038
2175.3635555344954,0.9997662901878357,0.00012213220179546624
2175.3839871440287,0.9998840093612671,0.00012180029443698004
2175.4044188535554,0.9998867511749268,0.00012157304445281625
2175.465713680518,1.0000524520874023,0.00012315833009779453
2175.48614528912,0.9999297857284546,0.00012317982327658683
2175.5065767974884,0.9998414516448975,0.00012312202306929976
2175.527008505618,1.0002779960632324,0.00012313960178289562
2175.5474401137544,0.9997006058692932,0.00012314433115534484
2175.567871621417,1.0001024007797241,0.0001231549249496311
2175.5883033290884,1.000496506690979,0.00012314040213823318
2175.608734936526,1.0001295804977417,0.00012315106869209558
2175.6291664437304,1.0001124143600464,0.00012318071094341576
2175.649598150696,1.0001400709152222,0.0001230471534654498
2175.6700297574353,1.0003621578216553,0.0001230453490279615
2175.690461464168,1.0000420808792114,0.00012303200492169708
2175.710892970441,0.9998107552528381,0.00012299935042392462
2175.751756282516,0.999765157699585,0.0001229569606948644
2175.772187788323,0.9996117949485779,0.00012286720448173583
2175.792619394131,0.9999899864196777,0.00012277220957912505
2175.813051099467,0.9997593760490417,0.00012269378930795938
2175.8334826045757,0.9993484616279602,0.00012262671953067183
2175.853914209685,0.9994029998779297,0.00012253830209374428
2175.8743459143225,1.0002037286758423,0.00012251055159140378
2175.8947775189663,0.9994491934776306,0.00012244386016391218
2175.9152090233765,0.9995534420013428,0.0001223357830895111
2175.935640727548,0.9996086359024048,0.00012217691983096302
2175.9560723317263,0.9996474385261536,0.0001220210688188672
2175.976503835438,0.9998894333839417,0.0001218651668750681
2175.996935539144,0.9998561143875122,0.00012174460425740108
2176.017367042623,0.9995347857475281,0.00012157682067481801
2176.099093554207,0.9973899722099304,0.00012065602641087025
2176.119525156748,0.9994266629219055,0.00012040844740113243
2176.1399566590626,0.9994672536849976,0.00011986990284640342
2176.180819962756,0.9995808601379395,0.0001226997992489487
2176.201251464605,0.9996545910835266,0.0001226314197992906
2176.22168316599,0.9995014071464539,0.0001224671141244471
2176.2421147673667,0.9996669292449951,0.00012236033217050135
2176.2625462682845,1.000313401222229,0.00012220791541039944
2176.282977969204,0.9996135830879211,0.0001220159902004525
2176.303409569882,0.9999174475669861,0.0001218020697706379
2176.323841170568,0.9994291663169861,0.00012162268103566021
2176.344272770788,0.9994243383407593,0.00012132863776059821
2176.3647043710007,0.9995372891426086,0.00012096401042072102
2176.385135970988,0.9994608759880066,0.00012072442768840119
2176.4259991702565,0.9998496174812317,0.00012297755165491253
2176.4464307695453,0.9997804164886475,0.00012287641584407538
2176.466862468602,0.9999971985816956,0.00012277853966224939
2176.4872939676497,0.9998898506164551,0.00012268003774806857
2176.5077256667064,0.9996364116668701,0.00012251542648300529
2176.5281572652893,0.9996746182441711,0.00012240168871358037
2176.548588763646,0.9998164176940918,0.00012225459795445204
2176.569020462004,0.9993563890457153,0.00012206457904540002
2176.589452059896,0.9997638463973999,0.00012192069698357955
2176.6098835577795,0.9998903870582581,0.00012177284224890172
2176.630315255439,0.9996067881584167,0.00012151405826443806
2176.6711783502833,1.0004222393035889,0.00012321004760451615
2176.6916100472445,0.9997571706771851,0.00012325956777203828
2176.712041644205,1.0000677108764648,0.00012325641000643373
2176.7324731409244,0.9999994039535522,0.00012323955888859928
2176.75290483742,1.0002620220184326,0.00012312221224419773
2176.773336333681,0.9999455213546753,0.00012310914462432265
2176.7937679299357,0.9999646544456482,0.00012305405107326806
2176.8141996259656,0.9999130964279175,0.00012298139336053282
2176.834631221762,0.9998433589935303,0.00012290774611756206
2176.855062717317,0.9998711347579956,0.00012284722470212728
2176.8754944126485,0.9994993805885315,0.00012272434832993895
2176.895926007972,0.9996462464332581,0.00012259349750820547
2176.9163576030696,0.9996419548988342,0.00012242692173458636
2176.9367891979346,0.9996877312660217,0.00012227229308336973
2176.9572207925667,0.9996218681335449,0.00012205402890685946
2176.9776524869594,0.9997702240943909,0.00012187076936243102
2176.998083981358,0.9997648596763611,0.00012159221660112962
2177.0185155752843,0.9994275569915771,0.00012131081166444346
2177.0389472692186,0.9997949600219727,0.00012101641186745837
2177.0593787631515,0.9996917843818665,0.00012064690236002207
2177.0798103566194,0.9993690252304077,0.00012022579176118597
2177.100242050081,0.9996895790100098,0.0001196300217998214
2177.120673543315,0.9994240999221802,0.00011878125224029645
2177.1615368290804,1.000139594078064,0.00012321835674811155
2177.181968321849,1.0002975463867188,0.00012315652566030622
2177.202399914153,0.9999299645423889,0.000123119170893915
2177.22283160645,0.9999739527702332,0.0001230964990099892
2177.2432630987532,1.0001081228256226,0.000123083358630538
2177.263694690584,0.999697744846344,0.000122946803458035
2177.284126382423,0.9997148513793945,0.0001229352637892589
2177.3045579740283,0.9997632503509521,0.0001227936736540869
2177.3249895653935,0.9998131394386292,0.00012270951992832124
2177.345421156533,0.9997187852859497,0.00012255189358256757
2177.3658527476728,0.999359667301178,0.00012243508535902947
2177.4067159290134,0.9996424913406372,0.00012248524581082165
2177.4271475196874,0.999530017375946,0.0001223769795615226
2177.447579209889,0.9995723366737366,0.00012221084034536034
2177.468010700097,1.0000040531158447,0.00012201716162962839
2177.4884422900723,0.9993955492973328,0.00012192896247142926
2177.5088738798077,0.9997456669807434,0.00012187215179437771
2177.5293054695503,0.9998507499694824,0.00012166555097792298
2177.5497369588265,0.9995660781860352,0.00012145833170507103
2177.570168648097,0.9995877146720886,0.0001212014612974599
2177.590600237141,0.9992579817771912,0.00012093874101992697
2177.6110317261846,0.9997521042823792,0.00012079420412192121
2177.651895003335,0.9998943209648132,0.00012308779696468264
2177.6723265916808,0.9997979998588562,0.00012300850357860327
2177.692758180019,0.9996890425682068,0.00012295959459152073
2177.713189767899,0.9996110796928406,0.0001228180481120944
2177.7336214557727,0.9997901320457458,0.00012278764916118234
2177.754052943419,1.0000319480895996,0.00012267535203136504
2177.7744845310663,0.9998421669006348,0.00012265135592315346
2177.7949162182485,0.9998177289962769,0.00012249755673110485
2177.815347805423,0.9994761347770691,0.00012231266009621322
2177.8357792923707,0.9999616742134094,0.00012226217950228602
2177.856210979313,0.9999786615371704,0.0001220754493260756
2177.897074052278,1.0003150701522827,0.0001233803341165185
2177.917505738529,1.0004069805145264,0.00012337045336607844
2177.937937324772,1.00019109249115,0.00012334034545347095
2177.9583688107887,1.0000686645507812,0.00012331346806604415
2177.9788004965667,0.9999029040336609,0.00012328357843216509
2177.9992320821184,1.0001294612884521,0.0001233482762472704
2178.0196635674365,1.0003093481063843,0.0001233123621204868
2178.040095252756,1.0008002519607544,0.00012330398021731526
2178.060526837835,1.0002747774124146,0.00012327944568824023
2178.0809583226874,1.0002799034118652,0.00012328356388024986
2178.101390007534,1.0003410577774048,0.00012326508294790983
2178.1218215921544,1.000251054763794,0.0001233057409990579
2178.142253176542,1.000301718711853,0.0001232500362675637
2178.1626847606967,0.9998434782028198,0.00012320594396442175
2178.183116344844,1.0000840425491333,0.0001231557980645448
2178.203547928766,1.000168800354004,0.0001231342030223459
2178.223979512448,0.9999951720237732,0.00012301432434469461
2178.244411095904,0.9999584555625916,0.0001230077032232657
2178.2648426793603,0.9997597932815552,0.00012286145647522062
2178.2852742625837,0.9998793601989746,0.00012282357783988118
2178.305705845567,0.9996119737625122,0.00012271357991266996
2178.3261374285576,0.9997484087944031,0.00012265857367310673
2178.346569011308,0.999861478805542,0.0001225923770107329
2178.367000593833,0.9996952414512634,0.00012252101441845298
2178.3874322761258,0.9997580647468567,0.00012243651144672185
2178.407863758417,0.9998822808265686,0.00012232104199938476
2178.428295340469,0.9997662901878357,0.0001221855345647782
2178.448727022296,0.9997689723968506,0.0001220315825776197
2178.4691585041146,0.9998031854629517,0.0001219015903188847
2178.489590085708,0.9997093677520752,0.0001217213794006966
2178.5100217670697,0.9995779991149902,0.00012150763359386474
2178.530453248197,0.9995558857917786,0.00012125084322178736
2178.5508849293183,0.9994766712188721,0.00012097026774426922
2178.5713165102134,0.9993636012077332,0.00012070553930243477
2178.5917479908676,0.9994864463806152,0.00012049521319568157
2178.63261125196,1.000701665878296,0.00012337102089077234
2178.6530428321494,1.0001320838928223,0.00012334040366113186
2178.673474412346,1.0003002882003784,0.0001233560178661719
2178.693905992077,1.000287652015686,0.00012337480438873172
2178.7143375718006,1.000503659248352,0.0001233515504281968
2178.7347691515315,1.0007797479629517,0.00012335828796494752
2178.7552007310296,1.0004156827926636,0.0001233284710906446
2178.7756323102876,1.0001440048217773,0.00012333830818533897
2178.796063989321,1.0004881620407104,0.00012338948727119714
2178.8164954683525,1.0004336833953857,0.0001233126677107066
2178.836927047145,1.000848412513733,0.00012333440827205777
2178.8573587257124,1.000057339668274,0.00012327141303103417
2178.8777902040456,0.9984721541404724,0.00012315002095419914
2178.9595166164363,0.9992178678512573,0.00012284889817237854
2178.979948094071,0.9996129870414734,0.000122732380987145
2179.0003796714736,0.9996296763420105,0.0001225723244715482
2179.0208113488698,0.9999937415122986,0.00012247923586983234
2179.041242826039,1.0000345706939697,0.0001222401624545455
2179.0616744032086,0.9998453855514526,0.0001220867270603776
2179.082106079906,0.9993361234664917,0.00012175709707662463
2179.1229691333137,1.0002179145812988,0.00012318593508098274
2179.1434008097785,1.0008645057678223,0.00012317263463046402
2179.1638322860163,1.000393271446228,0.00012324335693847388
2179.184263862022,1.0004504919052124,0.0001233822404174134
2179.204695538021,1.0003185272216797,0.00012336953659541905
2179.225127113794,1.0004366636276245,0.0001233999792020768
2179.245558589333,1.0004913806915283,0.00012344853894319385
2179.2659902648666,1.0002663135528564,0.00012343053822405636
2179.2864218401737,1.0002769231796265,0.00012343675189185888
2179.3068535152415,1.0001193284988403,0.0001234276278410107
2179.327284990315,1.0007120370864868,0.00012345421419013292
2179.368148239766,1.0004558563232422,0.00012344516289886087
2179.3885797143666,1.0000686645507812,0.0001234235824085772
2179.4090112887425,1.0001940727233887,0.00012341992987785488
2179.429442962879,1.000128984451294,0.00012342323316261172
2179.449874437021,1.0002424716949463,0.0001234334777109325
2179.4703060109314,1.0003010034561157,0.00012344752030912787
2179.4907376846095,1.000784993171692,0.00012343726120889187
2179.511169158279,0.999975860118866,0.00012342121044639498
2179.5316007317233,1.0004456043243408,0.00012344372225925326
2179.552032405045,1.0003788471221924,0.00012344453716650605
2179.572463878256,1.0004178285598755,0.0001234448136528954
2179.5928954512347,1.0005810260772705,0.00012342071568127722
2179.613327124098,1.0001381635665894,0.00012340307876002043
2179.633758596836,0.9999573826789856,0.00012335064820945263
2179.65419026935,1.000165581703186,0.00012329911987762898
2179.6746218417393,0.9999769330024719,0.00012320670066401362
2179.695053314019,0.9999421834945679,0.00012315584172029048
2179.715484986067,0.9997510313987732,0.00012304348638281226
2179.7359165581147,0.9996662139892578,0.0001229893823619932
2179.7563480299214,0.9997240304946899,0.0001229384506586939
2179.776779701504,0.9996054768562317,0.000122827899758704
2179.7972112730786,0.9994829297065735,0.00012277328642085195
2179.817642744427,0.9998558759689331,0.0001227729517268017
2179.8380744156602,0.9998773336410522,0.0001227817847393453
2179.8585059866527,0.9999365210533142,0.0001227322209160775
2179.8789374575354,0.9998462796211243,0.0001226928288815543
2179.899369128303,0.9996106624603271,0.00012267952843103558
2179.9198006989463,1.000072956085205,0.00012267910642549396
2179.9402321694797,0.9998108148574829,0.00012261245865374804
2179.960663839782,0.9997334480285645,0.00012245263496879488
2179.9810954099594,0.9997179508209229,0.00012242892989888787
2180.001527079912,0.9997490048408508,0.0001223390136146918
2180.0219585498635,1.0000381469726562,0.0001222904393216595
2180.0423901195754,0.9998539090156555,0.00012216012692078948
2180.062821789179,1.0000765323638916,0.00012201812205603346
2180.103684827911,1.0002790689468384,0.00012354462523944676
2180.124116497049,1.0002305507659912,0.00012350127508398145
2180.1445480660695,1.0003061294555664,0.00012350194447208196
2180.164979534966,1.000139594078064,0.0001234736992046237
2180.185411203638,1.0003817081451416,0.00012340338435024023
2180.2058427723096,0.9996381402015686,0.00012320552195888013
2180.22627424074,0.9997231364250183,0.00012330377649050206
2180.246705909063,0.9997853636741638,0.0001229018671438098
2180.2671374771526,0.9998859167098999,0.00012268258433323354
2180.287568945234,1.000038981437683,0.0001224756706506014
2180.3080006130913,1.0000998973846436,0.00012229123967699707
2180.3488636483307,1.0003077983856201,0.00012343803246039897
2180.369295315839,1.0001424551010132,0.00012361124390736222
2180.3897267831126,1.0002723932266235,0.00012350313772913069
2180.410158450264,1.0002765655517578,0.0001235626987181604
2180.430590017306,1.0001580715179443,0.00012352790508884937
2180.451021484114,1.0002532005310059,0.00012357284140307456
2180.471453150916,1.0007493495941162,0.00012355606304481626
2180.491884717492,1.0006111860275269,0.0001235711679328233
2180.512316283952,1.0004210472106934,0.0001234703668160364
2180.5327478502877,1.0003677606582642,0.00012346552102826536
2180.553179416398,1.0003859996795654,0.0001235045783687383
2180.5736109825084,1.0003085136413574,0.00012356144725345075
2180.5940425483786,1.0006146430969238,0.00012354599311947823
2180.6144741141397,1.000529408454895,0.0001235576783074066
2180.6349056797844,1.0001469850540161,0.0001235359814018011
2180.6553373451898,1.000025749206543,0.00012352917110547423
2180.675768810601,1.000477910041809,0.00012353701458778232
2180.69620037578,1.0003236532211304,0.00012353196507319808
2180.716632040836,1.0002037286758423,0.00012356258230283856
2180.7370635057814,1.00027334690094,0.00012355149374343455
2180.7574951706047,1.0003373622894287,0.0001235439267475158
2180.777926735318,1.0003015995025635,0.00012352487829048187
2180.798358199798,1.0003286600112915,0.0001235426461789757
2180.8187898641627,1.0001381635665894,0.0001235166855622083
2180.839221428403,1.0002440214157104,0.0001235116069437936
2180.8596528925336,1.0001472234725952,0.0001235124364029616
2180.880084556542,1.0005720853805542,0.00012349830649327487
2180.9005161204404,1.0001609325408936,0.0001234646188095212
2180.9209475841053,1.000241756439209,0.00012345037248451263
2180.9413792476553,1.0002555847167969,0.0001233928487636149
2180.961810811081,1.0002310276031494,0.0001233174989465624
2180.9822423745136,1.0002636909484863,0.00012333814811427146
2181.00267393759,1.000214695930481,0.00012326979776844382
2181.0231055006734,1.000274896621704,0.00012317566142883152
2181.0435370636405,1.0000927448272705,0.00012314078048802912
2181.063968626375,1.0001205205917358,0.0001230454508913681
2181.0844001889855,1.0001237392425537,0.0001229257177328691
2181.104831751487,1.0002025365829468,0.00012285188131500036
2181.1252633138647,0.9999322891235352,0.00012273901666048914
2181.1456948761333,0.9999579787254333,0.00012273553875274956
2181.1661264382856,0.9999490976333618,0.00012266849807929248
2181.1865580003214,0.9998777508735657,0.00012281698582228273
2181.206989562117,1.0000019073486328,0.00012291947496123612
2181.2274212238044,0.9999756217002869,0.0001230052876053378
2181.247852685483,1.0001312494277954,0.00012316131324041635
2181.2682842469367,0.9998149871826172,0.00012321886606514454
2181.2887159082748,1.0001477003097534,0.0001232664508279413
2181.3295789304757,1.0002293586730957,0.00012338160013314337
2181.3500105914645,1.0000742673873901,0.00012343187700025737
2181.370442052328,1.000333309173584,0.00012347115261945873
2181.390873612967,1.0004615783691406,0.00012351712211966515
2181.41130527349,0.9999478459358215,0.0001234515948453918
2181.431736734012,0.9998348951339722,0.00012340392277110368
2181.452168294294,0.9999786615371704,0.00012337118096183985
2181.472599954468,1.0000563859939575,0.0001233746879734099
2181.4930315145175,0.9998641610145569,0.00012334826169535518
2181.513463074458,0.9997917413711548,0.0001232751237694174
2181.5338946342818,0.9998307228088379,0.00012322929978836328
2181.5543261938656,0.999893069267273,0.00012319048983044922
2181.5747577534567,0.999981701374054,0.00012302548566367477
2181.595189312815,0.9996259212493896,0.00012292020255699754
2181.615620872166,0.999839723110199,0.0001227953762281686
2181.6360524312913,1.0002754926681519,0.00012267519196029752
2181.6564839904167,0.9999779462814331,0.00012252684973645955
2181.676915549302,0.9999427795410156,0.00012240979413036257
2181.697347208079,0.9998468160629272,0.0001223402505274862
2181.717778666738,0.9996487498283386,0.00012228256673552096
2181.8199364581596,1.000380277633667,0.00012354757927823812
2181.840368016121,1.0002176761627197,0.0001235531672136858
2181.8607996739593,1.0001522302627563,0.00012363017594907433
2181.8812311315705,0.9999039173126221,0.00012357931700535119
2181.9016626891826,1.000014066696167,0.0001236050738953054
2181.9220943465552,1.0001485347747803,0.00012364453868940473
2181.9425258039337,1.0000828504562378,0.00012360812979750335
2181.96295736108,1.0001859664916992,0.0001236642274307087
2181.98338901822,1.0001996755599976,0.0001236190873896703
2182.0038204751327,1.0001745223999023,0.00012364803114905953
2182.02425203193,1.000097393989563,0.00012365952716208994
2182.0446836887204,1.0004700422286987,0.0001236803800566122
2182.0651152452847,1.0003365278244019,0.0001237021788256243
2182.085546701732,1.0004284381866455,0.00012370134936645627
2182.1059783580567,1.0004810094833374,0.00012368090392556041
2182.126409914272,1.0004032850265503,0.000123662524856627
2182.146841370486,1.0001908540725708,0.00012365388101898134
2182.1672730264618,1.000216007232666,0.00012361668632365763
2182.1877045823276,1.0001415014266968,0.00012357599916867912
2182.2081362380704,0.9999889731407166,0.00012352642079349607
2182.2285676937026,0.9999998807907104,0.00012347845768090338
2182.248999249219,0.9998316764831543,0.00012344433343969285
2182.269430904613,0.9996927380561829,0.00012333347694948316
2182.289862359896,0.9997621178627014,0.00012326955038588494
2182.310293915063,0.9999399781227112,0.00012321666872594506
2182.3307255701075,0.9998482465744019,0.00012314475316088647
2182.351157025041,1.0000698566436768,0.00012308747682254761
2182.3715885799757,0.999911367893219,0.0001229853369295597
2182.3920202345544,0.9999039769172668,0.00012296396016608924
2182.4124516892552,0.9998582005500793,0.0001229222398251295
2182.432883243724,0.9999285340309143,0.0001229031040566042
2182.453314798069,0.9995765089988708,0.00012276027700863779
2182.473746352305,0.999851644039154,0.00012270984007045627
2182.4941779064247,0.9997977018356323,0.0001225845335284248
2182.5146095604214,0.9999388456344604,0.00012253739987500012
2182.5350410143074,0.9999751448631287,0.00012237479677423835
2182.5554726680784,0.9999486804008484,0.00012216050527058542
2182.5759042218415,0.9999107718467712,0.00012192752183182165
2182.596335675378,1.0000633001327515,0.00012165216321591288
2182.6167673288,1.0004900693893433,0.0001214184012496844
2182.6371988820974,1.0000523328781128,0.00012110223906347528
2182.6576303354013,1.0000978708267212,0.00012068609066773206
2182.678061988474,1.000162959098816,0.00012035734835080802
2182.698493541422,1.0001493692398071,0.00012008048361167312
2182.7189249943767,1.0003163814544678,0.00011944487050641328
2182.7393566471,1.0003114938735962,0.00011863705003634095
2182.7597881998154,1.0005662441253662,0.00011779144551837817
2182.800651304795,1.0005346536636353,0.00012370312470011413
2182.821082857161,1.0001243352890015,0.0001236763346241787
2182.841514309417,1.0003517866134644,0.00012372290075290948
2182.8619459615584,1.0003911256790161,0.00012376709491945803
2182.882377513459,1.000426173210144,0.00012375524966046214
2182.902809165367,1.0005648136138916,0.00012376264203339815
2182.9232406171577,1.0006252527236938,0.0001237210672115907
2182.9436721688253,1.0000945329666138,0.00012364890426397324
2182.9641038203845,1.000105857849121,0.00012362712004687637
2182.984535271942,1.0000519752502441,0.0001235611707670614
2183.0049668232605,1.0000240802764893,0.00012348921154625714
2183.0253984744704,0.9997124075889587,0.00012329997844062746
2183.0458300256796,1.0000498294830322,0.00012326597061473876
2183.066261476648,0.9999196529388428,0.00012317193613853306
2183.086693127625,0.9997658729553223,0.00012308258737903088
2183.1071246783686,1.0000123977661133,0.00012297842476982623
2183.127556129104,0.999669075012207,0.0001227918837685138
2183.147987779732,0.9999812841415405,0.00012272839376237243
2183.168419230242,0.999858558177948,0.00012264025281183422
2183.188850780629,1.0002931356430054,0.00012252776650711894
2183.2092824309075,1.000096321105957,0.0001224247389473021
2183.229713881068,0.999874472618103,0.00012231306754983962
2183.2501455311067,1.000185489654541,0.00012217595940455794
2183.291008530963,1.0001933574676514,0.0001227870670845732
2183.311440180769,1.000331997871399,0.00012266970588825643
2183.3318717304646,1.0000497102737427,0.00012246369442436844
2183.3523031800432,0.9999415874481201,0.0001222177525050938
2183.3727348294997,0.9998753070831299,0.0001220598496729508
2183.393166378846,0.9996657371520996,0.00012186061212560162
2183.4135979280763,0.9996387362480164,0.0001216699747601524
2183.434029477183,0.9997386932373047,0.00012154263822594658
2183.4544610262965,0.9999663233757019,0.00012131466064602137
2183.4748925751774,0.9997546672821045,0.00012112357944715768
2183.495324124051,0.9999527931213379,0.00012110858369851485
2183.5361872214635,0.9997885823249817,0.00012357797822915018
2183.5566188699886,0.9999381303787231,0.00012351798068266362
2183.577050318403,0.999525249004364,0.00012339004024397582
2183.5974819667026,0.9995852112770081,0.00012329465243965387
2183.617913514994,0.9998199343681335,0.00012316953507252038
2183.6383449631758,0.9997878074645996,0.00012308804434724152
2183.658776611119,0.9999182224273682,0.00012297899229452014
2183.6792081590684,1.0001351833343506,0.00012283115938771516
2183.6996396069007,1.0000746250152588,0.0001227195461979136
2183.7200712547346,1.0000768899917603,0.00012254607281647623
2183.7405028023277,1.0001397132873535,0.0001224197039846331
2183.781365897288,1.0004823207855225,0.00012385062291286886
2183.8017974446557,1.0002799034118652,0.0001238499244209379
2183.822228891906,1.0009204149246216,0.00012384021829348058
2183.8426605390414,1.0005338191986084,0.00012382867862470448
2183.8630920861688,1.0001899003982544,0.00012377306120470166
2183.8835236330706,1.0004658699035645,0.00012380082625895739
2183.903955179965,1.0003029108047485,0.0001238053955603391
2183.9243867267505,1.0001072883605957,0.00012375367805361748
2183.9448182734195,1.000230073928833,0.00012376481026876718
2183.965249819972,1.0003856420516968,0.00012371507182251662
2183.985681366401,1.0001157522201538,0.00012362962297629565
2184.006112912837,0.9999139904975891,0.00012364341819193214
2184.0265444591496,0.9998600482940674,0.0001235787640325725
2184.046976005353,0.9998400211334229,0.00012355099897831678
2184.0674076514406,0.9999216794967651,0.00012347687152214348
2184.0878390974103,0.9998313784599304,0.0001233830989804119
2184.1082706433735,0.9999510049819946,0.00012338205124251544
2184.1287022892284,0.999797523021698,0.00012335779319982976
2184.149133734958,0.9999594688415527,0.0001233005168614909
2184.1695652805793,1.0000083446502686,0.00012319198867771775
2184.189996926085,0.9999424815177917,0.00012310313468333334
2184.210428371589,1.0000529289245605,0.00012303312541916966
2184.2308599168537,0.9998801350593567,0.00012287392746657133
2184.2717230073904,0.9999739527702332,0.0001238261756952852
2184.2921546524303,0.9999796152114868,0.0001238142722286284
2184.3125861974695,1.0004090070724487,0.00012387351307552308
2184.333017642384,1.0002093315124512,0.0001239029224961996
2184.3534492871913,1.0003048181533813,0.0001238657714566216
2184.3738808318813,1.0002949237823486,0.0001238467521034181
2184.3943123764475,1.0004035234451294,0.0001238649565493688
2184.414743921021,1.000411033630371,0.0001238411496160552
2184.435175465478,1.0004925727844238,0.00012382947898004204
2184.4556070098115,1.0006357431411743,0.0001238426484633237
2184.476038554152,1.0001626014709473,0.00012380117550492287
2184.4964700983764,1.0000901222229004,0.00012380044790916145
2184.5169016423606,1.0001606941223145,0.00012377787788864225
2184.537333286469,1.0002696514129639,0.0001237745746038854
2184.5577647303435,1.000173568725586,0.00012375475489534438
2184.578196274211,0.9984483122825623,0.00012360471009742469
2184.6599224486563,0.9996682405471802,0.00012336600048001856
2184.6803539920656,0.9997069835662842,0.0001233153889188543
2184.700785635352,0.9996451139450073,0.0001232757931575179
2184.7212170786443,0.9999158382415771,0.0001231866335729137
2184.7416486217044,0.9996178150177002,0.00012307683937251568
2184.762080264758,0.9999359250068665,0.00012300917296670377
2184.7825117078173,0.9997982978820801,0.0001229112094733864
2184.8029432506446,0.9998822808265686,0.00012286526907701045
2184.8233748934654,0.9997267723083496,0.00012260483345016837
2184.8438063361755,0.9999002814292908,0.00012249292922206223
2184.8642378788863,1.0002739429473877,0.00012249191058799624
2184.884669521358,1.000266432762146,0.00012229906860738993
2184.905101063836,1.0003300905227661,0.00012222985969856381
2184.925532506313,1.0000172853469849,0.00012207899999339134
2184.945964148552,0.9999209642410278,0.00012187621905468404
2184.966395690797,1.0000096559524536,0.00012169532419648021
2185.007258774931,1.0000025033950806,0.0001234665687661618
2185.0276903169433,0.9999789595603943,0.00012354723003227264
2185.048121958833,1.0000128746032715,0.00012358590902294964
2185.0685534006116,0.9999777674674988,0.00012357693049125373
2185.088984942391,0.999984622001648,0.0001236324169440195
2185.1094165840477,1.0000383853912354,0.00012371616321615875
2185.1298480255937,1.0001261234283447,0.00012376450467854738
2185.1502795671404,1.0001978874206543,0.00012385060836095363
2185.170711208564,1.0000784397125244,0.0001238054974237457
2185.1911426498773,1.0000628232955933,0.00012393531505949795
2185.2115741910748,1.0004745721817017,0.00012392077769618481
2185.252437273346,1.0000752210617065,0.00012345233699306846
2185.272868814427,1.000044584274292,0.00012344079732429236
2185.2933004552688,0.9997265338897705,0.00012330662866588682
2185.3137318962326,0.999860942363739,0.00012325299030635506
2185.334163536965,0.9999110698699951,0.00012311889440752566
2185.354594977689,0.9999393820762634,0.0001230679772561416
2185.375026618305,0.9996721744537354,0.00012306372809689492
2185.395458158804,1.0000576972961426,0.00012301222886890173
2185.415889699296,1.0001343488693237,0.00012289010919630527
2185.4363211396776,1.0002535581588745,0.0001227952161571011
2185.456752780061,1.0000118017196655,0.00012265238910913467
2185.4976157604688,1.0003330707550049,0.00012401404092088342
2185.5180474006193,1.0003889799118042,0.00012399235856719315
2185.538478940529,1.000164270401001,0.00012398883700370789
2185.5589103805614,1.0004031658172607,0.00012396105739753693
2185.5793420203627,1.000415325164795,0.00012396097008604556
2185.599773560156,1.0000801086425781,0.00012397831596899778
2185.620205199957,1.000897765159607,0.00012399996921885759
2185.640636639524,1.0001362562179565,0.00012394935765769333
2185.6610681790844,1.000406265258789,0.00012390149640850723
2185.681499818653,1.0001581907272339,0.00012390057963784784
2185.7019312581033,1.0000720024108887,0.0001238713739439845
2185.722362797431,1.0000672340393066,0.00012389938638079911
2185.74279443665,1.0003498792648315,0.00012389726180117577
2185.7632258758676,1.0005161762237549,0.0001239768462255597
2185.783657415079,1.000231385231018,0.0001238961995113641
2185.804089054065,1.0001335144042969,0.00012388920004013926
2185.8245204931663,1.0001126527786255,0.00012385021545924246
2185.8449520320282,1.0000262260437012,0.0001238501281477511
2185.865383670898,1.000288963317871,0.00012386430171318352
2185.885815209651,1.000030517578125,0.0001238459226442501
2185.9062466483956,0.9999261498451233,0.00012379320105537772
2185.9266782870327,1.00006902217865,0.00012378684186842293
2185.947109825669,0.999985933303833,0.00012375172809697688
2185.9675413640653,0.9998536705970764,0.00012370522017590702
2185.987972902585,0.999943733215332,0.0001237127580679953
2186.0084044408723,0.9999875426292419,0.0001237344549736008
2186.0288359792685,0.9999756217002869,0.00012374336074572057
2186.049267517439,1.000081181526184,0.00012369985051918775
2186.069698955609,0.9999986886978149,0.00012367480667307973
2186.090130593657,0.9999625086784363,0.000123610720038414
2186.110562131711,0.9996744394302368,0.00012348814925644547
2186.1309935697645,0.9999409914016724,0.0001234503579325974
2186.1514252075795,1.0000759363174438,0.00012337553198449314
2186.171856745401,0.9997902512550354,0.00012329670425970107
2186.1922881832215,0.9997567534446716,0.00012328398588579148
2186.21271982092,0.9998523592948914,0.00012328883167356253
2186.2331513585086,0.9998515844345093,0.00012319028610363603
2186.253582896097,1.0001575946807861,0.00012327602598816156
2186.274014433562,0.9999245405197144,0.00012309821613598615
2186.2944459710343,1.0000606775283813,0.00012304387928452343
2186.3148776083835,1.0002007484436035,0.00012299357331357896
2186.335309045622,1.0001964569091797,0.0001228436449309811
2186.3557405828615,1.0004048347473145,0.00012279811198823154
2186.3761722201016,1.0002548694610596,0.0001227645989274606
2186.3966036572165,1.0001481771469116,0.0001227901957463473
2186.417035194223,1.000220537185669,0.00012280972441658378
2186.437466831223,1.0001263618469238,0.00012274277105461806
2186.457898368113,0.9998497366905212,0.0001227340690093115
2186.4783298050024,1.0000942945480347,0.00012266651901882142
2186.498761441777,1.0000276565551758,0.0001226041349582374
2186.519192978427,1.000154733657837,0.00012258098286110908
2186.5396244152,1.0002453327178955,0.00012244944809935987
2186.560056051734,1.0000128746032715,0.0001223820581799373
2186.580487588275,0.9999960660934448,0.0001222425780724734
2186.6009192248166,1.000118374824524,0.00012207553663756698
2186.6213506612403,1.0000251531600952,0.00012207050167489797
2186.641782197541,1.0002673864364624,0.00012196761963423342
2186.66221383385,1.0000427961349487,0.00012190397683298215
2186.68264527015,1.0005003213882446,0.00012190808047307655
2186.7235083424166,0.9998118281364441,0.00012362519919406623
2186.7439398784845,0.9995829463005066,0.00012360473920125514
2186.7643714145597,0.9999265074729919,0.00012361248082015663
2186.784802950402,1.000126600265503,0.0001236938260262832
2186.8052344863536,1.0001744031906128,0.00012376304948702455
2186.825666022196,1.0001615285873413,0.00012376085214782506
2186.846097557922,1.0001577138900757,0.00012374678044579923
2186.8665290936406,1.0000118017196655,0.00012374216748867184
2186.88696062925,1.0000709295272827,0.0001237409160239622
2186.9073921648596,0.9997667670249939,0.00012377614621073008
2186.927823700462,0.999867856502533,0.00012373631761875004
2186.9482553359558,0.999838650226593,0.000123787292977795
2186.9686868713325,1.000075340270996,0.0001238045806530863
2186.989118306701,1.00005042552948,0.00012374910875223577
2187.0095499420786,1.0001084804534912,0.00012385487207211554
2187.029981477339,1.000124216079712,0.00012387220340315253
2187.0504129124747,1.0001450777053833,0.00012389192124828696
2187.0708445476193,1.0003851652145386,0.0001238706026924774
2187.091276082763,1.0000513792037964,0.0001238927070517093
2187.1117075177826,1.0001184940338135,0.00012386695016175508
2187.132139152811,0.9998217225074768,0.00012388138566166162
2187.152570687722,1.000095248222351,0.0001238632685272023
2187.173002122625,1.0003396272659302,0.000123911740956828
2187.213865292215,1.0000464916229248,0.00012406116002239287
2187.234296726885,1.0002301931381226,0.00012410957424435765
2187.254728361564,1.000137448310852,0.00012405913730617613
2187.2751598962423,1.0000189542770386,0.0001241123682120815
2187.2955915307975,1.0001413822174072,0.0001241134450538084
2187.3160229653586,1.0002110004425049,0.00012412382056936622
2187.336454499804,1.0004441738128662,0.0001241513527929783
2187.3568861341264,1.000359296798706,0.0001241449936060235
2187.377317568571,1.000099778175354,0.0001241442223545164
2187.3977491029,1.0001375675201416,0.00012413875083439052
2187.418180737106,0.9999405741691589,0.00012410838098730892
2187.499906773599,0.9984670877456665,0.00012410049384925514
2187.520338307695,1.0003527402877808,0.00012418252299539745
2187.540769941552,1.0001806020736694,0.0001241694699274376
2187.561201375531,1.0004488229751587,0.00012419041013345122
2187.581633009395,1.0003516674041748,0.00012417322432156652
2187.6020645431345,1.0005905628204346,0.0001241892168764025
2187.622495976997,1.0003352165222168,0.00012417658581398427
2187.642927610621,1.0003700256347656,0.00012418910046108067
2187.663359144368,1.0004740953445435,0.00012417648395057768
2187.6837905779976,1.0002453327178955,0.00012419550330378115
2187.7042222115124,1.0003589391708374,0.00012422012514434755
2187.7246537451356,1.000477910041809,0.00012420940038282424
2187.7450851785325,1.000478982925415,0.00012420970597304404
2187.76551681204,1.0006110668182373,0.0001242266152985394
2187.7859483454376,1.0006271600723267,0.0001242217404069379
2187.806379878719,1.00038480758667,0.0001242518046637997
2187.8268114121165,1.0004671812057495,0.00012426648754626513
2187.847242945274,1.000312089920044,0.00012422227882780135
2187.867674578556,1.0003217458724976,0.00012423608859535307
2187.888106011713,1.000376582145691,0.00012422309373505414
2187.9085375448776,1.0003774166107178,0.00012424381566233933
2187.928969177927,1.0003281831741333,0.00012422552390489727
2187.949400710968,1.0005065202713013,0.00012422115833032876
2187.9698321440155,1.0003615617752075,0.00012422572763171047
2187.9902637769483,1.0005356073379517,0.0001242247672053054
2188.010695309873,1.0004756450653076,0.00012420259008649737
2188.031126742688,1.000339150428772,0.00012422321015037596
2188.051558375504,1.000373363494873,0.00012422839063219726
2188.0719899083124,1.000353217124939,0.0001242346625076607
2188.092421341011,1.0001801252365112,0.000124238315038383
2188.1128529737107,1.0006104707717896,0.00012427238107193261
2188.1332845064026,1.0005178451538086,0.00012427415640559047
2188.1537159389845,1.001441240310669,0.00012426650209818035
2188.174147571568,1.0006214380264282,0.00012428585614543408
2188.19457900415,1.0006036758422852,0.0001242354919668287
2188.21501063661,1.0005067586898804,0.000124259851872921
2188.235442169076,1.000487208366394,0.000124238315038383
2188.2558736015344,1.0006225109100342,0.0001242748840013519
2188.276305233885,1.0007288455963135,0.00012431897630449384
2188.296736766235,1.0001966953277588,0.00012429288472048938
2188.3171682985776,1.0005470514297485,0.000124272788525559
2188.337599830811,1.0005743503570557,0.0001242890430148691
2188.3580313630446,1.000422477722168,0.00012426268949639052
2188.378462895271,1.000586748123169,0.0001242996077053249
2188.398894427388,1.0005778074264526,0.00012431637151166797
2188.419325959505,1.0007297992706299,0.0001242661674041301
2188.4397574916147,1.0002696514129639,0.00012426346074789762
2188.460189123616,1.0005741119384766,0.00012423864973243326
2188.480620555616,1.0005804300308228,0.00012428515765350312
2188.50105218761,1.0006941556930542,0.00012427917681634426
2188.5214837194944,1.0008628368377686,0.0001242904254468158
2188.5419151514943,1.000731110572815,0.00012426171451807022
2188.5623467832556,1.0005959272384644,0.0001242646249011159
2188.58277831514,1.0003011226654053,0.0001242615544470027
2188.603209746907,1.000842571258545,0.00012427974434103817
2188.6236413786683,1.0006846189498901,0.00012428629270289093
2188.644072910436,1.0006200075149536,0.00012430790229700506
2188.6645043420867,1.0005711317062378,0.00012427804176695645
2188.6849359737316,1.0003998279571533,0.00012425810564309359
2188.705367505383,1.0005619525909424,0.00012428360059857368
2188.7257989369173,1.0006896257400513,0.00012427353067323565
2188.746230568562,1.0006957054138184,0.00012428690388333052
2188.766662100097,1.0003926753997803,0.00012426398461684585
2188.7870937315165,1.0004093647003174,0.00012431078357622027
2188.807525162927,1.0003389120101929,0.000124321217299439
2188.827956694462,1.0004222393035889,0.00012432261428330094
2188.848388225764,1.0001459121704102,0.000124320897157304
2188.8688197571755,1.0005648136138916,0.00012431046343408525
2188.8892512884777,1.000418782234192,0.0001243188016815111
2188.90968281978,1.000255823135376,0.00012436076940502971
2188.9301143510747,1.000481367111206,0.00012431036157067865
2188.9505458822605,1.0003470182418823,0.00012428623449523002
2188.970977513556,1.0002912282943726,0.00012429902562871575
2188.991408944741,0.9999258518218994,0.00012427696492522955
2189.0118404758105,1.0001941919326782,0.00012426938337739557
2189.032272106997,0.9999591708183289,0.000124265905469656
2189.0527035380583,1.0001863241195679,0.00012426864122971892
2189.0731351691284,1.000452995300293,0.00012430286733433604
2189.0935667001904,1.0003196001052856,0.00012428450281731784
2189.1139981311426,1.0006067752838135,0.00012427322508301586
2189.1344297620963,1.0001254081726074,0.00012430940114427358
2189.1957243549477,1.0005601644515991,0.00012433191295713186
2189.216155885777,1.0003998279571533,0.00012435766984708607
2189.2365873166127,1.000328540802002,0.00012434949167072773
2189.25701894745,1.0002409219741821,0.0001243265433004126
2189.277450478279,1.000105619430542,0.00012431594950612634
2189.2978820090575,1.000515103340149,0.00012435436656232923
2189.3183135397776,1.000363826751709,0.0001243006845470518
2189.3387450704904,1.0005508661270142,0.00012428984337020665
2189.3591766012105,1.0004960298538208,0.00012425804743543267
2189.3796081318724,1.0002082586288452,0.00012426065222825855
2189.4000396624688,1.0006697177886963,0.00012428435729816556
2189.4204712931314,1.0002734661102295,0.00012426373723428696
2189.440902823735,1.0003337860107422,0.000124274316476658
2189.4613342542725,1.0004504919052124,0.000124306432553567
2189.4817658848187,1.0004044771194458,0.0001242996077053249
2189.502197415364,1.0004669427871704,0.00012435192184057087
2189.5226288458434,1.0002590417861938,0.00012430139759089798
2189.5430604763314,1.000320315361023,0.00012434092059265822
2189.5634920068187,1.000475287437439,0.0001243320875801146
2189.5839234372397,1.0004311800003052,0.00012434406380634755
2189.6043550676695,1.0001451969146729,0.00012437290570233017
2189.6247864980396,1.0006686449050903,0.0001244154991582036
2189.645218028403,1.0001312494277954,0.0001243885199073702
2189.665649658775,1.000133752822876,0.00012440182035788894
2189.6860810890867,1.0000393390655518,0.00012436392717063427
2189.706512719393,1.0001177787780762,0.0001243575243279338
2189.7269442497054,0.9997692108154297,0.00012432689254637808
2189.7473756800173,1.0000585317611694,0.00012435848475433886
2189.767807310207,0.9999860525131226,0.00012433191295713186
2189.7882388404614,0.9998788237571716,0.00012431909271981567
2189.8086703706576,1.0002305507659912,0.0001243097649421543
2189.8291019008466,1.0001511573791504,0.0001242846919922158
2189.849533431043,1.000203251838684,0.00012425583554431796
2189.869964961181,0.9999833106994629,0.00012414711818564683
2189.8903964913115,0.9998937845230103,0.00012415085802786052
2189.9108280214496,0.9999294877052307,0.0001241411955561489
2189.9312595515876,1.000028133392334,0.00012415630044415593
2189.951691181661,0.9999393820762634,0.00012416834942996502
2189.97212261174,0.9999359250068665,0.00012413373042363673
2189.9925542417623,0.9998449087142944,0.0001241300196852535
2190.012985771835,0.9999194741249084,0.00012416044773999602
2190.0334172018556,1.0000524520874023,0.0001241469435626641
2190.0538488318125,1.0001254081726074,0.00012417559628374875
2190.074280361834,0.9999639391899109,0.00012419110862538218
2190.094711791855,1.000046730041504,0.00012415242963470519
2190.115143421761,0.9999633431434631,0.00012417997641023248
2190.135574951717,0.9997809529304504,0.00012413306103553623
2190.1560063816796,0.9998572468757629,0.00012411046191118658
2190.1764380115783,0.9998789429664612,0.0001240108977071941
2190.1968695414835,1.0000768899917603,0.00012400071136653423
2190.217300971388,1.0000096559524536,0.00012399890692904592
2190.2377326012356,0.9998993277549744,0.00012454504030756652
2190.2581640311328,0.9999703764915466,0.00012452052033040673
2190.2785956609805,0.9980391263961792,0.00012452263035811484
2190.3603217802447,0.9997190833091736,0.00012440783029887825
2190.380753310026,0.9998738169670105,0.00012438006524462253
2190.401184839815,0.999860942363739,0.00012432706716936082
2190.4216163695964,0.9997535347938538,0.00012429482012521476
2190.442047899385,1.0004938840866089,0.0001243183942278847
2190.462479429116,0.9997371435165405,0.0001242671423824504
2190.4829109588463,1.0001717805862427,0.00012417358811944723
2190.503342488686,0.9995348453521729,0.00012408617476467043
2190.5237741184174,0.999871551990509,0.0001239350822288543
2190.5442055480817,0.9994301795959473,0.00012388471805024892
2190.564637177813,0.9990432858467102,0.00012385011359583586
2190.5850687074853,0.9989534616470337,0.00012376537779346108
2190.605500137215,0.9989894032478333,0.0001236000534845516
2190.6463632965533,1.000209927558899,0.00012390813208185136
2190.6667947262176,1.0006179809570312,0.00012416407116688788
2190.6872263558907,1.0002671480178833,0.00012412686191964895
2190.707657885505,1.0005581378936768,0.0001242290309164673
2190.7280893151765,1.0005296468734741,0.00012432324001565576
2190.748520944784,1.0004850625991821,0.00012428915943019092
2190.7689524744565,1.0006098747253418,0.00012439931742846966
2190.7893840040633,1.0004689693450928,0.00012442131992429495
2190.8098155336775,1.0006049871444702,0.00012446913751773536
2190.8302470632916,1.0003917217254639,0.0001245412277057767
2190.8506786928992,1.000369668006897,0.00012457995035219938
2190.8711101225126,1.0004678964614868,0.0001246416213689372
2190.8915416520686,1.0001691579818726,0.00012463860912248492
2190.911973281676,1.000104308128357,0.00012472097296267748
2190.9324047112896,1.0001449584960938,0.00012476055417209864
2190.9528362408455,1.0000015497207642,0.0001246875326614827
2190.973267870453,1.0002009868621826,0.0001246745086973533
2190.9936993000083,1.0001060962677002,0.0001246165338670835
2191.0141308296224,1.000065803527832,0.0001246708707185462
2191.034562459172,1.0005043745040894,0.00012453246745280921
2191.0549938887852,0.9996208548545837,0.0001243661972694099
2191.075425418341,0.9998988509178162,0.00012425676686689258
2191.0958570478906,0.9998054504394531,0.00012413968215696514
2191.1367201070025,1.0001472234725952,0.00012448267079889774
2191.157151636551,1.0001482963562012,0.00012456027616281062
2191.1775830661645,1.0002062320709229,0.00012459428398869932
2191.198014695721,1.0000147819519043,0.00012462529412005097
2191.21844622527,0.9999094605445862,0.0001246623432962224
2191.238877654825,1.0000975131988525,0.0001246974425157532
2191.2593092843817,1.000211477279663,0.00012472666276153177
2191.2797408139304,0.9999298453330994,0.00012474738468881696
2191.300172243544,0.9999344944953918,0.00012472378148231655
2191.3206038731005,1.000325083732605,0.00012481128214858472
2191.341035402649,1.0000531673431396,0.00012474763207137585
2191.361466932205,1.000085711479187,0.00012476036499720067
2191.381898461761,1.000130295753479,0.0001248013140866533
2191.402329991368,0.9998821020126343,0.00012471040827222168
2191.4227616209246,1.000101923942566,0.00012474101094994694
2191.4431931505387,0.9999715089797974,0.00012466931366361678
2191.4636245800866,1.0000211000442505,0.0001245900639332831
2191.4840562096433,1.0000845193862915,0.00012458130368031561
2191.50448773925,0.9998886585235596,0.00012449047062546015
2191.5249191688636,0.9998753070831299,0.00012438488192856312
2191.5453507984203,0.9997750520706177,0.0001243366568814963
2191.5657823280344,0.9996016621589661,0.00012419985432643443
2191.5862137576405,0.9994499087333679,0.00012411475472617894
2191.6270768168615,1.000164270401001,0.00012451176007743925
2191.6475083464757,1.000044822692871,0.0001245966413989663
2191.6679399760906,1.0001981258392334,0.00012466643238440156
2191.6883715057556,1.000272274017334,0.0001247337058885023
2191.70880303537,1.0002822875976562,0.00012476475967559963
2191.729234565042,1.0001370906829834,0.00012482661986723542
2191.7496659947064,0.9999322891235352,0.00012477461132220924
2191.7700976243214,0.9999712109565735,0.00012481397425290197
2191.7905291539937,0.9999706745147705,0.0001248244516318664
2191.8109605836653,1.000016450881958,0.00012484623584896326
2191.831392213331,1.0004639625549316,0.00012478473945520818
2191.8518237430617,1.000024437904358,0.00012470899673644453
2191.8722552727268,1.0000433921813965,0.0001245936582563445
2191.8926868024573,0.9998894333839417,0.00012462527956813574
2191.9131183321297,0.9998906850814819,0.00012448399502318352
2191.9335499618537,0.9996676445007324,0.00012434591189958155
2191.9539813916417,0.9996508955955505,0.00012420503480825573
2191.9744129213723,0.9993208646774292,0.00012399711704347283
2191.9948445510963,0.998912513256073,0.00012370543845463544
2192.015276080885,0.9989101886749268,0.00012355037324596196
2192.035707510673,0.9983454346656799,0.00012330074969213456
2192.0561391404553,0.9980799555778503,0.0001230889611179009
2192.076570670244,0.9980790615081787,0.0001228389301104471
2192.1174337298726,1.000112533569336,0.00012396251258905977
2192.1378652596613,1.0005818605422974,0.000124249083455652
2192.1582966895658,1.0008312463760376,0.0001244260638486594
2192.178728319406,1.0005956888198853,0.0001245583116542548
2192.199159849253,1.00028395652771,0.00012463954044505954
2192.219591479152,1.000161051750183,0.00012473274546209723
2192.2400229090563,0.9997990131378174,0.0001247705367859453
2192.2604544389615,1.0001420974731445,0.00012486413470469415
2192.2808860688674,1.0001695156097412,0.00012490474910009652
2192.3013174988228,1.0003618001937866,0.00012492221139837056
2192.321749028786,0.9999302625656128,0.00012493712711147964
2192.342180658685,1.0002007484436035,0.00012483372120186687
2192.3626120887056,0.9998344779014587,0.00012468837667256594
2192.3830436187272,0.9999940395355225,0.00012462650192901492
2192.403475148749,0.9999265074729919,0.00012441461149137467
2192.423906678763,0.9997382760047913,0.00012429265188984573
2192.4443382087848,0.9989771842956543,0.00012394906661938876
2192.4647697388646,0.9987039566040039,0.0001236074895132333
2192.485201268937,0.9982274174690247,0.0001233145158039406
2192.5056328990177,0.9981263279914856,0.000123044170322828
2192.5260644290975,0.9976816177368164,0.0001227087341248989
2192.6077904497506,1.0001661777496338,0.00012494882685132325
2192.6282220799476,0.9999968409538269,0.00012505303311627358
2192.648653610144,0.9999613165855408,0.00012494511611294
2192.66908504039,1.0000617504119873,0.00012487430649343878
2192.6895166706454,1.0004130601882935,0.0001247901382157579
2192.7099482008925,0.999994158744812,0.00012467164197005332
2192.730379831206,0.9999269247055054,0.0001244607992703095
2192.750811261518,0.9994363188743591,0.00012418176629580557
2192.7712427918887,0.9991739988327026,0.00012383717694319785
2192.791674422253,0.9982514381408691,0.00012327985314186662
2192.812105852623,0.9982023239135742,0.00012292298197280616
2192.8529690134164,1.0006604194641113,0.00012434349628165364
2192.873400443903,1.000641107559204,0.00012456909462343901
2192.893831974332,1.0006208419799805,0.0001247536129085347
2192.9142636048127,1.0003058910369873,0.0001248772459803149
2192.9346950353574,1.0003384351730347,0.00012495565169956535
2192.9551265658956,1.0002882480621338,0.00012498293654061854
2192.975558196442,0.9998654127120972,0.00012498704018071294
2192.9959896269866,1.000192642211914,0.00012494843394961208
2193.0164212575837,1.0002652406692505,0.0001247727923328057
2193.0368527882456,1.000044822692871,0.0001245239982381463
2193.0572843189075,0.9994316697120667,0.00012417083780746907
2193.098147380282,0.9999626278877258,0.0001250177447218448
2193.1185788110015,0.9997696280479431,0.0001250000495929271
2193.200305034159,0.998451292514801,0.00012466862972360104
2193.2207365649956,0.9999256134033203,0.000124653524835594
2193.241168195891,0.9998993277549744,0.00012451905058696866
2193.2615996267778,0.9996131658554077,0.0001244192390004173
2193.2820311577307,0.9993066191673279,0.00012422414147295058
2193.3024627886844,0.9991649389266968,0.00012408345355652273
2193.3433257506986,0.9998619556427002,0.0001249868655577302
2193.3637573817105,0.9999215006828308,0.00012496692943386734
2193.38418881283,0.9997124075889587,0.0001247846957994625
2193.4046203438993,1.0000852346420288,0.00012471791706047952
2193.4250519750276,0.99991774559021,0.00012454301759134978
2193.4454834062053,0.9994874000549316,0.00012429757043719292
2193.465914937391,0.999441385269165,0.00012415723176673055
2193.486346568636,0.9993487596511841,0.00012404554581735283
2193.5067780998725,0.9989616274833679,0.00012382742715999484
2193.5272096311746,0.9989659786224365,0.00012349654571153224
2193.547641162477,0.998694658279419,0.00012327110744081438
2193.5885042251903,1.0001448392868042,0.00012504964252002537
2193.608935756609,1.0003533363342285,0.00012503880134318024
2193.62936728802,1.0001963376998901,0.00012507039355114102
2193.6497989194977,1.0001589059829712,0.00012507734936662018
2193.670230351032,1.0002992153167725,0.00012501206947490573
2193.6906618825597,1.000069260597229,0.00012495754344854504
2193.7110935140954,0.999940812587738,0.00012487295316532254
2193.731524945688,1.0000759363174438,0.00012467023043427616
2193.751956477332,1.0001071691513062,0.0001245300518348813
2193.7723880090416,0.9997534155845642,0.00012430358037818223
2193.792819540693,0.999199390411377,0.00012405790039338171
2193.8336826042214,1.0007655620574951,0.00012478635471779853
2193.8541141360474,1.0001544952392578,0.00012487945787142962
2193.874545767867,1.000244379043579,0.0001249641936738044
2193.8949771997504,1.0001469850540161,0.00012497494753915817
2193.915408731693,1.0001723766326904,0.00012506316124927253
2193.935840363629,1.0001182556152344,0.00012508068175520748
2193.9562717956287,1.0002024173736572,0.00012516412243712693
2193.9767033276294,0.9999328255653381,0.00012505686026997864
2193.9971349596817,1.0003149509429932,0.00012495392002165318
2194.01756639174,1.0003446340560913,0.0001252731162821874
2194.0379980239086,0.9999616146087646,0.0001247819309355691
2194.078861088259,1.0003259181976318,0.0001241247373400256
2194.0992926205145,1.0006656646728516,0.00012441612489055842
2194.119724152806,1.0005308389663696,0.00012463728489819914
2194.140155685127,1.0004792213439941,0.00012481441081035882
2194.1605873174703,1.0002485513687134,0.0001249886117875576
2194.1810187498777,1.0000511407852173,0.00012504537880886346
2194.201450282315,1.000167727470398,0.0001251196226803586
2194.221881914804,1.0003259181976318,0.00012516787683125585
2194.2423133473276,0.9999387860298157,0.0001251444045919925
2194.262744879881,1.0,0.00012503261677920818
2194.2831765124865,1.0002604722976685,0.00012488420179579407
2194.3036079451267,0.9999072551727295,0.00012476845586206764
2194.3240395777975,1.0000076293945312,0.00012461737787816674
2194.3444711105185,0.999563992023468,0.00012430662172846496
2194.364902543275,0.9993614554405212,0.00012401364801917225
2194.3853341760914,0.9991210699081421,0.00012368867464829236
2194.405765608957,0.9988141655921936,0.00012336680083535612
2194.426197141831,0.9981113076210022,0.00012294329644646496
2194.4466287747637,0.9975147843360901,0.00012226136459503323
2194.589649506517,0.99981689453125,0.0001245034218300134
2194.6100810397984,0.9994379878044128,0.00012424150190781802
2194.630512573138,0.999229907989502,0.0001239292323589325
2194.650944106499,0.9988987445831299,0.00012363528367131948
2194.6713757399266,0.9985206127166748,0.00012325796706136316
2194.691807173411,0.9976770877838135,0.0001224863954121247
2194.814396375179,1.0002453327178955,0.00012516873539425433
2194.8348280089776,1.0002957582473755,0.00012520469317678362
2194.855259542812,1.000270962715149,0.00012521019380073994
2194.8756909767035,1.0003594160079956,0.00012512861576396972
2194.8961226106476,1.0002291202545166,0.00012499556760303676
2194.9982802810846,0.9985211491584778,0.00012320507084950805
2195.0187118153262,0.9979342222213745,0.00012248929124325514
2195.080006418335,1.0003876686096191,0.0001242657017428428
2195.1004379527803,1.0008169412612915,0.00012442778097465634
2195.1208694872767,1.0004453659057617,0.00012465206964407116
2195.1413010218384,1.0007611513137817,0.0001247913169208914
2195.1617325564293,1.000626802444458,0.00012497800344135612
2195.1821640910784,1.000231146812439,0.0001250324712600559
2195.2025956257785,1.0001747608184814,0.00012511145905591547
2195.223027160544,1.0001192092895508,0.0001251709327334538
2195.243458795332,1.0001071691513062,0.00012522420729510486
2195.2638902302133,1.0000512599945068,0.00012527087528724223
2195.284321865125,1.000046730041504,0.00012521522876340896
2195.304753400116,1.0000718832015991,0.0001252260262845084
2195.325184835143,1.0004009008407593,0.00012517797586042434
2195.3456164702293,1.000105857849121,0.00012508554209489375
2195.366048005337,1.0000683069229126,0.00012497323041316122
2195.386479440538,1.0000675916671753,0.0001248718035640195
2195.40691107577,1.0001343488693237,0.00012468274508137256
2195.4273426110813,0.9997429251670837,0.000124423298984766
2195.447774046457,0.9991697072982788,0.00012416332901921123
2195.4682056818638,0.9993672370910645,0.00012396131933201104
2195.4886372173205,0.9990692138671875,0.00012379992404021323
2195.5090688528435,0.9985440969467163,0.00012351541954558343
2195.5499318240836,1.0000600814819336,0.00012520316522568464
2195.570363459781,1.0002285242080688,0.00012519161100499332
2195.5907948955355,1.0005601644515991,0.00012510662782005966
2195.6112264313706,1.000120759010315,0.0001249307388206944
2195.6316580672137,1.0000454187393188,0.00012471330410335213
2195.6520895031717,0.9997878074645996,0.0001244854647666216
2195.6725210391523,0.9995092749595642,0.00012417332618497312
2195.692952675199,0.9990024566650391,0.00012396890087984502
2195.7133842113035,0.9988657236099243,0.0001235489617101848
2195.7338157474587,0.9983587861061096,0.00012319620873313397
2195.7542472837085,0.9978771805763245,0.0001227716711582616
2195.7951103563464,1.0001741647720337,0.00012526818318292499
2195.815541892771,1.0001882314682007,0.0001251823705388233
2195.8359733292527,1.0003509521484375,0.0001250457135029137
2195.856404965758,1.0000725984573364,0.00012495556438807398
2195.876836502357,1.0001685619354248,0.00012475476250983775
2195.8972679390426,0.9997628331184387,0.00012447460903786123
2195.9176995757516,0.9993467926979065,0.00012415095989126712
2195.9381311125544,0.9990857243537903,0.00012391987547744066
2195.95856274938,0.9986083507537842,0.00012343739217612892
2196.040288797398,0.9974215030670166,0.0001250654604518786
2196.060720334579,1.0000680685043335,0.00012503961625043303
2196.0811519717827,1.0001977682113647,0.00012480714940465987
2196.1015834090795,0.9997451305389404,0.00012457836419343948
2196.1220149464643,0.9991172552108765,0.0001241895224666223
2196.285467347676,1.0000250339508057,0.00012519184383563697
2196.305898885643,1.0001851320266724,0.00012501358287408948
2196.3263304236607,1.000133991241455,0.00012482810416258872
2196.346761961773,0.9998306632041931,0.00012444703315850347
2196.3671935999155,0.9992033243179321,0.00012396872625686228
2196.3876250381727,0.9988596439361572,0.00012347243318799883
2196.4080565764525,0.9981312155723572,0.000122958910651505
2196.5306459076746,1.000171422958374,0.00012519260053522885
2196.551077346485,1.0002787113189697,0.00012512391549535096
2196.571508885332,1.0001150369644165,0.00012487465573940426
2196.5919405242457,0.9996954202651978,0.00012442233855836093
2196.6123719632596,0.9992473125457764,0.00012406078167259693
2196.6328035023253,0.9992102980613708,0.00012361898552626371
2196.6532351414717,0.9985272288322449,0.0001230740308528766
2196.673666580704,0.997445285320282,0.00012210207933094352
2196.775824377859,1.0000839233398438,0.00012530441745184362
2196.796255917514,1.0001518726348877,0.00012512998364400119
2196.816687457249,0.9998446106910706,0.0001247468317160383
2196.8371189970494,0.9998751878738403,0.00012445400352589786
2196.857550536937,0.9996379613876343,0.0001240472192876041
2196.8779821768767,0.9989729523658752,0.00012352553312666714
2196.898413616924,0.9981392025947571,0.000122671335702762
2196.9188452570233,0.9976961612701416,0.0001217790340888314
2197.02100285871,1.000119686126709,0.00012529621017165482
2197.0414344992605,1.000364065170288,0.00012510191299952567
2197.0618660399196,1.0003315210342407,0.0001249617344001308
2197.0822974806506,1.0001158714294434,0.00012473361857701093
2197.1027291214414,0.9996788501739502,0.00012442698061931878
2197.1231606623114,0.9994120001792908,0.00012423712178133428
2197.1435923032477,0.9996758103370667,0.0001240856945514679
2197.1640237442916,0.9992445707321167,0.00012368032184895128
2197.1844551854156,0.9988033771514893,0.00012327285367064178
2197.2048868265992,0.9984562993049622,0.00012281561794225127
2197.225318367884,0.998201310634613,0.0001223433791892603
2197.2661814506646,1.0004143714904785,0.00012525462079793215
2197.286612992175,1.0003057718276978,0.00012516658171080053
2197.3070445337653,1.0001455545425415,0.00012494574184529483
2197.3274760754575,1.0003976821899414,0.000124889294966124
2197.347907617208,1.0000669956207275,0.00012479642464313656
2197.368339259039,0.9999998211860657,0.00012462488666642457
2197.3887708009643,0.9999255537986755,0.00012436955876182765
2197.4092022429686,0.9994871616363525,0.0001241294085048139
2197.42963388504,0.9996492862701416,0.00012398799299262464
2197.4500654272124,0.9992461800575256,0.00012352060002740473
2197.4704968694714,0.9986813068389893,0.00012310731108300388
2197.593086325018,0.9996722936630249,0.0001245925814146176
2197.613517767859,0.999765157699585,0.00012442773731891066
2197.633949310788,1.0004358291625977,0.00012430119386408478
2197.6543809537834,0.9997381567955017,0.00012392818462103605
2197.6748123968864,0.9992432594299316,0.0001236072275787592
2197.69524394007,0.9989555478096008,0.0001232652721228078
2197.7156755833203,0.9984210133552551,0.00012264242104720324
2197.756538570131,1.0001885890960693,0.0001254239323316142
2197.776970213643,1.0002261400222778,0.00012553608394227922
2197.7974016572625,1.0003880262374878,0.00012552927364595234
2197.8178333009564,1.0004141330718994,0.0001255976821994409
2197.8382647447506,1.0004373788833618,0.0001255315582966432
2197.8586963886264,1.0007295608520508,0.00012546105426736176
2197.879127932596,1.0004040002822876,0.00012541556498035789
2197.899559376652,1.0004678964614868,0.0001252991205547005
2197.9199909208037,1.000416874885559,0.00012517299910541624
2197.9404225650287,1.000201940536499,0.0001249580382136628
2197.9608541093476,1.0002292394638062,0.00012483898899517953
2198.001717198269,1.000964879989624,0.00012508087093010545
2198.022148742857,1.0007802248001099,0.00012524261546786875
2198.0425802875397,1.000639796257019,0.0001253775117220357
2198.063011832317,1.000016450881958,0.00012546432844828814
2198.0834433771743,1.0002309083938599,0.00012556638102978468
2198.103875022127,1.0007420778274536,0.00012561201583594084
2198.12430646718,1.0004425048828125,0.00012560545292217284
2198.1447380123136,1.000447154045105,0.00012549800158012658
2198.1651696575427,1.0001863241195679,0.00012544330093078315
2198.1856011028794,1.0004725456237793,0.00012529561354313046
2198.2060326482897,1.0006232261657715,0.00012512390094343573
2198.246895739416,1.0008348226547241,0.0001247576583409682
2198.267327385096,1.0011260509490967,0.00012510010856203735
2198.287758930892,1.0009303092956543,0.00012531387619674206
2198.308190376789,1.0000706911087036,0.00012539101589936763
2198.328622022753,1.0005007982254028,0.00012557278387248516
2198.3490535688325,1.000389814376831,0.00012562618940137327
2198.3694851149994,1.0004615783691406,0.00012563096242956817
2198.389916661261,1.000464677810669,0.00012561280163936317
2198.4103482076243,1.0006358623504639,0.00012556673027575016
2198.4307797540823,1.0006823539733887,0.00012544140918180346
2198.4512113006276,1.0006165504455566,0.0001253224618267268
2198.4920743940165,1.000601887702942,0.0001241598802153021
2198.51250594086,1.0007023811340332,0.0001246023311978206
2198.5329374878056,1.0011265277862549,0.00012502714525908232
2198.5533690348384,1.0008257627487183,0.00012532545952126384
2198.573800581973,1.0001386404037476,0.00012546873767860234
2198.5942321292023,1.0000615119934082,0.00012555884313769639
2198.6146637765196,1.0005829334259033,0.0001256449759239331
2198.635095223959,1.0005329847335815,0.00012570014223456383
2198.6555267714866,1.000458836555481,0.00012565597717184573
2198.6759584191022,1.0008639097213745,0.00012550885730888695
2198.69638986684,1.0004976987838745,0.00012540009629447013
2198.73725306258,1.0009303092956543,0.00012508239888120443
2198.757684510616,1.000486969947815,0.00012532681284938008
2198.7781161587263,1.0002473592758179,0.0001254805101780221
2198.798547706945,1.0001674890518188,0.0001256243122043088
2198.818979155287,0.9993035793304443,0.00012563599739223719
2198.900705449596,0.999345600605011,0.00012530726962722838
2198.921136998433,1.0007127523422241,0.0001250136410817504
2198.9415686473585,1.0004140138626099,0.0001246799511136487
2199.002863294794,1.0004299879074097,0.0001257298281416297
2199.023294844148,1.000190019607544,0.0001257232070202008
2199.043726293603,1.0003085136413574,0.00012567613157443702
2199.064157943154,1.0006141662597656,0.00012571908882819116
2199.0845894928207,1.0005077123641968,0.00012570687977131456
2199.1050210425747,1.0005595684051514,0.00012550933752208948
2199.1254525924523,1.0006449222564697,0.00012544998025987297
2199.145884142432,1.0003442764282227,0.00012528452498372644
2199.1663156925133,1.0007054805755615,0.00012515299022197723
2199.186747242704,1.0002975463867188,0.00012488984793890268
2199.227610343398,1.000707983970642,0.00012477004202082753
2199.2480418939085,1.0011656284332275,0.0001251445064553991
2199.268473344535,1.0011709928512573,0.00012524369230959564
2199.288904995243,1.0004891157150269,0.00012543002958409488
2199.3093365460736,1.0001282691955566,0.0001255682436749339
2199.329768197,1.0007476806640625,0.00012569072714541107
2199.3501996480554,1.0002621412277222,0.00012569990940392017
2199.3706311992137,1.000328779220581,0.0001257595286006108
2199.39106285046,1.000477910041809,0.0001258166303159669
2199.411494301843,1.0007991790771484,0.0001257628609891981
2199.4319258533214,1.0003845691680908,0.00012575385335367173
2199.452357504895,1.00078284740448,0.00012565593351610005
2199.4727889566057,1.00052011013031,0.0001255856768693775
2199.4932205084187,1.000579833984375,0.00012532326218206435
2199.51365216032,1.0001991987228394,0.0001251766225323081
2199.534083612365,1.000525951385498,0.00012502798927016556
2199.554515264492,1.000288486480713,0.0001247410400537774
2199.5749468167414,1.0002026557922363,0.0001244739833055064
2199.5953783691075,1.000319004058838,0.00012424813758116215
2199.6158099215827,1.0001609325408936,0.00012386600428726524
2199.6362414741598,0.9996908903121948,0.00012343951675575227
2199.6566730268605,1.0000050067901611,0.00012304275878705084
2199.6771045796777,0.9992745518684387,0.00012227660045027733
2199.717967685632,0.9999977946281433,0.00012573412095662206
2199.7383993387703,1.0004116296768188,0.00012581348710227758
2199.7588307920305,1.0004175901412964,0.00012582362978719175
2199.779262445394,1.0004394054412842,0.00012579720350913703
2199.799693998888,1.0005024671554565,0.00012576289009302855
2199.8201254524975,1.0006300210952759,0.00012564120697788894
2199.8405571062103,1.000490427017212,0.0001255230454262346
2199.8609885600526,1.000599980354309,0.00012538820737972856
2199.8814201139976,1.000497579574585,0.00012508771033026278
2199.9018517680524,1.000344157218933,0.00012488469656091183
2199.922283222244,1.0001980066299438,0.00012464832980185747
2199.963146430935,1.0008467435836792,0.0001253667869605124
2199.983577885476,1.0006023645401,0.00012557946320157498
2200.0040095401055,1.0001376867294312,0.0001257311669178307
2200.0244410948653,0.9999769330024719,0.00012580282054841518
2200.0448725497554,1.000015139579773,0.00012586358934640884
2200.0653042047343,1.000373363494873,0.00012584654905367643
2200.0857357598434,1.0002855062484741,0.00012579104804899544
2200.106167315076,1.0004626512527466,0.00012566562509164214
2200.126598870418,1.0005581378936768,0.0001255171955563128
2200.147030425891,1.0003865957260132,0.00012532003165688366
2200.1674620814592,1.000455379486084,0.0001250462228199467
2200.2083250930154,1.0006345510482788,0.0001255410024896264
2200.22875674894,1.000646948814392,0.0001253899245057255
2200.2491883050025,1.000658392906189,0.00012512454122770578
2200.269619761202,1.000364065170288,0.00012482520833145827
2200.2900514174835,1.0003238916397095,0.00012448409688659012
2200.310482973917,1.000321865081787,0.0001241831196239218
2200.330914430466,1.000252366065979,0.00012360619439277798
2200.3513460871472,0.9998161792755127,0.00012299249647185206
2200.3717776439225,0.999586820602417,0.00012224166130181402
2200.3922093008223,0.9992081522941589,0.00012128444359404966
2200.4126407578588,0.9992072582244873,0.00012008218618575484
2200.453503972283,1.0000752210617065,0.00012570011313073337
2200.4739354296908,0.9999998211860657,0.00012585913646034896
2200.494366987208,1.0001094341278076,0.0001259265118278563
2200.514798544864,1.000580072402954,0.00012586860975716263
2200.5352301026287,1.0004029273986816,0.00012579520989675075
2200.5556616605318,1.0007250308990479,0.000125656632008031
2200.5760932185513,1.0002001523971558,0.00012538880400825292
2200.5965247767017,1.000444769859314,0.0001251274807145819
2200.616956434962,1.0001546144485474,0.0001248136250069365
2200.637387893359,1.0002073049545288,0.00012417927791830152
2200.657819451866,1.0000606775283813,0.00012364250142127275
2200.6986825692875,1.0004717111587524,0.00012465532927308232
2200.7191141281946,1.0003412961959839,0.0001251032663276419
2200.739545787197,1.000515341758728,0.00012548740778584033
2200.759977246351,1.0001671314239502,0.00012575169967021793
2200.780408805629,1.0000306367874146,0.0001259171694982797
2200.800840465032,1.0005110502243042,0.0001259778655366972
2200.8212720245647,1.0003703832626343,0.0001259106647921726
2200.8417035842067,1.0003665685653687,0.000125777383800596
2200.8621351440015,1.0004428625106812,0.00012560427421703935
2200.8825667039127,1.0004165172576904,0.0001253053778782487
2200.9029983639484,1.0002858638763428,0.0001250045170309022
2200.9438613844395,1.0004016160964966,0.00012565476936288178
2200.9642930448535,1.0000873804092407,0.0001257590774912387
2200.9847245054334,1.0001635551452637,0.00012582007911987603
2201.005156166102,0.9998225569725037,0.0001259353884961456
2201.0255877269083,1.0001240968704224,0.00012593911378644407
2201.046019187881,1.0000416040420532,0.0001259557466255501
2201.066450848957,1.0002977848052979,0.00012592689017765224
2201.0868824101562,1.000159502029419,0.00012596268788911402
2201.107313871522,1.0003554821014404,0.00012582058843690902
2201.127745532991,1.0004974603652954,0.00012570213584695011
2201.1481770945975,1.0005440711975098,0.00012557384616229683
2201.1890402182034,1.0006494522094727,0.00012486478954087943
2201.209471780203,1.0008782148361206,0.0001251666690222919
2201.229903342355,1.0007095336914062,0.0001254155213246122
2201.2503349046237,1.0000337362289429,0.00012568393140099943
2201.2707664670306,0.9998394250869751,0.00012577703455463052
2201.291198029561,0.9999297857284546,0.00012589561811182648
2201.3116295922373,0.9999408721923828,0.00012599036563187838
2201.3320611550225,1.0004240274429321,0.00012604179210029542
2201.3524927179606,1.0006293058395386,0.00012609647819772363
2201.372924281044,1.0004234313964844,0.00012595955922733992
2201.393355844266,1.0004023313522339,0.00012590375263243914
2201.4342189711024,1.0007554292678833,0.00012329356104601175
2201.4546506347033,1.0007848739624023,0.0001236457610502839
2201.475082198456,1.0003238916397095,0.00012401775165926665
2201.495513662354,1.0004401206970215,0.00012463123130146414
2201.5159453263623,1.0006725788116455,0.00012492729001678526
2201.5363768905227,1.0008126497268677,0.00012521041207946837
2201.556808354828,1.00083589553833,0.0001255574607057497
2201.5772400192727,1.0000280141830444,0.0001256779651157558
2201.5976715838406,1.0000813007354736,0.0001258370466530323
2201.618103048546,0.9999403953552246,0.00012592862185556442
2201.6385347134055,0.9996785521507263,0.00012598741159308702
2201.658966278381,1.0002806186676025,0.00012601498747244477
2201.679397943495,0.9976184964179993,0.00012593154679052532
2201.7406926397234,0.9976058602333069,0.000125601640320383
2201.7611241054256,1.000596046447754,0.00012548408994916826
2201.781555671245,1.0002193450927734,0.0001252327929250896
2201.8019873372323,1.0003420114517212,0.00012490946392063051
2201.822418803342,1.000495195388794,0.00012457229604478925
2201.8428504695694,1.0003883838653564,0.00012426104512996972
2201.8632820359635,0.9999879598617554,0.00012352681369520724
2201.8837135025096,1.0001909732818604,0.00012288489961065352
2201.9245766360036,1.0003581047058105,0.00012587205856107175
2201.945008202958,1.0002869367599487,0.0001257067924598232
2201.9654398700586,1.0003770589828491,0.00012553323176689446
2201.9858714372967,1.000144600868225,0.00012523331679403782
2202.006302904687,1.0003265142440796,0.00012497897841967642
2202.026734572224,1.0003185272216797,0.00012470645015127957
2202.0471661398988,1.0001275539398193,0.00012418688856996596
2202.067597707697,1.0001131296157837,0.00012360372056718916
2202.08802927567,1.0001474618911743,0.0001229223416885361
2202.1084608437814,0.9997610449790955,0.00012188487744424492
2202.128892512017,1.0002034902572632,0.00012053552927682176
2202.1697555489736,1.000454068183899,0.0001258329430129379
2202.190187217646,1.000256896018982,0.0001256501564057544
2202.210618686491,1.0002838373184204,0.0001254421949852258
2202.2310502554756,1.0003360509872437,0.00012505800987128168
2202.2514819245844,1.0003385543823242,0.00012470535875763744
2202.2719133938663,1.0001144409179688,0.00012427032925188541
2202.292345063259,1.000205636024475,0.00012363019050098956
2202.3127766328325,1.0002398490905762,0.00012290569429751486
2202.333208102551,0.9999194741249084,0.00012219397467561066
2202.353639772409,0.9996580481529236,0.00012097839498892426
2202.3740713424195,0.9993640780448914,0.00011706516670528799
2202.4149344828984,1.0005035400390625,0.00012611197598744184
2202.435366053345,0.9999469518661499,0.00012589582183863968
2202.455797723931,1.0004491806030273,0.0001257860567420721
2202.476229194697,1.000366449356079,0.00012551223335321993
2202.4966607656097,1.0003724098205566,0.00012519504525698721
2202.5170923366677,1.000563383102417,0.0001249300839845091
2202.537523907864,1.0005441904067993,0.0001243018195964396
2202.557955479213,1.0003851652145386,0.00012366300506982952
2202.5783870507294,1.0000782012939453,0.00012284710828680545
2202.5988186223694,0.9998724460601807,0.00012145680375397205
2202.619250194184,1.000038743019104,0.00011947796156164259
2202.660113338272,0.9999139904975891,0.00012611341662704945
2202.680545010524,1.0003563165664673,0.0001261985453311354
2202.7009765829134,1.0007233619689941,0.00012610254634637386
2202.721408055513,1.000596284866333,0.0001259536948055029
2202.7418397282017,1.0008474588394165,0.00012571598927024752
2202.762271301086,1.0004795789718628,0.00012530914682429284
2202.7827027741223,1.0007680654525757,0.00012486957712098956
2202.8031344473056,1.0003870725631714,0.00012436590623110533
2202.8235660206265,1.0003437995910645,0.00012356122897472233
2202.8439974941284,1.0001435279846191,0.00012241624062880874
2202.8644291677483,1.000078558921814,0.00012107871589250863
2202.925723889617,1.0004029273986816,0.00012618109758477658
2202.946155463869,1.0004727840423584,0.00012621992209460586
2202.966587138304,1.000418782234192,0.00012610286648850888
2202.987018612883,1.0007550716400146,0.00012604653602465987
2203.0074501876006,1.000440001487732,0.00012592156417667866
2203.027881862501,1.000373363494873,0.00012569810496643186
2203.0483133375456,1.0003814697265625,0.00012558384332805872
2203.06874501273,1.0001522302627563,0.00012526780483312905
2203.089176588095,1.0004276037216187,0.00012506295752245933
2203.109608163606,1.0004805326461792,0.00012480339501053095
2203.1504713151153,0.9996771216392517,0.00012604729272425175
2203.170902891121,1.0000120401382446,0.0001261617144336924
2203.191334467265,1.000260591506958,0.00012626443640328944
2203.2117660435615,1.0003844499588013,0.00012624634837266058
2203.232197620062,1.0003942251205444,0.0001262091100215912
2203.2526291966715,1.0003550052642822,0.00012612328282557428
2203.273060773463,1.0004181861877441,0.00012595747830346227
2203.2934924504225,1.0004644393920898,0.00012584280921146274
2203.3139239275333,1.0007603168487549,0.00012555714056361467
2203.3343555047904,1.0006115436553955,0.00012546601647045463
2203.354787182223,1.0003819465637207,0.00012518897710833699
2203.395650237573,1.000240445137024,0.00012631421850528568
2203.416081915464,1.0005120038986206,0.0001262554433196783
2203.4365133935644,1.0005669593811035,0.00012616229651030153
2203.456944971811,1.0006563663482666,0.0001260730787180364
2203.477376650204,1.0008724927902222,0.00012592489656526595
2203.497808128792,1.0007643699645996,0.00012566453369800001
2203.518239807505,1.0002994537353516,0.0001254701055586338
2203.5386713863845,1.000720739364624,0.00012515786511357874
2203.5591028654453,1.0007104873657227,0.00012471499212551862
2203.5795345446822,1.0005075931549072,0.00012434707605279982
2203.599966124064,1.0006333589553833,0.0001237123360624537
2203.640829283315,1.0002650022506714,0.00012625109229702502
2203.661260863184,1.0003389120101929,0.0001262918667634949
2203.6816925432067,1.000645637512207,0.0001261791039723903
2203.7021240234317,1.0004165172576904,0.0001261161087313667
2203.722555603803,1.0004297494888306,0.00012593063001986593
2203.7429872843422,1.0003130435943604,0.00012568281090352684
2203.7634188650336,1.000312089920044,0.0001254062808584422
2203.7838503459207,1.00062894821167,0.00012505949416663498
2203.804282026991,1.0006743669509888,0.00012454202806111425
2203.8247136081773,1.000244379043579,0.00012398423859849572
2203.8451450895373,1.0002957582473755,0.0001231590285897255
2203.886008352776,1.0004141330718994,0.00012631529534701258
2203.9064399346535,1.0005320310592651,0.00012612322461791337
2203.9268715167127,1.000484585762024,0.00012593345309142023
2203.947302998946,1.0004496574401855,0.00012573835556395352
2203.9677346812896,1.000945806503296,0.00012542869080789387
2203.9881662638727,1.0006868839263916,0.00012513267574831843
2204.0085977466297,1.00063157081604,0.00012470460205804557
2204.0290294294973,1.000598430633545,0.000124242520541884
2204.049461012546,1.0004926919937134,0.00012347997108008713
2204.069892495827,1.0003244876861572,0.00012284705007914454
2204.0903241791602,0.9999212622642517,0.00012188356049591675
2204.131187446481,0.9996939301490784,0.000126237326185219
2204.151618930453,1.0000585317611694,0.0001263230515178293
2204.1720505144913,1.0004466772079468,0.00012636806059163064
2204.192482198763,1.0003658533096313,0.00012626044917851686
2204.212913683201,1.0007622241973877,0.0001261323195649311
2204.2333452678213,1.0007100105285645,0.000125954975374043
2204.253776952559,1.0006228685379028,0.00012570427497848868
2204.274208537521,1.000342607498169,0.00012532663822639734
2204.2946401226654,1.0004839897155762,0.000124928483273834
2204.3150717079843,1.0006014108657837,0.00012453831732273102
2204.3355032934123,1.0005604028701782,0.00012364758003968745
2204.376366464916,1.000169277191162,0.00012608429824467748
2204.396798050875,1.0002614259719849,0.00012628771946765482
2204.417229637067,1.0001188516616821,0.00012638003681786358
2204.4376612234337,1.0003877878189087,0.0001264392922166735
2204.4580928099094,1.0007281303405762,0.00012637412874028087
2204.478524496626,1.000487208366394,0.00012619770132005215
2204.498955983392,1.0003859996795654,0.0001258869597222656
2204.519387670458,0.9992480874061584,0.0001255659881280735
2204.6215455083293,1.0005258321762085,0.00012455145770218223
2204.641977196443,1.000691533088684,0.00012513289402704686
2204.662408684788,1.000535249710083,0.00012554331624414772
2204.6828403732434,1.0003001689910889,0.00012588925892487168
2204.70327196188,0.9998778104782104,0.00012614962179213762
2204.7237034506907,0.9996404647827148,0.00012625224189832807
2204.74413513967,0.9999863505363464,0.00012642861111089587
2204.764566728889,1.0002135038375854,0.0001264039456145838
2204.7849982182233,1.0007009506225586,0.00012627879914361984
2204.805429907785,1.0005913972854614,0.00012603681534528732
2204.8258614975275,1.0005550384521484,0.0001257240801351145
2204.8667246775294,1.0000686645507812,0.00012641347711905837
2204.8871562677377,1.0002527236938477,0.0001264816673938185
2204.9075879581796,1.0003584623336792,0.0001263135054614395
2204.9280195488464,1.0004950761795044,0.00012628901458811015
2204.948451039636,1.000719428062439,0.00012613840226549655
2204.96888273066,1.0004770755767822,0.00012596065062098205
2204.9893143217923,1.0005462169647217,0.00012584810610860586
2205.009745813164,1.0004103183746338,0.00012566239456646144
2205.030177504712,1.0003302097320557,0.0001253231894224882
2205.0506090964263,1.0005379915237427,0.00012507832434494048
2205.07104058838,1.0006251335144043,0.00012469326611608267
2205.11190387269,1.0004562139511108,0.00012565567158162594
2205.1323355651693,1.0001193284988403,0.00012594059808179736
2205.1527670578216,0.9996054172515869,0.0001261112338397652
2205.173198650642,0.9998645186424255,0.00012623032671399415
2205.1936302436443,0.999813437461853,0.00012632411380764097
2205.2140618368794,1.0001448392868042,0.00012640762724913657
2205.234493430282,1.0003316402435303,0.00012652736040763557
2205.254925023808,1.0003544092178345,0.0001264564343728125
2205.275356617567,1.0002294778823853,0.00012640890781767666
2205.295788311494,1.000509262084961,0.00012634812446776778
2205.31621980566,1.000291347503662,0.00012618016626220196
2205.357083094452,1.0008209943771362,0.00012559174501802772
2205.3775145891996,1.00054132938385,0.0001259555428987369
2205.3979461840645,1.0000813007354736,0.00012614265142474324
2205.4183778790975,0.9998756051063538,0.00012625640374608338
2205.438809374369,0.9997574090957642,0.00012642581714317203
2205.459240969816,1.0001001358032227,0.00012648076517507434
2205.4796726654313,1.0000314712524414,0.00012650182179640979
2205.5001042612857,1.0004243850708008,0.00012639648048207164
2205.5205358572566,1.00035560131073,0.0001263358280993998
2205.5409674535113,1.0002284049987793,0.00012614441220648587
2205.5613990498896,1.0003615617752075,0.00012595586304087192
2205.602262243221,1.0002564191818237,0.00012489871005527675
2205.6226938401815,1.0007991790771484,0.00012531773245427758
2205.64312553731,1.0007318258285522,0.00012572812556754798
2205.663557034677,0.9999295473098755,0.00012604043877217919
2205.6839886322196,0.9998488426208496,0.00012623016664292663
2205.70442032993,0.9997006058692932,0.00012633147707674652
2205.7248518278793,0.9997678995132446,0.00012646849791053683
2205.7452835260046,0.9999371767044067,0.000126535989693366
2205.7657151242965,0.9999431371688843,0.00012648486881516874
2205.7861466227696,1.000091791152954,0.00012634345330297947
2205.806578321477,1.0003210306167603,0.0001262561127077788
2205.8474414194643,1.00015389919281,0.00012596018495969474
2205.8678731186956,0.9999348521232605,0.00012616570165846497
2205.8883047181516,0.9998061060905457,0.00012635892198886722
2205.908736317848,0.9997386932373047,0.0001264544844161719
2205.9291679177186,1.0007598400115967,0.00012656422040890902
2205.949599417756,1.0000003576278687,0.00012652244186028838
2205.9700311179768,1.000114917755127,0.00012638392217922956
2205.9904627184296,1.0000253915786743,0.00012630372657440603
2206.01089431905,1.0001890659332275,0.0001260773278772831
2206.031325919852,1.0008280277252197,0.0001258963457075879
2206.051757520887,1.0005834102630615,0.0001255703391507268
2206.1130523251486,1.0002460479736328,0.00012644716480281204
2206.133484026992,1.0003366470336914,0.0001262533914996311
2206.1539156290164,1.0000675916671753,0.00012611289275810122
2206.1743471312147,1.0006550550460815,0.0001257832773262635
2206.19477883364,1.0003224611282349,0.00012550434621516615
2206.2152104362467,1.000423789024353,0.00012521521421149373
2206.235641939027,1.0006574392318726,0.00012470109504647553
2206.2560736420346,1.000374436378479,0.00012391406926326454
2206.2765052452232,1.0004576444625854,0.00012265477562323213
2206.296936948638,1.0006158351898193,0.00011794126476161182
2206.3378000560624,0.9998729825019836,0.00012658926425501704
2206.3582317600667,1.000313401222229,0.00012658450577873737
2206.378663264237,1.0003970861434937,0.00012646682444028556
2206.399094868648,1.000274896621704,0.0001263185840798542
2206.419526573285,1.0001821517944336,0.00012618527398444712
2206.439958078103,1.0001912117004395,0.0001259139971807599
2206.460389683096,1.000475525856018,0.00012554312706924975
2206.4808213883225,1.000341534614563,0.00012526764476206154
2206.501252893715,1.0006529092788696,0.00012464288738556206
2206.521684599349,1.0006219148635864,0.00012397168029565364
2206.54211620515,1.0007236003875732,0.00012322445400059223
2206.582979417406,1.00026273727417,0.00012654003512579948
2206.6034109238535,1.0002139806747437,0.00012641822104342282
2206.623842530469,1.0004222393035889,0.00012625346425920725
2206.6442742372674,1.000395655632019,0.00012606647214852273
2206.664705744297,1.0000845193862915,0.00012575439177453518
2206.685137351553,1.0004386901855469,0.00012547541700769216
2206.7055690589914,1.0006424188613892,0.0001250402128789574
2206.726000666662,1.0007582902908325,0.00012432542280294
2206.7464322745,1.000674843788147,0.00012361978588160127
2206.766863882578,1.0006194114685059,0.0001226037711603567
2206.7872954908817,1.001215934753418,0.0001209618931170553
2206.8281587080273,1.000274896621704,0.00012664344103541225
2206.848590316913,1.0004169940948486,0.00012665621761698276
2206.8690220259814,1.0001423358917236,0.00012662660446949303
2206.889453535281,1.0002543926239014,0.0001265378959942609
2206.909885244808,1.0003585815429688,0.00012651346332859248
2206.9303168545157,1.0003896951675415,0.0001263990270672366
2206.9507483644556,1.0004600286483765,0.0001262753503397107
2206.9711800745645,1.000454068183899,0.00012614516890607774
2206.9916116849126,1.0003104209899902,0.0001258986012544483
2207.012043195493,1.0004421472549438,0.00012576642620842904
2207.032474906242,1.000229001045227,0.0001254543021786958
2207.0733380283928,0.999946117401123,0.0001266656327061355
2207.093769739782,1.0002593994140625,0.00012667673581745476
2207.114201351411,0.9999869465827942,0.00012658612104132771
2207.1346330631495,1.0003572702407837,0.00012652204895857722
2207.155064575185,1.0001780986785889,0.00012634301674552262
2207.175496187454,1.00014328956604,0.00012624457303900272
2207.1959278998984,1.000386357307434,0.00012612793943844736
2207.216359412567,1.0001665353775024,0.00012578458699863404
2207.236791025418,1.0005258321762085,0.0001256341638509184
2207.257222638502,1.000454068183899,0.00012530431558843702
2207.277654351754,1.0006260871887207,0.00012487491767387837
2207.3185175789695,0.9993661046028137,0.00012639013584703207
2207.3389490929185,0.9992570877075195,0.00012651635915972292
2207.359380807051,0.9992316365242004,0.00012660941865760833
2207.441107265724,0.9976426362991333,0.00012641979265026748
2207.4615387809536,0.9999035000801086,0.00012644033995456994
2207.4819704964248,1.0001003742218018,0.0001262860605493188
2207.5636969602783,0.9995916485786438,0.00012667302507907152
2207.584128676732,0.9995772838592529,0.00012670703290496022
2207.604560193482,0.9998252987861633,0.00012676916958298534
2207.6249918104004,0.9999562501907349,0.0001267808402189985
2207.6454235275596,1.000177264213562,0.00012674267054535449
2207.66585504495,1.0001975297927856,0.0001265726750716567
2207.686286662516,1.0002847909927368,0.00012652801524382085
2207.7067183803083,1.0000298023223877,0.00012627417163457721
2207.727149898339,1.0001951456069946,0.00012604756921064109
2207.747581616597,0.9999235272407532,0.00012577993038576096
2207.768013235036,1.0002400875091553,0.00012557442823890597
2207.8088764726053,1.000471591949463,0.00012615081504918635
2207.829308091743,1.0000056028366089,0.00012623949442058802
2207.849739711055,0.9998632073402405,0.0001263909653062001
2207.870171330651,0.9991575479507446,0.0001267574552912265
2207.8906029504287,0.9990572929382324,0.0001266167382709682
2207.9110345704394,0.9994416236877441,0.00012684700777754188
2207.9314661906174,0.9998155832290649,0.00012680294457823038
2207.9518978110937,0.9997853636741638,0.00012683746172115207
2207.9723294317446,1.0000578165054321,0.00012666694237850606
2207.992761052621,1.0000512599945068,0.0001266150502488017
2208.0131926737376,1.0000886917114258,0.00012644636444747448
2208.054055916604,1.0003151893615723,0.00012551479449030012
2208.0744875383607,1.000411868095398,0.00012597203021869063
2208.094919260351,1.0005807876586914,0.0001262454898096621
2208.1153507825657,0.9996416568756104,0.0001263573212781921
2208.135782505022,0.9992998242378235,0.00012657669140025973
2208.15621412771,0.9992126226425171,0.00012673964374698699
2208.1766456505648,0.9994957447052002,0.00012685202818829566
2208.197077373661,0.9999081492424011,0.00012687835260294378
2208.2175089969896,0.9999667406082153,0.00012681738007813692
2208.237940520543,0.9998135566711426,0.00012664332462009043
2208.258372244338,1.0000228881835938,0.0001265243481611833
2208.2992353926165,0.9992380142211914,0.00012653991871047765
2208.3196671170517,0.9998164772987366,0.00012666959082707763
2208.340098741777,0.9994366765022278,0.0001268424530280754
2208.3605304666708,0.9998853206634521,0.00012691989832092077
2208.380961991803,0.9996670484542847,0.0001269327476620674
2208.4013936171687,0.9997611045837402,0.0001268313790205866
2208.4218253427607,1.000216007232666,0.00012666940165217966
2208.4422568685914,1.0000325441360474,0.00012642881483770907
2208.4626884946556,1.0000805854797363,0.0001261819852516055
2208.483120220888,0.9999002814292908,0.00012589139805641025
2208.503551847418,1.0004228353500366,0.00012536390568129718
2208.5444151011106,0.999637246131897,0.00012652805889956653
2208.564846728281,0.9992769956588745,0.00012669550778809935
2208.5852783556766,0.9993190169334412,0.00012686700210906565
2208.6057099833706,0.9995192289352417,0.00012692388554569334
2208.6261415112385,0.9995484352111816,0.00012690422590821981
2208.646573239341,0.9997831583023071,0.0001267826883122325
2208.667004867668,0.9998499155044556,0.00012657618208322674
2208.6874363962343,1.0001980066299438,0.000126416576677002
2208.7078681250277,0.9999619126319885,0.00012602645438164473
2208.7282997540606,1.0000556707382202,0.0001256799732800573
2208.748731483327,1.000535249710083,0.0001251885259989649
2208.7895946425488,0.999234676361084,0.0001267729967366904
2208.8100263725137,0.9990781545639038,0.00012685591354966164
2208.8304579026444,0.9992201924324036,0.00012691887968685478
2208.8508895331324,0.9996114373207092,0.00012696307385340333
2208.8713212637376,0.999809741973877,0.00012695709301624447
2208.8917527946905,0.9998100399971008,0.00012700253864750266
2208.912184525754,0.9999108910560608,0.00012691595475189388
2208.932616157057,1.0001219511032104,0.00012682355009019375
2208.953047688701,1.00001859664917,0.0001267489424208179
2208.9734794204705,1.0003998279571533,0.00012661780056077987
2208.9939110525884,0.9998288154602051,0.00012647955736611038
2209.034774317399,0.9997711181640625,0.0001270011707674712
2209.0552059500988,0.9997072815895081,0.00012701305968221277
2209.0756375831406,0.9997365474700928,0.00012695509940385818
2209.0960692164226,0.9995426535606384,0.0001268473861273378
2209.116500849821,0.9998690485954285,0.00012672910816036165
2209.136932583562,1.000038743019104,0.00012662727385759354
2209.157364217426,1.0000747442245483,0.0001265653409063816
2209.1777957516388,0.9997901320457458,0.00012628120020963252
2209.1982274860784,0.9998480081558228,0.0001261540164705366
2209.2186591207574,1.000215768814087,0.00012590356345754117
2209.239090655552,1.0000182390213013,0.00012555444845929742
2209.279953926067,0.9995071887969971,0.00012694127508439124
2209.300385661678,0.9996004700660706,0.00012696694466285408
2209.3208172975137,0.9999099373817444,0.00012685716501437128
2209.341248833589,0.9999797940254211,0.00012668904673773795
2209.3616805698985,0.9998269081115723,0.00012656561739277095
2209.382112206433,0.9999814033508301,0.00012634624727070332
2209.402543743323,1.0001628398895264,0.0001261202123714611
2209.422975480331,1.0001734495162964,0.00012595807493198663
2209.4434071175638,1.0000393390655518,0.0001255828101420775
2209.4638386551524,1.000373125076294,0.0001253034279216081
2209.484270392859,1.0005614757537842,0.00012487798812799156
2209.525133769079,0.9994373321533203,0.00012705284461844712
2209.5455653075915,0.999234139919281,0.00012711688759736717
2209.565996946345,0.999379575252533,0.00012703008542302996
2209.5864286852157,0.9996353387832642,0.00012699008220806718
2209.606860224434,0.9996213912963867,0.00012684693501796573
2209.627291863879,0.9997667670249939,0.00012672963202930987
2209.6477236035644,0.9996258020401001,0.00012658514606300741
2209.6681552434748,0.9995436668395996,0.00012635719031095505
2209.6885868837417,1.0000258684158325,0.0001261840370716527
2209.709018524125,1.0002844333648682,0.00012581727060023695
2209.729450164734,1.0003111362457275,0.00012559820606838912
2209.7703134468975,0.9993806481361389,0.00012711928866337985
2209.790745088205,0.9996356964111328,0.0001270575012313202
2209.8111768298695,0.9997196793556213,0.00012698970385827124
2209.8316083717655,0.9999478459358215,0.00012695830082520843
2209.8520400138877,0.9998345971107483,0.0001267452898900956
2209.87247165625,0.9997129440307617,0.00012663535017054528
2209.8929032989618,0.9999593496322632,0.00012650132703129202
2209.9133350417833,0.9998514652252197,0.0001261437573703006
2209.9337665848434,1.0000311136245728,0.000125907376059331
2209.9541982282535,1.0000873804092407,0.00012560043251141906
2209.97462997189,1.000292181968689,0.00012507050996646285
2210.0154931598736,0.9992198944091797,0.00012694968609139323
2210.0359249042085,0.9994230270385742,0.00012710457667708397
2210.056356448782,0.9994973540306091,0.00012710667215287685
2210.07678819359,0.9996673464775085,0.00012716314813587815
2210.097219838739,0.9998065829277039,0.00012705157860182226
2210.117651384011,0.9995000958442688,0.00012690119910985231
2210.1380831296337,0.999779999256134,0.0001267489860765636
2210.1585147754813,0.9995458722114563,0.00012659250933211297
2210.178946421569,0.9997020959854126,0.00012633866572286934
2210.1993780678895,1.0001617670059204,0.0001260975404875353
2210.219809714552,0.9983675479888916,0.00012578124005813152
2210.3015364034363,0.9991822838783264,0.0001261219149455428
2210.3219679512695,0.9999378323554993,0.0001264516031369567
2210.342399599329,0.999398946762085,0.00012669687566813082
2210.3628313476293,0.9990110397338867,0.00012685400724876672
2210.383262996271,0.9988927841186523,0.00012702611275017262
2210.4036945451517,0.9991996884346008,0.00012715824414044619
2210.424126294267,0.9994053244590759,0.0001272065273951739
2210.444557943614,0.9994887709617615,0.00012713810428977013
2210.464989693188,0.999777615070343,0.0001271360961254686
2210.4854212431164,0.9997454285621643,0.000126938903122209
2210.505852893155,0.9997348189353943,0.00012675019388552755
2210.52628454355,0.9998831152915955,0.00012655224418267608
2210.546716194178,0.9994861483573914,0.00012607144890353084
2210.5671478450386,1.000282883644104,0.00012586548109538853
2210.5875795961256,1.0002003908157349,0.00012528611114248633
2210.6080111475676,1.0006252527236938,0.00012474996037781239
2210.628442799236,1.0008419752120972,0.0001239982375409454
2210.6488744511444,1.0009090900421143,0.00012304374831728637
2210.6693061032856,1.0010652542114258,0.0001221408456331119
2210.689737855653,1.0012937784194946,0.00011930664186365902
2210.710169408376,1.001267433166504,0.00011324880324536934
2210.7510328145145,0.9996132850646973,0.0001272083754884079
2210.7714643679356,0.9990517497062683,0.00012722740939352661
2210.79189602159,0.9994485974311829,0.0001273005036637187
2210.8123277755876,0.9994366765022278,0.00012721905659418553
2210.8327594298244,0.9994910359382629,0.00012722215615212917
2210.853191084294,0.9996651411056519,0.00012716757191810757
2210.873622738989,0.9998077750205994,0.00012711342424154282
2210.8940543939243,0.9998042583465576,0.00012697585043497384
2210.914486049209,0.9998825788497925,0.00012689418508671224
2210.934917704719,0.9997724294662476,0.0001267666812054813
2210.955349360469,1.0001959800720215,0.00012664312089327723
2210.996212672777,0.9995525479316711,0.00012715139018837363
2211.016644329342,0.9994398951530457,0.00012707916903309524
2211.0370760861406,0.9997463822364807,0.00012700227671302855
2211.0575076431633,0.999840259552002,0.00012680917279794812
2211.077939400544,0.9998161196708679,0.00012670387513935566
2211.0983710581568,0.9998600482940674,0.0001265916507691145
2211.1188026159944,0.9998102188110352,0.00012639191118068993
2211.1392343740736,0.9997320175170898,0.00012621644418686628
2211.159666032385,0.999984622001648,0.00012591145059559494
2211.1800975910373,1.0004647970199585,0.00012579280883073807
2211.2005293499315,1.0002357959747314,0.00012537020666059107
2211.241392668526,0.9990351796150208,0.00012733308540191501
2211.261824328234,0.9998074173927307,0.00012731262540910393
2211.2822558881744,0.9996591806411743,0.00012728292495012283
2211.302687648342,0.9997809529304504,0.00012724188854917884
2211.323119308865,1.000078797340393,0.0001270805805688724
2211.3435508696202,0.9997583627700806,0.00012692788732238114
2211.3639826306025,0.9999598860740662,0.00012681186490226537
2211.384414291824,0.9998963475227356,0.00012666336260735989
2211.404845953395,0.9997089505195618,0.000126484184875153
2211.4252776151916,0.9999666810035706,0.00012629240518435836
2211.4457092773446,1.0000216960906982,0.00012600753689184785
2211.4865726022254,0.998929500579834,0.00012719674850814044
2211.5070042644948,0.9991912245750427,0.00012732160394079983
2211.5274360276962,0.999657928943634,0.00012734952906612307
2211.547867691006,0.9997197985649109,0.00012731931929010898
2211.5682992546717,0.9997334480285645,0.00012731406604871154
2211.588731018681,0.9994515180587769,0.00012722429528366774
2211.609162682813,0.9998539090156555,0.00012717755453195423
2211.629594347294,0.9999882578849792,0.00012699973012786359
2211.6500260120083,0.9999856352806091,0.00012687992420978844
2211.6704576770644,1.0003589391708374,0.00012674243771471083
2211.690889442245,1.0002186298370361,0.0001264501188416034
2211.731752673644,0.9991300702095032,0.0001270796055905521
2211.752184439756,0.9989199042320251,0.0001272028748644516
2211.7726160060993,0.9991113543510437,0.00012727646389976144
2211.7930476726688,0.9993036985397339,0.00012732809409499168
2211.8134794395955,0.9993270039558411,0.00012738896475639194
2211.8339110067463,0.9997696280479431,0.00012740249803755432
2211.854342774139,0.999732494354248,0.0001272979425266385
2211.8747744418797,0.9997625350952148,0.00012724928092211485
2211.8952060098527,0.9999899864196777,0.000127109931781888
2211.9156377780528,0.9998354911804199,0.00012690428411588073
2211.936069346608,0.9997555613517761,0.00012673433229792863
2211.9769327844115,1.0011314153671265,0.00012470166257116944
2211.9973643537814,1.0003858804702759,0.00012525463534984738
2212.0177961233785,1.000577449798584,0.0001256057439604774
2212.038227793215,1.0007240772247314,0.00012609190889634192
2212.0586594634005,1.0004022121429443,0.00012641270586755127
2212.0790911338117,1.0001956224441528,0.00012672315642703325
2212.0995228045795,0.9996654987335205,0.00012696436897385865
2212.1199544754636,0.9994565844535828,0.0001270876673515886
2212.1403861466897,0.999095618724823,0.00012727463035844266
2212.1608178182723,0.9989919066429138,0.0001274574751732871
2212.181249490088,0.9994022846221924,0.0001274675305467099
2212.2016812621296,0.9992936849594116,0.00012740818783640862
2212.2221128345263,0.999624490737915,0.0001274404930882156
2212.2425446071575,0.9997968673706055,0.0001273540547117591
2212.2629762800134,0.9996002316474915,0.00012719155347440392
2212.283407853225,1.000119686126709,0.0001271068031201139
2212.303839626664,0.9998624920845032,0.00012694591714534909
2212.324271300342,0.9998800754547119,0.00012676302867475897
2212.3447028743685,1.0003234148025513,0.00012651323049794883
2212.3651346486295,1.0003740787506104,0.00012613667058758438
2212.3855663232316,1.0007282495498657,0.00012584577780216932
2212.4059980980746,1.000733733177185,0.00012524760677479208
2212.4264296731417,1.000918984413147,0.00012471756781451404
2212.467293124224,0.9997491240501404,0.00012707291170954704
2212.487724700113,0.9993897676467896,0.00012718490324914455
2212.508156376345,0.9991100430488586,0.00012738168879877776
2212.5285881529344,0.999335527420044,0.00012747647997457534
2212.5490197296313,0.9996525645256042,0.00012753487681038678
2212.5694514066854,0.9997749924659729,0.00012748454173561186
2212.589883084089,0.9999229907989502,0.0001273704692721367
2212.610314761725,0.9999197721481323,0.0001271025976166129
2212.6307465395876,1.0001649856567383,0.00012697794591076672
2212.651178117805,1.000246524810791,0.0001267232873942703
2212.671609796249,1.0016182661056519,0.00012641509238164872
2212.7124732540833,0.9988007545471191,0.00012736530334223062
2212.7329048333486,0.9991819858551025,0.00012735521886497736
2212.7533366129574,0.999203622341156,0.00012746908760163933
2212.7737682928055,0.9994109869003296,0.0001275390386581421
2212.794199872995,0.999528706073761,0.00012757998774759471
2212.8146316534257,0.9997463822364807,0.00012762696132995188
2212.835063334205,0.9997817277908325,0.00012759816308971494
2212.8554951150945,0.9998119473457336,0.00012753671035170555
2212.8759266964553,0.9997461438179016,0.00012748903827741742
2212.8963583780496,0.9999424815177917,0.0001273777015740052
2212.9167901598703,1.0001256465911865,0.00012727447028737515
2212.957653424455,0.9999725222587585,0.00012734778283629566
2212.978085207207,1.0001535415649414,0.00012730805610772222
2212.9985167901978,0.9998176097869873,0.00012722035171464086
2213.0189485734227,0.9999087452888489,0.0001270631473744288
2213.039380256989,1.0000135898590088,0.00012704018445219845
2213.0598118409107,0.9997344613075256,0.00012683001114055514
2213.141538679156,0.9980427622795105,0.00012607403914444149
2213.1619703644683,1.000792384147644,0.00012588800746016204
2213.2028337359225,0.9991104602813721,0.00012762304686475545
2213.2232654220497,0.9998606443405151,0.00012779944518115371
2213.243697108417,0.9996333122253418,0.00012763976701535285
2213.26412879525,0.9997084736824036,0.00012762413825839758
