time,flux,flux_err
539.4705713569929,1.0003255605697632,0.0008459420641884208
539.4910055756263,0.998624324798584,0.0008458347874693573
539.5114398940204,0.9996380805969238,0.0008459937525913119
539.5318740121875,0.9989867806434631,0.0008458998054265976
539.5523082301224,0.9987609386444092,0.0008459039381705225
539.5727425478253,1.0000507831573486,0.0008460776880383492
539.5931766652866,1.0003317594528198,0.0008464452112093568
539.6136108827559,0.9997757077217102,0.0008461786201223731
539.634045199753,0.9991385340690613,0.0008464238489978015
539.6544793165231,0.998452365398407,0.0008458903175778687
539.6749135332939,0.9996454119682312,0.0008462536497972906
539.6953478495998,1.0001320838928223,0.0008464414859190583
539.7157820658977,0.9991359710693359,0.000846082519274205
539.7362161817364,0.9997701644897461,0.0008462753612548113
539.7566504975694,0.9987754225730896,0.0008462592377327383
539.7770847129432,0.9994915723800659,0.0008462632540613413
539.7975188283162,0.9990323781967163,0.0008461908437311649
539.8179531432252,0.9989899396896362,0.000846375769469887
539.8383872581253,0.9996605515480042,0.0008460396784357727
539.8588215728014,1.0012825727462769,0.0008473970810882747
539.8792557872366,0.9993723034858704,0.0008462183177471161
539.8996899012127,0.9991840124130249,0.0008464734419248998
539.9201242151903,0.999346911907196,0.0008461730321869254
539.9405584289343,1.000715732574463,0.0008463935228064656
539.9609925424375,1.0004593133926392,0.000846378447022289
539.9814268557166,0.9984819293022156,0.0008460009121336043
540.0018610687548,1.0021247863769531,0.0008467625011689961
540.0222951815667,1.0006866455078125,0.0008464299608021975
540.0427294941474,1.0002672672271729,0.00084651168435812
540.0631637064944,0.9996773600578308,0.0008462897385470569
540.0835979186013,1.000394582748413,0.0008464789716526866
540.1040321304827,1.0024257898330688,0.0008467387524433434
540.1244663421239,1.0014055967330933,0.0008468323503620923
540.1449006537732,1.0008167028427124,0.0008466754225082695
540.1653347649553,1.0011897087097168,0.0008468794985674322
540.1857689759054,0.9988994002342224,0.0008464133716188371
540.2062032866161,1.0011712312698364,0.0008468037704005837
540.2266374973333,1.0012861490249634,0.0008469322347082198
540.2470716075768,0.9997583031654358,0.0008463875856250525
540.2675059178291,0.9997865557670593,0.0008465924183838069
540.287940127615,1.0006908178329468,0.0008465478895232081
540.3083742371673,1.0007455348968506,0.0008469020249322057
540.3288085467138,0.9996917247772217,0.0008462604018859565
540.3492427558012,1.0016682147979736,0.0008470530156046152
540.3696768648806,1.0008238554000854,0.0008469569147564471
540.3901111737359,0.9983536005020142,0.0008463968988507986
540.4105453821248,1.0020596981048584,0.0008468864834867418
540.4309794905057,1.001890778541565,0.0008468230371363461
540.4514137984297,1.0001684427261353,0.0008466914296150208
540.4718479063522,0.9994219541549683,0.0008464150014333427
540.4922822140361,0.9997125267982483,0.0008466159924864769
540.5127164214937,1.0002745389938354,0.0008466094732284546
540.5331505284848,0.999323844909668,0.0008466930012218654
540.5535848354702,1.0000380277633667,0.0008466826402582228
540.5740190422293,0.9990769028663635,0.000846563430968672
540.5944532487556,1.0011922121047974,0.0008468346204608679
540.6148874550418,0.999396800994873,0.0008466818835586309
540.6353216611024,0.9994660019874573,0.0008466550498269498
540.6557558669301,0.9997724294662476,0.0008466241997666657
540.676190072285,1.0010300874710083,0.0008470079046674073
540.6966242776471,1.0021485090255737,0.0008468072628602386
540.7170584830092,1.0017337799072266,0.0008471463806927204
540.7374927878991,0.9990153908729553,0.0008466594736091793
540.757926892562,0.9986448884010315,0.0008466136059723794
540.7783611969935,0.9990733861923218,0.000846410053782165
540.7987954011842,0.9992491006851196,0.0008467473671771586
540.8192295051485,1.0012470483779907,0.0008470378234051168
540.8396638088743,0.9999935626983643,0.0008467496372759342
540.8600980123738,1.0000827312469482,0.0008469918975606561
540.8805321156397,0.9988980293273926,0.0008466970757581294
540.900966418907,1.0012376308441162,0.0008470445754937828
540.9214006217007,0.9992517828941345,0.0008468257146887481
540.9418347242681,1.000253677368164,0.0008468839223496616
540.9622690265969,1.000720500946045,0.0008469313615933061
540.9827032289322,1.0007758140563965,0.000847166811581701
541.0031373308011,0.9991004467010498,0.000846667739097029
541.0235716324387,0.9987742304801941,0.0008465169230476022
541.0440058340682,1.0001013278961182,0.0008470844477415085
541.0644401352401,0.9994274377822876,0.0008464989950880408
541.0848742361704,0.9992912411689758,0.0008468791493214667
541.1257426375814,1.0005916357040405,0.0008469466702081263
541.1461768380541,0.9993507266044617,0.0008467143634334207
541.1666110380538,1.0006773471832275,0.0008470169268548489
541.1870452380608,0.9988650679588318,0.0008469207095913589
541.2074794375949,0.9988850355148315,0.0008466332801617682
541.2279136371362,1.0019561052322388,0.0008473392808809876
541.2483478362119,1.0010662078857422,0.0008470169268548489
541.2687820352876,1.0014369487762451,0.0008472500485368073
541.2892162341232,0.9993399977684021,0.0008468933519907296
541.3096505325011,1.000689148902893,0.000847118382807821
541.3300846308703,0.9996160268783569,0.0008470473112538457
541.3505189287825,1.001272201538086,0.0008471788605675101
541.3709531266941,1.0000380277633667,0.00084700743900612
541.391387224372,1.0024547576904297,0.0008473764173686504
541.4118215215785,1.001803994178772,0.0008474324131384492
541.4322557187916,0.9996098875999451,0.0008469235617667437
541.4526898157637,1.0004717111587524,0.0008472022018395364
541.4731241125119,0.9989011883735657,0.0008467411971651018
541.4935583087936,0.9994590878486633,0.0008470994071103632
541.5139924050745,0.998945951461792,0.0008468672749586403
541.5344267011169,1.0013965368270874,0.0008471322362311184
541.554860896933,0.9984593987464905,0.0008469483582302928
541.5752950922761,1.0010380744934082,0.0008471690234728158
541.5957292876265,1.0001466274261475,0.0008471382898278534
541.616163482744,0.9982832074165344,0.000846834562253207
541.6365976776215,0.9979174137115479,0.0008468628511764109
541.6570318722734,1.0003584623336792,0.0008471573237329721
541.6774660666924,0.9987542033195496,0.0008469805470667779
541.6979003608722,0.9995629787445068,0.0008471888722851872
541.718334454592,1.0009105205535889,0.0008472261833958328
541.7387686483125,1.0004465579986572,0.0008473605266772211
541.7592029417938,1.0002713203430176,0.0008471182081848383
541.7796371350487,1.0010393857955933,0.0008473829366266727
541.80007122807,1.0011333227157593,0.0008472661138512194
541.8205055208527,0.9990324378013611,0.0008470286265946925
541.8409396134084,0.9994017481803894,0.0008469635504297912
541.861373805732,0.9997408986091614,0.0008471350884065032
541.8818080978162,0.9992560148239136,0.0008470169268548489
541.9022421896734,1.0014703273773193,0.0008472874178551137
541.9226763812985,1.000231146812439,0.0008471886976622045
541.9431106726843,1.0004247426986694,0.0008473755442537367
541.963544763843,0.9996761083602905,0.0008472366607747972
541.9839790547703,0.9993466734886169,0.0008470102329738438
542.0044132454568,1.0006535053253174,0.0008473261259496212
542.024847335917,0.9988555908203125,0.0008468835731036961
542.0452816261459,0.999652624130249,0.0008471570909023285
542.0657158161339,0.9998971819877625,0.0008471008623018861
542.0861499058956,0.9991161227226257,0.000846965005621314
542.106584195426,1.0007734298706055,0.0008474232163280249
542.1270183847155,1.0005285739898682,0.0008473110501654446
542.1474525737794,0.9996122121810913,0.0008472161134704947
542.1678867626106,1.0003983974456787,0.0008473757188767195
542.1883209512016,0.999996542930603,0.0008471704786643386
542.2087551395671,0.9994871020317078,0.0008472132030874491
542.2291894277005,1.0009268522262573,0.0008473072666674852
542.2496235155922,1.0017060041427612,0.0008476314251311123
542.2700578034928,1.0005388259887695,0.0008471222827211022
542.2904919909197,0.9998986124992371,0.0008473011548630893
542.3109260781202,0.9998482465744019,0.0008472103509120643
542.3313603650895,0.9996329545974731,0.0008474200149066746
542.3517945518252,0.9991855621337891,0.0008471573819406331
542.3722286383199,0.9994621872901917,0.000847263028845191
542.3926629245907,1.0017856359481812,0.0008476177463307977
542.4130971106206,1.0007737874984741,0.0008473276975564659
542.4335311964242,1.0004228353500366,0.0008473864872939885
542.4539654819964,0.9988608360290527,0.000847083400003612
542.4743996675679,0.9986127018928528,0.0008471132023259997
542.4948337526657,1.0000956058502197,0.0008472580811940134
542.5152680375395,1.0011018514633179,0.0008475176291540265
542.5357021221789,1.0004124641418457,0.0008474538335576653
542.5561364065798,1.0000226497650146,0.000847246905323118
542.5765705907543,1.0008158683776855,0.0008475686190649867
542.5970046746952,0.9999451637268066,0.0008471639594063163
542.6174389583975,1.0003962516784668,0.0008473670459352434
542.6378731418736,0.9990808367729187,0.0008471414330415428
542.6583073253423,1.0005007982254028,0.0008474329952150583
542.6787415083527,1.0003858804702759,0.0008474254864268005
542.6991756911302,1.0025326013565063,0.0008476965595036745
542.7196098736749,0.9989490509033203,0.0008472073241136968
542.7400440559795,0.9992361664772034,0.0008471653563901782
542.7604782380586,1.000800609588623,0.000847544870339334
542.7809124198975,1.000930905342102,0.0008474418427795172
542.8013467015116,1.0011264085769653,0.0008474367787130177
542.8217807828914,1.000052571296692,0.000847386778332293
542.8422149640319,1.0004932880401611,0.0008473608759231865
542.8626492451804,1.0013136863708496,0.0008476082002744079
542.8830833258617,1.0000277757644653,0.0008473672205582261
542.9035176063044,0.9998522996902466,0.0008474938222207129
542.9239517865208,1.0007516145706177,0.000847523333504796
542.9443858665036,0.9986052513122559,0.0008471838664263487
542.9648201462478,1.000968098640442,0.0008474877686239779
542.9852543257657,1.0003849267959595,0.0008474434143863618
543.00568840505,0.9998465180397034,0.0008473483612760901
543.0261226840958,1.0017575025558472,0.000847581191919744
543.0465568629152,0.9990440011024475,0.0008473244961351156
543.0669910415018,0.9990876317024231,0.000847243529278785
543.0874252198482,0.9992384314537048,0.0008473225170746446
543.1078593979692,0.9988601207733154,0.0008472750778310001
543.1282935758572,0.9997891783714294,0.0008474529022350907
543.1487277535052,0.9990668892860413,0.0008472775225527585
543.1691619309277,1.0008397102355957,0.0008474489441141486
543.1895961081173,1.0003201961517334,0.0008475424256175756
543.2100302850668,1.0011539459228516,0.0008476002258248627
543.2304644617907,0.9997358322143555,0.0008474175119772553
543.2508986382818,1.001497507095337,0.0008476859075017273
543.2713328145328,1.0008759498596191,0.0008474937058053911
543.2917669905582,1.0001980066299438,0.0008475316572003067
543.3122012663516,1.0004693269729614,0.0008476036600768566
543.3326353419034,0.9991496205329895,0.0008473953348584473
543.3530695172303,0.9998570084571838,0.0008474034257233143
543.3735037923179,1.0005594491958618,0.0008475645445287228
543.3939378669456,1.0008325576782227,0.0008476399816572666
543.4143720415741,0.9990145564079285,0.0008473888738080859
543.4348063159705,1.000522255897522,0.0008476019720546901
543.4552403901253,1.0003235340118408,0.0008475685026496649
543.475674664056,0.9986030459403992,0.0008473610505461693
543.4961088377459,0.99824059009552,0.0008472376503050327
543.5165429112094,0.9984965920448303,0.000847363902721554
543.5369771842088,1.0016199350357056,0.0008478763629682362
543.5574113572075,0.9996271729469299,0.0008475539507344365
543.5778454299652,0.9988187551498413,0.0008473944617435336
543.598279702499,0.9995567202568054,0.0008474147762171924
543.6187138747919,1.0010637044906616,0.0008477630908600986
543.6391480466264,1.00166654586792,0.0008477806113660336
543.6595822184609,0.999303936958313,0.0008474444621242583
543.6800163900625,0.9989973306655884,0.000847393530420959
543.7004505611912,0.9993836879730225,0.0008474687347188592
543.7208847323272,0.9995583891868591,0.0008474907954223454
543.7413189032231,1.0018179416656494,0.0008481395780108869
543.7617530736607,0.9989399909973145,0.0008473856141790748
543.7821872440982,1.000712275505066,0.0008476088405586779
543.8026214143028,0.999574601650238,0.0008475534268654883
543.8230556840354,1.000518560409546,0.0008476241491734982
543.8434898537744,1.0012376308441162,0.0008477040682919323
543.8639239230397,0.9997431039810181,0.0008474997011944652
543.8843581923138,0.9988582730293274,0.0008473973721265793
543.9047922613536,0.9993539452552795,0.000847525370772928
543.9252264299284,0.9990236163139343,0.0008472821209579706
543.9456606984968,0.9983956217765808,0.0008474203641526401
543.9660947666052,1.0001999139785767,0.0008475833456031978
543.9865289347072,0.999928891658783,0.0008476182701997459
544.0069632023515,1.0008535385131836,0.0008477225783281028
544.0273972697614,0.9985615611076355,0.0008473003981634974
544.0478314371721,0.9988751411437988,0.0008474444621242583
544.0682657041107,0.9993959069252014,0.0008475343347527087
544.1091340375278,0.9989269375801086,0.0008474409696646035
544.1295682037744,0.9994205236434937,0.0008474512142129242
544.150002370021,1.0000665187835693,0.0008476055227220058
544.1704365357946,0.999405562877655,0.0008475148351863027
544.1908707013426,1.0000971555709839,0.0008476006332784891
544.2113048666579,1.0001752376556396,0.0008475905051454902
544.2317390319658,1.0003066062927246,0.0008476200746372342
544.2521731968154,0.9999476075172424,0.0008476281655021012
544.2726073614322,1.000256061553955,0.0008476929506286979
544.2930416258096,1.0001150369644165,0.0008477038354612887
544.3134756899599,1.0000394582748413,0.0008475545910187066
544.3339098538781,1.000923752784729,0.0008477052324451506
544.354344117557,0.9994184374809265,0.0008474946953356266
544.3747781812417,0.9996116161346436,0.0008474999922327697
544.3952124444622,0.9998661279678345,0.0008475243230350316
544.4156466074419,0.9995090365409851,0.0008474773494526744
544.4360806701952,0.9993003010749817,0.0008474503410980105
544.4565149327173,1.0001474618911743,0.0008476350922137499
544.4769490949984,1.0003582239151,0.0008476364891976118
544.4973831568204,0.9977249503135681,0.000847221293952316
544.517817418644,0.999139130115509,0.0008474646019749343
544.5382515802266,0.9997603893280029,0.0008475776994600892
544.558685641583,1.0005578994750977,0.0008476201328448951
544.579119902708,0.9999486804008484,0.000847657851409167
544.5995539635915,0.9996867775917053,0.0008475548238493502
544.6199881240173,0.9999853372573853,0.0008475327049382031
544.6404223844438,0.999724805355072,0.0008475187933072448
544.6608565446295,1.0013532638549805,0.0008478288073092699
544.6812906045889,1.0005217790603638,0.000847671355586499
544.7017248640841,1.0007661581039429,0.000847663264721632
544.7221590235713,0.9986844062805176,0.0008474498172290623
544.7425931826001,0.9997677803039551,0.0008475427748635411
544.7630273416289,1.0012099742889404,0.000847793067805469
544.7834615004176,1.0006978511810303,0.000847727817017585
544.8038956587479,0.9995216131210327,0.0008475061622448266
544.8243298170783,1.000765085220337,0.0008476793300360441
544.8447639749356,0.9987420439720154,0.0008474787464365363
544.865198232801,0.9999259114265442,0.0008476423681713641
544.8856322901993,1.0001171827316284,0.0008475923677906394
544.9060664473582,1.0009503364562988,0.0008477233932353556
544.9265007045251,1.000367522239685,0.0008476927177980542
544.9469347612248,0.9985734224319458,0.0008473150664940476
544.9673689176852,1.0001988410949707,0.0008476350922137499
544.9878031739208,0.9986622333526611,0.0008473423658870161
545.0082372301549,0.999854326248169,0.0008474900969304144
545.0286714859176,0.9994350671768188,0.0008474949281662703
545.0491056414539,0.9984512329101562,0.000847312796395272
545.0695396967567,1.0005475282669067,0.0008476646617054939
545.0899739518209,0.9994536638259888,0.000847411691211164
545.1104081066587,1.0030856132507324,0.0008480834076181054
545.1308422612638,0.998798131942749,0.0008474525529891253
545.1512764156287,0.9994473457336426,0.0008474286296404898
545.171710569768,0.9993108510971069,0.0008475274662487209
545.1921447236673,1.0011091232299805,0.0008478029049001634
545.212578877341,1.0007691383361816,0.0008477423689328134
545.2330130307819,0.9996587634086609,0.0008474581409245729
545.2534471839826,1.0001460313796997,0.0008475708891637623
545.273881336725,1.0002803802490234,0.0008476850925944746
545.2943154894674,0.9988613724708557,0.0008473716443404555
545.3147497419704,1.0000956058502197,0.0008475765935145319
545.3351837942464,1.0003877878189087,0.0008475362556055188
545.3556179460575,0.99961918592453,0.0008474300266243517
545.376052197862,1.0015016794204712,0.000847786373924464
545.3964862492066,0.9990987181663513,0.0008474814821965992
545.416920400552,1.0006183385849,0.0008476144284941256
545.4373546514253,1.000680685043335,0.0008476442308165133
545.4577887023042,0.9998639225959778,0.0008474705391563475
545.4782228527183,1.00172758102417,0.0008477941737510264
545.4986571031259,0.9997554421424866,0.0008474850910715759
545.5190911530735,0.9995186924934387,0.0008474040077999234
545.5395253027891,1.0001881122589111,0.0008475682116113603
545.5599595524982,0.9994606971740723,0.0008473720517940819
545.5803936017473,0.9979479312896729,0.0008471929468214512
545.6008277507644,0.9996620416641235,0.0008474842761643231
545.6212619995422,1.0017255544662476,0.0008477767696604133
545.6416960480929,1.000234603881836,0.0008475236827507615
545.6621302964122,0.9992148280143738,0.000847426475957036
545.6825644447235,0.9985688924789429,0.0008473254856653512
545.7029985923436,1.001660943031311,0.0008477445226162672
545.7234327399638,0.998123288154602,0.0008471368346363306
545.7438668873438,1.0007375478744507,0.0008475405629724264
545.7643010344982,1.000110149383545,0.0008474232745356858
545.7847352814133,1.001064658164978,0.000847616873215884
545.8051693281013,1.0008978843688965,0.0008475765935145319
545.8256034745573,0.9993394613265991,0.000847303424961865
545.8460377205483,0.9986696243286133,0.0008471955661661923
545.8664717665306,0.9987724423408508,0.0008473077323287725
545.8869059122881,0.9991161227226257,0.0008474289206787944
545.9073401575733,1.0003761053085327,0.0008474437054246664
545.9277742028644,1.000783085823059,0.0008476428920403123
545.9482084476913,0.9998767375946045,0.000847429852001369
545.9686424925167,1.0015931129455566,0.0008476625080220401
545.9890766368699,1.000024437904358,0.0008474934729747474
546.0095108812311,1.0003899335861206,0.0008473647758364677
546.0299449251252,0.9999420046806335,0.0008474135538563132
546.0503790687799,0.999065637588501,0.0008472425397485495
546.0708133122098,0.9998251795768738,0.0008474524947814643
546.0912473556382,0.9996353983879089,0.000847489689476788
546.1116814985944,1.0002295970916748,0.0008474015630781651
546.1321157413258,1.0031274557113647,0.0008493104833178222
546.1525498838164,0.9998581409454346,0.0008473193156532943
546.1729839260806,1.0007585287094116,0.0008475556969642639
546.1934181681136,1.0003081560134888,0.0008477562805637717
546.2138523099129,1.0004639625549316,0.0008475288632325828
546.2342864514721,1.000061273574829,0.0008474505739286542
546.2547205886149,1.001312017440796,0.0008479277603328228
546.2751547297084,0.9982098340988159,0.0008471792098134756
546.2955889705772,1.0008258819580078,0.0008475891081616282
546.3160230109788,1.0004005432128906,0.0008474236237816513
546.3364571513812,0.999970018863678,0.0008474284550175071
546.3568913915442,0.9989632368087769,0.0008471959154121578
546.3773254312473,1.0012788772583008,0.000847628980409354
546.3977595709439,0.9988904595375061,0.0008473189664073288
546.4181938101829,1.0000090599060059,0.0008474497008137405
546.4386278494203,1.000994324684143,0.0008474936475977302
546.4590619881928,1.0007249116897583,0.0008474894566461444
546.479496226726,0.9991354942321777,0.0008472730405628681
546.4999302650322,0.9996533393859863,0.0008473261259496212
546.5203644033318,0.9999118447303772,0.0008474254864268005
546.5407986411738,0.9998735189437866,0.000847444636747241
546.5612326787814,0.9992478489875793,0.0008472586632706225
546.5816669161504,0.9987214803695679,0.0008472666377201676
546.6021009532924,1.0020579099655151,0.0008477923111058772
546.6225350902023,1.0010197162628174,0.000847556977532804
546.6429693268728,0.9990824460983276,0.0008472619811072946
546.6634033633163,1.0009928941726685,0.0008476491784676909
546.6838374995277,0.9993821978569031,0.0008473943453282118
546.704271735267,1.0004308223724365,0.0008475182694382966
546.7247058710127,0.9989425539970398,0.0008472330518998206
546.7451399065249,0.9987477660179138,0.0008472041226923466
546.7655741415656,1.0008907318115234,0.0008474434143863618
546.7860082766128,0.999149739742279,0.0008472040062770247
546.8064423111937,0.9996814727783203,0.0008473112247884274
546.8268765457688,1.0017426013946533,0.0008476587245240808
546.8473106798847,1.0004645586013794,0.0008474616915918887
546.8677449140014,1.0001616477966309,0.0008473687921650708
546.8881789476436,1.0010735988616943,0.0008476218208670616
546.908613081061,1.0010432004928589,0.0008475060458295047
546.9290473142464,1.0008255243301392,0.0008475525537505746
546.9494813471902,1.0023438930511475,0.0008477876544930041
546.9699154799091,0.9991149306297302,0.0008473088964819908
546.990349712396,0.9989107847213745,0.0008471892797388136
547.0107837446412,1.0005937814712524,0.0008474609348922968
547.0312178766617,1.0011314153671265,0.0008474203059449792
547.0516521084501,1.0007596015930176,0.000847476243507117
547.1129545021759,0.9998375177383423,0.0008473211200907826
547.1333886330249,0.9988290071487427,0.0008470992324873805
547.1538226634148,1.0017086267471313,0.0008475829963572323
547.1742568938062,0.9991946220397949,0.0008472525514662266
547.1946910237239,1.0000203847885132,0.0008473978959955275
547.2151251536488,1.000335693359375,0.000847405637614429
547.2355592831082,1.0005083084106445,0.0008473577909171581
547.2559934123274,1.001353144645691,0.0008475430076941848
547.276427541321,1.00062894821167,0.0008473556372337043
547.2968616703147,1.0002480745315552,0.0008473960915580392
547.3172957988354,1.0000503063201904,0.0008472680347040296
547.3377299271306,0.999740719795227,0.000847295974381268
547.3581640551929,1.0003819465637207,0.000847429852001369
547.3785980827815,1.0011838674545288,0.0008479364332742989
547.399032310379,0.9993317723274231,0.0008472810150124133
547.4194664377428,1.0005615949630737,0.0008472608751617372
547.4399004648658,1.000110149383545,0.0008473076159134507
547.4603346915319,1.0005837678909302,0.0008472952176816761
547.4807688181972,1.000871181488037,0.0008472776389680803
547.5012030446233,1.0005086660385132,0.0008474765345454216
547.5216370705893,1.001585841178894,0.0008475262438878417
547.5420711963234,1.0002028942108154,0.0008473391062580049
547.5625054220509,0.9997861385345459,0.0008471772307530046
547.5829394473185,0.9995366930961609,0.0008470936445519328
547.603373572354,1.000195860862732,0.0008473026682622731
547.6238077971502,0.998796284198761,0.0008470469620078802
547.6442418217193,0.999323308467865,0.0008470540633425117
547.6646759460564,1.0003151893615723,0.0008472026675008237
547.6851101701541,1.0002754926681519,0.0008471664623357356
547.7055442940255,0.9987473487854004,0.0008469384629279375
547.725978317656,1.001497507095337,0.0008474376518279314
547.7464125410625,1.0002201795578003,0.0008471961482428014
547.7668466642353,1.0004545450210571,0.0008472170447930694
547.7872806869418,1.0013697147369385,0.0008473034831695259
547.8077149096425,0.9997727274894714,0.0008471875917166471
547.8281490318841,0.9999891519546509,0.0008472569170407951
547.8485832541191,0.9992034435272217,0.0008470845059491694
547.8690172758943,0.9997891783714294,0.0008470672182738781
547.8894513974374,0.9985013604164124,0.0008469321182928979
547.9098856189739,1.0011489391326904,0.0008473140769638121
547.9303196400506,1.0004407167434692,0.0008472517947666347
547.9507537608952,0.9997962713241577,0.0008471584878861904
547.9711878814996,1.002057433128357,0.0008473690249957144
547.9916220018786,1.000133752822876,0.0008470125030726194
548.0120560220239,1.000781774520874,0.0008471252513118088
548.0324902419306,1.000372052192688,0.0008470763568766415
548.0529243613782,0.9991765022277832,0.0008470393368043005
548.0733584808258,0.9998531341552734,0.0008470211178064346
548.0937926000333,0.9987422227859497,0.0008469017338939011
548.1142267187824,0.999230146408081,0.0008469308377243578
548.1346609375323,1.0004286766052246,0.0008471730398014188
548.1550949558077,1.001042366027832,0.0008473219932056963
548.1755290738583,1.000011920928955,0.0008470626198686659
548.1959632919097,0.9995933771133423,0.000846909242682159
548.2163974094874,1.0011838674545288,0.0008472892222926021
548.2368314268388,1.0011111497879028,0.0008473103516735137
548.2572656439588,1.0007343292236328,0.0008472222834825516
548.277699760838,1.0002930164337158,0.000847129849717021
548.2981337774909,1.0004500150680542,0.0008471353794448078
548.3185679939124,1.001022219657898,0.0008473351481370628
548.3390021100931,1.0000594854354858,0.0008471397450193763
548.3594361258147,1.0009734630584717,0.0008471072651445866
548.3798703415378,1.0004678964614868,0.000847046438138932
548.40030445702,1.0014876127243042,0.0008473581983707845
548.420738472043,1.0001236200332642,0.0008472251938655972
548.4411726868348,1.0001115798950195,0.0008470290340483189
548.4616068016185,0.9991344213485718,0.0008469134918414056
548.4820410159446,1.0011893510818481,0.0008472070912830532
548.5024750300363,0.9994057416915894,0.0008469349122606218
548.5229091438887,1.0018523931503296,0.0008474019705317914
548.5433433575163,0.9998172521591187,0.0008469382300972939
548.5637773709095,0.9986074566841125,0.0008468277519568801
548.5842114840634,0.9990476965904236,0.0008469830499961972
548.6046456969925,1.0012151002883911,0.0008473622729070485
548.6250797096873,0.999363899230957,0.0008469799067825079
548.6455138219098,0.9999100565910339,0.0008469032472930849
548.6659479341397,1.0002503395080566,0.0008469994645565748
548.6863820461367,0.9998549222946167,0.0008469918393529952
548.7068161576608,0.9998037815093994,0.0008469313033856452
548.7272502689593,1.0004422664642334,0.0008472134359180927
548.7476843802579,1.0003554821014404,0.0008470657630823553
548.7681185910842,1.0000306367874146,0.0008469687891192734
548.7885527016842,1.0006870031356812,0.0008470709435641766
548.8089867120507,0.9992964267730713,0.0008468530140817165
548.8294209221785,1.0001205205917358,0.0008469934109598398
548.8498550320801,1.000398874282837,0.000847046438138932
548.870289041748,1.0004266500473022,0.0008469095337204635
548.8907232509446,0.9993546605110168,0.0008467998704873025
548.9111573601476,1.0000579357147217,0.0008468491141684353
548.9315913691171,1.0001369714736938,0.0008470389875583351
548.9520255776151,0.9999969601631165,0.000846908544190228
548.9724596861197,1.0003904104232788,0.0008469799067825079
548.9928936941578,1.0002440214157104,0.0008470556349493563
549.0133279019574,1.001818060874939,0.0008472858462482691
549.0337620095306,0.9994216561317444,0.000846895098220557
549.0541961170966,1.0009814500808716,0.000847150047775358
549.0746302242042,1.0009568929672241,0.000847160117700696
549.0950643308461,1.0010757446289062,0.000847282528411597
549.1154985374815,1.0005459785461426,0.0008469868334941566
549.1359325438898,0.9994276165962219,0.0008468916057609022
549.156366650066,1.0015095472335815,0.0008473038324154913
549.1768008557701,0.998731255531311,0.0008468861342407763
549.1972349614807,0.9993099570274353,0.0008468815358355641
549.2176689667249,1.000892162322998,0.0008471349137835205
549.2381031719633,0.9986905455589294,0.000846785434987396
549.2585372767426,0.9987549781799316,0.0008468908490613103
549.2789712812882,1.0005861520767212,0.0008470623288303614
549.2994054855953,0.9990778565406799,0.0008469071472063661
549.3198395896761,0.9981083869934082,0.0008467040024697781
549.3402735935233,1.0000216960906982,0.0008469409658573568
549.3607077971319,1.0004420280456543,0.0008470611064694822
549.3811418005134,1.0009398460388184,0.0008471265900880098
549.4015760036636,0.9985012412071228,0.0008468357264064252
549.4220101063402,1.0009387731552124,0.0008471316541545093
549.4424441090232,1.000473141670227,0.0008469990571029484
549.4628783112421,0.9998027682304382,0.0008469655876979232
549.483312413453,0.999399721622467,0.0008470050524920225
549.5037464152047,0.9993190765380859,0.0008467653533443809
549.5241806167251,0.9993289113044739,0.000846960349008441
549.5446147180046,0.9988266825675964,0.0008467333973385394
549.5650487190578,1.0002018213272095,0.0008470758912153542
549.5854829198797,0.999212384223938,0.0008468841551803052
549.6059170204608,0.9999358654022217,0.0008469439344480634
549.6263511208163,0.9994580745697021,0.0008470028406009078
549.6467852209389,1.000164270401001,0.0008470281609334052
549.6672193205886,0.9993429780006409,0.0008468069136142731
549.6876534202456,0.9990311861038208,0.0008468864252790809
549.7080876194377,1.0021023750305176,0.000847279210574925
549.7285216183882,1.0001686811447144,0.0008471293258480728
549.7489558173475,1.0027780532836914,0.0008473589550703764
549.7693899158403,0.9998838305473328,0.0008468562155030668
549.7898239140923,1.000771164894104,0.0008471930050291121
549.8102581121202,0.9993625283241272,0.0008466645958833396
549.8306922099146,1.000845193862915,0.0008472233894281089
549.8511262072352,1.0003505945205688,0.0008469932363368571
549.8715604045647,0.9990330338478088,0.000846893701236695
549.8919945016605,1.0003376007080078,0.0008470636676065624
549.9124284982827,0.9993894100189209,0.000846805633045733
549.9328626949136,1.0006623268127441,0.0008470428292639554
549.9532967910782,1.0005536079406738,0.0008469099411740899
549.9737307870018,0.9990360736846924,0.0008467179723083973
549.9941649827015,1.0003207921981812,0.0008470591274090111
550.0145990784004,1.0021028518676758,0.0008472364279441535
550.0350331733935,1.0003749132156372,0.0008471119217574596
550.0759013631614,1.0012073516845703,0.0008470563334412873
550.0963354576888,0.9994537830352783,0.0008470542379654944
550.1167695517579,1.0012578964233398,0.0008472750196233392
550.1372036458197,1.001246690750122,0.000847180315759033
550.1576377394231,1.000481128692627,0.0008472627378068864
550.1780718330265,1.0010724067687988,0.0008472714689560235
550.1985059261642,0.999157190322876,0.0008468317682854831
550.2189401190626,1.0003832578659058,0.0008471124456264079
550.2393741117339,1.0012538433074951,0.0008472165209241211
550.2598082041659,0.9987648129463196,0.0008468014420941472
550.2802423963731,0.9987698197364807,0.0008468586020171642
550.3006763883459,0.9995573163032532,0.0008469041204079986
550.3211104798538,0.9995946884155273,0.0008471396868117154
550.3415446713552,0.9992337226867676,0.0008467832230962813
550.3619786623967,0.999914288520813,0.0008468404994346201
550.3824128534325,1.0003585815429688,0.0008470683242194355
550.4028469440091,0.9995446801185608,0.0008468862506560981
550.4232809343521,0.9987836480140686,0.0008466743165627122
550.4437151244565,1.0000094175338745,0.0008467450388707221
550.4641492143346,1.000787377357483,0.000846952956635505
550.4845832039791,0.9999330043792725,0.0008469508611597121
550.5050173933851,1.0019468069076538,0.0008470551110804081
550.5254514825647,1.0008622407913208,0.0008470179745927453
550.5458855712786,1.0006710290908813,0.0008470220491290092
550.5663196599853,1.0002442598342896,0.0008467804291285574
550.5867537482336,0.9998233914375305,0.0008467896841466427
550.6071878364819,0.9995710849761963,0.0008467870648019016
550.6276219242573,0.9981178641319275,0.0008465563878417015
550.6480560118071,0.9982430934906006,0.0008467468433082104
550.668490099124,1.0000077486038208,0.000846736307721585
550.6889241862009,1.0008676052093506,0.0008469994645565748
550.7093582730522,0.9988995790481567,0.0008466432336717844
550.7297923594379,1.0000782012939453,0.0008468101732432842
550.7502264458162,1.0017260313034058,0.0008470838074572384
550.770660531969,0.9990178942680359,0.0008466073195450008
550.791094717657,0.9989729523658752,0.0008466532453894615
550.8115287031032,0.997502863407135,0.0008464630809612572
550.8319627883247,0.9987553358078003,0.0008465301361866295
550.852396973547,1.0010122060775757,0.0008470427710562944
550.8728309582948,0.9991428852081299,0.0008466343278996646
550.8932650428178,0.9993513822555542,0.0008466050494462252
550.9136992268759,0.9997966885566711,0.0008467765874229372
550.9341332109252,0.9996521472930908,0.0008467831648886204
550.9545672947497,0.9993399977684021,0.000846691254992038
550.9750014781093,1.0001790523529053,0.0008468384039588273
550.9954354614601,0.9999455213546753,0.0008466713479720056
551.0158696443541,1.000152826309204,0.0008467664010822773
551.0363037270145,0.9999179840087891,0.0008467297884635627
551.0567378094347,0.999451220035553,0.0008466400904580951
551.0771718916294,1.0016690492630005,0.0008470905595459044
551.0976059735913,0.9993121027946472,0.0008466792642138898
551.118040055313,0.9991276860237122,0.0008465707069262862
551.1384741368092,0.9992640018463135,0.0008465969003736973
551.1589082178398,0.9989970922470093,0.0008464999846182764
551.179342298863,0.9995967149734497,0.0008468257146887481
551.1997763794279,1.0003641843795776,0.0008468282176181674
551.22021045976,0.9993129372596741,0.0008466143626719713
551.2406445398519,1.0008553266525269,0.0008468535379506648
551.2610787197191,1.001125693321228,0.0008468010346405208
551.2815126993519,0.9985058307647705,0.0008465542341582477
551.3019467787453,1.0011248588562012,0.0008469115127809346
551.322380957914,1.00019109249115,0.0008466669241897762
551.3428149368483,1.0006874799728394,0.0008467859006486833
551.3632491153112,1.0008870363235474,0.0008468075538985431
551.3836831937806,1.000514030456543,0.0008467370644211769
551.4041171717836,0.9994563460350037,0.0008465933497063816
551.424551349548,1.0005446672439575,0.0008467934676446021
551.4449853270853,1.0013066530227661,0.0008468859014101326
551.4654194043906,0.9997677206993103,0.000846675771754235
551.4858535814565,1.0000070333480835,0.0008466936997137964
551.5062875582953,1.000383734703064,0.0008467526058666408
551.5267216349021,0.9995171427726746,0.000846649578306824
551.5471558110366,1.0005258321762085,0.0008466938161291182
551.567589787177,1.000270128250122,0.0008468052255921066
551.5880238628524,0.9997782707214355,0.0008466884610243142
551.6084580382885,0.9988502264022827,0.0008465370046906173
551.6288921134983,0.999203622341156,0.0008466354920528829
551.6493261884752,0.9975391626358032,0.0008462617988698184
551.6697602632121,1.0009675025939941,0.0008469023741781712
551.6901943377234,1.0000633001327515,0.0008466627332381904
551.7106284119945,0.9998279809951782,0.0008466703584417701
551.7310624858073,0.9999221563339233,0.0008466157014481723
551.7514965596201,1.00020432472229,0.0008466803119517863
551.7719307329608,1.0004374980926514,0.0008468568557873368
551.7923647060743,0.9984524846076965,0.0008463628473691642
551.8127987789558,1.000693678855896,0.0008472297922708094
551.8332329515979,0.9993200898170471,0.0008466411964036524
551.8536669240129,1.001981496810913,0.0008469799067825079
551.8741009961959,1.0008736848831177,0.0008468826999887824
551.8945351681396,0.9994955062866211,0.0008466426515951753
551.9149691396233,1.0009562969207764,0.0008467581355944276
551.9354032111078,1.000246524810791,0.0008465651771984994
551.9558373821201,0.9987840056419373,0.0008465062128379941
551.9762713529053,0.999928891658783,0.0008466006256639957
551.9967055234592,1.0011872053146362,0.0008469476597383618
552.0171395937723,0.9993442893028259,0.0008463133708573878
552.037573563859,1.0004664659500122,0.0008465558057650924
552.0580077337145,1.0001322031021118,0.0008467117440886796
552.078441803329,0.9995741844177246,0.000846532522700727
552.0988757724845,1.0010780096054077,0.0008469037129543722
552.1193099416414,1.0010532140731812,0.000846793525852263
552.1397440103246,1.001339316368103,0.0008466709405183792
552.1601779787816,1.0018031597137451,0.0008468721061944962
552.1806121470072,1.000757098197937,0.0008467313600704074
552.201046214992,0.999213457107544,0.000846599752549082
552.2214801827504,1.0003629922866821,0.0008466449216939509
552.2419143502775,1.0002042055130005,0.0008465718710795045
552.2623484175638,0.9990103244781494,0.0008464644779451191
552.2827823843909,0.9992983341217041,0.0008465232094749808
552.3032165509867,1.000064730644226,0.0008466492872685194
552.3236506175745,0.9994059205055237,0.0008465329301543534
552.3440847837046,0.9998877644538879,0.0008466474828310311
552.3645187496004,1.0003337860107422,0.0008465404971502721
552.3849528152568,0.9997623562812805,0.0008467487641610205
552.4053869806885,1.000362753868103,0.0008467159932479262
552.425820945653,1.0003689527511597,0.0008466789731755853
552.4462550106109,1.0019811391830444,0.000847032992169261
552.4666891751112,1.00026273727417,0.0008466297294944525
552.48712313961,1.001327395439148,0.000846868846565485
552.5075572036367,1.0010946989059448,0.0008469343301840127
552.5279913674385,1.0006119012832642,0.0008468122105114162
552.548425331006,1.001190185546875,0.0008468242594972253
552.5688593943341,0.9998059868812561,0.0008465276332572103
552.5892935574375,1.0001014471054077,0.0008466715225949883
552.6097276200744,1.0005282163619995,0.0008467857260257006
552.630161682704,0.9999280571937561,0.0008466287981718779
552.6505957448753,1.0001074075698853,0.0008468443993479013
552.6710298068065,1.0002448558807373,0.0008467886946164072
552.6914638685121,1.0005770921707153,0.0008467528969049454
552.7118979299848,0.9984736442565918,0.0008465073187835515
552.7323319912248,1.0000897645950317,0.0008465208811685443
552.7527660522246,1.0000643730163574,0.0008466863073408604
552.7732001129989,0.9997150301933289,0.0008464682032354176
552.7936341733002,0.99916011095047,0.000846573559101671
552.8140682336089,0.9998927712440491,0.0008465202408842742
552.8345022934518,0.9990128874778748,0.0008465535356663167
552.8549362530612,0.998375415802002,0.0008463197154924273
552.875370412432,0.9999141693115234,0.0008466946892440319
552.8958044715764,1.0003832578659058,0.0008467256557196379
552.9162384304873,0.9992329478263855,0.0008464873535558581
552.9366725889267,1.0000832080841064,0.0008467335719615221
552.9571066473727,0.9994072318077087,0.0008465609280392528
552.9775408053465,0.9992788434028625,0.0008464395068585873
552.997974763326,0.9999193549156189,0.0008467351435683668
553.0184088208407,1.001058578491211,0.0008467815932817757
553.0592769351642,1.0000962018966675,0.0008466188446618617
553.0797109917476,0.9995653629302979,0.0008465609862469137
553.1001451483244,0.9999819397926331,0.0008467690204270184
553.1205792046749,0.9992149472236633,0.0008466942817904055
553.1410131605589,0.9976698160171509,0.0008463367121294141
553.1614473162044,1.000813603401184,0.000846958311740309
553.1818813718564,1.0010432004928589,0.0008467776351608336
553.202315327042,1.0006390810012817,0.0008468162268400192
553.222749481989,1.000525712966919,0.0008467364823445678
553.2431835364769,0.999697208404541,0.0008466263534501195
553.263617490964,1.0011130571365356,0.0008469463209621608
553.2840516449796,1.0008577108383179,0.0008467636071145535
553.3044856990018,0.9987147450447083,0.0008464509737677872
553.3249198525591,1.0000227689743042,0.0008466329309158027
553.3453538058748,0.9999829530715942,0.0008467725710943341
553.3657878589656,1.0003818273544312,0.0008467404986731708
553.3862220118244,1.0002654790878296,0.0008467712323181331
553.4066559644416,1.0004464387893677,0.000846774026285857
553.427090016834,1.0011448860168457,0.0008468354935757816
553.4475241687614,0.9988685846328735,0.0008465180872008204
553.4679581204473,1.0001802444458008,0.0008466506260447204
553.4883921721412,0.9997686743736267,0.0008466594736091793
553.5088262233694,1.0022603273391724,0.0008471114560961723
553.5292602743575,0.9991897344589233,0.0008466366562061012
553.5496943251201,1.0016393661499023,0.0008470180910080671
553.570128375417,0.9977533221244812,0.0008462337427772582
553.5905624257066,0.9997252821922302,0.0008466237341053784
553.6109964755378,1.0004799365997314,0.0008468094165436924
553.6314306253698,1.0007160902023315,0.0008467543520964682
553.6518645747274,1.0007449388504028,0.0008468939922749996
553.6722987238609,0.9989661574363708,0.0008465310675092041
553.6927327727608,0.9999823570251465,0.000846723560243845
553.7131667214198,1.0004215240478516,0.0008467282168567181
553.733600869622,1.0007418394088745,0.0008467503939755261
553.7540349178234,0.9992978572845459,0.0008466167491860688
553.7744688655512,0.9998375177383423,0.000846723560243845
553.7949030132877,0.9995682835578918,0.0008466210565529764
553.8153370605578,0.9988448619842529,0.0008464550483040512
553.835771007587,0.9987459182739258,0.0008465328137390316
553.8562051543922,0.9995241165161133,0.0008466241415590048
553.876639200731,0.9998179078102112,0.0008467384614050388
553.8970731470617,0.9997230768203735,0.0008466665167361498
553.9175072931685,1.0005459785461426,0.0008467998704873025
553.9379413388087,0.9989001750946045,0.0008464801358059049
553.9583754842097,1.00090754032135,0.0008468346204608679
553.9788094293835,1.0009496212005615,0.0008467826410196722
553.9992434743253,1.000347375869751,0.0008467529551126063
554.0196776190278,0.9997483491897583,0.0008466567960567772
554.0401115635032,0.9995239973068237,0.0008466945146210492
554.0605456075136,1.0002050399780273,0.0008468012092635036
554.0809797515176,1.000443935394287,0.0008467293228022754
554.1014137950624,1.0003076791763306,0.0008467519655823708
554.1218477383736,1.0001784563064575,0.000846640847157687
554.1422818814463,0.9984813928604126,0.0008464238489978015
554.1627158242918,1.00107741355896,0.0008468965534120798
554.1831498669053,0.9994010329246521,0.000846626004204154
554.2035840090466,1.0002530813217163,0.0008466776926070452
554.2240179511937,0.9994747638702393,0.0008467949228361249
554.2444519928758,1.0001766681671143,0.0008466021390631795
554.2648861343187,0.9989346861839294,0.0008466487051919103
554.2853200755344,1.0005207061767578,0.0008469216409139335
554.3057542165188,0.99950110912323,0.0008467091247439384
554.3261882572624,1.0007859468460083,0.0008469099411740899
554.3466221975468,0.9996830821037292,0.000846712151542306
554.3670563378255,1.000740885734558,0.000846716167870909
554.387490377645,0.9993408918380737,0.0008466517901979387
554.4079243172309,0.998532772064209,0.0008465319406241179
554.4283584565856,1.000671148300171,0.0008468377054668963
554.4487924956993,0.9998734593391418,0.0008467744919471443
554.4692265345875,0.9981874227523804,0.00084650021744892
554.4896605732356,1.0009154081344604,0.0008468436426483095
554.5100946114253,0.9983773231506348,0.0008463755366392434
554.530528649615,1.0013765096664429,0.0008468963205814362
554.550962687339,1.0002366304397583,0.0008467779261991382
554.571396724823,0.9991942644119263,0.000846523733343929
554.5918307620814,1.0021483898162842,0.000846995273604989
554.6122648991004,1.0014389753341675,0.0008470583125017583
554.6326988356595,1.0010885000228882,0.0008469339227303863
554.6531329722202,0.9999139308929443,0.0008467094739899039
554.6735670083071,0.9991794228553772,0.0008465810678899288
554.6940009441678,0.9996253252029419,0.0008466098224744201
554.71443508003,1.0000232458114624,0.0008466651779599488
554.7348691154184,1.0003517866134644,0.0008467161096632481
554.7553030503477,0.9998845458030701,0.0008465994033031166
554.7757371852786,1.0002436637878418,0.0008467563311569393
554.7961712199685,1.0000959634780884,0.0008467621519230306
554.8166051541994,1.0007808208465576,0.0008467492298223078
554.8370392881989,1.00169038772583,0.0008469224558211863
554.8574733219575,1.0014004707336426,0.000847004703246057
554.8779072554898,0.9995691776275635,0.0008465988212265074
554.8983413887909,1.0002821683883667,0.0008467656443826854
554.9187753218503,0.9994924068450928,0.0008466086001135409
554.939209354452,0.9997716546058655,0.0008466896833851933
554.9596434870546,1.0014959573745728,0.000846897077281028
554.9800775191834,1.0007176399230957,0.0008468147716484964
555.0005115510867,1.0003896951675415,0.0008467122679576278
555.0209455827571,0.9984230399131775,0.0008464688435196877
555.0413796141875,1.0002074241638184,0.0008467295556329191
555.0618136451594,1.0003941059112549,0.0008468208834528923
555.0822476761314,0.9999011754989624,0.0008466338040307164
555.1026817066304,1.0000423192977905,0.0008466673898510635
555.1231157369039,0.998630940914154,0.0008467540028505027
555.1435497669445,1.0004993677139282,0.0008468340965919197
555.163983796745,0.998691976070404,0.0008465177961625159
555.1844179263207,0.9995154142379761,0.0008466460276395082
555.2048518556621,1.0008182525634766,0.0008469352032989264
555.2252858845313,1.001010775566101,0.0008469180902466178
555.2457200131757,1.0000532865524292,0.0008468281012028456
555.2661539418186,0.9985360503196716,0.0008465216960757971
555.2865879699893,0.9996242523193359,0.0008466807194054127
555.3070220979353,0.9989925622940063,0.0008466218714602292
555.327456025414,1.0001628398895264,0.0008467745501548052
555.347890152887,0.9985073208808899,0.000846579612698406
555.3683241799008,1.0011327266693115,0.0008468245505355299
555.3887581069139,1.0002549886703491,0.0008468380547128618
555.4091922334555,1.000276803970337,0.0008468416635878384
555.4296262597709,0.9999985694885254,0.0008467922452837229
555.4500602858461,0.9996225237846375,0.000846622628159821
555.470494311463,0.9981369376182556,0.0008464633719995618
555.4909283370798,1.0005148649215698,0.0008467953302897513
555.5113622622303,1.0003818273544312,0.0008467566804029047
555.5317963871421,0.999194860458374,0.0008466699509881437
555.5522304120605,0.9999892115592957,0.0008467634906992316
555.5726643365124,1.0008394718170166,0.0008469434105791152
555.5930984604929,0.9988093972206116,0.0008465942810289562
555.61353248448,1.000133991241455,0.0008467768202535808
555.6339664080006,0.9994567632675171,0.0008467917796224356
555.6544005315154,1.000443458557129,0.0008469178574159741
555.6748345545711,0.9994470477104187,0.0008467080187983811
555.6952686773875,0.9998674392700195,0.0008466358412988484
555.7157025999768,0.9993813037872314,0.0008466708823107183
555.736136622334,0.998741865158081,0.0008466189610771835
555.7565707442191,1.0001612901687622,0.0008467345032840967
555.7770046661099,1.0005937814712524,0.0008468272280879319
555.7974386875358,0.9999878406524658,0.000846851384267211
555.8178728087223,0.9995905160903931,0.0008466507424600422
555.8383067296818,1.0005608797073364,0.0008468581945635378
555.8587407504092,1.0003864765167236,0.0008467670413665473
555.8791748706644,0.999788761138916,0.0008465994615107775
555.8996087909254,1.00028395652771,0.0008468148298561573
555.9200428107215,0.9999111890792847,0.0008468370069749653
555.9404769305111,1.001501441001892,0.0008470279863104224
555.9609108498407,1.0007495880126953,0.0008467641891911626
555.9813448687055,1.0000637769699097,0.0008468309533782303
556.0017789875637,1.0001622438430786,0.0008467718726024032
556.0426470243619,0.9998766183853149,0.0008467902662232518
556.0630810422881,1.0002473592758179,0.0008466746658086777
556.0835150599887,0.999468207359314,0.0008467290899716318
556.1039490774565,0.9986972212791443,0.0008465658756904304
556.1243830946842,1.0005580186843872,0.0008467843872494996
556.1448171116863,0.998992919921875,0.000846619252115488
556.1652511282227,1.0013537406921387,0.0008469829335808754
556.1856851447519,0.9994168281555176,0.0008466873550787568
556.2061191608227,0.9993079304695129,0.0008466109866276383
556.2265531766607,0.9988683462142944,0.0008465236169286072
556.2469871922585,0.9985688924789429,0.0008465935243293643
556.267421207398,0.997743546962738,0.0008464041748084128
556.2878552225375,1.000248670578003,0.0008467284496873617
556.308289237204,1.001268982887268,0.0008468033629469573
556.328723151877,1.0020769834518433,0.0008470286848023534
556.349157266086,1.001931071281433,0.0008469641907140613
556.369591280054,0.999258279800415,0.0008465326391160488
556.3900253935644,0.9989719390869141,0.0008465244900435209
556.4104593070733,0.9985502362251282,0.0008464073180221021
556.43089332011,0.9996175169944763,0.0008465376449748874
556.4513274331548,1.001102089881897,0.0008468455052934587
556.4717613457324,0.9994020462036133,0.000846484734211117
556.4921953580706,0.9991774559020996,0.0008465664577670395
556.5126294699512,0.9998502731323242,0.0008466573199257255
556.533063481831,1.0004569292068481,0.0008467600564472377
556.55349739347,0.9991334676742554,0.0008465644204989076
556.5739315046521,0.9995620846748352,0.0008465712307952344
556.5943655156007,0.9999415874481201,0.000846730952616781
556.6147994263083,0.9999645948410034,0.000846664363052696
556.6352335367919,0.9992546439170837,0.0008465739083476365
556.655667547042,0.9999525547027588,0.0008466634899377823
556.6761014568183,1.0001057386398315,0.0008466716390103102
556.6965355663706,1.0032705068588257,0.0008471535402350128
556.7169695759221,1.0011883974075317,0.0008467655279673636
556.7374036850015,1.0003694295883179,0.0008466870640404522
556.7578375936209,1.0012696981430054,0.0008468095911666751
556.7782716022411,0.9997268319129944,0.0008466411964036524
556.798705710622,0.999726414680481,0.0008466323488391936
556.819139618543,0.9998305439949036,0.000846621987875551
556.8395736262319,0.9995045065879822,0.0008465234423056245
556.8600077336814,0.9986347556114197,0.0008464641286991537
556.8804416409039,1.001883625984192,0.0008469665190204978
556.9008756478943,1.0017873048782349,0.0008469626191072166
556.9213096544117,0.9996810555458069,0.00084652379155159
556.9417436609365,0.9996199011802673,0.0008466841536574066
556.9621776669956,1.0001713037490845,0.0008467024308629334
556.9826116728145,0.9996064901351929,0.0008465714054182172
557.003045678408,0.9978077411651611,0.000846191484015435
557.0234796837613,1.0003268718719482,0.0008470678585581481
557.0439137886569,0.9997905492782593,0.0008466103463433683
557.0643476935511,1.001916766166687,0.0008469316526316106
557.0847817979738,0.9995295405387878,0.0008465523715130985
557.1052158021703,0.999542236328125,0.0008465315331704915
557.1256497061331,0.9999533891677856,0.000846663024276495
557.1460838098574,1.0010102987289429,0.0008468533051200211
557.1665178131225,0.9981959462165833,0.0008463695412501693
557.1869517163868,0.9990956783294678,0.0008464682614430785
557.2073858191798,1.000555157661438,0.0008467368315905333
557.2278198217464,1.0001211166381836,0.0008465801365673542
557.2482537240794,0.998592734336853,0.0008463928825221956
557.2686878261738,0.9985724687576294,0.0008456819923594594
557.2891218278091,0.9984638690948486,0.0008464347920380533
557.3095557294437,0.9994069933891296,0.000846611917950213
557.3299898306068,0.9992679953575134,0.0008465485880151391
557.3504238315436,1.0007126331329346,0.0008467431180179119
557.3708578322476,1.0014208555221558,0.000846870883833617
557.3912918324786,0.9992445707321167,0.0008465512073598802
557.4117258327169,0.9999035596847534,0.0008466649451293051
557.4321599324903,1.0011688470840454,0.0008467822335660458
557.4525938322549,0.9992709159851074,0.0008465481805615127
557.4730278315619,0.9994853734970093,0.0008466048748232424
557.4934619306368,0.9988081455230713,0.0008465464925393462
557.5138959292381,1.0005710124969482,0.0008467313600704074
557.5343298278458,0.9994283318519592,0.0008466136059723794
557.5547639259894,1.0004805326461792,0.0008467939915135503
557.5751978238914,1.0005309581756592,0.0008467017323710024
557.5956318215685,1.0005029439926147,0.0008473225170746446
557.6160659190136,0.9993031620979309,0.0008464898564852774
557.6364998162171,0.9999684691429138,0.0008467106963507831
557.6569338131958,1.0010969638824463,0.0008468540036119521
557.6773679097096,0.9999790787696838,0.0008468416635878384
557.6978018059817,0.9984661936759949,0.0008464675047434866
557.7182358020291,1.0003972053527832,0.0008467026054859161
557.7386698978444,1.0009663105010986,0.0008469567401334643
557.759103793418,1.0002511739730835,0.000846635433845222
557.7795378885348,1.000866174697876,0.0008467520819976926
557.799971883418,1.0000267028808594,0.0008467487641610205
557.8204057780604,0.9996085166931152,0.0008465544087812304
557.8408398724787,0.999504804611206,0.0008466044091619551
557.8612738666634,0.9988778829574585,0.0008457321091555059
557.881707860608,0.999375581741333,0.0008465583669021726
557.9021418540942,0.9991685748100281,0.0008465361315757036
557.9225758475804,1.00039803981781,0.0008467344450764358
557.9430098405937,0.9991105794906616,0.0008464923594146967
557.9634438333815,1.0002230405807495,0.0008466451545245945
557.9838778257035,1.0014219284057617,0.000846831826493144
558.0043118180183,0.9993385672569275,0.0008457512012682855
558.0247459098755,0.999144971370697,0.0008465159335173666
558.0451798017311,1.000637173652649,0.000846776703838259
558.0656137931146,0.9996293187141418,0.0008465140126645565
558.0860478842733,0.9984788298606873,0.0008449809974990785
558.1064817749648,0.9998553395271301,0.000846607843413949
558.1269158656505,1.0003997087478638,0.0008466299623250961
558.1473498558771,0.9994251728057861,0.0008458082447759807
558.1677837458701,0.9985815286636353,0.0008449211600236595
558.1882178356245,0.9997100234031677,0.0008451563189737499
558.2086518251526,0.9989306926727295,0.0008449701708741486
558.2290857144471,0.9981169104576111,0.0008449186570942402
558.2495198032702,1.0006113052368164,0.0008467062725685537
558.2699537920998,1.0002350807189941,0.000845160975586623
558.290387680463,0.9996654391288757,0.0008452642941847444
558.3108217685876,1.0000662803649902,0.0008466567378491163
558.3312556564852,0.999734103679657,0.0008459355449303985
558.3516896439178,0.9994001984596252,0.0008450617315247655
558.3721237313439,1.0009711980819702,0.0008467137231491506
558.3925577183109,1.000842571258545,0.0008467635489068925
558.4129916050442,1.001773715019226,0.0008468857849948108
558.433425691539,0.999221682548523,0.0008449937449768186
558.4538596778075,0.9989262223243713,0.0008450492168776691
558.474293663603,0.9998868703842163,0.0008458587690256536
558.494727649173,0.9983188509941101,0.0008449521264992654
558.515161634743,1.000197172164917,0.0008466392755508423
558.5355957198408,0.9996703863143921,0.0008451494504697621
558.5560296044787,1.0001204013824463,0.0008452546317130327
558.5764635891173,0.9996504187583923,0.0008452294860035181
558.5968976732838,1.0016356706619263,0.0008461711695417762
558.617331557456,0.9995143413543701,0.0008451360045000911
558.6377655411634,1.0007715225219727,0.0008460446842946112
558.6581996246314,0.9986779093742371,0.0008448801236227155
558.6786335076395,1.0002521276474,0.0008452835027128458
558.6990674906483,1.0019820928573608,0.0008470191387459636
558.719501573185,0.9985198378562927,0.000845039845444262
558.7399354557274,1.0012551546096802,0.0008461158722639084
558.7603694378049,1.0013794898986816,0.0008462978294119239
558.7808035194103,1.0003728866577148,0.0008453482878394425
558.8012374010214,0.9997346997261047,0.0008451791945844889
558.8216713821676,0.9999244809150696,0.0008451932808384299
558.8421054633072,0.9980459213256836,0.0008449028246104717
558.8625394439878,0.999771237373352,0.0008451868779957294
558.8829734244355,1.0010384321212769,0.0008455047500319779
558.9034074046431,0.999602198600769,0.0008452357724308968
558.9238413843923,0.9992548227310181,0.0008451255271211267
558.9442753639087,1.0007063150405884,0.0008454096387140453
558.9647093434178,1.000543475151062,0.000845255795866251
559.0260112796313,0.9997686743736267,0.0008451819303445518
559.0464452579836,0.9992731213569641,0.000845105096232146
559.0668792358701,1.0003316402435303,0.0008453508489765227
559.0873132135166,1.0007261037826538,0.0008453442715108395
559.1077470909368,0.9990123510360718,0.0008450723253190517
559.1281811681256,0.9997614622116089,0.0008451342000626028
559.1486151448407,0.999405562877655,0.0008451010216958821
559.1690490213296,0.9989751577377319,0.0008450074819847941
559.1894830978199,1.000588059425354,0.0008452024776488543
559.2099170738366,0.9993870854377747,0.0008451382745988667
559.2303511493956,0.9998806118965149,0.0008451707544736564
559.2507850249531,0.9988367557525635,0.0008451238390989602
559.2712190000384,1.001178503036499,0.0008453152258880436
559.2916530751318,1.0001568794250488,0.0008451577741652727
559.3120869497579,1.000633955001831,0.0008451755857095122
559.3325209241448,0.9986928701400757,0.0008448087028227746
559.352954998074,1.0006777048110962,0.0008452713373117149
559.3733889720024,1.004402756690979,0.0008472313056699932
559.3938228454572,0.999933123588562,0.0008451216272078454
559.4142569186879,0.9990463256835938,0.0008450159803032875
559.4346908916777,0.9991559386253357,0.0008450525929220021
559.4551247644413,0.9999309182167053,0.0008450138266198337
559.4755588367407,0.9998437762260437,0.0008451346075162292
559.4959928090393,0.9991960525512695,0.0008449402521364391
559.5164266808642,1.0010253190994263,0.0008452424663119018
559.5368607524651,0.999094545841217,0.0008450056775473058
559.5572947238252,0.9998356103897095,0.0008451358880847692
559.5777287947276,0.999889075756073,0.0008451733156107366
559.5981626656285,0.9985215663909912,0.0008450116729363799
559.6185966360645,1.0006362199783325,0.0008452088804915547
559.6390306062603,0.9995628595352173,0.0008451793692074716
559.6594645762307,0.9998354315757751,0.0008450816385447979
559.6798985459609,0.9993680715560913,0.0008450732566416264
559.7003325152327,1.0007410049438477,0.000845306902192533
559.7207664842717,1.0001362562179565,0.0008451213361695409
559.7412004530779,1.0003782510757446,0.000845196598675102
559.761634421644,0.9998577237129211,0.0008450137102045119
559.7820683899845,0.9991922378540039,0.0008451056201010942
559.8025023580849,1.000940203666687,0.0008451350149698555
559.8229363257269,1.0001904964447021,0.000845144095364958
559.8433702931361,1.0005083084106445,0.0008452109759673476
559.8638042603125,1.0004496574401855,0.0008451298344880342
559.8842382272487,1.0000032186508179,0.0008450555615127087
559.9046721937266,0.999496579170227,0.0008451222092844546
559.9251062601979,1.0003623962402344,0.0008452185429632664
559.9455402262101,0.999605119228363,0.0008450557361356914
559.9659740919888,0.9987111687660217,0.0008449652814306319
559.9864081575288,1.0001142024993896,0.0008451788453385234
560.0068421226097,0.99997878074646,0.0008451368776150048
560.0272759876898,0.9988939166069031,0.0008449731394648552
560.0477100522985,1.0009675025939941,0.0008452876936644316
560.0681440166809,0.9985265731811523,0.0008448197040706873
560.0885778808297,0.9991819262504578,0.0008449854212813079
560.1090119447399,1.0004019737243652,0.00084512191824615
560.129445908191,1.0010401010513306,0.0008452249458059669
560.1498797714085,1.0006760358810425,0.0008451331523247063
560.1703138343873,0.9986366033554077,0.0008449563756585121
560.1907477971399,1.001516580581665,0.0008453524205833673
560.2111817596597,1.0009715557098389,0.0008452240726910532
560.2316157217065,1.0000241994857788,0.0008450925815850496
560.2520496837606,1.0002799034118652,0.0008451039320789278
560.272483645349,1.0006729364395142,0.0008451284375041723
560.2929176066973,0.9987781643867493,0.0008449028246104717
560.3133515675872,0.9990596175193787,0.0008449370507150888
560.3337856284779,1.0011855363845825,0.0008450184250250459
560.3542194888942,0.9985641241073608,0.0008447655127383769
560.3746534490856,0.9984520077705383,0.0008447504951618612
560.3950874090442,1.0007039308547974,0.0008451796020381153
560.4155213687627,0.9994522929191589,0.0008450078312307596
560.4359553280228,0.998764157295227,0.0008449447341263294
560.4563893872837,0.9985818862915039,0.0008448550361208618
560.4768232460701,1.00049889087677,0.0008451329777017236
560.4972572046318,0.9980353713035583,0.0008448722655884922
560.5176912629613,0.999901294708252,0.0008449601009488106
560.5381251208164,1.0001170635223389,0.0008449876331724226
560.5585590786795,0.9999842643737793,0.0008451296598650515
560.5789931360778,0.9984577298164368,0.0008448793087154627
560.5994269932344,0.9985970854759216,0.0008448414737358689
560.6198609499334,1.001114010810852,0.0008452283800579607
560.6402950066331,1.0000425577163696,0.000845105096232146
560.6607288628584,1.0014605522155762,0.0008453576592728496
560.6811629188596,1.0000507831573486,0.0008451289613731205
560.7015968746273,1.0000218152999878,0.0008450037566944957
560.7220307301541,1.0021207332611084,0.0008453808259218931
560.7424647854568,1.000375509262085,0.0008451010216958821
560.7628987402932,1.0005674362182617,0.0008451546891592443
560.7833326948894,0.9994663000106812,0.0008450516615994275
560.8037666492601,0.9997317790985107,0.0008450501482002437
560.8242006033979,0.9989820718765259,0.0008449195884168148
560.8446345572956,0.9995783567428589,0.0008450358873233199
560.865068510735,0.9999171495437622,0.0008451442699879408
560.8855024639415,0.9984968900680542,0.0008447857690043747
560.9059364169079,0.9985596537590027,0.0008450179593637586
560.9263704696496,0.99847811460495,0.000844858237542212
560.9468043221568,0.9993959069252014,0.000844817899633199
560.9672382741919,1.0008141994476318,0.0008450962486676872
560.9876723260022,1.0012086629867554,0.0008452697074972093
561.0081061775782,0.9990490078926086,0.0008448014268651605
561.0285402289155,0.9996867775917053,0.0008449886227026582
561.048974079793,1.0002198219299316,0.0008449925226159394
561.0694080306712,0.9983487725257874,0.0008447433938272297
561.0898420810772,1.000018835067749,0.0008449460729025304
561.1102759312562,1.0005638599395752,0.0008451526518911123
561.1307098812031,0.9995797276496887,0.0008449540473520756
561.1511439306778,0.9998278021812439,0.0008450416498817503
561.1715777801583,1.0015040636062622,0.0008452300680801272
561.1920117291738,0.9988021850585938,0.0008447999716736376
561.21244577795,1.0009394884109497,0.0008451687172055244
561.2328796262664,0.9994409680366516,0.000844906666316092
561.2533135745834,0.9992395639419556,0.0008447646396234632
561.2737476224283,0.9997038245201111,0.0008450013701803982
561.2941815700469,1.0005073547363281,0.0008450516615994275
561.3146154174319,0.9990946650505066,0.0008447509608231485
561.3350494645783,0.9979722499847412,0.0008446563733741641
561.3554834114984,1.0006844997406006,0.0008451059693470597
561.3759172579521,1.000838279724121,0.0008451098692603409
561.3963513041672,1.000345230102539,0.0008448881562799215
561.416785250156,0.9999833106994629,0.0008449710439890623
561.4372192959054,1.0004149675369263,0.0008451158064417541
561.4576531411949,1.000143051147461,0.0008450995082966983
561.4780870862523,1.0002262592315674,0.0008450037566944957
561.4985211313033,1.0006026029586792,0.0008450830355286598
561.5189549756615,1.0011357069015503,0.0008450812892988324
561.5393889200204,0.9997857809066772,0.0008450013701803982
561.55982296414,0.9993751049041748,0.0008448922308161855
561.5802568077997,1.0001286268234253,0.0008451285539194942
561.6006907512274,0.9989050626754761,0.0008447651634924114
561.6211247944157,0.9991579651832581,0.0008448061998933554
561.641558637144,0.998790979385376,0.0008449613233096898
561.6619925798732,1.0007014274597168,0.0008450995082966983
561.6824266221302,1.001047134399414,0.0008450535242445767
561.70286046416,1.0008058547973633,0.0008451647008769214
561.7232944059579,0.9981185793876648,0.0008446245337836444
561.7437284475163,0.9997913241386414,0.0008448924054391682
561.7641622886149,0.9998213052749634,0.0008450111490674317
561.7845963294822,0.9998880624771118,0.0008449465385638177
561.8050302701085,1.0005251169204712,0.0008451220928691328
561.8254641105086,0.9986704587936401,0.0008448932785540819
561.8458981506774,0.999752938747406,0.0008449126617051661
561.8663320903725,0.9988641142845154,0.0008449178421869874
561.8867659298412,0.9995638132095337,0.000844913418404758
561.9071999690786,0.9997159838676453,0.0008447493892163038
561.9276339080752,0.9987910985946655,0.0008447528816759586
561.9480677466127,1.0004454851150513,0.0008450686582364142
561.9685017851516,1.0009573698043823,0.0008450665045529604
562.0093695610558,1.0000799894332886,0.0008450152818113565
562.0298035984306,1.0008578300476074,0.0008450706372968853
562.0502375357974,1.000022292137146,0.000844958471134305
562.070671372705,0.9992195963859558,0.0008450930472463369
562.0911054093813,0.99989253282547,0.000844971276819706
562.1115393458167,0.9984297752380371,0.0008447454310953617
562.1319733820274,1.0013033151626587,0.0008451608009636402
562.1524072177708,0.9988167881965637,0.0008445749990642071
562.1728411532749,1.0008108615875244,0.000845137401483953
562.1932751885543,1.0009434223175049,0.0008451350149698555
562.2137090235992,0.9998492002487183,0.0008449598681181669
562.2341429584048,0.9997666478157043,0.0008449569577351213
562.2545769927528,0.999882161617279,0.0008447844302281737
562.2750109268673,0.9997420310974121,0.0008448156295344234
562.2954447607408,1.000340461730957,0.0008450497989542782
562.3158787943903,1.00035560131073,0.0008451031753793359
562.3363127277989,0.9992028474807739,0.0008447276195511222
562.3567465607484,0.9999236464500427,0.0008450046880170703
562.3771805934666,0.9998676776885986,0.0008450133609585464
562.3976145259512,1.0001792907714844,0.0008449370507150888
562.4180483581949,0.9993640184402466,0.0008448973530903459
562.4384823899818,0.9983728528022766,0.0008447629516012967
562.4589162215343,1.0001531839370728,0.0008449249435216188
562.4793501528475,0.9996281266212463,0.0008449762244708836
562.4997841839358,1.0000667572021484,0.0008451074827462435
562.5202180147899,0.999378502368927,0.000844763417262584
562.5406520451725,0.9994176030158997,0.0008450073655694723
562.5610859755616,1.0001651048660278,0.0008450219174847007
562.5815198052514,1.002747893333435,0.0008453206392005086
562.6019538349356,1.0013219118118286,0.000845169008243829
562.6223877643934,1.000557541847229,0.0008449791348539293
562.6428216933855,0.9991703629493713,0.0008448435692116618
562.6632556221375,0.999491810798645,0.0008447911241091788
562.683689550664,0.9996271133422852,0.00084483198588714
562.7041234789504,0.9996232390403748,0.0008447068394161761
562.7245574067783,1.0000417232513428,0.0008450575987808406
562.7449913346063,0.9997115731239319,0.00084485620027408
562.7654252619686,0.9996171593666077,0.0008448526496067643
562.7858592888588,0.9995067119598389,0.0008448553853668272
562.8062931157547,1.0002977848052979,0.0008449996239505708
562.8267270421784,0.9995496273040771,0.0008449395536445081
562.8471610686101,0.9985656142234802,0.0008445951389148831
562.8675948945747,0.9993870258331299,0.0008446219726465642
562.8880289200679,0.9996620416641235,0.000844756665173918
562.9084628455676,0.9999620914459229,0.0008449199958704412
562.9288966706008,1.0003472566604614,0.0008449102751910686
562.9697646199638,1.0007960796356201,0.000845101079903543
562.9901984442986,0.9984299540519714,0.0008446009014733136
563.0106324681619,1.0007309913635254,0.0008449322776868939
563.0310663920318,1.0018572807312012,0.0008452502079308033
563.0515002154352,0.9993354082107544,0.0008446996798738837
563.0719342383672,0.9995739459991455,0.0008448162116110325
563.0923681613058,0.9996561408042908,0.0008448705193586648
563.1128020837787,0.999606192111969,0.0008448202861472964
563.1332360060114,1.0008645057678223,0.0008453060872852802
563.1536699280186,0.9998366832733154,0.0008448489243164659
563.1741037497923,1.000070571899414,0.0008449062588624656
563.1945377710945,1.0001248121261597,0.000844953756313771
563.2149716924032,0.9988585710525513,0.0008446818683296442
563.2354056132463,1.0001777410507202,0.00084503716789186
563.2558395338492,0.9996136426925659,0.0008448392036370933
563.2762734539938,0.9999880194664001,0.0008449661545455456
563.2967074741391,0.9996880888938904,0.0008449695887975395
563.31714129381,1.0002506971359253,0.0008450516615994275
563.3375752132561,0.9992292523384094,0.0008448851876892149
563.3580092322372,0.9988658428192139,0.0008446700521744788
563.3784430512096,0.9980089068412781,0.0008446876308880746
563.3988769697244,0.9997192025184631,0.0008448029984720051
563.419310988007,1.0005276203155518,0.00084503716789186
563.4397448060481,0.998729407787323,0.0008447087602689862
563.4601787238644,0.9994862675666809,0.0008447997970506549
563.4806127412157,0.9991255402565002,0.000844671914819628
563.5010465583255,0.9991685748100281,0.0008447971194982529
563.5214804752104,1.000072956085205,0.00084497599164024
563.5419144918633,0.9996696710586548,0.0008448702283203602
563.5623483080417,0.9996626377105713,0.0008448332082480192
563.5827822242281,1.0001485347747803,0.0008449776796624064
563.6032162399497,0.9997758269309998,0.0008448119042441249
563.6236501554304,0.9995617866516113,0.0008447389700450003
563.6440840704527,0.999750018119812,0.0008449112647213042
563.664517985475,1.0011286735534668,0.0008449401357211173
563.6849519000243,0.9988731741905212,0.0008446978172287345
563.7053858143481,1.0000587701797485,0.0008449285523965955
563.7258197284391,0.9989429116249084,0.0008447407162748277
563.7462536420571,0.9992749691009521,0.0008448510197922587
563.7666876554504,0.9990148544311523,0.0008447750587947667
563.7871214686093,0.9992914795875549,0.00084467395208776
563.8075553815288,0.9990590214729309,0.0008447591098956764
563.8279892942228,1.0004006624221802,0.0008450184250250459
563.8484232064511,0.9996568560600281,0.0008447787258774042
563.8688571184393,0.9988642334938049,0.000844700145535171
563.889291030202,0.9994176626205444,0.0008449030574411154
563.9097249417318,0.999750554561615,0.0008448445005342364
563.930158752788,0.9995967149734497,0.0008448305889032781
563.9505927638529,0.99904865026474,0.0008448213338851929
563.9710266744514,0.9985060095787048,0.0008445238345302641
563.9914606848106,1.0013469457626343,0.000845181115437299
564.0118944947098,1.0002937316894531,0.000844941649120301
564.0323284043698,1.0012556314468384,0.0008450516033917665
564.0527624140377,0.9999212622642517,0.0008448734297417104
564.0731962232385,1.0006378889083862,0.0008449716260656714
564.0936301319744,1.0002521276474,0.0008448020671494305
564.1140641407037,0.9998109936714172,0.0008448408334515989
564.1344980489739,0.9997666478157043,0.0008449741872027516
564.1549318570032,0.9983347058296204,0.000844647001940757
564.1753658648086,1.00094473361969,0.0008450588793493807
564.1957997721474,0.9985547661781311,0.0008446659194305539
564.2162335794856,1.0005406141281128,0.0008448776789009571
564.2366675863523,0.9987625479698181,0.0008448228472843766
564.2571014929927,0.9995764493942261,0.0008447939180769026
564.2775352991594,1.0000749826431274,0.00084478355711326
564.2979693053348,1.0001518726348877,0.0008449398446828127
564.3184032110439,0.9987857341766357,0.0008448237786069512
564.3388372165136,0.9981964826583862,0.0008446117280982435
564.3592710215235,1.000858187675476,0.0008450589957647026
564.379704926534,0.9996511340141296,0.0008449585875496268
564.4001389310724,0.9999100565910339,0.0008448843145743012
564.4205727353838,0.9992404580116272,0.0008449000306427479
564.441006639463,1.000064492225647,0.0008449475280940533
564.4614406433029,1.0012881755828857,0.0008451731409877539
564.4818744466829,1.0003328323364258,0.0008449382148683071
564.5023083498309,0.9999959468841553,0.0008450536406598985
564.5227423527394,1.0012418031692505,0.0008452099282294512
564.543176155421,0.9984318614006042,0.0008447384461760521
564.5636100576376,1.0008536577224731,0.0008450523018836975
564.5840439596141,0.9990425109863281,0.0008447387954220176
564.604477861365,1.0011234283447266,0.0008452649926766753
564.6249117628831,1.0010054111480713,0.0008451354806311429
564.6453456641611,1.000016450881958,0.0008447942091152072
564.6657795649808,0.9997940063476562,0.0008448578300885856
564.6862134655676,0.9993525147438049,0.0008448690641671419
564.706647465915,1.0032187700271606,0.000846521754283458
564.7270812658026,0.9992752075195312,0.0008449123706668615
564.7475152656916,1.001278281211853,0.0008452513720840216
564.767949165107,1.0015214681625366,0.0008452478796243668
564.788382964296,0.9992717504501343,0.000844991416670382
564.8088169632538,1.0003081560134888,0.0008450995082966983
564.8292508617378,1.000564455986023,0.0008450248278677464
564.8496846599955,1.0017551183700562,0.0008453185437247157
564.870118658022,0.9990903735160828,0.0008447642903774977
564.8905525558075,1.0030277967453003,0.0008471820619888604
564.9109863531339,1.0006935596466064,0.0008450706955045462
564.9314203504618,0.999440610408783,0.0008448470034636557
564.9518542473161,1.0001120567321777,0.0008448964217677712
564.9927220401078,0.9996824860572815,0.0008448699954897165
565.0131559360307,0.9995635747909546,0.0008447705185972154
565.0335898319609,0.9999092817306519,0.000844810507260263
565.0540237271925,0.9993173480033875,0.0008449935703538358
565.074457622417,1.0003961324691772,0.0008451545727439225
565.0948916171837,1.000238060951233,0.0008451668545603752
565.1153255119425,0.9999516010284424,0.0008450401364825666
565.1357593062421,0.9983997344970703,0.0008446054416708648
565.1561933000776,0.9989905953407288,0.0008447358850389719
565.1766271939123,1.0002027750015259,0.0008456076611764729
565.1970609872733,1.0000488758087158,0.0008454740745946765
565.2174949804103,0.9988912343978882,0.0008447092259302735
565.2379287733129,0.9980729818344116,0.0008447447908110917
565.2583626657433,0.9989615082740784,0.000844719004817307
565.2787966581818,0.9991275668144226,0.0008453416521660984
565.2992304501531,0.9995325803756714,0.0008448475855402648
565.3196643418851,0.9998632073402405,0.0008449538727290928
565.3400983331594,0.9982597231864929,0.0008446205174550414
565.3605321244322,0.9993695020675659,0.000845957372803241
565.3809660152328,0.9991090893745422,0.0008448510779999197
565.4014000058087,1.000304937362671,0.0008460059179924428
565.4218337959173,0.9987683296203613,0.0008448139415122569
565.4422677860202,1.0002259016036987,0.0008449444430880249
565.462701675664,0.9993914365768433,0.0008453299524262547
565.4831354650742,1.0003191232681274,0.0008456367067992687
565.5035694542457,0.9993339776992798,0.000845919013954699
565.5240033429582,0.9992242455482483,0.000845824193675071
565.5444372314378,1.0004006624221802,0.0008460056269541383
565.5648711196773,0.9992140531539917,0.000845292815938592
565.5853050076912,1.0002591609954834,0.00084601656999439
565.6057388952322,0.9983904361724854,0.0008456945070065558
565.6261727827805,0.9999634623527527,0.0008448563748970628
565.6466066698631,1.000269889831543,0.0008459662785753608
565.6670405567129,1.0002106428146362,0.0008454776252619922
565.6874745430905,1.0000004768371582,0.0008459951495751739
565.7079083294739,1.000205636024475,0.0008459757664240897
565.728342215385,1.000328540802002,0.000846075126901269
565.7487762010715,0.9996242523193359,0.0008452263427898288
565.7692099862907,0.9981268048286438,0.000844488968141377
565.7896438715106,0.9994337558746338,0.0008459361852146685
565.8100778562584,0.9982437491416931,0.0008451903122477233
565.8305116407792,1.000328779220581,0.0008450568420812488
565.8509456248285,1.0001016855239868,0.0008459051023237407
565.8713795088843,0.9995847344398499,0.0008459839737042785
565.8918132924737,1.0001438856124878,0.000846024660859257
565.9122472758245,0.9986249208450317,0.0008453461341559887
565.9326811587162,0.9990979433059692,0.0008457832154817879
565.953114941607,0.9998670816421509,0.0008460661629214883
565.9735489240265,0.998557984828949,0.0008458261145278811
565.993982706219,1.0004308223724365,0.0008459896198473871
566.0144165881793,0.9991192817687988,0.0008453007903881371
566.0348505696675,1.0002270936965942,0.0008459651726298034
566.0552844511622,0.9990002512931824,0.0008458777447231114
566.0757182321904,0.9980564713478088,0.0008444612612947822
566.0961522127473,1.000499963760376,0.0008461412508040667
566.1165860933106,0.9985408186912537,0.0008457761141471565
566.1370198734076,0.9996268153190613,0.0008459088276140392
566.1574538532659,0.9981129169464111,0.0008447168511338532
566.177887732898,1.000387191772461,0.0008461171528324485
566.1983217122979,0.9997283220291138,0.0008459815289825201
566.2187554912234,0.9994444847106934,0.0008461072575300932
566.2391893699241,0.9990442395210266,0.0008459021337330341
566.2596233483928,0.9991997480392456,0.0008452997426502407
566.2800571266198,1.0007394552230835,0.0008462045807391405
566.3004910043892,0.9978187084197998,0.0008455514907836914
566.3209249819265,0.9998154044151306,0.0008459514356218278
566.3413587592222,0.9992720484733582,0.000845915696118027
566.3617926362931,0.9995518326759338,0.0008459443342871964
566.3822266128991,1.0013806819915771,0.0008461341494694352
566.4026603892635,1.0001798868179321,0.0008460708195343614
566.423094265403,1.0005182027816772,0.0008461943361908197
566.4435282413033,0.9995465278625488,0.0008459556847810745
566.4639620167436,0.9984989762306213,0.0008457668591290712
566.4843958919519,1.0002412796020508,0.0008460474782623351
566.5252637416634,1.0007421970367432,0.0008460023091174662
567.4039201779597,1.0017552375793457,0.0008418018696829677
567.4243540398893,1.001197338104248,0.0008422515238635242
567.4447879013605,1.0000593662261963,0.0008420530939474702
567.4652217628318,0.9993740916252136,0.0008419729419983923
567.4856556238301,0.9990206360816956,0.0008411169401369989
567.50608948437,0.9993082284927368,0.0008404952823184431
567.52652334491,0.9998331069946289,0.0008424058323726058
567.5469573049777,1.0008339881896973,0.0008431304595433176
567.5673910648184,1.000109076499939,0.0008414139156229794
567.587824924427,0.9993555545806885,0.0008414624608121812
567.6082588837962,0.9997268319129944,0.0008421147358603776
567.6286926427056,0.9990507960319519,0.0008419036748819053
567.6491266013836,0.9989100694656372,0.0008424051920883358
567.6695604598208,0.9979625344276428,0.0008422501268796623
567.6899942177988,0.9974115490913391,0.0008422762039117515
567.7104281757784,0.9978400468826294,0.0008424519910477102
567.7308620332842,0.9987949728965759,0.000842627661768347
567.7512957905637,1.0006033182144165,0.0008433767361566424
567.7717297473791,0.9988126158714294,0.0008431514725089073
567.7921636039537,1.001309871673584,0.0008437386131845415
567.8125973603019,1.0008463859558105,0.0008435843046754599
567.8330313164188,0.998604953289032,0.0008432767353951931
567.8534651722948,1.0003511905670166,0.0008437371579930186
567.8738990277125,0.9996985793113708,0.0008438516524620354
567.8943328828973,0.9983701705932617,0.0008437424548901618
567.914766737842,0.99852055311203,0.0008438821532763541
567.9352005923283,0.9997727870941162,0.0008440534584224224
567.9556344468147,0.9998711943626404,0.0008441211539320648
567.976068300828,0.9995738863945007,0.000844038906507194
567.9965022543838,1.000588059425354,0.000844403519295156
568.016936007938,1.0000803470611572,0.0008444176055490971
568.0373698610201,0.9993408918380737,0.000844314752612263
568.0578038138774,0.9990604519844055,0.0008441207464784384
568.0782375665003,0.9974885582923889,0.0008439518278464675
568.0986714186511,1.0001192092895508,0.0008445024723187089
568.1191053708098,1.000166416168213,0.0008445674902759492
568.1395391222686,0.9992560148239136,0.0008450401946902275
568.1599729737209,0.9982792139053345,0.0008448479347862303
568.1804069249483,0.997907817363739,0.0008443353581242263
568.2008406757086,1.000517725944519,0.000845855160150677
568.2212745262295,0.9992737770080566,0.0008445386774837971
568.2417084765257,0.9996996521949768,0.0008457910735160112
568.2621422263546,0.9996000528335571,0.0008457501535303891
568.2825760759442,1.0003024339675903,0.0008458531810902059
568.303010025309,0.9993224143981934,0.0008457936346530914
568.3234437744395,0.999937891960144,0.0008457662188448012
568.3438777230986,0.9987642168998718,0.0008457875810563564
568.3643115715313,0.9989233613014221,0.0008457996882498264
568.3847454197239,0.9973121881484985,0.000845518836285919
568.405179267691,0.9982857704162598,0.0008456503855995834
568.4256131151924,0.9975425004959106,0.0008455247734673321
568.446046962461,1.0001682043075562,0.0008460877579636872
568.4664808094894,1.0007097721099854,0.0008461024262942374
568.4869146562924,1.0006763935089111,0.0008461329853162169
568.5073485026223,0.9997150301933289,0.0008459913078695536
568.5277824487275,1.000190019607544,0.0008459939272142947
568.5482161945984,0.9984132051467896,0.0008457946823909879
568.5686500402298,0.9984468221664429,0.0008457584772258997
568.5890839854037,0.9981487393379211,0.0008457893854938447
568.6095177303432,0.9998354315757751,0.0008460083627142012
568.6299515750434,0.9988933801651001,0.0008458273368887603
568.6503855195187,1.0005207061767578,0.0008462302503176033
568.6708192635269,0.9989178776741028,0.0008458771626465023
568.6912532072965,0.9992188811302185,0.0008461075485683978
568.7116869508391,0.9986103177070618,0.0008459599339403212
568.7321207939167,0.9986575841903687,0.0008460156968794763
568.7525547369878,1.0003089904785156,0.0008462533005513251
568.772988479599,0.9974632263183594,0.0008458045776933432
568.7934223217453,0.9980701208114624,0.0008467042353004217
568.8138562638851,0.9997539520263672,0.0008462211117148399
568.834290005565,0.9995629787445068,0.0008461278048343956
568.8547238470128,1.0000016689300537,0.0008462297264486551
568.8751577882213,0.9991730451583862,0.000846184091642499
568.8955916289706,1.0024168491363525,0.0008479043608531356
568.9160253694863,0.9996254444122314,0.0008461494580842555
568.9364593097634,1.0004339218139648,0.0008464729762636125
568.9568931498143,0.9979118704795837,0.000845884089358151
568.9773268893987,0.9989955425262451,0.0008461096440441906
568.9977608289773,0.9987828135490417,0.0008461226243525743
569.018194667864,0.998267650604248,0.0008460471872240305
569.0386286067514,1.0006003379821777,0.0008464949205517769
569.0590623451644,0.9991971850395203,0.0008461818797513843
569.0794961833526,0.9986447691917419,0.0008460301323793828
569.0999301213014,0.9991717338562012,0.0008460251265205443
569.1203638590232,0.9997853636741638,0.0008463545236736536
569.1407976962801,0.9992470145225525,0.0008461530087515712
569.1612316333049,0.9994701147079468,0.0008461755351163447
569.181665370088,1.000592827796936,0.0008463126141577959
569.2020992066464,1.0000429153442383,0.0008462196565233171
569.2225331427326,0.9998531341552734,0.000846184731926769
569.2429668785917,1.000850796699524,0.0008463372359983623
569.2634007142187,0.9985758066177368,0.0008461062679998577
569.2838346493809,0.9983860850334167,0.0008459347300231457
569.3042683843014,0.9989964962005615,0.0008460966637358069
569.3247022189971,1.0001507997512817,0.0008461911929771304
569.3451361534535,0.9988012909889221,0.0008461136021651328
569.3655699874507,0.9972843527793884,0.0008458385709673166
569.386003821448,0.9982331991195679,0.0008459548698738217
569.4064376549795,1.0005435943603516,0.0008463864796794951
569.4268713880374,0.9999472498893738,0.0008462981204502285
569.4473053211041,0.9995920062065125,0.0008461759425699711
569.4881728860637,0.998717725276947,0.0008460150565952063
569.5086068179662,0.9988956451416016,0.000846054928842932
569.529040649868,0.9983068108558655,0.0008460570243187249
569.549474381296,0.9996309280395508,0.000846136303152889
569.5699083122672,0.9985607862472534,0.0008458960219286382
569.5903421432304,1.0010786056518555,0.0008463081321679056
569.6107758737344,0.9989558458328247,0.0008461079560220242
569.6312098040071,0.9984694123268127,0.0008460105746053159
569.6516436340462,0.9993813037872314,0.0008461669203825295
569.6720773636116,1.0001078844070435,0.0008462376426905394
569.6925112931858,0.9996216297149658,0.0008461548131890595
569.7129451222863,0.9985685348510742,0.0008460739627480507
569.7333790509292,0.9986922740936279,0.0008459254750050604
569.7538127795706,0.9971378445625305,0.0008457506191916764
569.774246607747,1.0012801885604858,0.0008464445709250867
569.7946805356842,0.9991102814674377,0.00084610132034868
569.8151142631614,0.9993413090705872,0.0008460918324999511
569.8355480906321,1.0001168251037598,0.0008462713449262083
569.8559820176451,0.9999021887779236,0.0008462431724183261
569.8764158444246,0.9995389580726624,0.0008461400866508484
569.8968495707377,0.9997271299362183,0.000846044800709933
569.917283497045,1.001829743385315,0.0008464967831969261
569.9377173228931,0.997959315776825,0.00084594392683357
569.9581510482676,1.0012907981872559,0.0008464534766972065
569.9785849736509,1.000251293182373,0.0008462843834422529
569.9990187985677,1.0016998052597046,0.0008469760650768876
570.019452523251,1.0010319948196411,0.0008463433478027582
570.0398864476956,0.998733639717102,0.0008460449753329158
570.0603202716811,1.0000066757202148,0.0008462751866318285
570.0807540954265,1.0000849962234497,0.0008462292607873678
570.1011879189464,0.9996365308761597,0.0008461065008305013
570.1216216422326,0.9996468424797058,0.0008462422993034124
570.1420555650475,0.9996948838233948,0.0008462067344225943
570.162489387636,0.997958779335022,0.000845937174744904
570.182923109991,1.0004653930664062,0.0008463683188892901
570.2033570321073,0.9999679327011108,0.0008461908437311649
570.2237908537645,1.00054132938385,0.0008461200632154942
570.2442245751881,1.0008424520492554,0.0008463352569378912
570.2646584963732,0.9996647834777832,0.0008461897377856076
570.285092317099,1.0014045238494873,0.0008463922422379255
570.3055261378249,0.9988240599632263,0.0008459922973997891
570.3259599580779,0.99953293800354,0.0008461935794912279
570.3463937778724,1.0007381439208984,0.0008462230325676501
570.366827597667,1.002078890800476,0.0008464651182293892
570.3872614169886,0.9994674324989319,0.0008461110992357135
570.4076952360847,0.9988780617713928,0.0008459678501822054
570.4281291547159,1.0007121562957764,0.0008462877012789249
570.448562973339,0.9996398687362671,0.0008461217512376606
570.468996691503,1.0004547834396362,0.0008461602265015244
570.4894306092028,1.0001239776611328,0.0008462972473353148
570.5098644268946,0.999571681022644,0.0008461182005703449
570.5302981441273,0.9985859990119934,0.0008458650554530323
570.5507320611287,0.9982314109802246,0.0008458382799290121
570.5711658778891,1.0003225803375244,0.000846139038912952
570.5915995941905,1.000681757926941,0.0008462411933578551
570.6120335104933,0.9999748468399048,0.0008462656987830997
570.6324673260897,0.9999814033508301,0.0008461205870844424
570.6529010416925,1.0001167058944702,0.000846180715598166
570.6733349568312,0.9997346997261047,0.000846003124024719
570.6937687719619,0.9992218613624573,0.0008461058605462313
570.7142025864014,0.999871551990509,0.0008461122051812708
570.7346364008408,0.9997683167457581,0.0008462055120617151
570.7550702148073,0.9991781115531921,0.0008460390963591635
570.7755040285483,0.998710572719574,0.0008459629025310278
570.7959378420564,0.999088704586029,0.0008459677337668836
570.8163716550916,0.9993233680725098,0.0008460619137622416
570.8368054681341,0.9992597103118896,0.0008460016106255352
570.8572392807109,0.9987789392471313,0.0008459443342871964
570.8776730928148,0.9998193383216858,0.0008461108664050698
570.898106904926,1.0012223720550537,0.0008463664562441409
570.9185407165642,1.0003305673599243,0.0008461388060823083
570.9389745279768,0.9983679056167603,0.0008458989905193448
570.9594084389246,0.9976323843002319,0.0008458370575681329
570.979842149638,0.9989761710166931,0.0008460954995825887
571.000275960112,1.001554012298584,0.0008463551639579237
571.0207098703613,1.0003652572631836,0.0008462416590191424
571.041143580369,0.9999023675918579,0.0008461111574433744
571.061577389919,0.9989805817604065,0.0008460595854558051
571.0820112992369,1.0001672506332397,0.0008460302487947047
571.1024450080877,1.0018837451934814,0.0008464187267236412
571.1228789169327,0.9983565211296082,0.0008458759402856231
571.1433127253185,0.9989756345748901,0.0008459507371298969
571.1637464334635,0.9998429417610168,0.0008461286197416484
571.1841803411517,1.000693440437317,0.0008461924153380096
571.204614148839,0.9988240599632263,0.0008457877556793392
571.22504785606,1.0002045631408691,0.0008461294928565621
571.2454817628095,0.9999105930328369,0.0008460147073492408
571.2659155695655,1.0002031326293945,0.0008460955577902496
571.2863493758487,0.9995858669281006,0.0008459464297629893
571.3067831819062,1.0007460117340088,0.000846207607537508
571.3272169877309,0.9978774785995483,0.0008457895601168275
571.3476507930827,1.0006500482559204,0.0008461579564027488
571.3680846982097,1.0001500844955444,0.0008460891549475491
571.3885184031024,1.0003154277801514,0.0008461516117677093
571.4089522075228,0.9995673298835754,0.00084595539374277
571.4293861119513,0.9988973736763,0.0008458316442556679
571.4498198159126,0.9981739521026611,0.0008458076044917107
571.4702537194025,1.0011991262435913,0.000846172624733299
571.4906874228982,1.001020073890686,0.0008462055120617151
571.511121225929,0.9998469352722168,0.0008459965465590358
571.5315551287204,1.000075101852417,0.0008458788506686687
571.5519888312847,1.000172734260559,0.0008459979435428977
571.5724226333841,0.9995295405387878,0.0008458705269731581
571.5928565352442,0.9996775388717651,0.0008459691889584064
571.6132902368772,0.9978086948394775,0.0008455715142190456
571.6337240380453,1.0009849071502686,0.000846069713588804
571.6541579392069,1.0000489950180054,0.0008459072560071945
571.6745916399086,1.0000559091567993,0.0008459962555207312
571.6950254401454,1.0009042024612427,0.0008462090045213699
571.7154593403757,0.9999210238456726,0.0008460344979539514
571.735893040146,1.0014045238494873,0.0008461602847091854
571.7563268396843,0.9993683695793152,0.000845697766635567
571.7767607387505,1.0006394386291504,0.0008461260586045682
571.7971945378231,0.9991084337234497,0.0008458945667371154
571.8176282364293,0.9994098544120789,0.0008460223325528204
571.8380621345641,0.999174177646637,0.0008458298398181796
571.8584959327054,0.9994021058082581,0.0008458973024971783
571.8789297303811,1.000441074371338,0.0008460012031719089
571.8993635278166,0.9994815587997437,0.0008459302480332553
571.9197973250266,0.9990519285202026,0.000845882052090019
571.9402312217717,0.9988687634468079,0.0008457889780402184
571.9606649182751,0.998675525188446,0.0008457488147541881
571.9810987145538,1.0002983808517456,0.0008461303077638149
572.0015326103603,1.0002573728561401,0.0008459747186861932
572.0219663061725,0.999297022819519,0.0008459222735837102
572.0424001015199,1.0003153085708618,0.0008458796655759215
572.0628339964023,1.0011147260665894,0.0008460571989417076
572.083267691276,0.9988284111022949,0.0008456801879219711
572.103701485692,0.9997376799583435,0.0008460022509098053
572.1241352798752,0.9995947480201721,0.0008457297808490694
572.1445690735854,1.000852346420288,0.000846055569127202
572.165002867303,0.999134361743927,0.0008457174408249557
572.1854366605548,1.0028212070465088,0.0008463772828690708
572.2058704533338,0.9988324046134949,0.0008458014344796538
572.2263043461207,0.9990959763526917,0.0008457908406853676
572.2467380384405,1.0009782314300537,0.0008460502722300589
572.267171830521,1.0000475645065308,0.0008457247749902308
572.2876057221438,1.000264048576355,0.000845899514388293
572.3080395137658,1.0000046491622925,0.000845921051222831
572.3284732049142,0.9978475570678711,0.0008455666247755289
572.3489070958385,1.0012755393981934,0.0008460591780021787
572.3693408862891,1.0004500150680542,0.0008458556840196252
572.3897745765134,1.000064492225647,0.0008458935189992189
572.4102084665064,1.0041567087173462,0.0008466669241897762
572.4306422562659,0.9985485672950745,0.0008454608032479882
572.4715098346132,0.9978780746459961,0.0008455162169411778
572.491943623434,1.0013084411621094,0.0008459846721962094
572.5123773120285,0.9999321699142456,0.0008458556840196252
572.5328112001589,1.0010749101638794,0.0008459715754725039
572.5532449880557,0.9996218681335449,0.0008457775111310184
572.5736788757131,1.0013442039489746,0.000846014590933919
572.5941125629106,0.99996018409729,0.0008458377560600638
572.6145463498688,0.9983907341957092,0.0008455614442937076
572.6349802366021,0.9992831945419312,0.0008456929353997111
572.6554139231012,1.0000929832458496,0.0008458608645014465
572.6758477091353,0.9989431500434875,0.0008455424103885889
572.69628159493,1.0009088516235352,0.0008459843811579049
572.7167152804977,0.9986729025840759,0.0008454321068711579
572.7371490655933,1.0012680292129517,0.000846104056108743
572.757582950464,0.9997600317001343,0.0008457747171632946
572.7780167351011,1.0001713037490845,0.000845770409796387
572.7984504195047,0.999198317527771,0.0008458027732558548
572.8188843034368,1.0000553131103516,0.0008458977099508047
572.8393180871426,1.0002470016479492,0.0008458816446363926
572.8597517706075,1.00002121925354,0.0008456336217932403
572.8801856536156,0.9989333152770996,0.0008455970091745257
572.9006193366222,0.998676598072052,0.0008456013165414333
572.9210532191573,1.0020313262939453,0.000846061622723937
572.9414870012333,1.0007115602493286,0.0008459366508759558
572.9619206833086,0.9997534155845642,0.0008458512602373958
572.9823545649124,0.9998641014099121,0.0008458004449494183
573.0027883460571,1.0007827281951904,0.0008458132506348193
573.023222027201,1.0016978979110718,0.0008461119723506272
573.0436559078735,0.9998492002487183,0.000845606264192611
573.0640896883197,1.000989556312561,0.0008459662785753608
573.0845233685322,1.0000677108764648,0.0008457152871415019
573.1049572482734,0.9986733794212341,0.0008455238421447575
573.1253910277883,1.0001977682113647,0.0008458665106445551
573.1458248070703,0.9989209175109863,0.0008457056246697903
573.1662585858794,1.0004181861877441,0.0008457396179437637
573.1866923646958,0.9997973442077637,0.0008458183729089797
573.2071261428136,0.9999116659164429,0.0008458093507215381
573.2275599209243,0.9997153878211975,0.000845784496050328
573.2479936985765,1.0000349283218384,0.0008458371157757938
573.2684275762294,1.0002192258834839,0.0008457378135062754
573.2888613531759,0.999292254447937,0.0008456555660814047
573.3092950301289,0.9999074935913086,0.0008457711664959788
573.3297289066177,0.9986855387687683,0.0008456358918920159
573.3501626828656,0.9992090463638306,0.0008457303047180176
573.3705963588873,0.9976176619529724,0.0008455042843706906
573.3910302344448,1.0036993026733398,0.0008464523707516491
573.4114640097614,0.9989882707595825,0.0008457375806756318
573.4318976848517,1.0003161430358887,0.0008460094686597586
573.4523315594706,0.9988583326339722,0.0008458208758383989
573.472765334096,0.9983056783676147,0.0008454466005787253
573.493199008255,0.9993972182273865,0.0008457897929474711
573.5136328819499,0.9990798234939575,0.0008456254727207124
573.534066555636,0.9995935559272766,0.0008456578361801803
573.5545003288644,1.0010544061660767,0.0008460244280286133
573.5749342016206,1.000311017036438,0.0008459141827188432
573.5953679743834,0.99896639585495,0.0008455751813016832
573.6158017466805,1.0013716220855713,0.0008460069075226784
573.6362355187448,1.0003864765167236,0.000845973554532975
573.656669290569,1.001474380493164,0.0008462041150778532
573.6771030619348,1.0002713203430176,0.0008458491647616029
573.6975368330604,0.9984067678451538,0.0008457984076812863
573.7179706039606,0.9987423419952393,0.0008455577190034091
573.738404374395,0.9989566206932068,0.0008456367650069296
573.7588381448295,0.9999474883079529,0.0008458938100375235
573.779271914791,0.9990168213844299,0.0008457354851998389
573.7997057842949,1.0005282163619995,0.0008459453238174319
573.82013945379,1.0002278089523315,0.0008459122036583722
573.8405732228275,0.9994656443595886,0.0008457241929136217
573.8610070914001,1.0001778602600098,0.0008459734381176531
573.8814407599712,0.9998842477798462,0.00084597960812971
573.90187452807,1.0009181499481201,0.0008461151737719774
573.9223083959441,0.9985031485557556,0.0008457063231617212
573.9427420635766,0.9990808367729187,0.0008457847288809717
573.9631759307522,0.9984143376350403,0.0008455311181023717
573.9836096976942,1.001329779624939,0.0008460850804112852
574.0040433644026,1.0009812116622925,0.0008460257085971534
574.0244772306396,1.0000797510147095,0.0008458891534246504
574.0449109966503,1.0006991624832153,0.0008460175595246255
574.0653446624201,1.000182032585144,0.0008459236123599112
574.0857785279659,1.0004100799560547,0.0008458578959107399
574.1062122930452,0.9992067813873291,0.0008458506199531257
574.1266460578845,1.0006968975067139,0.0008458586526103318
574.1470798224982,1.0014866590499878,0.000846186769194901
574.1675135866462,0.9996843934059143,0.0008458986412733793
574.187947350787,1.0022872686386108,0.0008462328114546835
574.2083811142365,0.9993767142295837,0.000845777802169323
574.2288148776861,0.9986510872840881,0.000845623726490885
574.2492486406627,1.0000419616699219,0.0008458082447759807
574.2696824034138,1.0001070499420166,0.0008458754164166749
574.290116165932,1.0013591051101685,0.000846061622723937
574.3105499279773,1.0003491640090942,0.0008458460215479136
574.3309836900298,1.0001885890960693,0.0008458307711407542
574.3514174513839,0.9996117353439331,0.0008459105738438666
574.3718513127315,1.0011733770370483,0.0008461549296043813
574.3922849736191,1.0006632804870605,0.0008459691307507455
574.4127187342747,0.9987467527389526,0.0008458119700662792
574.4331525946909,1.0010792016983032,0.000846145034302026
574.4535862546472,1.0004382133483887,0.0008459276286885142
574.4740200143715,1.001381278038025,0.0008460793178528547
574.4944538738564,0.9994164109230042,0.0008456645882688463
574.5148875331142,1.0002607107162476,0.0008458346710540354
574.5353212919072,0.9994795322418213,0.0008457648218609393
574.5557551504608,1.0016205310821533,0.0008461059187538922
574.5761888087873,1.0012606382369995,0.0008460624958388507
574.5966225666489,1.0006805658340454,0.0008460507378913462
574.6170564242711,1.0009429454803467,0.0008459168020635843
574.6374901816671,0.9987977147102356,0.0008456661598756909
574.6579239385974,1.0009403228759766,0.0008459132513962686
574.6783576952876,1.0009269714355469,0.0008460644748993218
574.6987914517522,1.0006009340286255,0.0008460492244921625
574.719225207984,1.0010186433792114,0.0008460988756269217
574.7396589637428,1.0001115798950195,0.0008460126700811088
574.7600927192761,1.00093412399292,0.0008459705277346075
574.7805264745766,1.001741886138916,0.0008463410777039826
574.8009602294042,1.0004305839538574,0.0008460026583634317
574.8213939840061,1.0007811784744263,0.0008459154050797224
574.841827838376,1.0002070665359497,0.0008459023665636778
574.8622614925043,1.0003381967544556,0.0008460299577564001
574.882695246175,1.0004268884658813,0.0008460005628876388
574.9031289996128,1.000658631324768,0.0008459024829789996
574.9235627528105,0.9999319911003113,0.0008459305390715599
574.9439965055499,0.9988952875137329,0.00084570178296417
574.9644302580564,1.0012069940567017,0.0008460227400064468
574.9848640103228,1.0017986297607422,0.0008461027173325419
575.0052978623644,1.000867247581482,0.0008459853706881404
575.0257315139388,0.999286949634552,0.0008457740186713636
575.0461652652739,1.0006864070892334,0.0008459236123599112
575.0665991161513,1.0007944107055664,0.0008459414821118116
575.0870327670273,1.0012400150299072,0.0008460292592644691
575.107466517431,0.9991075396537781,0.0008456707000732422
575.12790036761,0.9999098777770996,0.0008458492229692638
575.1483340173218,1.0008925199508667,0.0008460248354822397
575.1687677667942,1.0006524324417114,0.0008459758246317506
575.1892016160418,0.9994677901268005,0.0008457604562863708
575.2096353650559,0.9998263120651245,0.0008457590593025088
575.2300690135962,0.9988894462585449,0.0008456335635855794
575.2505028619125,1.0002673864364624,0.0008459571399725974
575.2709366097552,1.0007973909378052,0.0008460952085442841
575.2913702576043,0.999484121799469,0.0008457752410322428
575.3118041049893,1.0014784336090088,0.0008461821707896888
575.3322378521407,1.0002802610397339,0.0008459963137283921
575.3526716988199,1.0005807876586914,0.0008458527154289186
575.3731053455049,1.0007281303405762,0.0008461629040539265
575.3935390914849,1.002007246017456,0.0008461903198622167
575.4139729374729,0.999916672706604,0.00084590824553743
575.4548403282824,0.999824047088623,0.0008459095843136311
575.4752741733319,1.000713586807251,0.0008459697710350156
575.4957078181542,0.9995821714401245,0.0008459683740511537
575.5161415625043,1.0005351305007935,0.0008460318786092103
575.5365754066297,0.9990124702453613,0.0008457392104901373
575.5570090502879,1.0001435279846191,0.0008459874079562724
575.5774427937067,0.9995160698890686,0.0008458936936222017
575.5978765369,0.9994222521781921,0.0008459816453978419
575.6183102798605,1.0009883642196655,0.0008461066754534841
575.638744022348,0.99974524974823,0.0008459680830128491
575.6591777646099,1.0012670755386353,0.0008460698882117867
575.679611506639,1.0006300210952759,0.0008460939861834049
575.7000453484288,1.0021545886993408,0.0008463352569378912
575.7204790897595,1.0019662380218506,0.0008462112164124846
575.7409127308565,1.0001991987228394,0.0008459236123599112
575.7613465714821,0.9999852776527405,0.0008459673845209181
575.7817803121143,1.0012768507003784,0.0008461194229312241
575.80221395228,1.0006197690963745,0.0008460163953714073
575.8226477919743,1.0014333724975586,0.0008461163379251957
575.8430815316751,1.0006680488586426,0.0008460170356556773
575.8635151709095,0.9995647668838501,0.0008459410746581852
575.8839490099053,1.0002864599227905,0.0008460497483611107
575.904382748442,0.9993140697479248,0.0008457592921331525
575.9248163869779,0.9990902543067932,0.0008457544608972967
575.9452502250424,0.9995892643928528,0.0008457321091555059
575.9656839626477,1.0006803274154663,0.0008460989338345826
575.9861176000195,1.0007526874542236,0.0008459985256195068
576.0065514371527,0.9997223615646362,0.0008457734948024154
576.0269851740595,1.000198483467102,0.0008459599921479821
576.0474189107335,1.0010178089141846,0.0008461878751404583
576.0678526469346,1.000779151916504,0.0008458386291749775
576.0882863829102,0.9995521306991577,0.0008458931697532535
576.1087202184135,1.0000873804092407,0.0008458851953037083
576.1291539536905,0.999552309513092,0.000845878035761416
576.149587588734,1.0002553462982178,0.0008459285018034279
576.1700214235461,1.0000879764556885,0.0008459942182525992
576.1904551578846,1.001124620437622,0.0008461149991489947
576.2108887919967,0.9994936585426331,0.0008459070813842118
576.2313226258702,1.0001072883605957,0.0008460805402137339
576.2517563595175,0.9988791346549988,0.0008457407238893211
576.2721899926983,0.9992362856864929,0.000845900911372155
576.2926238256478,1.0011053085327148,0.0008461889810860157
576.3130574581228,1.0005624294281006,0.0008460776880383492
576.333491190373,0.9997115135192871,0.0008459335658699274
576.3539250223839,0.999793291091919,0.0008459645905531943
576.3743586541677,0.9980118274688721,0.000845571921672672
576.3947923854867,0.9984280467033386,0.0008456073701381683
576.4152262168063,1.0004688501358032,0.0008459816453978419
576.4356598474187,0.9993086457252502,0.0008457902586087584
576.4560936780399,1.0002937316894531,0.0008460500393994153
576.4765274081874,1.0008094310760498,0.0008461960242129862
576.4969610381086,1.0003671646118164,0.0008460126118734479
576.5173948675656,0.9992964267730713,0.00084570242324844
576.5378285970219,1.0007022619247437,0.0008460871176794171
576.5582623260052,0.99848473072052,0.0008456261712126434
576.5786960545302,1.0007967948913574,0.0008459643577225506
576.5991297830478,0.9992705583572388,0.0008458587108179927
576.6195635111071,0.999684751033783,0.0008459790260531008
576.6399972389336,0.9996042847633362,0.0008458562660962343
576.6604309662944,0.9995006322860718,0.0008459672681055963
576.6808646934151,1.001096248626709,0.0008461435791105032
576.701298520311,0.9990845918655396,0.0008457849035039544
576.7217321469652,1.0010952949523926,0.0008461004472337663
576.7421658731619,1.0018080472946167,0.0008462235564365983
576.7625996991264,1.000281810760498,0.0008458413649350405
576.7830333246238,0.998862087726593,0.00084585981676355
576.8034671501155,0.9997383952140808,0.0008460377575829625
576.823900875148,0.9992548227310181,0.0008458742522634566
576.8443344999396,0.999382734298706,0.0008459051023237407
576.8647683242743,0.9989990592002869,0.0008458512020297348
576.8852020483755,1.0001782178878784,0.0008459717500954866
576.9056356722431,1.0010992288589478,0.000846134964376688
576.9260694958721,1.0014327764511108,0.0008461774559691548
576.9465032190419,1.0004321336746216,0.0008460260578431189
576.9669369419717,1.0015655755996704,0.0008461836841888726
576.9873706646758,0.999552845954895,0.0008459315286017954
577.0078043869144,1.0010135173797607,0.0008459669770672917
577.0282381089128,1.0006442070007324,0.0008459772216156125
577.0486718306856,1.0004286766052246,0.0008461171528324485
577.0691055519928,0.9995414018630981,0.0008459744276478887
577.0895391730592,0.9994745254516602,0.0008458722732029855
577.1099729939015,1.0007266998291016,0.0008461485267616808
577.1304067145102,1.0013478994369507,0.000846348179038614
577.1508404346459,1.0001145601272583,0.0008460108656436205
577.1712741545562,1.0007444620132446,0.0008461757679469883
577.1917078740007,0.9985559582710266,0.0008458144147880375
577.2121416934388,0.9998835921287537,0.0008458936936222017
577.2325753124169,1.000754952430725,0.0008461194229312241
577.253009031163,0.9994732141494751,0.0008459666860289872
577.2734428494368,1.0001275539398193,0.0008460954995825887
577.2938764674836,0.9993180632591248,0.0008459758246317506
577.3143101852984,1.0006704330444336,0.0008462260011583567
577.334744002641,0.9987981915473938,0.0008457229123450816
577.3551776199893,1.000288963317871,0.000846081180498004
577.3756113368727,1.0001215934753418,0.0008460062090307474
577.3960451532839,0.9997554421424866,0.0008459567907266319
577.4164787694681,1.001352310180664,0.0008462429395876825
577.436912485653,1.0001494884490967,0.0008460732642561197
577.4573463011329,0.9986425042152405,0.0008457780932076275
577.4777799166186,0.9990230202674866,0.0008458241354674101
577.4982137316401,0.9998341202735901,0.0008461085963062942
577.518647446188,1.0011779069900513,0.000846323964651674
577.5390811607431,0.9992387890815735,0.0008459106902591884
577.5595148748325,1.0006910562515259,0.0008461924735456705
577.5799485886819,1.000401258468628,0.0008461029501631856
577.6003823023057,1.0011590719223022,0.0008460867102257907
577.6208160154638,0.9993727803230286,0.00084596750093624
577.6412497283818,0.9987748265266418,0.0008459464879706502
577.6616834408414,0.9993961453437805,0.0008459605742245913
577.6821171533011,0.998673141002655,0.0008458019001409411
577.7025508652878,1.000572919845581,0.0008462042897008359
577.7229844770482,1.0001416206359863,0.0008460708195343614
577.7434182883444,1.0014079809188843,0.0008462172118015587
577.7638519993998,1.0003868341445923,0.0008461188990622759
577.7842856102288,0.9989718198776245,0.0008458215743303299
577.8047194205938,0.998499870300293,0.0008457732037641108
577.8251531309506,1.0004414319992065,0.0008463237318210304
577.8455869408499,1.0004183053970337,0.0008461588295176625
577.866020550282,1.0013465881347656,0.0008463664562441409
577.8864542597075,0.9988293647766113,0.000845881353598088
577.9068880686755,0.99976646900177,0.0008461494580842555
577.927321677169,1.0000303983688354,0.0008460468961857259
577.9477553856705,0.9999639391899109,0.0008461361867375672
577.9681891937071,0.9969034194946289,0.0008456042851321399
577.9886228015093,0.9995311498641968,0.0008459712262265384
578.0090565088394,0.9999903440475464,0.0008461670950055122
578.0294903159447,1.0003612041473389,0.0008461404358968139
578.0499240228091,0.9996259808540344,0.0008460405515506864
578.0703576294472,1.0015767812728882,0.0008463389822281897
578.0907914349227,0.9987497329711914,0.0008458560332655907
578.1112251408558,1.0003544092178345,0.0008461180259473622
578.1316587465626,0.99977707862854,0.0008459708769805729
578.1520925518053,0.9996647834777832,0.000846142356749624
578.172526256807,0.997996985912323,0.0008458856609649956
578.192960061584,0.9991391897201538,0.0008459740201942623
578.2133936658938,0.999039888381958,0.0008460275130346417
578.2338273699643,0.999079167842865,0.0008460665121674538
578.2542611738099,0.9991763234138489,0.0008460893877781928
578.2746947774212,1.0020499229431152,0.0008463739650323987
578.2951284805604,0.9992011189460754,0.0008460040553472936
578.3155622834747,1.0006057024002075,0.0008463578415103257
578.3359958859219,1.003448724746704,0.000846792827360332
578.3564295883625,0.999394416809082,0.0008461690158583224
578.3768632903448,0.9993000030517578,0.0008461398538202047
578.3972969918614,0.9996613264083862,0.0008461787947453558
578.4381643944216,1.0006626844406128,0.0008462743717245758
578.4585980950069,0.9988338351249695,0.0008459265227429569
578.4790317955849,1.0007529258728027,0.0008463819976896048
578.4994654957045,1.0013833045959473,0.0008465751307085156
578.5198991955913,1.0007133483886719,0.0008463094709441066
578.5403329950059,0.9987770915031433,0.0008460389217361808
578.5607666941942,1.0003212690353394,0.00084630714263767
578.5812002931489,1.0003806352615356,0.0008461534744128585
578.601634091865,1.000131368637085,0.0008461823454126716
578.622067790122,1.0002635717391968,0.0008461796678602695
578.6425013881453,1.0006738901138306,0.0008462478872388601
578.6629351859301,0.9997168779373169,0.0008461232064291835
578.6833688832558,0.9999598860740662,0.0008461759425699711
578.7038024803478,0.9996460676193237,0.0008461680263280869
578.7242362772013,0.998786211013794,0.0008460581302642822
578.7446699735956,0.9999237656593323,0.000846200215164572
578.7651035697563,1.0003666877746582,0.0008461794932372868
578.7855373656785,1.0004849433898926,0.0008462760597467422
578.8059710613743,1.0012881755828857,0.0008464501588605344
578.8264046566037,0.9994193911552429,0.000846041482873261
578.8468384515945,0.9999819993972778,0.0008461299585178494
578.8672721461262,0.9997265934944153,0.0008461754769086838
578.8877059406514,1.0000903606414795,0.000846225128043443
578.9081395347166,1.000002384185791,0.0008460776880383492
578.928573228317,0.9999315738677979,0.0008461585966870189
578.9490070219181,0.9991438388824463,0.0008461471297778189
578.9694406150447,0.9999664425849915,0.0008461493416689336
578.9898743077138,1.0000048875808716,0.0008462391560897231
579.0103081003763,1.000243067741394,0.0008462138357572258
579.0307417925796,0.9993000030517578,0.0008460734388791025
579.0511753845494,1.0007634162902832,0.0008462912519462407
579.0716091760551,0.9996193051338196,0.0008462215191684663
579.0920427673191,1.000382661819458,0.000846334733068943
579.1124764583583,1.0010981559753418,0.000846272159833461
579.1329102491582,1.0017063617706299,0.000846521754283458
579.1533438394981,1.0004695653915405,0.0008463963749818504
579.173777529606,1.0016837120056152,0.0008467126754112542
579.1942113194818,1.0036979913711548,0.0008469448075629771
579.2146449088832,1.0004558563232422,0.0008463166304863989
579.2350786980605,1.0001596212387085,0.0008462480618618429
579.255512386997,0.999692976474762,0.0008462599362246692
579.2759459754743,0.9998586177825928,0.0008463269332423806
579.2963797637203,1.0004692077636719,0.0008462250116281211
579.3168134517327,1.0000776052474976,0.0008463399135507643
579.3372470392715,1.0000602006912231,0.0008463709964416921
579.3576808265861,1.0003095865249634,0.0008464337443001568
579.37811451366,0.9995864033699036,0.0008462346158921719
579.3985482005082,1.0002340078353882,0.0008463122649118304
579.4189818868908,0.9997706413269043,0.0008461615070700645
579.4394155730406,0.9993017911911011,0.0008461801917292178
579.4598492589503,0.9994769096374512,0.0008461790857836604
579.4802829444016,1.0003708600997925,0.000846400682348758
579.5007166296127,0.9997262954711914,0.000846282986458391
579.5211503143655,1.0001039505004883,0.0008463222766295075
579.5415839991183,1.0003228187561035,0.0008463306585326791
579.5620176834054,0.9997358918190002,0.0008462431142106652
579.5824513674524,0.9988250136375427,0.0008461783290840685
579.6028851510418,0.999256432056427,0.000846143055241555
579.6233187343896,1.0004714727401733,0.0008463856647722423
579.6437525175133,1.000203251838684,0.0008464875863865018
579.6641862001707,1.0006122589111328,0.0008464052225463092
579.6846197828272,1.0001766681671143,0.0008463310077786446
579.7050535647795,1.0000159740447998,0.0008463246049359441
579.7254872467383,1.0002814531326294,0.0008464906713925302
579.7459208282235,0.9989985823631287,0.0008461597026325762
579.7663546094846,1.001829743385315,0.0008466080762445927
579.7867881905113,1.0006989240646362,0.0008465800201520324
579.8072218710731,0.9986760020256042,0.0008460333338007331
579.8276556513956,0.9989962577819824,0.0008461573743261397
579.848089231491,1.0012825727462769,0.0008465523133054376
579.8685229111143,0.9999443888664246,0.0008463225676678121
579.8889566905127,0.9999095797538757,0.0008463490521535277
579.9093902696768,0.9983063340187073,0.0008460599347017705
579.929823948376,0.9995121359825134,0.0008461786201223731
579.9706914050694,0.9995114207267761,0.0008461652905680239
579.9911250830628,1.0009300708770752,0.0008464576094411314
580.0115587605978,0.9998165965080261,0.0008463177364319563
580.0319924379,1.0005336999893188,0.0008464179700240493
580.0524262149629,0.9998791813850403,0.0008462655823677778
580.0728597915659,1.000304102897644,0.0008463345002382994
580.0932934679367,1.0004082918167114,0.0008464903221465647
580.1137272438355,0.9999722838401794,0.0008463622652925551
580.1341608197399,1.000320553779602,0.0008463445701636374
580.1545944951795,0.9995725750923157,0.0008463628473691642
580.1750282701469,0.9993813633918762,0.0008462745463475585
580.19546184512,1.0002663135528564,0.0008463950944133103
580.2158955196282,1.0001336336135864,0.0008462981786578894
580.2363292938971,1.0009243488311768,0.0008464580751024187
580.2567628677061,1.0002027750015259,0.0008462914847768843
580.277196541283,1.000390648841858,0.0008464144775643945
580.2976303146206,1.0003890991210938,0.0008464623242616653
580.3180638877311,1.0003173351287842,0.0008462904952466488
580.3384976603702,1.0000821352005005,0.0008463342091999948
580.358931332783,1.0001033544540405,0.0008463536505587399
580.3793649047293,0.9995678663253784,0.000846259412355721
580.3997986764443,1.0014554262161255,0.0008465113933198154
580.4202323479185,1.0013905763626099,0.0008465153514407575
580.4406660191671,0.9988795518875122,0.0008460794342681766
580.4610996899428,0.9982352256774902,0.000846128910779953
580.4815333604929,1.0002074241638184,0.0008464623242616653
580.5019669308094,1.0003230571746826,0.0008463211706839502
580.5224007006618,0.9996931552886963,0.0008463541744276881
580.5428343702733,1.0004106760025024,0.000846450449898839
580.5632679396585,1.0005700588226318,0.0008464587153866887
580.5837017088052,0.9991909265518188,0.0008461893885396421
580.6041353774926,1.0005134344100952,0.0008464806014671922
580.6245689457137,0.9995005130767822,0.0008463358972221613
580.6450027139363,1.0008898973464966,0.0008464987040497363
580.6654363816851,0.9993601441383362,0.0008463270496577024
580.6858701492092,0.9994745254516602,0.000846315931994468
580.7063037162588,1.0013909339904785,0.0008465280989184976
580.7267373833165,1.000128984451294,0.000846406037453562
580.7471711499093,0.9995673894882202,0.0008463126141577959
580.7676047160348,1.0006002187728882,0.0008464630809612572
580.7880383821539,0.9993941187858582,0.000846316572278738
580.8084721478153,1.0015774965286255,0.0008467111620120704
580.8289057130023,1.0011162757873535,0.0008465637802146375
580.8493393781973,1.0006619691848755,0.0008464690763503313
580.8697731429274,0.9994797706604004,0.0008462026598863304
580.8902068071839,0.9999707341194153,0.0008463658159598708
580.9106403714468,1.0017969608306885,0.0008466435829177499
580.9310741352456,1.0005778074264526,0.000846466573420912
580.9515077985707,1.00029718875885,0.000846480019390583
580.9719413619023,0.9990739226341248,0.000846276932861656
580.9923751247698,1.0003609657287598,0.0008465244900435209
581.0128087873964,0.999537467956543,0.0008462804253213108
581.0332425495653,1.0007823705673218,0.0008465569117106497
581.0536761117328,0.9992362856864929,0.0008462218684144318
581.0741097734281,1.000430703163147,0.0008464884012937546
581.0945435346657,0.9989729523658752,0.0008462394471280277
581.114977095669,0.9995930194854736,0.0008463741396553814
581.135410756433,1.0005507469177246,0.0008464408456347883
581.1558444169714,0.9991653561592102,0.0008462409023195505
581.1762780770441,0.9994215369224548,0.0008462627301923931
581.196711636876,1.0000191926956177,0.0008464520797133446
581.2171453964838,1.0011571645736694,0.0008465571445412934
581.2375790556252,1.0006556510925293,0.0008463312988169491
581.2580126145331,1.000380516052246,0.000846396607812494
581.2784463732023,1.0010852813720703,0.000846526469103992
581.2988800314124,0.9993857741355896,0.0008462795522063971
581.3193136893824,1.0010617971420288,0.0008464702987112105
581.3397473471268,1.0012987852096558,0.0008466406725347042
581.3601810046384,0.9998390078544617,0.0008462811820209026
581.3806147616779,1.0000076293945312,0.0008463067351840436
581.4214819748377,1.0005015134811401,0.0008464501588605344
581.4419157309458,1.0003429651260376,0.0008462972473353148
581.4623493868276,1.0003387928009033,0.000846499518956989
581.4827829424758,0.9999063611030579,0.0008463018457405269
581.5032166976525,1.0004996061325073,0.0008463177364319563
581.523650352603,0.9988328814506531,0.0008461136021651328
581.5440839073199,0.9997159242630005,0.0008462666883133352
581.5645176615653,0.9999306797981262,0.0008462973637506366
581.5849513155845,0.9996735453605652,0.0008462760015390813
581.60538486937,1.0011411905288696,0.000846516340970993
581.6258186226842,1.0007004737854004,0.0008464075508527458
581.646252275772,0.9997408390045166,0.0008462819387204945
581.6666858286262,1.0004737377166748,0.0008463634876534343
581.687119581009,0.9996665716171265,0.0008461648831143975
581.7075532331655,0.9989227056503296,0.0008461476536467671
581.72798698509,1.000666856765747,0.0008464473066851497
581.7484205365399,0.9994032979011536,0.0008463296107947826
581.7688541877651,0.9995071291923523,0.000846220413222909
581.7892879387509,0.9995130896568298,0.0008462221594527364
581.8097214895097,1.00067937374115,0.0008464018465019763
581.8301551398035,0.9999772906303406,0.0008462204714305699
581.8505887898646,0.9995649456977844,0.000846262089908123
581.8710224394526,1.0005617141723633,0.0008463646518066525
581.891456089048,0.9994231462478638,0.000846102659124881
581.9118897379449,0.9987014532089233,0.0008461451507173479
581.9323233868345,0.999384343624115,0.0008462371188215911
581.9527570352657,0.9977589845657349,0.0008458304218947887
581.9731907834648,1.0010076761245728,0.0008464459097012877
581.9936243314223,1.0011368989944458,0.0008464714628644288
582.0140579789222,1.0013600587844849,0.0008464835118502378
582.0344917261828,1.0002115964889526,0.0008461947436444461
582.0549252732162,1.0009649991989136,0.0008464815909974277
582.0753590197855,1.0004692077636719,0.0008464358397759497
582.0957926661213,1.0006998777389526,0.0008463533595204353
582.1162262122161,0.9992611408233643,0.0008460866520181298
582.1366599578541,1.0006380081176758,0.0008463887497782707
582.1570936034841,1.0004758834838867,0.0008462932892143726
582.1775271484221,1.0004290342330933,0.0008463377016596496
582.1979608933616,0.9995917081832886,0.0008462823461741209
582.2183945378347,0.9993596076965332,0.0008461395627819002
582.2388280820669,1.0012893676757812,0.0008463577250950038
582.2592618258423,0.999366819858551,0.0008461580728180707
582.2796954693767,1.001107096672058,0.0008463407284580171
582.3001291126857,0.9994657635688782,0.0008462045225314796
582.3205627557618,1.0022399425506592,0.0008466244908049703
582.3409963983722,0.9988682270050049,0.0008460434037260711
582.3614300407426,0.9986608028411865,0.0008461441029794514
582.3818636828873,1.000745415687561,0.000846343522425741
582.4022973245592,1.0008662939071655,0.0008464591228403151
582.4227310660062,0.9997393488883972,0.0008462342666462064
582.4431647072197,0.999711811542511,0.0008462250116281211
582.4635982479595,0.9998980760574341,0.0008462186669930816
582.4840319884752,0.9997303485870361,0.0008461173274554312
582.5044656285245,1.0002309083938599,0.0008463695412501693
582.5248991685658,0.9991959929466248,0.0008461927645839751
582.5453329081502,1.0006552934646606,0.000846229144372046
582.5657664475002,1.000422477722168,0.0008464802522212267
582.5862000863781,1.0000580549240112,0.0008463994599878788
582.6066338250312,0.9998459219932556,0.0008462578989565372
582.6270673634499,1.0005568265914917,0.0008464899146929383
582.6475010013964,1.000930666923523,0.0008465282153338194
582.6679347391182,1.0002774000167847,0.0008462597033940256
582.6883682766056,0.998968780040741,0.0008462104597128928
582.7088019138537,1.0006929636001587,0.0008464817656204104
582.7292356506441,1.0002837181091309,0.0008462211117148399
582.7496691872002,1.0013467073440552,0.0008465457358397543
582.7701028232841,0.9998101592063904,0.0008462338009849191
582.790536559376,0.9988940954208374,0.0008461726829409599
582.8109701947687,1.0007699728012085,0.0008464101701974869
582.8314038301542,1.0000934600830078,0.0008463953854516149
582.8518374650812,0.9998117089271545,0.0008463014382869005
582.8722710997754,1.002572774887085,0.0008465954451821744
582.8927047342295,0.9995446801185608,0.000846297771204263
582.9131383682252,1.001302719116211,0.0008465577848255634
582.9335720019881,0.9991735219955444,0.0008461465477012098
582.9540057355116,1.0013419389724731,0.0008464028360322118
582.9744392685752,1.0008548498153687,0.000846507609821856
582.9948729014068,0.9997199177742004,0.0008462567930109799
583.015306633999,1.0008498430252075,0.0008465283899568021
583.0357401661313,1.0010954141616821,0.0008464705315418541
583.0561737980315,0.9994903802871704,0.0008461913676001132
583.0766075296924,1.0002604722976685,0.0008462812402285635
583.0970410608934,0.9988969564437866,0.0008461266406811774
583.1174746918623,1.0002189874649048,0.0008463059202767909
583.1379084225919,1.0006840229034424,0.0008464579586870968
583.1583419530944,0.999730110168457,0.0008463240810669959
583.1787756831327,0.9995545744895935,0.0008462544064968824
583.1992093129302,0.9987301230430603,0.0008460812387056649
583.2196428422685,0.999798059463501,0.0008463364792987704
583.2400765713683,0.9996843338012695,0.000846241251565516
583.2605101002409,0.9996781349182129,0.0008461875258944929
583.2809437288815,0.9990088939666748,0.0008461586548946798
583.3013774570572,1.0008317232131958,0.0008465549908578396
583.3218110849921,0.9993160367012024,0.0008462226833216846
583.3422446124678,0.9993244409561157,0.0008462509722448885
583.3626783399377,1.000002145767212,0.0008462548721581697
583.3831119669485,1.0005775690078735,0.0008462542318738997
583.4035454934929,1.0016299486160278,0.0008465301943942904
583.4239792200387,1.0002665519714355,0.00084634218364954
583.4444128458781,1.0018140077590942,0.0008465021383017302
583.464846371724,1.001589059829712,0.0008464996353723109
583.4852800970984,1.0012527704238892,0.0008465869468636811
583.5057137222466,0.99919593334198,0.0008461744873784482
583.5261474471627,1.0007450580596924,0.0008463575504720211
583.5465809718444,1.0001786947250366,0.0008462648838758469
583.5670145960539,1.0017154216766357,0.0008465787977911532
583.5874483198058,0.997881293296814,0.0008457856019958854
583.607881843549,1.0001393556594849,0.0008462363039143384
583.6283154668345,0.999956488609314,0.0008463427657261491
583.6487491898879,0.9999728202819824,0.000846233160700649
583.6691827124741,0.9984296560287476,0.0008459938690066338
583.689616334821,1.0005792379379272,0.0008463567937724292
583.7100500569431,0.9993502497673035,0.0008460921235382557
583.7304835785908,0.9988592267036438,0.0008461024262942374
583.7509172002465,1.0010403394699097,0.0008464867132715881
583.7713509212044,1.0013535022735596,0.0008463734993711114
583.7917845421543,1.0004160404205322,0.0008463684935122728
583.8122180626451,1.0002955198287964,0.000846424896735698
583.8326517829046,1.0012096166610718,0.0008465115097351372
583.8530854026903,1.0016697645187378,0.0008465431164950132
583.8735190224834,0.9989956617355347,0.0008464186685159802
583.8939526418108,1.000705361366272,0.0008463329868391156
583.9143862606652,1.0003546476364136,0.0008462592959403992
583.9348198792941,0.9992329478263855,0.0008462616824544966
583.9552534976901,1.000084400177002,0.0008463014382869005
583.9756870158453,1.0001325607299805,0.0008463335689157248
583.9961207335436,1.0012129545211792,0.000846411450766027
584.0165543510084,1.0006296634674072,0.0008464037091471255
584.0369878682395,0.9996345639228821,0.0008462180849164724
584.0574215849992,1.0006775856018066,0.0008463739650323987
584.0778552015327,1.000616192817688,0.0008465389837510884
584.0982887178252,0.999882698059082,0.0008461695397272706
584.1187224336609,1.000254511833191,0.0008463035919703543
584.139156049263,1.000224232673645,0.00084624660667032
584.159589664625,1.0004899501800537,0.0008462259429506958
584.1800232795285,1.000584363937378,0.0008463450940325856
584.2004568941993,1.0016125440597534,0.0008465558057650924
584.2208906086307,1.000964641571045,0.0008463877602480352
584.2413241228351,1.0007319450378418,0.0008462037658318877
584.2617577365745,0.9991539120674133,0.0008461481775157154
584.2821914500746,1.0010210275650024,0.0008463921840302646
584.3026249631148,0.9993395805358887,0.0008461139514110982
584.3230585759229,1.000823974609375,0.0008463598205707967
584.3434922884917,0.9980602264404297,0.0008458824595436454
584.3639259006013,1.0020893812179565,0.0008463605190627277
584.4047931243476,1.0009880065917969,0.0008462048717774451
584.4252267355259,0.9990718960762024,0.0008460627286694944
584.4456602464707,1.0002038478851318,0.0008461467805318534
584.4660939571768,1.000741958618164,0.0008463372359983623
584.4865275676566,1.0003600120544434,0.0008462115656584501
584.50696107767,0.9991800785064697,0.0008458808879368007
584.5273947874448,0.9987727403640747,0.0008460097596980631
584.5478283967605,1.0002251863479614,0.000846206268761307
584.5682621060696,1.0004462003707886,0.0008462348487228155
584.5886956149188,0.9990439414978027,0.0008459202363155782
584.6091292233032,0.9988738298416138,0.0008460232638753951
584.6295628316875,1.000386357307434,0.0008460083045065403
584.6499964395989,1.0011042356491089,0.0008462586556561291
584.6704299470512,1.0007498264312744,0.0008463433478027582
584.6908636545049,0.9998354315757751,0.0008459577802568674
584.711297261485,0.9994693994522095,0.0008459914242848754
584.7317308680067,0.9981963038444519,0.0008459640084765851
584.7521644745284,1.0003092288970947,0.0008460281533189118
584.7725980805772,0.999592661857605,0.0008460942772217095
584.7930316861675,0.9991093873977661,0.0008460312965326011
584.8134653917514,0.9998921751976013,0.0008461680263280869
584.8338988968753,1.000840425491333,0.0008460774552077055
584.854332601768,1.000260829925537,0.0008462265250273049
584.8747662061869,1.0004514455795288,0.0008461111574433744
584.8951997103795,0.9996496438980103,0.0008460094104520977
584.9156334143408,1.0005335807800293,0.0008461516117677093
584.9360670178285,0.9985983371734619,0.0008458918309770525
584.9565005210898,1.0004276037216187,0.0008460546378046274
584.9769342241198,0.998452365398407,0.0008459525415673852
584.9973678269089,1.0004520416259766,0.0008460952085442841
585.0178013292389,0.9996687769889832,0.0008458525408059359
585.0382350313375,1.0000090599060059,0.0008459686650894582
585.0586686329625,0.9992619156837463,0.0008459525415673852
585.0791021343612,0.9985558986663818,0.0008457665098831058
585.0995358355285,1.0010488033294678,0.0008462100522592664
585.119969436455,0.9994795322418213,0.0008459875243715942
585.1404029369223,0.998884379863739,0.0008459548116661608
585.1608366371584,0.9999312162399292,0.0008460348471999168
585.1812702369207,1.0010933876037598,0.0008461998077109456
585.201703936691,0.9999244809150696,0.0008459427626803517
585.2221374359942,0.9995049238204956,0.0008458040538243949
585.2425710348252,0.9984034895896912,0.0008457875810563564
585.2630046336635,0.9998711347579956,0.0008460049866698682
585.2834383318041,1.0005539655685425,0.0008460906101390719
585.3038718299358,1.000203251838684,0.0008462070254608989
585.3243054276099,0.9986155033111572,0.0008459201781079173
585.3447390250512,0.999075710773468,0.0008459099335595965
585.3651726222524,1.0005768537521362,0.000846239912789315
585.385606318996,1.0023579597473145,0.0008464687271043658
585.4060398155052,0.9994359612464905,0.0008459312375634909
585.4264734117751,0.9988402128219604,0.0008459093514829874
585.4469071075873,1.0004563331604004,0.0008460942772217095
585.4673406031652,1.0008553266525269,0.0008461734396405518
585.4877741985038,1.0000001192092896,0.0008459368837065995
585.5082078936175,0.9999732375144958,0.0008461194229312241
585.5286413882641,0.9992894530296326,0.0008459159289486706
585.5490750824392,0.9996978044509888,0.0008457866497337818
585.5695086766209,0.9987322092056274,0.0008458805386908352
585.5899421703361,0.9992889165878296,0.0008459263481199741
585.6103758638128,1.000185489654541,0.000845913658849895
585.6308094568303,1.0016875267028809,0.0008462487021461129
585.651243049615,0.999305009841919,0.000845952017698437
585.6716766421596,1.0008522272109985,0.0008460681419819593
585.6921102342458,0.9998041987419128,0.0008459571399725974
585.712543826332,0.9995927214622498,0.0008460564422421157
585.7329774177124,0.9989696741104126,0.0008457412477582693
585.7534110091001,0.9994916915893555,0.0008459922973997891
585.7738446000221,0.9988237023353577,0.0008459375239908695
585.7942782907048,0.9997168779373169,0.0008459832170046866
585.8147117809276,1.0002368688583374,0.0008459680248051882
585.8351453711512,0.9992406964302063,0.0008458244847133756
585.8555790606697,1.0004960298538208,0.0008460344979539514
585.876012550194,0.9978394508361816,0.0008457510266453028
585.8964462392469,1.0004440546035767,0.0008460114477202296
585.9168798280734,0.9981247782707214,0.0008458010270260274
585.9373133166664,1.0021215677261353,0.0008463108097203076
585.9577470047952,0.9980913400650024,0.0008455670904368162
585.9781805926832,1.0003446340560913,0.000846132286824286
585.998614080112,1.0012784004211426,0.0008460673852823675
586.0190477675351,1.000595211982727,0.0008461012039333582
586.0394812544982,1.0015913248062134,0.0008463788544759154
586.0599148409965,0.9996019005775452,0.0008459792588837445
586.0803485274955,0.9992061257362366,0.0008458604570478201
586.1007820135201,0.9997922778129578,0.0008460550452582538
586.121215599087,0.9995924830436707,0.0008459083619527519
586.1416492846474,0.9997560381889343,0.0008461358956992626
586.1620827697479,1.0011839866638184,0.0008460666867904365
586.1825163543836,0.9997875094413757,0.0008459518430754542
586.2029500390199,0.999361515045166,0.0008460172102786601
586.2233836231826,0.9996572732925415,0.0008460506214760244
586.2438172068869,1.0007107257843018,0.0008460420067422092
586.2642507905839,0.9997162818908691,0.0008459450909867883
586.2846843738225,0.9997305274009705,0.0008460302487947047
586.3051179565955,0.9999699592590332,0.000846008537337184
586.3255515393685,1.0007545948028564,0.0008461195975542068
586.3459851216685,0.999901294708252,0.0008460881654173136
586.3664188037437,0.9996455311775208,0.000845944625325501
586.3868522853445,1.0001931190490723,0.0008460402023047209
586.4072858667205,0.9992852210998535,0.0008460421813651919
586.4277195478644,1.0010119676589966,0.0008463389822281897
586.4481530285411,0.9985200762748718,0.0008458035881631076
586.4685866092113,0.9995977282524109,0.00084595539374277
586.4890202891911,1.0005890130996704,0.0008461444522254169
586.5094537691621,0.9999281167984009,0.000846077804453671
586.5298873486754,1.0003832578659058,0.0008460456738248467
586.5503210279567,1.0003769397735596,0.0008461648249067366
586.5707545067708,0.9982726573944092,0.0008457541698589921
586.5911881853463,1.0007202625274658,0.0008462201221846044
586.6116217636954,0.9984833002090454,0.0008457879303023219
586.6320553418045,1.0016463994979858,0.0008463189587928355
586.6524889194552,0.9991649985313416,0.0008458542870357633
586.6729223968723,1.0002208948135376,0.0008460454409942031
586.693356073818,0.9979785084724426,0.0008458233205601573
586.7137896507702,0.9995429515838623,0.0008458523661829531
586.7342232270239,1.000429630279541,0.0008460290846414864
586.7546567032696,0.9992805123329163,0.0008458647644147277
586.7750903790584,0.9991140961647034,0.0008457622607238591
586.7955239546136,0.9999643564224243,0.0008459711098112166
586.8159574299352,1.0001521110534668,0.000846117443870753
586.8363911047854,1.0007808208465576,0.0008462189580313861
586.8568246794093,0.998174786567688,0.000845741480588913
586.8772581537924,1.0005292892456055,0.0008461776305921376
586.8976918277185,0.9998629093170166,0.0008460376411676407
586.9181254014111,1.001787543296814,0.0008462168043479323
586.9385590746315,0.9994343519210815,0.0008461666293442249
586.9589925478576,1.0010908842086792,0.000846210983581841
586.9794261206189,1.0007039308547974,0.0008461761171929538
586.999859792908,1.001610517501831,0.0008462497498840094
587.0202932652028,0.9996669292449951,0.0008460295503027737
587.0407268370327,1.0004947185516357,0.0008462074329145253
587.0611605083905,0.9997960329055786,0.000846194860059768
587.081593979754,1.001186490058899,0.0008464092970825732
587.1020275506526,0.9994576573371887,0.0008459429373033345
587.122461221079,0.999477207660675,0.0008461116231046617
587.1428946915112,0.9999887943267822,0.0008461585966870189
587.1633282614785,1.0001996755599976,0.0008460302487947047
587.1837619312064,0.9996468424797058,0.0008462052792310715
587.2041955004752,0.9994993209838867,0.0008460472454316914
587.2246289695104,0.9997811317443848,0.000846135604660958
587.245062638307,0.9989955425262451,0.0008458534139208496
587.2654962066445,0.9993636012077332,0.0008460422395728528
587.2859297747491,0.9999920725822449,0.0008461111574433744
587.3063633426136,0.9985758066177368,0.0008459203527309
587.3267969100198,1.0000779628753662,0.0008461019606329501
587.3472305774194,0.9995020031929016,0.0008460995741188526
587.3880976108339,1.0012860298156738,0.0008463179692625999
587.4085311770759,0.9996340274810791,0.0008461602847091854
587.4289647430778,1.0003081560134888,0.0008460839162580669
587.4493982086206,1.000373363494873,0.0008460606331937015
587.4698318739247,1.000043272972107,0.0008460762910544872
587.4902654390025,0.9993852376937866,0.0008460023673251271
587.5106989038468,0.9995879530906677,0.0008459343807771802
587.5311325682269,1.000270962715149,0.0008462686091661453
587.5515661323661,1.001524806022644,0.0008464216953143477
587.571999696047,0.998798131942749,0.0008458604570478201
587.5924332594877,0.9996374249458313,0.0008460891549475491
587.6128668227029,1.0006074905395508,0.0008463427075184882
587.633300485686,1.0006784200668335,0.000846063019707799
587.653733948202,0.9988834857940674,0.0008459644741378725
587.6741675104786,0.9997944831848145,0.0008462094701826572
587.6946011725304,0.9997038841247559,0.0008461052202619612
587.7150347341085,0.9978898763656616,0.0008458647644147277
587.7354681954603,0.9989404678344727,0.0008458602824248374
587.7559018563479,0.9976111650466919,0.0008456884534098208
587.7763354172275,1.0001424551010132,0.0008460747194476426
587.796768877648,1.0009753704071045,0.0008464224520139396
587.8172025376043,1.001346468925476,0.0008465263526886702
587.8376360973198,0.9995827674865723,0.0008460630779154599
587.8580695568089,0.9996258020401001,0.0008461221004836261
587.8785032160667,1.0000536441802979,0.0008462468977086246
587.8989367748509,1.000767707824707,0.0008462668629363179
587.9193702334087,1.0000559091567993,0.0008461857214570045
587.9398038917352,1.0001120567321777,0.0008461931720376015
587.960237449588,1.000243067741394,0.0008461454417556524
587.980671107216,1.0001564025878906,0.0008461947436444461
588.0011045646097,0.999998927116394,0.0008463507983833551
588.0215381215312,0.9984893202781677,0.0008458393276669085
588.0419716782271,0.998574435710907,0.0008458305383101106
588.0624052346902,0.9990595579147339,0.0008460319368168712
588.0828387906804,0.9992175698280334,0.0008460635435767472
588.103272346445,0.9985536932945251,0.0008458314114250243
588.1237059019768,1.0007660388946533,0.0008462990517728031
588.1441394570356,0.9994672536849976,0.0008460793760605156
588.1645730121018,1.0005954504013062,0.0008461899124085903
588.1850065664694,0.9982640147209167,0.0008459174423478544
588.2054401208297,1.001244068145752,0.0008464812417514622
588.2258736747317,1.0014890432357788,0.0008464092388749123
588.246307228168,1.0003125667572021,0.0008461489924229681
588.266740781597,1.0015368461608887,0.0008463170961476862
588.2871744345684,0.998952329158783,0.0008458647062070668
588.3076078873055,1.0004417896270752,0.0008462887490168214
588.3280415395711,0.9991811513900757,0.0008459239033982158
588.3484750916105,0.999851405620575,0.0008460233802907169
588.3689085434162,1.0009359121322632,0.0008462868863716722
588.3893421949833,0.9997197985649109,0.0008460548706352711
588.4506428473687,1.0000033378601074,0.0008462794939987361
588.4710763975454,0.9992368817329407,0.0008460736135020852
588.4915098474885,1.0002084970474243,0.0008460440440103412
588.511943497193,0.9997206330299377,0.0008459466625936329
588.5323770464383,0.9998040795326233,0.000846123555675149
588.5528105954509,1.000396490097046,0.0008460477693006396
588.5732441439905,1.000083327293396,0.0008461095276288688
588.5936776923045,1.000879168510437,0.0008462606347166002
588.6141112403857,0.998702883720398,0.000845841015689075
588.6345447882268,0.9987905621528625,0.0008459729724563658
588.6549783356095,0.997850775718689,0.000845727976411581
588.6754119827528,0.9998741149902344,0.0008460151730105281
588.6958455294371,0.9990273118019104,0.0008459853706881404
588.7162789761205,0.9985135197639465,0.0008458870579488575
588.736712622107,0.9991326928138733,0.0008460732642561197
588.7571461680855,0.9987683892250061,0.0008458839147351682
588.7775796136048,0.9993863105773926,0.0008459151722490788
588.7980132588855,1.0004048347473145,0.0008462555706501007
588.8184467039391,1.0008699893951416,0.0008461828110739589
588.8388802485279,0.998765766620636,0.00084593117935583
588.8593138928845,0.999147891998291,0.0008460903773084283
588.8797473369996,1.0005030632019043,0.0008463194826617837
588.900180880657,0.9985666871070862,0.000846026698127389
588.9206145240751,1.0001516342163086,0.0008463142439723015
588.9410479672661,0.9990860223770142,0.0008459855453111231
588.9614815099922,1.0004122257232666,0.000846204929985106
588.9819151524862,1.0007007122039795,0.000846287002786994
589.0023485947386,0.9997076392173767,0.0008460665121674538
589.0227822365341,1.0004844665527344,0.0008462081314064562
589.0432157780888,1.0000982284545898,0.0008461232064291835
589.0636492194171,1.0004137754440308,0.0008462537662126124
589.0840828602813,0.9991055130958557,0.0008459662785753608
589.104516400912,1.0006122589111328,0.0008463236736133695
589.1249499413025,1.000483512878418,0.0008462124969810247
589.1453834812346,1.0004758834838867,0.0008461066754534841
589.1658170209266,1.0002180337905884,0.0008462157566100359
589.1862505603931,1.001676082611084,0.0008465090650133789
589.2066841993947,1.0002350807189941,0.0008461298421025276
589.2271176381619,0.9998582005500793,0.0008460405515506864
589.2475511766897,0.9992709159851074,0.000846047536469996
589.26798481476,1.0005898475646973,0.000846152484882623
589.2884182525886,1.0007293224334717,0.0008461381657980382
589.3088518901932,1.0006129741668701,0.0008463547565042973
589.3292854275642,1.0018185377120972,0.0008464005077257752
589.3497188644687,0.9997314214706421,0.0008461704710498452
589.3701525011347,1.0005043745040894,0.0008463002159260213
589.3905860373416,0.9996860027313232,0.0008461648831143975
589.4110194733075,0.999302327632904,0.0008460606331937015
589.4314531090495,0.9999949336051941,0.0008461324614472687
589.4518865443242,1.00038480758667,0.0008462734404020011
589.4723200795925,0.9991928339004517,0.0008459867094643414
589.4927537141702,1.0000159740447998,0.0008462395053356886
589.5131871487465,1.0011084079742432,0.0008463987032882869
589.5336206828506,0.9991875290870667,0.000846067036036402
589.5540543167299,1.0002323389053345,0.0008460992248728871
589.5744878501428,0.9992102384567261,0.000846111448481679
589.5949212833148,1.0014373064041138,0.0008464135462418199
589.6153549162627,1.0013916492462158,0.0008464787970297039
589.6357884489771,1.001124620437622,0.0008463547565042973
589.6562219812186,0.998483419418335,0.0008459074888378382
589.6766555132344,0.9998289942741394,0.0008462434634566307
589.6970890447847,1.001358151435852,0.0008464034763164818
589.7175226763284,0.9993922114372253,0.0008461372344754636
589.7379561074122,0.9997563362121582,0.0008461570832878351
589.7583896380311,1.0001643896102905,0.0008461154066026211
589.7788232684106,1.000254511833191,0.0008461098186671734
589.7992566985631,1.0003472566604614,0.0008461825200356543
589.8196902284835,1.0013562440872192,0.0008463847334496677
589.8401238579318,0.9985865950584412,0.0008458851953037083
589.8605572871529,1.0000369548797607,0.0008462648838758469
589.880990816142,1.000553011894226,0.0008462841506116092
589.9014244446589,1.0000557899475098,0.0008462514961138368
589.9218578729487,0.9997724294662476,0.0008461602265015244
589.9422914007737,0.9993796348571777,0.0008460217504762113
589.9627250285921,0.9996298551559448,0.0008461339166387916
589.9831584559506,0.999355673789978,0.0008461280958727002
590.0035920828377,1.0003222227096558,0.0008461603429168463
590.0240256097313,0.9998870491981506,0.0008461630786769092
590.0444591361593,0.9995072484016418,0.0008460984099656343
590.0648926621216,0.9995947480201721,0.0008460044045932591
590.0853261880766,1.0014092922210693,0.0008464000420644879
590.1057597135732,1.000764012336731,0.0008463640115223825
590.1261932385969,0.9993024468421936,0.0008459937525913119
590.1466267636279,1.0004855394363403,0.0008462385158054531
590.1670602881932,0.9994301199913025,0.0008460693643428385
590.1874938122928,0.9996469616889954,0.0008460365352220833
590.2079273363852,1.0012356042861938,0.0008462922996841371
590.2283607600184,1.0001652240753174,0.0008461893303319812
590.248794383413,0.9995862245559692,0.0008461183169856668
590.2692279063485,0.9992517828941345,0.0008460048120468855
590.2896613290504,0.9992958903312683,0.000846096605528146
590.310094951521,1.0011333227157593,0.000846373091917485
590.3305284735179,0.9987478256225586,0.0008459610398858786
590.3713955168205,1.0002107620239258,0.0008462632540613413
590.3918290378933,0.9992001056671143,0.000846011214889586
590.4122626587341,1.00014066696167,0.0008462303085252643
590.4326960793405,1.0002195835113525,0.0008463410777039826
590.4531295997076,0.9985417723655701,0.0008459379896521568
590.4735632196171,1.0018385648727417,0.0008466485305689275
590.4939966392849,0.9986006021499634,0.0008461110992357135
590.5144301584951,0.9999431371688843,0.0008462604600936174
590.5348637774732,1.0023363828659058,0.0008465549326501787
590.5552972962105,1.0008143186569214,0.0008463209378533065
590.5757307144886,0.9989670515060425,0.0008461367106065154
590.5961643327682,0.9994565844535828,0.0008460315875709057
590.6165978505742,1.0006319284439087,0.0008463059784844518
590.637031267921,1.0002861022949219,0.0008463193662464619
590.6574648850365,1.0012853145599365,0.000846433627884835
590.6778984019111,1.0005114078521729,0.0008463456179015338
590.6983319185601,0.9986489415168762,0.0008459720993414521
590.7187654347435,0.9995045065879822,0.0008460076642222703
590.7391989506868,0.9999396204948425,0.0008462026598863304
590.7596325661725,1.0004841089248657,0.0008463395060971379
590.7800659814238,0.999874472618103,0.0008461608085781336
590.8004994964358,1.0021039247512817,0.0008465280989184976
590.8209330112222,0.9994204640388489,0.0008461521938443184
590.841366525543,0.9985263347625732,0.0008460251265205443
590.8617999396229,0.9996553659439087,0.0008461041143164039
590.8822335534787,1.0005418062210083,0.0008462438709102571
590.9026670668682,0.9992389678955078,0.0008461234392598271
590.923100480024,1.000785231590271,0.0008462875266559422
590.9435340927084,0.9993014931678772,0.0008460995159111917
590.9639676053994,1.0007431507110596,0.0008461577235721052
590.9844011176174,0.9998726844787598,0.0008462296682409942
591.004834629377,0.9992191791534424,0.0008460854878649116
591.0252681411366,1.0008708238601685,0.000846526469103992
591.0457017521912,1.0007421970367432,0.0008463814156129956
591.0661351632516,0.9998917579650879,0.0008462215191684663
591.0865686738471,1.000452995300293,0.0008463935228064656
591.1070022842032,1.0007292032241821,0.0008464470156468451
591.127435794333,1.0004100799560547,0.000846162554807961
591.1478692042292,1.001017451286316,0.0008463454432785511
591.1683028134212,1.0009829998016357,0.0008463937556371093
591.1887363226197,1.0001235008239746,0.0008461942779831588
591.2091697315846,1.000343680381775,0.0008462356054224074
591.229603340078,0.9999305009841919,0.0008462027763016522
591.2500368481124,1.000366449356079,0.0008462734404020011
591.2704702561459,0.999983549118042,0.0008462819387204945
591.2909038637081,0.999941885471344,0.0008462367695756257
591.3113373708111,1.000257968902588,0.0008461496327072382
591.3317707779133,1.0003783702850342,0.0008462981204502285
591.3522043845442,1.000690221786499,0.0008463565027341247
591.3726378909487,0.999917209148407,0.0008463370031677186
591.3930714968883,1.0008364915847778,0.0008463531266897917
591.4135049025863,0.9993762969970703,0.0008461092947982252
591.4339384080595,0.9999328255653381,0.0008463143603876233
591.4543720130605,1.0000481605529785,0.0008462757105007768
591.4748054178344,1.0007297992706299,0.0008464471320621669
591.5156724266853,1.0002814531326294,0.0008462636615149677
591.5361059305214,1.0007439851760864,0.0008464883430860937
591.556539434132,0.9992422461509705,0.0008462539408355951
591.5769729372769,0.9989410638809204,0.0008460871176794171
591.5974064401817,1.0008066892623901,0.0008464044658467174
591.6178399428609,0.9990919828414917,0.0008462422410957515
591.638273545308,0.9990164041519165,0.000846158480271697
591.6587069472807,0.9988589286804199,0.000846054928842932
591.6791404490286,0.9994306564331055,0.0008462261757813394
591.6995740503044,0.9993979334831238,0.0008462938712909818
591.720007451353,0.9996904730796814,0.000846196839120239
591.7404410521704,0.999302864074707,0.0008462400874122977
591.7608745527541,1.00112783908844,0.0008464957936666906
591.7813079528642,0.9996375441551208,0.000846338109113276
591.8017415527502,1.0005083084106445,0.0008465479477308691
591.8221750521625,0.998883068561554,0.0008462187252007425
591.8426084515813,1.000046730041504,0.0008462887490168214
591.863042050536,1.00099515914917,0.0008463964913971722
591.883475549017,0.9993090629577637,0.0008462299010716379
591.9039089472717,1.0004255771636963,0.0008463035919703543
591.9243425452951,1.0006462335586548,0.0008464328711852431
591.9447760430776,1.000381350517273,0.0008464257698506117
591.9652095404017,1.0013526678085327,0.0008465205901302397
591.985643037493,0.9991029500961304,0.0008461275137960911
592.0060765343442,0.9994329214096069,0.00084630714263767
592.026510030737,1.0008987188339233,0.0008465877617709339
592.0469435268969,0.9994096755981445,0.0008461620891466737
592.0673770228168,1.0001990795135498,0.0008463078993372619
592.087810618279,1.000484824180603,0.0008464152342639863
592.1082441135077,1.0000083446502686,0.0008462698897346854
592.1286775084955,0.9985066056251526,0.0008460554527118802
592.1491111030264,1.0003422498703003,0.0008461833349429071
592.1695445973237,1.0003859996795654,0.0008463877020403743
592.1899779913801,0.9992527961730957,0.0008461537072435021
592.2104115849797,1.0000123977661133,0.0008462578407488763
592.230844978345,0.9989465475082397,0.0008461034158244729
592.2512784714709,0.999142050743103,0.0008461144752800465
592.2717120641391,1.001224160194397,0.0008465927676297724
592.2921454568059,1.0001094341278076,0.0008463237318210304
592.3125789487676,0.998543381690979,0.0008460987592115998
592.3330125407374,1.000105857849121,0.0008462826372124255
592.35344593224,1.0001592636108398,0.0008462912519462407
592.3738794232704,1.000030517578125,0.0008462943369522691
592.3943130143089,0.9990536570549011,0.0008461586548946798
592.4147464048801,1.0011950731277466,0.0008464704733341932
592.4351799952128,1.0006394386291504,0.0008463896811008453
592.4556134850864,1.0005879402160645,0.0008463479462079704
592.4760469747271,0.9995072484016418,0.0008462462574243546
592.4964804641277,0.9993356466293335,0.0008462953846901655
592.5169139533027,0.9994077086448669,0.0008462137193419039
592.5373474420121,1.0015079975128174,0.0008466134313493967
592.5577809304814,1.0012742280960083,0.0008464919519610703
592.5782144184923,1.0006119012832642,0.0008463767590001225
592.5986479062703,1.0006366968154907,0.0008464443380944431
592.6190814938091,1.0001165866851807,0.0008463353733532131
592.6395148811207,1.000712513923645,0.0008464140701107681
592.6599483679674,1.0010124444961548,0.0008464838610962033
592.6803819545748,1.0001428127288818,0.0008464077836833894
592.7008153407223,0.9999246597290039,0.0008462690166197717
592.7212489268713,1.001051425933838,0.0008465159917250276
592.7416824125467,1.0009695291519165,0.0008464294369332492
592.7621157977628,1.0004737377166748,0.0008463529520668089
592.7825493827404,0.9985252618789673,0.0008459047530777752
592.8029828674917,0.9997058510780334,0.0008463088306598365
592.8234162520093,0.9997876882553101,0.0008461730321869254
592.8438498360629,0.999788761138916,0.0008462497498840094
592.8642833198755,0.9997250437736511,0.0008462749538011849
592.8847167034619,0.9995945692062378,0.0008462265250273049
592.9051502865768,1.0005910396575928,0.0008464081329293549
592.9255836694647,1.0018985271453857,0.0008466504514217377
592.9460171521205,1.000483751296997,0.0008463407284580171
592.9664507343114,1.0015366077423096,0.0008464817074127495
592.9868841162606,0.9997945427894592,0.0008461716934107244
593.0073175979851,1.000455617904663,0.0008463674457743764
593.0277511792374,0.9999728798866272,0.0008462275727652013
593.0481846602634,0.9998853802680969,0.0008461373508907855
593.0686181410565,1.0014617443084717,0.0008464906713925302
593.089051621384,1.0003918409347534,0.0008463471313007176
593.1094851014714,1.0011628866195679,0.0008463605772703886
593.129918681334,1.0013525485992432,0.0008464503334835172
593.1503520607221,1.0009337663650513,0.0008464431157335639
593.1707855398854,1.0011686086654663,0.0008463819394819438
593.1912191188167,0.9986629486083984,0.0008460250101052225
593.2116524975136,0.999600887298584,0.0008460612152703106
593.2320859757383,1.0011178255081177,0.000846411450766027
593.2525195535054,0.9996948838233948,0.0008461685501970351
593.2729529312637,1.0010122060775757,0.0008463926496915519
593.2933864085644,0.999254047870636,0.0008460935787297785
593.313819985633,0.9998926520347595,0.000846272159833461
593.3546868385965,0.9998317360877991,0.0008461427059955895
593.3751204147338,0.999392569065094,0.000846023962367326
593.3955537906295,1.000257968902588,0.0008462742553092539
593.4159873660683,1.0000298023223877,0.0008462550467811525
593.4364208412735,0.9992299675941467,0.0008460656390525401
593.4568543160058,1.000468134880066,0.0008462409605272114
593.4772877907453,0.9993263483047485,0.0008461763500235975
593.4977212647864,1.0006736516952515,0.0008462958503514528
593.5181547388202,1.0003122091293335,0.0008462119149044156
593.5385882123956,1.0004684925079346,0.0008462218102067709
593.5590216857381,1.0017404556274414,0.0008464643033221364
593.5794551588406,1.0011285543441772,0.0008462929981760681
593.5998886314846,1.00034499168396,0.0008461982943117619
593.6203221038959,0.9989982843399048,0.0008460613898932934
593.6407554758334,1.0002137422561646,0.0008461082470603287
593.6611890477798,0.998056948184967,0.0008457941003143787
593.6816225192597,1.0013470649719238,0.0008462603436782956
593.7020558902732,1.0001780986785889,0.0008460489334538579
593.7224894612809,1.0015952587127686,0.0008462434634566307
593.7429229318295,0.9993229508399963,0.0008460907265543938
593.763356501906,0.9985169172286987,0.0008458989323116839
593.7837898719881,0.9998059868812561,0.0008460000390186906
593.8042233416054,1.0009528398513794,0.0008462134283035994
593.8246569107505,0.9990827441215515,0.0008458609227091074
593.8450902799013,1.001691222190857,0.000846324663143605
593.8655237485873,1.0001858472824097,0.0008460215176455677
593.8859573168011,1.000307321548462,0.0008460477693006396
593.9063906850206,1.0000932216644287,0.000846067036036402
593.9268241527752,1.0020476579666138,0.0008477427181787789
593.9472577202905,1.0005619525909424,0.0008461358374916017
593.9676911873466,1.001921534538269,0.0008463205303996801
593.9881245541692,1.0014876127243042,0.0008461096440441906
594.0085581207532,0.9995729327201843,0.0008459241944365203
594.049424953002,0.9996669292449951,0.0008460471290163696
594.0698585184218,1.001142978668213,0.000846187409479171
594.0902919838481,1.0014861822128296,0.0008462953264825046
594.1107255488023,0.9992607831954956,0.0008460230310447514
594.1311589135294,1.0021353960037231,0.0008463592384941876
594.1515923777915,1.00013267993927,0.0008461398538202047
594.1720259418216,1.0008965730667114,0.0008462090045213699
594.1924593056101,0.9994397163391113,0.0008460917160846293
594.2128927691738,1.0010453462600708,0.0008463102276436985
594.2333263322653,1.0008976459503174,0.0008462286205030978
594.2537596951297,1.0007299184799194,0.0008460987010039389
594.274193157762,1.0006842613220215,0.0008462265250273049
594.2946266199287,0.9990094900131226,0.000845952017698437
594.3150600818553,0.9984670281410217,0.0008459691307507455
594.3354935433235,1.0009359121322632,0.0008461966644972563
594.3559270047845,0.9998146891593933,0.0008459645323455334
594.376360465787,1.0002384185791016,0.0008460914832539856
594.3967939263239,1.002540946006775,0.0008464617421850562
594.4172273866279,1.000949740409851,0.0008461357210762799
594.4376608466919,1.000511646270752,0.0008461540564894676
594.458094406531,1.0001147985458374,0.0008459188393317163
594.4785278658965,1.000925898551941,0.0008462134283035994
594.4989612250356,1.0001055002212524,0.000845963426399976
594.5193947839434,0.9994786381721497,0.0008459202945232391
594.5398282423776,1.0016192197799683,0.0008467727457173169
594.5602616005854,0.9999231696128845,0.0008461210527457297
594.5806951585619,1.0002838373184204,0.0008461151737719774
594.6011286162975,1.0008928775787354,0.000846180715598166
594.621561973574,1.002549171447754,0.0008465290302410722
594.6419955303863,1.001335859298706,0.0008463651756756008
594.6624289871907,0.9986844658851624,0.0008458977099508047
594.6828623435358,0.9991927146911621,0.000845909642521292
594.7032958996497,0.9999569654464722,0.000845983624458313
594.7237293552898,0.9985273480415344,0.0008458261727355421
594.7441627107037,1.001358151435852,0.0008461858960799873
594.7645962658862,1.000822901725769,0.0008461254183202982
594.7850297208279,1.0001800060272217,0.0008460520184598863
594.8054632753119,1.0010048151016235,0.0008461234392598271
594.8258966295616,1.0004637241363525,0.000846096605528146
594.8463300833391,1.0006102323532104,0.0008461576071567833
594.8667636368918,0.9983195662498474,0.0008457722142338753
594.8871969902102,0.9994106292724609,0.0008459339733235538
594.9076304432892,1.0009515285491943,0.0008461826364509761
594.9280639959106,1.000731110572815,0.0008459839737042785
594.9484973482977,1.000238299369812,0.0008461055113002658
594.9689308002125,1.00076425075531,0.0008461324032396078
594.9893642521347,0.9994882941246033,0.0008459619130007923
595.0097977035912,0.999085545539856,0.0008459686650894582
595.0302311545747,0.9993389248847961,0.0008459447417408228
595.0506647055663,0.9983808994293213,0.0008457063231617212
595.0710980560907,1.0002450942993164,0.0008460733224637806
595.0915315061429,1.0012184381484985,0.0008463009726256132
595.1119650559704,1.0009385347366333,0.0008461082470603287
595.1323984055634,1.0004266500473022,0.0008461268153041601
595.1528319549179,1.0014992952346802,0.000846243288833648
595.1732654040461,0.9993816614151001,0.0008460253593511879
595.1936987527079,1.000110387802124,0.0008460103417746723
595.2141323008982,1.0010663270950317,0.0008461182005703449
595.234565749095,0.9994449615478516,0.000845825532451272
595.2549990968255,1.0001693964004517,0.0008460482931695879
595.2754326443173,1.0002925395965576,0.0008459737291559577
595.29586609135,1.0010217428207397,0.0008462040568701923
595.3162995381499,1.0006998777389526,0.000846110749989748
595.3367329847097,1.0010974407196045,0.0008461559773422778
595.357166430811,1.0018060207366943,0.000846142356749624
595.3775998766796,1.0011839866638184,0.0008462757105007768
595.398033322308,1.000065565109253,0.0008459525415673852
595.4184667677109,0.9995068907737732,0.0008458681986667216
595.4389002126482,1.0000475645065308,0.0008459198870696127
595.4593336573453,0.9999286532402039,0.0008460348471999168
595.479767101584,1.0015610456466675,0.0008461750694550574
595.5002006458235,0.9992984533309937,0.0008458190131932497
595.5206340895893,1.0002340078353882,0.0008460196550004184
595.5410674328959,1.0007637739181519,0.0008461117395199835
595.561500975964,0.9995996952056885,0.0008459259406663477
595.5819344188058,1.0001174211502075,0.0008459535310976207
595.6023677614139,0.9995550513267517,0.0008457692456431687
595.6228013035579,1.0002535581588745,0.0008459525415673852
595.6432347454611,1.002097249031067,0.0008462561527267098
595.6636680871379,1.0015877485275269,0.0008461479446850717
595.6841016283433,1.0018987655639648,0.0008462714031338692
595.7045349693217,1.0020350217819214,0.0008463175036013126
595.724968410068,1.0015723705291748,0.0008462763507850468
595.7454019503493,1.00099778175354,0.0008461707038804889
595.7658352903891,1.0007315874099731,0.0008460843237116933
595.786268730204,1.0006625652313232,0.0008460397366434336
595.8067022695468,1.0019029378890991,0.0008462929981760681
595.8271356086625,1.0005322694778442,0.0008460028911940753
595.8475691475469,1.0019174814224243,0.0008462112164124846
595.8680025861977,1.0009750127792358,0.0008461025427095592
595.8884360243756,1.001208782196045,0.0008460692479275167
595.908869462095,1.0005728006362915,0.0008460921817459166
595.9293028998072,1.0005152225494385,0.0008458912489004433
595.949736337061,1.0004321336746216,0.0008459159289486706
595.970169774082,1.0014479160308838,0.0008462883997708559
595.9906032106373,1.0008636713027954,0.0008460981189273298
596.0110366471854,1.0006226301193237,0.0008459931123070419
596.031470183043,0.9979115128517151,0.0008456311770714819
596.0519035188918,0.9999086260795593,0.0008459516684524715
596.072336954283,0.999325692653656,0.0008456917712464929
596.092770489442,1.0018177032470703,0.0008462633122690022
596.1132038243668,1.0013521909713745,0.0008460213430225849
596.1336372588194,0.9996504783630371,0.000845990376546979
596.1540707930471,1.000006079673767,0.0008461090037599206
596.1745041270333,1.0004695653915405,0.0008459882228635252
596.1949376605626,1.0002901554107666,0.0008460239041596651
596.2153710938583,0.99993497133255,0.0008459482342004776
596.2358044269204,1.0012768507003784,0.0008461126126348972
596.256237959511,1.00059175491333,0.0008460702374577522
596.2766713918754,1.0010573863983154,0.0008460626704618335
596.2971047239989,0.9997807145118713,0.0008458758238703012
596.3379712870956,1.0009347200393677,0.000846126873511821
596.3584047182958,1.003974437713623,0.0008466680301353335
596.3788381490231,0.9999514818191528,0.0008458673255518079
596.3992715795248,1.0004498958587646,0.0008459496893920004
596.4197050097937,1.00033700466156,0.0008461254183202982
596.4401384398225,1.0001955032348633,0.0008460195967927575
596.4605718693929,1.0001137256622314,0.0008459159871563315
596.4810052987305,0.9988497495651245,0.0008457889780402184
596.5014388275958,1.000157356262207,0.0008459764649160206
596.5218721562342,0.9995941519737244,0.0008458448573946953
596.5423056846412,1.0005842447280884,0.0008460347889922559
596.5627391128073,0.9992246627807617,0.0008456966024823487
596.5831724405143,1.0018703937530518,0.0008461273973807693
596.60360596799,1.0004527568817139,0.0008459906675852835
596.6240393952248,1.000353455543518,0.0008459467208012938
596.6444727220005,0.9998028874397278,0.0008459726232104003
596.6649062485449,1.000914454460144,0.0008460230892524123
596.6853396748484,1.00030517578125,0.0008458045776933432
596.7057730006927,1.0011578798294067,0.000846058945171535
596.7262065263058,0.9993886351585388,0.0008457292569801211
596.7466399516779,1.001260757446289,0.0008460661629214883
596.7670733765917,1.001336693763733,0.0008460436365567148
596.7875068012727,1.001255989074707,0.0008460439858026803
596.8079402257135,1.0007679462432861,0.0008459944510832429
596.828373649696,1.0005958080291748,0.0008459979435428977
596.8488070734456,1.0001492500305176,0.0008459092932753265
596.8692404969552,1.0016599893569946,0.0008462207624688745
596.8896739202391,0.9996851682662964,0.0008457100484520197
596.9101073430575,1.0000327825546265,0.0008459201781079173
596.9305407654028,1.0015727281570435,0.0008461312972940505
596.9509741877555,1.0010204315185547,0.0008460759418085217
596.9714076096425,1.0010799169540405,0.0008459729142487049
596.9918410312894,1.0011109113693237,0.0008459162781946361
597.0122745527115,0.9998802542686462,0.0008457805961370468
597.0327078736664,1.0011422634124756,0.000846077804453671
597.0531412943819,1.000308871269226,0.0008459737873636186
597.0735748146399,1.0009021759033203,0.0008461185498163104
597.0940081348963,0.9995161294937134,0.0008457294316031039
597.1144415546805,0.9999127388000488,0.0008458176162093878
597.1348750740071,0.9991209506988525,0.000845692993607372
597.1553083933322,1.0000989437103271,0.0008459937525913119
597.1757418121852,0.9995537996292114,0.0008459460805170238
597.1961753305804,0.999539315700531,0.0008458289667032659
597.2166086489742,1.0001411437988281,0.0008458906668238342
597.2370421668966,1.0006037950515747,0.0008461068500764668
597.2574755843598,1.0018060207366943,0.0008461758261546493
597.2779089018222,1.0001215934753418,0.0008458701195195317
597.2983424188133,0.9989701509475708,0.0008457909571006894
597.318775835578,1.0006910562515259,0.000845975533593446
597.339209251877,0.9989136457443237,0.0008458307129330933
597.359642667936,1.0009509325027466,0.0008462034747935832
597.3800760837694,1.0017578601837158,0.0008463241392746568
597.4005094993627,1.0000083446502686,0.0008458355441689491
597.4209430144983,1.0000150203704834,0.0008460662211291492
597.4413763293996,1.0013288259506226,0.0008461634279228747
597.461809743836,0.999943733215332,0.0008459450909867883
597.482243258266,1.000687837600708,0.0008460935787297785
597.5026765720031,0.999092161655426,0.0008459128439426422
597.5231099857338,0.9974252581596375,0.0008455395000055432
597.543543399006,1.0000357627868652,0.000846103357616812
597.5639768120454,1.001314640045166,0.0008461395627819002
597.584410224852,1.0008419752120972,0.0008460950339213014
597.6048436371857,0.9996434450149536,0.0008459133096039295
597.6252770492938,0.9999287724494934,0.0008460273966193199
597.6457105611626,0.9995133876800537,0.000845955335535109
597.6661438725714,1.000745415687561,0.000846152484882623
597.686577283981,0.9993158578872681,0.000845999107696116
597.7070107946856,1.0015735626220703,0.0008462239638902247
597.727444105396,1.001613736152649,0.0008462898549623787
597.7478775156414,1.0006835460662842,0.0008461960824206471
597.7683110256476,1.000312328338623,0.0008462307741865516
597.7887443351938,1.000554084777832,0.0008461312390863895
597.8091777445079,0.998958945274353,0.0008460514363832772
597.8296112535827,1.001021385192871,0.0008461441611871123
597.8500446624312,1.0000377893447876,0.0008460911340080202
597.8704779708132,1.0009191036224365,0.0008461777470074594
597.8909114789567,0.9998211860656738,0.0008459766977466643
597.9113448868738,0.9992585778236389,0.0008459406672045588
597.9317781943246,1.001174807548523,0.000846178038045764
597.9522117015367,1.0004158020019531,0.0008460412500426173
597.9726451082897,0.9985214471817017,0.0008458064985461533
598.0135119213228,1.001145362854004,0.0008461464894935489
598.0339453273773,1.000601053237915,0.0008463091216981411
598.0543788329669,1.000230073928833,0.0008461828110739589
598.0748121383149,1.0004138946533203,0.000846115464810282
598.0952455434381,0.9999566078186035,0.0008461335673928261
598.1156790480964,1.0017980337142944,0.0008463886333629489
598.136112352513,1.0009887218475342,0.0008461971301585436
598.1565457567049,0.9995218515396118,0.0008458993397653103
598.1769791606639,0.9986807703971863,0.0008460347889922559
598.19741256415,1.0011035203933716,0.0008463429985567927
598.2178459674105,0.9990746378898621,0.0008460716344416142
598.2382793702054,1.0009498596191406,0.0008464276324957609
598.2791461750894,1.0003451108932495,0.0008462031255476177
599.2190609510362,0.9992697834968567,0.0008390140137635171
599.2394942389292,0.9998093247413635,0.0008392594172619283
599.2599277265836,1.0016926527023315,0.0008401066879741848
599.2803611140116,1.0017540454864502,0.000840350694488734
599.3007944009732,1.0004570484161377,0.0008400530205108225
599.3212278876963,1.0012259483337402,0.0008407143177464604
599.3416612739602,1.00192129611969,0.0008407908608205616
599.3620946602241,1.0011627674102783,0.0008408196154050529
599.3825280460151,1.0005587339401245,0.0008410736918449402
599.4029614315805,1.001592755317688,0.0008415900520049036
599.4233948166802,1.002457618713379,0.0008421685197390616
599.4438282015399,1.001288652420044,0.000841992674395442
599.464261586174,1.0001697540283203,0.0008421136881224811
599.4846949703424,0.9999994039535522,0.0008421990787610412
599.5051283542707,1.0000447034835815,0.0008426632848568261
599.5255617379735,1.0001295804977417,0.0008426877320744097
599.5459952214442,0.9995865821838379,0.0008427513530477881
599.5664286044412,1.0001428127288818,0.0008429879671894014
599.5868618872119,0.9990085959434509,0.0008431689930148423
599.6072953695111,0.9988774061203003,0.0008431168971583247
599.6277287518169,1.0012255907058716,0.0008436304051429033
599.6481620336563,1.0007160902023315,0.000843853980768472
599.6685955150315,0.9985438585281372,0.0008435217896476388
599.6890288963987,0.999994695186615,0.0008438021177425981
599.7094621773067,1.0018941164016724,0.0008443455444648862
599.7298956579762,1.0013991594314575,0.0008442689431831241
599.7503290381865,1.0006154775619507,0.0008441921672783792
599.7707623181632,1.0010422468185425,0.0008445435669273138
599.7911957979086,0.9999751448631287,0.0008445765124633908
599.8116291771803,0.9992304444313049,0.0008442706894129515
599.8320625564593,1.0014108419418335,0.0008447853615507483
599.8524959350325,1.0001112222671509,0.0008447060245089233
599.8729292136122,0.9998199939727783,0.0008446666179224849
599.8933626917278,1.0004712343215942,0.000844778202008456
599.9137960696098,0.9993157386779785,0.0008449080632999539
599.9342294472517,1.0022451877593994,0.0008452460751868784
599.9546628244352,1.000406265258789,0.0008449753513559699
599.9750962013786,0.9997595548629761,0.0008451190078631043
599.9955295780965,1.0013939142227173,0.0008453806512989104
600.0159630543494,1.0001542568206787,0.0008451577159576118
600.036396330368,0.9989953637123108,0.0008449790766462684
600.0568297061473,1.000028133392334,0.0008454073104076087
600.0772631817017,0.9996941685676575,0.0008452064357697964
600.0976964567817,0.9998396635055542,0.0008452667971141636
600.1181298316369,0.9998298287391663,0.0008453616756014526
600.1385633060272,0.9995720982551575,0.0008453584741801023
600.1589965801832,1.0007505416870117,0.0008454408380202949
600.1794299540998,1.0005121231079102,0.0008455016650259495
600.1998634277916,1.0003355741500854,0.0008456491632387042
600.2202967010089,0.9998712539672852,0.0008456142386421561
600.2407301740022,1.000482201576233,0.0008456942741759121
600.261163546762,0.9989692568778992,0.0008455855422653258
600.2815968190553,1.001550316810608,0.0008457007352262735
600.30203029111,0.9991730451583862,0.0008455516071990132
600.3224636629384,1.0010647773742676,0.0008459835662506521
600.3428969345259,0.9984794855117798,0.0008453898481093347
600.3633304056566,1.0015151500701904,0.0008459604578092694
600.3837637765537,1.0007758140563965,0.0008458393858745694
600.4041971469778,1.0004109144210815,0.0008457237272523344
600.4246305171764,0.9996557831764221,0.0008456239011138678
600.4450638871422,1.000383973121643,0.0008458010852336884
600.4654972568678,0.9996234178543091,0.0008457577205263078
600.4859307261358,0.999454140663147,0.0008457428775727749
600.5063639951695,1.000421404838562,0.0008457682561129332
600.5267973639639,1.0016556978225708,0.0008460264070890844
600.5472307322998,1.0016276836395264,0.0008460422977805138
600.5676641004029,1.0013612508773804,0.0008459983509965241
600.5880975682667,0.9995906949043274,0.0008459375821985304
600.6085308359034,1.001159906387329,0.0008459665696136653
600.6289642030752,1.0007747411727905,0.0008457346120849252
600.6493976700076,1.0001702308654785,0.0008457100484520197
600.6698309364801,1.0002285242080688,0.0008458428201265633
600.6902643027206,1.0004383325576782,0.0008457647636532784
600.7106977687217,1.0025618076324463,0.000846200913656503
600.7311310344958,1.0026456117630005,0.0008462725090794265
600.7515643998049,1.0005518198013306,0.0008458556840196252
600.7719978648747,1.0006742477416992,0.0008458265219815075
600.7924311297174,1.0009832382202148,0.000845980946905911
600.8128644940953,0.9986315369606018,0.0008455388597212732
600.8332979582337,1.0006978511810303,0.000845818140078336
600.8537313221459,0.9991605281829834,0.0008456762880086899
600.8741646858252,1.0017902851104736,0.000846001785248518
600.8945980490316,1.0003453493118286,0.0008457013173028827
600.9150314120125,1.0002005100250244,0.0008458642405457795
600.9354647745276,1.000365138053894,0.0008458620286546648
600.9558981370355,0.9998493790626526,0.0008457247749902308
600.9763314990851,1.0005097389221191,0.0008459024829789996
600.9967649606697,1.000037431716919,0.0008457594085484743
601.0171982220127,1.001509428024292,0.0008460796670988202
601.0376315833637,1.0013314485549927,0.0008458902593702078
601.0580650440097,0.9993115663528442,0.0008455952629446983
601.0784983046615,0.9991424679756165,0.0008456222712993622
601.0989316648484,0.9998449087142944,0.0008457577205263078
601.1193651248032,1.0019376277923584,0.0008459953241981566
601.1397983842835,1.0011245012283325,0.0008459605160169303
601.160231743539,0.9989551305770874,0.000845624424982816
601.1806652025552,0.999218761920929,0.0008456310606561601
601.2010984613444,1.000367283821106,0.0008456964278593659
601.2215318196686,1.002211093902588,0.0008460411918349564
601.2623985356113,0.9998393654823303,0.0008458024822175503
601.282831993005,1.0007821321487427,0.0008456949144601822
601.3032652501643,0.9999054670333862,0.0008456928771920502
601.3236986070842,1.0029006004333496,0.0008459887467324734
601.3441320635466,1.0002810955047607,0.0008455509087070823
601.3645653197746,0.9998462200164795,0.0008456508512608707
601.3849986757632,0.9998260736465454,0.0008455495117232203
601.405432131527,0.9997901916503906,0.0008455845527350903
601.4258654868172,1.0005942583084106,0.0008456232608295977
601.446298741881,0.9999330043792725,0.0008456270443275571
601.4667321967136,0.9999573230743408,0.0008456080686300993
601.4871655510797,1.0016601085662842,0.0008459059754386544
601.5075988052049,1.0013715028762817,0.0008459624950774014
601.5280322591061,0.9999600052833557,0.0008455727947875857
601.5484656125336,1.0000413656234741,0.0008455245988443494
601.5688988657348,0.9989203810691833,0.0008453843183815479
601.5893323187047,1.0003323554992676,0.000845606264192611
601.6097656712009,1.0007110834121704,0.0008457435178570449
601.6301991237051,1.0012229681015015,0.000845765694975853
601.6506323757421,0.9995328187942505,0.000845602189656347
601.671065727307,1.0033472776412964,0.0008464970160275698
601.6914991786471,1.0005791187286377,0.0008456974173896015
601.7119324297528,0.9991366863250732,0.0008453663904219866
601.7323657806191,1.0010095834732056,0.0008457247749902308
601.7527992310279,0.9998874068260193,0.0008456246578134596
601.7732324814351,0.9997548460960388,0.0008454770431853831
601.7936658311373,1.0008928775787354,0.000845676870085299
601.8140992808476,0.99947589635849,0.0008454974740743637
601.8345325300907,1.0003654956817627,0.0008455915958620608
601.8549658790944,1.000683307647705,0.0008457278017885983
601.8753992276397,1.0015439987182617,0.0008457388612441719
601.8958325761851,1.0006014108657837,0.0008457046933472157
601.9162659242575,1.0007843971252441,0.0008455913630314171
601.9366993718722,1.0002098083496094,0.0008455124916508794
601.9571326194855,1.0004245042800903,0.000845390313770622
601.9775660666273,1.0008418560028076,0.0008456629002466798
601.99799941331,1.0011305809020996,0.0008455621427856386
602.018432659992,0.9999130964279175,0.0008453361806459725
602.0388661062025,1.001399278640747,0.0008457500953227282
602.0592994521867,1.0015968084335327,0.0008456329233013093
602.0797326977045,1.0026363134384155,0.0008459905511699617
602.1001661432165,1.0010257959365845,0.0008456776849925518
602.1205994882694,1.0019090175628662,0.0008457759977318347
602.1410327328558,1.0007838010787964,0.0008455199422314763
602.1614661772037,1.0009475946426392,0.0008455272763967514
602.1818995215581,1.0019450187683105,0.0008457271032966673
602.2023327652132,1.0005764961242676,0.0008456954383291304
602.2227662088626,1.0004961490631104,0.0008454402559436858
602.2431995520528,1.0021045207977295,0.0008457780349999666
602.2636328950102,1.000436544418335,0.0008455924107693136
602.2840662374947,1.0019413232803345,0.0008457961957901716
602.3044995797536,1.0008996725082397,0.0008456165087409317
602.3249330217805,0.9993003010749817,0.0008454992203041911
602.3453662635657,0.9991543292999268,0.0008452321635559201
602.3657996048933,1.0005069971084595,0.0008454673225060105
602.3862330459815,1.000501275062561,0.0008454835624434054
602.4066663868434,1.0004260540008545,0.0008454264607280493
602.4270996272389,0.998991072177887,0.0008452694164589047
602.447533067636,1.0003060102462769,0.0008453118498437107
602.4679664073265,0.9992705583572388,0.0008451913017779589
602.4883996470235,1.0008914470672607,0.0008455561473965645
602.5088330862491,0.9992800951004028,0.000845265225507319
602.5292664252484,1.0018041133880615,0.0008456982905045152
602.549699664014,0.9990639090538025,0.00084527867147699
602.5701331023156,1.0003730058670044,0.0008455528877675533
602.5905664403763,1.0004172325134277,0.0008454045164398849
602.6109996782106,0.9991169571876526,0.0008451494504697621
602.6314331155736,1.0015571117401123,0.0008461204706691206
602.6518663527095,1.0002952814102173,0.0008456484647467732
602.672299789614,1.0014995336532593,0.000845606904476881
602.692733126285,1.001132845878601,0.0008455414790660143
602.7131663624823,1.0002667903900146,0.0008454381604678929
602.7335997984555,1.001061201095581,0.0008456978248432279
602.7540331341879,1.0003257989883423,0.0008453952614217997
602.7744664694619,0.9994462728500366,0.0008452842594124377
602.7948998045031,0.9998480081558228,0.0008454537019133568
602.8153331393114,1.0001085996627808,0.0008454531198367476
602.8357664736468,1.0020962953567505,0.0008456665091216564
602.8561998077566,1.0000370740890503,0.0008452669717371464
602.8766331416264,1.0003639459609985,0.0008455320494249463
602.8970664752705,0.9999998211860657,0.0008454122580587864
602.9174999084498,1.0003366470336914,0.0008453966584056616
602.9379331413948,1.0000022649765015,0.0008454065537080169
602.9583664741003,1.0008550882339478,0.0008455038769170642
602.9787999063483,1.0008209943771362,0.0008455356582999229
602.9992331383546,1.000749111175537,0.000845434027723968
603.0196664701361,1.0005772113800049,0.0008455935167148709
603.0400999014528,1.0001636743545532,0.0008451856556348503
603.060533132535,0.9998019933700562,0.0008454294293187559
603.0809665633788,1.0004628896713257,0.0008453927584923804
603.1013998939961,0.9988260269165039,0.0008453503251075745
603.1218331241398,0.9992896914482117,0.0008452297770418227
603.1422665540595,0.9990465044975281,0.0008452202309854329
603.1626998837455,1.000537395477295,0.000845469010528177
603.1831331129652,1.0002440214157104,0.0008452202309854329
603.2035665419462,1.000542402267456,0.0008453878108412027
603.2239998707009,1.0012526512145996,0.0008454415947198868
603.2444330992148,1.0016169548034668,0.0008455486968159676
603.2648665272718,0.9989462494850159,0.0008451209869235754
603.2852998550952,1.0008997917175293,0.0008455383940599859
603.3057330824522,1.0016512870788574,0.0008456006762571633
603.3261665098034,0.9991635084152222,0.0008452591137029231
603.3465998366955,1.000419020652771,0.0008455789647996426
603.3670330631139,0.9999063014984131,0.0008454102207906544
603.3874664895411,0.9997816681861877,0.0008454200578853488
603.4078998155019,1.0006895065307617,0.0008453570771962404
603.4283331412225,1.0002472400665283,0.0008453089976683259
603.4487664664848,1.0012606382369995,0.0008459973614662886
603.4691997917471,0.9996699690818787,0.0008451736648567021
603.4896332165372,1.0005199909210205,0.000845324422698468
603.5100664408674,0.999752938747406,0.0008451561443507671
603.5304997651983,0.9997745156288147,0.0008453849004581571
603.5509331890571,0.9995315670967102,0.0008453740156255662
603.571366412456,0.9999508261680603,0.0008453404880128801
603.5917997358556,1.0002461671829224,0.0008454274502582848
603.612233158783,1.0003989934921265,0.0008453849004581571
603.6326663814834,0.9997937679290771,0.000845329079311341
603.6530997037189,1.000211238861084,0.0008454182534478605
603.6735331259479,0.9999319911003113,0.0008452031179331243
603.6939663477169,0.9995023012161255,0.0008453768095932901
603.7143996690211,1.000789999961853,0.0008455086499452591
603.7348330903187,1.001280426979065,0.0008455123170278966
603.7552664111572,1.0003166198730469,0.0008453127811662853
603.7756997317629,1.0003743171691895,0.0008453403133898973
603.7961330518956,1.000625491142273,0.0008452800684608519
603.8165663720356,1.0006542205810547,0.0008454666822217405
603.8369996917099,0.9987448453903198,0.0008449869346804917
603.8574330109113,0.9999950528144836,0.0008453206974081695
603.87786633012,1.0016570091247559,0.0008455415954813361
603.898299648863,1.0001174211502075,0.0008453368209302425
603.9187329671331,0.9993984699249268,0.0008453707559965551
603.9391661854097,0.9992086887359619,0.0008453673217445612
603.9595996032222,0.9997673630714417,0.0008452177862636745
603.9800329207937,1.0009011030197144,0.0008453534683212638
604.000466138139,1.0001970529556274,0.0008453878690488636
604.0208995550202,0.9998783469200134,0.0008451597532257438
604.0413328716604,0.9989607930183411,0.0008450585301034153
604.0617660880744,0.9993089437484741,0.0008451887988485396
604.0821995040169,0.9992184042930603,0.0008451801841147244
604.1026328197331,1.000374436378479,0.0008452890906482935
604.1230661352165,0.9990772008895874,0.0008451220346614718
604.1434994502342,0.9999728798866272,0.0008454072521999478
604.1639327652447,1.0003385543823242,0.0008452858892269433
604.1843661797975,1.000994324684143,0.0008454084163531661
604.2047993938759,0.9992532730102539,0.0008450569002889097
604.2456661215838,0.9990270137786865,0.0008452573092654347
604.2660993349709,1.0002052783966064,0.0008453326299786568
604.2865326478859,0.999377429485321,0.0008451615576632321
604.3069660605761,1.0005478858947754,0.0008453992777504027
604.3273993730254,0.9988921284675598,0.0008451056201010942
604.3478325852484,0.9995308518409729,0.0008452156907878816
604.3682659970073,1.0007983446121216,0.0008455089991912246
604.3886993085252,0.9997020363807678,0.0008452530601061881
604.4091325198169,1.0004429817199707,0.0008453697082586586
604.4295659306445,0.9992585182189941,0.0008451572502963245
604.449999241464,0.9990435242652893,0.0008451958419755101
604.4704324518243,1.0010308027267456,0.0008454503258690238
604.4908658617205,1.0003411769866943,0.0008453252376057208
604.5112991713759,1.0009478330612183,0.0008451852481812239
604.5317325808064,1.0005135536193848,0.0008452513138763607
604.5521657900026,1.000592827796936,0.0008453144109807909
604.5725990989595,1.0002391338348389,0.0008452574256807566
604.5930324074579,0.9988282322883606,0.0008450306486338377
604.6134657157236,0.9996720552444458,0.0008450798341073096
604.6338990235163,0.9986854791641235,0.0008449659217149019
604.6543323310834,1.0004229545593262,0.0008451556204818189
604.6747656384177,1.000451683998108,0.0008451570174656808
604.695198945512,0.9985087513923645,0.0008449218585155904
604.7156322523806,1.0000396966934204,0.0008452004985883832
604.7360655587836,1.000723958015442,0.0008451798930764198
604.7564988647136,1.0002230405807495,0.00084516970673576
604.7769322706517,0.9992608428001404,0.0008451216272078454
604.7973654761226,0.9998034238815308,0.0008451704052276909
604.8177987813542,0.999533474445343,0.0008450535242445767
604.838232186361,0.9996405243873596,0.0008452371694147587
604.8586653909006,0.9994450211524963,0.000845128670334816
604.8790986952008,0.9993593096733093,0.0008452167385257781
604.8995320992763,0.9999109506607056,0.0008450341410934925
604.9199653031174,1.0016766786575317,0.0008453446207568049
604.940398706487,0.9998889565467834,0.0008450982859358191
604.9608320096304,0.9998820424079895,0.0008450901368632913
604.9812652125402,1.0004693269729614,0.0008454073686152697
605.0016986149785,1.000059723854065,0.0008452339097857475
605.0221319171906,0.9996193051338196,0.0008451558533124626
605.042565119169,1.000104308128357,0.0008452935726381838
605.062998520676,0.9989717602729797,0.0008452047477476299
605.0834318219568,1.0009503364562988,0.0008454157505184412
605.1038650230039,0.9996475577354431,0.0008452545735053718
605.1242984238124,1.0010974407196045,0.0008453400223515928
605.1447317241618,0.9988691210746765,0.0008450384484604001
605.1651650242784,0.9990190863609314,0.0008449615561403334
605.1855983241549,0.9998382925987244,0.000845237635076046
605.2060316238058,0.9991747736930847,0.0008448633016087115
605.226464922991,0.9990103244781494,0.0008451442117802799
605.2468983219369,1.0005329847335815,0.0008452922920696437
605.2673315204229,0.9983900189399719,0.000844912021420896
605.2877648189096,0.9993606805801392,0.0008451304165646434
605.3081981169234,0.9997208714485168,0.0008452530018985271
605.3286314147117,1.0000362396240234,0.0008453155751340091
605.3490648120351,0.9996808171272278,0.0008451821049675345
605.3694980091168,0.9985301494598389,0.0008450769819319248
605.3899313059737,0.9984921813011169,0.0008451252360828221
605.4103647025913,0.9999123811721802,0.0008452328620478511
605.430797898749,1.000528335571289,0.0008452812908217311
605.4512311946746,0.9992112517356873,0.0008452706970274448
605.4716645903682,1.000654935836792,0.0008454571361653507
605.4920977855872,1.000930905342102,0.0008454135968349874
605.5125310808144,1.000208854675293,0.0008453006157651544
605.5329644755693,0.999961793422699,0.000845226226374507
605.5533976698644,0.999060332775116,0.0008452353067696095
605.5738309639273,0.9987455606460571,0.0008450697059743106
605.594264357991,0.9989704489707947,0.0008451171452179551
605.6146976513483,1.0014159679412842,0.0008455478819087148
605.635130844712,0.999735414981842,0.0008453651098534465
605.6555642376043,1.000208854675293,0.0008453648770228028
605.6759975302703,1.0001286268234253,0.0008454123162664473
605.6964308227034,0.9987607598304749,0.0008451393223367631
605.7168641146709,1.00078547000885,0.0008455159259028733
605.7372974063983,1.001867413520813,0.000845719245262444
605.7577307979009,0.9997228980064392,0.0008453621412627399
605.778163988929,1.00119149684906,0.0008455677889287472
605.7985972797323,0.998967170715332,0.0008451793692074716
605.8190306703036,1.0000325441360474,0.0008453767513856292
605.8394638606405,0.9985862970352173,0.0008450227323919535
605.8598971505053,0.9995388388633728,0.0008451582980342209
605.8803305401452,0.997285783290863,0.000844912719912827
605.9007637295435,1.0016034841537476,0.0008455921779386699
605.9211970187171,0.9998754262924194,0.0008452749461866915
605.9416304074257,1.0007234811782837,0.0008453581249341369
605.9620635959,0.9998013377189636,0.000845268601551652
605.9824968841349,0.9996808171272278,0.0008453037007711828
606.0029301719114,1.0011683702468872,0.0008455351344309747
606.0233634594479,1.0003736019134521,0.0008451872272416949
606.0437967467587,0.9989515542984009,0.0008451679022982717
606.064230033604,1.0008468627929688,0.000845405156724155
606.0846633204492,1.0004228353500366,0.000845419941470027
606.1050967068222,1.0013504028320312,0.0008454626658931375
606.1255298927354,0.9980892539024353,0.0008450737805105746
606.145963178642,0.9990949630737305,0.0008451422327198088
606.166396564091,0.9999744296073914,0.0008453554473817348
606.1868298493064,0.9996694326400757,0.0008452627807855606
606.2072630340481,0.9999788403511047,0.0008453374030068517
606.2276964187986,1.0003165006637573,0.0008453585323877633
606.2481297030827,1.0001882314682007,0.0008453011396341026
606.268562886893,0.9998754262924194,0.0008453599875792861
606.2889962707122,1.001343011856079,0.0008458726806566119
606.309429554065,0.9979222416877747,0.0008450648165307939
606.3298627371769,0.9996012449264526,0.0008453619084320962
606.3502961198319,0.9997692108154297,0.0008452609181404114
606.3707294024862,1.000645637512207,0.0008454418275505304
606.3911625846667,0.998450517654419,0.0008450222667306662
606.4115959663905,1.0000054836273193,0.0008453555637970567
606.4320292481134,1.0000314712524414,0.0008453945047222078
606.4524626293642,1.0004165172576904,0.000845406495500356
606.4728958103879,1.0008809566497803,0.0008454942144453526
606.4933290911795,1.0000838041305542,0.0008454188355244696
606.5137624714989,0.999254047870636,0.0008452389156445861
606.5341956515913,0.9996569156646729,0.0008453737827949226
606.5546289314516,0.999159038066864,0.0008451714529655874
606.5750623108397,1.0009294748306274,0.000845502014271915
606.5954954902336,0.9994326829910278,0.000845251081045717
606.6159287691626,1.0014209747314453,0.0008455698844045401
606.6363620476186,0.9994629621505737,0.00084526656428352
606.6567953260819,1.0003827810287476,0.00084530288586393
606.6772286040796,1.0001307725906372,0.0008452816400676966
606.6976619818379,0.9992072582244873,0.0008452276815660298
606.7180951591363,0.9996456503868103,0.0008453094633296132
606.7385284362026,0.9997321963310242,0.0008453382179141045
606.7589618130296,1.0008342266082764,0.0008454093476757407
606.7793949896295,1.0003589391708374,0.0008452973561361432
606.7998282659973,0.9992010593414307,0.00084512191824615
606.820261641893,1.0016230344772339,0.0008455866482108831
606.8406948175616,1.0006206035614014,0.0008453722111880779
606.8611281927588,0.9993970394134521,0.0008452843758277595
606.8815614679625,0.9993698596954346,0.0008453598711639643
606.9019946426997,0.998785138130188,0.0008451081230305135
606.9224280169728,1.0006754398345947,0.0008453630725853145
606.9428612912379,0.9989343285560608,0.0008450348977930844
606.9632944650439,0.9994927644729614,0.0008451449102722108
606.9837278386112,1.0010608434677124,0.0008454770431853831
607.0041611119523,0.9996797442436218,0.0008452548063360155
607.0245943848277,1.000846266746521,0.0008454821654595435
607.0450276574702,0.9988501667976379,0.0008451116736978292
607.0654609298726,1.0004459619522095,0.0008454628987237811
607.0858942020495,0.9973322153091431,0.0008448533480986953
607.1063274737535,0.9994816780090332,0.0008451368194073439
607.1267607452319,0.9983851313591003,0.0008449735469184816
607.1471940164774,0.9995181560516357,0.000845259171910584
607.1676273872508,0.9999309778213501,0.0008452438632957637
607.1880605577971,0.9992424845695496,0.0008451420580968261
607.2289271981863,0.9992833137512207,0.0008454800699837506
607.2493603678013,1.0009934902191162,0.0008454209892079234
607.269793737185,1.0002379417419434,0.000845279369968921
607.2902269063343,0.9984936714172363,0.0008448762819170952
607.3106601752443,0.9990330338478088,0.0008450996829196811
607.3310935436966,0.999079167842865,0.0008451276808045805
607.3515268119081,0.9983378648757935,0.0008449204033240676
607.3719599798933,1.001267910003662,0.0008453173213638365
607.3923933474143,0.9994170665740967,0.0008449711021967232
607.412826514701,0.9996432662010193,0.0008450145251117647
607.4332597817483,0.9991924166679382,0.0008450636523775756
607.4536931485709,0.9995996952056885,0.0008451177855022252
607.474126314919,1.000807762145996,0.000845314294565469
607.4945595810423,0.9998658299446106,0.0008449943270534277
607.5149929469335,1.0001206398010254,0.0008451883913949132
607.535426212351,0.9996131062507629,0.0008450672030448914
607.555859377775,0.9992792010307312,0.0008450419409200549
607.576292742735,1.0003042221069336,0.0008452160400338471
607.5967260072212,0.9987898468971252,0.000844992115162313
607.6171592717146,0.9986782073974609,0.0008450060850009322
607.6375925357424,1.0004982948303223,0.000845195259898901
607.6580257995302,0.9985653758049011,0.0008449094602838159
607.6784591628602,1.0008552074432373,0.0008452923502773046
607.6988923261888,0.9982526302337646,0.0008449603919871151
607.7193255890452,0.9985156655311584,0.0008449607412330806
607.739758951444,0.99916672706604,0.0008449797169305384
607.7601921138412,0.9991112947463989,0.0008449908928014338
607.7806253757662,0.9997082352638245,0.0008450478198938072
607.8010587374665,1.0001442432403564,0.0008451089379377663
607.8214918989324,0.9991222023963928,0.0008450006716884673
607.8419251599262,0.9995650053024292,0.0008450691821053624
607.8623585206951,1.0002756118774414,0.0008452199981547892
607.8827916812297,0.9995251893997192,0.0008450752357020974
607.903224941525,1.001015543937683,0.0008452763431705534
607.9236583013626,0.9991116523742676,0.0008449462475255132
607.9440914609659,0.9994421005249023,0.0008450837922282517
607.9645247203298,0.9982785582542419,0.0008448850712738931
607.9849580794689,0.9999074339866638,0.0008451560279354453
608.0053912381409,0.9981873631477356,0.000844945665448904
608.0258245965742,0.9994102716445923,0.0008451492758467793
608.0462578545485,0.999291718006134,0.0008450346067547798
608.0666910125219,1.00027334690094,0.0008454946801066399
608.087124370024,0.999561071395874,0.0008450561435893178
608.1075576272997,0.9996864795684814,0.0008450282621197402
608.1279907843418,1.0038881301879883,0.0008457491057924926
608.1484241409125,0.9986693263053894,0.0008448126609437168
608.1688573972569,0.9982258081436157,0.000844919472001493
608.1892905533678,1.00022292137146,0.0008451816393062472
608.2097239090072,1.0004351139068604,0.0008451862959191203
608.2301571646531,0.9999979138374329,0.000845097005367279
608.2505903198326,1.000361442565918,0.0008452916517853737
608.2710236745406,0.9982115626335144,0.0008447900763712823
608.2914569292552,0.9997811317443848,0.0008449594606645405
608.3118900835034,0.9993419051170349,0.000844954454805702
608.332323437513,1.000175952911377,0.0008453205227851868
608.3527566912962,0.9994066953659058,0.0008450321038253605
608.3731899446138,0.9993372559547424,0.000844922149553895
608.3936231976913,0.9994096755981445,0.0008450445020571351
608.4140564505433,1.001121163368225,0.0008452757610939443
608.4344898031559,0.9995506405830383,0.0008450420573353767
608.4549229553086,1.0002273321151733,0.0008452439797110856
608.4753562072292,0.9989689588546753,0.0008450488094240427
608.4957895589177,1.0014684200286865,0.0008454361231997609
608.5162228101326,0.9997227787971497,0.0008449906599707901
608.5366559611211,1.0013432502746582,0.0008452756446786225
608.5570893118711,1.0000652074813843,0.0008450729073956609
608.5775225623947,1.0006159543991089,0.0008452312322333455
608.5979557126848,1.000342607498169,0.0008452247129753232
608.6183890625034,1.001555323600769,0.0008458368829451501
608.6388223120957,0.9995765089988708,0.0008449979941360652
608.6592554612216,1.0007226467132568,0.0008451742469333112
608.6796888103418,0.999288022518158,0.0008449481101706624
608.700121959002,1.000008463859558,0.0008450583554804325
608.7205552074302,0.9988541007041931,0.0008448493899777532
608.7409885553861,0.9982093572616577,0.0008448279113508761
608.7614217033479,1.0007814168930054,0.0008452567271888256
608.7818550508455,1.0002093315124512,0.000845090951770544
608.8022882978694,0.9993658065795898,0.0008449195884168148
608.8227214448998,1.0024001598358154,0.0008454422932118177
608.8431547914661,0.9996064901351929,0.0008449998567812145
608.8635880377915,0.999877393245697,0.0008451603935100138
608.8840212838913,0.9991909265518188,0.0008449226152151823
608.9044545295255,0.9991331100463867,0.0008450224995613098
608.9248877749196,0.9990931749343872,0.000844880472868681
608.9657542650239,0.9990854859352112,0.0008448742446489632
608.9861875094866,1.0001343488693237,0.0008450828026980162
609.0066207539567,1.0017244815826416,0.0008454674971289933
609.0270539977282,1.0004255771636963,0.0008451829780824482
609.0474872414925,0.9994851350784302,0.00084491673624143
609.0679204847984,1.0000247955322266,0.0008450854802504182
609.0883538278722,0.9997907280921936,0.0008450059103779495
609.1087869707044,0.997535228729248,0.000844618072733283
609.1292202133118,0.9992848038673401,0.0008449345477856696
609.1496535554543,1.0004725456237793,0.0008450971799902618
609.1700866973551,0.9994703531265259,0.0008448018925264478
609.190520039032,0.9994345307350159,0.0008452842594124377
609.2109532802424,0.9996351599693298,0.0008448055014014244
609.2313864214448,0.999977707862854,0.0008449521264992654
609.2518197619574,1.0005239248275757,0.000845136761199683
609.2722530024694,0.9988892674446106,0.0008448162116110325
609.2926861427404,1.000558614730835,0.00084508559666574
609.3131194825546,0.9994856119155884,0.0008448993321508169
609.3335527221352,0.9992034435272217,0.0008448342559859157
609.3539859612429,0.9991565942764282,0.0008448910666629672
609.3744192003578,0.9996088147163391,0.0008449307642877102
609.3948523390063,1.0003163814544678,0.000845010974444449
609.4152855774155,0.9994903206825256,0.0008448762819170952
609.435718915367,0.9997603893280029,0.0008449254673905671
609.4561521533178,0.999851644039154,0.0008448942098766565
609.4765852907949,1.0010069608688354,0.0008451109169982374
609.4970186278151,1.0005525350570679,0.0008450925233773887
609.5174518648346,0.9993293881416321,0.0008447688887827098
609.5378850013803,1.000165581703186,0.0008448950247839093
609.5583183377021,1.0012245178222656,0.0008451995090581477
609.5787515737902,1.0014992952346802,0.0008451176108792424
609.599184909639,0.9992214441299438,0.0008447925210930407
609.6196180450279,0.9994751214981079,0.0008448280859738588
609.6400512801847,1.0013960599899292,0.0008451699395664036
609.6604846151022,1.0001051425933838,0.0008449975284747779
609.6809177495597,0.9984191060066223,0.0008447569562122226
609.7013509837852,0.9979958534240723,0.0008447751170024276
609.7217843177714,1.0006791353225708,0.0008449393790215254
609.7422174515305,0.9991137385368347,0.0008446973515674472
609.7626506848246,1.000750184059143,0.0008450844907201827
609.7830840178794,0.9992738366127014,0.000844826630782336
609.8035171507072,1.0006563663482666,0.0008450545137748122
609.8239503833029,0.9996225237846375,0.0008449087617918849
609.8443837154264,1.0009803771972656,0.0008450872264802456
609.8648168475556,1.0016944408416748,0.000845124654006213
609.8852500789872,0.9994043111801147,0.0008449187153019011
609.9056834104122,0.9992867708206177,0.000844838039483875
609.926116641378,0.9981055855751038,0.0008445425773970783
609.9465498721111,0.9995498657226562,0.00084489188157022
609.966983102604,1.0003364086151123,0.000844955793581903
609.9874163328714,0.9992286562919617,0.0008447936270385981
610.0078495626658,1.0002228021621704,0.0008450138266198337
610.0282827922347,1.001701831817627,0.0008451527100987732
610.0487160215707,0.9989312887191772,0.0008447375730611384
610.069149250674,0.9998612999916077,0.0008449744782410562
610.0895824786057,1.0014171600341797,0.0008450453169643879
610.1100156070097,0.9994489550590515,0.0008447318687103689
610.1304489349423,1.0006861686706543,0.0008449701708741486
610.1508821628813,1.0000218152999878,0.000844784255605191
610.171315290354,1.0000290870666504,0.0008450218010693789
610.2121818445958,1.0001208782196045,0.0008449808228760958
610.2326149711371,0.9985532760620117,0.0008447189466096461
610.2530482976726,0.9978674054145813,0.0008445120765827596
610.2734815237491,0.9997831583023071,0.000844830647110939
610.2939147493598,1.001106858253479,0.0008449653396382928
610.3143479749706,0.9999547004699707,0.0008448022999800742
610.3347812001084,0.9996678233146667,0.0008448147564195096
610.3552145250214,0.9986555576324463,0.0008445965358987451
610.3756477496936,0.9991635084152222,0.0008446805877611041
610.3960808739066,0.9995319247245789,0.0008446322754025459
610.4165141978883,0.9982298016548157,0.0008445011335425079
610.4369474216292,0.9990077018737793,0.0008445652201771736
610.4573805451437,0.9985619783401489,0.0008445718558505177
610.4778138681941,1.0006279945373535,0.0008448176668025553
610.4982470912364,0.9980247020721436,0.0008444697014056146
610.5186802135868,0.9985313415527344,0.0008444672566838562
610.5391135359387,1.0000715255737305,0.0008447200525552034
610.5595467580497,1.0016624927520752,0.0008461842662654817
610.5799798797016,0.9994576573371887,0.0008445907151326537
610.6004132011221,0.9998106956481934,0.0008447701693512499
610.620846422069,0.9991108775138855,0.0008446290739811957
610.6412795430224,0.9998845458030701,0.0008446835563518107
610.6617128635116,1.0006312131881714,0.0008449399028904736
610.68214608376,0.9995936155319214,0.0008447181317023933
610.7025792035492,0.9993509650230408,0.0008446336141787469
610.72301252334,0.9998654127120972,0.0008448769804090261
610.7434457426571,0.99996018409729,0.0008448107982985675
610.7638789617486,1.0005497932434082,0.0008447739528492093
610.7843121803744,0.9991258382797241,0.0008446541032753885
610.804745398993,0.9990981221199036,0.0008446900174021721
610.8251786171531,1.0001250505447388,0.0008448840817436576
610.8456118350805,0.9981894493103027,0.0008445606217719615
610.8660450525349,0.9997988939285278,0.00084462616359815
610.8864782699966,0.9995443224906921,0.000844622787553817
610.9069114869926,1.0012743473052979,0.000844957772642374
610.9273447037485,0.9999688267707825,0.0008447615546174347
610.9477780200468,1.0008559226989746,0.0008449189481325448
610.9682111363436,1.0006006956100464,0.0008449298911727965
610.9886443521682,0.9999377727508545,0.0008447327418252826
611.009077667768,0.9992832541465759,0.0008446400752291083
611.0295107829006,0.9986165165901184,0.0008444830891676247
611.0499439977939,0.9996693134307861,0.0008446205756627023
611.0703773126952,0.9996210932731628,0.0008445766870863736
611.0908104268965,0.9993990063667297,0.0008446699939668179
611.1112436410913,0.998602032661438,0.0008445309358648956
611.1316769548284,0.9998458623886108,0.0008446743595413864
611.1521100683312,0.9989385008811951,0.0008443855331279337
611.1725433815955,1.0006999969482422,0.0008448956068605185
611.1929765946334,0.999163031578064,0.0008445782004855573
611.2134098071983,0.9990242719650269,0.0008444644045084715
611.2338430195377,1.0008776187896729,0.0008448545704595745
611.2542762316443,1.000260353088379,0.000844694091938436
611.2747094435181,1.0027238130569458,0.0008451964240521193
611.2951426549189,1.0000293254852295,0.0008446900174021721
611.3155758660942,1.0008060932159424,0.0008448052103631198
611.3360090770293,0.9984491467475891,0.000844475522171706
611.3564422877389,0.9987256526947021,0.000844398105982691
611.3768754979828,0.999783992767334,0.0008446152205578983
611.397308707994,0.9993188381195068,0.0008445091661997139
611.4177419177649,1.0003564357757568,0.000844632915686816
611.4381751273104,0.9994552731513977,0.0008445428102277219
611.4586083363829,1.0005972385406494,0.000844732450786978
611.4790415452298,0.9993728995323181,0.0008445540443062782
611.499474753844,1.0001089572906494,0.0008446348365396261
611.5199078622245,0.9994066953659058,0.0008445847779512405
611.5403411701336,1.00015127658844,0.0008447928703390062
611.5607743778164,1.0004403591156006,0.0008448297739960253
611.5812076852599,0.9991792440414429,0.0008446996798738837
611.6016407924762,0.9998693466186523,0.000844652415253222
611.6220739992277,1.0001479387283325,0.0008447794243693352
611.6425073057399,1.0001713037490845,0.0008447206928394735
611.6629404120249,1.0024387836456299,0.0008450464229099452
611.6833736180779,1.0011959075927734,0.0008448485168628395
611.7038069236587,1.000265121459961,0.0008447256404906511
611.7242400292453,0.9996702671051025,0.0008447736618109047
611.7446732343669,1.000088095664978,0.000844844151288271
611.7651065390164,0.9994367957115173,0.0008447294821962714
611.7855397436724,1.000380039215088,0.0008448415901511908
611.805972847862,0.999734103679657,0.0008445884450338781
611.826406151813,0.9994826912879944,0.0008446746505796909
611.8468393553048,0.9993894100189209,0.0008446765132248402
611.8672724587959,0.9996486306190491,0.0008446304709650576
611.8877057618156,0.9986437559127808,0.000844603287987411
611.908138964609,0.999882698059082,0.0008446109713986516
611.9285722671702,0.999403715133667,0.0008445599232800305
611.9490053692571,1.0003994703292847,0.0008446892607025802
611.9694385713519,1.0001757144927979,0.0008446297724731266
611.9898718727491,0.9994382262229919,0.0008446830324828625
612.0103049741374,1.000361442565918,0.0008446158026345074
612.0307381753009,1.0002961158752441,0.0008447301224805415
612.0511713759988,1.0004609823226929,0.0008446709252893925
612.0716045764566,0.9999590516090393,0.0008446893189102411
612.0920377766888,1.000093936920166,0.0008445499115623534
612.1124709764554,0.9993265867233276,0.000844608002807945
612.1329041762147,1.0008842945098877,0.0008448020671494305
612.1533373755155,0.9988304376602173,0.0008444039267487824
612.1737705743508,0.999424397945404,0.0008445309358648956
612.1942037731787,0.9997340440750122,0.0008446477586403489
612.2146369715483,1.000917673110962,0.0008448190055787563
612.2350701696851,1.0011985301971436,0.0008448213920928538
612.2555033675817,1.000390648841858,0.0008447847212664783
612.2759365652528,0.9995837807655334,0.0008447160362266004
612.296369862459,1.0002553462982178,0.0008447139407508075
612.3168029594235,0.9985933303833008,0.0008444020641036332
612.337236256164,0.9998322129249573,0.0008445955463685095
612.357669452671,0.9993277192115784,0.000844618072733283
612.3781025487042,0.9996310472488403,0.0008445549174211919
612.3985358445134,1.0019320249557495,0.0008448070148006082
612.418969040089,1.0000851154327393,0.0008447178406640887
612.4394021354237,1.001147747039795,0.0008448475273326039
612.4598354303016,0.9994515180587769,0.0008445166167803109
612.4802686251787,1.0012439489364624,0.000844863592647016
612.5007017195821,0.9999581575393677,0.0008445907151326537
612.5211350135287,0.9989811778068542,0.0008444293052889407
612.5415682074745,1.0001204013824463,0.000844642287120223
612.5620013009466,1.0007941722869873,0.0008446343708783388
612.5824345941946,0.9989761710166931,0.0008444705745205283
612.6028677872091,1.0005751848220825,0.0008447245927527547
612.6233009797506,0.9981323480606079,0.0008442670223303139
612.6437341720666,0.9988080263137817,0.0008444258710369468
612.6641673641498,0.9996466040611267,0.0008446117280982435
612.6846005559928,0.9988337159156799,0.0008446224383078516
612.7050337476103,0.9992228150367737,0.000844486930873245
612.7254669387621,1.0001105070114136,0.0008446031715720892
612.7459002296746,1.0006248950958252,0.000844809808768332
612.76633332036,1.000111699104309,0.0008446922292932868
612.7867665108133,1.000127911567688,0.0008447312284260988
612.8071998007945,1.00001859664917,0.0008447601576335728
612.8276328905486,1.0010902881622314,0.0008449377492070198
612.8480660800706,1.0012762546539307,0.0008448797161690891
612.8684993693532,1.0003360509872437,0.000844714988488704
612.888932458176,0.9998049736022949,0.0008445100393146276
612.9093656467667,1.0013248920440674,0.0008447946747764945
612.929798935118,0.9988126158714294,0.0008445063140243292
612.9502320232423,0.9987377524375916,0.0008444418199360371
612.9706652111345,0.9989070892333984,0.0008444596896879375
612.9910984985545,0.999281108379364,0.0008444892009720206
613.0115315857474,1.0001071691513062,0.0008446401334367692
613.031964772701,1.0011621713638306,0.0008448379812762141
613.052398059197,1.0011658668518066,0.0008447588770650327
613.0728311454586,1.0009362697601318,0.0008448297739960253
613.0932643314882,1.0003942251205444,0.0008446365245617926
613.1136976172784,1.0017186403274536,0.0008447143482044339
613.1341308028423,0.9999128580093384,0.0008445215644314885
613.1545639879332,1.0012736320495605,0.0008447249419987202
613.1954303574312,0.9997969269752502,0.0008446354186162353
613.2158635418236,1.0014828443527222,0.0008448588778264821
613.2362967257577,1.0006680488586426,0.0008447099826298654
613.2567299096918,1.0014129877090454,0.0008447978179901838
613.2771631929209,0.9992318749427795,0.0008444843697361648
613.2975962761557,1.0011943578720093,0.0008445487474091351
613.3180294591584,0.9985089302062988,0.0008444851264357567
613.338462741689,0.9994854927062988,0.0008443000842817128
613.3588958239925,1.001300573348999,0.00084491609595716
613.3793290060639,1.0027174949645996,0.000844967202283442
613.3997622876632,0.9996178150177002,0.0008443791884928942
613.4201953692682,1.0008511543273926,0.0008444989216513932
613.4406285504083,0.9995296597480774,0.0008447022992186248
613.4610617313083,0.999657154083252,0.0008443614933639765
613.4814949117499,0.9995269179344177,0.0008444025879725814
613.5019280921915,1.0002074241638184,0.0008444422273896635
613.5223612721602,1.000917673110962,0.0008446135907433927
613.5427944519033,1.0011810064315796,0.0008446208667010069
613.5632277311815,1.000022292137146,0.0008444788982160389
613.583660810451,1.0002821683883667,0.0008445851854048669
613.6040939892628,1.0002894401550293,0.0008447928121313453
613.6245272678425,0.9990679025650024,0.0008444462437182665
613.6449604461814,1.0021183490753174,0.0008448268054053187
613.6653935242939,1.00007963180542,0.0008445401326753199
613.6858268019423,1.0019580125808716,0.0008446841966360807
613.7062599793499,0.9990102052688599,0.0008442609687335789
613.7266930565311,0.9994998574256897,0.0008442390244454145
613.7471263332482,0.9996613264083862,0.0008443199913017452
613.7675595099572,0.999517023563385,0.0008442224934697151
613.7879925862071,0.9989056587219238,0.0008442624239251018
613.8084258622257,0.998908281326294,0.0008442727266810834
613.8288590380034,1.000003695487976,0.0008443833794444799
613.849292113322,0.9992033243179321,0.0008443781407549977
613.8697253884093,0.9997460246086121,0.0008444494451396167
613.8901585632557,1.0012750625610352,0.0008446495630778372
613.9105916378758,0.999552845954895,0.0008444429840892553
613.9310249122645,0.9995783567428589,0.0008443374536000192
613.9514580861796,0.9996338486671448,0.0008442662074230611
613.9718913598699,1.000248670578003,0.0008446078863926232
613.9923244333258,1.001267671585083,0.0008447370491921902
614.0127576065424,0.9992302656173706,0.0008441674872301519
614.0331908793014,1.0006085634231567,0.0008445450803264976
614.053623951826,1.0003381967544556,0.0008444374543614686
614.0740571241113,0.9995330572128296,0.0008442683611065149
614.0944903961718,1.000454306602478,0.0008445048588328063
614.1149235679914,0.9999489784240723,0.00084455352043733
614.1353566393518,1.0002453327178955,0.0008445054409094155
614.1557898104802,1.0010066032409668,0.0008445137646049261
614.1762229813758,1.0026776790618896,0.0008453327463939786
614.1966561520312,1.0009349584579468,0.0008445855928584933
614.217089422229,1.0009124279022217,0.0008445234852842987
614.2375224921925,0.9999659061431885,0.0008445240091532469
614.2579556619166,1.0005110502243042,0.0008444678969681263
614.278388931416,1.0000826120376587,0.0008444662089459598
614.2988220004481,1.0008330345153809,0.0008445211569778621
614.3192551692409,0.9985643625259399,0.0008443010738119483
614.339688437809,0.9999958276748657,0.0008444457198493183
614.3601215061426,0.9998578429222107,0.0008445276180282235
614.3805547742377,1.0002520084381104,0.0008443671395070851
614.4009879418736,1.0007174015045166,0.0008445269195362926
614.421421009276,1.0016981363296509,0.0008447796571999788
614.4418542764397,1.000802993774414,0.0008444989798590541
614.4622874433771,1.0004163980484009,0.0008444754057563841
614.4827206098416,1.0000145435333252,0.0008443382102996111
614.5031537763134,1.000562310218811,0.0008446836145594716
614.5235869423195,0.9997420310974121,0.0008443904807791114
614.5440201080928,0.9991164207458496,0.0008442596299573779
614.5644532733932,1.0004862546920776,0.0008445033454336226
614.584886438468,1.0008258819580078,0.0008445202838629484
614.6053196035355,1.0002158880233765,0.0008444577688351274
614.6257527679118,1.0007787942886353,0.0008445674902759492
614.6461859322881,0.999603807926178,0.000844273716211319
614.6666190964315,1.0000786781311035,0.0008444451377727091
614.6870523601028,1.0008682012557983,0.00084446941036731
614.707485423547,1.000688910484314,0.000844642985612154
614.7279186867527,1.0005946159362793,0.0008445586427114904
614.7483518494992,0.9979852437973022,0.0008443183614872396
614.7687849122449,1.0000559091567993,0.0008445425773970783
614.7892181745192,0.999858021736145,0.0008444101549685001
614.8096513365672,0.9998098015785217,0.0008443430997431278
614.8300843981488,1.000813603401184,0.0008444894338026643
614.8505176597246,1.0024882555007935,0.0008448924636468291
614.8709507208405,0.9989457130432129,0.0008443527040071785
614.8913838817243,0.9989451766014099,0.0008443991537205875
614.9118171423688,1.0000370740890503,0.0008444393752142787
614.9322502027862,0.9995561242103577,0.0008443655679002404
614.9526833627388,0.9981706142425537,0.000844281108584255
614.9731166224519,1.0012425184249878,0.00084465037798509
614.993549681938,0.9992401003837585,0.0008443527622148395
615.013982841192,0.9997583627700806,0.000844313413836062
615.0344160999739,0.9990074038505554,0.0008442935650236905
615.0548492585294,0.9986779689788818,0.0008443709230050445
615.0752823170842,1.0005559921264648,0.0008446531719528139
615.0957155749347,1.0010418891906738,0.0008446539286524057
615.1161487327918,0.9998776316642761,0.0008445827988907695
615.1365819901839,0.9994894862174988,0.0008442809339612722
615.1570150475673,1.0001243352890015,0.0008446389110758901
615.177448204493,0.9997597336769104,0.0008444228442385793
615.1978814609538,0.999947190284729,0.0008445312269032001
615.2183145174058,1.0006473064422607,0.0008448927546851337
615.2387476734002,1.0003809928894043,0.0008445470011793077
615.2591809291625,0.9999904632568359,0.0008445519488304853
615.2796139846832,1.0011018514633179,0.0008445823914371431
615.3000471399791,0.9997047781944275,0.0008444276754744351
615.3204803948101,0.9985122084617615,0.0008442209800705314
615.3409134493995,0.9993534684181213,0.0008443309343419969
615.3613466037641,0.999964714050293,0.0008445738349109888
615.3817798578966,0.9993060231208801,0.0008444500854238868
615.4022129117875,0.9996728301048279,0.0008443097467534244
615.4226460652208,1.000003695487976,0.0008445351850241423
615.443079318422,0.999406635761261,0.0008445424609817564
615.4635123713815,0.9988824725151062,0.0008443589322268963
615.4839455241163,0.9999649524688721,0.0008444774430245161
615.504378776619,1.002111554145813,0.0008447683649137616
615.524811928648,0.9998482465744019,0.000844532682094723
615.5452450804514,0.9996534585952759,0.0008445310522802174
615.5656782320148,1.000304102897644,0.0008445942075923085
615.586111283119,0.9985005259513855,0.000844152586068958
615.6065445342247,1.00235116481781,0.0008447564323432744
615.626977684864,0.9995664954185486,0.0008444355917163193
615.6474107352624,0.9994359016418457,0.0008444580598734319
615.6678439854368,1.0010308027267456,0.0008447333821095526
615.6882771351375,0.9996002912521362,0.0008444926934316754
615.7087101848447,0.999373733997345,0.0008443059050478041
615.7291434340877,0.9997079968452454,0.0008444612030871212
615.7495765830972,0.9991199970245361,0.0008444181294180453
615.7700096318658,1.002048134803772,0.0008449002052657306
615.7904428801776,0.9982985258102417,0.0008442236576229334
615.8108760282485,0.999610960483551,0.0008444540435448289
615.8313090763259,1.0000438690185547,0.0008445061976090074
615.8517423237063,1.0006282329559326,0.000844568305183202
615.8721754710859,0.9999183416366577,0.0008445616695098579
615.8926086182255,1.0009409189224243,0.0008446081774309278
615.9130417649067,0.9993892908096313,0.0008443184779025614
615.9334749113477,1.001330852508545,0.0008445966523140669
615.953908157564,1.0001804828643799,0.0008445476996712387
615.9743413033138,1.000677466392517,0.000844618771225214
615.9947743490629,0.9998469352722168,0.0008444325649179518
616.0152075943406,1.0001239776611328,0.0008445042185485363
616.035640739392,1.0007249116897583,0.000844704860355705
616.0560737842025,0.9997751712799072,0.0008444346021860838
616.0765070285561,1.0010221004486084,0.000844677968416363
616.096940172909,0.9997883439064026,0.0008442968828603625
616.1173732167954,1.0002851486206055,0.0008444388513453305
616.158239603632,0.9993879199028015,0.0008442748221568763
616.1786726468126,0.9988961815834045,0.0008442089310847223
616.1991058895364,0.9995498657226562,0.0008442336111329496
616.2195390320267,0.9997002482414246,0.0008444050909020007
616.2399720742833,0.9995630383491516,0.000844499678350985
616.2604053163013,1.000298023223877,0.000844554859213531
616.2808383578595,0.9997907280921936,0.0008443193510174751
616.3012714994111,1.001224398612976,0.0008446898427791893
616.3217047405051,0.9990335702896118,0.0008442628313787282
616.3421377811319,0.9999324679374695,0.0008444203995168209
616.362571021753,1.0008947849273682,0.0008443972328677773
616.3830041621477,1.000190258026123,0.0008444471168331802
616.4034373020768,0.9986339807510376,0.0008442597463726997
616.4238704417658,0.9995847344398499,0.0008442918187938631
616.4443035812292,1.0004814863204956,0.0008444989216513932
616.4647367202269,1.0000439882278442,0.0008444685954600573
616.4851698592174,1.0010172128677368,0.0008444117265753448
616.5056029977495,0.9998511672019958,0.0008442333783023059
616.5260361360488,1.0017156600952148,0.0008453340269625187
616.5464693741087,1.0001521110534668,0.0008443252881988883
616.5669024117087,0.9989535212516785,0.0008441067766398191
616.5873355493095,0.9997850656509399,0.0008442200487479568
616.6077687864381,0.9993201494216919,0.0008441729005426168
616.6282018233396,1.0004758834838867,0.0008444080594927073
616.6486349600091,0.9991623759269714,0.0008440488018095493
616.6690681962064,1.0011682510375977,0.0008445237181149423
616.6895012321766,0.999457061290741,0.0008440984529443085
616.7099343681475,1.0017882585525513,0.0008444520644843578
616.7303676034135,1.0007580518722534,0.000844433146994561
616.7508006386852,1.0005521774291992,0.0008443412370979786
616.7712338737256,0.9994076490402222,0.000844141177367419
616.7916670082923,1.0001801252365112,0.0008443030528724194
616.8121001426334,1.0022374391555786,0.0008447383879683912
616.8325332767417,1.001050591468811,0.0008444901322945952
616.85296641061,0.9996911287307739,0.000844122376292944
616.8733995440198,0.9984521269798279,0.0008440108504146338
616.8938326774296,1.0006709098815918,0.0008444843697361648
616.9142658103665,1.0007386207580566,0.0008446351857855916
616.9346988430771,0.9998447895050049,0.0008441783720627427
616.9551320755563,0.9993820786476135,0.0008441784302704036
616.9755652075619,1.0003900527954102,0.0008443488040938973
616.9959982393411,1.0026828050613403,0.0008446092833764851
617.0164314708891,0.9988418221473694,0.0008441040408797562
617.0368646021961,1.000516414642334,0.0008443091646768153
617.0572976332769,0.9984295964241028,0.0008439482189714909
617.0777308641264,0.9998003840446472,0.0008441918762400746
617.0981639945021,0.9989537000656128,0.0008441437385044992
617.1185972246531,1.0010857582092285,0.0008443222031928599
617.1390302545697,0.9974987506866455,0.0008439567172899842
617.1594633842469,1.0001797676086426,0.0008443372789770365
617.1798966134666,1.0012331008911133,0.000844448572024703
617.2003296424518,1.0005351305007935,0.0008443707483820617
617.2207627714306,1.0013259649276733,0.0008445556159131229
617.2411959997189,0.9980491995811462,0.0008439335506409407
617.2616290280057,1.0013704299926758,0.000844404217787087
617.2820621560531,0.9986629486083984,0.0008440446108579636
617.302495383643,0.9998924732208252,0.0008442659163847566
617.3229284109984,0.9997432827949524,0.0008442387916147709
617.3433615381146,1.000435709953308,0.0008443803526461124
617.3637947650059,1.0006517171859741,0.0008451120229437947
617.3842278914235,1.0007176399230957,0.0008444177801720798
617.4046609178477,0.9994483590126038,0.000844235997647047
617.4250941438077,0.9993828535079956,0.0008443063707090914
617.4455272695341,1.0013741254806519,0.0008445308776572347
617.4659602947868,0.9992479681968689,0.0008441261015832424
617.4863935200483,0.9987733960151672,0.0008441885001957417
617.5068266448361,1.0002630949020386,0.000844440539367497
617.5272597693984,0.999289333820343,0.0008441759855486453
617.5476928937278,1.000343680381775,0.0008443493279628456
617.5681259178236,0.9992879629135132,0.0008441688842140138
617.5885591416809,0.9998264312744141,0.0008443682454526424
617.608992265079,1.0006293058395386,0.0008442783146165311
617.6294252882362,0.9994759559631348,0.0008443461847491562
617.6498585111694,0.9995121359825134,0.0008444233681075275
617.670291633869,1.0021659135818481,0.0008447556756436825
617.6907246563351,1.0006296634674072,0.0008444971754215658
617.7111578783297,1.0000004768371582,0.0008444894920103252
617.731591000098,0.9974266886711121,0.0008439585217274725
617.7520241216262,0.9995877742767334,0.0008443079423159361
617.7724572429288,1.0002028942108154,0.0008443887927569449
617.7928903639986,1.002124547958374,0.0008446955471299589
617.8133234845955,1.0020724534988403,0.0008447736036032438
617.8337566049668,0.999319851398468,0.0008443165570497513
617.8541897251052,1.0000661611557007,0.0008443058468401432
617.8746228450036,1.0005184412002563,0.0008445063140243292
617.8950560646772,0.9995420575141907,0.0008443560218438506
617.9154890838836,0.9988852739334106,0.0008442947291769087
617.9359223028514,1.0004123449325562,0.000844453286845237
617.9563554215929,1.0015398263931274,0.0008444937993772328
617.9767884401008,1.000056505203247,0.000844427093397826
617.9972216583701,1.0004395246505737,0.0008445291896350682
618.0176547761803,0.9993292689323425,0.0008441091049462557
618.0380877939897,0.9991275668144226,0.000844135123770684
618.0585210113277,0.9994244575500488,0.0008443270926363766
618.0789541284394,0.9997527003288269,0.0008444038103334606
618.0993871450846,0.9990739226341248,0.0008442553225904703
618.1198203617241,0.999951183795929,0.0008443198166787624
618.1402534779045,0.9995387196540833,0.0008443060796707869
618.1606864938512,1.0001524686813354,0.0008443204569630325
618.1811197095594,0.9985212683677673,0.0008441885584034026
618.2015528250413,1.0014922618865967,0.0008446650463156402
618.2219859402903,0.999133825302124,0.0008441340760327876
618.2424190550664,0.9997889995574951,0.0008442717371508479
618.262852169617,1.0028843879699707,0.0008451509638689458
618.2832852839347,1.0008866786956787,0.0008445809944532812
618.3037183980123,1.0017740726470947,0.0008446871652267873
618.3241515118643,1.0000847578048706,0.0008443178958259523
618.3445846252507,0.9992815256118774,0.0008442048565484583
618.3650177386298,1.0005029439926147,0.0008444234263151884
618.3854508515506,0.9993516206741333,0.0008442659745924175
618.4058840642392,0.9994915723800659,0.0008443398983217776
618.4263170764534,0.9987356066703796,0.000844087393488735
618.4467501886757,0.9990082383155823,0.0008441178360953927
618.4671834004257,1.0002150535583496,0.0008443176629953086
618.4876164119487,0.9997918605804443,0.0008442482212558389
618.5080495232396,1.0001895427703857,0.0008444455452263355
618.5284827342984,0.9997336268424988,0.0008443211554549634
618.5489157448828,1.0001775026321411,0.0008443986298516393
618.5693488554753,1.0017201900482178,0.0008445916464552283
618.5897820655955,0.9980559945106506,0.0008440687670372427
618.6102150754887,0.9998806715011597,0.0008443734841421247
618.6306481851498,1.0020420551300049,0.0008447779109701514
618.6510813945788,0.9990648627281189,0.000844182912260294
618.6715144035334,0.9995529055595398,0.0008442221442237496
618.6919475122631,1.0005030632019043,0.0008443901897408068
618.7123807207536,1.0001487731933594,0.0008444206323474646
618.7328138290177,1.0008898973464966,0.00084452866576612
618.753246937049,1.0003087520599365,0.0008444171980954707
618.7736800446146,1.0005555152893066,0.0008445061394013464
618.7941131521729,1.000932216644287,0.0008444838458672166
618.8145462592729,0.9983339905738831,0.0008442224352620542
618.8349793661328,0.9998500943183899,0.0008443716214969754
618.8554124727671,1.0002535581588745,0.0008442813414148986
618.8758456789365,0.999891459941864,0.0008442327380180359
618.8962786851043,0.9998564720153809,0.0008443276747129858
618.9167117908,0.9994199872016907,0.0008441010140813887
618.9371448962702,1.0003660917282104,0.000844536058139056
618.9575780015002,1.000596284866333,0.0008444534614682198
618.978011006504,0.999723494052887,0.0008443049155175686
618.9984442110435,1.001014232635498,0.0008444105624221265
619.0188773155824,1.0007206201553345,0.000844478199724108
619.0393103196475,1.0011752843856812,0.0008446216816082597
619.0597435234886,0.9998982548713684,0.00084429990965873
619.0801766270888,1.0005561113357544,0.0008444619597867131
619.1006097302306,1.0026243925094604,0.000844760041218251
619.1414759360487,1.0001782178878784,0.00084429990965873
619.1619091384855,0.9990320205688477,0.0008441900135949254
619.1823421406953,1.0000649690628052,0.000844369234982878
619.2027752426657,0.9993447661399841,0.0008440667297691107
619.2232084441785,0.9994794726371765,0.0008440680685453117
619.2436415454576,0.9991323947906494,0.0008441352983936667
619.2640745467361,0.9988886713981628,0.0008440692909061909
619.2845077475431,1.0016295909881592,0.0008445524726994336
619.304940847891,0.9989331364631653,0.0008441220852546394
619.3253738482308,0.9996258020401001,0.000844197697006166
619.3458070481138,0.9996948838233948,0.0008441681275144219
619.366240147996,1.0005589723587036,0.0008443084661848843
619.3866731474118,1.000388264656067,0.0008443217375315726
619.407106346589,1.0009956359863281,0.0008442963589914143
619.427539445307,1.0018324851989746,0.0008446313440799713
619.4479724440171,0.999869704246521,0.000844396825414151
619.4684056422702,0.9990880489349365,0.0008440652745775878
619.4888387405226,0.9987983703613281,0.000844084657728672
619.5092717383086,0.999542236328125,0.0008442102698609233
619.529704935856,1.0004228353500366,0.0008444419945590198
619.5501380329442,1.0006412267684937,0.0008442752878181636
619.570571230026,0.9993297457695007,0.0008441974641755223
619.5910042266478,1.0010305643081665,0.0008444631239399314
619.6114373230375,0.9987354278564453,0.0008441035752184689
619.6318704191872,0.9992808103561401,0.0008442570106126368
619.6523035151113,1.0012376308441162,0.0008446437423117459
619.6727366108025,1.0009305477142334,0.0008445046842098236
619.6931697060209,0.9987090229988098,0.0008442167309112847
619.7136028010136,0.9997450709342957,0.0008443224942311645
619.7340358957736,0.9994797706604004,0.0008442688267678022
619.7544689902934,0.9997730851173401,0.0008443615515716374
619.7749020845877,1.0010732412338257,0.0008444751729257405
619.7953351786491,1.0000367164611816,0.0008443208644166589
619.8157683722384,0.9986490607261658,0.0008440988603979349
619.8362013656006,0.9987671375274658,0.0008440944366157055
619.8566344587307,1.0009849071502686,0.0008445445564575493
619.8770676516215,0.9986108541488647,0.0008440347155556083
619.8975006442852,1.0001444816589355,0.0008442451944574714
619.9179337367168,0.9988069534301758,0.0008441380341537297
619.9383669286763,1.0009897947311401,0.0008443615515716374
619.9587999204086,0.9991069436073303,0.0008440404781140387
619.9792331119097,0.9994292259216309,0.0008442805847153068
619.9996662031699,0.9990196824073792,0.0008443008991889656
620.0200991942038,1.0000228881835938,0.0008442872203886509
620.0405323847663,1.0020979642868042,0.0008446814026683569
620.0609654753353,1.0013349056243896,0.0008446161518804729
620.0813985654386,1.0003252029418945,0.0008444106206297874
620.1018316553091,0.999435305595398,0.0008442274993285537
620.1222647449395,1.000164270401001,0.0008444780833087862
620.1426978341115,1.0011062622070312,0.0008445470593869686
620.1631309232762,0.9988690614700317,0.0008440988603979349
620.1835640119825,0.9995675683021545,0.000844284484628588
620.203997100456,0.9985949993133545,0.0008441188256256282
620.2244301886967,1.0017277002334595,0.0008445336134172976
620.2448632766973,0.9994243383407593,0.0008442084072157741
620.2652963644723,1.0009275674819946,0.0008445278508588672
620.2857294517744,0.9991292953491211,0.0008441905374638736
620.3061625388509,1.0005227327346802,0.0008444020058959723
620.3265956256946,1.0005749464035034,0.0008444138220511377
620.3470287123055,0.9995282292366028,0.0008441656245850027
620.3674617986762,1.000763177871704,0.0008444240083917975
620.3878949848222,1.0008996725082397,0.0008444866980426013
620.4083279704937,0.9985827207565308,0.00084410619456321
620.4287610561732,0.999539852142334,0.0008442249381914735
620.4491942413879,1.0007548332214355,0.0008443305850960314
620.4696272263682,0.999118447303772,0.0008441444369964302
620.4900603108763,0.9993798136711121,0.0008443027618341148
620.5104934953924,0.9982816576957703,0.0008440758683718741
620.5309264794341,1.0005336999893188,0.0008443928090855479
620.5513595634839,0.9994415044784546,0.0008442446705885231
620.5717927470687,1.0001176595687866,0.0008441864629276097
620.5922257304192,0.9997760653495789,0.0008442879770882428
620.6126588135303,0.9985385537147522,0.0008441029349341989
620.6330919961838,0.9998190402984619,0.0008441239478997886
620.6535250788293,1.000606656074524,0.0008444108534604311
620.6739580610156,0.9999908208847046,0.0008442822145298123
620.6943912429706,0.9995403289794922,0.0008441851823590696
620.7148243246847,0.9995662569999695,0.0008441354730166495
620.7352573061726,0.9994486570358276,0.0008442496764473617
620.7556904874291,0.9996262192726135,0.0008442854741588235
620.7761235682119,1.0005964040756226,0.0008443197584711015
620.79655674877,1.0001200437545776,0.0008443013648502529
620.8169897293265,1.000930905342102,0.0008444550912827253
620.8374228094108,0.9994534850120544,0.0008442206308245659
620.8578559890375,1.000651240348816,0.0008443893166258931
620.8782889686627,1.0018843412399292,0.000844560272525996
620.8987220480485,0.9995376467704773,0.0008441758109256625
620.9191552269767,1.0005640983581543,0.0008443257538601756
620.9395882056706,0.999696671962738,0.000844198337290436
620.9600212841251,1.000524640083313,0.0008443536353297532
620.9804544623548,0.9996341466903687,0.000844184251036495
621.0008874403502,1.0000017881393433,0.0008443320984952152
621.0213205178734,1.000056505203247,0.0008442043326795101
621.0417535954039,1.0000991821289062,0.0008442665566690266
621.0621866724687,0.999366819858551,0.0008443024707958102
621.0826197492934,0.9984647631645203,0.0008439933299086988
621.1030528258925,1.000000238418579,0.0008442990947514772
621.123485902026,0.9987376928329468,0.0008440803503617644
621.1439189781522,0.9994193911552429,0.0008442584658041596
621.1643521538208,1.0008130073547363,0.0008444334380328655
621.1847851294879,0.9995203018188477,0.0008441536338068545
621.2052183046835,1.000019907951355,0.0008443318074569106
621.2256513796528,0.9986239075660706,0.0008440488018095493
621.2460843541558,1.0008280277252197,0.000844399502966553
621.2665175286529,0.9988425970077515,0.0008441153331659734
621.2869506026909,1.0002659559249878,0.000844355789013207
621.3073835767282,1.0006357431411743,0.0008443815167993307
621.327816750294,1.000980257987976,0.0008444967679679394
621.3482498236335,1.000846266746521,0.0008443614933639765
621.3686827967394,1.0014582872390747,0.0008446255815215409
621.389115969374,1.0010998249053955,0.0008443332044407725
621.409549042015,0.9992891550064087,0.0008442404796369374
621.4299820141896,1.000259280204773,0.0008442860562354326
621.4504151861256,0.998171865940094,0.0008440627134405077
621.4708482578353,0.9989205002784729,0.0008440512465313077
621.4912813293122,1.0016157627105713,0.0008446411811746657
621.511714400549,0.9987438321113586,0.0008440972305834293
621.5321474715602,0.9994868636131287,0.0008442606776952744
621.5525805421057,0.999729335308075,0.0008441832615062594
621.5730137124119,0.9988886117935181,0.000844141177367419
621.593446682491,1.000077247619629,0.0008443170227110386
621.6138798523316,0.9998868703842163,0.0008443458937108517
621.6343129219458,0.9997180104255676,0.0008442642283625901
621.6547458913265,1.0005807876586914,0.0008443370461463928
621.675179060243,0.9994377493858337,0.000844283087644726
621.6956120291507,1.0010366439819336,0.0008444779086858034
621.7160450976007,0.9990355968475342,0.0008441475220024586
621.7364782658115,0.9998060464859009,0.0008443238330073655
621.7569112337951,0.9998733401298523,0.000844373251311481
621.7773443013139,1.00055730342865,0.0008444269769825041
621.7977774688334,1.0012335777282715,0.0008445027633570135
621.8182104358784,0.9995213747024536,0.0008442535763606429
621.8386435029315,0.9991427063941956,0.0008441604441031814
621.8590766695124,1.0017951726913452,0.0008445397834293544
621.8795096358663,1.0002299547195435,0.0008443594560958445
621.899942701988,0.9995526075363159,0.0008442132966592908
621.9203758676449,1.000115990638733,0.000844264985062182
621.940808833293,0.999569296836853,0.0008442154503427446
621.9612418984834,0.9992585182189941,0.000844181515276432
621.9816750634345,1.0000139474868774,0.000844279769808054
622.0021081281593,0.9995486736297607,0.000844362482894212
622.0225411926513,1.000929355621338,0.0008448357111774385
622.0429742569104,0.9994980096817017,0.0008443755796179175
622.0634073209294,1.000319480895996,0.000844410271383822
622.08384038449,1.0001728534698486,0.0008443996193818748
622.1247065111384,0.9995561242103577,0.0008443052647635341
622.1451396740013,0.9990725517272949,0.00084423937369138
622.1655726363897,1.0004581212997437,0.0008444444392807782
622.1860056987862,0.9993493556976318,0.0008442220860160887
622.2064388609506,0.9991050362586975,0.000844223250169307
622.2268718226405,0.9997226595878601,0.0008443150436505675
622.2473048841057,1.0008071660995483,0.000844506430439651
622.2677380455716,1.0006440877914429,0.0008444394916296005
622.2881710063302,0.9999592900276184,0.0008443977567367256
622.3086040670969,0.9991113543510437,0.0008441918762400746
622.3290371276307,1.0011266469955444,0.0008443770348094404
622.3494701876916,0.9983941316604614,0.0008439838420599699
622.3699033477606,0.9996457099914551,0.0008441826212219894
622.3903363073623,1.0001435279846191,0.0008442341350018978
622.4107693667247,0.999653160572052,0.0008440969977527857
622.4312025258623,1.0000711679458618,0.0008442083490081131
622.4516354847656,1.0003443956375122,0.0008442347752861679
622.4720685434295,1.0003762245178223,0.0008442543330602348
622.4925017016358,0.9998505711555481,0.0008441893733106554
622.5129347598413,1.000396490097046,0.0008442632970400155
622.5333677175731,0.999603271484375,0.0008441807003691792
622.5538008750809,1.0008625984191895,0.000844384718220681
622.5742339323551,0.9991499185562134,0.0008440401288680732
622.5946668893885,0.9995942115783691,0.0008441454847343266
622.6151000459649,1.000325322151184,0.0008442932739853859
622.6355331025406,1.000111699104309,0.0008441814570687711
622.6559660586427,1.0000547170639038,0.0008441323298029602
622.6763992145206,1.0005459785461426,0.0008442356484010816
622.696832270165,0.9986070990562439,0.0008439391967840493
622.7172652255686,0.9997839331626892,0.0008440891397185624
622.737698380748,1.0004669427871704,0.000844169466290623
622.7581314356939,0.9999505281448364,0.0008441624813713133
622.7785645901677,1.00050687789917,0.0008441662648692727
622.7989975446471,1.0005468130111694,0.0008442586986348033
622.8194305986617,1.0008312463760376,0.0008442585822194815
622.8398637524369,0.9981827139854431,0.0008439035736955702
622.8602967059851,0.9999934434890747,0.0008440828532911837
622.8807297593012,0.9994530081748962,0.0008440319215878844
622.9011629121451,1.0002087354660034,0.0008441550307907164
622.9215958649947,0.9992179870605469,0.0008439576486125588
622.9420289173795,0.9989809393882751,0.0008439777884632349
622.9624620695249,1.0008174180984497,0.0008442450780421495
622.9828951216768,0.9996917247772217,0.000844016729388386
623.0033280733624,1.0007965564727783,0.0008442491525784135
623.0237612245764,1.0014041662216187,0.000844437803607434
623.044194275797,0.9999022483825684,0.0008441045065410435
623.0646272267841,1.0002533197402954,0.0008442164398729801
623.0850603772997,0.9996542930603027,0.0008442153339274228
623.1054933275882,0.9990447163581848,0.0008440318633802235
623.1259263776446,0.9995718002319336,0.0008440931560471654
623.1463595274618,1.0010446310043335,0.0008447168511338532
623.1667924770518,0.9999996423721313,0.0008441610843874514
623.1872256264032,0.9986016154289246,0.0008439562516286969
623.2076586755284,1.0001147985458374,0.0008442309917882085
623.2280916241871,0.9991783499717712,0.0008440577075816691
623.2485247726145,1.0013837814331055,0.0008443518308922648
623.268957820801,0.9985249042510986,0.0008438497316092253
623.289390768994,0.9997698664665222,0.0008441607351414859
623.3098239164829,0.9990106821060181,0.0008440071833319962
623.3302569639782,0.9994887709617615,0.0008439892553724349
623.3506900112407,0.999910295009613,0.0008441790123470128
623.3711230580375,1.000427007675171,0.0008441951940767467
623.391556104827,1.0003877878189087,0.00084423873340711
623.4119891511582,0.9995594024658203,0.0008440891979262233
623.4324221972493,0.9989984631538391,0.0008439519442617893
623.4528552431148,0.9999449849128723,0.0008442055550403893
623.4732882887474,0.999793291091919,0.0008440705132670701
623.4937214341408,0.9992669224739075,0.0008440362871624529
623.5141543790742,0.999182939529419,0.0008440118399448693
623.5345874237755,1.0004029273986816,0.0008441715035587549
623.5550205684704,0.9990760684013367,0.0008440507808700204
623.5754535127053,0.9987580180168152,0.0008438382064923644
623.5958866567089,1.0002542734146118,0.0008441563113592565
623.6163197004716,1.000679612159729,0.000844244088511914
623.6367526440081,0.9991635084152222,0.0008439234225079417
623.6571857870804,1.0000255107879639,0.0008441266254521906
623.6776188301446,1.0005165338516235,0.0008440717938356102
623.6980517727497,0.9990515112876892,0.0008439361117780209
623.7184849151236,0.9988531470298767,0.0008439174271188676
623.738917857263,0.9992654323577881,0.0008439634693786502
623.7593508991631,0.99992436170578,0.0008439719094894826
623.7797840408384,0.9985994696617126,0.0008438562508672476
623.8002169822721,0.9981927275657654,0.000843818299472332
623.820650023481,0.9991544485092163,0.0008439584053121507
623.841083164225,0.9999819397926331,0.0008440932142548263
623.8615162047281,1.0009324550628662,0.000844244088511914
623.8819491452377,0.9998884797096252,0.0008440366946160793
623.9023822852832,0.9994012117385864,0.0008439659141004086
623.9228153250879,0.9985565543174744,0.0008438304648734629
623.9432482644334,0.9997075200080872,0.0008438939694315195
623.9636814037804,0.9982914924621582,0.0008437322685495019
623.9841144428865,0.9991761445999146,0.0008438663790002465
624.004547581535,0.9984182715415955,0.0008437116048298776
624.0249805199492,1.0016037225723267,0.0008443216211162508
624.0454135583568,0.9992284774780273,0.0008439217344857752
624.0658466963068,1.0009021759033203,0.0008441482787020504
624.0862796340225,1.0006463527679443,0.0008441520039923489
624.106712671266,1.0008749961853027,0.0008440804667770863
624.1271458085175,1.0009585618972778,0.000844092108309269
624.1475787455347,1.0006674528121948,0.0008439887315034866
624.1680117820797,0.999901533126831,0.0008438840159215033
624.1884449183999,0.9995236992835999,0.000843958870973438
624.2088778544858,1.000573754310608,0.0008439930970780551
624.2293108905651,1.0001776218414307,0.0008439458906650543
624.249744025954,0.9987503290176392,0.0008437544456683099
624.2701769613413,1.000611662864685,0.0008439624216407537
624.2906099964894,0.998561441898346,0.0008436792413704097
624.3110431311798,1.0002354383468628,0.0008440057863481343
624.3314761658694,1.0005359649658203,0.0008439558441750705
624.3519091000853,1.0005087852478027,0.0008440206293016672
624.3723422340772,0.9983755946159363,0.0008436457137577236
624.3927752678355,0.9992295503616333,0.0008437795331701636
624.4132083013537,1.0002660751342773,0.0008438826189376414
624.4336413346464,0.999163031578064,0.0008437486249022186
624.4540743677062,0.9994056224822998,0.000843904388602823
624.4745074002931,1.000056505203247,0.0008439625380560756
624.4949404328872,0.9993325471878052,0.0008437423966825008
624.515373365015,1.0002212524414062,0.0008439893717877567
624.5358064969041,1.0008994340896606,0.0008440021774731576
624.556239528567,0.9988532066345215,0.0008437985670752823
624.5766724599962,0.9991310834884644,0.0008438177173957229
624.5971055911868,0.9999889135360718,0.0008437845972366631
624.6175386221512,0.9993916153907776,0.0008438244694843888
624.6379715526491,0.9981300234794617,0.0008435241761617362
624.6584046831413,0.9988340735435486,0.0008436563657596707
624.6788377131743,1.000517725944519,0.0008438010700047016
624.6992707432073,0.999225378036499,0.00084380415501073
624.7197037727674,1.0013011693954468,0.0008440096862614155
624.7401368021019,1.0004258155822754,0.0008439222583547235
624.7605699311971,0.9984388947486877,0.0008435520576313138
624.7810028598324,0.9991674423217773,0.0008436375064775348
624.8014358884684,1.000749111175537,0.0008440096280537546
624.8218690166323,0.9989277124404907,0.0008435697527602315
624.8423020448026,1.0004501342773438,0.0008439344237558544
624.8627349725066,0.9983278512954712,0.0008435521158389747
624.883168099972,1.0001511573791504,0.0008438643999397755
624.903601127211,1.000006914138794,0.0008437787182629108
624.9240340542165,0.999101459980011,0.0008435564232058823
624.9444671809833,1.0001457929611206,0.0008437975775450468
624.9649002075239,0.9997804164886475,0.0008437405922450125
624.985333133598,1.0001323223114014,0.000843872141558677
625.0057662596664,0.9995248317718506,0.0008437291835434735
625.0261992852757,1.0007603168487549,0.0008439910016022623
625.0466322108841,1.0004708766937256,0.0008438710938207805
625.0670653360212,0.9996339678764343,0.0008437247597612441
625.1079312856091,0.9989736676216125,0.0008435946074314415
625.1283644098148,1.001106858253479,0.0008440270903520286
625.1487973340263,0.9996422529220581,0.0008435605559498072
625.1692304580065,1.0000758171081543,0.0008438388467766345
625.189663481513,0.9996123313903809,0.0008437147480435669
625.2100964047931,1.0008550882339478,0.0008438999648205936
625.2305295280748,1.0004140138626099,0.0008437993819825351
625.2509625508828,0.9975013732910156,0.0008434497285634279
625.2713955734653,0.9997406005859375,0.0008436547359451652
625.2918285958149,0.9998800158500671,0.0008437451324425638
625.3122616176915,0.9986706972122192,0.0008434562478214502
625.3326946395755,0.9983030557632446,0.0008434726041741669
625.3531276612266,0.9992422461509705,0.0008436024654656649
625.3735606824048,0.9998024702072144,0.0008436836651526392
625.3939937033574,0.9987666606903076,0.0008435234194621444
625.414426824078,1.0001239776611328,0.0008437092765234411
625.4348597447897,0.9996873736381531,0.0008436515927314758
625.4552927650439,0.9992231726646423,0.000843766494654119
625.4757258848331,1.0001440048217773,0.0008435479830950499
625.4961588046135,1.001362919807434,0.0008438887307420373
625.5165918241692,0.9988947510719299,0.0008435056661255658
625.5370249432599,1.0019419193267822,0.0008438547956757247
625.5574578623418,1.0008882284164429,0.0008438411168754101
625.5778909809669,1.0010896921157837,0.000843696529045701
625.5983239993584,1.0008870363235474,0.0008436850621365011
625.6187569177418,0.9997455477714539,0.0008435019990429282
625.6391900356684,0.9988122582435608,0.0008434320916421711
625.6596230533614,1.0004533529281616,0.0008435337222181261
625.6800560705815,0.9997764825820923,0.0008435759809799492
625.7004890878088,1.0000470876693726,0.000843601010274142
625.7209221048033,0.9994603991508484,0.000843471847474575
625.7413551213249,0.9987255930900574,0.00084344093920663
625.7617881376209,1.0003806352615356,0.0008436348871327937
625.7822211539169,1.0001294612884521,0.0008436787175014615
625.8026540697392,0.9991453886032104,0.0008435358759015799
625.8230871853375,1.0013724565505981,0.0008437392534688115
625.8435202007022,0.9997929930686951,0.0008435589843429625
625.863953115826,0.9989808201789856,0.000843276095110923
625.884386230493,0.999341607093811,0.0008434168412350118
625.9048192451592,1.0008292198181152,0.0008437057258561254
625.9252521595845,1.0001676082611084,0.0008435100899077952
625.945685273553,0.9985888004302979,0.0008433273178525269
625.9661182872878,1.0004616975784302,0.0008433566545136273
625.9865514010162,0.9989228844642639,0.0008433696930296719
626.0069843142846,1.000281572341919,0.0008435056661255658
626.027417327321,0.9997838735580444,0.000843279529362917
626.047850440118,1.0039360523223877,0.0008454140624962747
626.0682833524552,1.0004042387008667,0.000843502813950181
626.0887163647931,0.9987471699714661,0.000843434187117964
626.1091494768916,0.9977641701698303,0.0008431788883171976
626.1295823885303,0.9992998242378235,0.0008432869799435139
626.1500154001697,1.0001304149627686,0.0008435653289780021
626.1704485113369,0.9997432827949524,0.0008433698676526546
626.190881422277,0.9978191256523132,0.0008431296446360648
626.2113144329851,1.0003647804260254,0.000843484653159976
626.2317475434538,0.999557614326477,0.00084350147517398
626.2521805536962,0.9991781115531921,0.0008433980401605368
626.272613463705,0.9997435212135315,0.0008434460032731295
626.2930465732425,1.0009599924087524,0.0008437735377810895
626.3134795827864,1.0000935792922974,0.0008435688214376569
626.333912692091,1.0001094341278076,0.0008433803450316191
626.3543456009356,0.9994165301322937,0.0008435062482021749
626.3747786095482,0.9994428753852844,0.0008434011833742261
626.3952117179215,0.9994620680809021,0.0008433081093244255
626.4156446263005,0.9992591142654419,0.0008434132905676961
626.4360776342146,1.0011780261993408,0.0008436277275905013
626.4565106416558,0.9992838501930237,0.0008432876202277839
626.4769436491042,0.9983354210853577,0.0008431581663899124
626.4973766563198,0.9992001056671143,0.000843360205180943
626.5178096633026,0.9995395541191101,0.0008433828479610384
626.5382426698125,1.000276803970337,0.0008434338378719985
626.5586755763288,0.9998849630355835,0.0008432780741713941
626.5791086823738,0.9999068975448608,0.0008432749891653657
626.5995416881924,0.9995312094688416,0.0008435792406089604
626.6199746937782,1.0011495351791382,0.000843693211209029
626.6404076991312,1.000422477722168,0.0008432772010564804
626.660840704244,0.9988982081413269,0.0008430363959632814
626.6812737091313,0.9989762306213379,0.0008431908208876848
626.7017067137785,1.0001411437988281,0.0008433738839812577
626.7221397179674,0.9995022416114807,0.0008432551403529942
626.742572822157,0.9992132782936096,0.0008433016482740641
626.7630058258728,0.9996581673622131,0.0008432516478933394
626.7834387295952,1.0003163814544678,0.0008432012400589883
626.8038718328535,0.9995650053024292,0.0008433529874309897
626.8243048358709,0.9990964531898499,0.0008432265603914857
626.8447377386619,0.9998915791511536,0.0008432312170043588
626.8651708412217,0.9985705018043518,0.0008430015877820551
626.8856038435406,0.9999867081642151,0.0008433926850557327
626.9060367456332,0.9998552799224854,0.0008431640453636646
626.9264698474944,1.0005091428756714,0.0008432719623669982
626.946902848882,1.0002363920211792,0.0008431919850409031
626.9673357502761,1.000054121017456,0.0008432789472863078
626.987768851206,0.999729335308075,0.0008430639863945544
627.008201852128,0.9991937279701233,0.0008430081070400774
627.0286347525907,0.998878538608551,0.0008430560119450092
627.0490678528222,0.9997158646583557,0.0008432329632341862
627.0695008528128,1.0003602504730225,0.000843290239572525
627.0899338525778,1.0002166032791138,0.0008432627655565739
627.11036685211,1.0004515647888184,0.0008432118338532746
627.1307998514021,0.9983821511268616,0.0008430510642938316
627.1512328504687,0.9991293549537659,0.0008432096219621599
627.1716658490695,0.9982932209968567,0.000842880574055016
627.1920988476631,1.0011107921600342,0.0008432418690063059
627.2125318457984,1.000022292137146,0.0008432233007624745
627.2329648439336,0.9993560314178467,0.0008429663139395416
627.2533978415959,1.0003056526184082,0.0008432125323452055
627.2738309390334,1.0020742416381836,0.0008435983909294009
627.2942638364693,1.0001550912857056,0.0008430636371485889
627.3146968334331,1.0026780366897583,0.000843590300064534
627.3351299299393,1.0003817081451416,0.000843279529362917
627.3555628264439,0.9987209439277649,0.0008429676527157426
627.3759958227092,1.0003445148468018,0.0008430518792010844
627.3964289187497,1.0006273984909058,0.0008431855239905417
627.416861814323,0.9994860291481018,0.0008429971639998257
627.4372948098899,0.9996224641799927,0.0008429863373748958
627.457727904999,0.9997223019599915,0.0008430190500803292
627.4781608001067,1.0006169080734253,0.0008432912291027606
627.4985937947422,1.0010673999786377,0.0008432816248387098
627.5190268891529,0.9994461536407471,0.0008429434383288026
627.5394597833292,1.0002089738845825,0.0008431946625933051
627.559892877267,1.0002834796905518,0.000843198737129569
627.5803258709784,1.0010654926300049,0.0008432580507360399
627.600758864457,1.001214623451233,0.0008432636968791485
627.6211918576955,1.0007879734039307,0.000843091809656471
627.6416248504756,0.9998692274093628,0.0008430650341324508
627.6620578432485,0.9999659061431885,0.0008431306341663003
627.6824908357958,1.0002272129058838,0.0008430291782133281
627.7029238278774,1.0004618167877197,0.0008433106122538447
627.7233568197262,0.9992411732673645,0.0008429315639659762
627.7437899115685,1.0014032125473022,0.0008433230104856193
627.7642228029508,1.0016813278198242,0.000843962247017771
627.7846557940939,1.0008596181869507,0.0008431487949565053
627.8050888850121,0.9997615814208984,0.0008430787129327655
627.825521775696,1.0015616416931152,0.0008433453622274101
627.845954666147,0.9984822869300842,0.0008427179418504238
627.8663877563595,0.9989911317825317,0.0008428631699644029
627.8868207461128,1.001589059829712,0.0008433247567154467
627.9072538358596,0.9986271262168884,0.0008428510627709329
627.9276867251465,1.000059723854065,0.0008431053138338029
627.9481197144341,0.9985074996948242,0.0008427905850112438
627.9685528032496,1.0002288818359375,0.0008430093876086175
627.9889856920709,1.001177430152893,0.0008432205067947507
628.0094186804272,0.9990105628967285,0.0008429363952018321
628.0298517685442,0.9991255402565002,0.0008429530425928533
628.0502846564341,1.000551462173462,0.0008431995520368218
628.0911507315104,0.9997097253799438,0.000843001005705446
628.1115837187026,0.9999290108680725,0.0008431017049588263
628.1320166056612,0.9998195171356201,0.0008429256267845631
628.1524496921484,1.0005862712860107,0.0008432107279077172
628.172882678642,1.0002448558807373,0.0008431142196059227
628.1933155649022,0.9997595548629761,0.0008429422741755843
628.2137486506908,1.0008021593093872,0.0008431465248577297
628.2341816362532,1.0007346868515015,0.0008431063615716994
628.2546145218148,1.0010886192321777,0.000843385758344084
628.275047606905,1.0004125833511353,0.0008431269670836627
628.2954805917689,0.9998915195465088,0.0008429224253632128
628.3159136764007,0.9991716146469116,0.000842869165353477
628.3363465607908,1.0006824731826782,0.0008430494926869869
628.3567795449562,0.9991717338562012,0.0008429444278590381
628.3772126288895,1.0015674829483032,0.0008432807517237961
628.3976455125812,1.0009757280349731,0.0008432834874838591
628.4180784960481,1.0008177757263184,0.0008431862806901336
628.4385115790501,0.9994479417800903,0.0008430741145275533
628.4589444620433,1.0011242628097534,0.0008431033929809928
628.4793774448117,1.0013518333435059,0.0008429975132457912
628.4998104271144,0.9981878399848938,0.0008427348802797496
628.520243409177,0.9973398447036743,0.0008426104323007166
628.540676391247,0.9991490840911865,0.0008427855791524053
628.5611093728512,0.9999932646751404,0.0008429745212197304
628.5815423542153,1.0001624822616577,0.0008429222507402301
628.6019753353539,1.0011835098266602,0.0008432219037786126
628.6224084162604,0.9984712600708008,0.0008428522269241512
628.6428412969253,1.001897931098938,0.0008432764443568885
628.6632742773654,1.0007224082946777,0.0008436007192358375
628.6837073575734,0.9987621903419495,0.0008428230648860335
628.7041402375398,0.9999278783798218,0.0008429836016148329
628.7245733170494,0.9989121556282043,0.0008426597923971713
628.7450062965581,0.9996178150177002,0.0008429836016148329
628.765439175826,0.9998806118965149,0.0008428702130913734
628.7858722546371,0.9995411038398743,0.0008427659631706774
628.8063052332145,1.0000776052474976,0.0008429089211858809
628.8267381117839,1.0006047487258911,0.000842945883050561
628.8471711898965,1.0023914575576782,0.0008433085749857128
628.8676041677754,0.999882161617279,0.000842934416141361
628.8880370454135,0.9989495873451233,0.0008427461143583059
628.9084701230604,0.9980016946792603,0.0008426652639172971
628.9289031002409,1.0000227689743042,0.000842795823700726
628.9493360769484,0.999640166759491,0.0008428799919784069
628.9697690536632,0.999862551689148,0.0008429984445683658
628.9902020301452,1.000291109085083,0.0008431169553659856
629.010635006387,1.0010662078857422,0.0008430916932411492
629.0310679824033,0.9984903335571289,0.0008428369183093309
629.051500957954,0.9999257326126099,0.0008429918088950217
629.0719340334981,1.0005106925964355,0.0008427644497714937
629.0923670085831,1.0000146627426147,0.0008430444868281484
629.11279988366,0.9998577237129211,0.0008429917506873608
629.1332329582801,1.0002588033676147,0.0008429146255366504
629.1536659328995,0.9985544681549072,0.0008425273699685931
629.1740988070524,0.9991471171379089,0.0008429423905909061
629.1945318809667,0.9992822408676147,0.000842737325001508
629.2149648546547,1.0007588863372803,0.0008431212045252323
629.2353977281018,0.9992699027061462,0.0008428524015471339
629.2558308013249,0.9986994862556458,0.0008427724824286997
629.2966966470703,1.0000048875808716,0.0008429258014075458
