time,flux,flux_err
120.52976333106926,0.9998297691345215,0.0002891226322390139
120.5304444566791,1.0001749992370605,0.00029008352430537343
120.53112568228971,0.9999312162399292,0.0002910977345891297
120.53180680778314,0.9997780919075012,0.00029219730640761554
120.53248803340102,0.9992629885673523,0.0002933222276624292
120.53316915901087,1.0001087188720703,0.0002945723244920373
120.5338502845043,0.9995737075805664,0.0002957344986498356
120.53453131011338,1.0001753568649292,0.0002969627676066011
120.53521253560757,0.9997435212135315,0.00029809586703777313
120.53589366122469,1.0002213716506958,0.00029925763374194503
120.5365748868353,0.9996315240859985,0.00030029029585421085
120.53725601232873,0.9999455213546753,0.00030132720712572336
120.53793713793857,0.999847412109375,0.00030226868693716824
120.53861836343276,0.9999886155128479,0.00030314241303130984
120.5392994890426,0.9998562932014465,0.0003039235598407686
120.53998071466049,0.9999709129333496,0.0003046307247132063
120.54066174015315,1.0001837015151978,0.0003052600659430027
120.541342865763,0.99984210729599,0.0003057487774640322
120.54202399125643,1.0002957582473755,0.00030620713368989527
120.54270521686703,0.9996627569198608,0.0003064893826376647
120.54338634248415,0.999926745891571,0.00030673446599394083
120.54406746797758,0.9999488592147827,0.0003068700316362083
120.54474869358819,0.999507486820221,0.0003068784426432103
120.54542981919803,0.999702513217926,0.00030684025841765106
120.5461108446907,1.0004045963287354,0.0003067457291763276
120.54679207030858,1.0004810094833374,0.00030651775887236
120.54747319580201,1.0004664659500122,0.0003062003816012293
120.54815432141186,1.0001020431518555,0.0003057704889215529
120.5488354470217,0.9998748898506165,0.00030527557828463614
120.54951667251589,1.0001250505447388,0.00030473858350887895
120.55019779812574,1.0002886056900024,0.0003041227755602449
120.55087892374286,1.00028657913208,0.0003034269029740244
120.55156004923629,1.000565528869629,0.00030269031412899494
120.55224117484613,1.0005780458450317,0.00030187354423105717
120.55292230033956,1.0004457235336304,0.0003010176296811551
120.55360352595017,0.9999127984046936,0.00030003723804838955
120.55428465156729,1.0003832578659058,0.0002991133078467101
120.55496577706072,1.000537395477295,0.00029811635613441467
120.55564700267132,1.000160813331604,0.00029705281485803425
120.55632812816475,1.0005314350128174,0.00029601447749882936
120.55700915377383,1.0000375509262085,0.00029488568543456495
120.55769027939095,1.0002436637878418,0.0002937845711130649
120.55837150488514,0.9995790123939514,0.00029261328745633364
120.55905263049499,1.00041663646698,0.0002915334771387279
120.55973375598842,1.0006505250930786,0.00029040384106338024
120.56041498159902,1.0002511739730835,0.00028922755154781044
120.56109610721614,1.0001220703125,0.0002880705869756639
120.56177733271034,1.0004537105560303,0.0002869567251764238
120.56245835831942,1.000112533569336,0.0002858031657524407
120.56313948381285,1.0005775690078735,0.0002847228606697172
120.56382060942269,1.000577688217163,0.00028362590819597244
120.56450183491688,1.0000462532043457,0.00028251123148947954
120.565182960534,0.9998742938041687,0.00028144390671513975
120.56586418614461,1.0000057220458984,0.0002804379619192332
120.56654531163804,0.9998869299888611,0.0002794381871353835
120.56722643724788,0.9998886585235596,0.00027848462923429906
120.56790746274783,1.0001881122589111,0.00027758863870985806
120.56858868835843,1.0003571510314941,0.00027672876603901386
120.56926981396828,1.0000765323638916,0.0002758709597401321
120.56995103946247,1.0002644062042236,0.00027510334621183574
120.57063216507231,1.0003604888916016,0.00027437147218734026
120.57131329056574,1.0000959634780884,0.0002736625028774142
120.57199451617635,1.0001755952835083,0.0002730350533965975
120.57267564167705,1.0003166198730469,0.0002724672667682171
120.57335666728613,1.0002241134643555,0.00027193507412448525
120.57403779289598,0.9997833967208862,0.0002714387665037066
120.57471901839017,0.9999848008155823,0.0002710513072088361
120.57540014400729,0.9999372363090515,0.00027071681688539684
120.57608126950072,0.9999600648880005,0.00027044827584177256
120.57676249511132,0.9994201064109802,0.000270209857262671
120.57744362072117,1.0003732442855835,0.0002701643679756671
120.5781247462146,1.0000261068344116,0.0002700897166505456
120.57880587182444,0.999653697013855,0.0002700944896787405
120.57948699732515,1.000243902206421,0.000270266697043553
120.58016812293499,1.0002139806747437,0.00027047423645853996
120.58084934842918,1.0000771284103394,0.000270762771833688
120.58153047403903,0.9995729923248291,0.0002711271808948368
120.58221159953246,1.000287413597107,0.00027167584630660713
120.58289282515034,1.0002244710922241,0.0002722479111980647
120.58357395076018,1.0000317096710205,0.00027289692661724985
120.58425497625285,0.9998571276664734,0.0002736283640842885
120.5849361018627,1.0003798007965088,0.0002744864614214748
120.58561732735689,1.000406265258789,0.00027538047288544476
120.586298452974,1.000227689743042,0.00027632227283902466
120.58697957846744,1.0005193948745728,0.0002773661108221859
120.58766080407804,1.0001126527786255,0.0002784040989354253
120.58834192968789,1.00022292137146,0.0002795297186821699
120.58902305518131,0.999909520149231,0.00028066954109817743
120.58970418079844,1.0001429319381714,0.0002818843349814415
120.59038530629186,0.9999561905860901,0.0002830884186550975
120.59106643190171,1.0002906322479248,0.0002843547554221004
120.5917476573959,0.9998689293861389,0.000285574235022068
120.59242878300574,0.9996181130409241,0.0002868029405362904
120.59310990861559,0.9997871518135071,0.00028805944020859897
120.59379113411705,1.000469446182251,0.0002893328492064029
120.5944722597269,0.9999242424964905,0.0002904827706515789
120.59515328521957,0.9994901418685913,0.000291603384539485
120.59583451083017,1.0002192258834839,0.0002927634632214904
120.5965156363236,0.9999217391014099,0.0002937849785666913
120.59719676194072,0.9998376369476318,0.0002947586472146213
120.59787798743491,1.0000401735305786,0.00029566738521680236
120.59855911304476,0.9998206496238708,0.00029645999893546104
120.59924033865536,1.0000146627426147,0.00029718384030275047
120.59992146414879,1.0003852844238281,0.00029780936893075705
120.60060248976515,0.9999334216117859,0.00029825797537341714
120.60128361525858,0.9999155402183533,0.00029860989889129996
120.60196484086919,1.000036597251892,0.0002988465130329132
120.60264596636262,1.0004853010177612,0.0002989896747749299
120.60332719197322,1.0000529289245605,0.00029895451734773815
120.60400831746665,0.9998739361763,0.0002988363557960838
120.60468944308377,1.0000227689743042,0.0002986459294334054
120.6053705685772,0.9999780654907227,0.0002983553858939558
120.6060517941878,0.9999673962593079,0.0002979850978590548
120.60673281968047,1.0001611709594727,0.0002975585521198809
120.60741394529032,1.0004256963729858,0.00029707374051213264
120.6080951709082,1.000243902206421,0.0002965020830743015
120.60877629640163,1.0003900527954102,0.00029590423218905926
120.60945742201147,0.9997678995132446,0.00029520379030145705
120.61013864750566,1.000291109085083,0.00029455526964738965
120.61081977311551,1.00009286403656,0.0002938238612841815
120.61150089860894,0.9998941421508789,0.0002930707123596221
120.6121819242253,1.0001522302627563,0.00029232894303277135
120.61286314971949,0.9997119903564453,0.00029152227216400206
120.61354427532933,0.9999937415122986,0.0002907585585489869
120.61422540082276,0.999960720539093,0.00028996358742006123
120.61490662643337,0.9995888471603394,0.0002891399199143052
120.61558775193407,1.0007659196853638,0.00028842559549957514
120.61626887754392,1.0002453327178955,0.00028758906410075724
120.61695010315452,0.9995393753051758,0.0002867370785679668
120.61763112864719,0.9999103546142578,0.000285971793346107
120.61831225425703,1.0001676082611084,0.00028519314946606755
120.6189934797585,0.9997475743293762,0.000284365116385743
120.61967460536835,1.0002880096435547,0.0002836189232766628
120.62035573086177,1.0000839233398438,0.0002828202268574387
120.62103695647238,0.9998003244400024,0.00028201506938785315
120.62171808196581,1.000113606452942,0.00028125650715082884
120.62239920758293,1.000198245048523,0.00028048298554494977
120.6230802330756,1.0000499486923218,0.00027969456277787685
120.6237614586862,0.9997509717941284,0.00027889793273061514
120.62444258417963,0.9997398257255554,0.00027813357883132994
120.62512380979024,0.9998664259910583,0.0002773890446405858
120.62580493528367,0.99996018409729,0.00027665658853948116
120.62648606090079,1.0003422498703003,0.00027595707797445357
120.62716728639498,0.9995951056480408,0.0002751894935499877
120.62784841200482,0.9999212026596069,0.0002745272358879447
120.62852943749749,1.00002121925354,0.0002738703624345362
120.6292106631081,1.0003730058670044,0.00027326311101205647
120.6298917886088,0.9999890327453613,0.00027261959621682763
120.63057291421865,0.9998123645782471,0.00027202710043638945
120.63125413971284,0.9999563694000244,0.0002714895235840231
120.63193526532268,1.0000855922698975,0.00027099173166789114
120.63261639081611,1.00029456615448,0.0002705369552131742
120.63329761642672,1.0003561973571777,0.0002701084013096988
120.63397864192666,1.000500202178955,0.00026972376508638263
120.6346597675365,0.9999911189079285,0.0002693302812986076
120.6353409930307,1.0001466274261475,0.0002690222463570535
120.63602211864054,1.0002328157424927,0.0002687632804736495
120.63670324425766,0.9999804496765137,0.0002685097570065409
120.63738446975185,1.0001616477966309,0.0002683386846911162
120.63806559524528,0.9998824596405029,0.0002681662153918296
120.63874672085512,0.9999496936798096,0.0002680692123249173
120.63942774646421,0.9998819828033447,0.00026800227351486683
120.6401089719584,0.9999245405197144,0.0002679847239051014
120.6407900974591,1.0001420974731445,0.0002680311445146799
120.64147122306895,1.0003442764282227,0.00026811682619154453
120.64215244867955,0.9996757507324219,0.0002681735495571047
120.64283357417298,0.9998976588249207,0.0002683564380276948
120.64351469966641,1.0000476837158203,0.00026857369812205434
120.6441959252843,0.9999373555183411,0.00026881039957515895
120.64487695089338,1.0002515316009521,0.00026913013425655663
120.6455580763868,1.0000288486480713,0.00026944413548335433
120.646239301881,1.0001461505889893,0.00026982452254742384
120.64692042749084,1.0002286434173584,0.00027023901930078864
120.64760155310796,1.0003166198730469,0.0002706919040065259
120.64828267860139,1.000374674797058,0.0002711780252866447
120.64896390409558,1.000121831893921,0.00027167287771590054
120.64964502970543,0.999977707862854,0.00027220690390095115
120.6503260551981,1.000348687171936,0.00027285414398647845
120.65100728081597,0.9996025562286377,0.0002733586588874459
120.6516884063094,1.0000977516174316,0.0002740270574577153
120.65236953191925,1.0000414848327637,0.0002746637037489563
120.65305075741344,0.9999797940254211,0.000275322119705379
120.65373188302328,1.0002896785736084,0.0002760184579528868
120.65441310851747,0.9996859431266785,0.0002766468678601086
120.6550942341346,1.0,0.0002773559535853565
120.65577525962726,0.9998281598091125,0.0002780160284601152
120.6564563852371,1.0003395080566406,0.00027871859492734075
120.6571376107313,0.9999421834945679,0.0002793316380120814
120.65781873634114,0.9999025464057922,0.00027995658456347883
120.65849996183533,0.9999563097953796,0.0002805528056342155
120.65918108745245,0.9998176097869873,0.0002810971927829087
120.65986221294588,0.9996968507766724,0.000281598768197
120.66054343855649,0.9996691942214966,0.00028206277056597173
120.66122446404916,0.9999659061431885,0.0002824924304150045
120.66190558966628,1.000380516052246,0.0002828693832270801
120.6625867151597,0.9998816847801208,0.0002831062884069979
120.66326794077031,0.9997599124908447,0.00028330294298939407
120.66394906626374,0.9998209476470947,0.0002834480255842209
120.66463019187358,0.9998334646224976,0.0002835302730090916
120.66531141736777,1.0001816749572754,0.00028357174596749246
120.6659925429849,1.0001001358032227,0.00028352270601317286
120.66667356847756,1.000365972518921,0.00028346508042886853
120.66735479397175,0.9997885823249817,0.0002832853060681373
120.6680359195816,0.9997432231903076,0.0002831112069543451
120.66871704507503,1.0003989934921265,0.0002829574223142117
120.66939827069291,1.0001616477966309,0.00028269668109714985
120.67007939618634,1.0002820491790771,0.00028243986889719963
120.67076052179618,0.9997441172599792,0.00028211018070578575
120.67144174729037,0.9999962449073792,0.0002818226348608732
120.67212277289946,1.0004022121429443,0.0002815313928294927
120.67280389840016,0.9999452233314514,0.0002811677404679358
120.67348512401077,0.9998064041137695,0.000280817155726254
120.6741662495042,0.9999985694885254,0.0002804891555570066
120.67484737511404,1.0001118183135986,0.00028015454881824553
120.67552850060747,1.000190258026123,0.0002798225323203951
120.67620972610166,0.9998801946640015,0.00027946176123805344
120.67689085171878,1.0001405477523804,0.000279147265246138
120.67757197721221,0.9999551773071289,0.000278807565337047
120.67825310282205,1.0001918077468872,0.0002785197284538299
120.67893422831548,1.000393033027649,0.0002782274968922138
120.67961535392533,1.000424861907959,0.0002779324713628739
120.6802965794268,1.0003780126571655,0.0002776490291580558
120.68097770503664,0.9997424483299255,0.00027733156457543373
120.68165883053007,1.0002774000167847,0.00027711622533388436
120.68234005614067,1.0006000995635986,0.00027690065326169133
120.6830211816341,1.0004076957702637,0.0002766537363640964
120.68370220713405,0.9998719096183777,0.0002763961092568934
120.68438343274465,0.9998947978019714,0.00027619479806162417
120.68506455823808,0.9997658133506775,0.0002759953495115042
120.68574568384793,0.9999569654464722,0.0002758261689450592
120.68642690934212,1.0004969835281372,0.0002756972680799663
120.68710803495196,1.000387191772461,0.0002755162422545254
120.68778926045343,1.0002237558364868,0.0002753353910520673
120.68847038606327,1.0001574754714966,0.00027518338174559176
120.68915141155594,0.9998406171798706,0.0002750054991338402
120.68983253704937,0.9997264742851257,0.00027485095779411495
120.69051376265998,1.0000900030136108,0.0002747446415014565
120.69119488816068,0.9998048543930054,0.0002745838137343526
120.69187611377129,0.999808669090271,0.00027445468003861606
120.69255723926472,0.9997367262840271,0.0002743250224739313
120.69323836487456,1.000378131866455,0.0002742533397395164
120.69391949036799,1.0002540349960327,0.00027413154020905495
120.69460061598511,1.0000263452529907,0.0002739956835284829
120.69528174147854,1.0003619194030762,0.0002739141636993736
120.69596286697197,1.000076413154602,0.0002737872418947518
120.69664409258257,0.9997742176055908,0.000273656944045797
120.697325218076,0.9996934533119202,0.0002735419839154929
120.69800634369312,0.9997099041938782,0.00027344192494638264
120.69868756918731,1.0000004768371582,0.00027336529456079006
120.69936869479716,1.0002399682998657,0.00027328188298270106
120.70004972028983,1.0000451803207397,0.0002731597633101046
120.70073084578326,0.9995632767677307,0.0002730163687374443
120.70141207139386,1.0002347230911255,0.00027296249754726887
120.70209319689457,0.9996771812438965,0.00027280100039206445
120.70277432250441,1.0000088214874268,0.0002727119135670364
120.7034555479986,1.0001299381256104,0.0002725989616010338
120.70413667360845,1.0001637935638428,0.0002724704972933978
120.70481779910187,1.0001143217086792,0.00027233469882048666
120.70549892460258,1.0001238584518433,0.00027219485491514206
120.70618005021242,1.0001152753829956,0.00027205274091102183
120.70686117570585,1.0000743865966797,0.00027190116816200316
120.70754240131646,1.0000709295272827,0.0002717530878726393
120.70822352680989,0.9999687671661377,0.0002715930750127882
120.70890465242701,1.000101923942566,0.0002714573929551989
120.7095858779212,1.0000686645507812,0.0002712995046749711
120.71026700341463,0.9993774890899658,0.000271085649728775
120.71094802902371,0.9999499320983887,0.00027097840211354196
120.71162915451714,1.0001709461212158,0.00027084583416581154
120.71231038012775,1.0002082586288452,0.0002706986851990223
120.71299150562845,1.0005007982254028,0.0002705675142351538
120.71367263112188,1.0000340938568115,0.0002703754580579698
120.71435385673249,1.0001682043075562,0.00027023375150747597
120.71503498222592,1.0004111528396606,0.0002701021730899811
120.71571620783652,1.0003749132156372,0.00026994416839443147
120.71639723333647,1.000132441520691,0.00026977152447216213
120.71707835894631,0.9994925856590271,0.0002695694856811315
120.71775948443974,1.0000393390655518,0.00026946599246002734
120.71844070993393,0.9997810125350952,0.00026928982697427273
120.71912183554377,1.0000196695327759,0.000269159470917657
120.71980306104524,0.9999373555183411,0.0002690009423531592
120.72048418665509,0.999640941619873,0.00026882742531597614
120.72116531214851,0.9996758699417114,0.0002686783263925463
120.72184633764118,0.9998787045478821,0.0002685434592422098
120.72252756325179,1.0000718832015991,0.0002684099308680743
120.72320868875249,1.0003635883331299,0.00026828068075701594
120.7238899143631,1.0002442598342896,0.00026812730357050896
120.72457103985653,0.9998584985733032,0.00026795329176820815
120.72525216534996,1.0000295639038086,0.0002678284654393792
120.72593339096056,0.9999373555183411,0.00026769310352392495
120.72661451645399,1.0001287460327148,0.00026759153115563095
120.72729554207035,0.9998084902763367,0.0002674634743016213
120.72797676756454,0.9997159242630005,0.00026736801373772323
120.72865789305797,0.9994754195213318,0.0002672726404853165
120.72933901866782,0.9996570944786072,0.00026724443887360394
120.73002014416124,0.9996676445007324,0.0002672156260814518
120.73070136977913,0.9994750618934631,0.00026719438028521836
120.73138249527256,0.9999107122421265,0.00026725069619715214
120.73206362076598,1.000382900238037,0.00026732933474704623
120.73274474637583,0.9998459219932556,0.00026735858409665525
120.73342587186926,0.9999517798423767,0.00026745902141556144
120.73410699736996,0.9997770190238953,0.0002675671421457082
120.73478822298057,0.999817967414856,0.00026771659031510353
120.735469348474,0.9998316168785095,0.00026789153343997896
120.73615047408384,0.9999681115150452,0.00026809656992554665
120.73683159957727,1.0001423358917236,0.0002683314960449934
120.73751282518788,1.000036358833313,0.0002685687504708767
120.73819385068782,0.9998952150344849,0.00026881825760938227
120.73887497618125,1.0001482963562012,0.00026912870816886425
120.73955620179186,0.9999604225158691,0.0002694142167456448
120.74023732728529,0.9998860955238342,0.0002697294985409826
120.74091845277871,1.0002628564834595,0.000270099873887375
120.7415996783966,0.9995309114456177,0.00027039257111027837
120.74228080389003,1.000152349472046,0.00027081347070634365
120.74296202950063,0.9994250535964966,0.0002711355045903474
120.7436430549933,0.9999411106109619,0.000271578406682238
120.74432418048673,0.9999054670333862,0.0002719870244618505
120.74500530610385,1.0002069473266602,0.0002724309160839766
120.74568653159804,0.9999208450317383,0.0002728444815147668
120.74636765709147,1.0000656843185425,0.00027329748263582587
120.74704888270207,1.0003246068954468,0.0002737659669946879
120.7477300081955,1.0000205039978027,0.00027419437537901103
120.74841113380535,1.00030517578125,0.0002746688260231167
120.74909235930681,0.9998932480812073,0.00027508544735610485
120.74977338479948,0.9999140501022339,0.00027554677217267454
120.75045451040933,0.9998407959938049,0.00027598676388151944
120.75113563590276,1.0001070499420166,0.0002764521923381835
120.75181686139695,0.9999081492424011,0.0002768710255622864
120.75249798701407,0.99991375207901,0.0002772962034214288
120.75317921250826,0.9999515414237976,0.000277708430076018
120.7538603381181,0.9997692704200745,0.00027808701270259917
120.75454146361153,1.0000051259994507,0.00027847738238051534
120.7552224891042,0.9998863339424133,0.0002788183919619769
120.75590371472208,0.9998297691345215,0.0002791335282381624
120.75658484021551,1.0001140832901,0.0002794512256514281
120.75726596570894,1.0002496242523193,0.00027971476083621383
120.75794719131954,1.0003662109375,0.000279934611171484
120.75862831681297,1.001076579093933,0.00028015728457830846
120.75930944231368,1.0000720024108887,0.00028019811725243926
120.75999066792428,1.00027596950531,0.0002802791423164308
120.76067169341695,1.0001269578933716,0.00028026834479533136
120.7613528190268,0.9999932646751404,0.0002802009112201631
120.76203404452099,1.0000613927841187,0.00028007710352540016
120.76271517001442,1.0001901388168335,0.0002798823988996446
120.76339629563154,1.0002386569976807,0.00027961150044575334
120.76407742112497,1.0001323223114014,0.00027924528694711626
120.76475864661916,1.0002390146255493,0.00027880570269189775
120.765439772229,0.9998810291290283,0.0002782507799565792
120.76612079772167,0.9998756051063538,0.0002776470500975847
120.76680202322314,0.9998766779899597,0.00027698909980244935
120.76748314883298,1.0002591609954834,0.0002762956137303263
120.76816427432641,1.0001399517059326,0.0002755135064944625
120.7688454998206,1.0004633665084839,0.00027473000227473676
120.76952662543044,1.0000616312026978,0.00027386046713218093
120.77020775093115,1.0000255107879639,0.0002729900006670505
120.77088897642534,1.0004581212997437,0.0002721424971241504
120.77157000203442,1.0002177953720093,0.00027122796745970845
120.77225112752785,1.0003161430358887,0.0002703376521822065
120.77293235302204,0.9999873042106628,0.0002694136928766966
120.77361347863916,1.0000669956207275,0.0002685272484086454
120.77429460413259,1.0001716613769531,0.00026765200891532004
120.77497582962678,0.9998794198036194,0.00026676530251279473
120.77565695523663,0.999830424785614,0.00026590604102239013
120.77633808073006,0.9993084669113159,0.0002650294918566942
120.77701910623,1.0001829862594604,0.0002642907784320414
120.7777003318406,0.9997867941856384,0.0002634733682498336
120.77838145733404,0.9996082186698914,0.00026269169757142663
120.77906268294464,0.9997901916503906,0.0002619702718220651
120.77974380843807,0.9996625185012817,0.0002612449461594224
120.7804249339315,1.000095009803772,0.0002605980262160301
120.7811061595421,0.9997381567955017,0.0002599070139694959
120.78178728504281,1.0005656480789185,0.00025934676523320377
120.78246831053548,1.0001798868179321,0.00025870773242786527
120.78314953614608,1.0005786418914795,0.00025816820561885834
120.78383066163951,1.0000723600387573,0.0002575773687567562
120.78451178714022,1.0003236532211304,0.0002570904325693846
120.78519301275082,1.0001541376113892,0.0002566025359556079
120.78587413824425,0.9999859929084778,0.0002561583823990077
120.78655526373768,1.0000981092453003,0.00025578271015547216
120.78723648934829,1.0000110864639282,0.00025542700313962996
120.78791751484096,0.9999064207077026,0.0002551357029005885
120.78859864034166,0.9999048709869385,0.00025490508414804935
120.78927986583585,1.001007318496704,0.0002550097706262022
120.7899609914457,0.9999198913574219,0.00025462760822847486
120.79064211693913,0.9995255470275879,0.0002545626775827259
120.79132324243255,0.9995137453079224,0.00025459250900894403
120.79200446805044,0.999979555606842,0.0002547446056269109
120.79268559354387,1.0004658699035645,0.0002549784549046308
120.79336661903653,0.9996801614761353,0.0002551724319346249
120.79404784464714,1.0000993013381958,0.0002555557293817401
120.79472897014057,0.9993610382080078,0.00025591219309717417
120.79541009564127,0.9998723268508911,0.00025645436835475266
120.79609132125188,0.9999914169311523,0.00025703798746690154
120.79677244674531,0.9999071955680847,0.0002576626429799944
120.79745357223874,0.9998670816421509,0.00025836785789579153
120.79813479784934,0.9995299577713013,0.0002590876829344779
120.79881582334929,0.9998626708984375,0.00025992965674959123
120.79949694884272,1.000718355178833,0.0002608447102829814
120.80017807445256,1.0000568628311157,0.0002616651763673872
120.80085929994675,0.9997885823249817,0.00026254294789396226
120.80154042544018,0.9999451637268066,0.00026346754748374224
120.80222155105002,0.999580979347229,0.00026434389292262495
120.80290277655149,0.9998226761817932,0.00026527050067670643
120.80358390204492,0.9997791051864624,0.0002661443722900003
120.80426492753759,0.9993909001350403,0.00026695255655795336
120.8049461531482,1.0003386735916138,0.000267836672719568
120.80562727864162,1.0000828504562378,0.0002685563522391021
120.80630840414233,1.000160813331604,0.00026924361009150743
120.80698962975293,0.9998379349708557,0.0002698325552046299
120.80767075524636,1.0002535581588745,0.0002704169019125402
120.80835198074055,0.9998036623001099,0.00027086850604973733
120.8090331063504,0.9994065761566162,0.00027126187342219055
120.80971413185034,0.9994609355926514,0.00027163681806996465
120.81039525734377,0.9999472498893738,0.00027198559837415814
120.81107648283796,0.9996424317359924,0.0002722113858908415
120.8117576084478,0.9999819397926331,0.0002724353107623756
120.812438833942,0.9999467134475708,0.00027257815236225724
120.81311995943543,1.000338077545166,0.0002727104292716831
120.81380108505255,0.9998921155929565,0.00027272666920907795
120.81448231054674,0.9999575018882751,0.0002727474784478545
120.8151633360394,0.9999982118606567,0.0002727276587393135
120.81584446164925,1.0004700422286987,0.0002727030368987471
120.81652568714344,1.0003306865692139,0.00027260463684797287
120.81720681264414,0.9998610615730286,0.00027243714430369437
120.81788793813757,1.0005348920822144,0.0002723453799262643
120.81856906374742,0.9999113082885742,0.0002721232594922185
120.81925028924161,0.9998078942298889,0.0002719165349844843
120.81993141473504,1.00010347366333,0.0002717218885663897
120.82061254035216,1.0002503395080566,0.00027149132802151144
120.82129366584559,0.999870240688324,0.00027120381128042936
120.82197479133902,0.9998763203620911,0.0002709234831854701
120.82265591683245,0.9999569654464722,0.0002706335799302906
120.82333714244305,1.0002045631408691,0.0002703389909584075
120.82401826793648,0.9999496936798096,0.0002699866017792374
120.82469939343719,0.9998465776443481,0.00026962373522110283
120.82538061904779,1.0002979040145874,0.00026929634623229504
120.82606174454122,1.0004475116729736,0.00026891788002103567
120.82674277003389,1.0001283884048462,0.00026848659035749733
120.8274238955346,1.0000277757644653,0.00026805876404978335
120.8281051211452,1.0005556344985962,0.00026766679366119206
120.82878624663863,1.000266194343567,0.0002672073896974325
120.82946737213206,1.0002796649932861,0.00026676178094930947
120.83014859762625,0.9999258518218994,0.00026628185878507793
120.83082972323609,1.000216007232666,0.0002658649464137852
120.83151094873028,1.0001307725906372,0.00026541342958807945
120.83219197423023,0.9999887347221375,0.00026497626095078886
120.83287309984007,1.0001600980758667,0.0002645667700562626
120.8335542253335,0.9997893571853638,0.00026413387968204916
120.83423545082769,0.9997712969779968,0.00026373768923804164
120.83491657632112,1.000151515007019,0.0002634015982039273
120.83559770193824,0.9998925924301147,0.0002630313974805176
120.83627892743243,0.99945068359375,0.0002626744972076267
120.83696005292586,0.9999179244041443,0.0002624225744511932
120.83764107841853,1.0004050731658936,0.0002621992025524378
120.83832230402913,1.0002721548080444,0.0002619543520268053
120.83900342952984,0.9996959567070007,0.00026170528144575655
120.83968455502327,1.0000855922698975,0.00026157996035180986
120.84036578063387,1.000254511833191,0.0002614646509755403
120.8410469061273,1.0000712871551514,0.00026136645465157926
120.8417281316215,0.9995778799057007,0.00026128263561986387
120.84240925711492,0.9999220371246338,0.00026131700724363327
120.84309028273128,1.0000016689300537,0.00026138214161619544
120.84377140822471,0.9998830556869507,0.00026147320750169456
120.8444526337189,1.0001972913742065,0.0002616624115034938
120.84513375921233,0.9998530745506287,0.0002618500730022788
120.84581488482945,1.0003129243850708,0.00026216753758490086
120.84649611032364,1.00001060962677,0.0002624889020808041
120.84717723581707,0.9998212456703186,0.00026288721710443497
120.8478583613105,1.000238060951233,0.00026340008480474353
120.84853948692034,1.0002317428588867,0.0002639389131218195
120.84922061241377,1.000218152999878,0.0002645385975483805
120.84990173791448,0.999577522277832,0.00026514011551626027
120.85058296340867,1.000437617301941,0.00026592184440232813
120.85126408901851,1.000338077545166,0.00026666815392673016
120.85194521451194,1.0001481771469116,0.00026745256036520004
120.85262644000613,0.999952495098114,0.0002682805934455246
120.85330756562325,0.9995682239532471,0.0002691248373594135
120.85398859111592,0.9998300671577454,0.0002700517070479691
120.85466971660935,0.9999017715454102,0.00027099260478280485
120.85535094210354,0.9998666644096375,0.0002719373151194304
120.85603206759697,0.9997220039367676,0.000272895471425727
120.85671319321409,0.9998301267623901,0.0002738650655373931
120.85739441870828,0.9998075366020203,0.0002748243568930775
120.85807554420171,0.9997179508209229,0.0002757712500169873
120.85875666969514,1.000008463859558,0.0002767310943454504
120.85943779530498,1.0005507469177246,0.00027767568826675415
120.86011892080569,1.000180721282959,0.0002785131218843162
120.86080004629912,0.999932587146759,0.0002793089079204947
120.86148117179255,0.9997770190238953,0.0002800619986373931
120.86216239740315,1.0003353357315063,0.00028080257470719516
120.86284352289658,1.000070571899414,0.00028140092035755515
120.86352474839077,1.0001327991485596,0.00028193608159199357
120.86420587389148,0.9997118711471558,0.0002823465911205858
120.86488689950056,0.999936044216156,0.00028269257745705545
120.86556802499399,0.9999829530715942,0.00028291638591326773
120.86624925048818,1.0003032684326172,0.0002830389712471515
120.86693037598161,0.9999164938926697,0.0002829749137163162
120.86761160159949,0.9999914765357971,0.0002828227006830275
120.86829272709292,0.9998942017555237,0.0002825260744430125
120.86897385258635,0.9998756051063538,0.00028212895267643034
120.86965507808054,1.0000087022781372,0.00028163930983282626
120.87033610357321,1.000022053718567,0.00028104931698180735
120.87101722919033,0.9998117685317993,0.00028035155264660716
120.87169845468452,0.9998271465301514,0.00027959755971096456
120.87237958017795,1.0003852844238281,0.0002788280544336885
120.87306070567138,0.9993054270744324,0.000277871877187863
120.87374193128198,1.0003856420516968,0.00027703994419425726
120.87442305677541,1.0001846551895142,0.0002760679926723242
120.87510418227612,1.0000102519989014,0.00027507616323418915
120.87578520776879,1.0000094175338745,0.00027407592278905213
120.87646643326298,0.9997774362564087,0.00027304579271003604
120.87714755887282,1.0001014471054077,0.00027206746744923294
120.87782878436701,1.0002598762512207,0.00027107109781354666
120.87850990986772,0.9999640583992004,0.0002700486802496016
120.87919103536115,0.9998190402984619,0.00026906668790616095
120.87987226097175,0.9997587203979492,0.0002681116748135537
120.88055338646518,0.9999222755432129,0.00026719749439507723
120.88123441195785,1.0001434087753296,0.00026632691151462495
120.88191553745855,0.9996951222419739,0.00026543717831373215
120.88259676295274,1.0001317262649536,0.00026465801056474447
120.88327788856259,1.0001918077468872,0.00026389496633782983
120.88395901405602,1.0000265836715698,0.00026315494324080646
120.88464023955021,0.9997016787528992,0.0002624589833430946
120.88532136504364,1.000291347503662,0.00026187492767348886
120.88600249054434,0.999653160572052,0.000261247216258198
120.88668371615495,0.9999884366989136,0.00026075547793880105
120.88736474164762,1.0002585649490356,0.00026030733715742826
120.88804586714105,1.0000855922698975,0.00025988195557147264
120.88872709263524,0.9996867179870605,0.00025947520043700933
120.88940821813594,1.0000414848327637,0.00025919024483300745
120.89008934374579,0.9998013377189636,0.0002588867791928351
120.89077046923921,0.9999390244483948,0.0002586645423434675
120.8914516947334,0.9995380640029907,0.00025842624017968774
120.89213282022683,0.9997230768203735,0.0002582848828751594
120.89281384572678,0.9999681711196899,0.000258171116001904
120.89349507133738,0.999935507774353,0.0002580689324531704
120.89417619683081,0.9999139904975891,0.00025800641742534935
120.89485732232424,1.0005463361740112,0.0002580300497356802
120.89553854781843,1.0000159740447998,0.000257976382272318
120.89621967331186,0.9997648000717163,0.0002579805732239038
120.89690089892974,1.0003303289413452,0.00025808060308918357
120.89758202442317,1.0003107786178589,0.00025816098786890507
120.89826304991584,1.0003465414047241,0.00025827393983490765
120.89894417540927,1.000120997428894,0.0002583758032415062
120.89962540090346,1.0002877712249756,0.00025854023988358676
120.90030652652058,0.9999606609344482,0.0002586882619652897
120.90098775201477,0.9995574355125427,0.0002588473435025662
120.9016688775082,0.9995712041854858,0.00025905660004355013
120.90235000300163,1.0000900030136108,0.0002593286335468292
120.90303122849582,0.999809741973877,0.0002595445839688182
120.90371225411218,0.9998927116394043,0.0002598054998088628
120.90439337960561,0.9998815655708313,0.00026006915140897036
120.9050746050998,0.9999193549156189,0.00026034482289105654
120.90575573059323,1.0001282691955566,0.0002606385387480259
120.90643685608666,0.9994217157363892,0.0002608573413453996
120.90711808169726,0.9997957348823547,0.0002611686650197953
120.90779920719797,0.9996346831321716,0.00026142969727516174
120.9084803326914,1.0002110004425049,0.0002617507998365909
120.90916135818406,1.0002917051315308,0.0002620267914608121
120.90984258367826,1.0008589029312134,0.00026234189863316715
120.9105237092881,1.0007154941558838,0.000262585177551955
120.9112048347888,0.9996922016143799,0.0002627478679642081
120.911886060283,0.9997950196266174,0.0002629973751027137
120.91256718577642,1.0000720024108887,0.0002632558171171695
120.91324831126985,1.0003056526184082,0.0002635021519381553
120.91392953676404,0.9998904466629028,0.000263680936768651
120.91461056226399,0.9999345541000366,0.00026389604317955673
120.91529168787383,1.0000007152557373,0.00026409741258248687
120.91597291336802,0.9997960329055786,0.00026427037664689124
120.91665403886145,0.9997557401657104,0.00026443961542099714
120.91733516435488,1.0005823373794556,0.0002646693610586226
120.91801628985559,0.999939501285553,0.00026476095081306994
120.91869751546619,0.9999786019325256,0.0002648932277224958
120.91937864095962,0.9999397993087769,0.0002650001260917634
120.92005966645229,0.9996216297149658,0.00026507055736146867
120.92074089194648,0.9997189044952393,0.0002651477698236704
120.92142201744718,0.9998311400413513,0.00026520906249061227
120.92210314294061,0.9999893307685852,0.00026525362045504153
120.92278436855122,1.0003327131271362,0.00026529061142355204
120.92346549404465,0.9996743202209473,0.0002652181137818843
120.92414661953808,1.0007469654083252,0.0002652625262271613
120.92482784503227,1.0000662803649902,0.0002651274553500116
120.92550887053221,1.0000721216201782,0.0002650244568940252
120.92618999602564,1.0001277923583984,0.00026489412994123995
120.92687122163625,1.0001132488250732,0.0002647269575390965
120.92755234712968,1.000187635421753,0.00026452806196175516
120.9282334726231,0.9998908638954163,0.0002642761974129826
120.92891469812457,0.999778687953949,0.0002640019229147583
120.929595823618,1.0003243684768677,0.0002637624565977603
120.93027704911219,0.9999950528144836,0.00026341871125623584
120.93095807460486,1.000374674797058,0.00026312400586903095
120.9316392002147,1.0001823902130127,0.00026276090648025274
120.93232032571541,1.0003368854522705,0.0002624106127768755
120.9330015512096,1.0004377365112305,0.0002620606101118028
120.93368267670303,0.9997955560684204,0.0002616408746689558
120.93436380219646,1.000269889831543,0.0002613179967738688
120.93504502769065,0.9995989799499512,0.0002609024231787771
120.9357261533005,0.9995936751365662,0.0002605545159894973
120.93640717880044,1.000189185142517,0.0002602653403300792
120.93708840429463,0.9999766945838928,0.00025992232258431613
120.93776952978806,0.9999974370002747,0.00025961408391594887
120.93845065528149,1.0000377893447876,0.00025933131109923124
120.93913188077568,0.9998825192451477,0.00025905409711413085
120.9398130063928,1.0002596378326416,0.0002588403585832566
120.94049413188623,1.0000141859054565,0.00025860051391646266
120.94117535738042,0.999835729598999,0.0002584000467322767
120.94185638287308,0.9999790787696838,0.00025825132615864277
120.94253750836651,0.9997614622116089,0.00025810382794588804
120.94321873386798,1.0001399517059326,0.00025804011966101825
120.94389985936141,0.9996886253356934,0.0002579415449872613
120.94458098485484,1.0001764297485352,0.00025795333203859627
120.94526211046468,0.9999461770057678,0.0002579530410002917
120.94594333595887,1.0001474618911743,0.0002580198342911899
120.9466244614523,0.9999160766601562,0.00025809966609813273
120.94730548695225,1.0000808238983154,0.00025825120974332094
120.94798671244644,1.000033974647522,0.000258435815339908
120.94866783793987,1.000257134437561,0.00025870028184726834
120.9493489634333,1.0002721548080444,0.0002589955984149128
120.9500301890439,0.9997072815895081,0.00025929653202183545
120.9507113145446,0.9998051524162292,0.00025970907881855965
120.95139244003803,0.9997820258140564,0.00026016420451924205
120.95207366553223,0.9997843503952026,0.0002606706984806806
120.9527546910249,1.0001710653305054,0.0002612592652440071
120.95343581651832,1.0000674724578857,0.000261854991549626
120.95411694201903,1.000504970550537,0.00026254550903104246
120.95479816751322,1.0003952980041504,0.00026323337806388736
120.95547929312306,1.0001369714736938,0.00026395017630420625
120.95616051861725,0.9999659061431885,0.0002647216315381229
120.95684164411068,1.0002473592758179,0.0002655601711012423
120.95752276960411,0.9998860955238342,0.00026638107374310493
120.95820399510558,1.0000375509262085,0.000267271971097216
120.95888502059825,0.999778151512146,0.0002681539626792073
120.95956614609167,1.0002111196517944,0.00026910880114883184
120.96024737158587,0.999843955039978,0.0002700025506783277
120.96092849719571,1.0001442432403564,0.0002709680993575603
120.96160962269641,1.0000280141830444,0.00027189101092517376
120.9622908481906,0.9999634623527527,0.000272814417257905
120.96297197368403,1.0001916885375977,0.0002737398026511073
120.96365309917746,0.9991355538368225,0.0002745397505350411
120.96433412467013,1.000207781791687,0.0002754804154392332
120.9650153501716,0.9996849894523621,0.0002762620279099792
120.96569647566503,1.0000587701797485,0.00027706963010132313
120.96637770127563,0.9998210072517395,0.00027778075309470296
120.96705882676906,0.9999904036521912,0.00027847354067489505
120.96773995226249,0.9999268054962158,0.0002790811122395098
120.96842117775668,1.0001801252365112,0.0002796563203446567
120.96910230325739,1.0000531673431396,0.0002801345253828913
120.96978332875005,1.0001442432403564,0.0002805603144224733
120.97046455424424,1.000135064125061,0.000280921085504815
120.97114567973767,1.0000033378601074,0.00028122804360464215
120.9718268052311,0.9996453523635864,0.00028147391276434064
120.97250793084822,1.0002646446228027,0.00028176960768178105
120.97318915634241,1.0000299215316772,0.00028197065694257617
120.97387028183584,0.9999393820762634,0.0002821683301590383
120.97455140732927,0.9996576905250549,0.000282338383840397
120.9752325328227,1.0001351833343506,0.00028257304802536964
120.9759136583234,0.9998845458030701,0.000282744673313573
120.97659478381684,1.0003952980041504,0.00028299159021116793
120.97727600931103,0.9999363422393799,0.00028317232499830425
120.97795713480446,1.0000039339065552,0.000283404573565349
120.97863826029788,1.0000064373016357,0.000283651752397418
120.97931938579859,0.9998092651367188,0.00028389907674863935
120.9800006114092,1.0000712871551514,0.00028419893351383507
120.98068163690186,1.0001142024993896,0.00028449977980926633
120.98136276239529,1.0001307725906372,0.00028480702894739807
120.98204398788948,0.9997296333312988,0.00028509818366728723
120.98272511339019,1.0000159740447998,0.0002854477206710726
120.98340623888362,0.9997861981391907,0.0002857558138202876
120.98408746437781,0.9998789429664612,0.00028609149740077555
120.98476858987124,1.000319242477417,0.0002864410344045609
120.98544981536543,0.9998825192451477,0.0002867105940822512
120.9861308408581,0.9998753070831299,0.000286987196886912
120.98681196647522,0.9999112486839294,0.000287243485217914
120.98749309196864,1.000166654586792,0.0002874873753171414
120.98817431746284,1.0000194311141968,0.0002876601356547326
120.98885544295626,1.0001952648162842,0.0002878202358260751
120.98953666845046,0.9997787475585938,0.0002878833329305053
120.99021779395116,1.000099778175354,0.0002879599342122674
120.99089891944459,0.9994708895683289,0.0002879228559322655
120.99157994493726,0.9998718500137329,0.0002879230596590787
120.99226117043145,1.0001198053359985,0.0002878805680666119
120.99294229592488,1.0001184940338135,0.00028779360582120717
120.99362352141907,0.9998583197593689,0.00028766339528374374
120.99430464691977,1.000515341758728,0.000287588540231809
120.99498577252962,1.0004527568817139,0.00028745215968228877
120.99566699802381,0.9997330904006958,0.0002872682234738022
120.99634812351724,0.9999136924743652,0.00028715416556224227
120.99702914901718,0.9999565482139587,0.00028704330907203257
120.99771027451061,0.9995740056037903,0.0002869115269277245
120.9983915000048,0.9999391436576843,0.00028686149744316936
120.99907262549823,1.0002598762512207,0.00028683117125183344
120.99975375099166,1.000030279159546,0.0002867885341402143
121.00043497648585,1.0003243684768677,0.0002868137671612203
121.00111610198655,1.0001471042633057,0.0002868420269805938
121.00179722747998,1.0000598430633545,0.00028690003091469407
121.00247835297341,1.0000849962234497,0.00028700451366603374
121.00315947846684,1.000230312347412,0.00028714598738588393
121.00384060407669,0.999842643737793,0.0002872754994314164
121.00452182957088,0.9999631643295288,0.0002874729398172349
121.00520295507158,0.9997842907905579,0.0002876720391213894
121.00588408056501,1.000012755393982,0.0002879209932871163
121.00656520605844,0.9996179938316345,0.0002881333639379591
121.00724643155263,0.9998559951782227,0.0002884023415390402
121.00792745705257,1.00026273727417,0.00028869471861980855
121.008608582546,1.0000171661376953,0.00028893124544993043
121.0092898080402,0.9998683333396912,0.00028916800511069596
121.00997093353362,0.9996820092201233,0.0002893937926273793
121.01065205902705,1.0001953840255737,0.00028965456294827163
121.01133328452124,0.9998436570167542,0.00028983262018300593
121.01201441002195,1.0002169609069824,0.00029004746465943754
121.01269553551538,1.0000455379486084,0.0002901972911786288
121.0133766610088,0.9999548196792603,0.00029033730970695615
121.01405778650224,1.0002210140228271,0.00029048649594187737
121.01473891199566,0.9997237920761108,0.000290550320642069
121.01542003761278,0.9999194145202637,0.00029065433773212135
121.01610126310698,0.9997355341911316,0.0002907125453930348
121.0167823886004,1.0000340938568115,0.00029079298838041723
121.0174636140946,1.000043272972107,0.0002908326860051602
121.01814473958802,0.9997208118438721,0.00029083710978738964
121.01882576508797,1.0002292394638062,0.0002908899914473295
121.0195068905814,0.9999618530273438,0.00029087491566315293
121.02018811607559,0.9996214509010315,0.00029083702247589827
121.02086924156902,0.9996787905693054,0.0002908242749981582
121.02155046706321,0.9998055696487427,0.0002908134483732283
121.02223159255664,0.9998724460601807,0.00029077945509925485
121.02291271805734,1.0000263452529907,0.0002907402522396296
121.02359394355153,0.9994691610336304,0.00029064263799227774
121.0242749690442,0.9998284578323364,0.0002906332665588707
121.02495609453763,0.9998067021369934,0.00029051266028545797
121.02563732003182,0.9996196031570435,0.0002904021239373833
121.02631844553252,0.999673068523407,0.0002902876876760274
121.02699957102595,0.9999469518661499,0.00029017237829975784
121.02768079652014,1.0001200437545776,0.0002900277904700488
121.02836192201357,0.9998986721038818,0.00028983299853280187
121.029043047507,0.9999282360076904,0.0002896249352488667
121.02972427311761,0.999577522277832,0.0002893565106205642
121.03040529861755,0.9999762773513794,0.000289117539068684
121.03108642411098,0.999825119972229,0.00028880094760097563
121.03176764960517,0.9999778866767883,0.0002884717541746795
121.0324487750986,0.9996858835220337,0.0002880817628465593
121.03312990059203,1.0001083612442017,0.0002877124061342329
121.03381102609274,1.0000849962234497,0.00028728132019750774
121.03449225158693,0.9994881749153137,0.0002867824223358184
121.03517337708035,0.9999606609344482,0.0002863412082660943
121.03585440257302,0.9999502301216125,0.00028584836400114
121.03653562806721,0.9998406171798706,0.0002853195765055716
121.03721675356792,0.9995722770690918,0.0002847692521754652
121.03789787906135,1.0000206232070923,0.000284257490420714
121.03857910455554,0.9998194575309753,0.0002836860076058656
121.03926023004897,0.999923825263977,0.0002831285528372973
121.0399413555424,0.9998976588249207,0.00028255555662326515
121.04062258103659,0.9999496936798096,0.0002819850924424827
121.04130360653653,0.9998721480369568,0.0002814027538988739
121.04198473202996,0.9999316930770874,0.0002808330755215138
121.04266585752339,1.0000091791152954,0.0002802649687509984
121.04334708301758,0.9999521374702454,0.00027968696667812765
121.04402820851828,1.0001057386398315,0.0002791900187730789
121.04470943401247,0.9996863007545471,0.00027855229564011097
121.0453905595059,0.9999855160713196,0.00027803119155578315
121.04607168499933,0.9998345971107483,0.00027748948195949197
121.046752710492,0.9998855590820312,0.0002769774873740971
121.04743393598619,0.9998674392700195,0.0002764691016636789
121.0481150614869,1.0004163980484009,0.00027603263151831925
121.04879628698109,1.0002336502075195,0.0002755487512331456
121.04947741247452,0.9997172355651855,0.0002750612620729953
121.05015853796795,0.9997421503067017,0.0002746337850112468
121.05083976346214,0.9997453689575195,0.00027422557468526065
121.05152088896284,0.9997973442077637,0.0002738493785727769
121.05220191445551,1.0002321004867554,0.00027352411416359246
121.05288303994894,0.9998272061347961,0.0002731541753746569
121.05356426544313,1.0003174543380737,0.00027287297416478395
121.05424539093656,1.0003674030303955,0.00027258216869086027
121.05492661643075,1.0002151727676392,0.00027229395345784724
121.05560774193145,0.9999428987503052,0.0002720122574828565
121.05628886742488,0.9997870922088623,0.0002717609750106931
121.05697009291907,0.9999472498893738,0.00027156114811077714
121.05765111841174,0.9999242424964905,0.0002713605063036084
121.05833224390517,0.9998655915260315,0.000271176133537665
121.05901346940664,0.9996352791786194,0.00027099312865175307
121.05969459490007,0.9997420310974121,0.0002708617248572409
121.0603757203935,0.9996727705001831,0.0002707271196413785
121.06105684588692,0.9998958110809326,0.0002706371305976063
121.06173807138111,0.9996951818466187,0.0002705262741073966
121.06241919688182,0.9998884797096252,0.00027046242030337453
121.06310022237449,1.000154733657837,0.0002704186481423676
121.06378144786868,0.9998376369476318,0.0002703435893636197
121.0644625733621,0.9996348023414612,0.0002702935307752341
121.06514369885554,0.9995234608650208,0.0002702576748561114
121.06582492434973,0.999817430973053,0.00027027836767956614
121.06650604985043,0.9998164176940918,0.00027028258773498237
121.06718717534386,0.9995810985565186,0.0002702814235817641
121.06786830083729,1.000085473060608,0.00027035726816393435
121.06854942633072,0.9997053146362305,0.00027037697145715356
121.06923055183142,1.0001205205917358,0.00027047088951803744
121.06991167732485,0.9999610185623169,0.00027053485973738134
121.07059290281904,0.9996465444564819,0.00027060130378231406
121.07127402831247,0.999219536781311,0.00027067444170825183
121.0719551538059,0.9998039603233337,0.00027085631154477596
121.07263637930009,0.9999651312828064,0.00027102138847112656
121.0733175048008,1.000156044960022,0.0002712066925596446
121.07399853029347,0.9999078512191772,0.00027138437144458294
121.07467975578766,0.9996562004089355,0.00027158547891303897
121.07536088128109,1.000191330909729,0.00027187695377506316
121.07604200677451,0.9997124075889587,0.0002721085911616683
121.07672323227598,1.0001606941223145,0.00027244247030466795
121.07740435776941,0.9997942447662354,0.0002727344981394708
121.07808548326284,0.999785304069519,0.00027307888376526535
121.07876670875703,0.9996851086616516,0.0002734390727709979
121.0794477342497,0.999744176864624,0.00027384006534703076
121.0801288597504,1.0002061128616333,0.0002742881770245731
121.0808100852446,1.0000402927398682,0.00027470654458738863
121.08149121073802,0.9998440742492676,0.0002751369320321828
121.08217233623145,0.9995396137237549,0.0002755689201876521
121.08285356172564,0.9998679757118225,0.000276088307145983
121.08353468721907,1.0000876188278198,0.000276551756542176
121.08421591272054,1.0000685453414917,0.0002770206774584949
121.0848969382132,0.9996946454048157,0.0002774652966763824
121.08557806370663,0.9996609687805176,0.00027792638866230845
121.08625918920006,0.9997587203979492,0.0002783893723972142
121.08694041469425,0.9996594190597534,0.00027881423011422157
121.08762154019496,0.9998435378074646,0.0002792443265207112
121.08830266568839,1.00007164478302,0.00027965076151303947
121.08898389118258,1.0002011060714722,0.00028002052567899227
121.08966501667601,1.0003502368927002,0.0002803611278068274
121.09034604216868,1.0003153085708618,0.0002806404954753816
121.09102726767014,1.0001767873764038,0.0002808860153891146
121.09170839316357,1.0000715255737305,0.0002810654405038804
121.092389518657,0.9999397993087769,0.00028120935894548893
121.09307074403478,1.0002048015594482,0.00028133956948295236
121.0937518695282,0.9999146461486816,0.00028139344067312777
121.09443299502163,0.999601423740387,0.00028141288203187287
121.09511412052234,0.9995980858802795,0.00028142266091890633
121.09579524601577,1.0001542568206787,0.00028145627584308386
121.0964763715092,1.0002720355987549,0.00028143354575149715
121.09715749700263,1.0003477334976196,0.0002813992905430496
121.09783872249682,0.999919593334198,0.0002812914317473769
121.09851984799752,0.9998266696929932,0.00028121593641117215
121.09920097349095,0.9997403621673584,0.00028112955624237657
121.09988219898514,0.9998962879180908,0.00028106337413191795
121.10056332447857,1.0000563859939575,0.00028100298368372023
121.101244449972,1.0002110004425049,0.0002809376746881753
121.1019255754727,0.9999876022338867,0.00028085627127438784
121.10260670096613,1.000252604484558,0.00028081631171517074
121.10328782645956,1.0000742673873901,0.0002807478012982756
121.103968951953,1.0004621744155884,0.00028072885470464826
121.10465017744718,1.0001715421676636,0.0002806738775689155
121.10533130294789,1.0000600814819336,0.000280636188108474
121.10601252844208,1.0003418922424316,0.0002806390984915197
121.10669365393551,1.000609040260315,0.00028065344667993486
121.10737467931176,1.0001606941223145,0.00028060993645340204
121.10805580480519,0.9997965693473816,0.0002805856638588011
121.10873703029938,0.999340295791626,0.00028055321308784187
121.10941815580009,1.00001859664917,0.0002806223346851766
121.11009938129428,0.9997733235359192,0.0002806205302476883
121.1107805067877,0.9997597336769104,0.00028063898207619786
121.11146163228113,1.0000165700912476,0.00028068278334103525
121.11214285777532,1.0003269910812378,0.00028072946588508785
121.11282388327527,0.999845027923584,0.0002807245764415711
121.1135050087687,1.000247836112976,0.00028079358162358403
121.11418623426289,0.9999164342880249,0.0002808116259984672
121.11486735975632,1.0002082586288452,0.0002808834542520344
121.11554848524975,0.9999979138374329,0.00028092553839087486
121.11622971074394,1.0001978874206543,0.00028101156931370497
121.11691083624464,1.0000673532485962,0.0002810793521348387
121.11759196173807,0.9997081756591797,0.0002811491140164435
121.11827308711509,0.99970543384552,0.0002812667516991496
121.11895421260851,0.9997438788414001,0.00028138290508650243
121.11963533810922,0.9999357461929321,0.0002815371553879231
121.12031656360341,0.9999238848686218,0.00028169111465103924
121.12099768909684,0.9997640252113342,0.0002818519715219736
121.12167881459027,1.0002238750457764,0.0002820730151142925
121.12236004008446,0.999689519405365,0.00028222802211530507
121.12304116557789,0.9998292326927185,0.0002824492985382676
121.12372219107783,0.999841570854187,0.00028266586014069617
121.12440331657126,0.9999238848686218,0.0002829028817359358
121.12508454206545,1.0002312660217285,0.00028315719100646675
121.12576566755888,1.0003089904785156,0.00028338501579128206
121.12644679305231,0.9996484518051147,0.0002835545164998621
121.1271280185465,1.0002503395080566,0.0002838474465534091
121.12780914393079,1.0002108812332153,0.00028401296003721654
121.12849026942422,1.0002282857894897,0.00028419759473763406
121.12917139491765,0.9997082352638245,0.0002843195979949087
121.12985252041108,1.0003176927566528,0.0002845177659764886
121.13053364591178,1.0001335144042969,0.0002845918934326619
121.13121477140521,0.9998762607574463,0.00028464096249081194
121.1318959968994,0.9996017217636108,0.0002846517018042505
121.13257712239283,0.9996474385261536,0.0002846451534423977
121.13325834788702,0.9997032284736633,0.00028460274916142225
121.13393947338045,0.9999927878379822,0.0002845395647455007
121.1346204988804,0.9997894167900085,0.0002844078990165144
121.13530162425741,0.999661922454834,0.00028425201890058815
121.1359828497516,1.000318169593811,0.0002841373498085886
121.13666397524503,0.9995503425598145,0.00028389523504301906
121.13734510073846,0.9999480247497559,0.0002837366482708603
121.13802632623992,1.0001055002212524,0.0002835518098436296
121.13870745173335,1.0005470514297485,0.0002833893522620201
121.13938867722754,1.0000369548797607,0.00028315820964053273
121.14006970272021,0.9996775984764099,0.0002829460136126727
121.14075082821364,1.0003535747528076,0.00028283102437853813
121.14143195371435,1.0004488229751587,0.0002826832642313093
121.14211317920854,0.9997081160545349,0.00028249467140994966
121.14279430458555,0.9999995231628418,0.0002824139955919236
121.14347553007974,1.000134825706482,0.0002823444956447929
121.14415665557317,0.999997079372406,0.00028227842994965613
121.1448377810666,1.0001767873764038,0.00028227095026522875
121.14551880656654,0.9999975562095642,0.0002822633250616491
121.14620003206073,0.9998034238815308,0.0002822816895786673
121.14688115755416,1.0001755952835083,0.0002823722024913877
121.14756238304835,0.9999554753303528,0.0002824503171723336
121.14824350854178,0.9997825026512146,0.00028255468350835145
121.14892463392607,1.0000516176223755,0.00028271880000829697
121.14960585942026,0.9997649788856506,0.0002828614669851959
121.15028698491369,0.9998324513435364,0.0002830485173035413
121.15096801040636,0.9998971223831177,0.00028325410676188767
121.15164913589979,0.9999304413795471,0.00028347058105282485
121.15233036140125,0.99944669008255,0.0002836544008459896
121.15301148689468,1.0000096559524536,0.000283924862742424
121.15369261238811,0.9999743700027466,0.0002841574023477733
121.1543738378823,0.9996659755706787,0.00028436322463676333
121.15505496325932,1.0002384185791016,0.000284641922917217
121.15573608875275,0.9998527765274048,0.0002848331059794873
121.15641721425345,1.000205159187317,0.00028508485411293805
121.15709833974688,0.9997751116752625,0.0002852643665391952
121.15777946524031,1.00059175491333,0.00028553453739732504
121.15846059073374,0.9997349977493286,0.00028566832770593464
121.15914181622793,0.9999832510948181,0.00028587639098986983
121.15982294172863,0.9999352693557739,0.0002860542153939605
121.16050406722206,1.0000903606414795,0.0002862363471649587
121.16118529259984,0.9999883770942688,0.0002863923436962068
121.1618663180925,0.9996737837791443,0.00028651466709561646
121.16254744358594,0.9998623728752136,0.0002866675204131752
121.1632286690874,1.00022554397583,0.0002868293086066842
121.16390979458083,1.0001331567764282,0.00028693547938019037
121.16459092007426,0.9995924234390259,0.0002869941818062216
121.16527214556845,0.9997042417526245,0.000287090428173542
121.16595327106188,0.9998670220375061,0.00028717791428789496
121.16663439656259,0.9996778964996338,0.0002872242475859821
121.16731542193884,0.9999433755874634,0.0002872874611057341
121.16799664743303,0.999822199344635,0.00028730029589496553
121.16867777292646,0.9994150400161743,0.00028727701283060014
121.16935899842065,1.0003252029418945,0.0002873306511901319
121.17004012391408,0.9999064207077026,0.000287255592411384
121.17072124941478,1.0000121593475342,0.000287204107735306
121.17140247490897,0.9997872710227966,0.0002870992466341704
121.17208360028599,1.0000818967819214,0.0002870064345188439
121.17276482578018,1.0002467632293701,0.00028687267331406474
121.17344585127285,1.0000460147857666,0.0002866805880330503
121.17412697677355,0.9995606541633606,0.00028643565019592643
121.17480810226698,1.0003498792648315,0.00028625811683014035
121.17548932776117,0.9994746446609497,0.00028592016315087676
121.1761704532546,0.9998800754547119,0.0002856579376384616
121.17685167863237,0.9996201395988464,0.00028531442512758076
121.1775328041258,0.9998345375061035,0.0002849836309906095
121.17821392962651,0.9998708963394165,0.00028461444890126586
121.17889495511918,1.0000015497207642,0.00028423190815374255
121.17957618061337,0.9999144077301025,0.000283815577859059
121.1802573061068,1.0003676414489746,0.00028342055156826973
121.18093843160023,1.0003535747528076,0.00028297462267801166
121.18161965698528,0.9999075531959534,0.0002824759285431355
121.1823007824787,1.0001126527786255,0.000282013468677178
121.18298190797213,1.000182032585144,0.0002815269981510937
121.18366303346556,1.0001733303070068,0.00028102280339226127
121.184344158959,0.9994755387306213,0.00028045845101587474
121.1850252844597,0.99974125623703,0.00027995576965622604
121.18570650995389,1.000157356262207,0.00027946376940235496
121.1863876353309,0.9998149275779724,0.0002789042191579938
121.18706876082433,0.9993144869804382,0.00027832153136841953
121.18774988631776,1.0002493858337402,0.00027785272686742246
121.18843111181195,0.999931275844574,0.00027728392160497606
121.18911223731266,0.9998176097869873,0.0002767315017990768
121.18979326280532,0.9999568462371826,0.0002761934883892536
121.19047448829951,0.9997144341468811,0.00027563245384953916
121.19115561367653,1.0001434087753296,0.0002751218853518367
121.19183673917723,1.0005196332931519,0.0002746086975093931
121.19251786467066,1.0000008344650269,0.00027403258718550205
121.19319909016485,1.0003836154937744,0.00027353668701834977
121.19388021565828,0.9999752640724182,0.0002729810948949307
121.19456144115247,0.9996579885482788,0.00027244718512520194
121.19524246652873,0.9998061060905457,0.00027195524307899177
121.19592359202943,0.9998735785484314,0.0002714774163905531
121.19660471752286,1.0003371238708496,0.0002710473199840635
121.19728594301705,0.999861478805542,0.00027054903330281377
121.19796706851048,0.9998733997344971,0.00027011416386812925
121.19864829400467,1.00039541721344,0.00026973741478286684
121.19932941938896,0.9997037053108215,0.0002692878770176321
121.20001054488239,0.99984210729599,0.00026892073219642043
121.20069157037506,0.999849259853363,0.0002685749204829335
121.20137279586925,1.000057578086853,0.00026826380053535104
121.20205392136268,1.0000253915786743,0.0002679647004697472
121.20273514685687,0.9997867941856384,0.0002676678996067494
121.20341627224116,1.0001966953277588,0.0002674559655133635
121.20409739773459,0.9999261498451233,0.0002672082628123462
121.20477862322878,1.0001646280288696,0.0002670294779818505
121.2054597487222,0.9997307062149048,0.0002668204251676798
121.20614077422215,1.0001078844070435,0.0002667075314093381
121.20682199971634,0.9998718500137329,0.00026655770489014685
121.20750312509335,1.0001853704452515,0.00026649172650650144
121.20818425058678,1.0003811120986938,0.00026642571901902556
121.20886547608097,1.0002288818359375,0.00026635598624125123
121.2095466015744,1.00005304813385,0.0002663030754774809
121.21022772707511,1.0000123977661133,0.0002662766200955957
121.21090885245212,0.9999069571495056,0.00026626657927408814
121.21158997794555,1.000415325164795,0.00026632208027876914
121.21227110343898,1.0003855228424072,0.00026634824462234974
121.21295232893317,0.9999101161956787,0.00026634769164957106
121.21363345443388,1.0000704526901245,0.00026641585282050073
121.2143145799273,0.9992495775222778,0.0002664052590262145
121.21499570530432,1.000347375869751,0.00026657176204025745
121.21567693079851,0.9996399879455566,0.00026659489958547056
121.21635805629194,1.0001126527786255,0.0002667277294676751
121.21703908179188,0.9998091459274292,0.00026680424343794584
121.21772030728607,1.0003011226654053,0.00026694961707107723
121.21840143266309,0.9999790787696838,0.000267032184638083
121.21908255815652,1.000283122062683,0.0002671742986422032
121.21976368364994,1.000324010848999,0.00026730512036010623
121.22044490914413,1.0000977516174316,0.0002674177521839738
121.22112603464484,1.0002316236495972,0.00026756402803584933
121.22180716002185,0.9997998476028442,0.0002676584117580205
121.22248828551528,1.0004961490631104,0.00026786045054905117
121.22316941100871,0.9998480081558228,0.00026795468875207007
121.22385053650214,1.000040888786316,0.0002681170008145273
121.22453176200361,1.0000004768371582,0.00026826554676517844
121.22521288749704,1.00026273727417,0.0002684338833205402
121.22589401287405,0.9999767541885376,0.0002685632207430899
121.22657523836824,0.9999451637268066,0.0002687077212613076
121.22725636386167,1.0001658201217651,0.0002688704989850521
121.22793738936161,0.9999860525131226,0.00026900277589447796
121.2286186148558,0.9997500777244568,0.00026911660097539425
121.22929974023282,0.9999265670776367,0.0002692574926186353
121.22998086572625,0.9995877146720886,0.0002693509741220623
121.23066209122044,1.000238060951233,0.0002695131115615368
121.23134321671387,0.9997326135635376,0.0002695674484129995
121.23202444221533,1.000091314315796,0.00026968104066327214
121.23270556759235,0.9999080896377563,0.00026973331114277244
121.23338659308502,1.0001060962677002,0.0002697905292734504
121.23406771857844,0.9998241066932678,0.00026979640824720263
121.23474894407263,0.9997884631156921,0.0002697995223570615
121.23543006945692,0.9998301863670349,0.00026978703681379557
121.23611119495035,0.9999642372131348,0.00026975793298333883
121.23679242044454,0.9997723698616028,0.00026968587189912796
121.23747354593797,0.9998406767845154,0.0002696238807402551
121.23815477143216,0.999832272529602,0.0002695315924938768
121.23883579681569,0.9997849464416504,0.00026942865224555135
121.23951692230912,1.0000218152999878,0.0002693312999326736
121.24019804780255,1.0001968145370483,0.0002692180569283664
121.24087927329674,0.9998524188995361,0.0002690536784939468
121.24156039867376,1.0001685619354248,0.0002689337416086346
121.24224152416718,0.9998975992202759,0.0002687534433789551
121.24292274966865,0.9998033046722412,0.00026857954799197614
121.24360387516208,0.9996819496154785,0.0002683996281120926
121.24428500065551,0.9998160004615784,0.00026823129155673087
121.24496612603252,0.9994879961013794,0.0002680193865671754
121.24564725152595,0.9997230172157288,0.0002678479067981243
121.24632837702666,0.9997684955596924,0.00026765113580040634
121.24700950252009,0.9998226165771484,0.0002674481656868011
121.24769072789786,0.9997868537902832,0.000267232273472473
121.24837185339129,0.9995426535606384,0.00026699010049924254
121.24905297888472,0.9997481107711792,0.000266775896307081
121.24973420437891,0.9996877312660217,0.00026653744862414896
121.25041522976244,0.9997221231460571,0.00026629248168319464
121.25109635525587,0.9996843338012695,0.00026603753212839365
121.25177758075006,0.999608039855957,0.0002657684963196516
121.25245870624349,0.999640941619873,0.0002655076386872679
121.25313983174419,0.9997133016586304,0.0002652424736879766
121.25382105712197,0.9997915029525757,0.0002649694215506315
121.2545021826154,1.0000905990600586,0.0002647137444000691
121.25518330810883,0.9995638728141785,0.00026438586064614356
121.2558643336015,0.999793529510498,0.00026413387968204916
121.25654555897927,0.9998629689216614,0.0002638665901031345
121.25722668447997,1.0001108646392822,0.0002636213612277061
121.25790790997416,0.9997209310531616,0.00026334161520935595
121.2585890354676,1.0001001358032227,0.00026314507704228163
121.25927016084461,1.0002321004867554,0.00026295051793567836
121.2599513863388,1.0000988245010376,0.0002627527283038944
121.2606325118395,0.9997479915618896,0.00026257059653289616
121.26131353733217,0.9999319911003113,0.00026246148627251387
121.26199476282636,0.9999935626983643,0.0002623732143547386
121.26267588820338,1.000239372253418,0.00026233852258883417
121.2633570136968,1.000195026397705,0.00026230697403661907
121.264038239191,1.000150442123413,0.00026231614174321294
121.2647193646917,1.0002425909042358,0.00026236497797071934
121.26540059006948,0.9997768402099609,0.0002623975742608309
121.2660817155629,1.0000696182250977,0.00026253037503920496
121.26676274105557,1.0003585815429688,0.00026268220972269773
121.26744386655628,1.000471830368042,0.0002628467627801001
121.26812509193405,0.999758243560791,0.0002629589580465108
121.26880621742748,1.0002529621124268,0.00026320188771933317
121.26948734292091,1.0000402927398682,0.0002633905678521842
121.2701685684151,1.000093698501587,0.000263610971160233
121.27084969379212,1.0001128911972046,0.00026382639771327376
121.27153081929282,1.0003106594085693,0.00026405538665130734
121.27221194478625,1.0004383325576782,0.00026427221018821
121.27289307027968,1.000296950340271,0.0002644554479047656
121.27357419565669,1.0000075101852417,0.0002646067296154797
121.27425542115088,0.9998747110366821,0.00026474337209947407
121.27493654665159,0.9998906254768372,0.00026486857677809894
121.2756176720286,1.000356912612915,0.0002650001842994243
121.27629879752203,0.9997299909591675,0.00026500748936086893
121.27698002301622,1.000179409980774,0.0002650789974723011
121.27766104850889,0.9999247789382935,0.00026505443383939564
121.27834217389318,1.000152349472046,0.0002650588867254555
121.27902339938737,0.9997758269309998,0.00026498630177229643
121.2797045248808,1.0001164674758911,0.0002649620873853564
121.28038565037423,1.0000977516174316,0.0002648889785632491
121.281066875752,1.000048041343689,0.0002648110967129469
121.28174800124543,0.9999103546142578,0.0002647179935593158
121.28242912674614,0.999943733215332,0.00026463670656085014
121.2831101522388,1.0001466274261475,0.0002645768690854311
121.28379137761658,1.0000118017196655,0.0002644961641635746
121.28447250311001,0.9996225833892822,0.0002643994812387973
121.28515362860344,1.0003597736358643,0.0002644149644766003
121.2858348541049,1.0002734661102295,0.0002643751504365355
121.28651597948192,1.0001027584075928,0.0002643423795234412
121.28719720497611,1.0002269744873047,0.0002643487532623112
121.28787833046954,0.9997946619987488,0.0002643268962856382
121.28855935584579,0.9998831152915955,0.00026437154156155884
121.2892404813465,0.9999170899391174,0.000264424568740651
121.28992170684069,1.0001178979873657,0.00026450984296388924
121.29060283233412,0.9997998476028442,0.0002645652857609093
121.29128405771189,0.9997361302375793,0.00026465096743777394
121.29196518320532,1.000247836112976,0.000264796573901549
121.29264630869875,0.999890148639679,0.0002648741356097162
121.29332753420022,1.0000730752944946,0.00026500175590626895
121.29400855957647,0.9999038577079773,0.0002650969254318625
121.2946896850699,0.9999448657035828,0.00026521156542003155
121.29537091056409,0.9999264478683472,0.00026531555340625346
121.2960520359411,1.000171422958374,0.00026542512932792306
121.29673316144181,1.0001256465911865,0.00026550490292720497
121.297414386936,0.9998332262039185,0.000265543902060017
121.29809551231301,0.9998828172683716,0.0002655991993378848
121.29877663780644,1.0003247261047363,0.0002656746073625982
121.29945766329911,1.0002163648605347,0.0002656869764905423
121.30013888880057,0.9999602437019348,0.00026566366432234645
121.30082001417759,1.000394582748413,0.0002656892756931484
121.30150123967178,1.0000180006027222,0.00026562981656752527
121.30218236516521,1.0001980066299438,0.0002656032738741487
121.30286349054222,1.0000566244125366,0.00026553342468105257
121.30354461603565,0.9998109340667725,0.0002654422423802316
121.30422584153712,0.9999656081199646,0.00026536514633335173
121.30490686702979,0.999833345413208,0.0002652540570124984
121.3055879924068,0.9999089241027832,0.00026514483033679426
121.30626921790099,0.9998308420181274,0.00026501150568947196
121.30695034339442,0.999454140663147,0.00026483472902327776
121.30763146877871,0.9997177720069885,0.00026470437296666205
121.3083126942729,1.0003827810287476,0.00026459500077180564
121.30899381976633,0.9998810887336731,0.000264367728959769
121.30967494514334,1.0002202987670898,0.00026419758796691895
121.31035607063677,1.0000686645507812,0.00026396955945529044
121.31103719613748,0.9998069405555725,0.0002637255238369107
121.3117183216309,1.0000497102737427,0.00026350643020123243
121.31239944700792,0.9999509453773499,0.0002632371033541858
121.31308067250211,0.9998379349708557,0.0002629505761433393
121.31376179799554,1.0000147819519043,0.00026267478824593127
121.31444292337983,1.000016450881958,0.0002623710606712848
121.31512414887402,0.9998765587806702,0.000262034242041409
121.31580527436745,0.9997507929801941,0.0002616895944811404
121.3164862997437,0.9999047517776489,0.0002613440155982971
121.31716752523789,1.0002522468566895,0.00026101034018211067
121.31784865073132,1.0002039670944214,0.00026063460973091424
121.31852977623203,1.000030755996704,0.00026024458929896355
121.3192110016098,0.9995773434638977,0.0002598301798570901
121.31989212710323,0.9994969367980957,0.0002594570687506348
121.32057335259742,1.0002481937408447,0.00025916044251061976
121.32125447797443,1.0000219345092773,0.000258790299994871
121.32193550347438,0.999980628490448,0.00025845097843557596
121.32261662896781,1.0001884698867798,0.0002581600856501609
121.32329785434558,0.9998450875282288,0.0002578355197329074
121.32397897983901,0.9998444318771362,0.0002575699472799897
121.32466010533244,0.9997973442077637,0.00025732474750839174
121.32534133071022,1.000085711479187,0.00025713504874147475
121.32602245621092,1.0001718997955322,0.0002569521893747151
121.32670368170511,1.0002816915512085,0.00025681243278086185
121.32738470708136,0.999867856502533,0.00025664217537268996
121.3280658325748,1.000089168548584,0.00025656845537014306
121.3287469580755,1.0002552270889282,0.0002565007598605007
121.32942818345327,1.0002145767211914,0.0002564497117418796
121.3301093089467,0.999711811542511,0.00025637884391471744
121.33079043444013,1.0001521110534668,0.0002564182796049863
121.33147165981791,1.0005519390106201,0.0002564692695159465
121.33215278531134,0.999798059463501,0.00025643198750913143
121.33283381081128,0.9995808005332947,0.0002564490423537791
121.33351503618906,1.0002241134643555,0.00025655917124822736
121.33419616168248,1.0002690553665161,0.0002566136827226728
121.33487728717591,0.9997391104698181,0.000256620638538152
121.33555851255369,1.0000075101852417,0.0002566954935900867
121.3362396380544,0.9999693036079407,0.0002567456685937941
121.33692076354782,0.9998798966407776,0.0002567750634625554
121.33760188892484,0.9997445344924927,0.0002567963965702802
121.33828301441827,1.0000572204589844,0.00025684997672215104
121.3389641399117,1.000084400177002,0.00025686807930469513
121.33964526529599,0.9999184608459473,0.0002568705240264535
121.34032649079018,0.9999999403953552,0.00025687890592962503
121.3410076162836,1.0000866651535034,0.0002568962227087468
121.34168874166062,1.0000261068344116,0.00025690076290629804
121.34236996715481,1.0001988410949707,0.00025692288181744516
121.34305109264824,1.0001648664474487,0.00025693723000586033
121.34373211803177,1.0001505613327026,0.00025695303338579834
121.34441334352596,1.0000993013381958,0.0002569821081124246
121.34509446901939,0.9999437928199768,0.00025700387777760625
121.3457755943964,0.9998890161514282,0.0002570502692833543
121.34645681989059,0.9999725222587585,0.0002571288787294179
121.3471379453913,1.0000996589660645,0.0002572097291704267
121.34781907076831,0.9996586441993713,0.000257260660873726
121.3485002962625,1.0003345012664795,0.0002574212267063558
121.34918132175517,1.0001102685928345,0.0002575165417511016
121.34986244713218,0.9998784065246582,0.00025762326549738646
121.35054367262637,1.0002374649047852,0.00025779701536521316
121.35122479812708,0.9993263483047485,0.00025786642800085247
121.35190592350409,0.9998213052749634,0.00025807417114265263
121.35258714899828,0.9999435544013977,0.0002582593879196793
121.35326827449171,0.9998927116394043,0.0002584356989245862
121.35394949986949,1.0004216432571411,0.0002586721966508776
121.35463042536867,1.000112533569336,0.0002588444040156901
121.35531165074644,1.00005042552948,0.00025904085487127304
121.35599277623987,1.0006206035614014,0.0002593072422314435
121.35667400173406,1.0002607107162476,0.0002594951947685331
121.35735512711108,0.9999066591262817,0.0002597020647954196
121.35803625261178,0.9999701380729675,0.00025995183386839926
121.35871747810597,1.00028395652771,0.0002602298045530915
121.35939860348299,1.000065565109253,0.00026048594736494124
121.36007962897565,0.9997736215591431,0.00026074136258102953
121.36076085446985,1.000054955482483,0.0002610705269034952
121.36144197985413,0.9999767541885376,0.0002613880205899477
121.36212310534756,1.000195860862732,0.00026173569494858384
121.36280433072534,0.9998804330825806,0.0002620698942337185
121.36348545621877,0.999644935131073,0.00026242152671329677
121.3641665817122,0.9997983574867249,0.0002628167567308992
121.36484770708921,0.999758780002594,0.00026321900077164173
121.36552883258992,0.9999018311500549,0.0002636483695823699
121.36620995808335,0.9999420642852783,0.00026407884433865547
121.36689108346036,0.999678373336792,0.000264492176938802
121.36757230895455,1.0002011060714722,0.0002649743983056396
121.36825343444798,1.0002131462097168,0.0002654101117514074
121.36893455983227,0.9998239278793335,0.0002658037992659956
121.36961578532646,1.0001119375228882,0.00026624053134582937
121.37029691070347,1.0000941753387451,0.00026663701282814145
121.37097793619614,0.9999640583992004,0.0002669988898560405
121.37165906168957,0.9998915195465088,0.00026733128470368683
121.37234028707462,0.9999781847000122,0.0002676422300282866
121.37302141256805,1.0002996921539307,0.00026793318102136254
121.37370253794506,1.0000156164169312,0.00026811682619154453
121.37438376343925,1.0001431703567505,0.00026828437694348395
121.37506488893268,0.9999509453773499,0.0002683689526747912
121.37574601431697,1.0002152919769287,0.0002684226492419839
121.3764271398104,0.9993879795074463,0.0002683191851247102
121.37710826530383,0.9996700882911682,0.00026823882944881916
121.37778939068085,1.0000801086425781,0.00026810140116140246
121.37847061617504,1.0000461339950562,0.00026786746457219124
121.37915174166847,1.0002145767211914,0.00026760133914649487
121.37983286705276,0.9999560117721558,0.00026725829229690135
121.38051409254695,1.0001503229141235,0.0002669324749149382
121.38119521792396,0.9997357726097107,0.0002665337233338505
121.38187624341663,0.999569833278656,0.0002661550824996084
121.3825574687944,0.9999237656593323,0.0002658346784301102
121.38323859429511,1.0000059604644775,0.00026550982147455215
121.38391971978854,0.999996542930603,0.0002652064140420407
121.38460094516631,0.999817967414856,0.0002649221569299698
121.38528207065974,0.9999943971633911,0.0002647141518536955
121.38596329615393,1.0001622438430786,0.0002645525091793388
121.38664442153095,1.000101923942566,0.0002644175838213414
121.38732554703165,0.9999271035194397,0.000264329049969092
121.3880065724079,0.9995065331459045,0.0002642726758494973
121.3886877979021,0.9997953772544861,0.0002643314946908504
121.38936892339552,0.9998393654823303,0.0002644129563122988
121.3900501487733,0.9996285438537598,0.00026451656594872475
121.390731274274,1.000247597694397,0.0002647296350914985
121.39141239965102,0.999978244304657,0.00026489069568924606
121.39209352514445,1.0002973079681396,0.00026512015028856695
121.39277475063864,1.0000710487365723,0.00026531913317739964
121.39345577601489,1.0000962018966675,0.0002655375574249774
121.3941369015156,0.999803364276886,0.00026571069611236453
121.39481812689337,1.0002901554107666,0.00026592836366035044
121.3954992523868,1.0002374649047852,0.00026606267783790827
121.39618037776381,0.9998635649681091,0.000266130140516907
121.396861603258,1.0001986026763916,0.0002661867765709758
121.39754272875143,0.9999398589134216,0.0002661242615431547
121.39822385413572,1.0002241134643555,0.0002660274039953947
121.39890497962915,0.9999596476554871,0.0002658121520653367
121.39958610512258,1.0005998611450195,0.00026559000252746046
121.4002672304996,0.9999250769615173,0.0002651847607921809
121.4009483560003,0.9997900128364563,0.00026478097424842417
121.40162958137807,0.9998350143432617,0.0002643242187332362
121.4023107068715,0.9999816417694092,0.0002638383593875915
121.40299183224852,1.0001354217529297,0.0002633284602779895
121.40367305774271,0.9999009966850281,0.00026275997515767813
121.40435408323538,0.9996954202651978,0.00026219262508675456
121.40503520861967,0.9996442198753357,0.0002616324636619538
121.40571643411386,1.0003175735473633,0.000261150358710438
121.40639755949087,1.0001423358917236,0.000260616943705827
121.4070786849843,1.000024676322937,0.00026011074078269303
121.40775991036207,0.9998193979263306,0.000259640219155699
121.40844103586278,0.9997557997703552,0.0002592281671240926
121.40912226135697,1.0000004768371582,0.0002588872448541224
121.40980318673246,0.9995332360267639,0.00025853660190477967
121.41048441222665,1.000070571899414,0.0002583269670139998
121.41116553760367,0.9994847178459167,0.0002580830187071115
121.41184676309786,1.000291109085083,0.00025801442097872496
121.41252788859856,1.000067949295044,0.00025790304061956704
121.41320901397557,1.0001271963119507,0.00025787632330320776
121.41389023946977,1.000108242034912,0.0002578859857749194
121.41457136484678,0.9999414682388306,0.000257925596088171
121.41525239034672,1.000377893447876,0.00025805848417803645
121.4159336157245,1.000114917755127,0.0002581517328508198
121.41661474121793,1.000288724899292,0.0002583175082691014
121.41729586671136,0.9997677206993103,0.0002584352623671293
121.41797709208913,0.9998378753662109,0.0002586087503004819
121.41865821758256,1.0002672672271729,0.0002588232164271176
121.41933934296685,0.9997673630714417,0.00025894795544445515
121.42002056846104,1.0000030994415283,0.00025912473211064935
121.4207015938373,0.9997426271438599,0.00025924871442839503
121.42138271933072,1.0000685453414917,0.00025940852356143296
121.4220639447085,1.000486135482788,0.0002595573605503887
121.4227450702092,0.9994944334030151,0.00025956594618037343
121.42342619570263,0.9998058676719666,0.0002596723206806928
121.42410742108041,0.9997828602790833,0.00025973498122766614
121.42478854657384,0.9998620748519897,0.00025978655321523547
121.42546967195085,0.9997284412384033,0.00025980547070503235
121.42615079744428,1.0002244710922241,0.00025986097170971334
121.42683192282857,0.9996302723884583,0.00025981731596402824
121.427513048322,0.9999067187309265,0.0002598341088742018
121.42819417369901,1.0001965761184692,0.00025983716477639973
121.4288753991932,1.0000633001327515,0.0002598011342342943
121.42955652468663,1.000063180923462,0.00025976644246838987
121.43023765007092,1.0000903606414795,0.0002597231068648398
121.43091887556511,1.000136137008667,0.00025967732653953135
121.43159990094136,1.0000840425491333,0.0002596121630631387
121.4322810264348,1.0000940561294556,0.00025954758166335523
121.43296225181257,1.0000122785568237,0.0002594604156911373
121.43364337731327,0.9995359182357788,0.00025933259166777134
121.43432450269029,0.9999622106552124,0.0002592676901258528
121.43500572818448,0.999867856502533,0.00025914539583027363
121.43568685367791,1.0000110864639282,0.0002590286312624812
121.43636797905492,1.0003880262374878,0.00025891317636705935
121.43704900455486,1.0001235008239746,0.0002587189374025911
121.43773022993264,0.9995319247245789,0.00025847036158666015
121.43841135542607,1.0000923871994019,0.00025829850346781313
121.43909248080308,0.9997873306274414,0.0002580204454716295
121.43977370629727,0.9999719858169556,0.0002577533887233585
121.44045483167429,0.9995891451835632,0.0002574137761257589
121.44113605717575,1.0000088214874268,0.0002571232325863093
121.44181718255277,0.9996312856674194,0.00025674194330349565
121.44249820804544,0.9999866485595703,0.00025641213869675994
121.44317933342245,0.9995365738868713,0.00025600791559554636
121.44386055891664,1.0003373622894287,0.0002556989493314177
121.44454168441735,0.9998260736465454,0.00025527714751660824
121.44522290979512,1.0000648498535156,0.00025492048007436097
121.44590403528855,1.0004760026931763,0.0002545812167227268
121.44658516066556,1.000228762626648,0.00025419247685931623
121.44726638615975,0.9998102188110352,0.00025379445287398994
121.44794741154328,0.9992293119430542,0.00025339427520520985
121.44862853703671,1.0003026723861694,0.000253152335062623
121.44930976241449,0.9997108578681946,0.0002527738397475332
121.44999088790792,0.9994667768478394,0.0002524383016861975
121.45067201328493,1.000820279121399,0.00025226842262782156
121.45135323877912,0.9999678730964661,0.00025191641179844737
121.45203436416341,1.000588059425354,0.0002517125103622675
121.45271548965684,0.999772846698761,0.0002513938525225967
121.45339661503385,1.000074028968811,0.00025120051577687263
121.45407774052728,0.9999732971191406,0.0002509781625121832
121.4547588659043,0.9995906352996826,0.00025075575103983283
121.455439991405,0.999605655670166,0.0002505859883967787
121.45612121689919,1.0000272989273071,0.00025047079543583095
121.4568023422762,0.9999873042106628,0.0002503292926121503
121.45748346776963,1.000580072402954,0.0002502638380974531
121.45816469314741,0.9999580979347229,0.0002501094713807106
121.45884571864735,1.0007256269454956,0.0002501000417396426
121.45952684402437,0.999834418296814,0.0002499668626114726
121.46020806951856,1.0002199411392212,0.00024997431319206953
121.46088919489557,1.0000337362289429,0.00024995399871841073
121.461570320389,1.0000851154327393,0.00024998211301863194
121.46225144577329,1.0004925727844238,0.00025006994837895036
121.46293267126748,0.9999191164970398,0.0002501012058928609
121.4636137966445,1.0002332925796509,0.0002502447459846735
121.46429492213792,0.9998688697814941,0.00025036087026819587
121.46497604751494,0.9999119639396667,0.00025054547586478293
121.46565717300837,1.0000377893447876,0.00025076945894397795
121.46633829839266,0.9997570514678955,0.0002509906771592796
121.46701952388685,1.0001792907714844,0.00025131512666121125
121.46770064926386,0.999847412109375,0.00025159295182675123
121.46838177475729,1.0002388954162598,0.00025197313516400754
121.46906300013507,1.0001716613769531,0.00025233381893485785
121.46974412563577,0.9998980760574341,0.0002527115575503558
121.47042515101202,0.9998345971107483,0.00025312366778962314
121.47110637650621,0.9999565482139587,0.00025356869446113706
121.47178750188323,1.0001919269561768,0.0002540358400437981
121.47246862737666,1.0001877546310425,0.00025449279928579926
121.47314985275443,1.000490665435791,0.00025497726164758205
121.47383097825514,1.0000919103622437,0.00025538975023664534
121.47451220363291,0.9995530247688293,0.00025578096392564476
121.47519332912634,0.9999288320541382,0.0002562367299105972
121.4758743545026,0.9999884366989136,0.00025663754786364734
121.4765554800033,0.9999417066574097,0.00025699404068291187
121.47723670538107,0.9999018907546997,0.00025731208734214306
121.4779178308745,1.0002150535583496,0.0002576101687736809
121.47859905625228,1.0003336668014526,0.0002578381390776485
121.47928018174571,1.0004783868789673,0.0002580069121904671
121.47996130712272,1.000156044960022,0.0002580676518846303
121.48064243262343,1.000077486038208,0.00025808182545006275
121.48132355800044,0.999899685382843,0.0002580215805210173
121.48200468349387,0.9997897744178772,0.00025790775544010103
121.48268590887164,0.9998544454574585,0.0002577586565166712
121.48336703436507,1.000038504600525,0.00025756648392416537
121.48404815974936,0.9997646808624268,0.0002572886587586254
121.48472928524279,0.9998250603675842,0.0002570094948168844
121.48541051062057,0.99968421459198,0.00025667829322628677
121.486091636114,0.9999597668647766,0.00025636175996623933
121.48677266149025,1.0003597736358643,0.000256037077633664
121.48745388698444,0.9997026324272156,0.00025560602080076933
121.48813501236873,0.9998580813407898,0.0002552455407567322
121.48881613786216,1.0002028942108154,0.00025489251129329205
121.48949726323917,0.999960720539093,0.00025449437089264393
121.49017848861695,1.000213384628296,0.0002541610738262534
121.49085961411038,1.0002086162567139,0.00025379995349794626
121.49154073949467,0.9998216032981873,0.0002534347295295447
121.4922218649881,1.000065803527832,0.000253140227869153
121.49290299036511,0.9999184012413025,0.00025283702416345477
121.49358411585854,1.0000369548797607,0.0002525840827729553
121.49426534123631,1.000260353088379,0.00025236618239432573
121.49494646673702,1.0001118183135986,0.00025214487686753273
121.49562759211403,1.00033700466156,0.00025199068477377295
121.49630881760822,0.9996985793113708,0.0002517856773920357
121.49698994298524,1.0006004571914673,0.00025175264454446733
121.4976709684779,1.0003037452697754,0.00025164379621855915
121.4983520938622,0.999962329864502,0.00025155895855277777
121.49903331935639,1.000222086906433,0.0002515595406293869
121.4997144447334,0.9999476075172424,0.0002515464148018509
121.50039567022759,1.0000602006912231,0.00025159752112813294
121.5010767956046,0.9997888207435608,0.00025164082762785256
121.50175792098162,1.0002299547195435,0.00025177086354233325
121.50243914648308,0.9997532367706299,0.00025184612604789436
121.50312017185934,0.9995656609535217,0.00025196789647452533
121.50380129735277,0.9998192191123962,0.00025214802008122206
121.50448252273054,0.9997698664665222,0.0002523250295780599
121.50516364822397,1.0000941753387451,0.00025254522915929556
121.50584477360826,0.9999772906303406,0.0002527443284634501
121.50652599910245,1.000102162361145,0.00025297541287727654
121.50720712447946,1.000137448310852,0.00025320934946648777
121.5078882499729,0.9999829530715942,0.00025343705783598125
121.50856937534991,0.9994958639144897,0.0002536510000936687
121.50925050085061,0.9999803304672241,0.0002539498673286289
121.50993162622763,1.000052571296692,0.0002542191941756755
121.5106128516054,1.0004298686981201,0.0002545243187341839
121.51129397709883,0.9998211860656738,0.0002547376789152622
121.51197510247584,1.000135898590088,0.00025503928191028535
121.51265632797003,1.000008463859558,0.00025528654805384576
121.51333745335432,0.9996606707572937,0.0002555144892539829
121.51401847884699,0.9996079206466675,0.0002557545085437596
121.51469970422477,1.0001776218414307,0.0002560405118856579
121.5153808297182,1.0000334978103638,0.00025624746922403574
121.51606195509521,0.9998661279678345,0.00025643600383773446
121.5167430804795,1.0000039339065552,0.0002566291077528149
121.51742430597369,0.999834418296814,0.00025677206576801836
121.5181054313507,1.0000369548797607,0.0002569170610513538
121.51878655684413,1.0000590085983276,0.0002570199721958488
121.51946768222115,0.9998663663864136,0.000257070962106809
121.52014880772185,0.9999391436576843,0.0002571098739281297
121.52082993309887,0.9998146891593933,0.00025709494366310537
121.52151115859306,0.9995502829551697,0.00025703333085402846
121.52219228397007,1.000040054321289,0.00025700131664052606
121.52287340934708,1.0001786947250366,0.00025691825430840254
121.52355463484128,1.000115156173706,0.0002567843475844711
121.52423576022557,1.0005708932876587,0.0002566793991718441
121.52491678571823,1.0002456903457642,0.00025648216251283884
121.52559791109525,0.9997854828834534,0.0002562604786362499
121.52627913658944,1.000636339187622,0.00025614554760977626
121.52696026196645,0.9998085498809814,0.0002558693813625723
121.52764138735074,0.9997764229774475,0.00025566190015524626
121.52832261284493,0.9998971819877625,0.00025546076358295977
121.52900373822195,0.999933660030365,0.00025525252567604184
121.52968496371614,1.0000355243682861,0.00025505671510472894
121.53036598909239,0.9999069571495056,0.00025483695208095014
121.5310471145931,1.000113844871521,0.0002546543546486646
121.5317282399701,1.0002135038375854,0.00025446427753195167
121.53240946534788,0.9997814893722534,0.00025423397892154753
121.53309059084131,1.0000200271606445,0.00025406983331777155
121.53377181621909,1.0000718832015991,0.0002538980625104159
121.53445294171252,0.9998388290405273,0.0002537023392505944
121.5351340670968,1.000099778175354,0.0002535529201850295
121.535815292591,1.0005393028259277,0.0002534280065447092
121.53649631796725,1.0001779794692993,0.0002532352227717638
121.53717744334426,1.000441312789917,0.0002530959318391979
121.53785856884497,1.0000194311141968,0.0002529001503717154
121.53853979422274,1.0000739097595215,0.00025273446226492524
121.53922091971617,1.0001802444458008,0.0002525790187064558
121.53990214509395,1.0002292394638062,0.0002524142328184098
121.54058327058738,0.9996205568313599,0.00025217782240360975
121.54126439596439,0.9999271035194397,0.0002520188572816551
121.54194542134792,0.9995138049125671,0.0002517857647035271
121.54262664684211,1.0002113580703735,0.00025164594990201294
121.54330777221912,1.0001919269561768,0.00025143803213723004
121.54398889771255,1.0006693601608276,0.0002513313083909452
121.54467012309033,1.0004371404647827,0.00025104416999965906
121.54535124847462,1.000040888786316,0.00025080039631575346
121.54603237396805,1.0000882148742676,0.0002505966695025563
121.54671359934582,1.0003256797790527,0.00025042062043212354
121.54739462483849,0.9997876286506653,0.00025018068845383823
121.5480757502155,1.0001928806304932,0.0002500333939678967
121.54875697559328,0.9998703598976135,0.0002498324029147625
121.54943810109398,0.9995499849319458,0.00024964712793007493
121.550119226471,1.0000666379928589,0.0002495469234418124
121.55080045196519,1.0000956058502197,0.0002494246291462332
121.5514815773422,0.9999802708625793,0.00024930768995545805
121.55216270271922,1.0002131462097168,0.0002492341445758939
121.55284372821916,1.0002326965332031,0.0002491894119884819
121.55352495359693,1.0001481771469116,0.00024910664069466293
121.55420607909036,0.9998202323913574,0.0002490422048140317
121.55488720446738,1.0003314018249512,0.0002490754995960742
121.55556842984515,0.999943196773529,0.00024904636666178703
121.55624955534586,1.0000468492507935,0.0002490754995960742
121.55693068072287,1.0004303455352783,0.00024915291578508914
121.55761190621706,0.9997772574424744,0.0002491476770956069
121.55829293159331,0.9999858140945435,0.00024923711316660047
121.55897405697033,1.0000288486480713,0.00024932384258136153
121.5596552824718,0.9997338056564331,0.0002494009677320719
121.56033640784881,0.9999966621398926,0.00024952899548225105
121.56101753334224,1.0002883672714233,0.00024967457284219563
121.56169875872001,1.0000026226043701,0.00024977323482744396
121.56237988409703,0.9998566508293152,0.00024989820667542517
121.56306110959122,1.0001429319381714,0.0002500606933608651
121.56374213497475,0.9998457431793213,0.00025017804000526667
121.56442326046817,0.9998289942741394,0.00025032777921296656
121.56510438584519,0.9995719790458679,0.0002504645090084523
121.56578561122296,1.0003440380096436,0.0002506986784283072
121.5664667367164,0.9996697306632996,0.0002508054312784225
121.56714796210144,0.9996268153190613,0.0002509700134396553
121.56782908759487,1.000044345855713,0.00025118893245235085
121.56851021297189,1.000360131263733,0.00025139606441371143
121.56919123834814,0.999672532081604,0.00025152164744213223
121.56987246384233,0.9998888373374939,0.00025172880850732327
121.57055358922662,0.999946117401123,0.00025193646433763206
121.5712348146044,1.0000587701797485,0.0002521497954148799
121.57191594009782,0.9997879266738892,0.00025232654297724366
121.57259706547484,1.0005509853363037,0.0002526080934330821
121.57327819096827,1.0001437664031982,0.00025279074907302856
121.57395941634604,0.9998435378074646,0.00025297942920587957
121.575321567223,0.999970018863678,0.00025343376910313964
121.57600279260078,1.000070333480835,0.00025367565103806555
121.57668391797779,0.9998714327812195,0.00025387786445207894
121.57736504347122,1.0004448890686035,0.0002541520516388118
121.57804626885627,0.9996844530105591,0.0002543054870329797
121.5787273943497,1.0002021789550781,0.0002545702736824751
121.57940851972671,0.999917209148407,0.00025475406437180936
121.58008954510296,0.9998789429664612,0.0002549517375882715
121.58077077059716,0.9996582865715027,0.00025513433502055705
121.58145189598144,1.0001215934753418,0.00025536338216625154
121.58213302135846,1.0000317096710205,0.000255528197158128
121.58281424685265,0.9998764991760254,0.0002556801191531122
121.58349537222966,1.0000863075256348,0.00025585354887880385
121.58417649760668,1.0003976821899414,0.0002560209250077605
121.58485772310087,0.9997988939285278,0.00025609778822399676
121.5855387484844,0.9998213052749634,0.0002562258450780064
121.58621987397783,0.9997334480285645,0.00025632960023358464
121.5869010993556,1.0002808570861816,0.00025648114387877285
121.58758222473261,0.9998007416725159,0.00025653064949437976
121.58826335022604,0.9998471736907959,0.0002566228504292667
121.5889445756111,0.9996886849403381,0.00025668900343589485
121.58962570098811,0.9996899962425232,0.00025675384677015245
121.59030682648154,0.999776303768158,0.000256821746006608
121.59098785185779,0.9995678067207336,0.0002568608906585723
121.59166907723557,1.000132441520691,0.00025695021031424403
121.59235020273627,1.0001178979873657,0.00025698612444102764
121.59303142811405,0.9996857047080994,0.00025696662487462163
121.59371255349106,0.999741792678833,0.00025699310936033726
121.59439367898449,1.0002256631851196,0.00025703260325826705
121.59507490436226,0.9996004700660706,0.00025697052478790283
121.59575602973928,1.000104308128357,0.0002569942153058946
121.59643705523922,0.9998441934585571,0.00025693466886878014
121.597118280617,1.00029456615448,0.00025692302733659744
121.59779940611043,0.999285876750946,0.00025677343364804983
121.59848053148744,0.9996906518936157,0.00025673164054751396
121.59916175686521,0.9994800090789795,0.000256615923717618
121.59984288236592,1.0001224279403687,0.00025656045181676745
121.60052400774293,0.999915599822998,0.00025641382671892643
121.60120523312071,1.0003443956375122,0.00025630492018535733
121.60188625861338,1.000090479850769,0.00025611024466343224
121.60256738399039,0.9999010562896729,0.00025590223958715796
121.60324860937544,0.9998851418495178,0.00025570046273060143
121.60392973486887,0.9998941421508789,0.0002554714446887374
121.60461086024588,1.0002529621124268,0.0002552637888584286
121.60529208562366,0.9997873902320862,0.0002549686178099364
121.60597321111709,0.9996667504310608,0.0002547001058701426
121.60665433650138,0.99991375207901,0.00025445339269936085
121.60733546187839,0.9997329711914062,0.0002541699504945427
121.60801658737182,0.9999253749847412,0.0002539076376706362
121.60869771274884,0.9995368719100952,0.00025359500432386994
121.60937883812585,1.0004537105560303,0.0002534005616325885
121.61006006362004,0.9999613165855408,0.0002530763449613005
121.61074118900433,1.0002716779708862,0.0002528353361412883
121.61142231438134,0.9999863505363464,0.00025254650972783566
121.61210353987553,1.0000733137130737,0.00025229068705812097
121.61278466525255,0.9997849464416504,0.00025200977688655257
121.61346569063608,1.0000567436218262,0.0002517901302780956
121.61414691613027,0.9999030828475952,0.0002515405067242682
121.61482804150728,0.99984210729599,0.0002513478393666446
121.6155091668843,0.9999960660934448,0.00025109935086220503
121.61619029226131,0.9997485876083374,0.00025086960522457957
121.6168715177555,1.0001639127731323,0.0002507129102014005
121.61755264313979,0.999825656414032,0.0002504970761947334
121.61823386863398,1.0001229047775269,0.0002503521682228893
121.61891489401023,0.9996901750564575,0.00025015469873324037
121.61959601938725,0.9999971389770508,0.0002500296977814287
121.62027714476426,1.0000027418136597,0.000249893288128078
121.62095837026573,1.0001407861709595,0.00024978554574772716
121.62163949564274,1.0001589059829712,0.0002496766683179885
121.62232072102051,1.0001060962677002,0.00024958091671578586
121.62300184651394,1.0002453327178955,0.0002495122607797384
121.62368297189096,1.000432014465332,0.00024946927442215383
121.62436399727449,0.9999640583992004,0.0002493911888450384
121.62504522276868,1.0003597736358643,0.0002494094369467348
121.62572634814569,1.0003098249435425,0.0002494125801604241
121.6264074735227,0.9997898936271667,0.0002493918582331389
121.6270886990169,1.000251054763794,0.00024948979262262583
121.62776982439391,1.0002646446228027,0.000249564676778391
121.62845104977896,0.9998828768730164,0.00024963609757833183
121.62913217527239,0.9998947978019714,0.0002497666282579303
121.62981320064864,1.0008788108825684,0.0002500113332644105
121.63049432602566,1.0003533363342285,0.0002501349081285298
121.63117555140343,1.0005652904510498,0.0002503559226170182
121.63185667690414,0.9999328851699829,0.00025052641285583377
121.63253790228191,0.9999246597290039,0.00025076151359826326
121.63321902765892,1.000126838684082,0.0002510393096599728
121.63390015315235,1.0003573894500732,0.0002513256622478366
121.63458127852937,1.0002628564834595,0.0002516106469556689
121.63526240391366,1.0000331401824951,0.00025185669073835015
121.63594352940709,1.0000616312026978,0.0002521455753594637
121.6366246547841,0.9999275207519531,0.0002524150477256626
121.63730588016188,0.9996183514595032,0.00025266254669986665
121.63798700553889,1.000197410583496,0.0002529703779146075
121.63866813103232,0.9996395111083984,0.0002531684876885265
121.63934935641737,0.9994393587112427,0.0002533729129936546
121.64003048179438,0.9997206330299377,0.0002535912790335715
121.64071150728705,1.0001513957977295,0.00025379369617439806
121.64139273266483,1.0000691413879395,0.00025391660165041685
121.64207385804184,1.0000866651535034,0.00025400854065082967
121.64275498342613,1.0001552104949951,0.0002540694840718061
121.64343610891956,1.0001729726791382,0.0002540735004004091
121.64411733429733,1.0003472566604614,0.00025405039195902646
121.64479845967435,1.0000718832015991,0.0002539529523346573
121.64547958516778,1.0000873804092407,0.00025384087348356843
121.64616071055207,0.9997310638427734,0.00025367463240399957
121.64684183592908,1.0002002716064453,0.00025355556863360107
121.6475229613061,1.0005332231521606,0.00025341653963550925
121.64820418680029,1.0005165338516235,0.000253229693043977
121.6488853121773,1.0000231266021729,0.0002530065248720348
121.64956643755431,1.000095248222351,0.0002528275072108954
121.65024766305578,1.000072956085205,0.00025264741270802915
121.6509287884328,1.00044584274292,0.0002525140007492155
121.65160981380905,1.0003606081008911,0.0002523590228520334
121.65229103918682,1.000314474105835,0.00025222101248800755
121.65297216468025,1.0000721216201782,0.0002520909474696964
121.65365329006454,1.0003387928009033,0.00025202601682394743
121.65433451544232,1.000164270401001,0.0002519505796954036
121.65501564093574,1.0001205205917358,0.00025190823362208903
121.65569686631352,0.999849796295166,0.00025187761639244854
121.65637799169053,1.0000994205474854,0.00025191917666234076
121.65705901707406,0.9999936819076538,0.00025194836780428886
121.65774014256749,1.000210165977478,0.0002520357083994895
121.65842136794527,1.0003852844238281,0.0002521288115531206
121.65910249332228,1.000278353691101,0.0002522336726542562
121.65978361881571,1.0002132654190063,0.0002523449365980923
121.66046484419348,1.000089406967163,0.00025246237055398524
121.66114596957777,0.9998538494110107,0.00025258507230319083
121.66182709495479,0.9992495775222778,0.00025267264572903514
121.66250822044822,0.9997655749320984,0.00025286860181950033
121.66318934582523,1.0001709461212158,0.00025305780582129955
121.66387047120224,0.9997953772544861,0.00025316831306554377
121.6645516965873,0.9998714327812195,0.0002533176157157868
121.66523282208072,1.0000075101852417,0.00025346470647491515
121.66591394745774,0.999426007270813,0.0002535473322495818
121.66659517283551,1.0001535415649414,0.0002537402033340186
121.66727629821253,0.9998569488525391,0.0002538393309805542
121.66795732371247,0.9994584321975708,0.0002539351989980787
121.66863854909025,0.9997596740722656,0.000254087703069672
121.66931967446726,0.9995109438896179,0.0002541958529036492
121.67000079984427,0.999580979347229,0.0002543465234339237
121.6706819253377,1.0000600814819336,0.00025453142006881535
121.67136315071548,0.9999489188194275,0.00025466931401751935
121.67204427609977,1.0000393390655518,0.00025484387879259884
121.67272540147678,0.9998795390129089,0.0002550023782532662
121.67340652697021,1.000241994857788,0.0002552104415372014
121.67408765234723,0.9998891353607178,0.00025537225883454084
121.67476877773152,0.9999716281890869,0.0002555802930146456
121.6754500032257,1.0002918243408203,0.00025581492809578776
121.67613112860272,1.000373363494873,0.0002560374850872904
121.67681225397973,1.0000792741775513,0.00025623265537433326
121.67749337935675,0.9995796084403992,0.00025640695821493864
121.67817460473452,0.9998659491539001,0.00025665611610747874
121.67885573023523,0.99959796667099,0.00025684587308205664
121.67953675561148,0.999823808670044,0.00025707847089506686
121.68021798098926,0.9998828172683716,0.000257278821663931
121.68089910636627,0.9999727010726929,0.00025747634936124086
121.6815802318597,1.0000789165496826,0.00025765280588530004
121.68226145724475,1.0000149011611938,0.0002577926788944751
121.68294258262176,0.9996770024299622,0.00025787923368625343
121.68362380799954,1.0004138946533203,0.0002580196887720376
121.68430493349297,0.9997854828834534,0.00025801415904425085
121.68498595886922,0.9999181032180786,0.00025804591132327914
121.68566708425351,0.9999917149543762,0.0002580254804342985
121.68634830963128,0.9997638463973999,0.000257953186519444
121.68702943512471,0.999973475933075,0.00025788831408135593
121.68771066050249,0.9999732971191406,0.0002577761479187757
121.6883917858795,0.9996299147605896,0.00025760391145013273
121.68907291125652,0.9998308420181274,0.0002574706159066409
121.68975413675071,1.000033974647522,0.0002573054516687989
121.69043516213424,1.0000685453414917,0.00025711796479299664
121.69111628751125,1.0001747608184814,0.0002569242496974766
121.69179751288902,1.0003150701522827,0.00025671886396594346
121.69247863838245,0.9997560977935791,0.00025645087589509785
121.69315976376674,1.0001811981201172,0.00025626723072491586
121.69384098914452,1.0001816749572754,0.0002560390857979655
121.69452211452153,0.9998342990875244,0.00025579245993867517
121.69520323989855,0.9997332096099854,0.0002555698447395116
121.69588436539198,0.9997658133506775,0.00025536256725899875
121.69656549076899,1.000024676322937,0.0002551902725826949
121.69724661615328,0.999976396560669,0.0002549999044276774
121.6979277415303,1.0000934600830078,0.0002548398624639958
121.69860896702448,0.9999604225158691,0.0002546697505749762
121.6992900924015,0.9998500943183899,0.0002545239112805575
121.69997121777851,0.9995214939117432,0.0002543602604418993
121.70065244316356,0.999879777431488,0.0002542794100008905
121.70133346853981,0.999850869178772,0.0002541805733926594
121.70201459403324,1.0005242824554443,0.00025417181313969195
121.70269581941102,0.9996968507766724,0.0002540314453653991
121.70337694478803,0.9995216131210327,0.0002539705892559141
121.70405807017232,0.9997445940971375,0.0002539637207519263
121.70473919554934,1.0000768899917603,0.00025397734134458005
121.70542042104353,0.9999958276748657,0.00025397734134458005
121.70610154642054,0.9997173547744751,0.00025397262652404606
121.7067825717968,1.0002377033233643,0.00025404393090866506
121.70746379718184,0.9996811151504517,0.0002540361019782722
121.70814492255886,1.000117301940918,0.00025412606191821396
121.70882604805229,0.9998733401298523,0.0002541622088756412
121.70950727343006,1.0003061294555664,0.00025427108630537987
121.71018839880708,1.0000537633895874,0.0002543267037253827
121.71086962418485,0.9996683597564697,0.00025436838041059673
121.71155074968556,1.0001966953277588,0.00025450982502661645
121.71223177506181,1.0000685453414917,0.0002545912575442344
121.71291290043882,0.9997450709342957,0.0002546629111748189
121.7135941258166,0.9997945427894592,0.00025477094459347427
121.71427525119361,0.9997284412384033,0.0002548736520111561
121.7149563765779,1.0000368356704712,0.0002550182107370347
121.71563760207209,0.9996731877326965,0.0002550996723584831
121.7163187274491,0.9999640583992004,0.00025524021475575864
121.71699995282688,1.000162124633789,0.0002553806116338819
121.71768097820313,1.0000030994415283,0.0002554839011281729
121.71836210370384,1.000109314918518,0.0002556149265728891
121.71904322908085,1.0003397464752197,0.0002557528205215931
121.71972445445863,1.0002914667129517,0.0002558611740823835
121.72040557983564,1.0002917051315308,0.0002559736603870988
121.72108680521342,1.0000869035720825,0.00025606295093894005
121.72176793059043,1.0002532005310059,0.0002561872825026512
121.72244905609114,1.0000004768371582,0.00025625957641750574
121.72313008146739,1.0003999471664429,0.0002563784073572606
121.72381130684516,0.9998491406440735,0.0002564120222814381
121.72449243222218,1.000086784362793,0.00025650294264778495
121.72517355759919,0.9996228218078613,0.00025651376927271485
121.72585478310066,0.999977707862854,0.00025659173843450844
121.72653590847767,1.000109076499939,0.00025663062115199864
121.72721703385469,0.9997667670249939,0.00025661717518232763
121.72789825923246,1.0000728368759155,0.00025665474822744727
121.72857928460871,0.9999340772628784,0.0002566454641055316
121.72926041010942,1.0003368854522705,0.0002566592302173376
121.7299416354872,0.9999722242355347,0.000256611529039219
121.73062276086421,1.0001029968261719,0.00025659363018348813
121.73130388624122,1.0001453161239624,0.00025655922945588827
121.73198501161824,1.000009298324585,0.0002565037284512073
121.73266623711243,1.000394582748413,0.0002564924652688205
121.73334736249672,1.0000189542770386,0.0002564013993833214
121.73402838787297,1.000280737876892,0.00025636242935433984
121.73470961325074,1.0000832080841064,0.00025627922150306404
121.73539073862776,0.9997510313987732,0.0002561853325460106
121.73607186401205,1.000157117843628,0.00025615471531637013
121.73675308950624,1.0002400875091553,0.00025609551812522113
121.73743421488325,0.9999781847000122,0.0002559962449595332
121.73811534026026,0.9999216794967651,0.0002559272397775203
121.73879656563804,1.0000473260879517,0.00025587299023754895
121.73947759101429,1.0002477169036865,0.0002558232517912984
121.74015871639858,1.0003445148468018,0.0002557734551373869
121.74083984189201,0.9999420642852783,0.00025568658020347357
121.74152106726979,0.9997819066047668,0.00025562650989741087
121.7422021926468,1.0001040697097778,0.0002556094550527632
121.74288341802458,1.0003547668457031,0.00025560069479979575
121.74356454340159,1.0,0.0002555518294684589
121.74424566878588,1.0003211498260498,0.0002555730752646923
121.74492669416213,1.0003067255020142,0.00025557586923241615
121.74560791965632,1.0005905628204346,0.0002556187391746789
121.74628904503334,1.0002018213272095,0.0002556150429882109
121.74697027041111,0.9996600151062012,0.00025561792426742613
121.7476513957954,0.9996589422225952,0.0002556795079726726
121.74833252117241,1.000200867652893,0.0002558030537329614
121.7490137466666,1.000130295753479,0.00025588981225155294
121.74969487204362,0.9999334216117859,0.0002559820713941008
121.75037599742063,0.9996269941329956,0.00025606798590160906
121.75105712280492,0.9998281002044678,0.0002562113804742694
121.75173824818194,1.000400185585022,0.00025640695821493864
121.75241937355895,1.0001224279403687,0.00025652689510025084
121.75310059893673,0.999615490436554,0.00025663914857432246
121.75378172443016,0.9996566772460938,0.00025680026737973094
121.75446284981444,0.9997216463088989,0.00025697489036247134
121.75514407519222,0.9994179606437683,0.00025711554917506874
121.75582520056923,1.0003637075424194,0.00025737204123288393
121.75650622594549,0.9997196197509766,0.00025747716426849365
121.75718745132326,1.000045657157898,0.0002576724800746888
121.75786857670028,0.9997118711471558,0.0002577992854639888
121.75854970220098,0.999451220035553,0.0002579179999884218
121.759230827578,0.9998646378517151,0.0002580836007837206
121.75991205295577,0.9996257424354553,0.00025818339781835675
121.76059317833278,1.00007963180542,0.00025832303799688816
121.7612743037098,1.0000956058502197,0.00025840094895102084
121.76195542909409,1.0001047849655151,0.0002584570029284805
121.7626365544711,0.9995689392089844,0.0002584368921816349
121.76331767996453,1.0000829696655273,0.0002584790054243058
121.7639989053423,0.9998441338539124,0.0002584251924417913
121.76468003071932,1.0001827478408813,0.0002583875902928412
121.76536115610361,1.000282645225525,0.000258291867794469
121.76604228148062,1.0000126361846924,0.00025812460808083415
121.7667235068584,0.9998887181282043,0.0002579333959147334
121.76740453223465,1.0001670122146606,0.0002577395353000611
121.76808565772808,1.000317931175232,0.0002575069374870509
121.76876688311313,1.0000706911087036,0.0002572090597823262
121.76944800849014,1.000036358833313,0.0002569076605141163
121.77012913386716,1.0002107620239258,0.00025660076062195003
121.77081035924493,1.000064730644226,0.00025625296984799206
121.77149148462195,0.999906599521637,0.00025588448625057936
121.77217270999972,0.9998522400856018,0.0002555163227953017
121.77285373538325,0.9997502565383911,0.0002551392826717347
121.77353486087668,0.9996511340141296,0.0002547522890381515
121.7742159862537,0.9999460577964783,0.00025440173340030015
121.77489721163147,0.9999576807022095,0.0002540237328503281
121.77557833700848,0.999807596206665,0.0002536336542107165
121.77625956239353,1.0000040531158447,0.00025328248739242554
121.77694068777055,0.9999945759773254,0.0002529198245611042
121.77762181314756,0.9997490048408508,0.0002525424933992326
121.77830283864023,0.9999343156814575,0.00025222162366844714
121.778984064018,1.000319480895996,0.00025192103930749
121.7796651894023,1.000091314315796,0.00025158299831673503
121.78034641478007,1.0001366138458252,0.00025128628476522863
121.78102754015708,0.9997013807296753,0.0002509677433408797
121.7817086655341,0.9999635219573975,0.00025072190328501165
121.78238989091187,0.9999479651451111,0.00025047859526239336
121.78307101628889,1.000035047531128,0.0002502618881408125
121.78375204167241,1.0003159046173096,0.0002500818227417767
121.7844332671666,0.9996858835220337,0.0002498543180990964
121.78511439254362,1.0002721548080444,0.0002497512614354491
121.78579551792063,0.9999831318855286,0.0002496067900210619
121.78647664329765,1.0000272989273071,0.00024952940293587744
121.7871578686827,0.9996973872184753,0.00024944578763097525
121.78783899405971,0.9999363422393799,0.00024944523465819657
121.78852011943673,1.000015377998352,0.00024947323254309595
121.78920124481374,0.9997742772102356,0.00024950833176262677
121.78988237030717,0.9996493458747864,0.0002495904918760061
121.79056349569146,1.0001267194747925,0.0002497613604646176
121.79124472106923,0.9996317028999329,0.00024988199584186077
121.79192584644625,1.0002151727676392,0.0002501326671335846
121.79260697182326,1.0005549192428589,0.00025040729087777436
121.79328819720104,0.9998546242713928,0.00025062038912437856
121.79396932257805,0.9997600317001343,0.0002509127662051469
121.79465034796158,0.9998513460159302,0.0002512595965526998
121.79533147333859,1.0003303289413452,0.0002516626555006951
121.79601269871637,0.9999520182609558,0.0002520197303965688
121.79669382409338,0.9996174573898315,0.00025240302784368396
121.79737494958681,0.9999567866325378,0.0002528606855776161
121.79805617497186,0.9999783039093018,0.0002532975049689412
121.79873730034888,0.9998581409454346,0.0002537330728955567
121.79941842572589,0.9997090697288513,0.00025416258722543716
121.8000995511029,0.9999591708183289,0.0002546270552556962
121.80078067647992,0.9998810887336731,0.00025505427038297057
121.8014618018642,0.9997352957725525,0.0002554564562160522
121.80214302724198,1.0003249645233154,0.00025589755387045443
121.802824152619,1.000043272972107,0.00025623891269788146
121.80350527799601,0.9999181628227234,0.0002565511967986822
121.8041865034902,1.000177264213562,0.00025686004664748907
121.80486762887449,1.0004525184631348,0.0002571243094280362
121.80554865425074,1.0004630088806152,0.0002573087112978101
121.80622987962852,1.0004178285598755,0.000257431180216372
121.80691100500553,0.9995653629302979,0.0002574238751549274
121.80759213038255,0.9999550580978394,0.0002574678510427475
121.80827335576032,1.0003373622894287,0.00025745679158717394
121.80895448114461,0.9996526837348938,0.0002572971861809492
121.80963570652239,0.9998509287834167,0.0002571742224972695
121.8103168318994,0.9999838471412659,0.00025701423874124885
121.81099785727565,0.9998947381973267,0.00025680873659439385
121.81167898265267,1.0001499652862549,0.00025660806568339467
121.81236020815413,1.0003570318222046,0.0002564123715274036
121.81304133353115,1.000040888786316,0.0002561211585998535
121.81372245890816,0.9998156428337097,0.0002558583510108292
121.81440368428594,0.9995605945587158,0.00025559699861332774
121.81508480966295,1.0001569986343384,0.0002554100356064737
121.81576593504724,1.0005313158035278,0.00025522534269839525
121.81644706042425,0.9995269775390625,0.00025492903660051525
121.81712818580127,1.0001658201217651,0.00025480464682914317
121.81780931117828,0.9996448755264282,0.0002545971074141562
121.81849053655606,1.0003045797348022,0.0002545191964600235
121.81917166193307,0.9997227191925049,0.0002543551381677389
121.81985278731736,0.9995405077934265,0.00025425379863008857
121.82053401281155,0.9997528791427612,0.0002541967842262238
121.82121513818856,1.000139594078064,0.00025419361190870404
121.82189626356558,1.0002968311309814,0.00025419428129680455
121.8225772889491,0.9999678730964661,0.0002541705616749823
121.82325851432688,0.9999399185180664,0.00025418581208214164
121.8239396397039,0.9999271035194397,0.00025422361795790493
121.82462076508091,1.0003222227096558,0.0002543094160500914
121.82530199045868,1.0003629922866821,0.00025438208831474185
121.8259831158357,1.0000616312026978,0.00025443555205129087
121.82666424121999,1.0003061294555664,0.0002545434108469635
121.82734546659776,0.9997476935386658,0.0002545928000472486
121.82802649197401,1.0002238750457764,0.00025473794084973633
121.82870761735103,0.9998843669891357,0.0002548212942201644
121.82938874272804,1.0004432201385498,0.0002549935015849769
121.8300699681131,1.0002957582473755,0.00025511279818601906
121.83075109349011,1.0000815391540527,0.00025523462682031095
121.83143231886788,1.0000301599502563,0.00025538256159052253
121.83211344436131,0.9999670386314392,0.0002555435639806092
121.83279456973833,1.0003553628921509,0.000255757593549788
121.83347559512185,1.0000953674316406,0.0002559322747401893
121.83415682049963,0.9998798966407776,0.00025612436002120376
121.83483794587664,0.9998757243156433,0.0002563518937677145
121.83551917125442,1.0000150203704834,0.00025661225663498044
121.83620029663143,1.000098466873169,0.0002568825730122626
121.83688142200845,1.0000313520431519,0.0002571580989751965
121.8375626473935,1.0001274347305298,0.0002574642712716013
121.83824377277051,0.9996033310890198,0.0002577314735390246
121.83892479814676,1.0001276731491089,0.0002581026346888393
121.83960592352378,1.000447392463684,0.00025846686912700534
121.84028714890155,1.0002883672714233,0.0002587942290119827
121.84096827428584,0.9998883605003357,0.00025910555268637836
121.84164949966362,1.000109076499939,0.0002594695833977312
121.84233062504063,0.9996877312660217,0.00025977048790082335
121.84301175041765,1.000085711479187,0.0002601338201202452
121.84369297579542,0.9997490048408508,0.0002604098990559578
121.84437400117895,1.000140905380249,0.0002607288188301027
121.84505512655596,1.0000154972076416,0.00026097355294041336
121.84573635193374,1.000064492225647,0.0002611961681395769
121.84641747731075,1.0000125169754028,0.0002613748365547508
121.84709860280418,1.0006499290466309,0.00026155932573601604
121.84777982818196,1.0005437135696411,0.0002616269630379975
121.84846095356625,0.9996637105941772,0.00026157524553127587
121.84914207894326,0.9999874234199524,0.00026156671810895205
121.84982310431951,0.9996599555015564,0.0002614530094433576
121.85050432969729,1.000071406364441,0.0002613598480820656
121.8511854550743,1.0001178979873657,0.00026118752430193126
121.85186658045859,1.000322937965393,0.0002609960502013564
121.85254780583637,0.999964714050293,0.00026071115280501544
121.85322893121338,0.9998188018798828,0.0002604224719107151
121.8539100565904,0.9998610019683838,0.0002601181622594595
121.85459118196741,1.0000232458114624,0.00025980433565564454
121.8552723073517,1.0002540349960327,0.00025948270922526717
121.85595343272871,1.0001415014266968,0.0002591069205664098
121.85663465810649,0.9995533227920532,0.0002586884656921029
121.8573157834835,1.0002899169921875,0.00025837201974354684
121.85799690886051,1.000058889389038,0.0002579775173217058
121.8586780342448,1.0000470876693726,0.00025759480195119977
121.85935925962258,0.9996192455291748,0.00025718568940646946
121.86004038499959,0.9998201131820679,0.0002568341151345521
121.86072141037585,0.9997810125350952,0.00025647299480624497
121.86140263575362,0.9996851086616516,0.00025611784076318145
121.86208376113063,1.0000230073928833,0.00025582348462194204
121.86276488651492,0.9996823072433472,0.0002554713864810765
121.8634461118927,0.9999049305915833,0.0002551961806602776
121.86412723726971,0.999834418296814,0.00025490575353614986
121.86480846264749,0.9998524785041809,0.0002546535397414118
121.8654895880245,1.0000736713409424,0.0002544396265875548
121.86617061340803,1.0004960298538208,0.0002542615693528205
121.86685173878504,0.9996650815010071,0.0002539988199714571
121.86753296416282,0.9996995329856873,0.0002538378757890314
121.86821408953983,1.0000317096710205,0.00025375536642968655
121.86889531491761,1.0004112720489502,0.0002536496613174677
121.86957644029462,1.0000187158584595,0.00025352463126182556
121.87025756567891,0.99998539686203,0.00025345751782879233
121.87093879105669,1.000068187713623,0.0002534181112423539
121.87161981643294,0.9997301697731018,0.0002533646475058049
121.87230094180995,0.9997929930686951,0.00025336199905723333
121.87298216718773,1.0004326105117798,0.00025342791923321784
121.87366329257202,1.0001813173294067,0.00025343504967167974
121.87434441794903,0.9999343156814575,0.00025345507310703397
121.87502564332681,1.0000063180923462,0.0002535153762437403
121.87570676870382,1.0000730752944946,0.0002535927633289248
121.87638789408084,0.9998538494110107,0.00025365810142830014
121.87706891946436,0.9999048709869385,0.00025375562836416066
121.87775014484214,1.0002201795578003,0.0002538874978199601
121.87843127021915,1.000374436378479,0.0002540143905207515
121.87911239559617,0.9996817708015442,0.00025407603243365884
121.87979362097394,0.9995631575584412,0.00025419090525247157
121.88047474635096,0.9995270371437073,0.00025432370603084564
121.88115587173525,0.9999188780784607,0.00025449797976762056
121.88183709711302,0.9997130036354065,0.00025461867335252464
121.88251812248927,1.0001929998397827,0.0002548008633311838
121.88319924786629,0.9997349977493286,0.000254906335612759
121.88388047324406,0.9998475313186646,0.0002550552599132061
121.88456159862835,0.9998772144317627,0.0002551889338064939
121.88524272400537,0.9998335242271423,0.00025531515711918473
121.88592384938238,0.9995248913764954,0.0002554066013544798
121.88660507476015,0.9998083710670471,0.00025554897729307413
121.88728620013717,1.0002657175064087,0.00025568934506736696
121.8879672255207,0.9998881816864014,0.00025574801838956773
121.88864845089847,1.0003315210342407,0.00025587010895833373
121.88932957627549,1.0001559257507324,0.0002559190907049924
121.8900107016525,0.9999327063560486,0.0002559542772360146
121.89069192703028,1.000012993812561,0.0002560116408858448
121.89137305241456,0.9996358752250671,0.00025602293317206204
121.89205417779158,0.9997691512107849,0.0002560779103077948
121.89273540316935,1.0001649856567383,0.00025615107733756304
121.89341652854637,0.9997208118438721,0.0002561543951742351
121.89409755392262,0.9996398091316223,0.00025618838844820857
121.8947787793004,0.9999722838401794,0.0002562582085374743
121.89545990468469,0.9999547004699707,0.00025629549054428935
121.8961410300617,0.9998673796653748,0.00025632703909650445
121.89682225543947,0.9998461604118347,0.0002563639427535236
121.89750338081649,0.999945342540741,0.0002564102760516107
121.8981845061935,0.9996602535247803,0.00025642008404247463
121.89886573157855,1.0003597736358643,0.0002565028553362936
121.8995467569548,1.000278353691101,0.0002565132162999362
121.90022788233182,1.0001779794692993,0.0002565052709542215
121.9009091077096,0.999883770942688,0.0002564654569141567
121.90159023308661,0.9994824528694153,0.0002564025344327092
121.9022713584709,0.9996941685676575,0.00025637014186941087
121.90295258384867,0.999554455280304,0.0002562853624112904
121.90363370922569,0.9997345805168152,0.00025620273663662374
121.9043148346027,1.000205636024475,0.00025612194440327585
121.90499595997971,0.99971604347229,0.00025591746089048684
121.90567708524759,0.9994807839393616,0.0002557180996518582
121.9063582106246,0.9999227523803711,0.0002555440296418965
121.90703943600238,0.999672532081604,0.00025527464458718896
121.90772056137939,1.0001256465911865,0.00025505051598884165
121.9084016867564,0.999996542930603,0.0002547516778577119
121.90908291213418,1.0000890493392944,0.000254455633694306
121.90976403751847,1.0000568628311157,0.00025413677212782204
121.91044506289472,1.0000405311584473,0.00025382463354617357
121.9111262882725,0.9996023774147034,0.00025348388589918613
121.91180741364951,1.0003641843795776,0.00025327797629870474
121.91248853902653,0.9998314380645752,0.00025297870161011815
121.91316966441082,1.0000584125518799,0.00025279581313952804
121.91385088978859,0.9999943375587463,0.0002526353346183896
121.9145320151656,0.9999479651451111,0.00025253050262108445
121.91521314054262,1.000016450881958,0.0002525001473259181
121.91589426591963,1.0002247095108032,0.0002525493619032204
121.91657539130392,0.9997560977935791,0.00025260625989176333
121.91725651668094,0.9996611475944519,0.0002527758770156652
121.91793764205795,0.9999909996986389,0.00025304488372057676
121.91861886743573,0.9996496438980103,0.0002533312945161015
121.91929999281274,0.9995708465576172,0.0002536992251407355
121.9199812180741,1.0002350807189941,0.0002541968715377152
121.92066234345839,1.00029718875885,0.0002546902105677873
121.92134336883464,0.999497652053833,0.0002551536017563194
121.92202449421166,1.0000444650650024,0.00025576603366062045
121.92270571958943,0.9999030232429504,0.0002563410671427846
121.92338684496644,1.000141978263855,0.0002569614152889699
121.9240680703515,0.9996917843818665,0.000257514271652326
121.92474919572851,0.9997153282165527,0.00025809029466472566
121.92543032110552,0.9998595118522644,0.00025864189956337214
121.9261115464833,0.9999475479125977,0.00025914510479196906
121.92679257185955,0.9999467730522156,0.0002595805563032627
121.92747369724384,0.9998464584350586,0.00025992910377681255
121.92815482262085,1.0002962350845337,0.00026023812824860215
121.92883604799863,1.0006097555160522,0.00026043475372716784
121.92951717337564,0.9998491406440735,0.0002604247711133212
121.93019839875342,0.9998831152915955,0.00026036385679617524
121.93087952413043,1.0004280805587769,0.00026024956605397165
121.9315606493983,0.9997950792312622,0.00025992587325163186
121.93224167477456,1.0000789165496826,0.00025959889171645045
121.93292290015233,1.000067949295044,0.00025916678714565933
121.93360402552935,0.9998950362205505,0.00025864699273370206
121.93428525090712,0.9999452829360962,0.0002580965228844434
121.93496637629141,1.0000495910644531,0.0002575114485807717
121.93564750166843,0.9998955726623535,0.0002568719501141459
121.93700985242322,0.9999021291732788,0.00025557796470820904
121.93769087779947,0.9998586773872375,0.00025493494467809796
121.93837210318452,0.9998148083686829,0.0002542991132941097
121.93905322856153,1.0000057220458984,0.0002537086547818035
121.93973435382213,0.9999985694885254,0.0002531299542170018
121.94041547919915,0.9999710321426392,0.0002525933086872101
121.94109670457692,0.9999755024909973,0.00025210288004018366
121.94177782995393,1.0003950595855713,0.00025170110166072845
121.94245895533822,0.9998835921287537,0.00025125971296802163
121.94314008071524,1.000090479850769,0.0002509371261112392
121.94382120609225,0.999591052532196,0.0002506067685317248
121.94450233146927,0.9996993541717529,0.00025038322200998664
121.94518355684704,0.9998955726623535,0.00025022102636285126
121.94586468223133,1.0002189874649048,0.00025010755052790046
121.94654580760835,1.0004173517227173,0.00025002859183587134
121.94722693298536,0.9999914765357971,0.0002499306865502149
121.94790815836313,0.9996819496154785,0.00024987003416754305
121.94858918362297,0.9997764229774475,0.00024987166398204863
121.94927030900726,1.0002154111862183,0.00024991988902911544
121.94995153438504,0.9996528029441833,0.0002498882822692394
121.95063265976205,0.9998982548713684,0.00024993877741508186
121.95131378513906,1.0002338886260986,0.00024999797460623085
121.95199501051684,1.00001060962677,0.00025000161258503795
121.95267613590113,1.0003414154052734,0.0002500538248568773
121.9533573612789,1.0000783205032349,0.0002500479749869555
121.95403838665516,1.0006014108657837,0.0002501104900147766
121.95471951203217,1.0000642538070679,0.0002500750415492803
121.95540063729277,1.0002152919769287,0.00025009745149873197
121.95608186267054,0.999738872051239,0.00025006075156852603
121.95676298805483,1.0004011392593384,0.00025013129925355315
121.95744421343261,0.9997798800468445,0.0002500895061530173
121.95812533880962,1.0000802278518677,0.0002501379931345582
121.95880646418664,1.000596523284912,0.0002502045826986432
121.95948748957017,1.0003337860107422,0.0002502189890947193
121.96016871494794,0.9997798800468445,0.00025020932662300766
121.96084984032495,1.000321626663208,0.0002503191353753209
121.96153096570197,0.9999182820320129,0.00025035193539224565
121.96221219096333,0.9995330572128296,0.00025039867614395916
121.96289331634034,0.9997986555099487,0.0002505236479919404
121.96357454171812,0.9998974800109863,0.00025064771762117743
121.9642556671024,1.0002026557922363,0.00025079655461013317
121.96493679247942,1.000087857246399,0.00025092842406593263
121.96561781785567,0.9999515414237976,0.0002510634658392519
121.96629904323345,1.0005114078521729,0.0002512788341846317
121.96698016861774,1.0000790357589722,0.0002514055813662708
121.96766129399475,0.9999590516090393,0.00025156926130875945
121.96834251925611,1.000440001487732,0.0002517910033930093
121.96902364463313,0.9999678134918213,0.0002519292465876788
121.96970477001014,1.0003575086593628,0.0002521481364965439
121.97038599538791,1.0002015829086304,0.00025230806204490364
121.97106702077144,0.9997050166130066,0.0002524294250179082
121.97174814614846,0.999998927116394,0.0002526209282223135
121.97242937152623,1.0001580715179443,0.00025279386318288743
121.97311049690325,0.999718964099884,0.0002529048651922494
121.97379162228026,0.9997493028640747,0.000253053818596527
121.97447274754813,1.0002750158309937,0.0002532313228584826
121.97515397292591,0.9997907876968384,0.00025331752840429544
121.97583509830292,1.0003002882003784,0.00025348435156047344
121.97651612367918,1.0000290870666504,0.0002535801031626761
121.97719734905695,1.000106692314148,0.0002536925021559
121.97787847444124,1.0003012418746948,0.00025381235172972083
121.97855959981825,0.9994254112243652,0.00025383508182130754
121.97924082507961,0.9999331831932068,0.0002539734705351293
121.97992195045663,0.9997431039810181,0.00025404957705177367
121.98060307583364,1.0001938343048096,0.00025417786673642695
121.98128430121142,0.9995810985565186,0.0002542016445659101
121.98196532659495,0.999778687953949,0.00025429631932638586
121.98264645197196,1.000115156173706,0.00025439809542149305
121.98332757734897,0.9997275471687317,0.00025443322374485433
121.98400880272675,0.9999548196792603,0.000254521582974121
121.98468992798735,0.9997643828392029,0.00025456352159380913
121.9853711533724,0.9996451139450073,0.00025461401673965156
121.98605227874941,1.0000874996185303,0.00025470502441748977
121.98673340412643,1.0005760192871094,0.00025479396572336555
121.98741442950268,0.9997902512550354,0.0002547673648223281
121.98809565488045,0.9997051954269409,0.00025479408213868737
121.98877678026474,1.0000042915344238,0.0002548494376242161
121.9894580055261,1.0000653266906738,0.00025487790117040277
121.99013913090312,1.0000312328338623,0.00025489440304227173
121.99082025628013,0.9998548030853271,0.00025489178369753063
121.9915014816579,1.0000050067901611,0.00025490616098977625
121.99218260703492,0.9996647238731384,0.00025487568927928805
121.99286363241845,0.999876081943512,0.00025488302344456315
121.99354485779622,1.00007963180542,0.0002548930933699012
121.99422598305682,0.9999446868896484,0.00025485752848908305
121.99490710843384,0.9999833703041077,0.00025483372155576944
121.99558833381161,1.0002436637878418,0.0002548287156969309
121.9962694591959,1.0000489950180054,0.00025477330200374126
121.99695058457291,0.9996585249900818,0.00025469454703852534
121.99763180995069,1.000035047531128,0.00025467074010521173
121.99831283521053,1.0001879930496216,0.0002546197210904211
121.99899396058754,0.9999508857727051,0.00025452187401242554
121.99967518597259,0.9997512698173523,0.0002544220769777894
122.0003563113496,0.9997906684875488,0.00025431980611756444
122.00103743672662,1.000183343887329,0.0002542376169003546
122.00171856210363,1.000259518623352,0.0002541115100029856
122.00239978748141,0.9998592734336853,0.00025392070529051125
122.003080912742,1.000443696975708,0.00025379599537700415
122.00376193812554,1.0001384019851685,0.00025356910191476345
122.00444316350331,0.9997251629829407,0.0002533082151785493
122.00512428888032,0.9995096325874329,0.000253038335358724
122.00580541425734,1.000062346458435,0.0002528129261918366
122.00648663963511,0.9998046159744263,0.0002524888841435313
122.00716776490299,1.000146508216858,0.0002521871356293559
122.00784889028,1.0001084804534912,0.0002518268011044711
122.00853011565778,1.0003198385238647,0.00025147112319245934
122.00921114103403,1.000389814376831,0.0002510847698431462
122.00989226641104,0.9999741315841675,0.00025062740314751863
122.01057339179533,1.0000009536743164,0.0002502008283045143
122.0112546170567,1.0001089572906494,0.00024977955035865307
122.0119357424337,1.0001306533813477,0.00024935376131907105
122.01261696781148,1.0007174015045166,0.00024899918935261667
122.0132980931885,0.9998094439506531,0.0002485388540662825
122.01397921857279,1.0004547834396362,0.00024826114531606436
122.01466024394904,1.0002593994140625,0.0002479599497746676
122.0153414692104,0.9999970197677612,0.00024771466269157827
122.01602259458741,1.0003424882888794,0.0002475957735441625
122.01670371996443,1.0005173683166504,0.0002475396904628724
122.0173849453422,1.0001028776168823,0.00024751294404268265
122.01806607072649,1.0002949237823486,0.0002476228983141482
122.01874729610427,0.9997718334197998,0.00024776344071142375
122.01942842136486,0.9997278451919556,0.0002480331459082663
122.02010944674112,1.0001753568649292,0.00024844054132699966
122.0207905721254,0.9998564124107361,0.00024885148741304874
122.02147179750318,0.999991774559021,0.0002493862994015217
122.0221529228802,0.9999931454658508,0.0002499819966033101
122.02283414814156,1.0002613067626953,0.000250655401032418
122.02351527351857,1.0001415014266968,0.00025134222232736647
122.02419639889558,0.9999840259552002,0.0002520682173781097
122.02487762427336,0.9997026324272156,0.00025280247791670263
122.02555864965689,0.9996156692504883,0.0002535679959692061
122.0262397750339,0.9999244213104248,0.0002543670707382262
122.02692100029526,0.9998595118522644,0.00025511285639368
122.02760212567227,0.9999919533729553,0.0002558366977609694
122.02828325105656,0.999659538269043,0.0002564821334090084
122.02896447643434,0.9997192621231079,0.0002570950018707663
122.02964560181135,0.9997519850730896,0.0002576253027655184
122.03032672707195,0.9998700022697449,0.00025807227939367294
122.0310077524482,0.9997296333312988,0.00025839576846919954
122.03168897782598,0.9995888471603394,0.00025861605536192656
122.03237010321027,0.9996486902236938,0.0002587416674941778
122.03305122858728,0.9999561905860901,0.00025878005544655025
122.03373245384864,0.99996018409729,0.00025870162062346935
122.03441357922566,1.0003764629364014,0.00025858511799015105
122.03509470460267,0.9995677471160889,0.0002582830493338406
122.03577582998696,0.9997900128364563,0.0002580274594947696
122.03645705536474,0.9996532797813416,0.0002576919796410948
122.03713808062457,1.0001351833343506,0.00025738385738804936
122.03781920600159,1.0002002716064453,0.00025702614220790565
122.03850043137936,1.0004003047943115,0.0002566745679359883
122.03918155676365,1.0000247955322266,0.000256289669778198
122.03986268214067,0.9998533129692078,0.00025594275211915374
122.04054390740203,1.0002740621566772,0.000255681574344635
122.04122503277904,0.9998877644538879,0.00025539621128700674
122.04190615815605,1.00008225440979,0.00025520985946059227
122.04258728353307,1.0002089738845825,0.0002550763019826263
122.04326840880094,1.0001044273376465,0.0002549838973209262
122.04394953417795,1.0002390146255493,0.0002549710916355252
122.04463075955573,1.0000876188278198,0.0002550047938711941
122.04531188493274,0.9997965693473816,0.0002550931822042912
122.04599301030976,0.9998345971107483,0.00025527417892590165
122.04667423569481,0.9999618530273438,0.00025551795260980725
122.04735536095541,0.9996910691261292,0.00025578081840649247
122.04803638633166,0.9995083808898926,0.00025609589647501707
122.04871761170944,0.9999626278877258,0.0002565112663432956
122.04939873708645,1.0000673532485962,0.0002569166535977274
122.05007986235432,1.0000358819961548,0.00025733475922606885
122.0507610877321,0.9999493956565857,0.0002577522536739707
122.05144221310911,1.0001639127731323,0.0002581940498203039
122.05212343848689,1.0001096725463867,0.0002585958281997591
122.0528045638639,0.9999926090240479,0.0002589658251963556
122.05348558913101,0.9998812675476074,0.0002593069220893085
122.05416671450803,1.000280737876892,0.00025966312387026846
122.0548479398858,1.0001095533370972,0.0002599307044874877
122.05552906526282,0.9998400807380676,0.0002601559099275619
122.05621029052418,1.0000323057174683,0.000260383530985564
122.05689141590119,0.9997185468673706,0.0002605340559966862
122.05757254128548,1.0002250671386719,0.0002607233764138073
122.0582536666625,1.0003522634506226,0.0002608466020319611
122.05893479203951,1.0000349283218384,0.0002608981740195304
122.0596159173001,1.0001084804534912,0.0002609628427308053
122.06029704267712,1.00019371509552,0.0002609966031741351
122.06097826806217,1.000308871269226,0.00026101592811755836
122.06165939343919,1.000087857246399,0.00026098769740201533
122.06234051869978,1.0003913640975952,0.0002609821385703981
122.0630216440768,0.999955952167511,0.0002608948270790279
122.06370286945457,0.9998980760574341,0.00026083478587679565
122.0643838948381,0.9998680353164673,0.0002607686910778284
122.0650650200987,1.0002835988998413,0.0002607306814752519
122.06574624547648,0.9995177388191223,0.00026058556977659464
122.06642737085349,1.0003305673599243,0.000260573549894616
122.0671084962305,1.0001468658447266,0.0002604784967843443
122.06778972149186,1.000060796737671,0.0002603913890197873
122.06847084687615,0.9998205304145813,0.00026028958382084966
122.06915197225317,1.0000345706939697,0.00026023085229098797
122.06983309763018,0.9997421503067017,0.00026014496688731015
122.07051422289078,1.0000882148742676,0.0002601133310236037
122.07119534826779,0.9996819496154785,0.0002600260777398944
122.07187647365208,0.9999367594718933,0.00026001580408774316
122.07255769902986,0.9999977350234985,0.0002599977015051991
122.07323882429046,1.0000709295272827,0.0002600104780867696
122.07392004966823,0.9994388222694397,0.000259969150647521
122.07460117504525,1.0000405311584473,0.0002600557345431298
122.07528220042877,1.0002728700637817,0.00026013414026238024
122.07596332568937,0.9999277591705322,0.0002601805026642978
122.07664455106715,1.000277042388916,0.0002603103348519653
122.07732567644416,1.000346302986145,0.0002604347246233374
122.07800690182194,1.000313401222229,0.00026057500508613884
122.07868802708253,1.000078558921814,0.0002607111819088459
122.07936915246682,0.9994860291481018,0.0002608431677799672
122.0800503778446,0.9996464252471924,0.00026104881544597447
122.08073140322085,0.9999574422836304,0.0002612871176097542
122.08141252848145,0.9997706413269043,0.0002615014382172376
122.08209375385923,1.0001230239868164,0.00026176380924880505
122.08277487924352,0.9995930194854736,0.00026197131955996156
122.08345600462053,0.9996979832649231,0.0002622251631692052
122.08413722988189,1.0002360343933105,0.00026259777951054275
122.0848183552589,0.999962329864502,0.0002627396897878498
122.08549948063592,1.0001745223999023,0.00026299251476302743
122.0861806060202,0.9999262690544128,0.00026319167227484286
122.0868617312808,0.9998521208763123,0.0002633850381243974
122.08754285665782,0.9995360374450684,0.0002635729033499956
122.0882240820356,1.000111699104309,0.0002637204306665808
122.08890520741261,1.0002106428146362,0.00026383352815173566
122.0895863326732,1.0000524520874023,0.00026387619436718524
122.0902674580575,0.9995187520980835,0.0002638422593008727
122.09094868343527,1.0000718832015991,0.00026384968077763915
122.09162970869511,0.9995765089988708,0.0002637075958773494
122.09231083407212,0.9997890591621399,0.00026356507441960275
122.0929920594499,0.9997255802154541,0.00026332493871450424
122.09367318483419,1.0002979040145874,0.0002630892558954656
122.09435431009479,0.9996703863143921,0.0002626845962367952
122.09503553547256,1.000022053718567,0.0002623155014589429
122.09571666084958,0.9998838901519775,0.0002618651487864554
122.09639778622659,0.9999067187309265,0.0002614099648781121
122.09707891149446,1.0004315376281738,0.0002609585353638977
122.09776003687148,1.0001235008239746,0.0002604294859338552
122.09844116224849,0.9998196959495544,0.00025989452842622995
122.09912228750909,1.0000941753387451,0.00025940651539713144
122.09980351288687,0.9996241331100464,0.00025886547518894076
122.10048463827115,0.9999493956565857,0.00025841363822109997
122.10116576364817,1.000220537185669,0.0002579675638116896
122.10184698890953,0.9999157190322876,0.00025750495842657983
122.10252801428578,0.9997864365577698,0.0002570786455180496
122.1032091396628,0.9996416568756104,0.00025669130263850093
122.10389036492415,1.000303864479065,0.00025640471721999347
122.10457149030844,1.0000252723693848,0.00025608044234104455
122.10525261568546,1.0006557703018188,0.00025587380514480174
122.10593384106323,0.9998835921287537,0.00025557944900356233
122.10661496632383,1.000164270401001,0.00025542103685438633
122.10729619170161,1.00026273727417,0.00025528945843689144
122.1079773170859,1.000175952911377,0.0002551760117057711
122.10865834234573,1.0002297163009644,0.00025511416606605053
122.10933946772275,0.9997993111610413,0.00025504676159471273
122.11002069310052,1.00021493434906,0.00025509099941700697
122.11070181847754,0.9999976754188538,0.0002551188808865845
122.1113830437389,0.9998435378074646,0.0002551812503952533
122.11206416912319,1.0001312494277954,0.0002553172816988081
122.1127452945002,0.9996153116226196,0.00025541603099554777
122.11342651976156,1.0000097751617432,0.00025564045063219965
122.11410754513781,1.0000660419464111,0.0002558691776357591
122.1147886705221,0.9998416900634766,0.0002561129804234952
122.11546989578346,0.9998828768730164,0.0002564221213106066
122.11615102116048,0.9999768733978271,0.00025678242673166096
122.11683214653749,0.9998979568481445,0.0002571741642896086
122.11751337191527,1.0003156661987305,0.0002576584229245782
122.11819449717586,0.9999061226844788,0.00025812219246290624
122.11887562256015,0.9999063014984131,0.00025868197553791106
122.1195566479364,0.9995609521865845,0.00025926297530531883
122.12023787319777,0.9999520182609558,0.00025997214834205806
122.12091899857478,1.0004230737686157,0.0002607460191939026
122.1216001239518,0.9999238848686218,0.0002615014382172376
122.12228134922043,1.0000535249710083,0.00026236928533762693
122.12296247459744,0.99998539686203,0.00026327912928536534
122.12364359997446,0.999602735042572,0.0002642255858518183
122.12432472523506,1.0001184940338135,0.0002653018163982779
122.12500585061207,0.9998235702514648,0.00026636471739038825
122.12568697599636,0.9997804760932922,0.0002674982533790171
122.12636810125696,0.9998199939727783,0.0002686775987967849
122.12704932663473,1.0001678466796875,0.000269918265985325
122.12773045201175,1.0000791549682617,0.0002711457491386682
122.12841157738876,1.0000717639923096,0.0002724016085267067
122.12909280265012,1.0000845193862915,0.0002736662863753736
122.12977392803441,0.9997557997703552,0.0002749033737927675
122.13045495341066,0.9996567964553833,0.0002761530631687492
122.13113617867202,1.0000492334365845,0.0002774128515738994
122.13181730404904,1.0000311136245728,0.0002786111435852945
122.13249842942605,1.0003395080566406,0.00027978577418252826
122.13317965469469,0.9996727705001831,0.00028082975768484175
122.1338607800717,1.0000989437103271,0.0002818856737576425
122.13454190544871,1.000311255455017,0.00028284959262236953
122.13522313071007,1.0001757144927979,0.00028370332438498735
122.13590415608633,1.0003268718719482,0.0002844971604645252
122.13658528147062,1.0003308057785034,0.0002851932658813894
122.13726650673198,0.999951183795929,0.0002857813087757677
122.13794763210899,1.0002278089523315,0.0002863337576854974
122.138628757486,1.000360131263733,0.0002867931325454265
122.13930998274736,1.0002909898757935,0.00028715727967210114
122.13999110812438,0.9999217391014099,0.0002874102792702615
122.14067233350943,0.9997316598892212,0.0002875980280805379
122.1413532587685,1.0000048875808716,0.00028774235397577286
122.14203448414628,1.0000649690628052,0.00028778877458535135
122.1427156095233,1.0000555515289307,0.0002877612423617393
122.14339683478465,0.9996566772460938,0.0002876275102607906
122.14407796016894,0.9999821186065674,0.00028748399927280843
122.14475918554672,1.0000829696655273,0.0002872454351745546
122.14544031080732,1.00009286403656,0.00028693454805761576
122.14612143618433,1.0000100135803223,0.0002865573624148965
122.14680246156058,0.9999622106552124,0.00028612103778868914
122.14748368682922,0.999804675579071,0.0002856210630852729
122.14816481220623,0.9997372627258301,0.0002850754535757005
122.14884593758325,0.9996572732925415,0.0002844754490070045
122.1495271628446,0.9996427297592163,0.00028383327298797667
122.15020828822162,1.0001084804534912,0.000283189641777426
122.15088941360591,0.9996770024299622,0.00028243090491741896
122.15157053886651,0.999753475189209,0.000281679182080552
122.15225166424352,0.9999294877052307,0.00028089593979530036
122.15293278962054,0.9997397065162659,0.00028005903004668653
122.1536140148819,0.9998048543930054,0.00027921420405618846
122.15429514025891,0.9992953538894653,0.00027830598992295563
122.1549762656432,0.9999076128005981,0.0002774644235614687
122.1556573909038,1.000098705291748,0.0002765771350823343
122.15633861628157,0.9999693036079407,0.00027566004428081214
122.15701974165859,1.0003653764724731,0.0002747871621977538
122.15770076691842,0.9998078346252441,0.00027383360429666936
122.15838199230348,1.000343680381775,0.000272981240414083
122.15906311756407,1.000113844871521,0.00027208056417293847
122.15974424294109,0.9999447464942932,0.0002711990673560649
122.1604253683181,0.9994598627090454,0.00027031823992729187
122.16110659357946,1.0001190900802612,0.00026955336215905845
122.16178771896375,0.999995231628418,0.0002687538508325815
122.16246894434153,0.9996615052223206,0.00026796924066729844
122.16314996960136,0.9997066259384155,0.00026725433417595923
122.16383109497838,0.9999504089355469,0.0002665884967427701
122.16451222035539,0.9999053478240967,0.00026593252550810575
122.16519344561675,0.9995542168617249,0.00026530097238719463
122.16587457100104,1.0000077486038208,0.0002647748333401978
122.1665557962624,0.999616265296936,0.00026422340306453407
122.16723692163941,1.0001015663146973,0.0002637918805703521
122.16791804701643,0.9999929070472717,0.00026335788425058126
122.16859907228354,1.00046968460083,0.0002630226081237197
122.16928029766132,0.9999396800994873,0.00026264286134392023
122.16996142303833,0.9998785853385925,0.0002623508626129478
122.17064264829969,1.0000971555709839,0.0002621355524752289
122.1713237736767,1.000197172164917,0.0002619613951537758
122.17200489905372,1.0003228187561035,0.00026183295994997025
122.17268612431508,1.0003125667572021,0.00026174355298280716
122.17336724969937,0.9999354481697083,0.00026167870964854956
122.1740482749592,0.999941885471344,0.0002616973069962114
122.17472950033698,1.0003243684768677,0.00026180222630500793
122.175410625714,0.999763548374176,0.0002618821745272726
122.17609175098187,1.0002554655075073,0.00026209987117908895
122.17677297635964,0.9999303221702576,0.0002622928295750171
122.17745410162024,1.0000474452972412,0.00026257470017299056
122.17813522699726,0.9997320771217346,0.000262862304225564
122.17881635237427,1.0001623630523682,0.0002632554969750345
122.17949757763563,0.9999814629554749,0.00026363288634456694
122.18017860301916,0.9997602105140686,0.0002640539314597845
122.18085982839693,1.0001174211502075,0.0002645552158355713
122.18154095365753,0.9998117089271545,0.000265041075181216
122.18222207903455,0.9998792409896851,0.00026558656827546656
122.18290320429514,0.9996397495269775,0.00026614227681420743
122.1835844296802,1.000145435333252,0.0002667849767021835
122.18426555505721,1.0002585649490356,0.0002674243878573179
122.18494668031781,1.0001678466796875,0.00026805949164554477
122.18562780569482,0.9995363354682922,0.00026867829728871584
122.18630893107184,0.9995687007904053,0.00026935827918350697
122.18699005633971,0.9999021291732788,0.00027008014149032533
122.18767118171672,0.9997028112411499,0.0002707731619011611
122.18835240697808,1.0000108480453491,0.00027150672394782305
122.1890335323551,1.000442385673523,0.00027224968653172255
122.18971465773211,0.9999521374702454,0.00027291386504657567
122.19039588299347,1.0002644062042236,0.0002736287424340844
122.191076908377,0.9994983077049255,0.0002742427459452301
122.1917580336376,0.9998670816421509,0.00027492965455166996
122.19243925901537,0.9996970891952515,0.0002755456371232867
122.19312038439239,1.000523567199707,0.0002762168587651104
122.19380150965299,1.0001922845840454,0.00027675452292896807
122.19448273503804,1.0000052452087402,0.0002772548177745193
122.19516386029863,1.000030755996704,0.000277731945971027
122.19584508567641,1.0000097751617432,0.0002781565999612212
122.19652611105266,0.999812662601471,0.0002785137912724167
122.19720723631326,0.9998274445533752,0.00027884222799912095
122.19788836169755,0.9998072385787964,0.00027911929646506906
122.19856958695891,0.9994968175888062,0.0002793369931168854
122.19925071233592,0.9998515248298645,0.0002795573673211038
122.19993183771294,1.000130295753479,0.00027972893440164626
122.2006130629743,1.0000340938568115,0.00027983414474874735
122.20129418835131,0.999997079372406,0.00027990248054265976
122.20197521361843,0.9999898672103882,0.00027993303956463933
122.2026564389962,0.9996495246887207,0.00027990349917672575
122.2033375642568,0.999811053276062,0.00027987832436338067
122.20401868963381,0.9997531771659851,0.00027980576851405203
122.20469991501159,1.0001271963119507,0.00027973431861028075
122.20538104027946,0.9998529553413391,0.000279586180113256
122.20606226565724,0.9996814727783203,0.00027941237203776836
122.20674339091784,1.0000579357147217,0.0002792519808281213
122.20742441629409,1.0001332759857178,0.0002790518628899008
122.20810554155469,0.9996526837348938,0.0002787763951346278
122.20878676693974,0.999923586845398,0.0002785369288176298
122.20946789231675,1.0003377199172974,0.0002782872470561415
122.21014901757735,0.9998870491981506,0.00027794099878519773
122.21083024295513,0.9999194741249084,0.00027761634555645287
122.21151136821572,1.0000585317611694,0.0002772754814941436
122.21219249359274,1.0000437498092651,0.0002769004204310477
122.21287361897703,0.9999140501022339,0.00027649593539536
122.21355474423763,0.9999223947525024,0.0002760839997790754
122.21423586961464,1.000185251235962,0.0002756691537797451
122.21491699487524,1.0001766681671143,0.0002752126893028617
122.21559822025301,0.9998469352722168,0.000274714024271816
122.21627934552089,0.999681830406189,0.0002742048818618059
122.2169604708979,0.9998926520347595,0.0002737103495746851
122.21764169627568,0.9998894333839417,0.0002731871500145644
122.21832272153551,1.0002586841583252,0.00027268481790088117
122.21900384691253,1.000232458114624,0.00027213693829253316
122.21968507218116,1.0003948211669922,0.00027159808087162673
122.22036619755818,0.9999414086341858,0.00027100564329884946
122.22104732281878,0.9998012185096741,0.00027043765294365585
122.22172854819655,1.000192642211914,0.0002699195174500346
122.22240967357357,1.0002027750015259,0.0002693647111300379
122.22309079884144,1.0006866455078125,0.00026886333944275975
122.22377182421769,1.0000046491622925,0.0002682683989405632
122.22445304947905,1.0000323057174683,0.00026774866273626685
122.22513417485607,1.0002063512802124,0.0002672485716175288
122.22581540011743,0.9998193979263306,0.00026672251988202333
122.22649652549444,0.9999862909317017,0.0002662568585947156
122.22717765076231,0.9999268054962158,0.00026579745463095605
122.22785887614009,1.0001529455184937,0.0002653800183907151
122.2285400015171,0.9994252920150757,0.00026490550953894854
122.22922102677694,0.999801516532898,0.00026455186889506876
122.22990215216123,1.0002473592758179,0.0002642279723659158
122.23058337742259,1.000522494316101,0.00026392113068141043
122.2312645027996,1.000516414642334,0.00026362479547969997
122.23194572806096,0.9999893307685852,0.00026331612025387585
122.23262685343798,1.0000766515731812,0.00026309440727345645
122.23330807869934,0.9999294877052307,0.0002628889342304319
122.23398920407635,0.999932587146759,0.0002627346839290112
122.23467022945988,1.000102162361145,0.00026263424661010504
122.23535135472048,0.9999694228172302,0.0002625475754030049
122.23603258009825,1.0002068281173706,0.0002625425986479968
122.23671370535885,0.999428391456604,0.000262497371295467
122.23739483074314,1.0001543760299683,0.0002626187924761325
122.2380760560045,1.0000855922698975,0.0002627374487929046
122.23875718138152,1.000019907951355,0.00026284001069143414
122.23943830664211,1.000227451324463,0.00026302930200472474
122.24011943201913,1.0000789165496826,0.0002632169343996793
122.24080055739614,0.9997121691703796,0.00026341548073105514
122.24148168266402,0.9998908042907715,0.00026369179249741137
122.24216280804103,1.000353217124939,0.0002640137681737542
122.24284403330239,0.999846875667572,0.00026426880504004657
122.2435251586794,1.0000375509262085,0.0002646150824148208
122.24420628394,1.000267505645752,0.0002649697125889361
122.24488750932505,1.000150442123413,0.0002653198316693306
122.24556853458489,1.000624656677246,0.00026572297792881727
122.2462496599619,0.9999271035194397,0.00026604303275234997
122.24693088522326,1.0001318454742432,0.000266437535174191
122.24761201060028,0.9999961853027344,0.0002668092492967844
122.24829313586815,0.9998935461044312,0.00026718247681856155
122.24897436124593,0.9999273419380188,0.0002675689465831965
122.24965548650653,1.000027060508728,0.0002679451135918498
122.25033661188354,1.000043272972107,0.00026830678689293563
122.2510178371449,0.9998974800109863,0.0002686438092496246
122.25169886252843,0.9995644688606262,0.0002689469838514924
122.25237998790544,1.0004544258117676,0.00026932641048915684
122.25306111316604,0.999997079372406,0.00026957227964885533
122.25374233854382,0.9995414614677429,0.0002697923919185996
122.25442346380441,1.0001702308654785,0.0002700688783079386
122.25510468918219,0.9999476671218872,0.00027024021255783737
122.25578581445006,1.000197172164917,0.0002704132057260722
122.25646693982708,1.0003279447555542,0.00027053491794504225
122.25714796508692,0.999529242515564,0.0002705404185689986
122.25782919046469,0.9999310970306396,0.0002706062514334917
122.25851031572529,0.9995836019515991,0.00027057569241151214
122.25919154110306,1.0003207921981812,0.0002705957740545273
122.25987266637094,1.0005091428756714,0.00027054219390265644
122.26055379174795,1.0001020431518555,0.00027041250723414123
122.26123501700931,0.9997539520263672,0.0002702605852391571
122.26191614238633,0.9997010231018066,0.0002701115736272186
122.26259716765344,0.9999771118164062,0.0002699700999073684
122.26327829303045,0.9998352527618408,0.0002697761228773743
122.26395951829181,0.9996318817138672,0.0002695676521398127
122.26464064366883,0.9995649456977844,0.0002693604910746217
122.26532186893019,0.9997364282608032,0.00026915394118987024
122.2660029943072,0.9997611045837402,0.00026893377071246505
122.26668411957507,1.0000959634780884,0.0002687369706109166
122.26736534495285,1.0001351833343506,0.00026851266738958657
122.26804637021269,0.9996441602706909,0.0002682418853510171
122.2687274955897,1.0001741647720337,0.0002680610923562199
122.26940872085106,0.999778151512146,0.00026780908228829503
122.27008984623535,1.0000907182693481,0.00026761594926938415
122.27077097149595,0.999861478805542,0.00026738710585050285
122.27145209687296,0.9993545413017273,0.0002671465917956084
122.27213332213432,0.9997441172599792,0.0002669940877240151
122.27281444751134,0.9999426007270813,0.0002668322413228452
122.27349547277845,0.9999411106109619,0.00026668066857382655
122.27417669815623,1.0000189542770386,0.0002665321808308363
122.27485782341682,1.0003044605255127,0.00026642653392627835
122.27553894879384,1.0003248453140259,0.0002663179184310138
122.2762201740552,1.000154972076416,0.0002662084880284965
122.27690129943221,1.0000314712524414,0.0002661302569322288
122.27758242470009,1.0005548000335693,0.0002661303442437202
122.2782635500771,1.000363826751709,0.00026608569896779954
122.2789446753377,1.0003832578659058,0.00026608211919665337
122.27962580071471,1.0002543926239014,0.000266076298430562
122.28030692597531,1.0001319646835327,0.0002661018224898726
122.28098815136036,1.0000754594802856,0.0002661415783222765
122.28166927662096,0.9994062185287476,0.00026614972739480436
122.28235040199797,1.000020980834961,0.0002662825572770089
122.28303162725933,1.0001956224441528,0.0002663959749042988
122.28371275263635,1.0003962516784668,0.0002665265346877277
122.28439377790346,0.999934196472168,0.00026661314768716693
122.28507500328124,1.0000275373458862,0.00026676521520130336
122.28575612854183,0.9998677372932434,0.0002669045643415302
122.28643725391885,0.9996296167373657,0.0002670550311449915
122.28711847918021,0.9998495578765869,0.0002672577684279531
122.28779960455722,1.000308871269226,0.0002674874849617481
122.2884807298251,1.0001202821731567,0.00026767925010062754
122.28916195520287,1.0001773834228516,0.00026789747062139213
122.28984298046271,0.9996069669723511,0.00026807087124325335
122.29052410583972,0.9996630549430847,0.00026830832939594984
122.29120533110108,1.0002222061157227,0.0002685918880160898
122.29188645648537,1.0000507831573486,0.000268821808276698
122.29256758174597,1.0003198385238647,0.00026909777079708874
122.29324880712375,0.9998851418495178,0.00026931881438940763
122.29392993238434,0.9999569058418274,0.00026958363014273345
122.2946111576457,0.9999306797981262,0.00026984361466020346
122.29529218302923,0.9997245073318481,0.00027008476899936795
122.29597330828983,0.9998305439949036,0.0002703556383494288
122.29665443366684,0.999923825263977,0.00027061827131547034
122.2973356589282,0.9998230934143066,0.00027086748741567135
122.29801678430522,1.0000879764556885,0.0002711346314754337
122.2986979095731,1.000136137008667,0.00027138818404637277
122.29937913495087,0.9997007846832275,0.0002715863229241222
122.30006026021147,0.9998042583465576,0.00027182334451936185
122.30074128558772,1.000032901763916,0.0002720636548474431
122.30142251084908,1.0003912448883057,0.00027230349951423705
122.3021036362261,0.9998024702072144,0.0002724509686231613
122.30278476149397,1.0003745555877686,0.00027268691337667406
122.30346598687174,0.9999234676361084,0.0002728217514231801
122.30414711213234,0.9998697638511658,0.0002729787374846637
122.30482823739294,1.0002336502075195,0.00027315516490489244
122.30550936276995,1.0000367164611816,0.0002732751308940351
122.30619048803783,0.9999725222587585,0.00027338339714333415
122.30687161341484,0.99995356798172,0.00027348665753379464
122.30755273867544,1.0000602006912231,0.00027357303770259023
122.30823396405322,0.9998513460159302,0.00027362455148249865
122.30891508931381,0.9996517300605774,0.00027369626332074404
122.3095962146981,1.0000118017196655,0.0002737146569415927
122.31027743995946,0.9999990463256836,0.00027372626936994493
122.31095856533648,0.9999423623085022,0.0002737153845373541
122.31163959059631,0.9997442364692688,0.000273664656560868
122.31232081585767,1.0000104904174805,0.00027363799745216966
122.31300194124196,0.9997493624687195,0.0002735523448791355
122.31368306650256,0.9999917149543762,0.0002734876179601997
122.31436429188034,1.000119924545288,0.000273393263341859
122.31504541714094,0.9998568892478943,0.0002732501015998423
122.31572654251795,0.9998829960823059,0.00027311124722473323
122.31640776777931,0.9999372959136963,0.0002729555999394506
122.31708879304642,0.9997816681861877,0.0002727638930082321
122.31776991842344,0.999775230884552,0.0002725706435739994
122.31845104368404,0.9993669986724854,0.00027239887276664376
122.31913226906181,1.0002177953720093,0.00027218495961278677
122.31981339432241,0.999736487865448,0.00027192075503990054
122.32049461970746,0.9997789859771729,0.0002717015740927309
122.32117574496806,0.9996489882469177,0.00027145896456204355
122.32185687034507,1.0001307725906372,0.00027127843350172043
122.32253809560643,0.9998595118522644,0.0002710350963752717
122.32321912098269,0.9997011423110962,0.0002708121028263122
122.32390024625056,1.000343918800354,0.00027066221809946
122.32458147151192,0.9997670650482178,0.00027041893918067217
122.32526259688893,1.0001856088638306,0.00027027123724110425
122.32594372214953,0.9998589158058167,0.0002700737095437944
122.3266249475273,1.000137448310852,0.0002699363394640386
122.3273060727879,1.0000635385513306,0.0002697840391192585
122.3279871981722,1.0003211498260498,0.00026967417215928435
122.3286683234328,1.0003288984298706,0.0002695520524866879
122.32934944869339,0.9996336102485657,0.0002693779824767262
122.3300305740704,1.0004842281341553,0.000269351206952706
122.33071179933177,1.0002063512802124,0.0002692389825824648
122.33139292471606,1.0005086660385132,0.0002691781264729798
122.33207404997665,0.9997528791427612,0.0002690391556825489
122.33275517535367,0.9999693632125854,0.00026898761279881
122.33343640061503,1.000109314918518,0.00026893275207839906
122.33411742587487,0.9996629953384399,0.0002688293461687863
122.33479855125915,1.0001449584960938,0.0002688062668312341
122.33547977652051,0.9997731447219849,0.00026872046873904765
122.33616090189753,0.999881386756897,0.0002686709922272712
122.33684202715813,0.9999874234199524,0.0002686221559997648
122.3375232525359,1.0004229545593262,0.0002686042571440339
122.3382043777965,0.999927818775177,0.0002685102808754891
122.33888550306438,1.000490665435791,0.00026851388975046575
122.33956662844139,1.000386118888855,0.0002684681094251573
122.34024775370199,1.0004477500915527,0.00026843903469853103
122.34092887896259,0.9996406435966492,0.0002683524799067527
122.3416100043396,0.9999766945838928,0.0002683781203813851
122.34229122960824,1.0002540349960327,0.0002684039354790002
122.34297235498525,0.9999000430107117,0.0002684062928892672
122.34365348024585,1.0003069639205933,0.00026848388370126486
122.34433470562362,1.0000437498092651,0.0002685276558622718
122.34501573088346,0.9999325275421143,0.0002686042571440339
122.34569685615133,1.0000709295272827,0.0002687214291654527
122.34637808152911,0.9998854994773865,0.0002688318199943751
122.34705920678971,0.9995201826095581,0.000268958363449201
122.34774033216672,0.9996916651725769,0.0002691442205104977
122.34842155742808,0.9999112486839294,0.0002693552814889699
122.34910268268868,1.0005829334259033,0.0002696140145417303
122.34978390807373,0.9996562600135803,0.0002697601157706231
122.35046493333357,1.0001164674758911,0.0002700341574382037
122.35114605871058,1.0001498460769653,0.0002702767960727215
122.35182718397118,0.9998345375061035,0.0002704984217416495
122.35250840923254,0.9998326301574707,0.0002707473759073764
122.35318953461683,1.0004608631134033,0.00027103268075734377
122.35387075987819,1.000030517578125,0.00027122453320771456
122.3545518852552,0.9999637603759766,0.00027143556508235633
122.3552330105158,0.9998754858970642,0.0002716155140660703
122.35591403577564,0.9999687671661377,0.00027178143500350416
122.35659526116069,1.000382900238037,0.00027194255380891263
122.35727638642129,1.0000174045562744,0.0002720025659073144
122.35795761179907,1.0003849267959595,0.00027207517996430397
122.35863873705966,1.0001072883605957,0.00027204470825381577
122.35931986232026,1.0002955198287964,0.0002720011689234525
122.36000098770455,0.9998664855957031,0.00027186519582755864
122.36068221296591,1.0002918243408203,0.0002717506722547114
122.36136323822575,0.9994507431983948,0.00027148908702656627
122.36204436360276,1.000301718711853,0.00027133620460517704
122.36272558886412,1.0002810955047607,0.00027108105132356286
122.36408783950901,0.9996983408927917,0.0002704578801058233
122.36476906477037,0.9997197389602661,0.0002701444609556347
122.36545019014739,0.9998765587806702,0.00026982874260284007
122.36613131540798,1.000535249710083,0.00026955828070640564
122.366812440785,0.9998980164527893,0.00026917189825326204
122.36749356605287,0.9999433755874634,0.0002688501263037324
122.36817469131347,1.0000334978103638,0.00026853359304368496
122.36885581669048,1.0000797510147095,0.00026823344524018466
122.36953704195184,0.9996930360794067,0.0002679071913007647
122.37021816721244,1.0001131296157837,0.00026766792871057987
122.37089929259673,0.9997738599777222,0.0002673816925380379
122.37158051785809,0.999987781047821,0.0002671736874617636
122.37226154323434,1.0002219676971436,0.00026698788860812783
122.37294266849494,1.0000330209732056,0.00026679213624447584
122.3736238937563,0.9997085332870483,0.000266613787971437
122.37430501914059,1.0000183582305908,0.00026651532971300185
122.37498614440119,1.0002866983413696,0.00026644376339390874
122.37566736966255,1.0001837015151978,0.00026637149858288467
122.37634849503957,0.9999198913574219,0.00026630909997038543
122.37702962030016,1.0001952648162842,0.0002663272025529295
122.37771064568369,0.9999579787254333,0.0002663319173734635
122.37839187094505,1.0003817081451416,0.0002664176281541586
122.37907299620565,1.000225305557251,0.0002664760686457157
122.37975422158343,0.9997168183326721,0.0002665372740011662
122.38043534684402,1.000112771987915,0.0002666964428499341
122.38111647210462,0.9999797344207764,0.00026682965108193457
122.3817976974824,1.00032639503479,0.0002670175745151937
122.38247882275027,1.000243067741394,0.0002671851543709636
122.38315984801011,1.0003948211669922,0.00026738730957731605
122.38384107338788,0.9996312856674194,0.0002675173745956272
122.38452219864848,1.0002690553665161,0.00026777558377943933
122.38520332391636,1.0000554323196411,0.0002679702884051949
122.38588454929413,1.0001500844955444,0.00026819854974746704
122.38656567455473,1.0001075267791748,0.00026841677026823163
122.38724679993175,0.9998199343681335,0.00026861479273065925
122.3879280251931,0.9995741844177246,0.00026882014935836196
122.38860905045294,0.9998542070388794,0.0002690638939384371
122.38929017583723,0.9999673366546631,0.0002692940179258585
122.38997140109859,0.9998393058776855,0.00026950539904646575
122.39065252635919,0.9995245933532715,0.00026968494057655334
122.3913336517362,1.0000468492507935,0.0002699302276596427
122.39201487699756,1.0000718832015991,0.00027012976352125406
122.39269600226544,1.000030279159546,0.0002703110221773386
122.39337712764245,1.000082015991211,0.00027048212359659374
122.39405825290305,0.999774158000946,0.0002706166706047952
122.39473937816365,0.9997053146362305,0.00027074856916442513
122.39542050354066,0.9997611045837402,0.0002708729007281363
122.39610162880854,1.0001732110977173,0.000271014025202021
122.3967828540699,1.0001952648162842,0.0002710915287025273
122.39746397944691,1.000394582748413,0.0002711643755901605
122.39814510470751,0.9999003410339355,0.0002711562265176326
122.39882632996887,0.9996268153190613,0.0002711345150601119
122.39950745534588,1.0002318620681763,0.00027115526609122753
122.400188480613,1.0000343322753906,0.0002710853877943009
122.40086970587436,0.9996079206466675,0.0002709728432819247
122.40155083125137,0.9999934434890747,0.00027090750518254936
122.40223195651197,1.0002652406692505,0.0002708118117880076
122.40291318188974,0.9999907612800598,0.00027066824259236455
122.40359430715762,1.0000170469284058,0.0002705343358684331
122.40427543241822,0.9998729825019836,0.00027037851396016777
122.40495665779599,0.9999258518218994,0.0002702451020013541
122.40563768305583,1.0001564025878906,0.0002701158809941262
122.40631880831643,1.0003297328948975,0.00026999303372576833
122.4069999335843,1.00015127658844,0.00026984745636582375
122.40768115896208,1.0000337362289429,0.0002697149757295847
122.40836228422268,0.9998857378959656,0.0002695924194995314
122.40904350948404,0.9996498823165894,0.0002694709983188659
122.40972463486105,1.0003453493118286,0.00026945097488351166
122.41040576012165,1.0001572370529175,0.0002693685528356582
122.41108678538876,1.000177264213562,0.00026932189939543605
122.41176801076654,1.0002690553665161,0.00026929753948934376
122.41244913602713,1.0001991987228394,0.00026928275474347174
122.4131303612885,1.0003924369812012,0.0002693100250326097
122.41381148666551,1.000093698501587,0.00026931872707791626
122.41449261193338,0.9996507167816162,0.0002693391579668969
122.41517383719474,1.0000215768814087,0.0002694469003472477
122.41585496257176,0.9995073676109314,0.00026950097526423633
122.4165359878316,0.9998461604118347,0.00026966058067046106
122.41721721309295,0.9999226331710815,0.0002698132302612066
122.41789833847724,1.000162124633789,0.0002700085169635713
122.41857946373784,1.0000107288360596,0.00027019449044018984
122.4192606889992,0.9999529719352722,0.00027041826979257166
122.41994181437622,0.9999732971191406,0.0002706823288463056
122.42062293963681,1.0000933408737183,0.0002709736581891775
122.42130406490469,0.9997320175170898,0.0002712514251470566
122.42198519016529,0.9998002052307129,0.0002715884183999151
122.4226663155423,0.9997424483299255,0.0002719355979934335
122.4233474408029,0.999844491481781,0.00027231304557062685
122.42402866606426,1.0002284049987793,0.00027272323495708406
122.42470979144127,0.999565064907074,0.00027306174160912633
122.42539091670915,1.0001778602600098,0.0002735057205427438
122.42607214197051,0.9997499585151672,0.0002738739422056824
122.42675326734752,1.0001108646392822,0.00027430939371697605
122.42743429260736,1.0002386569976807,0.00027471690555103123
122.42811551786872,1.0002175569534302,0.00027510992367751896
122.4287966431366,1.0000855922698975,0.00027548507205210626
122.4294777685136,1.0001250505447388,0.0002758592600002885
122.4301588937742,0.9999577403068542,0.0002761966024991125
122.43084011903557,1.000173568725586,0.00027654445148073137
122.43152124441258,1.0005253553390503,0.00027687253896147013
122.43220236968045,1.0001181364059448,0.0002771031577140093
122.43288349494105,1.0001152753829956,0.0002773329324554652
122.43356462031807,0.9999681711196899,0.00027750906883738935
122.43424574557866,0.9997196197509766,0.0002776166656985879
122.43492697084002,0.999949038028717,0.00027771908207796514
122.43560809610062,0.999762237071991,0.00027772222529165447
122.43628922148491,1.0002869367599487,0.00027771887835115194
122.43697044674627,1.0000826120376587,0.00027758569922298193
122.43765157200687,1.000288724899292,0.0002774094755295664
122.43833259738312,1.0003150701522827,0.00027713755844160914
122.43901382264448,0.9999697208404541,0.0002767493133433163
122.43969494791236,1.0005090236663818,0.0002763395896181464
122.44037607317296,1.000044345855713,0.00027575463172979653
122.44105729855073,1.000314712524414,0.0002751352440100163
122.44173842381133,1.0001118183135986,0.0002744025841820985
122.44241964907269,1.0003565549850464,0.000273634388577193
122.4431007744497,0.9999687671661377,0.0002727541432250291
122.44378179971682,0.9999849200248718,0.0002718613250181079
122.44446292497742,1.0000402927398682,0.0002709322143346071
122.44514415023878,1.000532865524292,0.0002700097393244505
122.44582527561579,1.0001169443130493,0.00026899614022113383
122.44650650087715,1.000064730644226,0.00026800023624673486
122.44718762614502,0.9998000860214233,0.00026698881993070245
122.44786875152204,0.9998738169670105,0.0002660123282112181
122.44854987678264,0.9999281167984009,0.0002650510286912322
122.44923100204323,1.0002366304397583,0.00026413265732116997
122.44991212730383,0.9996193051338196,0.00026316556613892317
122.45059325268812,1.0000677108764648,0.0002623186737764627
122.45127447794948,1.0001871585845947,0.0002614893892314285
122.45195560321008,0.9998071789741516,0.0002606544876471162
122.45263672847068,0.9999673366546631,0.0002599126019049436
122.45331795384845,1.000107765197754,0.0002592308446764946
122.45399907911633,0.999970018863678,0.0002585680049378425
122.45468010437617,1.000001072883606,0.0002579801366664469
122.45536132975394,1.0000483989715576,0.00025745516177266836
122.45604245501454,1.0003764629364014,0.0002570190990809351
122.45672358027514,1.0002613067626953,0.0002566061448305845
122.45740470554301,0.9999346137046814,0.0002562467416282743
122.45808593092079,0.9996431469917297,0.0002559593413025141
122.45876705618139,1.0003305673599243,0.00025583902606740594
122.45944818144199,0.9999515414237976,0.0002556960971560329
122.46012930670258,0.9996686577796936,0.0002556655672378838
122.46081043208687,0.9996986985206604,0.0002557463594712317
122.46149155734747,0.9992865324020386,0.000255888415267691
122.46217278260883,1.0003374814987183,0.00025626635761000216
122.46285390786943,1.0002073049545288,0.0002566393814049661
122.46353503324644,1.0000791549682617,0.000257106643402949
122.4642162585078,1.0001606941223145,0.0002576980914454907
122.46489738377568,0.9995829463005066,0.0002583321474958211
122.46557840903552,0.9995731711387634,0.0002591148659121245
122.46625953441253,0.9996166825294495,0.0002600044826976955
122.46694075967389,1.000242829322815,0.00026104578864760697
122.46762188493449,1.0000091791152954,0.00026210074429400265
122.46830311031954,1.0003939867019653,0.00026331006665714085
122.46898423558014,1.0000007152557373,0.0002645317290443927
122.46966536084074,0.9995732307434082,0.000265829119598493
122.4703465861021,1.0004512071609497,0.0002673150156624615
122.4710277113627,0.9997926950454712,0.0002687256783246994
122.47170873674622,1.000014066696167,0.00027026637690141797
122.47238996200758,0.9998786449432373,0.0002718155737966299
122.47307108726818,0.9998704195022583,0.0002734021982178092
122.47375221252878,1.0002497434616089,0.0002750313433352858
122.47443343790655,0.9997884035110474,0.00027659081388264894
122.47511456316715,1.0002247095108032,0.0002782043884508312
122.47579568843503,1.0001702308654785,0.0002797443012241274
122.47647691369639,0.9997022747993469,0.00028120604110881686
122.47715793907264,0.9995452165603638,0.0002826190029736608
122.47783906433324,1.0001065731048584,0.00028400809969753027
122.4785202895946,0.9999154210090637,0.00028523249784484506
122.47920141486247,1.000199794769287,0.0002863743284251541
122.47988254023949,0.9995473027229309,0.00028730742633342743
122.48056376550085,1.0000617504119873,0.00028816951089538634
122.48124489076145,1.0000911951065063,0.0002888285380322486
122.48192601602204,0.9996632933616638,0.0002892712946049869
122.48260714140633,0.9998477101325989,0.00028959455084986985
122.48328826666693,0.9996528029441833,0.00028973506414331496
122.48396939192753,0.9997143745422363,0.00028973922599107027
122.48465051718813,0.9996716380119324,0.0002896007208619267
122.48533174244949,0.999732255935669,0.00028934041620232165
122.4860128678265,1.0000542402267456,0.0002889768220484257
122.48669399309438,1.0000460147857666,0.00028848860529251397
122.48737521835574,1.0004346370697021,0.00028794052195735276
122.48805624361557,1.0001140832901,0.00028724997537210584
122.48873736887617,1.0001250505447388,0.00028651620959863067
122.48941859425395,1.0000598430633545,0.0002857148938346654
122.49009971952182,1.000259280204773,0.00028488680254668
122.49078084478242,0.9997026324272156,0.00028396531706675887
122.49146207004378,1.0004045963287354,0.00028311231289990246
122.4921431954208,0.9999028444290161,0.0002821526722982526
122.4928243206814,1.0003397464752197,0.0002812524908222258
122.4935053459485,0.9997724294662476,0.00028027998632751405
122.49418657120987,0.9999184608459473,0.0002793750027194619
122.49486769658688,0.999524712562561,0.00027843654970638454
122.49554882184748,1.0000882148742676,0.00027760775992646813
122.49623004710884,0.9997947216033936,0.0002767403202597052
122.49691117237671,0.9997868537902832,0.0002759296039585024
122.49759239763807,1.0000778436660767,0.0002751871070358902
122.49827352301509,1.0003584623336792,0.000274493737379089
122.49895454827492,0.9994702339172363,0.0002737585746217519
122.49963567353552,1.0003283023834229,0.00027322149253450334
122.50031689879688,0.9997127652168274,0.0002726198290474713
122.50099802406476,0.9999756813049316,0.00027215981390327215
122.50167914944177,1.0001779794692993,0.00027176315779797733
122.50236037470313,0.9999610781669617,0.00027139452868141234
122.50304149996373,1.0003089904785156,0.0002711354463826865
122.50372272522509,1.000170111656189,0.00027089743525721133
122.5044037504922,0.9995617866516113,0.00027067578048445284
122.50508487586922,1.0001084804534912,0.00027059350395575166
122.50576600112981,1.0000009536743164,0.00027050336939282715
122.50644722639117,0.9997608065605164,0.0002704425423871726
122.50712835165177,1.0000253915786743,0.00027046503964811563
122.50780957691313,1.0003944635391235,0.0002705390506889671
122.50849070229742,0.999941885471344,0.0002705745864659548
122.50917182755802,1.0000567436218262,0.0002706858213059604
122.50985285281786,0.9999514222145081,0.00027080875588580966
122.51053407807922,0.9999398589134216,0.00027096577105112374
122.51121520333982,1.000346064567566,0.0002711819834075868
122.5118963287241,0.9998961687088013,0.0002713454596232623
122.51257755398547,0.9999797940254211,0.0002715757873374969
122.51325867924606,1.0001059770584106,0.0002718122268561274
122.51393980450666,1.0000523328781128,0.00027205541846342385
122.51462102976802,1.0002293586730957,0.00027232151478528976
122.51530205515155,0.999736487865448,0.0002725326339714229
122.51598318041215,0.9995429515838623,0.0002727682585828006
122.51666440567351,0.9997290968894958,0.00027303496608510613
122.51734553093411,1.000218152999878,0.0002733164292294532
122.5180266561947,1.0001438856124878,0.00027353630866855383
122.51870788157248,1.000422477722168,0.000273771962383762
122.51938900684036,1.0003241300582886,0.0002739517658483237
122.52007013210095,0.9998626708984375,0.00027408413006924093
122.52075115736079,0.9997058510780334,0.0002742067154031247
122.52143238262215,1.0000221729278564,0.0002743366057984531
122.52211350789003,1.0000946521759033,0.00027441090787760913
122.52279463326704,0.9998393058776855,0.000274420075584203
122.5234758585284,1.0000648498535156,0.0002744352095760405
122.524156983789,1.0000450611114502,0.0002743942604865879
122.5248381090496,0.9996902942657471,0.00027430124464444816
122.52551933431096,0.9998605251312256,0.0002742322685662657
122.52620035957807,0.9998584985733032,0.0002741152129601687
122.52688148495508,1.0001871585845947,0.00027400744147598743
122.52756271021644,0.9998347163200378,0.0002738344483077526
122.52824383547704,1.0000170469284058,0.00027368779410608113
122.52892496073764,0.9998254776000977,0.0002734946319833398
122.52960618600628,1.0001415014266968,0.0002733362198341638
122.53028731138329,1.000532627105713,0.0002731765271164477
122.53096853664465,0.9997868537902832,0.000272919365670532
122.53164946190373,1.0000457763671875,0.0002727402898017317
122.53233068716509,1.0002954006195068,0.00027255737222731113
122.53301181243296,1.0001391172409058,0.000272337842034176
122.53369303769432,1.0005605220794678,0.0002721603959798813
122.53437416295492,0.9996139407157898,0.0002718790783546865
122.5350553883327,1.000375509262085,0.0002717309689614922
122.53573651359329,0.9998741149902344,0.00027148379012942314
122.53641763885389,0.9998561143875122,0.0002712815476115793
122.537098664121,1.0002257823944092,0.00027110660448670387
122.53777988938236,0.9998050928115845,0.00027086958289146423
122.53846101475938,0.9998902082443237,0.000270676682703197
122.53914214001998,0.9998828172683716,0.00027047665207646787
122.53982336528134,1.000187873840332,0.0002703034842852503
122.54050449054921,0.9999934434890747,0.00027010543271899223
122.54118561580981,0.9996026158332825,0.00026988802710548043
122.54186684107117,1.0000301599502563,0.00026974521460942924
122.54254796633177,0.9997231960296631,0.0002695458533708006
122.54322899170802,1.0000494718551636,0.0002694206777960062
122.54391021697666,1.0001741647720337,0.00026928429724648595
122.54459134223725,0.9997419118881226,0.0002691232948563993
122.54527246749785,0.9999977350234985,0.00026903770049102604
122.54595369275921,1.0002028942108154,0.00026896983035840094
122.54663481801981,0.9999319314956665,0.00026887989952228963
122.54731594328041,1.0001096725463867,0.0002688604290597141
122.5479970686647,1.00014328956604,0.0002688537060748786
122.5486781939253,1.0003588199615479,0.00026889092987403274
122.5493593191859,1.0003269910812378,0.00026893342146649957
122.5500404444465,0.9998964667320251,0.0002689675602596253
122.55072166970785,1.000298261642456,0.0002691159606911242
122.55140279497573,0.9997052550315857,0.00026919832453131676
122.55208392023633,1.0001357793807983,0.0002693907590582967
122.5527651456141,1.0000704526901245,0.0002695721050258726
122.5534462708747,1.0001723766326904,0.00026978831738233566
122.55412729613454,1.0001767873764038,0.0002700134355109185
122.55480852140317,0.999926745891571,0.00027022947324439883
122.55548964666377,0.9999725222587585,0.0002704849757719785
122.55617077192437,0.9999999403953552,0.00027074653189629316
122.55685199718573,1.0001963376998901,0.00027102339663542807
122.55753312256275,1.000283122062683,0.0002712862624321133
122.55821424782334,0.9999119639396667,0.00027150832465849817
122.55889547309198,0.9998828172683716,0.00027174182469025254
122.55957649835182,0.9995576739311218,0.0002719293115660548
122.56025762361242,1.0002624988555908,0.00027218135073781013
122.56093884887377,0.9996358752250671,0.0002722990175243467
122.56161997413437,0.9999508261680603,0.0002724601363297552
122.56230109951866,1.0001548528671265,0.0002725825470406562
122.56298232478002,1.0000438690185547,0.00027264165692031384
122.56366345004062,0.9996938705444336,0.0002726366510614753
122.56434457530122,1.0000064373016357,0.00027266109827905893
122.56502560056106,0.99968421459198,0.0002726064994931221
122.5657068258297,0.9999347925186157,0.0002725728554651141
122.56638795109029,0.9997459053993225,0.0002724874939303845
122.56706917635165,0.9998236298561096,0.00027240964118391275
122.56775030172867,0.9995478987693787,0.00027228539693169296
122.56843142698926,1.000177264213562,0.00027224287623539567
122.56911265225062,1.0000929832458496,0.00027214092551730573
122.5697937775185,0.9997185468673706,0.000272015284281224
122.57047480277834,1.0000526905059814,0.0002719540789257735
122.5711560280397,1.000085473060608,0.0002718890900723636
122.5718371533003,0.9994286894798279,0.0002717773022595793
122.57251827856089,1.0000489950180054,0.00027178082382306457
122.57319950394594,1.000100016593933,0.00027175495051778853
122.57388062920654,0.9996951818466187,0.0002717110619414598
122.57456175446714,0.9995805025100708,0.00027170934481546283
122.57524287972774,0.9991191029548645,0.0002717136812862009
122.57592400498834,1.0001990795135498,0.00027181318728253245
122.57660513025621,0.999951183795929,0.0002718393807299435
122.57728625551681,1.0001674890518188,0.0002719031763263047
122.57796748077817,1.0000613927841187,0.00027195055736228824
122.57864860603877,0.9998984932899475,0.00027199205942451954
122.57932973141578,1.000349760055542,0.0002720775664784014
122.58001095667714,1.0001078844070435,0.00027210399275645614
122.58069208194502,0.9999417662620544,0.00027211441192775965
122.58137310720485,0.9996474385261536,0.0002720941847655922
122.58205433246621,0.9998483061790466,0.00027209744439460337
122.58273545772681,0.9998979568481445,0.0002720505581237376
122.58341658299469,1.0003206729888916,0.0002720043412409723
122.58409770825529,0.9999961256980896,0.0002718644973356277
122.58477893351665,0.9997977018356323,0.00027170396060682833
122.58546005877724,1.0001996755599976,0.0002715613227337599
122.58614128415502,0.9999508857727051,0.0002713461290113628
122.58682230941486,0.9999249577522278,0.00027112392126582563
122.58750343468273,1.0003796815872192,0.00027092848904430866
122.58818455994333,0.9998539090156555,0.00027064085588790476
122.58886578520469,1.0001155138015747,0.0002704136131796986
122.58954691046529,0.9998369216918945,0.00027014303486794233
122.59022803572589,1.0003291368484497,0.00026993968640454113
122.59090926099452,0.9994789361953735,0.0002696331066545099
122.59159038625512,0.9996123313903809,0.00026941639953292906
122.59227141151496,1.0000650882720947,0.00026925126439891756
122.59295263677632,1.0002855062484741,0.00026908275322057307
122.59363376215333,1.0000959634780884,0.0002689021348487586
122.5943148874212,0.9998762607574463,0.00026875216281041503
122.59499611268257,0.9998245239257812,0.0002686490479391068
122.59567723794316,0.9997206926345825,0.0002685686049517244
122.59635846320452,1.0000370740890503,0.0002685546351131052
122.59703958846512,1.000108003616333,0.00026862064260058105
122.59772061373224,0.9998399615287781,0.0002685623476281762
122.59840173899283,1.0001211166381836,0.00026864773826673627
122.5990829642542,1.000198245048523,0.00026875283219851553
122.59976408951479,1.0000343322753906,0.0002688740787561983
122.60044531477615,1.0001578330993652,0.0002690479450393468
122.60112644003675,1.0004448890686035,0.00026927038561552763
122.60180756542104,0.9997829794883728,0.00026943968259729445
122.60248869068164,0.9999610781669617,0.0002697054878808558
122.60316981594224,1.000252366065979,0.00027000639238394797
122.60385094120284,0.9995548129081726,0.0002702494675759226
122.60453206646343,1.0001429319381714,0.00027062289882451296
122.6052132917248,0.9996368288993835,0.0002709212130866945
122.60589441699267,1.0003702640533447,0.0002713399298954755
122.60657554225327,1.0004918575286865,0.0002717267198022455
122.60725676751463,0.9997819066047668,0.0002720475313253701
122.60793789277523,0.9999557733535767,0.0002724532096181065
122.60861891804234,0.9999354481697083,0.00027285009855404496
122.6093001433037,0.9998415112495422,0.0002732418361119926
122.6099812685643,1.0002282857894897,0.00027368508744984865
122.6106623938249,1.0001449584960938,0.000274079357041046
122.6113435190855,1.0003693103790283,0.0002745050878729671
122.61202474446327,1.0003571510314941,0.000274901045486331
122.61270586973114,0.9999082088470459,0.00027525884797796607
122.61338699499174,1.000276803970337,0.0002756731410045177
122.6140682202531,1.0004949569702148,0.00027606135699898005
122.61474924551294,0.9999749064445496,0.00027637864695861936
122.61543037077354,0.9999615550041199,0.0002767163095995784
122.61611159604217,1.0004127025604248,0.00027706511900760233
122.61679272130277,0.9999212622642517,0.0002773208834696561
122.61747384656337,1.0001417398452759,0.00027760089142248034
122.61815507182473,0.9997552037239075,0.00027779501397162676
122.61883619708533,1.0000938177108765,0.00027801061514765024
122.61951742234669,1.000059723854065,0.00027815843350254
122.62019834761304,0.9999173283576965,0.0002782586379908025
122.6208795728744,1.0002949237823486,0.00027834370848722756
122.621560698135,1.000254511833191,0.00027834641514346004
122.62224192339636,1.0002648830413818,0.00027829603641293943
122.62292304865696,1.000087022781372,0.0002781686489470303
122.62360417404125,1.0000927448272705,0.00027799460804089904
122.62428539930261,0.999780535697937,0.00027773130568675697
122.6249665245632,0.9997832775115967,0.0002774271124508232
122.62564754982304,0.9998858571052551,0.00027707728440873325
122.6263287750844,1.0001200437545776,0.00027668679831549525
122.62700990035228,1.0001472234725952,0.0002762328658718616
122.62769102561288,1.0009883642196655,0.0002758065238595009
122.62837225087424,1.0000327825546265,0.0002752028522081673
122.62905337613483,0.9999151825904846,0.0002746421378105879
122.62973450139543,0.9997509717941284,0.00027405150467529893
122.63041572665679,0.9998645782470703,0.00027347650029696524
122.6310967519239,1.0002248287200928,0.0002729085390456021
122.6317778771845,1.0000834465026855,0.0002722902863752097
122.63245910244586,0.9996062517166138,0.000271648692432791
122.63314022770646,1.0001078844070435,0.00027109304210171103
122.63382135296706,0.9999568462371826,0.0002704910293687135
122.6345025782357,1.0001462697982788,0.0002699302858673036
122.6351837034963,0.9998830556869507,0.00026933991466648877
122.6358648287569,0.99977046251297,0.0002687811211217195
122.63654595401749,1.0002003908157349,0.00026828786940313876
122.63722707927809,0.9993956685066223,0.00026770803378894925
122.63790820454597,1.0001672506332397,0.00026728285592980683
122.63858932980656,0.9999904036521912,0.0002667996450327337
122.63927055518434,1.0000767707824707,0.000266358838416636
122.63995168032852,0.9996538162231445,0.00026589917251840234
122.64063280570554,1.0001020431518555,0.0002655386342667043
122.6413140309669,0.9999866485595703,0.00026515364879742265
122.64199505623401,1.000479817390442,0.0002648446534294635
122.64267618149461,1.000369906425476,0.00026451435405761003
122.64335740675597,1.000008225440979,0.00026418716879561543
122.64403853201657,0.9999572038650513,0.00026391749270260334
122.64471965728444,0.9998041987419128,0.0002636642602737993
122.64540078254504,0.9999945759773254,0.0002634814300108701
122.6460820078064,0.999967634677887,0.0002633085532579571
122.646763133067,0.9996625185012817,0.0002631529641803354
122.64744415832683,1.000144124031067,0.0002630985982250422
122.6481253835882,1.000028133392334,0.0002630268572829664
122.64880650885607,1.0003374814987183,0.00026303488994017243
122.64948763411667,1.0002399682998657,0.00026305014034733176
122.65016885937803,0.999934196472168,0.00026308547239750624
122.65084998463863,0.9999707341194153,0.0002631964744068682
122.65153120989999,1.0004992485046387,0.0002633879194036126
122.65221233516786,0.9999744296073914,0.00026353218709118664
122.6528933604277,1.0002309083938599,0.00026377744507044554
122.6535744856883,0.9999832510948181,0.0002640231396071613
122.65425571094966,1.0000603199005127,0.0002643288462422788
122.65493683621025,1.0002127885818481,0.000264679518295452
122.65561806147161,1.0002291202545166,0.0002650436363182962
122.65629918673949,0.9997692704200745,0.00026538496604189277
122.65698031200009,0.9994749426841736,0.000265766866505146
122.65766153726145,1.0001164674758911,0.0002662355254869908
122.65834256252128,0.9996670484542847,0.0002666205109562725
122.65902368778188,1.0000510215759277,0.0002670713874977082
122.65970491305052,1.0002583265304565,0.0002674961870070547
122.66038603831112,1.0000977516174316,0.00026788018294610083
122.66106716357172,0.9998976588249207,0.00026822875952348113
122.66174838883308,1.000245213508606,0.0002685930812731385
122.66242951409367,1.0002785921096802,0.0002688875247258693
122.66311063936155,0.9997864961624146,0.00026909387088380754
122.66379166462139,0.9998565912246704,0.0002692904672585428
122.66447288988275,1.000015377998352,0.00026943162083625793
122.66515401514334,0.9997485876083374,0.00026946296566165984
122.66583514040394,0.9995888471603394,0.00026943557895720005
122.66651636567258,0.9998713135719299,0.00026937638176605105
122.66719749093318,1.0000916719436646,0.0002692506241146475
122.66787861619378,1.0000118017196655,0.00026904750848188996
122.66855984145514,1.0002111196517944,0.0002688124659471214
122.66924086671497,0.9996236562728882,0.00026847361004911363
122.66992199198285,0.9999386668205261,0.00026817203615792096
122.6706032172442,0.9999465346336365,0.0002678079472389072
122.6712843425048,0.9999101758003235,0.00026741702458821237
122.6719654677654,1.0002716779708862,0.0002670456888154149
122.672646593026,1.0002734661102295,0.00026663095923140645
122.67332781828736,0.9988664984703064,0.0002662124752532691
122.67400894355524,1.0002461671829224,0.0002657840377651155
122.67468996881507,0.9998611807823181,0.0002653340343385935
122.67537119407643,0.9999958276748657,0.00026493537006899714
122.67605231933703,0.9997403621673584,0.0002645092026796192
122.67673344459763,0.9997353553771973,0.0002641231403686106
122.67741466986627,1.000389575958252,0.0002638088189996779
122.67809579512686,0.9996347427368164,0.0002633972617331892
122.67877692038746,1.0000360012054443,0.00026310409884899855
122.67945814564882,0.9998949766159058,0.0002627776120789349
122.68013917090866,1.0000355243682861,0.00026249978691339493
122.68082029617653,1.0005626678466797,0.0002622789761517197
122.6815015214379,1.0002312660217285,0.00026199762942269444
122.6821826466985,0.9998952150344849,0.00026173447258770466
122.68286377195909,1.000264286994934,0.00026154867373406887
122.68354499722045,1.00022554397583,0.00026134285144507885
122.68422612248105,1.0002686977386475,0.0002611560048535466
122.68490734763327,1.0001847743988037,0.000260964035987854
122.68558847289387,0.9998078346252441,0.0002607510832604021
122.6862694981537,0.9995055794715881,0.0002605524496175349
122.6869506234143,0.9995973706245422,0.00026039464864879847
122.68763184867566,1.000269889831543,0.000260282278759405
122.68831297394354,0.9999673962593079,0.0002600984589662403
122.6889941992049,1.0001258850097656,0.0002599503786768764
122.6896753244655,0.9998499751091003,0.000259771739365533
122.6903564497261,0.9999669790267944,0.0002596370759420097
122.69103767498746,0.999664306640625,0.00025946396635845304
122.69171870025457,1.0000832080841064,0.00025936687598004937
122.69239982551517,0.9993634223937988,0.000259173393715173
122.69308095077577,0.9999305009841919,0.00025910313706845045
122.69376217603713,0.9998986721038818,0.0002589942014310509
122.69444330129772,1.0000982284545898,0.0002589373616501689
122.69512442655832,0.9997340440750122,0.0002587974304333329
122.69580565182696,0.9999767541885376,0.00025874486891552806
122.69648677708756,0.9999932050704956,0.0002586873306427151
122.6971678023474,1.0002541542053223,0.0002586563059594482
122.69784902760875,1.0001704692840576,0.0002586196642369032
122.69853015286935,0.999886691570282,0.0002585673064459115
122.69921127813723,1.000249981880188,0.00025858936714939773
122.69989250339859,0.9998512864112854,0.00025855182320810854
122.70057362854277,1.0003058910369873,0.00025859809829853475
122.70125475380337,1.0000028610229492,0.00025858671870082617
122.70193587906397,0.9999747276306152,0.00025861087488010526
122.70261700433184,1.0002063512802124,0.00025866253417916596
122.70329812959244,0.9997891187667847,0.00025866422220133245
122.70397925485304,0.999890148639679,0.0002587103226687759
122.7046604801144,0.999812126159668,0.00025874798302538693
122.705341605375,0.9996054172515869,0.0002587699855212122
122.70602273064287,0.9999306201934814,0.0002588472270872444
122.70670395590423,0.9997540712356567,0.00025887766969390213
122.70738508116483,1.0000848770141602,0.0002589585492387414
122.70806610642467,1.0004031658172607,0.0002590340736787766
122.70874723168527,1.0001078844070435,0.0002590638177935034
122.70942845694663,1.000075101852417,0.0002591114316601306
122.7101095822145,1.0000638961791992,0.00025917330640368164
122.71079080747586,1.0003464221954346,0.0002592631208244711
122.71147193273646,1.0002720355987549,0.00025933069991879165
122.71215305799706,1.0001754760742188,0.0002594008110463619
122.71283428325842,0.9999053478240967,0.0002594688266981393
122.71351530840911,1.0003598928451538,0.0002596084086690098
122.71419643366971,1.0002448558807373,0.0002597105922177434
122.71487765893107,0.9997797012329102,0.00025979295605793595
122.71555878419167,1.0001074075698853,0.00025995212490670383
122.71623990945227,1.0001084804534912,0.00026009761495515704
122.71692113471363,1.000012755393982,0.0002602416789159179
122.7176022599815,0.9998610615730286,0.0002603981993161142
122.71828348524286,1.0000098943710327,0.0002605909830890596
122.7189645105027,1.0002976655960083,0.0002608040813356638
122.7196456357633,1.0000900030136108,0.0002609894145280123
122.72032676103117,0.9999042749404907,0.0002611689269542694
122.72100798629253,1.0001256465911865,0.0002614077820908278
122.72168911155313,0.9997382760047913,0.0002615990524645895
122.72237023669732,0.9996883869171143,0.0002618118014652282
122.72305146195868,1.000541090965271,0.00026210860232822597
122.72373258721927,1.0000078678131104,0.00026228552451357245
122.72441361248639,0.9999551773071289,0.00026250621885992587
122.72509483774775,1.0000495910644531,0.00026273055118508637
122.72577596300835,0.9998721480369568,0.0002629245282150805
122.72645708826894,0.9997730255126953,0.00026311841793358326
122.7271383135303,1.0006027221679688,0.0002633820695336908
122.7278194387909,1.0001986026763916,0.0002635311393532902
122.72850056405878,1.0001262426376343,0.0002636915014591068
122.72918168931938,1.0000602006912231,0.0002638521254993975
122.72986281457997,1.0000457763671875,0.0002640028833411634
122.73054393984057,1.0001006126403809,0.0002641509345266968
122.73122506499203,1.00011146068573,0.0002642899926286191
122.73190629025339,1.0001895427703857,0.0002644253836479038
122.73258741551399,0.9998174905776978,0.0002645133645273745
122.73326854077459,1.0004663467407227,0.00026467794668860734
122.73394966603519,0.9999033212661743,0.00026473833713680506
122.73463089129655,0.9994760155677795,0.0002647950022947043
122.73531191656366,0.9997708797454834,0.00026490542222745717
122.73599304182426,1.0005024671554565,0.0002650490205269307
122.73667426708562,0.9999139308929443,0.00026507064467296004
122.73735539234622,0.9999304413795471,0.0002651339746080339
122.7380365174904,0.9997519850730896,0.0002651687536854297
122.73871774275904,0.9998518228530884,0.0002652241673786193
122.73939886801963,0.9998845458030701,0.000265261041931808
122.740080093281,0.9999542832374573,0.0002652949478942901
122.74076111854083,1.0004076957702637,0.0002653411356732249
122.74144224380143,1.0001128911972046,0.00026531616458669305
122.7421233690693,0.9998406767845154,0.00026528123999014497
122.74280459433066,1.0001349449157715,0.0002652803377714008
122.74348571959126,0.9995812177658081,0.00026519387029111385
122.74416694485262,0.9994107484817505,0.00026512317708693445
122.7448480699968,0.9998993873596191,0.0002650972455739975
122.7455291952574,1.000014066696167,0.0002650198293849826
122.74621022052452,1.0002175569534302,0.00026493106270208955
122.74689144578588,1.000144600868225,0.0002648075751494616
122.74757257104648,0.9998503923416138,0.00026464785332791507
122.74825379630784,1.0002875328063965,0.00026453271857462823
122.74893492156843,1.00004243850708,0.00026434657047502697
122.74961604683631,0.9997320175170898,0.00026414645253680646
122.75029727209767,1.0001754760742188,0.0002639937447384
122.75097839724185,0.9999068379402161,0.0002637783472891897
122.75165942250169,0.9998661875724792,0.0002635753189679235
122.75234054776229,1.000260353088379,0.0002633976691868156
122.75302177303092,0.9999631643295288,0.00026316504226997495
122.75370289829152,0.9999840259552002,0.00026295348652638495
122.75438402355212,1.0003974437713623,0.00026277173310518265
122.75506524881348,1.0000345706939697,0.00026252411771565676
122.75574637407408,1.0000450611114502,0.0002623137552291155
122.75642749921826,1.0001667737960815,0.00026210490614175797
122.75710862448614,1.0002862215042114,0.0002619017323013395
122.75778974974673,1.0001283884048462,0.00026168147451244295
122.75847087500733,1.0000249147415161,0.00026146176969632506
122.7591521002687,1.0002580881118774,0.0002612791140563786
122.75983322552929,1.0002939701080322,0.0002610826923046261
122.76051435079717,0.9996455311775208,0.0002608239301480353
122.76119547605776,0.9999967217445374,0.0002606592024676502
122.76187670120271,1.0001749992370605,0.0002604763431008905
122.76255782646331,1.000203251838684,0.00026028839056380093
122.7632389517239,0.9996670484542847,0.0002600436273496598
122.76392007699178,0.9998334646224976,0.0002598657738417387
122.76460120225238,0.9999593496322632,0.0002596774429548532
122.76528232751298,1.000013828277588,0.00025947627727873623
122.76596355277434,1.000343918800354,0.00025930561241693795
122.76664467791852,1.0001530647277832,0.0002590770018287003
122.7673258031864,1.0002812147140503,0.00025888209347613156
122.76800702844776,1.0002681016921997,0.0002586619812063873
122.76868805370759,0.9998592734336853,0.0002584078465588391
122.76936917896819,1.0003941059112549,0.00025823398027569056
122.77005040422955,1.0002080202102661,0.000257991865510121
122.77073152949015,1.0002710819244385,0.00025777670089155436
122.77141265475802,0.9998500347137451,0.0002575096732471138
122.77209387990297,1.0002392530441284,0.0002573195961304009
122.77277500516357,1.0001657009124756,0.0002570859214756638
122.77345623042493,0.999941349029541,0.0002568517520558089
122.77413725568476,1.0000519752502441,0.00025664441636763513
122.77481838095264,1.0000296831130981,0.0002564287860877812
122.77549950621324,0.9996020793914795,0.0002561841974966228
122.7761807314746,0.9997640252113342,0.00025600293884053826
122.77686185661878,0.9999455213546753,0.0002558247360866517
122.77754308188014,0.9995627403259277,0.00025560971698723733
122.77822420714074,1.0000083446502686,0.00025547394761815667
122.77890533240861,1.0001928806304932,0.0002553229860495776
122.77958635766845,0.9996111989021301,0.00025511340936645865
122.78026758292981,1.0000803470611572,0.0002550075005274266
122.78094870807399,1.000177025794983,0.00025487018865533173
122.78162983333459,1.0005935430526733,0.00025477446615695953
122.78231105860323,0.999790370464325,0.0002545812167227268
122.78299218386383,0.999823808670044,0.0002544632297940552
122.78367330912442,1.0003799200057983,0.00025439937599003315
122.78435453438578,0.9998502731323242,0.00025425251806154847
122.78503555964562,1.0002760887145996,0.00025418755831196904
122.78571668479708,1.000304937362671,0.00025410210946574807
122.78639791005844,0.9998396039009094,0.00025397256831638515
122.78707903531904,0.9997448921203613,0.00025388767244294286
122.78776016057964,1.0000354051589966,0.00025383286993019283
122.788441385841,0.9997019171714783,0.00025373633252456784
122.78912251098518,1.00007963180542,0.00025370391085743904
122.78980363625305,0.9997204542160034,0.00025361409643664956
122.79048466151289,0.9998659491539001,0.00025357602862641215
122.79116588677425,0.9998556971549988,0.00025352457305416465
122.79184701203485,1.000044822692871,0.0002535083331167698
122.79252813730272,1.0003560781478882,0.0002535019884817302
122.79320936256408,1.0002107620239258,0.0002534684317652136
122.79389048770827,0.9999368786811829,0.0002534390951041132
122.79457161296887,1.000107765197754,0.0002534426748752594
122.79525283823023,1.0001369714736938,0.00025345475296489894
122.79593386349006,1.000054121017456,0.00025345204630866647
122.79661498875794,0.9998937845230103,0.0002534597006160766
122.79729611390212,0.9997018575668335,0.0002534691011533141
122.79797733916348,1.0001137256622314,0.00025353708770126104
122.79865846442408,1.000162124633789,0.0002535844105295837
122.79933968968544,1.0002549886703491,0.0002536349056754261
122.80002081495331,0.9998135566711426,0.00025364538305439055
122.80070194021391,1.0001561641693115,0.00025372550589963794
122.80138296535733,1.0003693103790283,0.0002538018161430955
122.8020641906187,1.0001550912857056,0.000253830075962469
122.80274531587929,1.0000905990600586,0.00025387710775248706
122.80342644114717,0.9999943375587463,0.0002539199194870889
122.80410766640853,1.0001670122146606,0.00025398374418728054
122.80478879166913,1.000104546546936,0.0002540200366638601
122.80547001681407,1.0004007816314697,0.0002540830464567989
122.80615114207467,0.999688982963562,0.00025404224288649857
122.80683216734178,0.999803364276886,0.0002540751011110842
122.80751329260238,0.9998465180397034,0.0002540955611038953
122.80819451786374,1.000185489654541,0.00025413374532945454
122.80887564300792,0.9995197057723999,0.000254071899689734
122.80955686826928,1.000053882598877,0.0002541118592489511
122.81023799352988,0.9998281598091125,0.0002540833957027644
122.81091911879776,0.999732255935669,0.0002540616551414132
122.81160034405912,0.9997862577438354,0.00025405280757695436
122.81228136920254,1.000144362449646,0.0002540801651775837
122.81296249446314,0.9998325705528259,0.0002540394489187747
122.8136437197245,1.0000048875808716,0.00025405778433196247
122.81432484499237,1.0001111030578613,0.0002540663699619472
122.81500597025297,1.000124454498291,0.00025407993234694004
122.81568719539791,0.9999487400054932,0.00025407710927538574
122.81636832065851,0.9999387860298157,0.0002540956484153867
122.81704944591911,0.9997913837432861,0.00025411302340216935
122.81773047118622,0.9999438524246216,0.0002541478897910565
122.81841169644758,1.0001225471496582,0.0002542004513088614
122.81909282159177,1.0005652904510498,0.0002542628499213606
122.81977394685237,0.9999253749847412,0.00025423584156669676
122.82045517211372,1.000232458114624,0.0002542902948334813
122.82113629737432,1.000166416168213,0.000254303973633796
122.82249854778638,1.0001461505889893,0.0002543122391216457
122.82317967304698,0.9999685287475586,0.0002542776055634022
122.82386079830758,0.9998841881752014,0.0002542423317208886
122.82454202356894,1.0002166032791138,0.00025424241903238
122.82522314883681,0.9999553561210632,0.00025412748800590634
122.825904273981,0.9999544024467468,0.00025403761537745595
122.8265853992416,1.000018835067749,0.0002539294073358178
122.82726662450295,1.0000975131988525,0.00025379666476510465
122.82794774976355,1.0000838041305542,0.00025364200701005757
122.82862877491425,1.0000423192977905,0.00025346127222292125
122.82931000017561,1.0001829862594604,0.00025328141055069864
122.82999112543621,1.0000200271606445,0.00025306257884949446
122.83067225069681,0.9999542236328125,0.00025286077288910747
122.83135347595817,0.999832034111023,0.0002526531752664596
122.83203460110235,0.9999146461486816,0.0002524842566344887
122.83271582637099,0.9996853470802307,0.00025230165920220315
122.83339695163158,1.000038504600525,0.00025220404495485127
122.83407807689218,0.9999868869781494,0.00025210369494743645
122.8347591020356,1.0002001523971558,0.0002520705747883767
122.83544032729696,1.0003255605697632,0.0002520694397389889
122.83612145256484,1.0000851154327393,0.00025208364240825176
122.8368026778262,0.9998159408569336,0.0002521513379178941
122.8374838030868,0.9999496340751648,0.00025230509345419705
122.83816492823098,1.0002442598342896,0.0002525334130041301
122.83884615349234,0.9998775720596313,0.00025275841471739113
122.83952727875294,0.9998886585235596,0.0002530637430027127
122.84020830402005,1.0000766515731812,0.0002534447703510523
122.84088942916424,1.0004401206970215,0.0002538838016334921
122.8415706544256,1.0000648498535156,0.0002543060400057584
122.8422517796862,0.9997832179069519,0.0002547735639382154
122.84293300494755,1.000242829322815,0.00025534085580147803
122.84361413009901,1.000281810760498,0.00025589094730094075
122.84429525535961,1.0000529289245605,0.0002564413007348776
122.84497638062021,1.0003652572631836,0.0002570480282884091
122.84565750588081,0.9999197125434875,0.00025758653646335006
122.8463386311414,1.0002787113189697,0.0002581856388133019
122.84701975629287,0.9999912977218628,0.0002587127382867038
122.84770098155423,0.999949038028717,0.00025923317298293114
122.84838210681482,0.9992700815200806,0.00025966711109504104
122.84906323207542,0.9999878406524658,0.0002601777669042349
122.8497443572196,0.9997544288635254,0.000260550674283877
122.85042558248097,0.9999251365661621,0.0002609117655083537
122.85110660774808,1.0002840757369995,0.0002612342359498143
122.85178783300944,1.0003629922866821,0.00026148968026973307
122.85246895815362,1.000454068183899,0.0002617034188006073
122.85315008341422,0.9998998045921326,0.0002618091821204871
122.8538312086821,1.0002013444900513,0.0002619505685288459
122.85451243394346,1.0002390146255493,0.000262036279309541
122.85519355908764,0.9998428821563721,0.0002620514133013785
122.85587468434824,0.9996731281280518,0.00026205735048279166
122.85655580960884,1.000198483467102,0.00026209678617306054
122.85723693486943,0.9995895028114319,0.0002620269951876253
122.85791806002089,1.000145435333252,0.0002620362211018801
122.85859928528225,1.0001391172409058,0.000261989509453997
122.85928041054285,1.0001856088638306,0.00026193956728093326
122.85996153580345,0.9998655319213867,0.00026185487513430417
122.8606427609484,0.9999556541442871,0.0002618099679239094
122.86132388621627,1.0001611709594727,0.000261784705799073
122.8620049114761,1.0000516176223755,0.00026173825608566403
122.86268613673747,0.9998445510864258,0.0002617009449750185
122.86336726188165,0.9998078942298889,0.0002616907877381891
122.86404838714225,0.9999850988388062,0.00026172035722993314
122.86472961240361,0.9997554421424866,0.00026173642254434526
122.86541073755507,0.9998471736907959,0.0002618070284370333
122.86609186281567,1.0001872777938843,0.0002619206497911364
122.86677308807703,0.9998265504837036,0.00026199850253760815
122.86745411333686,1.0001927614212036,0.0002621650346554816
122.86813523848832,0.9998325109481812,0.0002623097680043429
122.86881646374968,0.9997813701629639,0.0002624953631311655
122.86949758901028,0.9998173713684082,0.00026272571994923055
122.87017871427088,0.9998065829277039,0.00026297802105546
122.87085993941582,1.0002624988555908,0.00026329344836995006
122.87154106467642,0.9999592900276184,0.00026356943999417126
122.8722221899443,0.9998711943626404,0.0002638811420183629
122.87290331508848,1.0001238584518433,0.0002642424078658223
122.87358444034908,1.0001002550125122,0.00026459473883733153
122.87426556560968,0.9995211362838745,0.00026490865275263786
122.87494679087104,0.9998853802680969,0.00026531348703429103
122.8756279160225,1.000264286994934,0.00026573010836727917
122.8763090412831,1.0003174543380737,0.00026610674103721976
122.87699026654445,1.0001949071884155,0.0002664871863089502
122.87767139180505,1.000097393989563,0.0002668527886271477
122.87835241694847,0.9997281432151794,0.00026719048037193716
122.87903364220983,1.0000550746917725,0.0002675715659279376
122.87971476747771,1.0001399517059326,0.0002679199678823352
122.88039589262189,1.0001939535140991,0.00026824927772395313
122.88107701788249,0.9995624423027039,0.00026849203277379274
122.88175824314385,1.0000563859939575,0.0002687992819119245
122.88243936840445,1.0002636909484863,0.00026905103004537523
122.88312049355591,0.999305248260498,0.00026922012330032885
122.8838016188165,0.9998833537101746,0.0002693853748496622
122.8844827440771,0.9998399019241333,0.0002694985014386475
122.88516386922129,0.9998705387115479,0.00026957449153997004
122.88584499448189,1.0000500679016113,0.0002696059236768633
122.88652621975052,0.999665379524231,0.00026953822816722095
122.88720734501112,1.0000171661376953,0.0002694718132261187
122.88788857015606,1.0002467632293701,0.0002693385467864573
122.88856969541666,0.9999274015426636,0.0002690991968847811
122.8892507206765,0.9997372627258301,0.0002688074891921133
122.88993184582796,1.0003461837768555,0.0002685092040337622
122.89061307108932,0.9999520778656006,0.00026806548703461885
122.89129419634992,0.9998795390129089,0.0002675919677130878
122.8919753214941,0.999906599521637,0.00026707269717007875
122.89265654675546,1.0000685453414917,0.0002665162901394069
122.89333767201606,0.9999457597732544,0.00026590857305563986
122.8940188972847,0.9997835755348206,0.00026526147848926485
122.89469992242812,0.999785304069519,0.0002646026841830462
122.89538104768872,0.9996686577796936,0.0002639166486915201
122.89606217294931,0.9996746182441711,0.0002632303803693503
122.89674339809426,1.0000461339950562,0.0002625714987516403
122.89742452336213,0.9996522068977356,0.00026183854788541794
122.8981057486235,1.0001925230026245,0.00026119747781194746
122.89878687376768,1.0001592636108398,0.00026051467284560204
122.89946799902827,1.0000944137573242,0.0002598499122541398
122.90014902428811,0.9999281167984009,0.00025919824838638306
122.90083024955675,1.0002700090408325,0.00025860994355753064
122.90151137470093,0.9999422430992126,0.00025799681316129863
122.90219259996229,1.0002604722976685,0.0002574638929218054
122.90287372522289,1.0005097389221191,0.0002569602511357516
122.90355485036707,0.9998872876167297,0.00025641059619374573
122.90423607562843,1.000239610671997,0.0002559902786742896
122.9049172008963,1.0002809762954712,0.00025557432672940195
122.90559832604049,0.9998539090156555,0.00025515665765851736
122.90627945130109,1.0002154111862183,0.00025484614889137447
122.90696057656169,1.0002440214157104,0.0002545402094256133
122.90764170170587,1.000265121459961,0.00025427681975997984
122.90832282697374,0.999656081199646,0.0002539885463193059
122.9090040522351,1.0001224279403687,0.0002538338303565979
122.90968517737929,1.0000613927841187,0.0002536663960199803
122.91036630263989,0.9999500513076782,0.0002535266103222966
122.91104752790125,0.9998012185096741,0.0002534126688260585
122.91172855305194,1.00015127658844,0.00025336898397654295
122.91240967831254,0.9999720454216003,0.00025330716744065285
122.9130909035739,0.9995474815368652,0.00025324412854388356
122.91377202871809,0.9997568130493164,0.0002532594371587038
122.91445315397868,0.9998335242271423,0.0002532813814468682
122.91513427924656,1.0002508163452148,0.0002533555089030415
122.9158155043915,0.9999115467071533,0.00025337617262266576
122.9164966296521,0.9998054504394531,0.000253434875048697
122.91717765491194,0.9999830722808838,0.0002535292296670377
122.91785888005688,1.00016188621521,0.0002536487299948931
122.91854000531748,0.999984860420227,0.0002537339460104704
122.91922113058536,0.9997356534004211,0.0002538322005420923
122.9199023557303,0.9998711943626404,0.0002539756242185831
122.9205834809909,0.9998760223388672,0.000254115933785215
122.92126470625226,0.9997833967208862,0.00025425240164622664
122.92194583139644,1.0000805854797363,0.0002544343878980726
122.92262685666356,1.0000518560409546,0.00025459486641921103
122.92330798192415,0.999946653842926,0.0002547536278143525
122.9239892070691,0.9996904730796814,0.00025490281404927373
122.9246703323297,0.9999817609786987,0.0002551085490267724
122.9253514575903,1.0004537105560303,0.00025532449944876134
122.92603268273524,1.0000122785568237,0.00025547086261212826
122.92671380800311,1.0003418922424316,0.0002556716790422797
122.92739503326447,1.000009298324585,0.00025581338559277356
122.9280760584079,0.9998876452445984,0.0002559846907388419
122.9287571836685,0.9992817044258118,0.0002560924622230232
122.92943830893637,0.999855637550354,0.00025630914024077356
122.93011953408131,1.0001318454742432,0.00025648277369327843
122.93080065934191,1.0001578330993652,0.00025663370615802705
122.93148188460327,0.9999328255653381,0.0002567470073699951
122.93216300974746,0.999652624130249,0.000256849336437881
122.93284413500805,1.0001552104949951,0.00025701828417368233
122.93352516027517,0.9999668002128601,0.0002571198856458068
122.93420638542011,1.0002079010009766,0.0002572502999100834
122.93488751068071,0.9997507929801941,0.00025732090580277145
122.9355686358249,0.9997483491897583,0.0002574243990238756
122.93624986108625,0.9997969269752502,0.00025753473164513707
122.93693098635413,0.9994955062866211,0.0002576102560851723
122.93761211149831,1.0000135898590088,0.00025775915128178895
122.93829333675967,0.9998955130577087,0.0002578526036813855
122.93897436201951,0.999172031879425,0.00025789273786358535
122.93965548716369,0.9993456602096558,0.00025807530619204044
122.94033671242505,0.9998644590377808,0.0002581781300250441
122.94101783769293,0.9993560314178467,0.00025823942269198596
122.94169896283711,1.0000476837158203,0.000258418673183769
122.9423800880977,0.9997239708900452,0.0002585055190138519
122.94306131324265,0.9999596476554871,0.00025864734197966754
122.94374243850325,0.9998524188995361,0.00025876163272187114
122.94442346377036,0.999950110912323,0.0002588851493783295
122.94510468891531,0.9999836087226868,0.00025900828768499196
122.9457858141759,0.9998633861541748,0.00025912330602295697
122.9464669394365,0.9999644160270691,0.0002592485980130732
122.94714816458145,0.999984622001648,0.0002593701356090605
122.94782928984932,0.9998865723609924,0.00025948495022021234
122.94851041510992,0.9999010562896729,0.0002595949044916779
122.94919164025487,0.9995205402374268,0.0002596744743641466
122.9498726655147,0.9999679327011108,0.0002598256105557084
122.95055379065889,0.9999494552612305,0.00025992654263973236
122.95123491592676,1.0001444816589355,0.00026004569372162223
122.95191614118812,0.9995715022087097,0.0002600979059934616
122.9525972663323,0.999975323677063,0.0002602245076559484
122.95327849159366,1.0000094175338745,0.00026031574816443026
122.95395961685426,1.0004745721817017,0.0002604521287139505
122.95464074199845,1.0001260042190552,0.00026051170425489545
122.95532176726556,0.9997391104698181,0.00026056624483317137
122.9560029924105,1.0002743005752563,0.0002606995985843241
122.9566841176711,0.9997742176055908,0.0002607468923088163
122.95736534293246,1.0001370906829834,0.00026087166042998433
122.95804646807665,1.0001486539840698,0.0002609626390039921
122.95872759334452,0.999989926815033,0.00026103309937752783
122.95940881860588,1.0002446174621582,0.00026114381034858525
122.96008994375006,0.9997742772102356,0.00026118315872736275
122.9607709690099,0.9999273419380188,0.0002612718672025949
122.96145219415484,0.999772846698761,0.000261338718701154
122.96213331942272,0.9997227787971497,0.0002614056575112045
122.9628144445669,1.0000863075256348,0.0002614920085761696
122.96349566982826,1.000074863433838,0.00026153773069381714
122.96417679508886,0.9999374747276306,0.0002615635748952627
122.96485792023304,0.9996684193611145,0.0002615630510263145
122.9655391454944,0.9998189210891724,0.00026157815591432154
122.96622017076152,1.0002950429916382,0.000261601060628891
122.9669012959057,0.9998542070388794,0.00026152143254876137
122.96758252116706,0.9999750852584839,0.000261468201642856
122.96826364631124,1.0001282691955566,0.00026138860266655684
122.96894477157184,1.0001438856124878,0.0002612668031360954
122.9696258967233,0.9998257160186768,0.00026107911253347993
122.97030712198466,1.0000054836273193,0.00026090219034813344
122.97098824724526,1.0000407695770264,0.0002606782945804298
122.97166927238868,0.9998318552970886,0.0002603909815661609
122.97235049765004,1.0003912448883057,0.00026013932074420154
122.97303162291792,1.0000206232070923,0.000259770400589332
122.9737127480621,1.0000417232513428,0.00025941734202206135
122.97439397332346,0.9992944002151489,0.00025897330488078296
122.97507509846764,0.9996343851089478,0.000258606014540419
122.97575622372824,0.9998522400856018,0.00025822012685239315
122.97643744887318,0.9996727705001831,0.00025779494899325073
122.9771184741403,1.0000331401824951,0.00025741575518622994
122.9777995994009,1.0001676082611084,0.00025702433777041733
122.97848072454508,1.000133991241455,0.0002566240727901459
122.97916194980644,1.000333309173584,0.000256259401794523
122.97984307495062,0.9997079968452454,0.00025583585374988616
122.9805242002185,0.9999904632568359,0.00025551635189913213
122.98120542547986,1.000177025794983,0.0002552068617660552
122.98188655062404,1.0000700950622559,0.0002548981283325702
122.9825677758854,1.0000545978546143,0.0002546335745137185
122.98324880102882,1.0000922679901123,0.00025439707678742707
122.9839299262967,1.000211238861084,0.0002541959984228015
122.98461105144088,1.0001990795135498,0.00025401945458725095
122.98529227670224,1.000335693359375,0.0002538867120165378
122.98597340196284,1.0002182722091675,0.00025375865516252816
122.98665462710778,1.0001347064971924,0.0002536762913223356
122.98733575236838,1.0002195835113525,0.000253632286330685
122.98801687751984,0.9996677041053772,0.00025356700643897057
122.98869790277968,1.0000914335250854,0.0002536248357500881
122.98937912804104,0.9995782971382141,0.00025362754240632057
122.99006025318522,1.0001567602157593,0.0002537615364417434
122.99074147844658,1.0001884698867798,0.00025387509958818555
122.99142260359804,1.0002702474594116,0.0002540307177696377
122.99210372885864,1.0002955198287964,0.00025421674945391715
122.99278495400358,1.0002151727676392,0.00025442169862799346
122.99346607926418,1.0003353357315063,0.0002546815085224807
122.99414710452402,1.0004011392593384,0.00025497202295809984
122.99482832967624,0.9998119473457336,0.000255231570918113
122.99550945493684,0.9996299147605896,0.00025555415777489543
122.99619058008102,1.0000232458114624,0.00025596850900910795
122.99687170534162,0.9994960427284241,0.0002563214220572263
122.99755293048656,1.0000745058059692,0.0002567998308222741
122.99823405575444,0.999743640422821,0.00025723158614709973
122.99891518101504,0.9998524188995361,0.0002577129052951932
122.99959630615922,1.0002583265304565,0.0002582502784207463
123.00027743141982,0.9994657039642334,0.0002586988848634064
123.000958556564,1.0005701780319214,0.0002593284589238465
123.00163978182536,0.9999731779098511,0.00025982019724324346
123.00232090697682,1.0000895261764526,0.0002603803004603833
123.00300203223742,1.0000460147857666,0.00026092532789334655
123.0036831573816,1.0001791715621948,0.0002614848781377077
123.00436438264296,1.0002059936523438,0.00026202359003946185
123.00504540778638,0.999848484992981,0.0002625073539093137
123.00572653305426,1.0005730390548706,0.00026306009385734797
123.00640775831562,0.9998485445976257,0.00026346929371356964
123.0070888834598,1.0002480745315552,0.0002639235171955079
123.0077700087204,0.9996543526649475,0.000264246657025069
123.00845123386534,0.9998744130134583,0.0002645954373292625
123.00913235913322,1.000047206878662,0.00026487463037483394
123.0098134842774,0.9996576309204102,0.0002650337992236018
123.010494609538,0.9999853372573853,0.0002651884569786489
123.01117573468218,1.0003609657287598,0.0002652583352755755
123.01185685994278,0.9996324777603149,0.0002651537652127445
123.012538085095,0.9998897314071655,0.00026504771085456014
123.0132192103556,1.000075101852417,0.00026484220870770514
123.0139003356162,1.0002408027648926,0.00026456426712684333
123.01458156076114,0.9998048543930054,0.00026416830951347947
123.01526268602174,0.9997566342353821,0.00026374455774202943
123.01594371117244,1.0000970363616943,0.00026331134722568095
123.0166249364338,1.0003979206085205,0.0002628479851409793
123.01730606157798,0.9997572898864746,0.00026227044872939587
123.01798718683858,0.9999824166297913,0.000261759792920202
123.01866841198353,0.9999129176139832,0.00026122131384909153
123.01934953724412,1.00029718875885,0.0002607274509500712
123.02003076238907,0.9999158382415771,0.0002601846354082227
123.02071188765694,0.9997805953025818,0.0002596866397652775
123.02139291280037,1.0000306367874146,0.00025924199144355953
123.02207403806096,1.000229001045227,0.00025884059141390026
123.02275526320591,1.0002795457839966,0.0002584607573226094
123.02343638847378,0.9997903108596802,0.00025808459031395614
123.02411751373438,0.9993472099304199,0.00025776008260436356
123.02479873887933,0.9999865293502808,0.00025758211268112063
123.02547986413992,0.9996172189712524,0.0002573668898548931
123.02616098928411,0.9998764991760254,0.0002572591183707118
123.0268421145447,0.9997698664665222,0.0002571731456555426
123.02752323969617,0.9998633861541748,0.0002571670920588076
123.02820436495676,0.999819815158844,0.00025719410041347146
123.02888559010171,0.9996016621589661,0.00025725801242515445
123.02956671536231,0.9999448657035828,0.0002574230602476746
123.03024784050649,0.9995405077934265,0.00025756226386874914
123.03092896577436,0.9996949434280396,0.0002578119747340679
123.03161019091931,0.999967098236084,0.00025810187798924744
123.03229121617915,0.9997192621231079,0.00025840182206593454
123.03297234132333,1.0001215934753418,0.0002588052593637258
123.03365356658469,0.9997274279594421,0.00025918285246007144
123.03433469173615,0.999828040599823,0.0002596478152554482
123.03501581699675,0.9995501637458801,0.00026011664886027575
123.03569704214169,0.9998134970664978,0.00026067663566209376
123.03637816740229,0.9997900128364563,0.0002612491662148386
123.03705929254647,0.9998757243156433,0.0002618660219013691
123.03774041781435,0.9997471570968628,0.00026250569499097764
123.03842154295853,0.9998545050621033,0.00026319496100768447
123.03910266821913,0.9997811317443848,0.000263900583377108
123.03978379336331,0.9999496340751648,0.00026466589770279825
123.04046501862467,1.0000500679016113,0.00026544969296082854
123.04114614376886,0.9999241828918457,0.0002662338374648243
123.04182736903749,1.0000907182693481,0.0002670727262739092
123.04250849429809,0.9997177124023438,0.0002678773016668856
123.04318951944151,0.999976396560669,0.0002687460510060191
123.0438706445857,0.999764084815979,0.0002695757139008492
123.04455186984706,0.9999563694000244,0.00027043899171985686
123.04523299511493,0.9997758269309998,0.0002712547138798982
123.04591422025987,1.0001250505447388,0.0002720899065025151
123.04659534540406,1.0001847743988037,0.00027287271223030984
123.04727647066466,0.9998921155929565,0.0002735871821641922
123.04795769592602,1.000142216682434,0.000274295307463035
123.04863872107671,0.9995174407958984,0.0002748597471509129
123.0493198462209,1.000072717666626,0.00027544950717128813
123.05000107148226,0.9999121427536011,0.00027589561068452895
123.05068219674286,0.9995409846305847,0.00027622244670055807
123.05136332188704,0.9998558163642883,0.00027649776893667877
123.05204454703198,1.0004090070724487,0.0002766624675132334
123.05272567229986,0.9999848008155823,0.00027661534841172397
123.05340679744404,0.9994360208511353,0.00027641511405818164
123.0540880227054,1.0002002716064453,0.0002761769574135542
123.05476904784882,0.9999896883964539,0.00027572171529754996
123.05545017310942,0.9998149275779724,0.0002751444117166102
123.05613139826164,1.0000784397125244,0.00027449664776213467
123.05681252352224,0.9997236728668213,0.0002736907044891268
123.05749364866642,1.0000468492507935,0.0002728503313846886
123.05817477392702,0.9999271035194397,0.0002718981122598052
123.05885599907197,0.9994401335716248,0.0002708878309931606
123.05953712433984,1.0000667572021484,0.000269843905698508
123.06021824948402,0.9997085928916931,0.00026871406589634717
123.06089937474462,0.9993851184844971,0.0002675522700883448
123.0615804998888,0.9998061656951904,0.0002664456551428884
123.0622616251494,1.0001155138015747,0.000265314505668357
123.06294285029435,1.0002766847610474,0.00026417497429065406
123.06362397556222,0.999995768070221,0.0002630195231176913
123.0643051007064,0.9999097585678101,0.0002618982980493456
123.06498632596777,1.0000147819519043,0.00026082550175487995
123.06566735111119,0.9997283816337585,0.00025975776952691376
123.06634847626265,0.999550461769104,0.000258739513810724
123.06702960152325,0.9998757839202881,0.0002578204439487308
123.06771082666819,1.0001838207244873,0.0002569527714513242
123.06839195192879,0.9993676543235779,0.00025604324764572084
123.06907307707297,0.9994574785232544,0.00025528023252263665
123.06975430233433,0.999879002571106,0.00025461550103500485
123.07043542748579,1.0000543594360352,0.0002539964043535292
123.07111645274563,0.999276340007782,0.0002533591468818486
123.07179767789057,0.9999161958694458,0.0002529235207475722
123.07247880315117,1.000188946723938,0.0002525317540857941
123.07315992829535,1.000047206878662,0.0002521661517675966
123.07384115355671,0.9997900724411011,0.0002518736873753369
123.07452227870817,0.9996724128723145,0.0002516642853152007
123.07520350396953,1.00016188621521,0.0002515745291020721
123.07588462911372,0.9998610019683838,0.00025148288113996387
123.07656565437355,1.0001298189163208,0.00025149949942715466
123.07724677952501,1.0001378059387207,0.00025154606555588543
123.07792800466996,0.9997612237930298,0.0002516139065846801
123.07860912993056,1.0001823902130127,0.00025180508964695036
123.0792903550755,0.999926745891571,0.00025197729701176286
123.0799714803361,0.99989253282547,0.0002522184804547578
123.08065260548028,1.0001059770584106,0.0002525215095374733
123.08133383074164,0.9995171427726746,0.00025279258261434734
123.08201485589234,0.9997966289520264,0.0002531676727812737
123.08269598115294,1.0000511407852173,0.0002535953535698354
123.08337720629788,0.9996567368507385,0.0002539838314987719
123.08405833144207,1.0000455379486084,0.0002544752787798643
123.08473945670994,0.9998521208763123,0.00025493776774965227
123.08542058185412,1.0002728700637817,0.0002554767415858805
123.08610180711548,1.0003132820129395,0.00025600436492823064
123.08678293225967,0.9999922513961792,0.00025651141186244786
123.0874639575195,1.0002940893173218,0.0002570819342508912
123.08814518266445,0.9999388456344604,0.0002576028637122363
123.08882630793232,0.9997022151947021,0.0002581331937108189
123.0895074330765,1.000022530555725,0.0002587129711173475
123.09018865822145,0.9996819496154785,0.00025921640917658806
123.09086978348205,0.9996635913848877,0.00025974027812480927
123.09155090862623,0.9998583197593689,0.00026026219711638987
123.0922320338941,1.0003567934036255,0.0002607806818559766
123.09291315903829,0.999753475189209,0.00026117253582924604
123.09359428429889,0.999848484992981,0.00026158857508562505
123.09427540944307,1.000260829925537,0.0002619914012029767
123.09495663470443,1.0002093315124512,0.00026230717776343226
123.09563775985589,0.9998862743377686,0.00026256078854203224
123.09631888500007,1.0003712177276611,0.00026284033083356917
123.09700011026143,0.9997745156288147,0.0002629899827297777
123.09768123540562,1.0000840425491333,0.0002631802926771343
123.09836226066545,1.000050663948059,0.00026330960099585354
123.09904348581767,0.9998090267181396,0.00026339213945902884
123.09972461096186,0.9997551441192627,0.00026345724472776055
123.10040573622246,1.0001811981201172,0.00026353972498327494
123.1010869613674,0.9999463558197021,0.0002635449927765876
123.101768086628,1.0000567436218262,0.0002635639684740454
123.10244921177218,1.000091791152954,0.00026355471345596015
123.10313043704082,1.000282645225525,0.0002635401615407318
123.10381146218424,0.9999417662620544,0.0002634676930028945
123.10449258744484,1.0000241994857788,0.0002634150441735983
123.10517371258902,1.000282645225525,0.00026337066083215177
123.10585493773397,1.000208854675293,0.0002632857649587095
123.10653606300184,0.9996243715286255,0.00026314877322874963
123.10721728814678,0.9997868537902832,0.00026306742802262306
123.10789841340738,1.0000865459442139,0.000262995163211599
123.10857963855233,0.9999665021896362,0.00026287263608537614
123.10926056369499,0.9997193217277527,0.00026273069670423865
123.10994178896362,1.0002268552780151,0.00026265322230756283
123.11062291410781,0.9997240900993347,0.0002624836633913219
123.11130413936917,1.0001541376113892,0.00026237359270453453
123.11198526451335,0.9998648762702942,0.0002621977764647454
123.11266638965753,1.0004945993423462,0.0002620984159875661
123.1133476149189,1.0001065731048584,0.0002618901489768177
123.11402874007035,1.0000616312026978,0.0002617067948449403
123.11470976533019,0.9998566508293152,0.00026148895267397165
123.11539099047513,1.0000807046890259,0.0002613012620713562
123.11607211573573,0.9997724294662476,0.0002610461669974029
123.11675324087992,1.0003811120986938,0.00026086438447237015
123.11743446603214,1.0000190734863281,0.000260578584857285
123.11811559129274,1.0002548694610596,0.00026033728499896824
123.11879671643692,1.000151515007019,0.00026005200925283134
123.11947784169752,1.0001170635223389,0.000259758613537997
123.1201589668417,0.9994637966156006,0.0002594015677459538
123.12084009199316,1.0004374980926514,0.00025918285246007144
123.12152121725376,0.9995760321617126,0.00025879143504425883
123.1222024423987,0.9999701380729675,0.0002585030160844326
123.1228835676593,1.0000742673873901,0.00025817682035267353
123.12356469280348,1.000023365020752,0.00025783307501114905
123.12424591794843,1.0000333786010742,0.00025749127962626517
123.1249270432163,1.0000824928283691,0.00025715227820910513
123.12560806835972,0.9999116659164429,0.00025678661768324673
123.12628929362108,0.9996528625488281,0.00025641240063123405
123.12697041876527,1.000070571899414,0.00025609901058487594
123.12765154390945,0.9999120235443115,0.0002557287225499749
123.12833266917733,0.9998250603675842,0.00025537406327202916
123.12901389432227,0.9994190335273743,0.0002549841592554003
123.12969501946645,0.9998415112495422,0.0002546706236898899
123.13037624472781,0.9994603395462036,0.00025429134257137775
123.131057369872,0.9999441504478455,0.00025398380239494145
123.13173839513911,0.9999936819076538,0.0002536510583013296
123.13241952028329,0.999977171421051,0.0002533150545787066
123.13310074542824,0.9999777674674988,0.0002529795456212014
123.13378187068884,1.0001802444458008,0.0002526760217733681
123.13446309583378,0.9998096823692322,0.0002523171133361757
123.13514422109438,0.9999640583992004,0.00025202223332598805
123.13582534624584,1.000254511833191,0.0002517380635254085
123.13650657139078,0.9999702572822571,0.00025141946389339864
123.13718759665062,0.9998777508735657,0.0002511194325052202
123.1378687217948,0.9995589852333069,0.0002508060715626925
123.13854994705616,1.0002524852752686,0.00025059556355699897
123.13923107220762,0.9998689293861389,0.00025029925745911896
123.1399121973518,1.0000061988830566,0.00025006610667333007
123.14059342261316,1.0000096559524536,0.0002498243120498955
123.14127454775735,0.9997539520263672,0.0002495630469638854
123.14195567290153,0.9999597668647766,0.00024937125272117555
123.14263669816864,1.000097393989563,0.0002491733175702393
123.14331792331359,0.9996273517608643,0.00024894208763726056
123.14399904845777,1.0003238916397095,0.0002488260215613991
123.14468027371913,0.9999786615371704,0.0002486201119609177
123.14536139886332,0.9996942281723022,0.0002484420547261834
123.14604252413119,1.0002163648605347,0.00024834141368046403
123.14672364927537,0.9998493790626526,0.000248182361247018
123.14740487442032,1.0001318454742432,0.0002480907132849097
123.14808589968015,0.9998182654380798,0.0002479563991073519
123.1487671248251,1.0001633167266846,0.0002479000249877572
123.14944824996928,0.9999420642852783,0.00024779996601864696
123.15012937523716,1.0002764463424683,0.0002477659727446735
123.15081050038134,0.9999154806137085,0.0002476758963894099
123.15149172552628,1.0001089572906494,0.000247650285018608
123.15217285078688,1.0000238418579102,0.0002476160880178213
123.15285397593107,0.9999868869781494,0.00024759056395851076
123.15353510119894,0.9999089241027832,0.00024757153005339205
123.15421622634312,1.0001301765441895,0.00024759682128205895
123.1548973514873,1.0004079341888428,0.0002476309018675238
123.1555784767479,1.0001773834228516,0.00024763401597738266
123.15625970189285,0.9998624920845032,0.00024763873079791665
123.15694082704431,1.0000345706939697,0.0002476964727975428
123.15762195230491,1.000073790550232,0.00024775342899374664
123.15830317744985,0.999764084815979,0.0002477950183674693
123.15898420259327,1.0000098943710327,0.00024789906456135213
123.15966532785387,0.9999125003814697,0.00024798320373520255
123.1603465530061,1.0000054836273193,0.00024809702881611884
123.16102767815028,1.0000194311141968,0.00024821539409458637
123.16170880341087,1.0001405477523804,0.00024835712974891067
123.16239002855582,0.9999315738677979,0.0002484862052369863
123.1630711537,1.0001295804977417,0.0002486618759576231
123.1637522789606,0.9999337792396545,0.00024882564321160316
123.16443340411206,1.0001267194747925,0.00024903981829993427
123.16511452925624,0.9999929070472717,0.00024923388264141977
123.16579565451684,0.9998388290405273,0.00024944214965216815
123.16647687966179,1.0002275705337524,0.0002497205859981477
123.16715800480597,1.0001730918884277,0.0002499699767213315
123.16783913007384,1.0000239610671997,0.00025023118359968066
123.16852035521879,0.9999743700027466,0.0002505162847228348
123.16920148047939,0.9998388886451721,0.00025081346393562853
123.16988250562281,0.9998683333396912,0.0002511338097974658
123.17056373076775,1.0001357793807983,0.00025149513385258615
123.17124485591921,1.0004206895828247,0.00025187485152855515
123.17192598117981,0.9999256730079651,0.00025220136740244925
123.17260720632476,0.9997519254684448,0.00025257098604924977
123.17328833158535,1.0005241632461548,0.000253044068813324
123.1739695567303,1.0000276565551758,0.000253418053034693
123.17465068187448,1.0001802444458008,0.00025385781191289425
123.17533170702518,0.9997862577438354,0.00025427015498280525
123.17601283228578,0.9997103810310364,0.00025472010020166636
123.17669405743072,1.0001966953277588,0.0002552404475864023
123.17737518269132,0.9999865293502808,0.0002557058760430664
123.1780563078355,1.0000317096710205,0.00025620232918299735
123.17873753298772,1.0000847578048706,0.0002567012852523476
123.17941865813191,1.000045657157898,0.00025720050325617194
123.1800997833925,0.9991528987884521,0.0002576228289399296
123.18078090853669,0.9997756481170654,0.0002581709122750908
123.18146203368087,1.0000150203704834,0.00025867955991998315
123.18214315894875,1.0000923871994019,0.00025915823061950505
123.18282428409293,1.0005029439926147,0.0002596579724922776
123.18350550923788,0.9997722506523132,0.000260039116255939
123.18418663449847,0.9999101758003235,0.00026047209394164383
123.18486775964266,0.9997304677963257,0.000260849337792024
123.1855489847876,0.9998915195465088,0.00026122378767468035
123.18623001005471,0.9997992515563965,0.00026154404622502625
123.1869111351989,1.000002384185791,0.00026184733724221587
123.18759236034384,0.9996347427368164,0.0002620551676955074
123.18827348548803,0.9996804594993591,0.000262258923612535
123.18895461074862,0.9998959302902222,0.0002624221087899059
123.18963583590084,1.0002273321151733,0.0002625265042297542
123.19031696104503,0.9997516870498657,0.0002625073539093137
123.19099808630563,0.9998432397842407,0.0002624738262966275
123.19167911144905,0.9996601343154907,0.000262348068645224
123.19236033659399,0.9998425841331482,0.00026217513368465006
123.19304146186187,0.9999018311500549,0.00026192262885160744
123.19372258700605,0.9998258948326111,0.00026157486718147993
123.194403812151,0.99992436170578,0.000261162465903908
123.1950849374116,1.00022554397583,0.00026068385341204703
123.19576616255654,0.9997531175613403,0.00026005730614997447
123.19644728770072,1.0000641345977783,0.00025941175408661366
123.19712831285142,0.9995513558387756,0.0002586190530564636
123.19780943811202,0.9999087452888489,0.0002578424464445561
123.19849066325696,0.9997502565383911,0.00025695987278595567
123.19917178840115,0.999998152256012,0.0002560740686021745
123.1998530136625,0.9999495148658752,0.00025513715809211135
123.20053413881396,0.9996050000190735,0.0002541474241297692
123.20121526395815,0.9997480511665344,0.0002531979407649487
123.20189648921951,1.0000637769699097,0.00025227200239896774
123.20257761436369,0.9998301267623901,0.00025130322319455445
123.20325863950711,0.999758243560791,0.00025037670275196433
123.20393986465933,1.000198483467102,0.0002495216904208064
123.20462098991993,1.0001494884490967,0.0002486681332811713
123.20530211506411,1.0001604557037354,0.0002478538081049919
123.20598334020906,0.9998148083686829,0.00024705493706278503
123.20666446546966,0.9997408390045166,0.000246333860559389
123.20734559062112,0.9999392628669739,0.00024569881497882307
123.20802681576606,1.000264286994934,0.0002451273612678051
123.20870784090948,0.9997835755348206,0.00024453687365166843
123.20938896617008,0.9995323419570923,0.00024402327835559845
123.21007009131426,0.9998098611831665,0.0002436219365336001
123.21075131645921,1.0003222227096558,0.00024329312145709991
123.21143244172708,0.9998772740364075,0.0002429246378596872
123.21211356687127,0.9999532699584961,0.00024266111722681671
123.21279479201621,1.000146746635437,0.00024245146778412163
123.2134759171604,0.9998660683631897,0.0002422488178126514
123.21415694242751,0.9998491406440735,0.0002421116514597088
123.21483816757245,0.9998335242271423,0.0002420153614366427
123.21551929271664,1.0000617504119873,0.000241981862927787
123.21620041786082,1.0001274347305298,0.00024198094615712762
123.21688164312218,0.9997531175613403,0.00024197367019951344
123.21756276826636,0.9997451901435852,0.00024204389774240553
123.21824389341782,0.9997978210449219,0.0002421609387965873
123.21892511867918,0.9998836517333984,0.00024232736905105412
123.2196061438226,1.0003761053085327,0.0002425692800898105
123.22028726896679,0.9998798966407776,0.00024276359181385487
123.22096839411097,1.0001366138458252,0.00024307826242875308
123.2216496193796,0.9997344613075256,0.00024337727518286556
123.22233074452379,0.9998332262039185,0.00024377921363338828
123.22301196966873,1.0000263452529907,0.0002442350087221712
123.22369309492933,1.00041925907135,0.0002447670267429203
123.22437422007351,0.999639093875885,0.0002452388289384544
123.22505524522421,0.999523401260376,0.0002458267845213413
123.22573647036916,1.000052809715271,0.0002465293218847364
123.22641759562975,0.9999982118606567,0.00024724722607061267
123.22709872077394,1.0001393556594849,0.0002479808172211051
123.22777994591888,1.0001578330993652,0.0002487681049387902
123.22846107106307,1.0002301931381226,0.0002495991357136518
123.2291422963317,0.9998021721839905,0.00025040918262675405
123.22982342147588,0.999864935874939,0.0002512809878680855
123.2305044466193,0.9999964833259583,0.0002521755814086646
123.23118557176349,0.9999780058860779,0.0002530518686398864
123.23186679702485,0.9998194575309753,0.00025391409872099757
123.23254792217631,0.9995718002319336,0.00025474641006439924
123.23322914732125,1.0001146793365479,0.0002556135877966881
123.23391027246544,0.9997633099555969,0.00025635698693804443
123.23459139772604,1.0002301931381226,0.00025712151546031237
123.23527262287098,0.9996557831764221,0.0002577204431872815
123.23595364802168,0.9997129440307617,0.0002582856104709208
123.23663477316586,0.9999279975891113,0.0002587777853477746
123.23731599842722,1.0002565383911133,0.0002591679512988776
123.2379971235714,0.9998786449432373,0.00025938585167750716
123.23867824871559,1.000060796737671,0.0002595427504274994
123.23935937385977,0.9993340969085693,0.00025959560298360884
123.2400405991284,1.000150442123413,0.00025952444411814213
123.24072172427259,1.000203251838684,0.00025938250473700464
123.24140274941601,1.000085711479187,0.00025913797435350716
123.24208397456096,1.000102162361145,0.0002588335773907602
123.24276509970514,1.0004335641860962,0.0002584833709988743
123.24344622497301,1.000340461730957,0.00025802923482842743
123.24412745011796,1.0001169443130493,0.00025752102374099195
123.24480857526214,1.000076413154602,0.00025697890669107437
123.24548970040632,1.0000672340393066,0.0002564034948591143
123.24617082566692,1.0000346899032593,0.0002558034611865878
123.24685195081838,0.9996376037597656,0.0002551409415900707
123.24753307596256,0.9998980760574341,0.00025453101261518896
123.24821420110675,0.9998738169670105,0.00025388807989656925
123.24889542636811,1.000216007232666,0.00025327588082291186
123.24957655151229,0.9999814629554749,0.00025261894916184247
123.25025767665647,1.0007483959197998,0.0002520681591704488
123.2509389018087,0.9998195171356201,0.00025138715864159167
123.2516200270693,1.0001883506774902,0.0002508407342247665
123.25230105221272,1.0000486373901367,0.00025028109666891396
123.25298227735766,1.0000908374786377,0.000249767821514979
123.25366340250184,0.999686598777771,0.0002492584753781557
123.2543445276533,1.0001775026321411,0.0002488669124431908
123.25502575291466,1.000067949295044,0.000248463184107095
123.25570687805885,1.000120997428894,0.00024812770425342023
123.25638800320303,1.0000298023223877,0.00024782746913842857
123.25706922834797,1.0002857446670532,0.00024761486565694213
123.25775025361509,1.0004647970199585,0.0002474478678777814
123.25843137875927,1.0001877546310425,0.0002472985943313688
123.25911260390421,0.999787449836731,0.0002471863408572972
123.2597937290484,1.0003777742385864,0.00024722013040445745
123.26047485419258,1.0001442432403564,0.0002472178020980209
123.26115607945394,0.9998750686645508,0.000247256743023172
123.2618372046054,0.9995026588439941,0.00024733011377975345
123.26251842975034,1.000165343284607,0.00024753360776230693
123.26319945489377,1.0003012418746948,0.0002477270027156919
123.26388058003795,1.0001845359802246,0.0002479313698131591
123.26456170529855,1.0004336833953857,0.0002481966803316027
123.26524293045077,0.9997286796569824,0.00024840739206410944
123.26592405559495,1.0001887083053589,0.0002487463934812695
123.26660518073913,1.0008585453033447,0.0002491329505573958
123.2672864060005,0.9997789859771729,0.00024937986745499074
123.26796753114468,0.999534010887146,0.00024971793754957616
123.26864855629537,0.9999518394470215,0.00025013668346218765
123.26932978144032,0.9998283982276917,0.0002505176526028663
123.2700109065845,0.9999034404754639,0.0002509279584046453
123.2706920318451,1.0000312328338623,0.000251349265454337
123.27137325699005,0.9994997978210449,0.00025171434390358627
123.27205438213423,0.9994809627532959,0.0002521273272577673
123.27273550728569,1.0003283023834229,0.0002526128082536161
123.27341663242987,1.0001417398452759,0.00025299820117652416
123.27409785757482,0.9993143677711487,0.00025331901269964874
123.27477888283465,1.0000814199447632,0.0002537664258852601
123.27546000798611,0.9999351501464844,0.00025411538081243634
123.27614123313106,1.0002143383026123,0.00025447935331612825
123.27682235827524,1.0002838373184204,0.00025479632313363254
123.27750348341942,1.0002667903900146,0.0002550820354372263
123.27818470868078,0.9993982315063477,0.00025525715318508446
123.27886583382497,1.0002565383911133,0.00025554877356626093
123.27954695897643,1.0003868341445923,0.0002557406260166317
123.28022808412061,0.9997137784957886,0.00025583451497368515
123.28090920926479,0.9996978640556335,0.0002559778222348541
123.28159033452539,1.0002678632736206,0.0002560913562774658
123.28227145966957,0.9999023675918579,0.0002561200235504657
123.2829526848218,1.0000096559524536,0.00025616155471652746
123.28363380996598,1.0000871419906616,0.0002561793371569365
123.28431503511092,0.9999940395355225,0.00025615576305426657
123.28499616037152,0.9997787475585938,0.00025610142620280385
123.28567718551494,0.9999985098838806,0.00025606947019696236
123.2863583106664,0.9999633431434631,0.00025599601212888956
123.28703953581135,0.9996637105941772,0.000255883380305022
123.28772066095553,0.9999207854270935,0.00025580430519767106
123.28840188610047,0.9997673630714417,0.0002556836698204279
123.28908301136107,1.000008463859558,0.00025558273773640394
123.28976413650526,1.0001723766326904,0.00025546984397806227
123.2904453616502,0.9995606541633606,0.00025528212427161634
123.2911263868009,1.0003925561904907,0.00025521646603010595
123.29180751194508,1.0000202655792236,0.0002550480712670833
123.29248873720644,0.9997042417526245,0.00025487568927928805
123.29316986235062,0.999833345413208,0.0002547500189393759
123.29385098750208,0.9997105598449707,0.000254604296060279
123.29453221264703,0.9999051690101624,0.00025448869564570487
123.29521333779121,1.0001791715621948,0.00025438732700422406
123.2958944629354,1.0004298686981201,0.0002542909060139209
123.29657558807958,1.0003868341445923,0.000254174810834229
123.29725671334018,1.00020170211792,0.00025406311033293605
123.3061116404715,1.0002021789550781,0.00025389468646608293
123.30679276561568,0.9995502829551697,0.0002538987610023469
123.30747389075987,0.9997973442077637,0.0002539952110964805
123.30815501591132,0.9998101592063904,0.0002540788846090436
123.30883614105551,0.9999264478683472,0.00025418485165573657
123.3095172663161,1.0003552436828613,0.00025431689573451877
123.31019849146105,0.9995216131210327,0.00025433674454689026
123.31087961660523,1.0003020763397217,0.0002545358438510448
123.31156074174942,1.0003057718276978,0.0002546155883464962
123.31224196690164,1.0001749992370605,0.0002547050826251507
123.31292299204506,1.0002137422561646,0.0002548127085901797
123.31360411718924,1.0001519918441772,0.00025491215637885034
123.3142853424506,0.999655544757843,0.0002549685013946146
123.31496646759479,0.9999176263809204,0.00025509489933028817
123.31564759274625,1.000343918800354,0.0002552222285885364
123.31632881789119,0.9999865889549255,0.0002552861988078803
123.31700994303537,1.0000112056732178,0.0002553749945946038
123.31769116818032,1.0005046129226685,0.00025549856945872307
123.31837219332374,1.0001546144485474,0.00025553852901794016
123.3190533184752,0.9995676279067993,0.0002555550599936396
123.3197344437358,1.0001893043518066,0.00025567313423380256
123.32041566888074,1.0000828504562378,0.00025571882724761963
123.32109679402492,0.9997493624687195,0.00025573495076969266
123.32177801916987,1.0001426935195923,0.000255809718510136
123.32245914431405,1.0003645420074463,0.00025586949777789414
123.32314026946551,1.0000684261322021,0.0002558758424129337
123.32382129460893,1.0001803636550903,0.00025591504527255893
123.3245025198703,1.000638484954834,0.0002559793065302074
123.32518364501448,0.9999476075172424,0.00025593777536414564
123.32586477015866,1.0004818439483643,0.000256003113463521
123.32654599531088,1.0002288818359375,0.0002559908607508987
123.32722712045506,0.999435544013977,0.000255928433034569
123.32790824559925,0.9999224543571472,0.00025598061620257795
123.32858947074419,0.9998937845230103,0.00025598143110983074
123.32927049588761,0.9997483491897583,0.0002559678687248379
123.32995162115549,0.9999273419380188,0.00025597470812499523
123.33063284630043,0.9999381899833679,0.00025596487103030086
123.33131397144462,0.9998744130134583,0.0002559411514084786
123.3319950965888,1.0001394748687744,0.0002559458080213517
123.33267632173374,0.9998502731323242,0.00025588920107111335
123.33335744687793,1.0003782510757446,0.0002558951382525265
123.33403857202939,1.0003421306610107,0.0002558493288233876
123.33471969717357,1.0000600814819336,0.00025577147607691586
123.33540082231775,1.0003763437271118,0.00025573407765477896
123.33608194757835,0.9998384714126587,0.00025560942594893277
123.33676307272981,1.0000548362731934,0.0002555499959271401
123.33744429787475,1.0001438856124878,0.00025545695098116994
123.33812542301894,0.9999921917915344,0.00025534071028232574
123.33880654816312,1.0001604557037354,0.0002552375372033566
123.33948777330806,1.0001403093338013,0.0002551038924138993
123.34016879845149,0.9995161294937134,0.0002549164346419275
123.34084992360295,0.9998539090156555,0.000254799029789865
123.3415311488643,0.9995109438896179,0.00025461745099164546
123.34221227400849,0.9998626708984375,0.000254495651461184
123.34289339915267,0.999836802482605,0.0002543456794228405
123.34357462429762,0.9998319149017334,0.00025420033489353955
123.34425574944908,0.9996823668479919,0.0002540498971939087
123.34493687459326,0.9997073411941528,0.0002539241104386747
123.34561789973668,0.9996767044067383,0.0002538018743507564
123.34629912488163,0.999823808670044,0.00025371104129590094
123.34698025002581,1.0000531673431396,0.0002536421234253794
123.34766147517075,1.0000144243240356,0.0002535720414016396
123.34834260043863,0.9997137784957886,0.0002534938103053719
123.34902372558281,0.9999641180038452,0.00025349148199893534
123.34970495072776,0.999952495098114,0.0002534848463255912
123.35038607587194,1.0005924701690674,0.00025356037076562643
123.35106730101688,1.0002248287200928,0.0002535679086577147
123.35174832616758,1.0004246234893799,0.00025365204783156514
123.35242945131176,0.9998494982719421,0.0002536898828111589
123.35311057645595,1.0001654624938965,0.0002538443368393928
123.35379180160089,0.9999982714653015,0.0002539688430260867
123.35447292674507,0.9998244047164917,0.00025411348906345665
123.35515405201295,0.999977707862854,0.00025432530674152076
123.3558352771579,0.9997760057449341,0.00025451998226344585
123.35651640230208,1.0001705884933472,0.00025478473980911076
123.3571974274455,0.9998430013656616,0.00025501271011307836
123.35787865259044,0.9999626278877258,0.0002553038066253066
123.35855977773463,1.0000934600830078,0.0002556048275437206
123.35924090288609,1.0000964403152466,0.0002559150743763894
123.35992212803103,0.9995261430740356,0.0002561936853453517
123.36060325317521,0.9998941421508789,0.00025656598154455423
123.3612843783194,1.0002326965332031,0.00025694657233543694
123.36196560346434,0.9999904036521912,0.0002572857483755797
123.36264662861504,0.9998217821121216,0.00025764372549019754
123.36332775375922,0.9998022317886353,0.00025801919400691986
123.3640088789034,0.999809741973877,0.00025839870795607567
123.36469010416477,0.9999103546142578,0.00025878468295559287
123.36537122930895,1.0004353523254395,0.0002592192904558033
123.36605235446041,1.0004596710205078,0.0002596007252577692
123.36673357960535,0.9999127388000488,0.00025993044255301356
123.36741470474954,0.9998887181282043,0.0002603092580102384
123.36809572989296,1.0002081394195557,0.00026070736930705607
123.3687769550379,1.0002366304397583,0.0002610732044558972
123.36945808018936,0.9999539852142334,0.0002614082768559456
123.37013920533354,1.0001872777938843,0.0002617746649775654
123.37082043047849,1.0000545978546143,0.000262102868873626
123.37150155562267,1.0001389980316162,0.0002624377957545221
123.37218268076685,1.000075340270996,0.00026274952688254416
123.37286390602821,1.0000675916671753,0.0002630527887959033
123.37354493117891,1.000252366065979,0.0002633545664139092
123.3742260563231,1.0002750158309937,0.0002636239514686167
123.37490718146728,0.999518632888794,0.0002638178411871195
123.37558840661222,1.0001108646392822,0.0002641080936882645
123.3762695317564,0.9996575713157654,0.000264286674791947
123.37695075690863,0.999478816986084,0.00026448015705682337
123.37763188205281,1.0002340078353882,0.00026472986792214215
123.378313007197,0.9999334812164307,0.00026487180730327964
123.37899403234042,0.9994127750396729,0.00026497847284190357
123.37967525748536,0.9998424649238586,0.00026514666387811303
123.38035638263682,0.9997799396514893,0.0002652585390023887
123.38103760778176,1.0001417398452759,0.00026538618840277195
123.38171873292595,0.9997509717941284,0.00026544329011812806
123.38239985807013,1.0000227689743042,0.0002655446296557784
123.38308108321507,1.0000269412994385,0.0002656215219758451
123.38376220835926,1.0002386569976807,0.0002657142758835107
123.38444323350996,0.9998908638954163,0.00026575528318062425
123.3851244586549,1.0001425743103027,0.00026585289742797613
123.3858055839155,0.9999563694000244,0.00026591980713419616
123.38648670905968,0.9996774792671204,0.0002659803722053766
123.38716793420463,1.000159740447998,0.000266117334831506
123.38784905935609,0.9998250603675842,0.0002661878534127027
123.38853018450027,0.9997493624687195,0.00026628392515704036
123.38921140964521,1.0001229047775269,0.0002664263010956347
123.38989243478864,1.000309944152832,0.00026656253612600267
123.39057355993282,0.9997547268867493,0.000266634306171909
123.39125468508428,1.000296950340271,0.00026679784059524536
123.39193591022922,0.9997105002403259,0.00026687097852118313
123.3926170353734,1.0002692937850952,0.0002670346584636718
123.39329816051759,1.0000053644180298,0.0002671241818461567
123.39397938566253,1.000045895576477,0.00026722592883743346
123.39466051080672,0.9999889731407166,0.00026730354875326157
123.39534153595741,1.000110149383545,0.00026738198357634246
123.39602276110236,0.9998306632041931,0.00026740162866190076
123.39670388624654,0.9996131062507629,0.0002673974959179759
123.39738501139072,1.0000628232955933,0.0002674174611456692
123.39806623653567,0.9998831748962402,0.00026734426501207054
123.39874736168713,0.9999535083770752,0.0002672551781870425
123.39942848683131,0.999646008014679,0.0002670831454452127
123.4001096119755,0.9997751116752625,0.0002668997913133353
123.40079073711968,0.9998551607131958,0.0002666502841748297
123.40147186226386,0.9996296167373657,0.00026632403023540974
123.40215298741532,1.0000768899917603,0.000265998620307073
123.40283421256026,1.0001851320266724,0.00026559573598206043
123.40351533770445,0.9998645782470703,0.0002651094109751284
123.40419646296505,0.9999788403511047,0.0002646192442625761
123.40487768810999,0.9998185038566589,0.0002640679304022342
123.40555881326145,1.0002366304397583,0.0002635267155710608
123.40623983840487,0.9998184442520142,0.00026288648950867355
123.40692096354906,1.0002142190933228,0.0002622921019792557
123.407602188694,1.0001872777938843,0.00026164588052779436
123.40828331383818,0.9997608065605164,0.00026094409986399114
123.40896453898313,0.999896764755249,0.0002602802705951035
123.40964566413459,0.9997605681419373,0.00025958556216210127
123.41032688927953,0.9999829530715942,0.0002589164942037314
123.41100801442371,0.9998559355735779,0.0002582179440651089
123.41168903956714,0.9998840689659119,0.0002575326943770051
123.4123701647186,0.9996579885482788,0.0002568380150478333
123.41305138986354,0.9999446868896484,0.0002561952860560268
123.41373251500772,0.9998872876167297,0.0002555306418798864
123.4144136401519,0.9997124075889587,0.00025487449602223933
123.41509486529685,1.0003128051757812,0.0002543017908465117
123.41577599044103,1.0001355409622192,0.0002536839456297457
123.4164571155925,1.0000346899032593,0.00025309124612249434
123.41713824073668,1.000292181968689,0.00025254974025301635
123.41781936588086,0.9999122619628906,0.0002519751142244786
123.41850049102504,1.000028371810913,0.00025147615815512836
123.41918171616999,1.000311017036438,0.00025101687060669065
123.41986284131417,1.0004531145095825,0.0002505730662960559
123.42054396646563,1.000382661819458,0.00025014474522322416
123.42122519161057,1.0006898641586304,0.0002497781242709607
123.42190631675476,1.0000813007354736,0.00024936755653470755
123.42258744189894,1.000139832496643,0.0002490465994924307
123.42326856704312,1.0001860857009888,0.00024875698727555573
123.42394969219458,1.0000442266464233,0.0002484824217390269
123.42463081733877,1.000264048576355,0.00024827843299135566
123.42531204248371,0.9998693466186523,0.0002480464754626155
123.4259931676279,1.0003963708877563,0.0002479323884472251
123.42667429277208,0.9998340606689453,0.0002477557281963527
123.42735541792354,0.9998747110366821,0.0002476644003763795
123.42803664306848,1.0002151727676392,0.0002476363442838192
123.4287176682119,0.9999658465385437,0.00024758282233960927
123.42939879335609,1.0003845691680908,0.0002476322988513857
123.43008001850103,1.0003983974456787,0.0002476654772181064
123.43076114365249,1.000264286994934,0.0002477211528457701
123.43144226879667,1.000177025794983,0.000247805321123451
123.43212349394162,0.9998792409896851,0.0002479016256984323
123.4328046190858,0.9997902512550354,0.00024804583517834544
123.43348574422998,1.0001612901687622,0.0002482483978383243
123.43416686937417,0.9998144507408142,0.00024841251433826983
123.43484799452563,0.9998436570167542,0.0002486302109900862
123.43552911966981,1.0005581378936768,0.0002489205216988921
123.43621034481475,1.000319242477417,0.00024913676315918565
123.43689146995894,1.0003541707992554,0.0002493816427886486
123.43757259510312,1.0003834962844849,0.0002496382803656161
123.43825382025534,1.0002341270446777,0.00024987084907479584
123.43893494539952,0.999915599822998,0.00025009101955220103
123.43961597054295,1.0002903938293457,0.00025036733131855726
123.44029719568789,1.000192403793335,0.0002505858719814569
123.44097832071566,0.999873697757721,0.0002507624449208379
123.44165944586712,0.9999977350234985,0.00025097033358179033
123.44234067101206,1.0004992485046387,0.00025118381017819047
123.44302179615624,0.9996124505996704,0.0002512497012503445
123.44370292130043,1.0003303289413452,0.00025144030223600566
123.44438414644537,1.0000321865081787,0.0002515146625228226
123.44506517159607,1.0000765323638916,0.00025160028599202633
123.44574629674025,1.0002472400665283,0.00025167420972138643
123.4464275218852,0.9999155402183533,0.0002516871318221092
123.44710864702938,0.9998762011528015,0.00025170508888550103
123.44778977217356,1.0002976655960083,0.00025175008340738714
123.44847099731851,1.0000187158584595,0.00025170930894091725
123.44915212246997,0.9998982548713684,0.00025167351122945547
123.44983324761415,1.0000196695327759,0.00025163969257846475
123.45051437275833,1.0002774000167847,0.00025161061785183847
123.45119549790252,0.9996048212051392,0.0002514838124625385
123.4518766230467,0.9999710321426392,0.00025144018582068384
123.45255774819816,0.9998530745506287,0.00025134760653600097
123.4532389733431,1.0001507997512817,0.0002512807841412723
123.45392009848729,0.9999869465827942,0.00025116369943134487
123.45460122363147,0.9993866682052612,0.0002510026388335973
123.45528244877642,1.0004703998565674,0.00025098639889620245
123.45596347392711,1.0004764795303345,0.0002508732140995562
123.4566445990713,1.0001029968261719,0.00025070877745747566
123.45732582421624,1.0000920295715332,0.0002505829033907503
123.45800694924401,0.9993355870246887,0.0002503841242287308
123.45868807438819,1.000222086906433,0.0002503272844478488
123.45936929953314,0.9997850060462952,0.00025014622951857746
123.4600504246846,0.9997352361679077,0.0002500014379620552
123.46073154982878,1.0001639127731323,0.0002498960238881409
123.4614125749722,0.9999022483825684,0.00024972023675218225
123.46209380011715,1.000119686126709,0.00024958219728432596
123.46277492526133,1.0000495910644531,0.00024941982701420784
123.46345605041279,0.9997162818908691,0.0002492319617886096
123.46413727555773,1.0003142356872559,0.00024911839864216745
123.46481840070192,0.9994840621948242,0.000248883938184008
123.4654995258461,1.0000752210617065,0.0002487777383066714
123.46618075099104,1.0003832578659058,0.00024865183513611555
123.46686177614174,0.9999691247940063,0.00024846987798810005
123.46754290128592,1.000301718711853,0.0002483651624061167
123.46822412643087,0.9998363256454468,0.0002481882111169398
123.46890525157505,0.9999794960021973,0.00024808943271636963
123.46958637671923,1.0000768899917603,0.0002479890827089548
123.47026760186418,1.0001438856124878,0.00024790826137177646
123.47094872689922,1.0001280307769775,0.00024783457047306
123.47162995204417,1.0003662109375,0.00024780016974546015
123.47231097718759,0.999850869178772,0.00024771763128228486
123.47299210233177,0.9997835755348206,0.0002476934459991753
123.47367322747596,0.9998927116394043,0.000247712479904294
123.47435445262818,0.9995267987251282,0.0002477132366038859
123.47503557777236,0.9996587634086609,0.00024778771330602467
123.4757168029173,0.9999873042106628,0.0002479065442457795
123.47639792806149,1.0001360177993774,0.00024804219719953835
123.47707905320567,1.0000418424606323,0.00024819158716127276
123.47776007835637,1.0002800226211548,0.0002484037831891328
123.47844130350131,1.0002201795578003,0.0002486257872078568
123.4791224286455,1.000009298324585,0.0002488733734935522
123.47980355367326,0.9995157122612,0.00024915055837482214
123.48048477881821,0.9994803667068481,0.00024950725492089987
123.48116590396239,0.9998139142990112,0.00024995714193210006
123.48184702911385,1.000397801399231,0.00025047818780876696
123.4825282542588,1.0003361701965332,0.0002510034537408501
123.48320927940222,0.999605655670166,0.0002515263040550053
123.4838904045464,1.0002354383468628,0.0002522329450584948
123.48457162969135,1.0000258684158325,0.0002529159828554839
123.4852527548428,1.0004751682281494,0.0002537067630328238
123.48593387998699,1.0002013444900513,0.0002544855233281851
123.48661510513193,1.0004159212112427,0.0002553391095716506
123.48729623027612,0.9999467730522156,0.0002561782894190401
123.4879773554203,0.9999348521232605,0.0002570856304373592
123.48865838045458,0.999723494052887,0.0002580044965725392
123.48933960559953,1.0001938343048096,0.0002589983632788062
123.49002073074371,1.0000916719436646,0.0002599546278361231
123.49070185588789,1.0000652074813843,0.000260918284766376
123.49138308103284,1.0001908540725708,0.00026189960772171617
123.4920642061843,0.9995846748352051,0.00026280281599611044
123.49274533132848,0.999707043170929,0.0002637479337863624
123.49342655647342,0.9999922513961792,0.0002646761713549495
123.49410758161684,0.999989926815033,0.0002655457064975053
123.49478870664461,1.0001996755599976,0.0002663829654920846
123.49546993178956,0.9999081492424011,0.00026711952523328364
123.49615105694102,1.0002362728118896,0.00026783335488289595
123.4968321820852,1.0007025003433228,0.00026849121786653996
123.49751340723014,0.9999414086341858,0.00026895772316493094
123.49819453237433,1.0001506805419922,0.0002694051363505423
123.49887575751927,1.000426173210144,0.000269751442829147
123.49955688267073,1.000221848487854,0.00026994041400030255
123.50023790781415,1.0001881122589111,0.00027001829585060477
123.50091903295834,0.9998394250869751,0.0002699433534871787
123.50160025810328,1.0000725984573364,0.00026977091329172254
123.50228138313105,0.9999252557754517,0.0002694253053050488
123.50296250828251,1.0001014471054077,0.00026895166956819594
123.50364373342745,0.9998248815536499,0.00026829083799384534
123.50432485857164,0.9997813105583191,0.0002675243013072759
123.50500608371658,1.0002195835113525,0.0002666725777089596
123.50568710886,0.9999616146087646,0.00026567027089186013
123.50636823401146,0.9999556541442871,0.00026460111257620156
123.50704935915564,0.9995809197425842,0.0002634303236845881
123.50773058418417,1.000076413154602,0.0002622842730488628
123.50841170932836,1.0001928806304932,0.00026106604491360486
123.50909283447254,0.9999704957008362,0.0002597968268673867
123.50977405961748,0.9995527267456055,0.00025849801022559404
123.51045518476894,0.999859631061554,0.0002572718367446214
123.51113620991237,0.9997678995132446,0.0002560236898716539
123.51181743505731,0.9999054670333862,0.00025482408818788826
123.5124985602015,1.0002928972244263,0.00025368083151988685
123.51317968534568,1.0002540349960327,0.00025255547370761633
123.51386091038148,0.9998393654823303,0.00025144265964627266
123.51454203552566,1.0000587701797485,0.0002504467556718737
123.51522316066985,1.0001200437545776,0.00024950780789367855
123.51590428581403,1.0003347396850586,0.00024864680017344654
123.51658541095821,1.0001295804977417,0.00024782289983704686
123.51726653610967,1.000260829925537,0.0002471060724928975
123.51794766125386,1.0001108646392822,0.0002464387216605246
123.5186288863988,0.9998152852058411,0.000245835748501122
123.51931001142657,0.999954879283905,0.00024535684497095644
123.51999113657075,0.9996009469032288,0.00024490070063620806
123.5206723617157,1.0001024007797241,0.0002446062280796468
123.52135348686716,0.9994264245033264,0.00024427653988823295
123.52203451201058,0.9999892115592957,0.0002441430406179279
123.52271573715552,0.9996828436851501,0.00024400113034062088
123.5233968622997,1.0001031160354614,0.0002440163807477802
123.52407798744389,0.9999388456344604,0.0002440542884869501
123.5247592124797,1.0000790357589722,0.00024420334375463426
123.52544033762388,0.9998787045478821,0.00024438646505586803
123.52612146276806,0.9996040463447571,0.0002446433645673096
123.526802687913,0.9997870922088623,0.00024501202278770506
123.52748371305643,1.000111699104309,0.000245468138018623
123.52816483820789,1.000274658203125,0.00024598202435299754
123.52884596323565,1.0000754594802856,0.00024652411229908466
123.5295271883806,1.0001956224441528,0.00024717749329283834
123.53020831352478,0.9996814727783203,0.0002478409151080996
123.53088953866973,0.9997257590293884,0.0002486126031726599
123.53157066381391,0.9999731779098511,0.0002494722430128604
123.53225178896537,1.0002102851867676,0.000250392738962546
123.53293281410879,1.0004009008407593,0.00025136227486655116
123.53361403913732,0.9999452829360962,0.00025232674670405686
123.5342951642815,1.0002620220184326,0.00025340105639770627
123.53497638942645,0.9998040795326233,0.00025444317725487053
123.5356575145779,0.9997638463973999,0.00025554370949976146
123.53633863972209,1.0000405311584473,0.00025669304886832833
123.53701986486703,0.9997085332870483,0.0002577971026767045
123.53770099001122,0.999978244304657,0.0002589501964394003
123.53838201503822,0.99965500831604,0.00026003015227615833
123.53906324019044,0.9997391700744629,0.0002611188974697143
123.53974436533463,0.99982750415802,0.00026216162950731814
123.54042549047881,1.0001288652420044,0.00026316262665204704
123.54110671562376,1.0001505613327026,0.0002640720922499895
123.54178784076794,1.0000536441802979,0.00026489078300073743
123.5424689657957,1.000260353088379,0.00026563426945358515
123.54315009094717,1.0000643730163574,0.00026622836594469845
123.54383121609135,1.000105857849121,0.0002667299413587898
123.54451234123553,1.0001791715621948,0.00026709839585237205
123.54519346637971,1.0002720355987549,0.00026734769926406443
123.54587469152466,0.9996523857116699,0.0002674341085366905
123.5465558165597,0.9997261166572571,0.00026747077936306596
123.54723694170389,1.0001393556594849,0.0002674443239811808
123.54791816684883,0.9997808337211609,0.0002672627451829612
123.54859929199301,0.9996612071990967,0.00026702930335886776
123.54928031713644,0.9997473955154419,0.0002667465014383197
123.54996154228866,0.9998767971992493,0.0002664113708306104
123.55064266731642,1.0001417398452759,0.00026604020968079567
123.55132379246061,0.9999203085899353,0.0002655965508893132
123.55200491760479,1.0000629425048828,0.0002651524846442044
123.55268614274974,1.0002901554107666,0.0002646936336532235
123.5533672679012,0.9999513030052185,0.00026417989283800125
123.55404839304538,0.9997947216033936,0.000263675901805982
123.55472951807315,0.999881386756897,0.0002632006071507931
123.55541064321733,1.0002027750015259,0.00026275429991073906
123.55609176836151,0.9999889135360718,0.0002622796455398202
123.55677299350646,0.9997366666793823,0.0002618255966808647
123.55745411865792,1.00016188621521,0.00026145513402298093
123.55813524368568,0.999781608581543,0.00026104491553269327
123.55881646883063,1.000076174736023,0.00026072392938658595
123.55949759397481,0.9999248385429382,0.00026040864759124815
123.56017861912551,0.9998711943626404,0.0002601328305900097
123.56085984427045,0.9998307228088379,0.0002598981373012066
123.56154096929822,1.000686764717102,0.00025978757184930146
123.5622220944424,0.9996721744537354,0.0002595503756310791
123.56290331958735,0.9998879432678223,0.0002594621037133038
123.56358444473153,1.000095248222351,0.0002594151592347771
123.56426566987648,0.9999696016311646,0.00025938026374205947
123.56494679502794,0.9997272491455078,0.00025937496684491634
123.56562782005494,0.9998378157615662,0.00025943387299776077
123.56630894519913,1.0000935792922974,0.00025953701697289944
123.56699017034407,0.9998393058776855,0.00025962843210436404
123.56767129549553,1.0000323057174683,0.0002597765123937279
123.56835252064047,1.0001078844070435,0.000259938562521711
123.56903364566824,1.000125527381897,0.00026011510635726154
123.56971477081242,1.0003098249435425,0.00026032832101918757
123.57039589595661,0.9996620416641235,0.00026048041763715446
123.57107712110155,0.9998412132263184,0.0002607241622172296
123.57175814625225,1.0004537105560303,0.0002610177325550467
123.57243927128002,1.0001299381256104,0.0002612454118207097
123.57312049642496,0.9998828172683716,0.0002614951226860285
123.57380162156915,0.9999220371246338,0.0002617723657749593
123.57448274671333,0.9995347261428833,0.000262028886936605
123.57516397186555,1.0000871419906616,0.00026237836573272943
123.57584509689332,0.9995060563087463,0.0002626338100526482
123.5765262220375,0.9997038245201111,0.0002629615773912519
123.57720734718168,0.9996195435523987,0.00026327103842049837
123.57788847232587,0.9998688697814941,0.0002636158897075802
123.57856959747733,1.0003546476364136,0.00026397727197036147
123.5792507225051,0.9996222853660583,0.0002642446488607675
123.57993194765004,1.0003530979156494,0.00026462881942279637
123.58061307279422,1.0001399517059326,0.00026493208133615553
123.5812941979384,1.000060796737671,0.000265242881141603
123.58197542296693,1.0000807046890259,0.0002655539137776941
123.58265644811763,0.9999952912330627,0.0002658513549249619
123.58333757326182,1.0002676248550415,0.00026616104878485203
123.58401879840676,1.000144124031067,0.0002664256899151951
123.58469992355094,0.999987781047821,0.00026667045312933624
123.58538104857871,1.0000373125076294,0.00026692161918617785
123.58606227373093,1.0000056028366089,0.00026714359410107136
123.58674339887511,1.0001311302185059,0.0002673715935088694
123.5874245240193,0.9997251033782959,0.0002675335854291916
123.5881055490463,1.0001099109649658,0.0002677570446394384
123.58878677419125,0.9997279047966003,0.0002678961609490216
123.58946789934271,0.9999844431877136,0.000268082192633301
123.59014912448765,1.0001157522201538,0.0002682482299860567
123.59083024963184,0.9994934797286987,0.00026834174059331417
123.5915113746596,0.9999319911003113,0.0002685051877051592
123.59219259980455,0.9999499917030334,0.00026863260427489877
123.59287372494873,0.9998781681060791,0.00026873042224906385
123.59355475009943,1.0002870559692383,0.00026887046988122165
123.59423597512796,0.9998031854629517,0.0002689161046873778
123.59491710027214,0.9997126460075378,0.0002689796674530953
123.59559822541632,0.9998041987419128,0.0002690445398911834
123.59627945056127,1.000393033027649,0.000269136595306918
123.59696057571273,1.0000861883163452,0.0002691348781809211
123.5976417007405,1.0000314712524414,0.0002691378758754581
123.59832292588544,1.000200867652893,0.0002691403205972165
123.59900395102886,1.0004736185073853,0.00026913368492387235
123.59968507617305,1.0002719163894653,0.0002690598485060036
123.60036630120885,0.9998177289962769,0.00026894110487774014
123.60104742635303,0.9995790123939514,0.0002688258537091315
123.60172855149722,1.0003085136413574,0.00026875812909565866
123.60240977664216,0.9998920559883118,0.00026857518241740763
123.60309090166993,0.9998518824577332,0.0002683918864931911
123.60377202681411,1.0001583099365234,0.0002682115591596812
123.60445315196557,0.999899685382843,0.00026796472957357764
123.60513427710976,1.0000241994857788,0.0002677249431144446
123.60581540213752,1.000392198562622,0.0002674813149496913
123.6064965272817,0.9997361898422241,0.0002671456604730338
123.60717775242665,1.000045657157898,0.00026687190984375775
123.60785887757811,1.0001524686813354,0.00026658104616217315
123.60854000260588,1.0001802444458008,0.00026627685292623937
123.60922122775082,1.0003811120986938,0.0002659866295289248
123.60990225289424,0.9995246529579163,0.0002656143333297223
123.61058337803843,1.0003727674484253,0.00026539943064562976
123.61126460307423,0.9998661279678345,0.0002650749229360372
123.61194572821842,0.9999462366104126,0.00026481610257178545
123.6126268533626,0.9998435378074646,0.00026456848718225956
123.61330797850678,0.9994889497756958,0.000264312227955088
123.61398920353531,0.9998958110809326,0.0002641432511154562
123.61467032868677,0.9998598098754883,0.0002639494196046144
123.61535135383019,1.0002387762069702,0.0002638206060510129
123.61603257897514,0.99949049949646,0.00026361114578321576
123.6167137040029,0.9996076226234436,0.0002634933334775269
123.61739482914709,0.9994531273841858,0.0002633710973896086
123.61807605429203,0.9996093511581421,0.0002632909454405308
123.61875717944349,0.9995813965797424,0.00026320217875763774
123.61943840447202,0.999812126159668,0.00026314391288906336
123.6201195296162,1.0003623962402344,0.00026311681722290814
123.62080055475963,0.9995884299278259,0.0002629811060614884
123.62148167979467,0.999934196472168,0.00026293352129869163
123.62216290493961,0.9998053908348083,0.00026283360784873366
123.6228440300838,0.9996954798698425,0.00026273613912053406
123.62352525522874,0.9999547004699707,0.00026264609186910093
123.62420638025651,0.9998131990432739,0.00026250534574501216
123.6248875054007,0.9999839067459106,0.0002623686450533569
123.62556873054564,0.9997802972793579,0.00026218328275717795
123.62624975557992,1.0000494718551636,0.0002620050508994609
123.6269308807241,0.9996499419212341,0.0002617513819132
123.62761200586829,1.0002378225326538,0.00026156846433877945
123.62829323101323,1.0003832578659058,0.00026132771745324135
123.62897435604827,1.00047767162323,0.00026106779114343226
123.62965558119322,1.0000476837158203,0.00026076321955770254
123.6303367063374,1.0002137422561646,0.0002605036133900285
123.63101783148159,0.999826967716217,0.000260194850852713
123.63169885650859,1.0001184940338135,0.0002599550934974104
123.63238008165354,1.0001764297485352,0.0002597022394184023
123.633061206805,1.0000587701797485,0.00025944909430108964
123.63374233183276,1.0001068115234375,0.00025922185159288347
123.63442355697771,1.0000964403152466,0.00025901634944602847
123.63510468212189,1.0,0.0002588287170510739
123.63578580726607,1.000511884689331,0.00025871070101857185
123.6364670322946,0.9994165301322937,0.00025848206132650375
123.6371480574453,1.0003725290298462,0.0002584611647762358
123.63782918258948,0.9997102618217468,0.00025833630934357643
123.63851040761801,1.0003283023834229,0.0002583459427114576
123.6391915327622,1.000036358833313,0.00025830563390627503
123.63987265791366,1.0002473592758179,0.00025833718245849013
123.64055378305784,1.0000969171524048,0.00025835935957729816
123.64123500808637,1.0000184774398804,0.00025841296883299947
123.64191613323055,0.9999066591262817,0.00025848348741419613
123.64259725837474,0.9999309778213501,0.000258581101661548
123.6432783834025,0.9997180104255676,0.00025867007207125425
123.64395950855396,0.9998753070831299,0.0002588024362921715
123.64464063369815,1.0005133152008057,0.00025897150044329464
123.64532185872667,0.9998019337654114,0.00025901966728270054
123.64600298387086,0.9998709559440613,0.0002591304946690798
123.64668410901504,0.9999125003814697,0.0002592319797258824
123.64736533416726,0.9999299049377441,0.0002593094832263887
123.64804645919503,1.0000691413879395,0.00025938733597286046
123.64872748433845,0.9999909996986389,0.0002594286052044481
123.6494087094834,0.9999265670776367,0.0002594571851659566
123.65008983451116,1.000201940536499,0.0002594953984953463
123.65077095966262,1.0004980564117432,0.00025952584110200405
123.65145218480757,1.000099778175354,0.0002594811376184225
123.65213330983534,1.000166416168213,0.0002594544203020632
123.65281453498028,1.0003283023834229,0.00025942944921553135
123.65349566012446,1.0004057884216309,0.00025937813916243613
123.65417668515875,1.0004050731658936,0.00025931198615580797
123.65485781030293,0.9999678134918213,0.00025919624022208154
123.65553903544787,0.999943196773529,0.0002591027587186545
123.65622016059206,1.0004568099975586,0.000259049964370206
123.65690138562059,1.0001726150512695,0.00025892240228131413
123.65758251076477,0.9997091889381409,0.0002587669878266752
123.65826363591623,0.9998630881309509,0.0002586569171398878
123.65894486094476,0.9997110962867737,0.00025851945974864066
123.65962588608818,0.9997961521148682,0.00025839489535428584
123.66030701123236,1.0000916719436646,0.00025828875368461013
123.66098813626013,0.9997737407684326,0.0002581296139396727
123.66166936141235,1.0001600980758667,0.00025802708114497364
123.66235048655653,0.9998279809951782,0.00025786441983655095
123.6630316115843,1.0000548362731934,0.0002577529812697321
123.66371283672925,0.9999182820320129,0.00025760915013961494
123.66439396187343,0.9999078512191772,0.0002574872050900012
123.66507498690771,1.0005303621292114,0.000257421110291034
123.66575621205266,0.9996799230575562,0.00025723513681441545
123.66643733719684,0.9996733665466309,0.00025712745264172554
123.66711846222461,0.9998164176940918,0.0002570485230535269
123.66779968736955,1.0001391172409058,0.0002569902571849525
123.66848081251374,1.0002068281173706,0.0002569225907791406
123.66916193754878,1.0002260208129883,0.0002568551863078028
123.66984306269296,0.9999681115150452,0.0002567752671893686
123.67052418783715,0.9997952580451965,0.0002567121700849384
123.67120531286491,0.9999226927757263,0.00025669080787338316
123.6718864380091,1.0002145767211914,0.00025669721071608365
123.67256766316132,1.0001035928726196,0.0002566686016507447
123.67324878818908,0.9995958209037781,0.0002566202310845256
123.67392991333327,1.0000889301300049,0.00025667258887551725
123.67461113847821,0.9997771382331848,0.00025666700094006956
123.67529226350598,0.9996716380119324,0.0002566897892393172
123.67597328865668,1.000461459159851,0.0002567956398706883
123.67665441380086,1.0002028942108154,0.00025681761326268315
123.67733563882939,1.0000747442245483,0.0002568684285506606
123.67801676397357,0.9996551871299744,0.0002569000353105366
123.67869798911852,1.0003471374511719,0.00025703790015541017
123.67937911414629,1.000365138053894,0.0002571230579633266
123.68006023929775,0.9998233914375305,0.00025716162053868175
123.68074146444269,0.9997203350067139,0.00025724570150487125
123.6814224894697,1.0000132322311401,0.00025737209944054484
123.68210361461388,1.0000213384628296,0.000257477251579985
123.68278483975882,1.000245451927185,0.00025760053540579975
123.68346596479387,0.99950110912323,0.0002576414553914219
123.68414708993805,0.9995951056480408,0.00025775478570722044
123.684828315083,0.9994794726371765,0.00025785266188904643
123.68550944011076,0.9999898076057434,0.0002579950960353017
123.68619056525495,0.9997183084487915,0.00025808109785430133
123.68687169028999,1.000194787979126,0.00025820848532021046
123.68755281543417,0.9996273517608643,0.00025825112243182957
123.68823394057836,1.0003185272216797,0.0002584019093774259
123.68891516560689,0.9995642304420471,0.00025841983733698726
123.68959629075107,1.0000768899917603,0.0002585413749329746
123.69027741589525,0.999879002571106,0.0002586014452390373
123.69095864093106,1.0001510381698608,0.00025870001991279423
123.69163976607524,0.999815046787262,0.0002587416965980083
123.69232079121866,0.9994699954986572,0.00025877662119455636
123.69300201624719,0.9997526407241821,0.00025887147057801485
123.69368314139138,1.0000169277191162,0.0002589582873042673
123.69436426642642,1.0000715255737305,0.0002590242656879127
123.69504549157136,0.9999492168426514,0.00025907609960995615
123.69572661671555,0.9996590614318848,0.0002591019438114017
123.69640774174331,0.9999952912330627,0.0002591806696727872
123.6970888668875,1.0003618001937866,0.0002592611708678305
123.69776999203896,0.9998911023139954,0.00025926512898877263
123.69845111706672,0.9998358488082886,0.00025929868570528924
123.69913224221091,0.9998143315315247,0.00025933043798431754
123.69981346735585,0.9997760057449341,0.0002593622193671763
123.70049459238362,0.999995768070221,0.00025939635816030204
123.70117571753508,1.0000386238098145,0.0002594139950815588
123.70185684256285,0.9998663663864136,0.0002594060206320137
123.70253806770779,1.0002561807632446,0.0002594374818727374
123.70321909285121,0.9999610185623169,0.00025940214982256293
123.70390021787898,0.9998442530632019,0.0002593710378278047
123.70458144302393,1.0000001192092896,0.00025935907615348697
123.70526256805897,1.0000718832015991,0.00025933183496817946
123.70594369320315,0.9997121691703796,0.00025926323723979294
123.7066249183481,0.9996697306632996,0.00025921573978848755
123.70730604337587,1.0000290870666504,0.00025920115876942873
123.70798726852081,0.9998596906661987,0.0002591467637103051
123.70866829355509,0.9997432231903076,0.00025909123360179365
123.70934941869928,1.0001413822174072,0.00025909507530741394
123.71003054384346,1.0000560283660889,0.00025905767688527703
123.71071176887199,0.9999236464500427,0.00025903823552653193
123.71139289401617,0.9999013543128967,0.00025903398636728525
123.71207411916112,0.9999053478240967,0.0002590577641967684
123.71275524419616,1.000022530555725,0.000259102089330554
123.71343636934034,1.000180721282959,0.00025917330640368164
123.71411739436735,0.9999914765357971,0.000259229214861989
123.7147986195123,0.9998300671577454,0.00025930284755304456
123.71547974466375,1.0000249147415161,0.00025943267974071205
123.71616086969152,1.0000154972076416,0.0002595570695120841
123.71684209483647,0.999829888343811,0.000259682274190709
123.71752321986423,0.9998287558555603,0.0002598301216494292
123.71820444500918,1.000087857246399,0.00026001082733273506
123.71888557015336,0.9997938275337219,0.00026014208560809493
123.7195666951884,1.000030755996704,0.0002603181346785277
123.72024772033183,0.9997029304504395,0.00026043408433906734
123.72092894536036,0.9995039105415344,0.00026055792113766074
123.72161007050454,0.999965250492096,0.00026071639149449766
123.72229129564948,0.9997013211250305,0.0002607936621643603
123.72297242068453,0.9995124936103821,0.0002608428185340017
123.72365354582871,0.9998879432678223,0.00026091403560712934
123.72433467085648,1.0004818439483643,0.00026096199871972203
123.72501589600142,1.0000704526901245,0.00026088059530593455
123.72569692114484,1.0001248121261597,0.00026079185772687197
123.72637804617989,0.9997496008872986,0.00026061260723508894
123.72705927132483,1.0000813007354736,0.0002604361798148602
123.7277403963526,0.9997499585151672,0.0002601575688458979
123.72842152149678,0.9997848868370056,0.00025984758394770324
123.72910264652455,0.9992579221725464,0.00025952336727641523
123.7297838716695,1.0000548362731934,0.00025912735145539045
123.73046499682096,1.0003724098205566,0.0002587266208138317
123.73114612184872,0.999866783618927,0.0002582344750408083
123.7318272469929,1.0004674196243286,0.00025782166630961
123.73250837202067,1.0002743005752563,0.0002573270467109978
123.73318949716486,1.0001676082611084,0.0002568387135397643
123.73387072231708,0.9998620748519897,0.0002563394664321095
123.73455184734485,0.9996278882026672,0.0002558626583777368
123.73523297248903,1.000507116317749,0.0002554985985625535
123.73591419751756,1.0001561641693115,0.00025504984660074115
123.73659522266098,1.000378131866455,0.0002546714385971427
123.73727634781244,1.0001801252365112,0.0002542985021136701
123.73795757284097,0.9998605847358704,0.0002539418055675924
123.73863869798515,0.9998890161514282,0.00025364660541526973
123.73931982301292,0.9996721148490906,0.0002533718361519277
123.74000104815786,1.0001513957977295,0.0002531888603698462
123.74068217318563,0.9999586939811707,0.00025297849788330495
123.74136339833785,1.0001718997955322,0.00025283166905865073
123.74204442336486,0.9996185898780823,0.00025265844305977225
123.74272554850904,0.9998887181282043,0.0002525649906601757
123.74340667365323,0.9995737671852112,0.00025244400603696704
123.74408789868176,0.9996421933174133,0.0002523711882531643
123.74476902383321,0.9999170303344727,0.0002523201983422041
123.74545024886174,0.9999918937683105,0.00025225651916116476
123.74613137400593,0.9994834065437317,0.00025213134358637035
123.74681249915011,0.9999873042106628,0.00025208506849594414
123.74749352417712,0.9996052980422974,0.00025194467161782086
123.74817474932934,1.0001672506332397,0.00025187115534208715
123.7488558743571,1.0001802444458008,0.00025171699235215783
123.74953699950129,1.000333547592163,0.00025155977346003056
123.75021822452982,1.0001002550125122,0.0002513549115974456
123.750899349674,0.9999259114265442,0.00025114003801718354
123.75158047470904,0.9998441338539124,0.00025093823205679655
123.75226169985399,0.9999330639839172,0.0002507449535187334
123.752942724881,0.9998525381088257,0.00025053814169950783
123.75362385002518,1.0002225637435913,0.0002503871510270983
123.75430507517012,0.999830961227417,0.0002501736453268677
123.75498620019789,0.9995924830436707,0.0002499937836546451
123.75566732534935,0.9998669624328613,0.0002498743124306202
123.75634845037712,1.000001311302185,0.00024977410794235766
123.75702967552206,0.9998378157615662,0.0002496630768291652
123.75771080054983,1.0000940561294556,0.00024961860617622733
123.75839192569401,1.000054955482483,0.00024957297137007117
123.75907305072906,1.0006415843963623,0.00024960513110272586
123.75975417587324,1.0002156496047974,0.0002495714579708874
123.76043530090101,1.0000739097595215,0.00024958219728432596
123.76111652604595,0.9998313188552856,0.00024960131850093603
123.76179765119014,1.0000985860824585,0.0002496731758583337
123.76247877622518,1.0003201961517334,0.00024975603446364403
123.76316000137012,1.0002182722091675,0.0002498076355550438
123.76384102639713,1.0001449584960938,0.0002498731773812324
123.76452215154131,0.9997511506080627,0.00024989512166939676
123.76520327656908,0.999992311000824,0.0002499607508070767
123.76588450171403,1.0001848936080933,0.0002500073460396379
123.76656562674907,0.9999482035636902,0.00024998700246214867
123.76724675189325,0.9998542666435242,0.0002499570546206087
123.76792797692178,0.9997907876968384,0.00024989695521071553
123.76860910206597,1.0002124309539795,0.0002498416870366782
123.76929012710025,0.9996121525764465,0.00024966156342998147
123.7699713522452,1.0000345706939697,0.00024954130640253425
123.77065247738938,0.9999009966850281,0.0002493447682354599
123.77133360241714,0.9998390078544617,0.0002491266932338476
123.77201482756209,1.0000989437103271,0.00024892427609302104
123.77269595258986,0.9999969601631165,0.0002486714511178434
123.7733771777348,1.0002996921539307,0.0002484530850779265
123.77405830276984,0.999692976474762,0.00024814909556880593
123.77473932791327,1.0000540018081665,0.00024794242926873267
123.77542045294103,0.9999179244041443,0.00024769725860096514
123.77610167808598,1.0002449750900269,0.00024751084856688976
123.77678280312102,1.0002330541610718,0.00024732068413868546
123.77746402826597,0.9995600581169128,0.00024709763238206506
123.77814515329374,1.0001522302627563,0.000247017276706174
123.77882627843792,0.999566376209259,0.00024686622782610357
123.77950750346645,1.0000171661376953,0.0002468447491992265
123.78018852860987,0.9997164607048035,0.00024678633781149983
123.78086965364491,0.9994699358940125,0.0002467847371008247
123.78155087878986,0.9997562170028687,0.0002468545862939209
123.78223200381763,0.9999566674232483,0.000246958778006956
123.78291312896181,1.000167727470398,0.00024709865101613104
123.78359435399034,0.9998217821121216,0.00024721797672100365
123.7842754791418,0.9997959136962891,0.00024739294894970953
123.78495660428598,1.000013828277588,0.00024761719396337867
123.78563772931375,1.0003573894500732,0.000247861142270267
123.78631885434152,1.0003430843353271,0.00024809333262965083
123.7869999794857,1.000483751296997,0.00024833346833474934
123.78768110463716,1.000521183013916,0.0002485750592313707
123.78836232966569,1.0004825592041016,0.00024878449039533734
123.78904345480987,1.000139594078064,0.00024896374088712037
123.78972457983764,0.999843180179596,0.00024911193759180605
123.79040570498182,0.9997218251228333,0.00024926732294261456
123.79108693001035,1.0003454685211182,0.00024945486802607775
123.79176795504463,0.999992311000824,0.00024952777312137187
123.79244908018882,1.0002354383468628,0.0002496336819604039
123.79313030533376,1.0006518363952637,0.0002497283276170492
123.79381143036153,1.000099539756775,0.00024970751837827265
123.7944925553893,1.0003435611724854,0.0002497335954103619
123.79517378054152,1.0002636909484863,0.000249714677920565
123.7958549056857,1.000122308731079,0.00024965955526567996
123.79653613071423,1.0000613927841187,0.0002496018714737147
123.79721715574124,0.9999576807022095,0.0002495122025720775
123.79789828088542,0.999997615814209,0.00024942716117948294
123.79857940592046,0.9999732971191406,0.00024931778898462653
123.79926063106541,1.000191569328308,0.0002492257917765528
123.79994175609318,1.0000892877578735,0.0002490970364306122
123.80062298123812,0.9997965097427368,0.0002489355392754078
123.80130410626589,0.9997028112411499,0.0002487913297954947
123.80198523141007,0.9995972514152527,0.0002486388257239014
123.80266625644435,0.9997756481170654,0.00024851871421560645
123.8033474815893,0.9995705485343933,0.00024836050579324365
123.80402860661707,0.9999701380729675,0.00024825477157719433
123.80470973176125,0.999973475933075,0.00024812290212139487
123.80539095678978,0.999897301197052,0.0002479903632774949
123.80607208194124,0.9997479915618896,0.0002478525275364518
123.80675330696977,0.9995914101600647,0.00024772697361186147
123.80743443211395,0.9996373653411865,0.0002476256631780416
123.80811545714096,1.0003107786178589,0.00024759440566413105
123.80879658228514,1.0004595518112183,0.000247517746174708
123.80947780732095,1.0005382299423218,0.0002474551147315651
123.81015893246513,0.9999772906303406,0.00024733482860028744
123.81084015749366,1.0000934600830078,0.000247297459281981
123.81152128263784,1.0003299713134766,0.0002472751948516816
123.81220240766561,1.000104308128357,0.00024722985108383
123.81288353280979,0.9998124241828918,0.0002471818879712373
123.81356465784484,1.0002074241638184,0.00024720942019484937
123.81424578298902,1.000305414199829,0.0002472178020980209
123.81492690801679,1.0001091957092285,0.00024720910005271435
123.81560813304532,0.9997046589851379,0.0002471882617101073
123.8162892581895,1.0002933740615845,0.0002472780179232359
123.81697038322454,0.9996550679206848,0.0002472441701684147
123.81765150836873,1.0000427961349487,0.0002473192580509931
123.81833273339726,0.9997432231903076,0.00024733992177061737
123.81901375854068,1.0000303983688354,0.0002474220236763358
123.8196949835692,1.0002881288528442,0.00024750642478466034
123.82037610872067,1.000186562538147,0.0002475599176250398
123.82105723374843,0.9999603629112244,0.0002476063964422792
123.82173835889262,1.000118374824524,0.0002476885565556586
123.82241958392115,1.0000187158584595,0.00024774984922260046
123.82310070906533,1.0003454685211182,0.00024785962887108326
123.82378183410037,0.9999057054519653,0.0002478991518728435
123.82446295924456,1.0000622272491455,0.00024799321545287967
123.82514408427232,0.9998903274536133,0.000248057913267985
123.82582520930009,1.0002262592315674,0.00024816638324409723
123.82650643444504,1.0000042915344238,0.0002482303243596107
123.8271875594728,1.0000081062316895,0.0002483152493368834
123.82786868462426,0.9998238682746887,0.0002483866410329938
123.82854990965279,1.0000447034835815,0.0002484915021341294
123.82923103479698,0.9999024271965027,0.0002485654258634895
123.82991205982398,0.9998480677604675,0.00024865794694051147
123.83059318497544,1.0002415180206299,0.0002487912424840033
123.83127441000397,1.000377893447876,0.0002488986065145582
123.83195553514815,1.0006190538406372,0.000249027885729447
123.83263676017668,0.9998324513435364,0.00024907453916966915
123.83331788520445,0.99998939037323,0.00024921708973124623
123.83399901034863,0.9997731447219849,0.0002493339707143605
123.83468023537716,0.9999734163284302,0.0002495071094017476
123.83536126052786,1.0004136562347412,0.00024970510276034474
123.83604238555563,1.0002987384796143,0.00024986875359900296
123.83672361070057,1.0001741647720337,0.0002500475966371596
123.83740473572834,0.9998873472213745,0.0002502236166037619
123.83808586076339,0.9998490810394287,0.000250433076871559
123.83876708590833,0.9999140501022339,0.0002506639575585723
123.8394482109361,1.0002955198287964,0.0002509328769519925
123.84012933608028,1.0000159740447998,0.00025114553864113986
123.84081046110805,0.9998759031295776,0.00025138279306702316
123.84149158625223,1.000004768371582,0.0002516515087336302
123.84217271128728,0.9999354481697083,0.0002518976107239723
123.8428539363158,0.9999515414237976,0.0002521592832636088
123.84353506145999,0.9998800158500671,0.00025240486138500273
123.84421618648776,0.9999563097953796,0.0002526570169720799
123.8448974116327,0.9999756217002869,0.00025289083714596927
123.84557853666774,0.9995241761207581,0.00025307477335445583
123.84625956181117,0.9998053908348083,0.0002533047227188945
123.8469407868397,0.9998986124992371,0.00025349989300593734
123.84762191186746,1.000205397605896,0.0002536822867114097
123.84830303701165,0.999512255191803,0.00025374608230777085
123.84898416204669,1.0002195835113525,0.0002539026318117976
123.84966538719164,1.0000420808792114,0.00025394829572178423
123.8503465122194,1.0002973079681396,0.0002539833658374846
123.85102763736359,1.0000278949737549,0.0002539333363529295
123.85170876239135,0.999975860118866,0.0002538617409300059
123.8523898874264,0.999826192855835,0.00025374116376042366
123.85307101257058,0.9999057650566101,0.0002536030951887369
123.85375213759835,1.000266432762146,0.00025346429902128875
123.8544333627433,0.9999554753303528,0.00025322940200567245
123.85511448777106,0.9998450875282288,0.0002529819612391293
123.85579561291524,1.0003347396850586,0.0002527704637032002
123.85647683795105,1.0000290870666504,0.00025246405857615173
123.85715786297806,0.9999967813491821,0.00025216504582203925
123.85783898812224,0.99946129322052,0.00025180241209454834
123.85852021315077,1.000067114830017,0.00025153913884423673
123.85920133829495,1.0001115798950195,0.00025121428188867867
123.85988246333,1.0005042552947998,0.00025091084535233676
123.86056368835852,1.00005042552948,0.00025053700665012
123.86124481350271,1.0001029968261719,0.0002502137504052371
123.86192603853124,0.9996849298477173,0.00024984762421809137
123.86260716367542,1.0000935792922974,0.00024957404821179807
123.8632881887097,1.0000836849212646,0.00024927372578531504
123.86396931373747,0.999960720539093,0.0002489764301571995
123.86465053888242,1.000123143196106,0.00024872683570720255
123.86533166391018,1.0002121925354004,0.00024850197951309383
123.86601288905513,0.9996095299720764,0.00024823282728902996
123.8666940140829,0.9996742606163025,0.000248057214776054
123.86737513911794,1.0002484321594238,0.0002479629183653742
123.86805636426288,0.9997967481613159,0.0002478107053320855
123.86873738928989,1.0002219676971436,0.00024778529768809676
123.86941851443407,0.9996764659881592,0.0002477118105161935
123.8700997394626,1.0003247261047363,0.0002477980451658368
123.87078086449765,0.9996730089187622,0.00024781623505987227
123.87146198964183,1.0001345872879028,0.00024798366939648986
123.87214321467036,0.9999902248382568,0.0002481540432199836
123.87282433981454,0.999761164188385,0.00024836702505126595
123.87350546484231,1.0002065896987915,0.0002486903977114707
123.87418658987008,1.0003156661987305,0.00024902913719415665
123.87486771502154,1.0002882480621338,0.00024939680588431656
123.8755488400493,1.000004768371582,0.00024978953297249973
123.87622996519349,1.0003443956375122,0.00025028057279996574
123.87691119022202,1.000065565109253,0.00025074704899452627
123.87759231524979,0.9999482035636902,0.00025125849060714245
123.87827344040124,1.000377893447876,0.00025185401318594813
123.87895466542977,0.9994622468948364,0.0002523510775063187
123.87963569045678,0.9998785853385925,0.00025298373657278717
123.88031681560096,1.000113844871521,0.0002536146785132587
123.88099794062873,1.0001389980316162,0.00025424364139325917
123.88167916578095,0.9997016787528992,0.0002548296470195055
123.88236029080872,0.9997465014457703,0.0002554547681938857
123.88304141583649,0.9999052286148071,0.0002560831781011075
123.88372264098143,0.9997794032096863,0.00025667602312751114
123.8844037660092,0.9997463822364807,0.0002572521334514022
123.88508479104348,0.9998221397399902,0.00025780778378248215
123.88576601618843,0.9998762011528015,0.0002583306049928069
123.8864471412162,0.9995410442352295,0.0002587783965282142
123.88712826636038,0.9999116659164429,0.0002592403325252235
123.88780949138891,0.9999390244483948,0.00025961658684536815
123.88849061641668,1.0001633167266846,0.00025994982570409775
123.88917174156813,0.999689519405365,0.0002601567539386451
123.88985296659666,1.000354528427124,0.0002603923203423619
123.89053399162367,1.0000855922698975,0.0002604674664326012
123.89121511676785,1.0000816583633423,0.0002604791661724448
123.89189634179638,1.0001288652420044,0.0002604197943583131
123.89257746683143,0.9998655915260315,0.0002602559980005026
123.89325859197561,1.0000056028366089,0.0002600515144877136
123.89393981700414,0.9995991587638855,0.0002597444399725646
123.89462094214832,1.0002634525299072,0.00025946536334231496
123.89530216717685,1.0001728534698486,0.000259067106526345
123.89598319221113,1.0000534057617188,0.0002586345362942666
123.89666431735532,1.0002071857452393,0.00025817943969741464
123.89734544238308,0.9997060894966125,0.0002576419501565397
123.89802666741161,0.9997890591621399,0.0002571246586740017
123.8987077925558,0.9997230768203735,0.0002565808536019176
123.89938901758433,0.999727189540863,0.00025602910318411887
123.90007014261937,0.9997429251670837,0.0002554751990828663
123.90075126776355,1.0000442266464233,0.0002549393684603274
123.90143229279056,1.0000616312026978,0.00025438849115744233
123.9021135179355,1.0004420280456543,0.00025388188078068197
123.90279464296327,0.9997601509094238,0.000253288570092991
123.90347576799832,1.0000807046890259,0.0002528065233491361
123.90415699314326,0.998862624168396,0.0002523002913221717
123.90483811817103,1.000368356704712,0.00025186300626955926
123.9055192431988,1.0000410079956055,0.000251390621997416
123.90620046834374,0.999674916267395,0.00025094495504163206
123.90688149337802,0.9999014735221863,0.00025058473693206906
123.90756261840579,0.9994474649429321,0.00025019116583280265
123.90824384355074,0.9999387860298157,0.0002499195106793195
123.9089249685785,1.0001904964447021,0.0002496597298886627
123.90960609360627,1.0004459619522095,0.0002494445943739265
123.91028721875773,0.9999858140945435,0.00024920108262449503
123.91096844378626,0.9996973872184753,0.0002490156330168247
123.91164956881403,1.0002481937408447,0.00024895096430554986
123.91233059395745,1.0003198385238647,0.00024888411280699074
123.91301181898598,0.9999664425849915,0.0002488194149918854
123.9143740691652,1.0003544092178345,0.0002489097532816231
123.91505529419373,1.0001146793365479,0.0002489664184395224
123.9157364192215,1.0000345706939697,0.0002490726765245199
123.91641754436569,0.9999256730079651,0.0002492166531737894
123.91709876939422,0.9999306201934814,0.0002493995998520404
123.9177797944285,1.0003172159194946,0.0002496436645742506
123.91846091957268,1.0000641345977783,0.00024986412608996034
123.91914204460045,1.0000622272491455,0.00025013007689267397
123.91982326962898,1.000087022781372,0.0002504214644432068
123.92050439477316,0.9997611045837402,0.00025070153060369194
123.92118561980897,0.9999098777770996,0.00025105001986958086
123.92186674483673,1.0000146627426147,0.00025140796788036823
123.92254786998092,1.0001622438430786,0.00025177470524795353
123.92322889500792,0.999937891960144,0.00025212348555214703
123.92391012003645,1.000070333480835,0.00025250460021197796
123.92459124518791,1.0002681016921997,0.0002528992772568017
123.92527247021644,0.9998499751091003,0.00025322780129499733
123.92595359524421,1.000041127204895,0.00025360495783388615
123.92663472038839,1.0002683401107788,0.0002539735578466207
123.92731594541692,0.9993890523910522,0.00025422507314942777
123.92799707044469,0.9998795390129089,0.00025457461015321314
123.92867809547897,1.0000766515731812,0.0002548680640757084
123.92935922062316,0.9998168349266052,0.00025508954422548413
123.93004044565168,1.0001702308654785,0.00025532697327435017
123.93072157067945,1.0001628398895264,0.00025549778365530074
123.9314027958244,0.9998607635498047,0.00025558570632711053
123.93208392085944,1.0001991987228394,0.0002556842810008675
123.93276504588721,0.9998135566711426,0.0002556679246481508
123.93344627103215,0.9999045133590698,0.0002556449908297509
123.93412729605916,0.9998575448989868,0.0002555616956669837
123.93480842108693,1.0000628232955933,0.00025547496625222266
123.93548964623187,0.9998325705528259,0.00025530802668072283
123.93617077126692,0.9997299909591675,0.000255122926319018
123.93685189629468,1.0001641511917114,0.00025495956651866436
123.93753302132245,1.0001851320266724,0.00025473491405136883
123.9382142464674,1.0000970363616943,0.00025449509848840535
123.93889537149516,1.0001765489578247,0.0002542428846936673
123.93957649653021,0.999889612197876,0.00025395932607352734
123.94025762167439,1.0000243186950684,0.0002537019900046289
123.94093874670216,0.9997439384460449,0.0002534053928684443
123.94161987172993,0.9999728202819824,0.00025315533275716007
123.94230109687487,0.9995020031929016,0.00025284531875513494
123.94298222190992,0.9996504187583923,0.0002525976742617786
123.94366334693768,0.9996264576911926,0.0002523341972846538
123.94434447196545,0.9999163746833801,0.00025211405591107905
123.9450256971104,0.9998857975006104,0.0002518648107070476
123.9457067221374,0.9998451471328735,0.00025163168902508914
123.94638784717245,0.9998413920402527,0.000251406425377354
123.94706907231739,0.9997807145118713,0.0002511917846277356
123.94775019734516,0.9998454451560974,0.00025099728372879326
123.94843132237293,1.000300645828247,0.0002508445759303868
123.94911254740146,0.9994825720787048,0.0002505829033907503
123.94979367254564,0.9998515248298645,0.0002504395670257509
123.95047489758144,0.9998716115951538,0.0002502633724361658
123.95115592260845,0.9998818635940552,0.00025010149693116546
123.95183704775263,0.9994267821311951,0.0002498990506865084
123.9525181727804,1.000190019607544,0.00024980914895422757
123.95319939780893,0.9995923042297363,0.00024960932205431163
123.95388052284397,1.0001376867294312,0.0002495116204954684
123.95456174798892,1.0001455545425415,0.0002493742504157126
123.95524287301669,0.9998551607131958,0.0002492154890205711
123.95592399804445,0.9998741745948792,0.0002490956103429198
123.95660502318788,1.0000007152557373,0.0002489890612196177
123.95728624822368,1.0000793933868408,0.0002488924947101623
123.95796737325145,1.000006914138794,0.0002488043683115393
123.95864859827998,1.0000309944152832,0.0002487317833583802
123.95932972342416,1.0000890493392944,0.00024868079344742
123.96001084845193,1.0001212358474731,0.00024864086299203336
123.96069207348046,0.9998485445976257,0.0002485995355527848
123.96137319863192,0.9997774958610535,0.0002485950826667249
123.96205422365892,0.9996030330657959,0.00024860617122612894
123.96273544868745,1.0000841617584229,0.00024869406479410827
123.96341657371522,1.0001835823059082,0.0002487707242835313
123.9640976988594,0.9999169707298279,0.00024884435697458684
123.96477882389445,0.999985933303833,0.00024897357798181474
123.96546004892298,0.9999309778213501,0.0002491038176231086
123.96614117395075,0.9999816417694092,0.00024927599588409066
123.96682229909493,0.9998292326927185,0.00024945675977505744
123.9675034241227,1.0000089406967163,0.0002496877277735621
123.96818454915774,0.9999580979347229,0.00024991543614305556
123.96886567418551,0.999920666217804,0.00025017475127242506
123.96954689933045,0.9999285936355591,0.0002504543517716229
123.97022802435822,1.0000056028366089,0.00025075109442695975
123.97090914938599,0.9999263286590576,0.00025106247630901635
123.97159027442103,0.9997295141220093,0.00025137673947028816
123.97227149956598,0.9998405575752258,0.0002517327375244349
123.97295252459298,0.9999710917472839,0.00025211452157236636
123.97363364962075,1.00016188621521,0.0002525064046494663
123.97431487464928,0.9999592304229736,0.0002528775075916201
123.97499599980074,0.9999251365661621,0.0002532782673370093
123.97567712482851,1.0002418756484985,0.00025371601805090904
123.97635834985704,0.9999263286590576,0.00025410574744455516
123.9770394748848,0.9996841549873352,0.0002545008319430053
123.97772060002899,0.9997589588165283,0.0002549327618908137
123.97840172505676,1.000075340270996,0.00025539397029206157
123.9790828500918,1.0001274347305298,0.0002558237174525857
123.97976397511957,0.9999420642852783,0.00025623265537433326
123.98044520026451,0.9999575018882751,0.00025665617431513965
123.98112632529228,1.0000519752502441,0.0002570828655734658
123.98180745032005,1.0005319118499756,0.000257536128628999
123.98248867534858,1.0001885890960693,0.000257903418969363
123.98316980050004,0.9998548626899719,0.000258253508945927
123.98385082552704,0.9997395277023315,0.00025860994355753064
123.98453205055557,0.9999830722808838,0.0002589779905974865
123.98521317558334,0.9994733333587646,0.00025925657246261835
123.9858943007348,0.9999688863754272,0.0002596034319140017
123.98657552576333,0.9999713897705078,0.00025987051776610315
123.9872566507911,0.9999286532402039,0.0002601022133603692
123.98793777581886,1.0001256465911865,0.0002603200264275074
123.98861900096381,0.9999217391014099,0.00026046123821288347
123.98930002599081,1.0004185438156128,0.00026062183314934373
123.98998115102586,1.0002548694610596,0.00026067934231832623
123.99066237605439,1.0002975463867188,0.00026069997693412006
123.99134350108216,0.9999063014984131,0.00026063190307468176
123.99202462622634,0.9998412132263184,0.00026053833425976336
123.99270585125487,0.9999613761901855,0.0002603992761578411
123.99338697628991,0.9997420907020569,0.0002601725282147527
123.99406810131768,1.0003834962844849,0.000259960739640519
123.99474922646186,1.0005275011062622,0.00025965075474232435
123.99543035148963,1.0012400150299072,0.00025933849974535406
123.9961114765174,0.9999066591262817,0.00025881704641506076
123.99679270154593,1.0004606246948242,0.00025841902242973447
123.99747382669739,1.0006165504455566,0.0002579586289357394
123.99815495172516,1.0000197887420654,0.0002574072277639061
123.99883607675292,0.9994838833808899,0.00025683720014058053
123.99951730178145,0.9996750950813293,0.0002563254674896598
124.00019832681573,1.0005567073822021,0.0002558576234150678
124.00087945195992,1.0000087022781372,0.00025526853278279305
124.00156067698845,0.9996482133865356,0.00025468747480772436
124.00224180201621,0.9998140931129456,0.0002541586000006646
124.00292292704398,1.000216007232666,0.000253652804531157
124.00360415207251,1.0005884170532227,0.0002531534992158413
124.00428527722397,0.9999887943267822,0.00025258594541810453
124.00496640225174,0.9995482563972473,0.0002520362613722682
124.0056475272795,1.000084400177002,0.00025159705546684563
124.00632865230727,0.9998050928115845,0.0002510864578653127
124.00700977733504,0.99971604347229,0.0002506189339328557
124.0076909024865,0.9999224543571472,0.0002501916605979204
124.00837212751503,0.9999753832817078,0.0002497694222256541
124.0090532525428,1.0001531839370728,0.00024937998387031257
124.00973447757133,0.9999786615371704,0.000248975760769099
124.0104156025991,0.9998500347137451,0.000248596363235265
124.01109672774328,0.9999958276748657,0.00024826161097735167
124.01177775277756,0.9995697140693665,0.00024790395400486887
124.01245897780609,1.0003347396850586,0.0002476752270013094
124.01314010283386,0.9998921155929565,0.0002473643980920315
124.01382132786239,1.0003072023391724,0.0002471623301971704
124.01450245300657,0.9999620318412781,0.0002469281607773155
124.01518357804161,1.0000489950180054,0.00024677978944964707
124.01586480307014,0.9998893737792969,0.00024664460215717554
124.01654592809791,0.9995171427726746,0.00024653601576574147
124.01722695312492,1.0002362728118896,0.0002465789148118347
124.0179080782691,0.9997296333312988,0.00024656293680891395
124.0185893033049,1.0000829696655273,0.00024667411344125867
124.01927042833267,0.99970543384552,0.0002467696613166481
124.0199516533612,1.0000691413879395,0.0002470002509653568
124.02063277838897,0.9993137121200562,0.0002471876214258373
124.02131390353316,0.9996963739395142,0.0002475266228429973
124.02199512856168,0.9997348785400391,0.0002479043323546648
124.02267615359597,0.9998822212219238,0.00024833797942847013
124.02335727862373,0.9994791746139526,0.00024876956013031304
124.02403850365226,0.9997196197509766,0.00024930917425081134
124.02471962879645,0.9999343156814575,0.00024989148369058967
124.02540075382421,1.0000510215759277,0.0002505005686543882
124.02608187885926,0.9999161958694458,0.0002511100610718131
124.02676310388779,0.9999984502792358,0.00025176219060085714
124.02744422891556,1.0000789165496826,0.00025242846459150314
124.02812535394332,0.9999126195907593,0.0002530784113332629
124.0288064790875,1.0002394914627075,0.00025376552366651595
124.02948760412255,1.0000815391540527,0.0002543957089073956
124.03016872915032,1.0000817775726318,0.00025501090567559004
124.03084995417885,0.9998952150344849,0.000255575985647738
124.03153107920662,0.999738872051239,0.00025610000011511147
124.03221220423438,0.9998127222061157,0.00025658769300207496
124.03289342937933,1.0001693964004517,0.0002570291981101036
124.03357445441361,0.9999122023582458,0.0002573505335021764
124.03425557944138,1.000495433807373,0.00025766954058781266
124.03493670446915,0.9999340772628784,0.00025779916904866695
124.03561792949768,1.0002187490463257,0.0002579237334430218
124.03629905464186,0.9999952912330627,0.0002579329302534461
124.0369801796769,0.9999752640724182,0.00025789448409341276
124.03766140470543,1.0001263618469238,0.0002578110434114933
124.0383425297332,1.0001064538955688,0.00025765184545889497
124.0390235547602,1.0000187158584595,0.00025744992308318615
124.03970477978874,1.0000402927398682,0.0002572154626250267
124.04038590482378,0.9996187090873718,0.00025690675829537213
124.04106702996796,1.0001276731491089,0.00025665160501375794
124.04174825499649,1.0005016326904297,0.000256367027759552
124.04242938002426,1.0007613897323608,0.00025605710106901824
124.04311060505279,0.9999796748161316,0.00025564065435901284
124.04379173008783,0.9999953508377075,0.0002552964724600315
124.04447275511484,0.9993983507156372,0.0002548901247791946
124.04515388025902,1.0001887083053589,0.00025460837059654295
124.04583510528755,0.9998363256454468,0.00025423121405765414
124.04651623031532,0.9998970627784729,0.00025388371432200074
124.04719745534385,0.9998748898506165,0.00025354360695928335
124.04787858037889,0.9998801350593567,0.00025319861015304923
124.04855970540666,0.9996849298477173,0.000252848636591807
124.0492409305516,0.9995959997177124,0.00025250628823414445
124.04992195557861,1.0001440048217773,0.000252219702815637
124.05060308060638,0.9998112320899963,0.0002518552646506578
124.05128420564142,1.0001258850097656,0.0002515472879167646
124.05196543066995,1.0007996559143066,0.0002512598584871739
124.05264655569772,0.9993001818656921,0.0002507762983441353
124.05332768072549,0.9997920989990234,0.00025044940412044525
124.05400890587043,0.9994365572929382,0.000250052020419389
124.05469003090548,0.9997289776802063,0.00024969258811324835
124.05537105593248,1.0005278587341309,0.0002493707579560578
124.05605228096101,1.0000323057174683,0.00024893111549317837
124.05673340598878,1.0000563859939575,0.000248540862230584
124.05741453101655,1.0003794431686401,0.0002481830888427794
124.05809575604508,1.000173807144165,0.0002477914094924927
124.05877688119654,1.0002919435501099,0.0002474451612215489
124.0594580062243,1.0000413656234741,0.00024709198623895645
124.06013923125283,0.9996961355209351,0.0002467615413479507
124.06082025627984,0.9996987581253052,0.0002464985882397741
124.06150138131488,0.9999815225601196,0.00024629596737213433
124.06218250634265,0.9999450445175171,0.0002461120020598173
124.06286373137118,1.0001453161239624,0.00024598915479145944
124.06354485639895,0.9999985694885254,0.0002458906383253634
124.06422598142672,1.0004562139511108,0.0002458981180097908
124.06490720657166,0.9998013377189636,0.00024584910715930164
124.0655883316067,1.000459909439087,0.0002459752431605011
124.06626935663371,1.0000128746032715,0.00024603851488791406
124.06695058166224,1.0001211166381836,0.00024621078046038747
124.06763170669001,1.0001401901245117,0.0002464139543008059
124.06831283171778,0.9999622106552124,0.00024663456133566797
124.06899405675358,0.9998632073402405,0.0002469001046847552
124.06967518189776,1.0001873970031738,0.0002472414344083518
124.07035630692553,0.9999732375144958,0.00024754853802733123
124.07103753195406,0.9999244213104248,0.0002479026443324983
124.07171855698107,1.0001301765441895,0.00024828710593283176
124.07239968201611,0.9999701380729675,0.000248648168053478
124.07308080704388,1.0001164674758911,0.0002490438928361982
124.07376203207241,0.999626636505127,0.0002493853389751166
124.07444315710018,1.0000035762786865,0.00024980894522741437
124.0751243821287,0.9997711777687073,0.00025016983272507787
124.07580550727289,0.9995750188827515,0.00025053491117432714
124.07648663230793,0.9997286796569824,0.0002509305195417255
124.07716765733494,0.9995657801628113,0.0002513100334908813
124.07784888236347,0.9998595714569092,0.0002517287211958319
124.07853000739124,0.9998863935470581,0.000252135272603482
124.07921123241977,1.0002537965774536,0.0002525932213757187
124.07989235745481,1.0003385543823242,0.0002530453202780336
124.08057348248258,0.9998071789741516,0.0002534644736442715
124.0812547075111,0.9996011853218079,0.00025392926181666553
124.08193583265529,1.0001126527786255,0.00025449570966884494
124.08261695768306,1.000105381011963,0.0002550385834183544
124.0832980827181,1.000109314918518,0.00025561024085618556
124.08397920774587,1.0001415014266968,0.0002562093723099679
124.08466033277364,0.9998125433921814,0.00025679852114990354
124.08534155780217,0.9999217391014099,0.00025744864251464605
124.08602268282993,1.0000814199447632,0.0002581205917522311
124.0867038078577,1.0000418424606323,0.00025878965971060097
124.08738503289351,0.9995439648628235,0.00025941268540918827
124.08806615803769,1.0001670122146606,0.00026013707974925637
124.0887471830647,1.0000009536743164,0.0002607778296805918
124.08942830809247,1.0000649690628052,0.00026141450507566333
124.090109533121,0.9994472861289978,0.000261961278738454
124.09079065815604,1.0000977516174316,0.000262579444097355
124.0914717831838,1.000222086906433,0.0002631006937008351
124.09215300821234,1.0000145435333252,0.00026352665736339986
124.0928341332401,0.9999028444290161,0.0002638816076796502
124.09351525826787,1.000448226928711,0.0002642190083861351
124.09419638330291,1.0002565383911133,0.0002643891202751547
124.09487750833068,0.9995265603065491,0.0002644085616338998
124.09555863335845,0.9996919631958008,0.0002643934276420623
124.0962398585034,0.9999420642852783,0.00026426929980516434
124.09692098353116,0.9997270703315735,0.00026399618946015835
124.0976021085662,0.9995772838592529,0.0002636337885633111
124.09828333359474,1.0004870891571045,0.00026328375679440796
124.0989644586225,0.9993631839752197,0.0002626869245432317
124.09964548364951,0.9997870922088623,0.0002621622697915882
124.10032660867728,0.9996654987335205,0.0002615488483570516
124.10100783370581,1.0002760887145996,0.00026096709189005196
124.10168895874085,1.000002145767212,0.0002602770982775837
124.10237018376938,0.999853253364563,0.0002595883561298251
124.10305130879715,0.999744713306427,0.0002588958013802767
124.10373243382492,1.0002784729003906,0.00025827300851233304
124.10441365896986,1.000378966331482,0.0002576254482846707
124.10509468400414,1.0001729726791382,0.0002569822536315769
124.10577580903191,0.9998607039451599,0.0002563380403444171
124.10645693405968,0.9999148845672607,0.00025577147607691586
124.10713815908821,0.9997771978378296,0.00025522286887280643
124.10781928411598,0.9995365738868713,0.00025470886612311006
124.1085005091445,1.0003125667572021,0.0002543245500419289
124.10918163417955,1.0002374649047852,0.000253908772720024
124.10986275920732,1.000245451927185,0.00025353929959237576
124.11054378423432,1.000274419784546,0.00025321595603600144
124.11122500926285,0.9999450445175171,0.00025289671611972153
124.11190613429062,1.000162124633789,0.00025266018928959966
124.11258735932643,1.000213623046875,0.0002524388546589762
124.1132684843542,1.0002268552780151,0.00025223701959475875
124.11394960938196,1.0001078844070435,0.0002520561101846397
124.11463073452614,1.0005139112472534,0.0002519325353205204
124.11531195955467,0.999789297580719,0.0002517156826797873
124.11599298458896,1.0002316236495972,0.00025162860401906073
124.11667410961672,0.9999325275421143,0.00025147004635073245
124.11735533464525,1.000096321105957,0.00025135729811154306
124.11803645967302,0.999864399433136,0.0002512225473765284
124.11871758470079,0.9999865889549255,0.0002511205093469471
124.11939880972932,0.9999685287475586,0.00025101428036578
124.12007993476436,0.9998382329940796,0.0002509027544874698
124.12076105979213,1.0000635385513306,0.0002508389879949391
124.1214421848199,1.000550627708435,0.00025080068735405803
124.12212330984767,0.9998940229415894,0.0002506867458578199
124.12280443488271,0.9999426007270813,0.0002506452437955886
124.12348555991048,1.0001827478408813,0.00025064777582883835
124.124166784939,0.9996249079704285,0.0002506031305529177
124.12484790996677,1.0001857280731201,0.00025068328250199556
124.12552903499454,0.9997813701629639,0.00025069800904020667
124.12621026002307,0.9995231628417969,0.0002507524914108217
124.12689128505735,0.9998537302017212,0.0002508918405510485
124.12757241008512,0.9998896718025208,0.0002510328486096114
124.12825363511365,1.0001510381698608,0.00025121308863162994
124.12893476025783,1.000457525253296,0.00025142732192762196
124.1296158852856,0.9995796084403992,0.0002515479864086956
124.13029711032141,0.9999264478683472,0.0002518007531762123
124.13097823534918,1.0001534223556519,0.00025205090059898794
124.13165936037694,1.0000277757644653,0.00025228181038983166
124.13234048540471,1.0003013610839844,0.0002525431918911636
124.13302161043248,0.9997228384017944,0.0002527340839151293
124.13370273546752,0.9998018145561218,0.0002529685734771192
124.13438396049605,1.0000665187835693,0.000253212230745703
124.13506508552382,0.9999752640724182,0.0002534014929551631
124.13574621055159,0.9998732209205627,0.0002535662497393787
124.13642743558012,0.9999315142631531,0.00025370827643200755
124.13710856060789,1.000208854675293,0.0002538452681619674
124.13778958564217,0.9999827146530151,0.000253900361713022
124.1384708106707,1.0004533529281616,0.0002539896813686937
124.13915193569846,0.9997808337211609,0.0002539452398195863
124.13983306072623,0.9998456239700317,0.0002539397100917995
124.14051428575476,1.0001060962677002,0.00025393071700818837
124.1411954107898,0.9998337626457214,0.00025386002380400896
124.14187653581757,0.9995797872543335,0.00025376855046488345
124.1425577608461,1.0001710653305054,0.00025374387041665614
124.14323878587311,1.000218152999878,0.0002536623796913773
124.14391991090088,0.9999629259109497,0.0002535441017244011
124.14460113593668,1.0004096031188965,0.00025348213966935873
124.14528226096445,1.000293493270874,0.0002533725928515196
124.14596338599222,0.9994577765464783,0.0002531956124585122
124.14664461102075,0.9996058344841003,0.0002531147329136729
124.14732573604851,0.9998406767845154,0.00025304194423370063
124.14800686107628,1.000325083732605,0.0002529953490011394
124.14868798611133,1.0001345872879028,0.00025290000485256314
124.1493691111391,1.0002764463424683,0.00025284450384788215
124.15005023616686,0.9998233914375305,0.00025274138897657394
124.15073136119463,0.9999889731407166,0.00025270256446674466
124.15141258622316,0.9996901154518127,0.000252624653512612
124.1520937112582,1.0002985000610352,0.00025265157455578446
124.15277483628597,0.9998994469642639,0.00025257872766815126
124.1534560613145,1.000160813331604,0.00025257683591917157
124.1541370863415,0.999862015247345,0.0002525358577258885
124.15481821136927,0.9999105334281921,0.00025253466446883976
124.15549943640508,0.9999414682388306,0.00025253798230551183
124.15618056143285,1.0002282857894897,0.00025258719688281417
124.15686168646062,0.9998226761817932,0.0002525734598748386
124.15754291148914,1.000308632850647,0.0002526680182199925
124.15822403651691,0.9996679425239563,0.0002526699681766331
124.15890516154468,0.9999110102653503,0.00025277474196627736
124.15958638658049,1.0003668069839478,0.000252922618528828
124.16026741160749,0.9997280836105347,0.000252993282629177
124.16094853663526,1.0002562999725342,0.00025319657288491726
124.16162966166303,0.9999887347221375,0.0002533618244342506
124.16231088669156,0.9998564124107361,0.00025355839170515537
124.1629920117266,0.9997581243515015,0.00025379646103829145
124.16367323675513,1.0002907514572144,0.00025411538081243634
124.1643543617829,0.9997148513793945,0.0002543659938964993
124.16503548681067,0.9997308850288391,0.00025469798129051924
124.16571651183767,1.0003411769866943,0.000255105784162879
124.16639773687348,1.000296950340271,0.00025547665427438915
124.16707886190125,0.9998436570167542,0.0002558251435402781
124.16776008692977,0.9999091625213623,0.00025623402325436473
124.16844121195754,0.9999242424964905,0.0002566417388152331
124.16912233698531,1.0004849433898926,0.0002571011136751622
124.16980356201384,0.9999496936798096,0.0002574522513896227
124.17048468704888,0.9997495412826538,0.00025782131706364453
124.17116571207589,0.999701738357544,0.00025818077847361565
124.17184693710442,1.0000278949737549,0.0002585477486718446
124.17252806213219,0.9997696876525879,0.0002588190254755318
124.17320918715996,0.9998180270195007,0.0002590708900243044
124.17389041219576,1.000388264656067,0.00025932403514161706
124.17457153722353,1.000284194946289,0.0002594466204755008
124.1752526622513,0.9999353885650635,0.0002594813995528966
124.17593388727983,1.00007963180542,0.00025948279653675854
124.17661491230683,1.0000344514846802,0.0002593941171653569
124.17729603734188,1.0000848770141602,0.00025921687483787537
124.17797716236964,0.9997546076774597,0.00025893066776916385
124.17865838739817,0.9997354745864868,0.0002585962356533855
124.17933951242594,1.0002362728118896,0.00025823700707405806
124.18002063745371,1.0001565217971802,0.00025777198607102036
124.18070186248224,0.9999348521232605,0.0002572574885562062
124.18138298751728,0.9999060034751892,0.0002567120245657861
124.18206401254429,0.9999861121177673,0.00025615861522965133
124.18274523757282,1.0002734661102295,0.00025560069479979575
124.18342636260058,0.9999103546142578,0.00025499198818579316
124.18410748763563,0.9998415112495422,0.000254412938375026
124.18478871266416,0.9995239973068237,0.00025381948216818273
124.18546983769193,0.9998902082443237,0.0002533207298256457
124.1861509627197,0.9999533295631409,0.0002528145269025117
124.18683218763181,1.0002838373184204,0.00025237977388314903
124.18751321265881,0.9998406767845154,0.0002519128320273012
124.18819433769386,1.0001519918441772,0.0002515688247513026
124.18887546272163,1.0001031160354614,0.00025123852537944913
124.18955668775016,0.9999213814735413,0.00025095336604863405
124.19023781277792,0.9995235800743103,0.00025070400442928076
124.19091893780569,0.9999273419380188,0.00025058226310648024
124.1916001628415,1.0001230239868164,0.00025049896794371307
124.19228128786926,0.9998366832733154,0.00025042571360245347
124.19296231289627,0.9995064735412598,0.0002503959694877267
124.1936435379248,1.0000842809677124,0.00025049803662113845
124.19432466295257,1.0000923871994019,0.0002505934680812061
124.19500578798761,0.9998845458030701,0.00025069902767427266
124.19568701301614,1.0001919269561768,0.0002508909092284739
124.19636813804391,1.000051498413086,0.00025107088731601834
124.19704936307244,1.0003072023391724,0.00025130677386187017
124.1977304881002,1.0002602338790894,0.0002515287487767637
124.19841151313449,0.999818742275238,0.00025172019377350807
124.19909263816226,1.0001065731048584,0.00025199237279593945
124.19977386319079,1.0002883672714233,0.00025225584977306426
124.20045498821855,0.9999412894248962,0.0002524724986869842
124.20113621313067,1.000101923942566,0.0002527365577407181
124.20181733815843,1.0000227689743042,0.0002529782650526613
124.20249846319348,1.0004264116287231,0.0002532600483391434
124.20317968822201,1.0004138946533203,0.0002535043749958277
124.20386071324901,0.9997524619102478,0.00025370155344717205
124.20454183827678,1.0001875162124634,0.00025399195146746933
124.20522306330531,0.9996813535690308,0.00025419873418286443
124.20590418833308,0.999692976474762,0.00025445190840400755
124.20658531336812,0.9999868869781494,0.00025474175345152617
124.20726643839589,1.000148057937622,0.00025502321659587324
124.20794766342442,0.9995113611221313,0.000255243998253718
124.20862878845219,0.9996916055679321,0.00025553887826390564
124.20930981348647,1.0000534057617188,0.0002558573323767632
124.209991038515,0.9995728135108948,0.00025611239834688604
124.21067216354277,0.999237596988678,0.00025638495571911335
124.21135328845412,0.9997768402099609,0.00025674354401417077
124.21203451348265,0.9999059438705444,0.0002570732031017542
124.21271563851042,1.0000382661819458,0.00025740929413586855
124.21339676354546,1.0000115633010864,0.00025774288224056363
124.21407788857323,0.9998727440834045,0.0002580760628916323
124.214759013601,1.000308871269226,0.0002584542380645871
124.21544013862876,0.9999985098838806,0.0002587777853477746
124.21612126365653,1.0002045631408691,0.0002591473748907447
124.21680248869234,0.9997772574424744,0.0002594628604128957
124.2174836137201,1.000161051750183,0.00025985066895373166
124.21816473874787,1.0001548528671265,0.0002602101885713637
124.2188459637764,0.9992589950561523,0.00026048984727822244
124.21952708880417,1.000112533569336,0.00026091630570590496
124.22020811372204,1.0002201795578003,0.00026128868921659887
124.22088933875057,1.0006530284881592,0.0002616917481645942
124.22157046377833,0.9998418092727661,0.0002619851438794285
124.2222515888061,1.0001397132873535,0.00026237856945954263
124.22293281383463,1.0003701448440552,0.0002627716166898608
124.2236139388624,1.0001920461654663,0.00026312973932363093
124.22429506389744,0.9998319149017334,0.00026347715174779296
124.22497628892597,1.0004911422729492,0.0002639164449647069
124.22565731395298,1.000266432762146,0.00026427453849464655
124.22633843898075,0.9995867609977722,0.0002646010834723711
124.22701966400928,1.000190019607544,0.00026503330445848405
124.2277007889279,0.9999446868896484,0.00026538752717897296
124.22838191395567,1.0001059770584106,0.0002657681470736861
124.2290631389842,0.9999749064445496,0.00026611489010974765
124.22974426401197,1.0003173351287842,0.00026648916536942124
124.2304254890405,0.9998767971992493,0.0002667769731488079
124.23110641407402,0.9999095797538757,0.00026708931545726955
124.23178763910255,0.9994955658912659,0.0002673423441592604
124.23246876413032,0.9999145269393921,0.0002676365547813475
124.23314998915885,0.9997867941856384,0.000267847441136837
124.2338311140702,0.9999883770942688,0.000268048926955089
124.23451223909797,1.000168800354004,0.0002682118210941553
124.23519346413377,1.0004769563674927,0.0002683484635781497
124.23587458916154,0.9998955130577087,0.0002683546335902065
124.23655571418931,1.0000405311584473,0.00026837302721105516
124.23723683921708,1.0000739097595215,0.00026832634466700256
124.23791796424484,0.9999150037765503,0.00026820661150850356
124.23859908927989,0.999996542930603,0.0002680491015780717
124.23928031430842,1.0005050897598267,0.0002678687160369009
124.23996143921977,0.9996364116668701,0.00026752345729619265
124.24064256424754,1.000532865524292,0.00026727860677056015
124.2413236892753,0.9994380474090576,0.0002668251981958747
124.24200491430383,0.9996439814567566,0.00026644725585356355
124.24268593933812,0.9997743368148804,0.0002660342724993825
124.24336706436588,0.999824583530426,0.0002656018768902868
124.24404828939441,0.9998372793197632,0.0002651470131240785
124.24472941442218,0.9997075200080872,0.00026467200950719416
124.24541053945723,0.9998624920845032,0.0002642195322550833
124.24609176436934,0.9997497797012329,0.0002637547440826893
124.2467728893971,1.000076413154602,0.0002633268013596535
124.24745401442487,0.9999194145202637,0.0002628792717587203
124.24813513945264,1.0001195669174194,0.0002624822373036295
124.24881626448041,0.9997532367706299,0.0002620648010633886
124.24949738951545,1.0001389980316162,0.0002617291174829006
124.25017851454322,1.0001319646835327,0.0002613985852804035
124.25085973957175,0.9996255040168762,0.0002610509400255978
124.2515408644831,1.0001506805419922,0.00026083082775585353
124.25222208951163,0.9997473955154419,0.000260566477663815
124.25290321454668,1.0004992485046387,0.000260435655945912
124.25358423957368,0.9999051690101624,0.0002602183085400611
124.25426536460145,1.0001286268234253,0.00026011402951553464
124.25494658962998,0.999899685382843,0.00025999959325417876
124.25562771465775,1.0006146430969238,0.00025999537319876254
124.25630893968628,1.000213861465454,0.0002599302097223699
124.2569900646049,1.000274658203125,0.0002599220024421811
124.25767118963267,1.0002692937850952,0.00025994196766987443
124.2583524146612,0.999994695186615,0.0002599490399006754
124.25903343968821,0.9996558427810669,0.00025997127522714436
124.25971456472325,0.9998318552970886,0.0002600484003778547
124.26039578975178,1.0001418590545654,0.00026014295872300863
124.26107691477955,0.9992170333862305,0.0002601402229629457
124.2617580396909,0.9999904632568359,0.00026028716820292175
124.26243926471943,1.0000476837158203,0.00026037354837171733
124.2631203897472,0.9998423457145691,0.00026043347315862775
124.26380151478224,0.9999598264694214,0.00026051842723973095
124.26448263981001,1.0003135204315186,0.00026060984237119555
124.26516376483778,1.0000020265579224,0.0002606493071652949
124.26584488986555,0.999884307384491,0.00026069098385050893
124.26652611477766,1.0001356601715088,0.00026076025096699595
124.2672072398127,1.000191330909729,0.0002608012000564486
124.26788836484047,1.0000773668289185,0.0002608225040603429
124.26856948986824,0.9996165037155151,0.000260804605204612
124.26925071489677,0.9999597668647766,0.0002608513168524951
124.26993173992378,0.999932587146759,0.0002608524519018829
124.2706128648424,1.0001602172851562,0.00026087823789566755
124.27129408987093,1.0000807046890259,0.0002608625509310514
124.2719752148987,1.0000889301300049,0.00026085221907123923
124.27265633992647,0.9999995231628418,0.00026083251577802
124.273337564955,1.0001962184906006,0.00026082692784257233
124.27401868998277,1.0002466440200806,0.00026081386022269726
124.2746998149014,1.0000971555709839,0.00026078292285092175
124.27538093992916,1.0000494718551636,0.00026075239293277264
124.27606206495693,1.0002648830413818,0.0002607573987916112
124.2767431899847,0.9996312260627747,0.0002606876951176673
124.27742431501247,1.000177025794983,0.0002607245114631951
124.27810554004827,1.0001245737075806,0.00026071612956002355
124.27878666507604,1.000046730041504,0.0002607115020509809
124.2794677899874,1.0003035068511963,0.0002607443311717361
124.28014901501592,0.9996467232704163,0.0002607153437566012
124.28083004004293,1.0000059604644775,0.0002607816131785512
124.28151116507797,1.0001354217529297,0.0002608485519886017
124.2821923901065,1.000572681427002,0.00026095384964719415
124.28287351501785,0.9999130964279175,0.0002609860384836793
124.28355464004562,0.9998343586921692,0.00026108702877536416
124.28423586507415,0.9998390078544617,0.00026120850816369057
124.28491699010192,0.9993740916252136,0.00026130775222554803
124.28559821513772,0.9998473525047302,0.00026151814381591976
124.28627924016473,1.0001220703125,0.00026171127683483064
124.28696036507608,0.9995839595794678,0.0002618506841827184
124.28764149010385,0.9997562170028687,0.00026206960319541395
124.28832271513238,0.9998562932014465,0.0002622852916829288
124.28900384016742,0.9994177222251892,0.0002624658227432519
124.28968496519519,0.9997708797454834,0.0002627175417728722
124.29036619022372,1.0001412630081177,0.0002629706868901849
124.29104731513507,1.0002161264419556,0.00026319039170630276
124.29172834016208,0.999938428401947,0.0002633713011164218
124.29240956519789,0.999793291091919,0.00026355404406785965
124.29309069022565,0.9997319579124451,0.0002637213037814945
124.29377181525342,0.9996654987335205,0.0002638742153067142
124.29445304016554,1.0001498460769653,0.0002640484890434891
124.2951341651933,1.000360131263733,0.000264172675088048
124.29581529022107,1.0000715255737305,0.0002642197359818965
124.29649651525688,0.9996479153633118,0.00026422133669257164
124.29717754028388,1.0001318454742432,0.0002642634208314121
124.29785866519524,1.0001262426376343,0.0002642208419274539
124.29853989022376,1.0001262426376343,0.00026414633612148464
124.29922101525153,1.0004041194915771,0.00026404918753542006
124.29990214028658,0.9998707175254822,0.00026384557713754475
124.3005833653151,1.0000667572021484,0.00026366556994616985
124.30126449022646,0.9994828104972839,0.00026338850148022175
124.30194561525423,0.9997722506523132,0.0002631651586852968
124.302626740282,0.9999895691871643,0.00026292336406186223
124.30330786531704,0.9998340606689453,0.00026263738982379436
124.3039889903448,0.9999592900276184,0.000262400513747707
124.30467011525616,0.9998310208320618,0.00026209099451079965
124.30535134028469,0.9999305009841919,0.00026184527087025344
124.30603246531246,1.000082015991211,0.0002616141573525965
124.3067135903475,0.9996629953384399,0.00026135280495509505
124.30739481537603,0.9996229410171509,0.00026115868240594864
124.30807594028738,0.9997549057006836,0.0002609986113384366
124.30875696531439,0.9998424649238586,0.0002608638606034219
124.30943819034292,0.9998851418495178,0.0002607589412946254
124.31011931537068,0.9995142221450806,0.000260647531831637
124.31080044040573,1.000354528427124,0.000260669068666175
124.31148166531784,1.0002442598342896,0.0002606430498417467
124.31216279034561,1.0003987550735474,0.0002606585621833801
124.31284391537338,1.000153660774231,0.00026065862039104104
124.31352514040191,0.9996638298034668,0.00026065472047775984
124.31420616543619,1.000304102897644,0.00026076092035509646
124.31488729034754,1.000583291053772,0.00026083504781126976
124.31556851537607,1.0002497434616089,0.0002608612703625113
124.31624964040384,0.9999713897705078,0.0002608790236990899
124.31693076543161,1.0003665685653687,0.0002609366783872247
124.31761199034372,0.9997578263282776,0.0002608874347060919
124.31829311537876,0.9996755123138428,0.0002608455833978951
124.3189743404073,0.9998905658721924,0.00026080288807861507
124.31965526543354,1.0000423192977905,0.0002607032365631312
124.32033649034565,0.9998596906661987,0.0002605331246741116
124.3210176153807,1.000012993812561,0.00026033938047476113
124.32169884040923,0.9999611377716064,0.0002600795996841043
124.322379965437,1.0003960132598877,0.00025982223451137543
124.32306109046476,1.0003100633621216,0.0002594818652141839
124.32374231537688,1.0001791715621948,0.00025910630938597023
124.32442344040464,1.0001726150512695,0.0002587200724519789
124.32510446543893,1.0004584789276123,0.00025834771804511547
124.32578569046746,1.0001298189163208,0.0002579003921709955
124.32646681537881,1.0003763437271118,0.00025750865461304784
124.32714794040658,1.0002185106277466,0.0002570795186329633
124.3278291654351,1.000514030456543,0.0002566944167483598
124.32851029046287,1.0000858306884766,0.00025626394199207425
124.3291914153815,0.9999789595603943,0.0002558761334512383
124.32987264041003,1.001250147819519,0.0002557840198278427
124.33055366543704,0.9997856616973877,0.00025516783352941275
124.3312347904648,1.000234603881836,0.0002548987395130098
124.33191591549985,1.0000554323196411,0.00025460185133852065
124.33259714041196,1.0001002550125122,0.0002543584269005805
124.33327826543973,0.9998140335083008,0.00025410784292034805
124.3339593904675,1.000244379043579,0.0002539498673286289
124.33464061549603,1.0002669095993042,0.0002537802793085575
124.33532174040738,1.0002405643463135,0.0002536290558055043
124.33600276544166,1.000025987625122,0.000253484642598778
124.33668399047019,1.0000454187393188,0.00025337026454508305
124.33736511549796,0.9998219013214111,0.00025324555463157594
124.33804624040931,1.000233769416809,0.0002531884820200503
124.33872736543708,1.0001109838485718,0.0002530881611164659
124.33940859047289,0.9997355341911316,0.00025296176318079233
124.34008971550065,0.9999305009841919,0.0002528826880734414
124.34077094041277,0.9997909069061279,0.00025277037639170885
124.34145196543977,1.00001859664917,0.00025267008459195495
124.34213309046754,1.00006103515625,0.00025255020591430366
124.34281421550259,1.0001438856124878,0.00025243000709451735
124.3434954404147,1.0000094175338745,0.00025227555306628346
124.34417656544247,1.0000108480453491,0.00025213119806721807
124.344857790471,1.0001447200775146,0.0002519897243473679
124.34553891549876,0.9998207092285156,0.0002518131223041564
124.34622004041012,1.0003641843795776,0.0002517166722100228
124.3469010654444,0.9999520778656006,0.0002515385567676276
124.34758229047293,1.0001802444458008,0.000251426303293556
124.3482634155007,0.999498188495636,0.0002512520004529506
124.34894464041281,1.0001376867294312,0.00025121818180195987
124.34962576544058,1.000201940536499,0.0002511435013730079
124.35030689047562,1.0004252195358276,0.00025110968272201717
124.35098811538774,1.0001766681671143,0.00025106145767495036
124.3516692404155,0.99998539686203,0.0002510468184482306
124.35235026544251,1.0005512237548828,0.0002511238562874496
124.35303139047028,0.9999898672103882,0.00025114117306657135
124.35371261538967,1.000079870223999,0.000251241319347173
124.35439374041744,0.9998339414596558,0.00025134719908237457
124.35507496544597,1.000197172164917,0.0002515470841899514
124.35575609047373,1.0011080503463745,0.00025185130652971566
124.35643721538509,0.999862551689148,0.0002519266272429377
124.35711844041361,1.0003442764282227,0.0002522219147067517
124.3577994654479,0.9998711943626404,0.00025245879078283906
124.35848059035925,0.9998794198036194,0.000252758152782917
124.35916171538702,1.0006108283996582,0.000253139587584883
124.35984294041555,0.9998979568481445,0.0002534110099077225
124.36052406544331,0.9998664259910583,0.00025374977849423885
124.36120519036194,0.9993669986724854,0.00025405336054973304
124.36188641539047,1.000264048576355,0.0002544981543906033
124.36256754041824,1.000217318534851,0.0002548251359257847
124.36324856532883,0.9997620582580566,0.00025513130822218955
124.36392979035736,0.9999922513961792,0.0002554985985625535
124.3646109153924,0.9999850392341614,0.0002558338164817542
124.36529204042017,0.9996032118797302,0.0002561250585131347
124.36597326533229,1.000051736831665,0.00025648283190093935
124.36665439036005,0.9993035793304443,0.0002567167393863201
124.36733551538782,1.0000218152999878,0.0002570702345110476
124.36801664030645,0.9997921586036682,0.0002573219535406679
124.36869776533422,1.0001267194747925,0.0002576026599854231
124.36937889036199,0.9998583197593689,0.0002578137500677258
124.37006001538975,1.0000414848327637,0.00025804335018619895
124.37074124030187,1.000087857246399,0.00025823721080087125
124.37142236532964,1.000011682510376,0.00025839978479780257
124.37210349036468,0.9999001026153564,0.0002585283946245909
124.3727847152768,0.9999247193336487,0.0002586392220109701
124.37346584030456,0.9998040795326233,0.0002587143098935485
124.37414686533157,0.9997937679290771,0.0002587665803730488
124.3748279902502,0.9999698400497437,0.0002588022325653583
124.37550921527873,0.9999491572380066,0.0002587932685855776
124.3761903403065,0.999981164932251,0.0002587474591564387
124.37687156533502,1.000059723854065,0.0002586833434179425
124.37755269024638,0.9998149871826172,0.00025855464627966285
124.37823381527414,1.0001492500305176,0.00025843901676125824
124.37891504030267,0.9999836683273315,0.00025825301418080926
124.37959606522054,1.0000009536743164,0.00025804308825172484
124.38027719024831,1.0003517866134644,0.00025783153250813484
124.38095841527684,1.0003222227096558,0.0002575575781520456
124.38163954018819,0.9997246861457825,0.0002572055091150105
124.38232066521596,0.9999039173126221,0.00025689732865430415
124.38300189025176,1.0000108480453491,0.0002565606264397502
124.38368301516311,1.000443935394287,0.00025624025147408247
124.38436424019164,0.9996381998062134,0.00025579871726222336
124.38504536521941,1.0002367496490479,0.00025548625853843987
124.38572639024642,0.9998860955238342,0.00025508709950372577
124.38640751516505,0.9997614026069641,0.00025471721892245114
124.38708874019358,0.9994642734527588,0.00025434093549847603
124.38776986522134,0.9994083642959595,0.0002540030691307038
124.3884509901327,0.9999952912330627,0.00025374494725838304
124.38913221516123,1.0002915859222412,0.00025348152848891914
124.389813340189,1.0002069473266602,0.000253213889664039
124.39049446510762,1.0000804662704468,0.0002529677876736969
124.39117559013539,0.9995648264884949,0.00025271569029428065
124.39185671516316,0.9997444748878479,0.0002525563759263605
124.39253784007451,0.9997400641441345,0.0002524118172004819
124.39321906510304,0.9997681975364685,0.00025229749735444784
124.39390019013808,1.0000864267349243,0.000252241879934445
124.39458131504944,0.9999868273735046,0.0002521728747524321
124.3952624400772,0.9999749064445496,0.00025213704793713987
124.39594366510573,1.0003125667572021,0.0002521633286960423
124.39662469001632,0.9997884035110474,0.0002521300339139998
124.39730581505137,0.9998081922531128,0.0002521660935599357
124.3979870400799,0.9994395971298218,0.00025218434166163206
124.39866816499125,0.9993171691894531,0.00025224313139915466
124.39934929001902,1.0003255605697632,0.0002524138253647834
124.40003051504755,1.0002093315124512,0.00025250311591662467
124.40071163996618,0.9996144771575928,0.00025254630600102246
124.40139276499394,0.9999098777770996,0.00025268158060498536
124.40207389002171,0.9998081922531128,0.00025279229157604277
124.40275501493306,1.0003889799118042,0.00025296193780377507
124.40343613996083,1.0005109310150146,0.0002531023055780679
124.40411736498936,0.9996357560157776,0.0002531629288569093
124.40479848990799,1.0002769231796265,0.00025336199905723333
124.40547961493576,0.9996930360794067,0.0002534603117965162
124.40616083996429,1.0002716779708862,0.0002536735264584422
124.40684196487564,1.0000452995300293,0.0002538173575885594
124.40752298990992,1.0001592636108398,0.00025400755112059414
124.40820411493769,0.9998664855957031,0.00025418304721824825
124.4088853398498,0.9997881054878235,0.00025437906151637435
124.40956646487757,0.9998424649238586,0.0002546153264120221
124.4102476899061,1.0003113746643066,0.0002548981865402311
124.41092881481745,0.9996540546417236,0.00025509463739581406
124.4116099398525,1.0000019073486328,0.00025539766647852957
124.41229116488103,1.000000238418579,0.00025569129502400756
124.41297218979162,1.0003032684326172,0.00025603172252886
124.41365331481938,1.0002845525741577,0.0002563524176366627
124.4143345397315,0.9997384548187256,0.00025664042914286256
124.41501566476654,0.9999077916145325,0.00025700742844492197
124.41569678979431,1.0003527402877808,0.0002574564714450389
124.41637801470642,0.9999181628227234,0.0002577349077910185
124.41705913973419,1.0002564191818237,0.00025813921820372343
124.41774026476196,0.9998192191123962,0.00025846928474493325
124.41842138967331,0.9995841383934021,0.000258822925388813
124.41910251470836,1.0000617504119873,0.000259221822489053
124.41978363973612,0.9998281598091125,0.00025954790180549026
124.42046486464824,1.000274658203125,0.00025991827715188265
124.421145989676,1.0000627040863037,0.0002602051245048642
124.42182711470377,1.0002473592758179,0.000260501925367862
124.4225082396224,1.0001081228256226,0.00026073172921314836
124.42318946465093,1.0000293254852295,0.00026094052009284496
124.42387048956152,0.9999990463256836,0.0002611181989777833
124.42455161458929,0.9999247193336487,0.00026125850854441524
124.42523283961782,0.9998363256454468,0.00026136537780985236
124.42591396453645,0.9997639060020447,0.00026145431911572814
124.42659508956422,0.9997233748435974,0.0002615192497614771
124.42727631459275,0.999876081943512,0.000261578505160287
124.4279574395041,0.9998865723609924,0.00026160734705626965
124.42863856453187,0.9998961091041565,0.0002616172132547945
124.4293196894505,0.9996960163116455,0.0002615910489112139
124.43000081447826,0.9995123147964478,0.0002615487319417298
124.43068193950603,0.9994052052497864,0.00026150053599849343
124.43136306441738,0.9998505711555481,0.0002614855475258082
124.43204428944591,0.9999851584434509,0.00026143138529732823
124.43272541447368,0.9996379017829895,0.0002613226533867419
124.43340653939231,0.9999232888221741,0.0002612565876916051
124.43408776442084,1.0001600980758667,0.00026117381639778614
124.43476878933143,1.0000982284545898,0.00026105623692274094
124.4354499143592,1.0000957250595093,0.00026092707412317395
124.43613113938773,1.0003511905670166,0.00026081138639710844
124.43681226430635,0.9999704360961914,0.00026062779943458736
124.43749338933412,1.0003347396850586,0.0002604915644042194
124.43817461424624,1.0000510215759277,0.0002602878084871918
124.438855739274,0.9999275207519531,0.00026008454733528197
124.43953696430253,1.0003138780593872,0.0002599041908979416
124.4402179892204,0.9998108148574829,0.00025962889776565135
124.44089911424817,1.0001074075698853,0.00025940960040315986
124.44158023915952,0.9997554421424866,0.000259113177889958
124.44226146418805,1.0003178119659424,0.0002588764764368534
124.44294258921582,0.9996854066848755,0.0002585268230177462
124.44362381412793,1.000005841255188,0.00025823869509622455
124.44430493916298,1.0001367330551147,0.00025792690576054156
124.44498606407433,0.9999050498008728,0.00025756642571650445
124.44566708910133,1.0004132986068726,0.0002572749217506498
124.44634831412986,1.000139832496643,0.0002569055650383234
124.44702943904122,1.0003024339675903,0.00025657773949205875
124.44771066407702,0.9997930526733398,0.0002562055888120085
124.44839178898837,1.0000379085540771,0.0002559077402111143
124.44907291401614,1.0002026557922363,0.0002556122781243175
124.44975403904391,0.9998660683631897,0.0002552924561314285
124.45043526395602,1.000451683998108,0.000255080230999738
124.4511162889903,0.99984210729599,0.00025477903545834124
124.45179741390166,1.0001952648162842,0.0002545972529333085
124.45247863893019,1.0002998113632202,0.0002544121234677732
124.45315976395796,1.0000245571136475,0.00025423397892154753
124.45384088886931,0.9998149871826172,0.00025408450164832175
124.45452211389784,1.0001715421676636,0.00025401770835742354
124.45520323881647,0.9998291730880737,0.00025392306270077825
124.45588436384423,0.9999080896377563,0.0002538986736908555
124.456565488872,0.9997469186782837,0.0002538867702241987
124.45724661378335,1.0002027750015259,0.0002539620327297598
124.45792773881112,1.0003924369812012,0.0002540489658713341
124.45860886372975,1.0001065731048584,0.00025411852402612567
124.45929008875828,0.9996674656867981,0.00025420080055482686
124.45997121378605,1.0001548528671265,0.00025439794990234077
124.4606523386974,1.0003074407577515,0.00025458988966420293
124.46133356372593,0.9998415112495422,0.0002547571493778378
124.46201468864456,0.9997426271438599,0.00025497234310023487
124.46269571367156,0.9997976422309875,0.0002552364894654602
124.46337683858292,1.0004513263702393,0.0002555613173171878
124.46405806361145,0.9998845458030701,0.0002558086416684091
124.46473918863921,0.9999761581420898,0.00025613183970563114
124.46542041355133,0.9996498823165894,0.00025644522975198925
124.46610153858637,0.9994720220565796,0.00025678519159555435
124.46678266349772,0.9999774098396301,0.0002572140656411648
124.46746388852625,0.9998674392700195,0.0002576062979642302
124.46814491343684,1.0001370906829834,0.0002580498985480517
124.46882603847189,1.0001637935638428,0.0002585024922154844
124.46950726350042,0.9997465014457703,0.00025893867132253945
124.47018838841177,1.0003434419631958,0.00025947747053578496
124.47086951343954,0.9999008774757385,0.0002599520958028734
124.47155073835165,0.9996542930603027,0.0002604667388368398
124.47223186337942,0.9996968507766724,0.00026102206902578473
124.47291308829153,1.0000585317611694,0.0002616191632114351
124.47359411332582,0.9996381998062134,0.0002621710009407252
124.47427523835358,1.0000509023666382,0.00026280671590939164
124.47495636326494,0.9999579787254333,0.0002634187985677272
124.47563758829347,0.9996975064277649,0.0002640242164488882
124.4763187132121,0.9997661113739014,0.000264658679952845
124.47699983823986,0.9997466802597046,0.0002652971015777439
124.47768106315198,1.0001243352890015,0.0002659593883436173
124.47836218817974,1.000109076499939,0.0002665930369403213
124.47904321309034,0.9996392130851746,0.00026717982836999
124.47972443811886,0.9999256730079651,0.00026782063650898635
124.4804055630375,1.0000224113464355,0.00026842087390832603
124.48108668806526,1.0003026723861694,0.00026902841636911035
124.48176791309379,0.9998840093612671,0.00026955336215905845
124.48244903800514,1.0001238584518433,0.00027011006022803485
124.48313016303291,0.9991576075553894,0.0002705355000216514
124.48381128795154,0.9996606111526489,0.0002710531698539853
124.48449241297931,1.000044822692871,0.0002715328591875732
124.48517353789066,0.9997022151947021,0.000271917087957263
124.48585466291843,0.999631404876709,0.0002723056240938604
124.48653588783054,0.9999732375144958,0.00027270198916085064
124.48721701286559,0.9999268651008606,0.00027303994284011424
124.48789813777694,0.9997416138648987,0.0002733518194872886
124.48857936280547,0.9999943971633911,0.0002736835740506649
124.48926048783323,0.9999386668205261,0.00027396882069297135
124.48994151274383,1.0003161430358887,0.00027428483008407056
124.49062273777963,1.0004537105560303,0.0002745642268564552
124.49130386269098,1.0000218152999878,0.00027479114942252636
124.49198498771875,1.000064730644226,0.00027504959143698215
124.4926661126301,1.0003600120544434,0.0002753171429503709
124.49334733765863,1.0000981092453003,0.00027553539257496595
124.49402846256999,0.9995390176773071,0.00027571662212722003
124.49470968760579,0.9998545050621033,0.00027595882420428097
124.49539071251638,0.9998595714569092,0.000276170700090006
124.49607183754415,0.9997932314872742,0.0002763620868790895
124.4967529624555,1.0001730918884277,0.0002765814133454114
124.49743418748403,0.9999027848243713,0.0002767258556559682
124.49811531240266,1.0007637739181519,0.00027693872107192874
124.49879653743119,0.9999355673789978,0.0002770002174656838
124.49947766245896,1.000063180923462,0.00027711072470992804
124.50015878737031,0.9999858140945435,0.0002771755098365247
124.50083981239732,0.9997724294662476,0.0002771905856207013
124.5015210373167,1.0000649690628052,0.00027721174410544336
124.50220216234447,1.0000633001327515,0.0002771694853436202
124.50288338725659,0.9999123215675354,0.00027707210392691195
124.50356451228436,1.0001224279403687,0.0002769490238279104
124.50424563719571,0.9996088743209839,0.0002767246915027499
124.50492686222424,1.0000088214874268,0.00027651956770569086
124.50560798714287,0.9999446272850037,0.00027622797642834485
124.50628901216987,1.0000447034835815,0.00027590463287197053
124.50697023708199,0.9997329711914062,0.00027550835511647165
124.50765136210975,0.9997808337211609,0.00027510267682373524
124.50833248702111,1.000014066696167,0.0002746859972830862
124.50901371205691,1.0002583265304565,0.0002742439100984484
124.50969483696827,0.9999315738677979,0.0002737255999818444
124.51037596199603,0.9998621940612793,0.0002732190187089145
124.51105708690739,0.9998587369918823,0.0002726989914663136
124.51173821193515,1.000151515007019,0.00027220670017413795
124.51241933685378,0.9998998641967773,0.00027165620122104883
124.51310046188155,1.0002409219741821,0.0002711591951083392
124.51378168679366,1.0004513263702393,0.0002706513914745301
124.51446281182143,0.9999902844429016,0.0002701074699871242
124.51514393673278,1.000157117843628,0.00026962137781083584
124.51582516176131,0.9998816847801208,0.0002691076078917831
124.51650628667994,0.9999592900276184,0.00026864823303185403
124.51718731170695,1.0001987218856812,0.00026821906794793904
124.51786853661906,0.9996542930603027,0.0002677523298189044
124.51854966164683,0.9998524785041809,0.00026736597646959126
124.51923078655818,0.9998233914375305,0.0002669890527613461
124.51991191159323,0.9999562501907349,0.000266650109551847
124.52059313650534,0.9999440312385559,0.0002663307241164148
124.52127426153311,1.0001009702682495,0.0002660564496181905
124.52195538644446,0.999893307685852,0.0002657863951753825
124.52263651147223,1.0001657009124756,0.0002655877615325153
124.52331763639086,0.999954879283905,0.00026538653764873743
124.52399876141862,1.000296711921692,0.00026526619330979884
124.52467998633074,1.0006420612335205,0.00026518796221353114
124.5253611113585,0.9998660683631897,0.00026505315327085555
124.52604223626986,0.99996018409729,0.0002650282985996455
124.52672346129839,0.9999057650566101,0.0002650295209605247
124.52740458621702,1.0003740787506104,0.0002651144750416279
124.52808581124555,0.9997052550315857,0.0002651333052199334
124.52876683615614,0.9999072551727295,0.0002652609546203166
124.5294479611839,1.0002191066741943,0.00026543147396296263
124.53012908610253,0.9999817609786987,0.0002655826974660158
124.53081031113106,1.000374436378479,0.00026581340353004634
124.53149143604242,0.9999725222587585,0.0002660031314007938
124.53217266107094,0.999815046787262,0.0002662363986019045
124.5328537859823,1.0001496076583862,0.00026653616805560887
124.53353491101007,1.0001431703567505,0.0002668132074177265
124.53421593592793,1.0001932382583618,0.0002671099209692329
124.53489716095646,0.999956488609314,0.0002673960698302835
124.53557828586781,0.9995132088661194,0.00026766007067635655
124.53625951089634,1.0000447034835815,0.00026800899649970233
124.5369406358077,1.0003207921981812,0.0002683212806005031
124.53762176072632,1.000134825706482,0.0002685792569536716
124.53830288575409,1.0003046989440918,0.0002688443346414715
124.5389841106662,0.999919056892395,0.000269040756393224
124.53966513569321,1.0001360177993774,0.00026924556004814804
124.54034626060457,0.9997135996818542,0.00026935359346680343
124.5410274856331,0.9997637271881104,0.00026945769786834717
124.54170861055172,1.0000535249710083,0.0002695190196391195
124.54238973557949,1.000373363494873,0.0002695129078347236
124.5430709604916,1.0004526376724243,0.0002694220747798681
124.54375208551937,0.9999812841415405,0.0002692036796361208
124.54443321043073,0.999933123588562,0.00026893673930317163
124.54511433546577,1.0000218152999878,0.00026858277851715684
124.54579546037712,1.0002270936965942,0.0002681483456399292
124.54647658540489,0.9999533295631409,0.0002675918804015964
124.54715771031624,1.0002243518829346,0.00026700348826125264
124.54783893522836,1.0001540184020996,0.0002663155028130859
124.5485200602634,1.0001306533813477,0.00026556639932096004
124.54920118517475,1.0001802444458008,0.0002647705841809511
124.54988241020328,1.0001927614212036,0.00026393000734969974
124.55056343511387,1.0001320838928223,0.00026304484345018864
124.55124456014164,0.9994675517082214,0.000262079993262887
124.55192568506027,0.9998937249183655,0.00026118860114365816
124.5526069100888,1.000038981437683,0.00026026173145510256
124.55328803500015,0.9999658465385437,0.00025931288837455213
124.55396926002868,0.9998950958251953,0.00025837088469415903
124.55465038494003,0.9996347427368164,0.0002574202371761203
124.55533150985138,1.0002087354660034,0.00025656179059296846
124.55601253488567,1.00005042552948,0.0002556641411501914
124.55669375979778,0.9996931552886963,0.00025477504823356867
124.55737488482555,0.9998489618301392,0.0002539703855291009
124.55805610973766,1.0004260540008545,0.0002532397920731455
124.55873723476543,0.9999004006385803,0.0002524664159864187
124.55941835968406,1.0001140832901,0.0002518037799745798
124.56009958471259,1.0002362728118896,0.0002511866914574057
124.56078070962394,0.9995921850204468,0.000250563578447327
124.56146173453453,0.9995152354240417,0.00025004311464726925
124.56214295956306,0.9995779395103455,0.0002495953522156924
124.56282408448169,0.9999775886535645,0.000249252887442708
124.56350520950946,0.9999713897705078,0.00024893716908991337
124.56418643442157,1.0002485513687134,0.0002487151068635285
124.56486755944934,0.9997125864028931,0.00024849732290022075
124.56554868436069,0.9994041919708252,0.00024836789816617966
124.5662299092728,0.9999738931655884,0.0002483856223989278
124.56691093430709,1.0000110864639282,0.0002484242431819439
124.56759205921844,1.0002115964889526,0.0002485419681761414
124.56827328424697,0.9997652769088745,0.0002486620214767754
124.56895440915832,1.000118613243103,0.0002489114413037896
124.56963553418609,1.0004329681396484,0.0002492088242433965
124.57031675910548,0.9996401071548462,0.00024945405311882496
124.57099788401683,0.9996775388717651,0.00024982448667287827
124.5716790090446,1.0001105070114136,0.0002502763527445495
124.57236013395595,0.9998804926872253,0.0002507010940462351
124.57304125898372,1.0003046989440918,0.0002512240025680512
124.57372238390235,1.000128984451294,0.0002517391403671354
124.57440350893012,0.999882161617279,0.00025226929574273527
124.57508473384223,0.9999633431434631,0.0002528639743104577
124.57576585875358,1.0000962018966675,0.00025348697090521455
124.57644698378135,0.999931275844574,0.00025410624220967293
124.57712820869347,0.999878466129303,0.00025475665461272
124.57780923372775,0.9998931288719177,0.0002554227539803833
124.5784903586391,0.9997649192810059,0.00025609220028854907
124.57917158355122,0.9998400807380676,0.0002567875199019909
124.57985270857898,0.9998579025268555,0.0002574813843239099
124.58053383349034,1.0003259181976318,0.00025820345035754144
124.58121495852538,0.9997013211250305,0.0002588315983302891
124.5818961834375,1.0002689361572266,0.0002595502301119268
124.58257730846526,0.9995562434196472,0.0002601407759357244
124.58325833337585,1.0001078844070435,0.00026081944815814495
124.58393955828797,1.0001788139343262,0.00026143385912291706
124.58462068332301,1.0000970363616943,0.00026199716376140714
124.58530180823436,0.9997290372848511,0.00026249809889122844
124.58598303326289,1.0003892183303833,0.0002630513336043805
124.58666415817424,1.0000946521759033,0.0002634712727740407
124.58734538308636,1.000382900238037,0.0002638996811583638
124.58802650811413,1.0004513263702393,0.0002642730833031237
124.588707533032,0.999859631061554,0.00026454729959368706
124.58938865805976,0.9999204874038696,0.0002648303343448788
124.59006988297187,0.9995154738426208,0.0002650388050824404
124.59075100788323,1.000172734260559,0.00026530271861702204
124.59143213291827,1.0000364780426025,0.0002654598210938275
124.59211335783039,0.9998751282691956,0.0002655855496414006
124.59279448285815,1.0001798868179321,0.0002657164295669645
124.59347570777027,0.9992064237594604,0.0002657092409208417
124.59415673268086,0.9998598694801331,0.00026581669226288795
124.59483785770863,0.9996707439422607,0.0002658048761077225
124.59551898262725,1.0000545978546143,0.00026583121507428586
124.59620020765578,1.0000358819961548,0.0002657892182469368
124.59688133256714,1.0001378059387207,0.0002657375589478761
124.59756255747925,1.00017249584198,0.0002656536235008389
124.59824368250702,0.9999569654464722,0.0002655295538716018
124.59892480742565,0.999785840511322,0.0002653836563695222
124.59960583233624,1.0002392530441284,0.00026526779402047396
124.60028705736477,1.0004565715789795,0.00026511528994888067
124.60096818227612,1.0001389980316162,0.0002648960507940501
124.60164930730389,0.9999499917030334,0.0002646740758791566
124.602330532216,0.9998514652252197,0.000264439033344388
124.60301165713463,0.9998176097869873,0.0002641929895617068
124.6036927821624,1.000064730644226,0.0002639489830471575
124.60437400707451,1.0001295804977417,0.0002636830904521048
124.60505513210228,1.000205636024475,0.00026339871692471206
124.60573615701287,1.000353217124939,0.0002631089591886848
124.60641738193226,0.9998923540115356,0.00026275296113453805
124.60709850696003,1.000028133392334,0.0002624470798764378
124.60777963187138,1.0001415014266968,0.00026212347438558936
124.60846075678273,1.0000754594802856,0.00026177262770943344
124.60914198181126,0.9996657371520996,0.0002613948308862746
124.60982310672989,1.0002702474594116,0.00026109445025213063
124.61050423164124,1.0000426769256592,0.0002607283531688154
124.61118535666901,1.0000720024108887,0.0002603761095087975
124.61186648158036,1.0001215934753418,0.0002600278821773827
124.61254760660813,1.0004111528396606,0.0002597059647087008
124.61322883152752,1.0000030994415283,0.00025932781863957644
124.61390995643887,1.000075340270996,0.00025899536558426917
124.61459108146664,1.0003176927566528,0.000258684711297974
124.61527230637876,1.0004938840866089,0.000258379295701161
124.61595343129011,1.0002548694610596,0.0002580435248091817
124.61663445632439,1.000361442565918,0.000257749343290925
124.6173156812365,1.0000253915786743,0.0002574291720520705
124.61799680614786,1.000215768814087,0.00025716860545799136
124.61867793117563,0.9998040795326233,0.0002568689233157784
124.61935915608774,0.9995298385620117,0.00025658810045570135
124.62004028111551,0.9999091625213623,0.0002563883608672768
124.62072150602762,1.0000114440917969,0.0002561688015703112
124.62140263094625,0.999727189540863,0.0002559282584115863
124.62208365597326,1.000091791152954,0.0002557579427957535
124.62276478088461,0.9997398257255554,0.0002555417886469513
124.62344600579672,0.999995768070221,0.0002553858212195337
124.62412713083177,0.9999898672103882,0.0002552176592871547
124.62480835574388,0.9999964833259583,0.0002550749632064253
124.62548948065523,1.0001494884490967,0.0002549330529291183
124.626170605683,1.0000715255737305,0.00025478535098955035
124.62685183059511,1.0000147819519043,0.0002546441974118352
124.6275328555057,0.9999179840087891,0.0002545089810155332
124.62821398054075,0.9996432662010193,0.00025436439318582416
124.6288951054521,1.0001059770584106,0.0002542898873798549
124.62957633036422,1.000322937965393,0.0002542023139540106
124.63025745539198,0.9996972680091858,0.0002540443674661219
124.63093858030334,0.9998211860656738,0.0002539590641390532
124.63161980533914,0.999815821647644,0.0002538756525609642
124.6323009302505,0.9997066855430603,0.00025377850397489965
124.63298195516109,1.0002704858779907,0.0002537640102673322
124.6336631800732,1.0000401735305786,0.0002536750689614564
124.63434430510097,0.999839186668396,0.0002535997482482344
124.6350254300196,1.0001375675201416,0.0002535827807150781
124.63570655504736,1.0002638101577759,0.00025356494006700814
124.63638777995948,1.000530481338501,0.00025356339756399393
124.63706890487083,0.9997177720069885,0.00025348301278427243
124.6377500298986,1.0002979040145874,0.00025353903765790164
124.63843115481723,0.9999749064445496,0.0002535347011871636
124.63911227972858,1.0002658367156982,0.0002535837411414832
124.63979340475635,0.9999231696128845,0.00025360158178955317
124.64047462966846,1.0002896785736084,0.0002536997781135142
124.64115575457981,1.0002655982971191,0.00025378455757163465
124.64183687949117,0.9998471736907959,0.000253845879342407
124.64251810452697,0.9997962117195129,0.0002539692213758826
124.64319922943832,1.0001236200332642,0.000254142185440287
124.64388025434891,0.999923586845398,0.0002542999282013625
124.64456137937668,0.9999424815177917,0.00025450048269703984
124.6452426042888,0.9997308254241943,0.0002547065378166735
124.64592372920742,1.0000462532043457,0.0002549896016716957
124.64660495423595,0.9998252987861633,0.000255250051850453
124.6472860791473,1.0000340938568115,0.0002555916435085237
124.64796720405866,1.0001347064971924,0.0002559460699558258
124.64864842908719,0.9998264908790588,0.00025630445452407
124.64932945400506,1.0000840425491333,0.0002567402843851596
124.65001057891641,1.0000081062316895,0.00025717393145896494
124.65069180394494,1.0000174045562744,0.0002576454426161945
124.65137292885629,1.0001171827316284,0.0002581453009042889
124.65205405376764,1.0000065565109253,0.0002586462360341102
124.65273527879617,1.0000478029251099,0.0002591850352473557
124.6534164037148,0.9998064041137695,0.00025971047580242157
124.65409752862615,1.0001873970031738,0.00026030384469777346
124.65477855353674,0.9998932480812073,0.0002608458453323692
124.65545977856527,0.9999584555625916,0.00026143150171265006
124.65614090347663,0.999611496925354,0.000261981098446995
124.65682212839602,0.9997396469116211,0.0002625694905873388
124.65750325342378,1.0000312328338623,0.00026316626463085413
124.65818437833514,0.9999886155128479,0.000263716938206926
124.65886560324725,1.0000386238098145,0.0002642700565047562
124.65954672827502,1.0000194311141968,0.0002647926448844373
124.66022775319288,0.9998890161514282,0.0002652849943842739
124.660908978105,1.0000807046890259,0.00026577446260489523
124.66159010313277,0.9995855689048767,0.0002661698090378195
124.66227122804412,0.9996773600578308,0.0002665765641722828
124.66295245295623,1.0001980066299438,0.0002669758105184883
124.66363357786759,0.9998507499694824,0.0002672536647878587
124.66431470290263,0.9999702572822571,0.00026751551195047796
124.66499582781398,1.0001001358032227,0.00026772203273139894
124.66567695272533,1.0003000497817993,0.0002678699092939496
124.6663580777531,0.9998452663421631,0.0002679019817151129
124.66703920267173,1.0002042055130005,0.0002679339668247849
124.66772042758384,0.9998889565467834,0.0002678329765331
124.6684015524952,1.0002185106277466,0.00026771551347337663
124.66908267752297,1.0002901554107666,0.0002675086725503206
124.66976380243432,0.9997557401657104,0.00026718643493950367
124.67044502734643,0.9997091293334961,0.00026686108321882784
124.67112605238071,1.0003288984298706,0.0002665468491613865
124.67180717729207,0.9995070695877075,0.00026606139726936817
124.67248840220418,0.9997612237930298,0.0002656441938597709
124.67316952711553,0.9994672536849976,0.0002651458780746907
124.6738506521433,1.0000436305999756,0.00026470882585272193
124.67453187705541,0.9996229410171509,0.0002641663886606693
124.67521300197404,0.9999771118164062,0.00026367910322733223
124.67589422700257,0.9992023706436157,0.000263093039393425
124.67657525191316,0.9997915625572205,0.00026262475876137614
124.67725637682452,0.999843955039978,0.000262121029663831
124.67793750174314,0.9996547102928162,0.000261593668255955
124.67861872677167,1.0002394914627075,0.00026115201762877405
124.67929985168303,1.0000349283218384,0.0002606602793093771
124.67998097659438,0.9998654723167419,0.00026019071810878813
124.68066220162291,0.999997615814209,0.0002597701386548579
124.68134332653426,0.9996907114982605,0.0002593272365629673
124.68202455144637,0.999812126159668,0.00025895971339195967
124.68270557636424,0.9999547004699707,0.00025861524045467377
124.68338670139201,0.9998318552970886,0.00025827783974818885
124.68406782630336,0.9999961853027344,0.00025799719151109457
124.68474905121548,0.9998980760574341,0.0002577250124886632
124.6854301761341,0.9998430609703064,0.00025749619817361236
124.68611140116263,0.9999830722808838,0.0002573145320639014
124.68679252607399,0.9997249841690063,0.0002571415388956666
124.68747365098534,0.9999967217445374,0.00025705184089019895
124.68815467589593,1.0003687143325806,0.00025700844707898796
124.68883590092446,1.000311255455017,0.00025697890669107437
124.68951702584309,1.000106930732727,0.0002569688658695668
124.6901982507552,1.0001888275146484,0.00025701767299324274
124.69087937566655,0.9999529123306274,0.0002570841752458364
124.69156050069432,1.000277042388916,0.00025723077123984694
124.69224162560567,0.9995735287666321,0.0002573241654317826
124.69292285052506,1.000106692314148,0.0002575532125774771
124.69360387543566,1.0003377199172974,0.00025779358111321926
124.69428500046342,1.0000481605529785,0.0002580139844212681
124.69496622537554,0.9995973706245422,0.0002582504821475595
124.69564735028689,0.9998013377189636,0.0002585665206424892
124.69632847520552,0.9998339414596558,0.00025889676180668175
124.69700960023329,0.9996371865272522,0.000259223859757185
124.6976908251454,0.9998750686645508,0.0002596102131064981
124.69837195005675,0.9995557069778442,0.00025997767806984484
124.6990530749681,0.9997068047523499,0.00026038847863674164
124.69973420000315,1.0000566244125366,0.000260811677435413
124.7004153249145,1.0001757144927979,0.00026122471899725497
124.70109644982585,0.9996582269668579,0.00026157477986998856
124.70177767473797,0.9997786283493042,0.00026197812985628843
124.70245879976574,0.9998607039451599,0.0002623669570311904
124.70313992467709,0.9999263286590576,0.00026272839750163257
124.70382114959648,1.0001875162124634,0.0002630852104630321
124.70450217450707,1.0002248287200928,0.0002633919066283852
124.70518329953484,0.9998884797096252,0.0002636283461470157
124.70586452444695,0.999887228012085,0.0002638476144056767
124.7065456493583,1.0000669956207275,0.000264038797467947
124.70722677427693,1.0003725290298462,0.0002641745377331972
124.70790799930546,0.9997245669364929,0.0002641662722453475
124.70858912421681,0.9999047517776489,0.0002641580649651587
124.70927034912893,0.999921977519989,0.00026406822144053876
124.70995127403876,1.0002009868621826,0.00026392898871563375
124.71063249895815,0.999921977519989,0.00026367901591584086
124.71131362398592,1.000313401222229,0.0002634340198710561
124.71199484889803,1.0000663995742798,0.00026307805092073977
124.71267597380938,0.9995397925376892,0.0002626528439577669
124.71335709872073,0.9998043179512024,0.0002622534811962396
124.71403832374926,1.0002131462097168,0.0002618304861243814
124.71471944866789,0.9999872446060181,0.0002613216347526759
124.71540047357848,0.9998485445976257,0.00026080201496370137
124.7160816984906,0.9999032616615295,0.00026027197600342333
124.71676282340195,0.9997735619544983,0.00025971487048082054
124.71744394842972,0.9995925426483154,0.0002591460361145437
124.71812517334911,1.000128984451294,0.0002586425398476422
124.71880629826046,0.9993215203285217,0.00025801590527407825
124.71948742317181,0.9999417066574097,0.0002575332473497838
124.72016864820034,1.0000115633010864,0.00025700224796310067
124.72084967311093,0.9999181628227234,0.00025648559676483274
124.72153079802956,0.9999010562896729,0.0002559942950028926
124.72221202294168,0.9998941421508789,0.00025552575243636966
124.72289314785303,1.0002741813659668,0.0002551334328018129
124.7235742728808,0.9998713135719299,0.0002547035983297974
124.72425539779215,1.0003141164779663,0.0002543942246120423
124.72493662270426,0.9992530345916748,0.00025399585138075054
124.72561774762289,0.9996525645256042,0.0002537743712309748
124.72629887265066,1.0001028776168823,0.0002536170941311866
124.72697999756201,1.0000381469726562,0.0002534695086069405
124.72766112247336,0.9996147155761719,0.0002533555671107024
124.72834224738472,1.0000572204589844,0.00025338694103993475
124.7290234723041,1.0003103017807007,0.00025347701739519835
124.72970459733187,1.0001590251922607,0.0002536078682169318
124.73038572224323,1.0000215768814087,0.00025381066370755434
124.73106694715534,1.000229835510254,0.0002541141875553876
124.73174797206593,0.9997686743736267,0.0002544375602155924
124.73242909698456,1.000178337097168,0.00025490758707746863
124.73311022189591,1.0004124641418457,0.0002554216771386564
124.73379144692444,0.9997057318687439,0.00025592572637833655
124.7344725718358,1.0002082586288452,0.0002565919130574912
124.73515369674715,1.0002185106277466,0.00025727914180606604
124.73583492165926,1.000014305114746,0.00025800138246268034
124.73651604657789,0.9999715089797974,0.0002587892231531441
124.7371970716049,0.9999484419822693,0.0002596310223452747
124.73787829651701,1.000145435333252,0.0002605334739200771
124.73855942142836,1.0002835988998413,0.00026150260237045586
124.73924054634699,0.9996015429496765,0.00026237175916321576
124.7399217712591,0.9996715784072876,0.00026336530572734773
124.74060289628687,1.0000120401382446,0.0002644080959726125
124.74128412119899,0.9998191595077515,0.00026541732950136065
124.74196524611034,0.9997947812080383,0.00026645115576684475
124.74264627102093,1.0001733303070068,0.00026752412668429315
124.74332739593956,0.999547004699707,0.00026850413996726274
124.74400862096809,1.00009286403656,0.00026957207592204213
124.74468974587944,0.9999984502792358,0.0002705657097976655
124.74537097079156,1.0002135038375854,0.0002715574228204787
124.74605209570291,1.0000712871551514,0.0002724846708588302
124.74673322062154,1.000217318534851,0.0002733927976805717
124.74741444553365,1.0000369548797607,0.00027422807761467993
124.74809547056066,1.0006673336029053,0.0002750718267634511
124.74877659547201,0.9999113082885742,0.0002757374895736575
124.74945782038412,0.999854326248169,0.00027638275059871376
124.75013894529548,0.9995671510696411,0.00027694457094185054
124.7508200702141,0.9999586343765259,0.0002774852910079062
124.75150129512622,0.9997848868370056,0.0002779090136755258
124.75218242015399,0.9998359084129333,0.00027828459860756993
124.75286354506534,1.0001660585403442,0.00027862703427672386
124.75354466997669,0.9999547004699707,0.0002788567217066884
124.75422579489532,1.0002202987670898,0.00027907671756111085
124.75490691980667,1.000342845916748,0.00027922954177483916
124.75558804483444,1.0002789497375488,0.00027931519434787333
124.75626926974655,1.000195026397705,0.00027935777325183153
124.7569503946579,0.9995128512382507,0.0002793075982481241
124.75763151957653,1.0001685619354248,0.0002793286694213748
124.75831274448865,1.000022292137146,0.00027924415189772844
124.7589938694,0.999967098236084,0.0002791307051666081
124.75967489431059,1.000397801399231,0.0002790355065371841
124.76035601933836,0.9999241232872009,0.00027882709400728345
124.76103724425775,1.00015127658844,0.0002786482509691268
124.7617183691691,1.0001801252365112,0.000278456078376621
124.76239949408046,1.0002988576889038,0.00027820063405670226
124.76308071899257,1.0001543760299683,0.00027792309992946684
124.76376184390392,0.9999116063117981,0.00027761628734879196
124.76444306893245,1.0002107620239258,0.00027733613387681544
124.76512409385032,1.0000263452529907,0.00027699541533365846
124.76580521876167,0.999672532081604,0.0002766243414953351
124.76648634367302,1.0000157356262207,0.00027629267424345016
124.76716756858514,0.999701976776123,0.00027588900411501527
124.76784869349649,1.000299096107483,0.00027554138796404004
124.76852981841512,0.9999259114265442,0.00027510797372087836
124.76921104344365,1.0002491474151611,0.0002747047692537308
124.769892168355,0.9998986124992371,0.0002742415526881814
124.77057319326559,0.9997411370277405,0.0002737784816417843
124.7712544181777,1.0002225637435913,0.0002733590663410723
124.77193554309633,0.9999476075172424,0.00027286502881906927
124.77261666800769,1.0000083446502686,0.00027239572955295444
124.7732978929198,0.9997753500938416,0.0002718911855481565
124.77397901794757,1.0002117156982422,0.0002714390284381807
124.77466024285968,0.9998447895050049,0.00027091518859378994
124.77534136777103,1.000124454498291,0.0002704451617319137
124.7760223926889,1.00011146068573,0.00026994949439540505
124.77670351760025,0.9998864531517029,0.000269444368313998
124.77738474251237,1.0000864267349243,0.0002689717512112111
124.77806586742372,1.0001146793365479,0.00026849439018405974
124.77874709245225,0.9999510049819946,0.0002680015459191054
124.77942821737088,1.0000098943710327,0.0002675318974070251
124.78010934228223,1.000108003616333,0.00026707950746640563
124.78079046719358,1.0001220703125,0.0002666244108695537
124.78147159210494,0.9995684027671814,0.00026612638612277806
124.78215271701629,1.0002676248550415,0.00026574439834803343
124.78283384193492,1.0002009868621826,0.00026529887691140175
124.78351506684703,1.0002622604370117,0.0002648781519383192
124.7841961918748,0.9999133348464966,0.0002644236956257373
124.78487731678615,1.0006003379821777,0.0002640627499204129
124.7855584416975,0.9999850988388062,0.0002635947021190077
124.78623966660962,1.0001230239868164,0.0002631943498272449
124.78692069152748,0.9996917843818665,0.0002627469948492944
124.7876019164396,1.000282645225525,0.0002623935288283974
124.78828304135095,0.9999051690101624,0.0002619492879603058
124.7889641662623,1.0000633001327515,0.0002615661360323429
124.78964529129007,0.9996796250343323,0.00026112832711078227
124.79032651620946,0.9997754693031311,0.0002607368805911392
124.79100764112081,0.9999459385871887,0.00026036324561573565
124.79168876603217,0.9999804496765137,0.0002599743311293423
124.79236989094352,1.0000609159469604,0.000259599881246686
124.79305101585487,0.9997103810310364,0.00025920107145793736
124.7937321407735,1.000096321105957,0.0002588706265669316
124.79441336568561,1.0000417232513428,0.00025851582176983356
124.79509449071338,0.9998542666435242,0.00025816986453719437
124.79577561562473,0.9999880790710449,0.00025786866899579763
124.79645684053685,1.000362515449524,0.0002576082188170403
124.7971379654482,1.000047206878662,0.0002572995435912162
124.79781899036607,1.0000497102737427,0.0002570499200373888
124.79850011527742,1.0001546144485474,0.00025682817795313895
124.79918134018953,1.0000227689743042,0.000256610190263018
124.79986246510089,1.0000721216201782,0.00025642188847996294
124.800543690013,0.9997571110725403,0.00025622977409511805
124.80122481493163,1.000089406967163,0.00025611199089325964
124.80190593984298,1.0000470876693726,0.0002559818676672876
124.80258716487151,1.0002267360687256,0.0002558887063059956
124.8032681897821,1.0004534721374512,0.000255812075920403
124.80394931469345,0.9997063875198364,0.0002556638792157173
124.80463053961284,1.000292420387268,0.00025563835515640676
124.8053116645242,0.9995505809783936,0.0002555010432843119
124.80599278943555,0.999988317489624,0.0002554669918026775
124.80667401434766,1.0003103017807007,0.000255422928603366
124.80735513925902,0.9999865889549255,0.0002553098602220416
124.80803626417764,0.9996834993362427,0.00025518875918351114
124.80871738920541,0.9998774528503418,0.00025508514954708517
124.80939851411676,0.9997189044952393,0.00025493238354101777
124.81007963902812,1.0000345706939697,0.00025479012401774526
124.81076086394023,1.0000040531158447,0.0002545823808759451
124.81144198885158,1.0002514123916626,0.00025436095893383026
124.81212311377021,0.9998040795326233,0.0002540506247896701
124.81280433868233,0.9997900724411011,0.00025374023243784904
124.81348546359368,0.9997872710227966,0.0002534039376769215
124.81416648850427,1.000138521194458,0.0002530718920752406
124.81484771341638,0.9996551871299744,0.000252638419624418
124.81552883833501,0.999987006187439,0.00025225512217730284
124.81620996324637,0.9997348785400391,0.0002518015680834651
124.81689108815772,1.0002660751342773,0.0002514032239560038
124.81757231318625,0.9998248219490051,0.0002508984471205622
124.8182534380976,1.0003327131271362,0.00025047233793884516
124.81893456301623,0.9998149871826172,0.0002499512047506869
124.81961568792758,0.9999639391899109,0.0002494847576599568
124.82029681283893,1.0000593662261963,0.00024901307187974453
124.82097793775029,1.0001327991485596,0.0002485434233676642
124.82165906266164,0.999956488609314,0.00024806379224173725
124.82234028758103,0.9997740387916565,0.0002475882356520742
124.82302141249238,1.0000255107879639,0.00024716861662454903
124.82370253740373,0.9998432993888855,0.0002467256272211671
124.82438376231585,0.9997206926345825,0.0002463019045535475
124.82506478722644,1.0000048875808716,0.0002459439274389297
124.82574591214507,1.0004674196243286,0.00024562663747929037
124.82642713705718,0.9999073147773743,0.000245251867454499
124.82710826208495,0.9997856616973877,0.00024494511308148503
124.8277893869963,0.9999675750732422,0.0002447000297252089
124.82847061190841,0.9999434351921082,0.0002444799174554646
124.82915173681977,1.0001025199890137,0.00024431204656139016
124.82983296173916,1.0000120401382446,0.00024417476379312575
124.83051408665051,0.9996945858001709,0.00024405776639468968
124.8311951115611,1.0001024007797241,0.00024406469310633838
124.83187623647245,1.000161051750183,0.00024409087200183421
124.83255746138457,1.0000920295715332,0.00024415506049990654
124.8332385863032,1.0000245571136475,0.0002442767727188766
124.83391981121531,1.0001780986785889,0.0002444690908305347
124.83460093612666,1.0004881620407104,0.00024472791119478643
124.83528206103801,1.0001113414764404,0.0002449684252496809
124.83596328595013,1.0002765655517578,0.00024531836970709264
124.836644310868,1.0003856420516968,0.00024571162066422403
124.83732543577935,1.000292181968689,0.00024612649576738477
124.83800666069146,1.0001388788223267,0.0002465886645950377
124.83868778560281,1.0001798868179321,0.0002471101761329919
124.83936891063058,1.0004593133926392,0.00024769839365035295
124.8400501355427,1.0000015497207642,0.00024825724540278316
124.84073126046133,0.9996853470802307,0.00024887005565688014
124.84141238537268,1.0003125667572021,0.0002496017259545624
124.84209341028327,0.9999728798866272,0.000250275683356449
124.84277463519538,0.9999103546142578,0.0002510074700694531
124.84345576010674,0.9996858835220337,0.0002517566317692399
124.84413688502536,0.9999508857727051,0.00025256836670450866
124.84481810993748,1.000619888305664,0.0002534346713218838
124.84549923484883,1.0004302263259888,0.00025424419436603785
124.84618035976018,1.0001015663146973,0.0002550504868850112
124.8468615846723,0.9998061656951904,0.0002558755222707987
124.84754260959016,1.0000442266464233,0.000256749102845788
124.84822373450152,1.0001364946365356,0.00025761406868696213
124.84890485941287,1.0001901388168335,0.0002584774629212916
124.84958608432498,1.000037670135498,0.0002593238023109734
124.85026720923634,1.0004035234451294,0.0002602102467790246
124.85094833414769,1.0000675916671753,0.00026102637639269233
124.85162955906708,0.9999390244483948,0.0002618497237563133
124.85231068397843,1.0000872611999512,0.0002626983914524317
124.85299170888902,0.9998467564582825,0.0002634960401337594
124.85367293380114,1.0002634525299072,0.00026434430037625134
124.85435405871249,0.9996448159217834,0.00026510891621001065
124.85503518363112,0.9996147751808167,0.00026591235655359924
124.85571640854323,1.0001041889190674,0.0002667600638233125
124.85639753345458,0.9997124671936035,0.00026752951089292765
124.85707865836594,0.999946653842926,0.00026834654272533953
124.85775988327805,1.0007684230804443,0.00026921392418444157
124.85844090819592,1.0003269910812378,0.0002699640754144639
124.85912203310727,0.9999725222587585,0.00027072240482084453
124.8598032581358,0.9999145865440369,0.0002714955771807581
124.86048438304715,1.000556230545044,0.0002723142970353365
124.8611655079585,1.0006333589553833,0.00027306904667057097
124.86184673287062,1.000091791152954,0.0002737624745350331
124.86252785778925,0.9996743202209473,0.0002744524390436709
124.86320908270136,1.0000661611557007,0.00027515110559761524
124.86389010761195,0.9996752142906189,0.0002757780021056533
124.8645712325233,0.9998012185096741,0.0002764061209745705
124.86525235743466,0.9999586939811707,0.0002769941638689488
124.86593358235405,1.000104546546936,0.0002775344764813781
124.8666147072654,1.0001007318496704,0.00027800447423942387
124.86729593217751,0.9998321533203125,0.00027839740505442023
124.86797705708886,0.999568521976471,0.00027872720966115594
124.86865818200022,1.0000821352005005,0.0002790472353808582
124.86933920691808,1.000409483909607,0.00027927011251449585
124.8700204318302,1.0000219345092773,0.0002793627209030092
124.87070155674155,0.9998940229415894,0.00027938661514781415
124.8713826816529,1.0001808404922485,0.0002793491003103554
124.87206390656502,1.0001606941223145,0.0002792017185129225
124.87274503147637,0.999898374080658,0.0002789419377222657
124.873426156395,1.000273585319519,0.0002786546538118273
124.87410738130711,0.9999984502792358,0.00027823724667541683
124.8747884062177,1.0000022649765015,0.00027777437935583293
124.87546953112906,0.9999359846115112,0.0002772526058834046
124.87615075604117,1.0001152753829956,0.0002766981197055429
124.8768318809598,1.0000534057617188,0.0002760898496489972
124.87751300587115,1.0001744031906128,0.00027546152705326676
124.8781941307825,1.0000855922698975,0.0002747986000031233
124.87887535569462,1.0001866817474365,0.0002741390489973128
124.87955648060597,0.999837338924408,0.0002734328154474497
124.88023750552384,0.9998980164527893,0.00027275935281068087
124.88091873043595,1.000049114227295,0.00027210169355385005
124.8815998553473,1.0002342462539673,0.00027146164211444557
124.88228098025866,0.999690592288971,0.0002707754319999367
124.88296220517077,1.0000113248825073,0.0002701860503293574
124.8836433300894,0.999967098236084,0.00026958485250361264
124.88432445500075,0.9997968673706055,0.00026900190277956426
124.88500567991287,0.9997544288635254,0.00026845905813388526
124.88568670482346,1.000047206878662,0.00026797273312695324
124.88636782973481,1.0003231763839722,0.00026750346296466887
124.88704895453702,1.0,0.0002670218236744404
124.88773017944914,0.9997513890266418,0.00026656704721972346
124.88841130436049,1.0003989934921265,0.0002662122424226254
124.8890925292726,1.0004242658615112,0.00026582551072351635
124.88977365418395,0.9996394515037537,0.0002653916599228978
124.89045477909531,0.9999336004257202,0.0002650549286045134
124.89113580401317,1.0004256963729858,0.0002647541114129126
124.89181702892529,0.9995925426483154,0.0002643465995788574
124.89249815383664,0.9996652007102966,0.0002640162128955126
124.893179278748,0.9999959468841553,0.00026372267166152596
124.89386050366011,1.0005720853805542,0.0002634469128679484
124.89454162857874,1.0001697540283203,0.0002630891394801438
124.89522285349085,1.000153660774231,0.0002627724315971136
124.8959039784022,0.9999785423278809,0.00026244897162541747
124.8965850033128,1.0000910758972168,0.0002621513558551669
124.89726612822415,1.0000754594802856,0.0002618572907522321
124.89794735313626,1.000306248664856,0.00026159375556744635
124.89862847805489,0.9999086260795593,0.0002612978860270232
124.899309702967,1.0001575946807861,0.00026107169105671346
124.89999082787836,1.0000512599945068,0.0002608300419524312
124.90067195278971,1.0000628232955933,0.0002606284397188574
124.90135317770182,0.9998653531074524,0.0002604388864710927
124.90203420261969,1.0002332925796509,0.0002603144966997206
124.90271532753104,1.0000710487365723,0.0002601770684123039
124.90339655244316,0.9995120167732239,0.0002600412699393928
124.90407767735451,0.9998515844345093,0.00026001507649198174
124.90475880226586,0.9996852278709412,0.00025997511693276465
124.90543992706807,0.9996017217636108,0.00025997808552347124
124.90612115198019,0.9997186660766602,0.00026003128732554615
124.90680227689154,1.0000498294830322,0.0002601338492240757
124.90748340180289,1.0000977516174316,0.0002602479071356356
124.90816452671424,0.9999693036079407,0.000260371743934229
124.90884565163287,0.9999399185180664,0.0002605363551992923
124.90952677654423,0.9992990493774414,0.00026067375438287854
124.91020800145634,0.9999191164970398,0.00026094261556863785
124.91088912636769,0.9999350905418396,0.0002611832460388541
124.91157025127904,0.9997725486755371,0.0002614297845866531
124.9122513761904,0.9998955130577087,0.00026171549689024687
124.91293260110979,0.9996349811553955,0.00026197844999842346
124.91361362602038,0.9999296069145203,0.0002623048785608262
124.91429475093173,0.9998199939727783,0.00026260645245201886
124.91497597584384,1.0001349449157715,0.00026295744464732707
124.9156571007552,0.9996913075447083,0.00026324251666665077
124.91633822567383,1.0003740787506104,0.00026363745564594865
124.91701945058594,0.9997392296791077,0.0002639160957187414
124.91770057549729,0.999591588973999,0.00026424761745147407
124.9183818004094,1.0000075101852417,0.0002646227367222309
124.91906282520358,0.9997429251670837,0.0002649457601364702
124.91974395012221,0.9996873736381531,0.0002652832481544465
124.92042507503356,0.9998751282691956,0.0002656496944837272
124.92110629994568,0.9998927116394043,0.00026599352713674307
124.92178742485703,0.9997849464416504,0.0002663263585418463
124.92246864976914,0.9999800324440002,0.00026668477221392095
124.9231497746805,0.9994862675666809,0.0002669863752089441
124.92383089959912,0.9993981719017029,0.0002673081180546433
124.92451192450972,0.999797523021698,0.0002676642034202814
124.92519314942183,0.9999251365661621,0.0002679942990653217
124.92587427433318,0.9997691512107849,0.00026829223497770727
124.9265554992453,0.9998369216918945,0.00026859305216930807
124.92723662416392,1.0001229047775269,0.0002688984095584601
124.92791774895886,0.9997127652168274,0.00026912993052974343
124.92859897387098,0.9997810125350952,0.00026938808150589466
124.92928009878233,1.000129222869873,0.0002696442243177444
124.92996112369292,1.000077724456787,0.0002698437310755253
124.93064224861155,1.000391960144043,0.00027005301672033966
124.93132347352366,1.0000802278518677,0.00027017894899472594
124.93200459843501,1.000173568725586,0.00027030654018744826
124.93268572334637,0.999872624874115,0.0002703744394239038
124.93336694825848,1.0003677606582642,0.00027047371258959174
124.93404807316983,0.9997756481170654,0.000270449643721804
124.93472919808846,1.000180959701538,0.0002704737416934222
124.93541032299981,0.9998515844345093,0.0002704086364246905
124.93609144779475,0.9998345971107483,0.00027034530648961663
124.9367725727061,0.9996654391288757,0.00027024999144487083
124.93745379761822,0.9995220899581909,0.0002701242046896368
124.93813492253685,0.9999001622200012,0.0002700294426176697
124.9388160474482,1.00009024143219,0.0002699019678402692
124.93949717235955,1.0001200437545776,0.0002697485324461013
124.94017839727167,0.99997878074646,0.00026956613874062896
124.94085942218226,1.0003384351730347,0.00026941747637465596
124.94154054710089,0.9998183250427246,0.0002691891568247229
124.942221772013,1.0000346899032593,0.0002690122928470373
124.94290289680794,0.9996290802955627,0.000268789182882756
124.94358402171929,1.0002537965774536,0.00026863455423153937
124.9442652466314,0.9998800158500671,0.0002684072533156723
124.94494637155003,1.000078797340393,0.00026822168729268014
124.94562749646138,1.0001105070114136,0.00026802520733326674
124.94630862137274,0.9996826648712158,0.0002677896700333804
124.94698974628409,0.9999799728393555,0.0002676191506907344
124.94767087119544,0.9997754693031311,0.0002674060524441302
124.94835209610756,1.0001779794692993,0.00026725235511548817
124.94903322102618,1.0001634359359741,0.0002670686808414757
124.94971434582112,0.9999420642852783,0.0002668719389475882
124.95039557073324,0.9998676180839539,0.00026669175713323057
124.95107669564459,0.9995460510253906,0.00026650200015865266
124.95175772055518,1.0001108646392822,0.00026639251154847443
124.95243894547457,0.9991670846939087,0.000266166462097317
124.95312007038592,0.9998343586921692,0.0002660853206180036
124.95380119529727,0.9997518658638,0.00026595965027809143
124.95448242020939,0.9997955560684204,0.0002658587181940675
124.95516354512074,1.0000554323196411,0.00026579535915516317
124.95584466992295,0.9996163249015808,0.0002656842116266489
124.95652589483507,1.0002236366271973,0.0002656830183696002
124.95720691974566,1.000101923942566,0.0002656395372468978
124.95788804465701,1.0004241466522217,0.00026565653388388455
124.95856926956913,1.0004246234893799,0.0002656666620168835
124.95925039448775,1.0001038312911987,0.00026566479937173426
124.9599315193991,1.000287413597107,0.0002657363365869969
124.96061274431122,1.0002425909042358,0.0002658084558788687
124.96129386910616,1.0001925230026245,0.0002658955054357648
124.96197499401751,1.0002881288528442,0.00026601136778481305
124.96265611892886,1.0002999305725098,0.00026614166563376784
124.96333724384749,1.000213384628296,0.0002662736224010587
124.96401836875884,1.0001462697982788,0.0002664195199031383
124.96469959367096,1.0001062154769897,0.0002665794745553285
124.96538071858231,1.0006330013275146,0.00026678474387153983
124.96606184349366,0.9999370574951172,0.0002668965025804937
124.96674296829588,0.9998475313186646,0.00026704970514401793
124.96742419320799,0.9999032616615295,0.0002672135306056589
124.96810521811858,1.0002695322036743,0.0002673833223525435
124.96878634302993,1.0003691911697388,0.0002675217401701957
124.96946756794205,1.0003477334976196,0.0002676277654245496
124.97014869286068,0.9995823502540588,0.00026764467475004494
124.97082981777203,1.000115156173706,0.00026774307480081916
124.97151104256773,0.9998888373374939,0.00026774744037538767
124.97219216747908,0.9999741315841675,0.00026774112484417856
124.97287329239043,0.9995460510253906,0.00026765136863105
124.97355441730178,0.9998266696929932,0.0002675800060387701
124.97423554222041,0.9998109340667725,0.00026744292699731886
124.97491666713177,0.9999458193778992,0.0002672813134267926
124.97559779204312,1.0001680850982666,0.0002670972316991538
124.97627901683882,1.0003142356872559,0.00026687682839110494
124.97696014175017,1.0001801252365112,0.0002666157961357385
124.97764136666956,1.0000364780426025,0.0002663439663592726
124.97832249158091,0.9999984502792358,0.00026606753817759454
124.97900361649226,1.0001823902130127,0.00026581878773868084
124.97968464140286,0.9998587369918823,0.0002655342686921358
124.98036586631497,1.0000492334365845,0.0002653002447914332
124.98104699111718,1.000083088874817,0.00026507439906708896
124.98172811602853,1.0001752376556396,0.0002648667723406106
124.98240934094065,0.9998305439949036,0.00026464785332791507
124.983090465852,0.9997801184654236,0.0002644769847393036
124.98377169076412,0.9996623396873474,0.000264315924141556
124.98445281567547,1.0003613233566284,0.00026426822296343744
124.98513384047692,1.0000568628311157,0.00026414505555294454
124.98581496538827,1.0002847909927368,0.00026408900157548487
124.98649619030039,0.9998751282691956,0.0002639965678099543
124.98717731521174,0.9999431371688843,0.00026396496105007827
124.98785854012385,1.0001295804977417,0.00026395320310257375
124.98853966504248,0.9999593496322632,0.00026391379651613533
124.98922078983742,1.000322937965393,0.00026391580468043685
124.98990201474953,1.0006910562515259,0.0002639194135554135
124.99058303966012,0.9999557733535767,0.00026381967472843826
124.99126416457148,1.0001112222671509,0.0002637745637912303
124.99194538949087,0.9999118447303772,0.0002636868448462337
124.99262651440222,0.9999851584434509,0.0002635903365444392
124.99330763919716,1.0001895427703857,0.00026347735547460616
124.99398876410851,1.0002931356430054,0.0002633224648889154
124.99466998902062,0.999773383140564,0.0002630863164085895
124.99535111393197,1.0001035928726196,0.000262889894656837
124.99603213884984,1.0001264810562134,0.0002626456553116441
124.99671336376196,0.9998712539672852,0.000262354762526229
124.99739448855689,0.9998306632041931,0.00026207100017927587
124.99807561346825,0.9998693466186523,0.00026179541600868106
124.99875683838036,0.9997947216033936,0.0002615166886243969
124.99943796329899,1.000180721282959,0.00026128708850592375
125.00011908821034,1.0003348588943481,0.00026105711003765464
125.00080031300604,1.0004959106445312,0.00026085416902787983
125.00148133791663,1.000089168548584,0.0002606306516099721
125.00216246282798,0.9998833537101746,0.00026045620325021446
125.00284358774661,1.0002751350402832,0.0002603781467769295
125.00352481265872,1.0003517866134644,0.00026030439767055213
125.00420593757008,0.9998854994773865,0.00026022459496743977
125.00488706236501,0.9999931454658508,0.00026023710961453617
125.00556828727713,0.9997849464416504,0.0002602579479571432
125.00624941219576,1.0000519752502441,0.000260345172137022
125.00693043710635,0.9999126195907593,0.00026042276294901967
125.00761166201846,0.9997704029083252,0.000260527798673138
125.0082927868134,0.999724805355072,0.00026064683333970606
125.00897391172475,0.9998248815536499,0.0002607876667752862
125.00965513663687,1.000070333480835,0.000260934088146314
125.0103362615555,1.0001676082611084,0.0002610571391414851
125.01101748646761,0.9999668002128601,0.0002611246891319752
125.01169861126255,1.0003434419631958,0.0002612089447211474
125.01237963617314,0.9997929930686951,0.00026116365916095674
125.01306076109177,1.000586986541748,0.00026118604000657797
125.01374198600388,0.9997289776802063,0.0002609945659060031
125.01442311091523,0.9999874234199524,0.000260829838225618
125.01510423571017,1.0001741647720337,0.00026058207731693983
125.01578546062228,0.9997703433036804,0.0002602036693133414
125.01646658553364,1.0000088214874268,0.0002598126884549856
125.01714781044575,0.9996337890625,0.00025930977426469326
125.01782883536362,0.9996094107627869,0.00025878564338199794
125.01850996015855,1.0000462532043457,0.0002582631423138082
125.0191910850699,1.0002467632293701,0.00025770452339202166
125.01987230998202,1.0005308389663696,0.00025713202194310725
125.02055343489337,0.9998685121536255,0.00025648149312473834
125.021234559812,1.0006089210510254,0.00025596661726012826
125.0219157846077,1.000199317932129,0.0002553685917519033
125.02259690951905,0.9999914169311523,0.0002548186748754233
125.02327793442964,0.999954104423523,0.00025433124392293394
125.02395915934176,0.9997187256813049,0.0002538763510528952
125.02464028414397,1.0000066757202148,0.00025351846124976873
125.02532140905532,1.000316858291626,0.0002532320795580745
125.02600263396744,1.000362515449524,0.0002529811463318765
125.02668375887879,1.0003424882888794,0.00025279162218794227
125.02736488379014,0.9998941421508789,0.0002526364696677774
125.02804610858584,0.9997873306274414,0.0002525770687498152
125.02872713350371,1.0000042915344238,0.0002526121970731765
125.02940825841506,0.999640941619873,0.0002526493917685002
125.03008938332641,0.9997791051864624,0.00025279028341174126
125.03077060823853,1.0004442930221558,0.0002530357742216438
125.03145173304074,1.0001015663146973,0.0002532276266720146
125.03213285795209,0.999973714351654,0.00025347439805045724
125.0328140828642,0.999509871006012,0.0002537148538976908
125.03349520777556,0.9998917579650879,0.00025405429187230766
125.03417623256973,0.999849259853363,0.0002543631417211145
125.03485745748185,1.0002107620239258,0.00025471567641943693
125.03553858240048,1.0003647804260254,0.0002550443459767848
125.03621970731183,0.9996823072433472,0.0002552955993451178
125.03690093210753,1.0001589059829712,0.0002556433901190758
125.03758205701888,0.9998834729194641,0.00025591946905478835
125.03826318193023,1.0004119873046875,0.0002562499139457941
125.03894440684962,0.9997031092643738,0.0002564750029705465
125.0396254316438,1.0002059936523438,0.0002568080381024629
125.04030655655515,1.000088095664978,0.00025709092733450234
125.0409876814665,0.9999594688415527,0.0002573731471784413
125.04166890637862,1.0002952814102173,0.0002577165432740003
125.04235003129725,1.0003750324249268,0.00025804483448155224
125.04303125609295,1.0002219676971436,0.0002583708264864981
125.0437123810043,1.0004953145980835,0.0002587582275737077
125.04439350591565,1.0002636909484863,0.0002591298834886402
125.04507453070983,0.9996677041053772,0.00025948722031898797
125.04575575562922,1.000458836555481,0.0002599902800284326
125.04643688054057,0.9998415112495422,0.00026040140073746443
125.04711810545268,1.0000306367874146,0.0002609042276162654
125.04779923036403,1.0000184774398804,0.0002614147088024765
125.04848035515897,0.9996992945671082,0.0002619120350573212
125.04916158007109,1.0003106594085693,0.0002625146007630974
125.04984270498971,1.0002005100250244,0.00026306536165066063
125.05052382990107,1.0000723600387573,0.0002636181889101863
125.051204954696,1.000321626663208,0.00026420471840538085
125.05188607960736,1.0000540018081665,0.000264735019300133
125.05256720451871,0.9998919367790222,0.0002652617695275694
125.0532484294381,1.000003457069397,0.00026578581309877336
125.05392955423304,1.000070333480835,0.00026627688203006983
125.05461067914439,0.9999131560325623,0.00026670846273191273
125.0552919040565,0.9999727010726929,0.00026710660313256085
125.05597302885144,0.9997968673706055,0.00026742953923530877
125.05665405376931,1.0001150369644165,0.00026773798163048923
125.05733517868066,0.9998003244400024,0.000267920084297657
125.05801640359277,0.9994226098060608,0.00026804450317285955
125.05869752838771,0.9999816417694092,0.00026817660545930266
125.05937865329906,0.9999622106552124,0.0002682125777937472
125.06005987821118,0.9999111294746399,0.00026818393962457776
125.0607410031298,1.0001025199890137,0.00026812643045559525
125.06142212792474,0.9999233484268188,0.0002679918834473938
125.0621032528361,0.9999432563781738,0.0002678263117559254
125.06278437774745,1.0001702308654785,0.0002676410658750683
125.0634655026588,1.0000494718551636,0.0002673909766599536
125.06414672746178,0.9998182058334351,0.0002670971443876624
125.06482785237313,0.9998202919960022,0.0002667969965841621
125.06550897728448,0.9997352957725525,0.00026646899641491473
125.06619020208018,0.999985933303833,0.0002661550242919475
125.06687132699153,0.9999204874038696,0.0002658003650140017
125.0675523519094,1.0004291534423828,0.00026548540336079895
125.06823347682075,1.0000382661819458,0.00026508711744099855
125.06891470161645,0.9996892213821411,0.0002647014334797859
125.0695958265278,0.9996457695960999,0.0002643497136887163
125.07027695143915,0.999814510345459,0.00026401676586829126
125.07095817623485,0.9996713995933533,0.0002636724093463272
125.07163930115348,0.9998252987861633,0.0002633702533785254
125.0723205260656,0.999761164188385,0.00026306789368391037
125.07300155097619,0.9994775056838989,0.00026277313008904457
125.07368267577112,0.9998781085014343,0.0002625609340611845
125.07436380068248,1.000182867050171,0.0002623638429213315
125.07504502560187,0.9997721910476685,0.0002621429448481649
125.0757261503968,0.9999364614486694,0.0002620004233904183
125.07640737530892,0.9995248913764954,0.00026184055604971945
125.07708850022027,0.9998562335968018,0.00026177268591709435
125.07776962513162,1.0000414848327637,0.0002617273130454123
125.07845064993307,1.0003812313079834,0.00026171794161200523
125.08049422455224,1.000009298324585,0.0002616929414216429
125.08117534946359,1.0000665187835693,0.0002617364516481757
125.08185647437494,1.000006914138794,0.00026178540429100394
125.08253769929433,0.9999987483024597,0.00026184480520896614
125.08321882408927,0.999652624130249,0.0002618801372591406
125.08389984899986,0.9998637437820435,0.0002619646256789565
125.08458097391122,0.9998161196708679,0.0002620261220727116
125.08526219870691,0.9994385242462158,0.0002620575251057744
125.08594332362554,1.0000005960464478,0.00026215656544081867
125.0866244485369,0.9996430277824402,0.0002621711464598775
125.0873056733326,0.9998413920402527,0.0002622254251036793
125.08798679824395,1.0003728866577148,0.0002622809843160212
125.0886679231553,0.9999423027038574,0.0002622359315864742
125.08934904795751,1.0004295110702515,0.0002622455358505249
125.09003017286886,1.0002670288085938,0.0002621669555082917
125.09071129778022,1.0001901388168335,0.0002620775776449591
125.09139252269233,1.0001249313354492,0.00026194678503088653
125.09207364748727,1.0003407001495361,0.0002618039143271744
125.0927547724059,0.9997147917747498,0.0002615629637148231
125.09343589731725,1.0003786087036133,0.0002613815595395863
125.09411712211295,1.000157117843628,0.0002610811498016119
125.09479814702354,1.0000075101852417,0.00026074491324834526
125.09547927193489,0.999789297580719,0.0002603551547508687
125.09616049673059,0.9999637603759766,0.0002599497966002673
125.09684162164922,1.000020146369934,0.0002594879479147494
125.09752274656057,1.0000815391540527,0.00025897653540596366
125.09820397135627,1.0001312494277954,0.000258425046922639
125.09888509626762,1.0000275373458862,0.0002578243729658425
125.09956622117897,1.000045895576477,0.00025720481062307954
125.10024734598119,0.9998483657836914,0.0002565456088632345
125.10092847089254,0.9996867775917053,0.00025587223353795707
125.1016095958039,1.000198245048523,0.00025525206001475453
125.10229082059959,1.0000723600387573,0.00025456136791035533
125.10297194551094,0.9996922612190247,0.00025384858599863946
125.10365307042957,0.9995448589324951,0.0002531668287701905
125.10433429534169,0.9997039437294006,0.00025251787155866623
125.10501542013662,1.00005304813385,0.0002519067202229053
125.10569644504722,1.0002142190933228,0.000251294783083722
125.10637766984291,1.0000537633895874,0.00025067251408472657
125.10705879476154,1.0000789165496826,0.00025009296950884163
125.1077399196729,0.9998794794082642,0.00024952730746008456
125.1084211444686,1.0002385377883911,0.0002490433107595891
125.10910226937995,1.0000035762786865,0.0002485391451045871
125.10978349429206,0.9996916055679321,0.0002480670518707484
125.110464619087,0.9999376535415649,0.0002476851805113256
125.11114564400486,0.9999489188194275,0.00024732324527576566
125.11182676891622,1.0004394054412842,0.0002470419567544013
125.11250799371192,0.9999804496765137,0.0002467224549036473
125.11318911862327,0.9998727440834045,0.00024648511316627264
125.11387024353462,1.000062346458435,0.00024631619453430176
125.1145514683376,1.000248670578003,0.00024620493059046566
125.11523259324895,1.000657558441162,0.00024615315487608314
125.1159137181603,1.0001119375228882,0.000246065785177052
125.11659484295524,0.9995793104171753,0.00024603362544439733
125.11727596786659,0.9996084570884705,0.00024611153639853
125.11795709278522,0.9998063445091248,0.0002462573756929487
125.11863831758092,1.0000131130218506,0.0002464503049850464
125.11931944249227,0.9997602105140686,0.0002466643927618861
125.12000056740362,0.9997100234031677,0.00024693194427527487
125.12068169219856,1.000435709953308,0.0002473248168826103
125.12136291711067,0.9998604655265808,0.0002476329100318253
125.12204394191212,0.9998858571052551,0.0002480408293195069
125.12272506682348,1.0000545978546143,0.0002484983124304563
125.12340629173559,0.9998131394386292,0.0002489602193236351
125.12408741653053,0.9999416470527649,0.00024947922793217003
125.12476854144188,1.0000619888305664,0.0002500365662854165
125.12544976636127,1.0003526210784912,0.0002506334858480841
125.12613089115621,1.0001791715621948,0.00025121515500359237
125.12681201606756,1.0004737377166748,0.00025185561389662325
125.12749324097967,0.9997795820236206,0.0002524288429412991
125.12817426577385,1.0001143217086792,0.00025311028002761304
125.12885539069248,0.9999557137489319,0.0002537490800023079
125.12953651560383,1.0000325441360474,0.00025441378238610923
125.13021774039953,1.0002648830413818,0.0002550920471549034
125.13089886531088,0.9999848008155823,0.0002557115803938359
125.131580090223,1.0000641345977783,0.0002563555317465216
125.13226121501793,0.9999584555625916,0.0002569618518464267
125.13294233993656,1.0000636577606201,0.0002575680264271796
125.13362336473074,1.0000884532928467,0.0002581302251201123
125.13430458964285,1.000298261642456,0.00025867228396236897
125.1349857145542,1.0001012086868286,0.000259143125731498
125.1356669393499,1.0000584125518799,0.00025957307661883533
125.13634806426853,0.9995332360267639,0.00025990899302996695
125.13702918906347,0.9994171261787415,0.0002602196473162621
125.13771041397558,1.000189185142517,0.00026054479531012475
125.13839153888694,1.000234842300415,0.00026074235211126506
125.13907256368111,1.0004302263259888,0.0002608907234389335
125.1397537886005,1.0001919269561768,0.00026095155044458807
125.14043491351185,1.00022292137146,0.0002609767543617636
125.14111603830679,1.0002473592758179,0.0002609504444990307
125.1417972632189,1.0000970363616943,0.0002608728245832026
125.14247838801384,1.0002161264419556,0.00026076511130668223
125.1431595129252,0.999778687953949,0.00026058332878164947
125.14384073784458,0.9998545050621033,0.00026040521333925426
125.14452176263876,1.000339150428772,0.000260239583440125
125.14520288755011,1.0001654624938965,0.0002599878644105047
125.14588401246147,1.0001254081726074,0.0002597188577055931
125.14656523725716,0.9999228715896606,0.0002594240359030664
125.14724636217579,1.0002778768539429,0.0002591520897112787
125.14792748697073,1.0001614093780518,0.0002588302595540881
125.14860871188284,1.00008225440979,0.00025848764926195145
125.1492898367942,1.000362753868103,0.00025817027199082077
125.14997086158837,0.9999000430107117,0.00025777550763450563
125.15065208650776,0.9998575448989868,0.0002574002428445965
125.1513332113027,0.9999803304672241,0.00025703434948809445
125.15201433621405,1.0000019073486328,0.00025663882843218744
125.15269556112617,0.999699056148529,0.00025621350505389273
125.1533766859211,1.0000569820404053,0.000255825201747939
125.15405781083973,0.999715268611908,0.00025536768953315914
125.15473893563467,1.000264048576355,0.0002549697819631547
125.15542006054602,0.9998096823692322,0.0002544669550843537
125.15610118545737,0.9999282956123352,0.0002540063869673759
125.15678231025231,0.9998460412025452,0.0002535059757065028
125.15746353516442,1.0003224611282349,0.0002530330966692418
125.15814465996664,1.0002375841140747,0.00025249531609006226
125.15882578487799,0.9998473525047302,0.00025191783788613975
125.1595070097901,0.9996465444564819,0.00025133611052297056
125.16018813458504,0.9993876218795776,0.0002507423341739923
125.16086915950291,0.9995413422584534,0.00025017952430061996
125.16155038429861,0.9997153878211975,0.0002496141823939979
125.16223150920996,0.9998717904090881,0.0002490523038432002
125.1629126340049,0.9997377395629883,0.00024846699670888484
125.16359385891701,1.000173807144165,0.00024794467026367784
125.16427498382836,0.9998252987861633,0.0002473649801686406
125.16495620862406,0.9995982646942139,0.00024681430659256876
125.16563733354269,0.9997721910476685,0.00024632640997879207
125.16631835833687,1.000471591949463,0.000245909410296008
125.16699948324822,1.000237226486206,0.0002454349014442414
125.16768070804392,0.9999768137931824,0.00024499016581103206
125.16836183296255,0.9998944997787476,0.0002446001162752509
125.16904305787466,0.9998980760574341,0.00024425864103250206
125.1697241826696,1.0003561973571777,0.00024399292306043208
125.17040530758095,1.0001616477966309,0.00024371292965952307
125.17108653237665,1.000489354133606,0.0002435211936244741
125.17176755728724,0.999748945236206,0.00024327455321326852
125.17244868220587,1.0001029968261719,0.00024318361829500645
125.1731298070008,0.9998664259910583,0.0002430741733405739
125.17381103191292,0.9998912215232849,0.00024303790996782482
125.17449215670786,0.9999229311943054,0.00024304409453179687
125.17517328161921,1.0002177953720093,0.0002431514294585213
125.17585450642218,1.0000206232070923,0.00024320604279637337
125.17653563133354,0.9997722506523132,0.00024332432076334953
125.17721665612771,1.0000239610671997,0.0002435378555674106
125.17789788103983,1.0000464916229248,0.00024377804948017
125.17857900595118,1.0002539157867432,0.00024406606098636985
125.17926013075339,1.000050663948059,0.0002443628618493676
125.1799413556655,1.0003235340118408,0.00024474068777635694
125.18062248046044,0.9999679327011108,0.0002450932515785098
125.1813036053718,0.999859094619751,0.00024551129899919033
125.18198473016673,0.9998332262039185,0.00024596662842668593
125.18266585508536,0.9999880194664001,0.00024646325618959963
125.18334697999671,1.0004628896713257,0.00024702129303477705
125.18402810479165,0.9998489022254944,0.00024751058663241565
125.18470932970376,1.0001596212387085,0.00024809734895825386
125.1853904544987,0.9999758005142212,0.0002486627781763673
125.18607157941005,0.9996945858001709,0.000249245495069772
125.18675280421303,0.9998745322227478,0.00024988126824609935
125.18743392912438,1.0003236532211304,0.00025056456797756255
125.18811495391856,0.999938428401947,0.00025118410121649504
125.18879617883067,0.9997347593307495,0.0002518306137062609
125.18947730362561,1.0002847909927368,0.00025255585205741227
125.19015842854424,0.9995201826095581,0.00025316851679235697
125.19083965345635,0.9996570348739624,0.0002538706175982952
125.19152077825129,1.0001349449157715,0.00025459262542426586
125.19220190316264,0.9997249841690063,0.0002552379737608135
125.19288312795834,1.0001580715179443,0.0002559505228418857
125.1935641528762,0.9995775818824768,0.0002565655158832669
125.19424527767114,1.000195860862732,0.00025726135936565697
125.1949264025825,0.9999633431434631,0.00025786925107240677
125.1956076273782,0.9998376965522766,0.00025847056531347334
125.19628875228955,0.999541163444519,0.00025902214110828936
125.19696997708525,0.9997859597206116,0.00025958981132134795
125.19765110200387,0.9995833039283752,0.00026007991982623935
125.19833232691599,0.9999707937240601,0.00026058199000544846
125.19901345171093,0.9993447661399841,0.00026094933855347335
125.19969447662152,0.9997589588165283,0.000261365290498361
125.20037560141645,0.9999103546142578,0.00026170769706368446
125.20105682633584,0.999744176864624,0.000261977402260527
125.20173795113078,0.9996225237846375,0.0002622033644001931
125.20241907604213,1.000300645828247,0.00026246049674227834
125.20310030083783,0.9994934797286987,0.0002625467604957521
125.20378142574918,0.9996992349624634,0.0002626780478749424
125.20446255054412,1.0000115633010864,0.00026278189034201205
125.20514367546275,1.0002954006195068,0.0002628477232065052
125.20582480025769,0.9998136162757874,0.00026281160535290837
125.20650592516904,1.0002988576889038,0.00026282217004336417
125.20718714996474,0.9999241232872009,0.0002627366338856518
125.20786827487609,1.0000890493392944,0.0002626610512379557
125.2085493996783,1.0003695487976074,0.0002625702181831002
125.20923052458966,1.0002961158752441,0.0002624216431286186
125.20991174938536,1.00019371509552,0.00026225688634440303
125.21059277429595,1.000121831893921,0.00026206791517324746
125.2112738992073,1.000106930732727,0.0002618645958136767
125.21195512401027,1.0003231763839722,0.0002616701240185648
125.21263624892163,1.0001521110534668,0.0002614318218547851
125.21331737371656,0.9999826550483704,0.00026118120877072215
125.21399859862868,1.0000860691070557,0.00026093845372088253
125.21467972342361,1.0001062154769897,0.000260684872046113
125.21536084834224,1.000359058380127,0.00026045512640848756
125.21604197313718,1.0002570152282715,0.00026018888456746936
125.21672309804853,0.999998152256012,0.000259908614680171
125.21740422284347,0.9996755123138428,0.00025963145890273154
125.21808534775482,0.999822735786438,0.00025940025807358325
125.21876657255052,0.999485969543457,0.0002591312222648412
125.21944769746915,1.0004031658172607,0.00025898279272951186
125.22012892226485,0.9996680021286011,0.0002587079652585089
125.2208100471762,0.9998002052307129,0.0002585197507869452
125.22149107197038,1.000654935836792,0.00025841090246103704
125.222172196889,1.0003479719161987,0.00025821325834840536
125.2228534216847,1.0002282857894897,0.0002580435248091817
125.22353454659606,0.9999187588691711,0.00025786872720345855
125.22421577139175,1.000025749206543,0.0002577414852567017
125.22489689630311,0.9997090697288513,0.0002575878461357206
125.22557802109804,0.999958336353302,0.0002574920072220266
125.22625924601016,1.0004537105560303,0.00025743263540789485
125.22694027081161,1.0000859498977661,0.0002573008823674172
125.22762139572296,1.0002156496047974,0.0002572133671492338
125.22830262051866,0.9997275471687317,0.0002570741926319897
125.22898374543001,0.9999272227287292,0.0002570038486737758
125.22966487023223,1.000230312347412,0.00025694401119835675
125.23034609514434,1.000057339668274,0.0002568312338553369
125.23102721993928,1.0001113414764404,0.0002567371993791312
125.23170834473422,0.9998122453689575,0.00025660687242634594
125.2323893696448,0.9997774958610535,0.00025648862356320024
125.23307059455692,0.9997826218605042,0.0002563669695518911
125.23375171935913,1.0000050067901611,0.00025624377303756773
125.23443294415483,1.0000120401382446,0.0002560896100476384
125.23511406906619,0.9999618530273438,0.0002559161512181163
125.23579519386112,1.0004924535751343,0.0002557758707553148
125.23647631877247,0.9997230172157288,0.0002555001701693982
125.23715754356817,1.0001107454299927,0.00025530732818879187
125.23783856848604,1.0000052452087402,0.00025505127268843353
125.23851969328098,0.9998615980148315,0.0002547751646488905
125.23920091819309,0.9997048377990723,0.00025447586085647345
125.23988204298803,0.9996631145477295,0.0002541766734793782
125.24056316790666,1.0000430345535278,0.00025390140945091844
125.24124439270236,0.999869704246521,0.00025357073172926903
125.24192551761371,1.0002162456512451,0.0002532857470214367
125.24260664240865,0.9995592832565308,0.0002529179328121245
125.24328776732,0.9999744296073914,0.00025265663862228394
125.24396889211494,1.0003968477249146,0.0002524156589061022
125.24465001703356,0.9994005560874939,0.00025206676218658686
125.2453311418285,1.0000557899475098,0.00025189091684296727
125.24601236674062,0.9994590282440186,0.0002516344247851521
125.24669349153555,0.9999904036521912,0.0002515144878998399
125.24737461633049,1.000079870223999,0.0002513866638764739
125.24805584124988,1.0001059770584106,0.0002512855571694672
125.24873686604406,0.999861478805542,0.00025120467762462795
125.24941799095541,0.9999090433120728,0.0002511780767235905
125.2500992157511,1.0002844333648682,0.00025121637736447155
125.25078034066246,1.000044584274292,0.00025123837986029685
125.25146146546467,1.0004584789276123,0.00025134236784651875
125.25214269037679,1.0002802610397339,0.00025142583763226867
125.25282381517172,0.9996621608734131,0.00025149129214696586
125.25350494008308,0.9998282790184021,0.00025164385442622006
125.25418606487801,1.0001015663146973,0.0002518206601962447
125.25486718968023,0.9997887015342712,0.00025194298359565437
125.25554831459158,1.0000888109207153,0.0002521244459785521
125.25622953938728,1.0000419616699219,0.00025227590231224895
125.25691066429863,0.9998896718025208,0.0002523994480725378
125.25759178909357,0.9998804926872253,0.0002525202580727637
125.25827301400568,1.000425934791565,0.0002526666212361306
125.2589541388079,0.9997546672821045,0.0002526736061554402
125.25963516371849,0.9997483491897583,0.00025270588230341673
125.26031638851418,0.9999145269393921,0.0002527182805351913
125.26099751342554,1.0000691413879395,0.00025268466561101377
125.26167863822047,0.9999907612800598,0.0002525983436498791
125.26235986302345,1.0002039670944214,0.00025250460021197796
125.2630409879348,1.0003193616867065,0.00025237767840735614
125.26372211272974,1.0001426935195923,0.0002522013965062797
125.26440333764185,1.0003330707550049,0.0002520357083994895
125.26508436243603,0.9996849894523621,0.0002517884422559291
125.26576548735466,1.0005193948745728,0.00025166780687868595
125.26644671215035,1.0001461505889893,0.0002514355001039803
125.26712783706171,1.0000180006027222,0.00025122411898337305
125.26780896185664,0.9999699592590332,0.0002510288031771779
125.26849018665234,0.9999984502792358,0.00025085240486077964
125.2691713115637,1.0000340938568115,0.0002506941673345864
125.26985243636591,0.9999696016311646,0.00025053671561181545
125.27053356127726,0.9998388886451721,0.0002504050498828292
125.2712146860722,1.0004557371139526,0.0002503545256331563
125.27189581098355,0.9997790455818176,0.0002502073475625366
125.27257693577849,1.000047206878662,0.00025016418658196926
125.27325816058146,1.000012993812561,0.00025011354591697454
125.27393928549282,1.000229001045227,0.00025009913952089846
125.27462041028775,0.9994608163833618,0.00025001855101436377
125.27530163519987,1.0001729726791382,0.0002500872651580721
125.2759827599948,0.9998728036880493,0.00025006625219248235
125.27666378479626,0.9998540282249451,0.00025007352815009654
125.27734500970837,0.9998899698257446,0.00025009195087477565
125.2780261345033,1.0000516176223755,0.00025011730031110346
125.27870725941466,0.9998160004615784,0.00025009323144331574
125.27938848421036,1.0001202821731567,0.00025013534468598664
125.28006960912171,0.9997376799583435,0.00025005434872582555
125.28075073392392,0.999984622001648,0.00025003592600114644
125.28143195871962,0.9998496770858765,0.0002499584516044706
125.28211298363021,1.0001331567764282,0.0002499087422620505
125.28279410842515,1.000011682510376,0.0002497974201105535
125.28347523334378,0.9999508857727051,0.00024968807701952755
125.28415645813948,1.0003876686096191,0.0002496023662388325
125.28483758305083,0.9999639391899109,0.0002494405780453235
125.28551880784653,1.0003271102905273,0.00024934730026870966
125.28619993264147,1.0000030994415283,0.0002491919440217316
125.28688115755358,0.9996927380561829,0.00024904499878175557
125.28756208235427,0.9999450445175171,0.0002489566686563194
125.28824330726638,0.9999312162399292,0.0002488585887476802
125.28892443206132,0.9996436834335327,0.0002487630117684603
125.28960565685702,1.0000470876693726,0.00024874674272723496
125.29028678176837,1.0004383325576782,0.0002487481106072664
125.29096790657059,0.9994831085205078,0.0002486649318598211
125.2916491314827,0.9997127652168274,0.00024872124777175486
125.29233025627764,0.9997771978378296,0.00024878597469069064
125.29301128107181,0.999973475933075,0.000248906813794747
125.29369250598393,1.0005186796188354,0.00024909572675824165
125.29437363077886,1.000123143196106,0.0002492329804226756
125.29505475569749,0.9998366832733154,0.0002494137152098119
125.29573598049319,0.9997033476829529,0.0002496461966075003
125.29641710528813,0.999993085861206,0.0002499546972103417
125.29709823019948,0.9998605847358704,0.0002502525458112359
125.29777945499518,0.9999645948410034,0.00025060371262952685
125.29846047991305,0.9997168183326721,0.00025095956516452134
125.29914160470798,0.999919056892395,0.00025137534248642623
125.29982272950292,1.0000460147857666,0.0002518064866308123
125.30050395441503,0.9998575448989868,0.00025223538978025317
125.30118507920997,1.000269889831543,0.000252724887104705
125.30186620401219,0.9999411106109619,0.0002531650534365326
125.3025474289243,1.0000985860824585,0.000253661215538159
125.30322855371924,0.9999732971191406,0.000254139507887885
125.30390957862983,1.00023353099823,0.00025465883663855493
125.30459080342553,1.0000653266906738,0.00025513448053970933
125.30527192822046,1.0003169775009155,0.0002556589897722006
125.30595305313909,0.999727189540863,0.0002561043365858495
125.30663417793403,0.9999330639839172,0.00025662092957645655
125.30731540284614,0.9998883605003357,0.00025711668422445655
125.30799652764108,0.9999427795410156,0.00025760955759324133
125.30867775243678,0.9998098611831665,0.0002580847649369389
125.30935877735465,1.0001007318496704,0.000258594227489084
125.31003990214958,1.000035285949707,0.00025905173970386386
125.31072102694452,1.0002734661102295,0.00025953963631764054
125.31140225185663,1.0004256963729858,0.00026000034995377064
125.31208337665157,1.0002743005752563,0.0002604289911687374
125.31276460156369,1.0000301599502563,0.00026083231205120683
125.3134457263659,1.0002244710922241,0.00026126072043552995
125.31412685116084,0.9997539520263672,0.00026162058929912746
125.31480787607143,0.9996979832649231,0.0002619862207211554
125.31548910086713,1.0000249147415161,0.0002623804030008614
125.31617022566934,1.000429391860962,0.00026275269920006394
125.31685135058069,0.9997290372848511,0.0002630087547004223
125.31753257537639,0.9998867511749268,0.0002633206604514271
125.31821370017133,1.0001473426818848,0.00026361190248280764
125.31889492508344,1.0002484321594238,0.0002638677542563528
125.31957604987838,0.999699056148529,0.0002640466846060008
125.32025707467983,0.9998276829719543,0.0002642511681187898
125.32093819959118,1.0000243186950684,0.00026443987735547125
125.32161942438688,0.9993830323219299,0.00026452812016941607
125.32230054929823,0.999538004398346,0.00026465754490345716
125.32298177409393,0.999951183795929,0.0002647830988280475
125.32366289889615,0.9995571970939636,0.0002648149093147367
125.3243440238075,1.0002715587615967,0.0002649257949087769
125.3250252486032,0.9998732209205627,0.0002649193920660764
125.32570627339737,1.00005304813385,0.00026494584744796157
125.32638739830873,0.9998499751091003,0.00026491578319109976
125.32706852311094,0.9998085498809814,0.0002648864174261689
125.32774974790664,0.9992325305938721,0.0002647933433763683
125.32843087281799,0.999969482421875,0.00026480091037228703
125.32911199761293,0.999832808971405,0.0002647146175149828
125.32979322240863,0.9996374845504761,0.0002646115026436746
125.33047434731998,0.9998764991760254,0.0002645335625857115
125.33115537212143,0.9998202323913574,0.00026440853253006935
125.33183659691713,0.9999738931655884,0.00026428865385241807
125.33251772182848,0.9998363852500916,0.00026412573060952127
125.33319884662342,1.000078558921814,0.00026397922192700207
125.33388007141912,0.9994872212409973,0.0002637454017531127
125.33456119633775,1.0003056526184082,0.00026360555784776807
125.33524232113268,0.9998681545257568,0.0002633400436025113
125.33592344592762,1.000169277191162,0.0002631109382491559
125.33660457083897,1.0002633333206177,0.00026283159968443215
125.33728569563391,1.0000423192977905,0.0002625080815050751
125.33796682043612,0.9999640583992004,0.0002621658786665648
125.33864804534824,0.9996508955955505,0.0002617661375552416
125.33932917014317,0.9996341466903687,0.0002613642136566341
125.34001029493811,0.9997454881668091,0.0002609367365948856
125.34069151985022,1.0000654458999634,0.0002604904875624925
125.34137264464516,0.9999223351478577,0.00025996629847213626
125.34205366944661,0.9997448325157166,0.0002594109682831913
125.34273479435797,1.0000442266464233,0.0002588596835266799
125.34341601915366,0.9996222257614136,0.0002582154702395201
125.3440971439486,0.9999793767929077,0.0002576298138592392
125.34477836886072,0.999994158744812,0.000256983534200117
125.34545949366293,0.9995346069335938,0.000256293365964666
125.34614061845787,1.0000008344650269,0.00025568652199581265
125.34682184336998,0.9997255206108093,0.0002550171338953078
125.34750286816416,0.9999663829803467,0.0002543990849517286
125.3481839929591,0.9997368454933167,0.00025376008125022054
125.34886521787848,0.9996490478515625,0.0002531507343519479
125.34954634267342,0.99967360496521,0.0002525819872971624
125.35022746746836,0.9997233748435974,0.000252044148510322
125.35090869238047,0.9998816251754761,0.00025155016919597983
125.35158981717541,0.9995718002319336,0.00025105293025262654
125.35227104197111,0.9998903274536133,0.0002506566233932972
125.35295216688974,0.9997304677963257,0.0002502528950572014
125.35363319168391,0.9998971223831177,0.0002499265247024596
125.35431431647885,1.0000156164169312,0.00024964415933936834
125.35499554139096,0.9999062418937683,0.00024938242859207094
125.3556766661859,0.9997261762619019,0.0002491661289241165
125.35635779098811,1.000085473060608,0.00024904386373236775
125.35703901578381,0.9999988675117493,0.00024892986402846873
125.35772014069516,1.000497817993164,0.0002489080070517957
125.3584012654901,1.0004711151123047,0.0002488839963916689
125.35908239028504,0.9999854564666748,0.0002488621976226568
125.35976351520367,1.0002775192260742,0.00024894598755054176
125.3604446399986,1.0001846551895142,0.00024903417215682566
125.3611258647943,1.0001862049102783,0.00024916770053096116
125.36180698970566,1.0003341436386108,0.0002493503852747381
125.3624881145006,1.000104308128357,0.00024953129468485713
125.3631692393028,1.0005401372909546,0.00024980586022138596
125.3638504640985,0.9996733069419861,0.00024999119341373444
125.3645314890091,0.99981689453125,0.00025029038079082966
125.36521261380403,1.000233769416809,0.0002506453893147409
125.36589383859973,0.9999127388000488,0.0002509604091756046
125.36657496351108,0.9998872876167297,0.0002513255167286843
125.3672560883133,0.9997540712356567,0.0002516993263270706
125.367937313109,1.00003981590271,0.00025214682682417333
125.36861843802035,1.0002074241638184,0.00025259857648052275
125.36929956281529,1.0002219676971436,0.0002530633064452559
125.36998068761022,0.9998841881752014,0.000253514910582453
125.37066181241244,1.0001904964447021,0.00025405167252756655
125.37134293732379,0.9995089769363403,0.0002545156457927078
125.37202406211873,0.999643087387085,0.0002550714707467705
125.37270528691442,1.0000483989715576,0.00025567214470356703
125.37338641170936,0.9996339082717896,0.00025621516397222877
125.37406763662148,1.000167965888977,0.00025685306172817945
125.37474876142369,1.000244379043579,0.0002574638929218054
125.37542978621786,1.0002793073654175,0.00025807239580899477
125.37611091112922,0.9999901652336121,0.0002586688206065446
125.37679213592492,0.9999417662620544,0.00025927997194230556
125.37747326072713,0.999950110912323,0.0002598960418254137
125.37815448552283,1.0004866123199463,0.00026055178022943437
125.37883561043418,0.9995646476745605,0.00026107055600732565
125.37951673522912,0.9998281002044678,0.00026167271425947547
125.38019796002482,1.0000978708267212,0.000262249173829332
125.3808789849354,0.9998879432678223,0.00026276602875441313
125.38156010973762,1.000038504600525,0.000263277004705742
125.38224133453332,0.9996786713600159,0.0002637112920638174
125.38292245932826,1.0001016855239868,0.0002641729370225221
125.38360358423961,0.9996963143348694,0.0002645213680807501
125.38428480903531,0.9996808171272278,0.00026486031129024923
125.38496593383752,0.9999122619628906,0.0002651846152730286
125.38564705863246,1.0000145435333252,0.00026547140441834927
125.38632818354381,0.9994903802871704,0.00026566380984149873
125.38700930833875,0.9997267127037048,0.00026589681510813534
125.38769043313368,1.0000288486480713,0.0002661132311914116
125.38837165792938,0.9998156428337097,0.0002662684128154069
125.38905278284801,0.999388575553894,0.00026639067800715566
125.38973390764295,1.0001904964447021,0.0002666006039362401
125.39041503243789,0.9995265007019043,0.0002666870423126966
125.39109625735,1.0001636743545532,0.0002668724628165364
125.39177728215145,1.0003361701965332,0.0002670233661774546
125.39245840694639,0.9995723962783813,0.0002670952817425132
125.39313963174209,1.0000241994857788,0.00026727732620202005
125.39382075665344,1.0003410577774048,0.0002674634743016213
125.39450188144838,1.0003433227539062,0.00026763431378640234
125.39518310624408,1.000241756439209,0.00026781519409269094
125.39586423104629,1.000380039215088,0.00026803684886544943
125.39654535595764,1.0002743005752563,0.0002682659251149744
125.39722648075258,0.9996093511581421,0.00026847588014788926
125.39790760554752,1.0002583265304565,0.0002688263193704188
125.39858873034245,0.9999373555183411,0.0002691299596335739
125.39926985514467,1.0003814697265625,0.00026953592896461487
125.39995108005678,1.0002909898757935,0.0002699395117815584
125.40063220485172,1.0001567602157593,0.000270386110059917
125.40131332964665,1.0000596046447754,0.0002708812244236469
125.40199455444235,1.0000203847885132,0.00027143978513777256
125.40267557936022,1.00039541721344,0.0002720863267313689
125.40335670415516,1.0003565549850464,0.0002727608080022037
125.40403792895086,1.0002250671386719,0.0002734891895670444
125.4047190537458,1.0002354383468628,0.0002742889628279954
125.40540017865715,0.9995396733283997,0.00027507534832693636
125.40608140345284,1.0004652738571167,0.0002760424686130136
125.40676252825506,1.0006500482559204,0.0002769854327198118
125.40744375305076,1.000171184539795,0.0002779067726805806
125.40812477796135,1.000050663948059,0.000278884923318401
125.40880590275628,0.9998615980148315,0.0002798768109641969
125.40948702755122,1.0000156164169312,0.00028090301202610135
125.4101682523542,0.999948263168335,0.0002819143992383033
125.41084937726555,0.9995868802070618,0.00028290587943047285
125.41153060206125,0.9996731877326965,0.00028391333762556314
125.41221172685619,1.0000191926956177,0.0002849210286512971
125.41289285165112,0.9999723434448242,0.00028586830012500286
125.41357387645257,1.0002413988113403,0.0002868070441763848
125.41425510136469,0.9999740123748779,0.00028765140450559556
125.41493622615963,0.999887228012085,0.00028845141059719026
125.41561735095456,0.9997555613517761,0.0002891796757467091
125.41629857575026,1.0000033378601074,0.0002898583188652992
125.4169797005452,0.9998878836631775,0.0002904216235037893
125.41766082546383,0.9994907379150391,0.000290867465082556
125.41834205025953,1.000415325164795,0.0002913083299063146
125.4190230750537,1.0000395774841309,0.0002915301301982254
125.41970419984864,1.0000691413879395,0.0002916520170401782
125.42038542476075,1.0000171661376953,0.0002916380180977285
125.42106654956297,0.9999952912330627,0.0002914763754233718
125.4217476743579,0.9996380805969238,0.00029113629716448486
125.4224288991536,0.9997702836990356,0.00029066982096992433
125.42311002406495,0.9996410608291626,0.0002900132676586509
125.42379114885989,0.9998055696487427,0.0002891958283726126
125.4244722736621,0.9999562501907349,0.0002882097032852471
125.42515339845704,0.9996996521949768,0.00028703935095109046
125.42583452325198,0.9999879002571106,0.00028577441116794944
125.42651564816333,0.9998641014099121,0.00028435149579308927
125.42719687295903,1.0002089738845825,0.0002828564611263573
125.42787799775397,1.0001152753829956,0.00028124512755312026
125.42855912255618,0.9998800158500671,0.00027954098186455667
125.42924034735188,1.0002310276031494,0.0002778288326226175
125.42992147226323,1.000307559967041,0.0002760599600151181
125.43060249705741,1.0000925064086914,0.0002742399519775063
125.43128362185962,1.0004217624664307,0.0002724529185798019
125.43196484665532,1.0000685453414917,0.0002706178929656744
125.43264597145026,1.0001803636550903,0.00026883467216975987
125.43332719636237,1.000056266784668,0.00026706678909249604
125.43400832115731,0.9999423623085022,0.00026534314383752644
125.43468944595224,0.9998646974563599,0.000263677240582183
125.43537067074794,1.00015389919281,0.0002621038001962006
125.4360516955494,0.9999028444290161,0.00026056126807816327
125.43673282034433,1.0001789331436157,0.00025914228172041476
125.43741404525645,0.9999354481697083,0.00025779998395591974
125.43809517005138,1.0003859996795654,0.0002565401082392782
125.4387762948536,1.0005497932434082,0.00025539411581121385
125.4394575196493,1.0000933408737183,0.00025428878143429756
125.44013864444423,0.9999831318855286,0.00025333091616630554
125.44081986935635,1.0002785921096802,0.0002524932788219303
125.44150089415052,1.000205159187317,0.00025174784241244197
125.44218201894546,0.9999975562095642,0.00025109757552854717
125.44286314374767,1.000003457069397,0.000250579381827265
125.44354436854337,1.0001288652420044,0.00025018068845383823
125.44422549333831,0.9999505877494812,0.0002498702087905258
125.44490661824966,1.0000230073928833,0.0002496922679711133
125.44558784304536,1.0001804828643799,0.00024963036412373185
125.44626896784757,0.9999499320983887,0.0002496275119483471
125.44694999264175,1.0004478693008423,0.00024977928842417896
125.44763121743745,1.000362753868103,0.00024996453430503607
125.4483123423488,0.9997314810752869,0.0002501887793187052
125.44899346714374,1.0001747608184814,0.0002505749580450356
125.44967469193944,0.999736487865448,0.00025095089222304523
125.45035581674165,1.0000531673431396,0.0002514715015422553
125.45103694153659,0.9997677206993103,0.00025200130767188966
125.45171806633152,0.9997888207435608,0.00025262514827772975
125.45239919124288,0.9999956488609314,0.00025332358200103045
125.45308031604509,0.999950110912323,0.000254054059041664
125.45376144084003,0.9997670650482178,0.0002548234770074487
125.45444266563572,0.9998515844345093,0.0002556635008659214
125.45512379043066,1.0001567602157593,0.0002565740142017603
125.4558049152256,0.9999887347221375,0.00025747649488039315
125.45648614013771,1.0000784397125244,0.00025843511684797704
125.45716726493993,0.9998547434806824,0.0002593962417449802
125.4578482897341,0.9999803304672241,0.000260409084148705
125.4585295145298,1.0001360177993774,0.00026144611183553934
125.45921063932474,1.0002036094665527,0.0002624719636514783
125.45989176411967,1.0000947713851929,0.000263488880591467
125.46057288892189,1.0000808238983154,0.00026450748555362225
125.461254113834,1.0002954006195068,0.00026552932104095817
125.46193523862894,1.0004477500915527,0.0002665257779881358
125.46261646342464,1.000213623046875,0.00026745465584099293
125.46329748821881,1.00010347366333,0.0002683531492948532
125.46397861302103,0.9999821186065674,0.00026920007076114416
125.46465973781596,1.000156044960022,0.00027001037960872054
125.46534096272808,1.0000652074813843,0.00027073314413428307
125.46602208752302,1.0001769065856934,0.00027141376631334424
125.46670331231871,1.000167727470398,0.00027202165802009404
125.46738443711365,0.9999178647994995,0.00027254599262960255
125.46806556191586,1.0000700950622559,0.0002730412525124848
125.46874658671004,0.9998723864555359,0.00027344669797457755
125.46942781150574,1.0007200241088867,0.00027388526359573007
125.47010893641709,1.0005884170532227,0.0002741798525676131
125.47079016121279,0.9998257160186768,0.00027437799144536257
125.471471286015,1.0000709295272827,0.0002745949605014175
125.47215241080994,1.0005167722702026,0.0002747802354861051
125.47283363560564,0.99974125623703,0.00027481644065119326
125.47351476040058,0.999613881111145,0.0002748568949755281
125.47419578519475,1.000345230102539,0.0002749144332483411
125.47487701011414,0.9996129274368286,0.0002748081460595131
125.47555813490908,0.9997658729553223,0.0002747315738815814
125.47623925970402,0.9996585249900818,0.0002745867823250592
125.47692048449971,1.0001845359802246,0.00027445630985312164
125.47760160929465,1.000266432762146,0.0002742469951044768
125.47828273408959,0.9997015595436096,0.00027394286007620394
125.4789638588918,1.0000849962234497,0.00027368078008294106
125.47964498368674,1.0002082586288452,0.0002733579894993454
125.48032610859809,1.0003618001937866,0.00027300880174152553
125.48100723339303,0.9999806880950928,0.0002725748927332461
125.48168845818873,1.0001107454299927,0.0002721572236623615
125.48236958299094,1.0003416538238525,0.0002717179886531085
125.48305070778588,0.9999091625213623,0.0002711967390496284
125.48373183258082,0.9997310638427734,0.0002706710365600884
125.48441305737651,1.0002484321594238,0.0002701867197174579
125.48509408217069,1.000008463859558,0.00026961430558003485
125.48577530709008,1.000051498413086,0.000269058917183429
125.48645643188502,1.000135898590088,0.00026849209098145366
125.48713755667995,1.0001205205917358,0.00026791534037329257
125.48781868147489,0.9996874332427979,0.0002673036069609225
125.48849990627059,1.000125527381897,0.00026677234563976526
125.48918103106553,1.0000160932540894,0.0002662009501364082
125.48986215586774,1.000088095664978,0.0002656562137417495
125.49054328066268,0.9999495148658752,0.00026511537726037204
125.49122440557403,1.0001990795135498,0.00026462101959623396
125.49190553036897,1.000264286994934,0.00026414034073241055
125.49258675516467,1.0002968311309814,0.0002636828867252916
125.49326787996688,0.9999526143074036,0.00026321649784222245
125.49394900476182,0.9992685317993164,0.00026275176787748933
125.49463022955752,0.9997633099555969,0.0002624112239573151
125.49531135435245,1.000030517578125,0.000262084708083421
125.49599237914663,0.9999998211860657,0.0002617546124383807
125.49667350394884,0.9998598098754883,0.0002614501863718033
125.49735472874454,0.9999557137489319,0.00026118772802874446
125.49803585365589,1.0000756978988647,0.00026095318025909364
125.49871707845159,1.000231385231018,0.0002607432543300092
125.49939820324653,0.9999120235443115,0.00026051283930428326
125.50007942804223,1.0003634691238403,0.00026036682538688183
125.50076055284444,0.9998903274536133,0.0002601550950203091
125.50144167763938,1.000120997428894,0.0002600166480988264
125.50212270243355,1.000199317932129,0.00025987011031247675
125.50280392722925,0.999944269657135,0.00025970410206355155
125.50348505202419,1.0002201795578003,0.00025958960759453475
125.5041661768264,1.000213384628296,0.0002594453690107912
125.50484740173852,0.9999990463256836,0.00025929100229404867
125.50552852653345,0.9997979402542114,0.0002591318916529417
125.50620965132839,1.0001646280288696,0.00025902132620103657
125.50689087612409,0.9994591474533081,0.0002588255738373846
125.50757190092554,0.9998464584350586,0.0002587229828350246
125.50825302572048,0.9998192191123962,0.0002585970505606383
125.50893425051618,1.0000758171081543,0.00025849975645542145
125.50961537531111,0.9998586177825928,0.00025837795692496
125.51029650010605,0.9998403191566467,0.0002582891029305756
125.51097772501817,1.0004035234451294,0.0002582728338893503
125.51165884982038,1.0001180171966553,0.00025819637812674046
125.51233997461532,0.9999245405197144,0.0002581512671895325
125.51302109941025,0.9997960329055786,0.00025814486434683204
125.51370222420519,0.9997256994247437,0.0002581629669293761
125.5143833490074,1.0000239610671997,0.00025824300246313214
125.51506447380234,1.0000141859054565,0.00025833272957243025
125.51574569859804,1.0000290870666504,0.000258445565123111
125.51642682339298,0.9999336004257202,0.00025857711443677545
125.51710794818791,1.0001847743988037,0.00025876067229546607
125.51778917298361,0.9999659061431885,0.00025893066776916385
125.51847019778506,1.0000098943710327,0.0002591401862446219
125.51915132258,1.0000364780426025,0.0002593747340142727
125.51983244737494,0.9998436570167542,0.0002595912083052099
125.52051367228705,0.9998930096626282,0.00025983891100622714
125.52119479708199,0.999797523021698,0.00026008335407823324
125.52187602188496,0.9997692108154297,0.00026032087043859065
125.5225571466799,0.9998493790626526,0.0002605644694995135
125.52323827147484,1.0002074241638184,0.000260820088442415
125.52391929626901,0.9998825192451477,0.0002609956718515605
125.52460052106471,1.0001349449157715,0.0002611891832202673
125.52528164586693,0.9999548196792603,0.00026131176855415106
125.52596287066262,1.0000758171081543,0.0002614269615150988
125.52664399545756,0.9996235370635986,0.000261441629845649
125.5273251202525,0.9995926022529602,0.00026146331219933927
125.5280063450482,0.9999184608459473,0.0002614707045722753
125.52868746984313,1.0003106594085693,0.00026145103038288653
125.52936849464459,0.9998529553413391,0.00026132192579098046
125.53004971944029,0.999909520149231,0.00026120719849132
125.53073084423522,1.000460147857666,0.00026111575425602496
125.53141196903016,1.0001978874206543,0.00026092343614436686
125.53209319394227,1.000204086303711,0.00026073798653669655
125.53277431874449,1.0001696348190308,0.00026053283363580704
125.53345544353942,1.0001949071884155,0.0002603250031825155
125.53413666833512,0.9999484419822693,0.00026008812710642815
125.5348176931293,1.0000773668289185,0.00025987953995354474
125.53549881792424,0.9997010231018066,0.000259627791820094
125.53618004271993,1.000230312347412,0.00025946644018404186
125.53686116752215,0.9999287128448486,0.00025923195062205195
125.53754229231708,0.9997460842132568,0.0002590275544207543
125.53822351711278,0.9997518658638,0.0002588561619631946
125.53890464190772,0.999992847442627,0.0002587207418400794
125.53958576670266,1.0002812147140503,0.00025860685855150223
125.54026689150487,0.9998520612716675,0.0002584627945907414
125.54094801629981,0.9997388124465942,0.00025836980785243213
125.54162914109475,1.0002803802490234,0.0002583669265732169
125.54231026588968,1.0000735521316528,0.00025833523250184953
125.54299149068538,1.0000135898590088,0.0002583431778475642
125.5436726154876,0.9998598098754883,0.0002583796449471265
125.54435374028253,1.00044846534729,0.0002585236507002264
125.54503496507823,1.0003576278686523,0.0002586517948657274
125.5457159898724,0.999820351600647,0.0002587747585494071
125.54639711466734,0.9998936057090759,0.0002589958894532174
125.54707833947032,0.9999608397483826,0.0002592726668808609
125.54775946426525,1.0001426935195923,0.0002595981059130281
125.54844058917661,0.9995241761207581,0.00025989682762883604
125.54912171385513,0.9999990463256836,0.00026032584719359875
125.54980293876724,0.9998766183853149,0.0002607559144962579
125.55048406356218,0.9998279809951782,0.00026121840346604586
125.55116508836363,0.999673068523407,0.0002617149439174682
125.55184631315933,0.9997726678848267,0.0002622686151880771
125.55252743795427,0.9995852708816528,0.0002628302027005702
125.5532085627492,0.9996659159660339,0.00026344205252826214
125.5538897875449,0.999970018863678,0.0002641037863213569
125.55457091234712,0.999859631061554,0.0002647492219693959
125.55525203714205,1.0000765323638916,0.00026544465799815953
125.55593326193775,0.9996531009674072,0.00026610682834871113
125.55661428673193,0.9996654987335205,0.0002668152446858585
125.55729541152687,0.9998989105224609,0.00026755547150969505
125.55797663632984,0.9996006488800049,0.0002682512567844242
125.55865776112478,0.9999253153800964,0.0002689953544177115
125.55933888591971,0.9996347427368164,0.00026968770544044673
125.56002011071541,0.9996954202651978,0.00027039952692575753
125.56070123551035,0.9995794892311096,0.00027107499772682786
125.56138246030605,1.0002456903457642,0.00027179898461326957
125.5620634851075,1.000052809715271,0.0002724261430557817
125.56274460990244,0.9993889927864075,0.00027298269560560584
125.56342573469738,0.999788224697113,0.0002735811285674572
125.56410695949307,0.9996079206466675,0.00027409938047640026
125.56478808428801,0.9998735785484314,0.00027460127603262663
125.56546930909099,0.9992528557777405,0.00027497336850501597
125.56615043388592,0.9998896718025208,0.00027539447182789445
125.56683155868086,0.9999679327011108,0.0002757063484750688
125.56751258347504,0.9996988773345947,0.00027593024424277246
125.56819380827073,0.9999187588691711,0.00027612270787358284
125.56887493307295,0.9998388290405273,0.0002762408403214067
125.56955605786789,0.999652087688446,0.00027630236581899226
125.57023728266358,1.0001239776611328,0.0002763638913165778
125.57091840745852,1.000227689743042,0.00027635216247290373
125.57159953225346,1.000082015991211,0.00027628600946627557
125.57228075704916,1.0002044439315796,0.00027620227774605155
125.57296178185061,1.0004148483276367,0.00027609409880824387
125.57364290664555,1.0000450611114502,0.00027591350954025984
125.57432413144124,0.9999919533729553,0.00027574182604439557
125.57500525623618,1.0000404119491577,0.00027555544511415064
125.5756863810384,0.9999520778656006,0.000275347352726385
125.57636750583333,1.000389575958252,0.00027516737463884056
125.57704873062903,0.9998043775558472,0.00027489886269904673
125.57772985542397,0.9998188018798828,0.00027467793552204967
125.5784109802189,1.0003983974456787,0.0002744895755313337
125.57909210501384,1.0002930164337158,0.0002742583747021854
125.57977322981606,0.9998504519462585,0.00027399437385611236
125.58045435461099,0.9994248151779175,0.0002737398608587682
125.58113557940669,1.0001260042190552,0.0002735837479121983
125.58181670420163,1.0000015497207642,0.0002733696310315281
125.58249782899657,0.9998556971549988,0.0002731593558564782
125.58317905379226,1.0003186464309692,0.0002730053383857012
125.58386017859448,1.0000613927841187,0.00027280388167127967
125.58454120338865,0.9999318718910217,0.0002726275415625423
125.58522232818359,0.9995183944702148,0.00027243784279562533
125.58590355286287,1.0000224113464355,0.00027233155560679734
125.5865846777815,0.9997221231460571,0.0002721716882660985
125.58726590246079,1.0000213384628296,0.0002720777702052146
125.58794702725572,1.0000271797180176,0.00027196688461117446
125.58862825205142,0.9998937249183655,0.0002718616451602429
125.58930937684636,0.9999119639396667,0.0002717745373956859
125.58999040164053,1.0000742673873901,0.0002717070165090263
125.59067152644275,0.9999637603759766,0.00027162779588252306
125.59135275123845,1.0001187324523926,0.0002715713926590979
125.59203387603338,1.0002301931381226,0.0002715230220928788
125.59271500082832,1.0003210306167603,0.0002714745351113379
125.59339622562402,1.0003458261489868,0.00027142977342009544
125.59407735042623,1.000266432762146,0.0002713779977057129
125.59475857522193,0.9999215006828308,0.0002713078574743122
125.5954396000161,1.0004817247390747,0.00027131897513754666
125.59612072481104,1.0001797676086426,0.0002712592831812799
125.59680184960598,0.9999452233314514,0.0002712068671826273
125.59748307440168,0.9998461604118347,0.0002711715060286224
125.5981641992039,0.9998656511306763,0.0002711405686568469
125.59884532399883,1.000170350074768,0.0002711387351155281
125.59952654879453,0.9996421933174133,0.00027106207562610507
125.60020767358947,0.9999819397926331,0.00027105529443360865
125.60088869839092,0.9997585415840149,0.00027099851286038756
125.60156992318662,1.000345230102539,0.00027100564329884946
125.60225104798155,1.0001636743545532,0.00027093736571259797
125.60293217277649,0.999839186668396,0.00027084635803475976
125.60361329745501,1.0004291534423828,0.0002708287793211639
125.60429452225071,1.000111699104309,0.0002707174571696669
125.60497564705292,1.0002496242523193,0.0002706284576561302
125.60565677184786,1.0001260042190552,0.000270500429905951
125.6063378966428,1.0000938177108765,0.0002703697537072003
125.60701902143774,1.00052011013031,0.00027025301824323833
125.60770014623267,0.9997517466545105,0.00027001032140105963
125.60838137103565,1.0001170635223389,0.0002698427706491202
125.60906249583059,0.9997629523277283,0.00026960004470311105
125.60974362062552,1.000383734703064,0.00026941829128190875
125.61042484542122,1.000091791152954,0.00026915015769191086
125.61110597021616,1.000121831893921,0.000268901843810454
125.61178699501761,1.0000287294387817,0.0002686307125259191
125.61246811981255,0.9999037384986877,0.0002683508791960776
125.61314934460825,1.000116229057312,0.00026809965493157506
125.61383046940318,0.9999009370803833,0.00026781836641021073
125.61451169408247,1.0002384185791016,0.00026757846353575587
125.6151928188774,0.9999577403068542,0.00026729280943982303
125.61587394367962,0.9999315142631531,0.00026704248739406466
125.61655516847532,0.9999940395355225,0.0002668031957000494
125.61723619326949,0.9994235634803772,0.00026652406086213887
125.61791731806443,0.9999746680259705,0.0002663565392140299
125.61859844285937,0.9997934699058533,0.00026614003581926227
125.61927966766234,0.9999574422836304,0.0002659721067175269
125.61996079245728,0.9999592900276184,0.00026580790290609
125.62064201725298,0.9997544288635254,0.0002656463475432247
125.62132314204791,0.999798059463501,0.000265523383859545
125.62200426684285,0.9997208118438721,0.00026541747502051294
125.6226852916443,0.9999480247497559,0.0002653599367477
125.62336651644,1.000023603439331,0.00026531345793046057
125.62404764111852,0.9996545910835266,0.0002652554539963603
125.62472886591422,0.9997658729553223,0.00026526476722210646
125.62540999070916,1.0000569820404053,0.0002653153205756098
125.6260911155041,0.9996465444564819,0.00026533965137787163
125.62677234030707,0.9996665120124817,0.00026542850537225604
125.62745346510201,0.9999393820762634,0.00026557338424026966
125.62813448989618,1.000057339668274,0.0002657348522916436
125.62881571469188,0.9997512698173523,0.00026590045308694243
125.62949683948682,1.0001589059829712,0.00026615537353791296
125.63017796428903,0.9999017715454102,0.0002663862251210958
125.63085918908473,1.0000903606414795,0.00026668477221392095
125.63154031387967,0.9996329545974731,0.00026695316773839295
125.63222143855819,1.000026822090149,0.0002673197886906564
125.63290256335313,1.0002423524856567,0.0002676950243767351
125.63358368815534,0.9999255537986755,0.00026805297238752246
125.63426481295028,0.999798595905304,0.0002684355713427067
125.63494593774521,1.000057339668274,0.0002688709064386785
125.63562716254091,0.9999200105667114,0.0002692934649530798
125.63630828733585,0.9997701644897461,0.0002697252493817359
125.63698941213079,0.9998719096183777,0.0002701916091609746
125.637670536933,0.9999164342880249,0.0002706591913010925
125.6383517617287,1.000096321105957,0.00027114214026369154
125.63903278640646,1.0000284910202026,0.00027160337776876986
125.6397139112014,0.9997012615203857,0.00027204540674574673
125.6403951359971,0.9998290538787842,0.0002725229423958808
125.64107626079931,0.9997920393943787,0.00027297090855427086
125.64175738559425,1.0000773668289185,0.00027343828696757555
125.64243861038995,1.0002297163009644,0.00027387618320062757
125.64311973518488,0.9999790787696838,0.00027426000451669097
125.64380085997982,0.9997631907463074,0.00027462601428851485
125.64448198466562,0.9998325705528259,0.0002749837003648281
125.64516310946055,0.9997952580451965,0.00027529525686986744
125.64584423425549,0.999706506729126,0.0002755706664174795
125.64652545905119,1.0000646114349365,0.00027583944029174745
125.64720658384613,0.9999759197235107,0.0002760321367532015
125.64788770864834,0.9997509717941284,0.0002761590003501624
125.64856893344404,0.9998646378517151,0.00027626074734143913
125.64925005823898,0.9994530081748962,0.000276268576271832
125.64993108303315,1.0001314878463745,0.0002763093507383019
125.65061230771244,1.0002350807189941,0.00027625865186564624
125.65129343250737,0.9998723864555359,0.0002761282667052001
125.65197455730959,0.999660074710846,0.0002759644412435591
125.65265578210528,1.000281572341919,0.0002758282935246825
125.65333690690022,0.9995734095573425,0.0002755493624135852
125.65401813169592,1.0001698732376099,0.0002753438602667302
125.65469925649086,0.9999574422836304,0.00027503722230903804
125.65538038129307,1.0000120401382446,0.0002747280232142657
125.65606140597083,0.999956488609314,0.0002743776421993971
125.65674263076653,0.9997828006744385,0.0002739965566433966
125.65742375556147,0.9997236132621765,0.0002736023743636906
125.65810498035717,1.000003695487976,0.00027321482775732875
125.6587861051521,0.9998523592948914,0.0002727718965616077
125.65946722995432,0.9999160170555115,0.00027232913998886943
125.66014835474925,0.9998058676719666,0.000271849799901247
125.66082957954495,0.9999542236328125,0.00027137150755152106
125.66151060422271,0.9995982646942139,0.00027084312750957906
125.66219172902493,0.9999759197235107,0.00027035624952986836
125.66287295382062,1.0001956224441528,0.00026983823045156896
125.66355407861556,1.0003713369369507,0.00026929829618893564
125.6642352034105,1.000429391860962,0.0002687376399990171
125.66491632820544,1.0000518560409546,0.0002681200276128948
125.66559755300113,0.9997210502624512,0.00026748739765025675
125.66627867768693,1.0000587701797485,0.00026690089725889266
125.66695970248111,1.0001500844955444,0.00026627324405126274
125.6676409272768,1.0002620220184326,0.00026562990387901664
125.66832205207174,0.9998908638954163,0.00026493065524846315
125.66900317686668,0.9998534321784973,0.0002642464532982558
125.66968440166966,0.9999693036079407,0.0002635553537402302
125.6703655264646,0.9999362826347351,0.00026284068007953465
125.67104665114312,0.9998943209648132,0.00026212941156700253
125.67172787593881,0.9995225667953491,0.00026137486565858126
125.67240890073299,0.9999032616615295,0.00026068667648360133
125.6730900255352,0.9998559951782227,0.000259967491729185
125.67377115033014,1.000025749206543,0.00025927304523065686
125.67445237512584,0.9998003244400024,0.00025856250431388617
125.67513349992078,0.9995471835136414,0.0002578599378466606
125.67581472460006,1.0000860691070557,0.00025724354782141745
125.676495849395,1.0000184774398804,0.0002565973554737866
125.67717697419721,0.9999333620071411,0.00025597502826713026
125.67785799899139,0.9999961256980896,0.0002553914091549814
125.67853922378708,1.000111699104309,0.0002548422198742628
125.6792203484656,0.9994994401931763,0.00025426055071875453
125.6799015732613,0.9997192621231079,0.00025378039572387934
125.68058269806352,0.9999762177467346,0.0002533350489102304
125.68126382285845,1.0000131130218506,0.0002529130724724382
125.68194504765415,0.999603807926178,0.00025247529265470803
125.68262617244909,1.000180721282959,0.0002521669084671885
125.68330719724327,0.9999252557754517,0.0002518177789170295
125.68398842192983,0.9999446868896484,0.0002515234227757901
125.68466954672476,1.0002473592758179,0.00025128814741037786
125.6853506715197,0.9999369978904724,0.00025103180087171495
125.6860318963154,0.9998724460601807,0.0002508290344849229
125.68671302111034,1.0001765489578247,0.00025069041294045746
125.68739414578886,0.9999054074287415,0.00025053188437595963
125.68807537059183,0.9999349117279053,0.0002504283911548555
125.68875639538601,0.9999672174453735,0.00025034905411303043
125.68943752018095,1.0000900030136108,0.00025031567201949656
125.69011874497664,1.0000929832458496,0.00025029529933817685
125.69079986977158,1.0003900527954102,0.0002503322612028569
125.69148099445738,1.0004138946533203,0.0002503735013306141
125.69216211925232,0.9998274445533752,0.00025038482272066176
125.69284334404801,0.9997837543487549,0.0002504769654478878
125.69352446884295,1.000429630279541,0.00025065767113119364
125.69420559363789,1.0000379085540771,0.00025077463942579925
125.6948867184401,1.0001181364059448,0.0002509583719074726
125.69556784311862,0.9998610615730286,0.0002511486818548292
125.69624896791356,1.0003933906555176,0.0002514270308893174
125.69693019270926,1.0000064373016357,0.00025165817351080477
125.6976113175042,1.000114917755127,0.0002519530535209924
125.69829244230641,1.000164270401001,0.00025226743309758604
125.6989736669857,1.0002541542053223,0.00025260652182623744
125.69965469177987,1.0002363920211792,0.0002529628109186888
125.7003358165748,1.000178337097168,0.00025333085795864463
125.70101694136974,1.0002676248550415,0.0002537218388170004
125.70169816616544,0.999800443649292,0.0002540841232985258
125.70237929085124,0.999665379524231,0.00025447658845223486
125.70306041564618,1.0001368522644043,0.0002549280470702797
125.70374164044188,0.9995433688163757,0.00025528165861032903
125.70442276523681,1.000312328338623,0.0002557655971031636
125.70510379003827,1.0001111030578613,0.0002561421715654433
125.70578501471755,0.9997058510780334,0.00025649540475569665
125.70646613951249,0.9998078346252441,0.00025687323068268597
125.70714726430742,1.0001295804977417,0.0002572561497800052
125.70782848910312,0.999518632888794,0.0002575320831965655
125.70850961389806,1.0000625848770142,0.00025788022321648896
125.70919083857734,0.9999952912330627,0.0002581480366643518
125.70987196337956,0.9996035695075989,0.0002583512687124312
125.71055298817373,0.9998305439949036,0.00025858054868876934
125.71123411296867,0.9996519684791565,0.0002587438211776316
125.71191533776437,0.9999057054519653,0.0002589257201179862
125.71259646244289,1.0001431703567505,0.00025908424868248403
125.71327768724586,0.9998645782470703,0.000259180465945974
125.7139588120408,1.000083088874817,0.0002593108802102506
125.71463993683574,1.0001381635665894,0.00025941981584765017
125.71532116163144,1.0001108646392822,0.00025951681891456246
125.7160021863092,1.0000094175338745,0.0002596163540147245
125.71668331111141,0.9997230768203735,0.0002597036072984338
125.71736443590635,0.9998692274093628,0.0002598373976070434
125.71804566070205,0.999832272529602,0.0002599621075205505
125.71872678538057,0.9997656345367432,0.0002601063170004636
125.71940801017627,0.9998430013656616,0.0002602731983643025
125.7200891349712,1.0002633333206177,0.00026049098232761025
125.72077025977342,0.9999386668205261,0.0002606657799333334
125.72145128445118,1.0002577304840088,0.000260916945990175
125.72213250924688,0.9998727440834045,0.000261118751950562
125.72281363404181,0.9997736811637878,0.00026137245004065335
125.72349475884403,1.0000810623168945,0.0002616740530356765
125.72417598363973,0.9998290538787842,0.00026194422389380634
125.72485710831825,0.9999518990516663,0.00026226238696835935
125.72553823311318,1.0001846551895142,0.0002626000496093184
125.72621945790888,1.0001176595687866,0.0002629193477332592
125.72690058270382,1.000282883644104,0.0002632630057632923
125.72758160738886,0.9997177124023438,0.00026354656438343227
125.7282627321838,1.000213384628296,0.0002639179292600602
125.72894395697949,1.00031316280365,0.0002642518957145512
125.72962508177443,0.9995550513267517,0.00026449962751939893
125.73030620645295,1.0001025199890137,0.00026484488626010716
125.73098743125593,1.0003505945205688,0.00026515504578128457
125.73166855605086,1.0002615451812744,0.0002654116542544216
125.7323496808458,0.9999147057533264,0.0002656347642187029
125.73303080564074,0.9999173879623413,0.0002658741141203791
125.73371193031926,1.000040888786316,0.000266102550085634
125.73439305512147,1.0000524520874023,0.0002663084596861154
125.73507427991717,0.9997849464416504,0.00026647289632819593
125.7357554045957,1.000149130821228,0.0002666819782461971
125.73643652939063,1.0001344680786133,0.00026684635668061674
125.73711775418633,1.0000078678131104,0.0002669897221494466
125.73779887898127,1.000050663948059,0.0002671397814992815
125.73847990378272,0.9998534321784973,0.0002672602131497115
125.739161128462,1.0000717639923096,0.00026740258908830583
125.73984225325694,1.0001367330551147,0.00026752916164696217
125.74052337805188,0.9998295903205872,0.00026761810295283794
125.74120460284757,1.0002208948135376,0.000267763010924682
125.74188572753337,1.0005543231964111,0.0002678925229702145
125.74256695232907,1.000067949295044,0.00026794939185492694
125.74324807712401,1.0000576972961426,0.0002680478210095316
125.74392910191818,1.0002115964889526,0.00026815268211066723
125.7446102265967,0.9997057318687439,0.0002681936603039503
125.74529145139968,0.9997995495796204,0.00026828786940313876
125.74597257619462,1.000351071357727,0.00026841842918656766
125.7466538008739,1.0002527236938477,0.00026848376728594303
125.74733492566884,1.0002652406692505,0.0002685606596060097
125.74801605046378,1.0000885725021362,0.00026861848891712725
125.74869717525871,1.0001925230026245,0.00026869625435210764
125.74937829994451,1.000016212463379,0.00026876016636379063
125.75005942473945,1.000382900238037,0.0002688661916181445
125.75074054953438,1.0006605386734009,0.0002689672983251512
125.75142177433008,1.0002171993255615,0.00026902303216047585
125.7521028990086,1.0000784397125244,0.0002691026602406055
125.75278402381082,0.9999952912330627,0.00026920915115624666
125.75346524860652,1.000051736831665,0.0002693345886655152
125.75414637340145,1.000159740447998,0.0002694787981454283
125.75482739807921,0.9995734095573425,0.0002695835428312421
125.75550852287415,1.0001050233840942,0.00026979841641150415
125.75618974767713,1.000122308731079,0.0002699895412661135
125.75687087235565,1.000124454498291,0.0002701989724300802
125.75755199715059,1.0000174045562744,0.00027041230350732803
125.75823322194628,1.0001477003097534,0.00027065930771641433
125.75891434674122,1.0001565217971802,0.00027091626543551683
125.75959547141974,0.9999886155128479,0.000271172117209062
125.76027659622196,0.9998325109481812,0.0002714301226660609
125.7609577210169,0.9997249841690063,0.0002717031165957451
125.76163884569542,1.0000605583190918,0.00027201217017136514
125.76232007049111,1.0002117156982422,0.00027229601982980967
125.76300119528605,1.000175952911377,0.00027255964232608676
125.76368232008826,1.0001213550567627,0.0002728026593104005
125.76436354476755,0.9994398355484009,0.00027297207270748913
125.76504466956249,0.9995545148849487,0.0002731720742303878
125.76572569435666,0.999797523021698,0.0002733491419348866
125.76640681903518,1.0001040697097778,0.000273486744845286
125.76708804383816,1.0000073909759521,0.0002735408488661051
125.7677691686331,0.9998115301132202,0.0002735325542744249
125.7684503934288,0.9997650980949402,0.00027346774004399776
125.76913151810732,0.9997661113739014,0.0002733379078563303
125.76981264290225,1.0003838539123535,0.00027318179490976036
125.77049386769795,1.0000195503234863,0.0002728620311245322
125.77117489238299,1.0000821352005005,0.00027249258710071445
125.77185601717792,1.0000314712524414,0.00027203100034967065
125.77253724197362,0.9999107122421265,0.0002714814618229866
125.77321836665215,1.0000249147415161,0.00027088617207482457
125.77389949144708,0.9997181296348572,0.0002702022611629218
125.77458071625006,0.9999334812164307,0.0002695092698559165
125.775261841045,0.9997382164001465,0.00026874622562900186
125.77594296572352,1.0002520084381104,0.00026801700005307794
125.77662409051845,0.9998226165771484,0.0002671917900443077
125.77730521531339,1.0002093315124512,0.00026642755256034434
125.77798633999919,0.9998354315757751,0.0002656077849678695
125.77866756479489,0.9997454881668091,0.0002648203226272017
125.77934868958982,1.0001882314682007,0.0002640984021127224
125.78002981426835,0.9999419450759888,0.00026335642905905843
125.78071103906404,1.0000042915344238,0.0002626754285302013
125.78139216385898,0.9998441338539124,0.0002620188461150974
125.78207318866043,0.9996469616889954,0.00026141657144762576
125.78275441333972,0.9999536871910095,0.0002609159564599395
125.78343553813465,0.9997643232345581,0.0002604331821203232
125.78411666292959,0.9997761249542236,0.000260041473666206
125.78479778761539,0.9998388290405273,0.00025971708237193525
125.78547901241109,0.9998293519020081,0.0002594671386759728
125.78616013720602,0.999653160572052,0.00025927129900082946
125.78684126188455,1.0000890493392944,0.0002592055534478277
125.78752238667948,1.0003303289413452,0.000259198626736179
125.78820351147442,1.0002238750457764,0.0002592331147752702
125.78888463616022,0.999961256980896,0.00025933017604984343
125.78956586095592,1.0001012086868286,0.00025953506701625884
125.79024698575085,0.9999938011169434,0.0002597852435428649
125.79092811042938,1.0005073547363281,0.0002601583255454898
125.79160923522431,0.9998745918273926,0.00026050180895254016
125.79229046002729,1.0004703998565674,0.0002610006195027381
125.79297148470505,1.0001899003982544,0.00026149075711145997
125.79365260949999,1.0001250505447388,0.0002620416635181755
125.79433383429568,1.000260829925537,0.00026265394990332425
125.7950149589742,1.000024437904358,0.0002632715040817857
125.79569608377642,0.999967634677887,0.00026393705047667027
125.79637730857212,1.0000712871551514,0.0002646409848239273
125.79705843325064,1.0002131462097168,0.00026537891244515777
125.79773965804634,0.999839186668396,0.0002660849713720381
125.79842068284051,1.0001373291015625,0.00026686908677220345
125.79910180752631,0.9998084902763367,0.00026760553009808064
125.79978293232125,0.9998488426208496,0.00026838359190151095
125.80046415711695,1.0003448724746704,0.0002692036796361208
125.80114528179547,0.999704897403717,0.00026992044877260923
125.80182650659117,1.0000543594360352,0.0002707125968299806
125.8025076313861,1.0000410079956055,0.00027146367938257754
125.8031887560719,0.9999097585678101,0.0002721906639635563
125.8038699808676,0.9998518824577332,0.00027289826539345086
125.80455100566178,0.9997756481170654,0.0002735783054959029
125.8052321303403,1.0001856088638306,0.00027426035376265645
125.80591325513524,1.0003505945205688,0.00027487953775562346
125.80659447993821,0.999743640422821,0.0002753975277300924
125.80727560461673,1.0000441074371338,0.0002759369381237775
125.80795682941243,1.0002162456512451,0.0002764039090834558
125.80863795420737,1.0001730918884277,0.000276787206530571
125.80931907888589,0.9997262954711914,0.00027707385015673935
125.81000010368734,0.9999802708625793,0.0002773317974060774
125.81068132836663,0.9997421503067017,0.00027747233980335295
125.81136245316156,0.9998489022254944,0.0002775544417090714
125.8120435779565,1.0001047849655151,0.0002775487373583019
125.81272480263578,1.000049114227295,0.00027742268866859376
125.81340592743072,1.0000171661376953,0.0002772167790681124
125.81408705223294,0.9997233152389526,0.00027691139257512987
125.81476827691222,1.0004404783248901,0.0002766094112303108
125.8154493017064,0.9994797706604004,0.0002761084761004895
125.81613042638492,0.9994571208953857,0.0002756253525149077
125.81681165118061,1.000410556793213,0.0002751699648797512
125.81749277598283,0.9998833537101746,0.0002745455130934715
125.81817390066135,1.0001099109649658,0.0002739507472142577
125.81885502545629,1.0001260042190552,0.00027330341981723905
125.81953625025199,0.999441385269165,0.0002725767844822258
125.82021737493051,1.00001060962677,0.0002719380718190223
125.82089839973196,1.000105619430542,0.0002712425193749368
125.82157962452766,1.0001730918884277,0.00027053867233917117
125.82226074920618,0.9999864101409912,0.0002698111056815833
125.82294187400112,0.9999422430992126,0.0002691003028303385
125.82362309879682,0.9995241165161133,0.00026837046607397497
125.82430422347534,0.9999358654022217,0.00026771670673042536
125.82498534827755,0.9998748302459717,0.0002670448157005012
125.82566657295683,1.0000696182250977,0.0002664110215846449
125.82634759775101,0.9997867345809937,0.0002657661389093846
125.82702872254595,1.0000768899917603,0.00026519130915403366
125.82770994722523,1.0000016689300537,0.00026462238747626543
125.82839107202744,0.9999650120735168,0.00026408935082145035
125.82907219670597,1.0002847909927368,0.00026362278731539845
125.82975342150166,0.9998124241828918,0.00026313273701816797
125.8304345462966,1.0003418922424316,0.00026276957942172885
125.83111577097588,1.000223159790039,0.00026240013539791107
125.83179679577734,0.9998033046722412,0.00026205877657048404
125.83247792057227,1.0000219345092773,0.00026183418231084943
125.8331590452508,0.99993896484375,0.0002616377314552665
125.8338402700465,1.0002044439315796,0.00026153665385209024
125.83452139472502,1.0005959272384644,0.00026150094345211983
125.83520261952071,1.0002497434616089,0.0002614589757286012
125.83588374432293,0.9999093413352966,0.0002614815894048661
125.83656486900145,1.0000388622283936,0.0002615989651530981
125.83724589379563,1.0001680850982666,0.0002617736463434994
125.83792711847491,1.0001916885375977,0.00026200266438536346
125.83860824326985,1.0001468658447266,0.00026227562921121716
125.83928936807206,1.000382900238037,0.0002626337518449873
125.83997059275134,0.999953031539917,0.0002629881491884589
125.84065171754628,0.9997414946556091,0.0002634191478136927
125.8413328422248,1.0002321004867554,0.0002639594895299524
125.8420140670205,0.9998946189880371,0.00026447317213751376
125.84269509182195,1.000378966331482,0.00026510655879974365
125.84337621650047,1.0001258850097656,0.0002657206205185503
125.84405744129617,0.9999199509620667,0.00026637077098712325
125.8447385659747,1.0001637935638428,0.0002670974936336279
125.84541969076963,1.0000916719436646,0.0002678257296793163
125.84610081557184,0.9999417066574097,0.00026856071781367064
125.84678204025113,1.0001262426376343,0.0002693516144063324
125.84746316504607,0.9998435378074646,0.00027011006022803485
125.84814418972383,1.0001229047775269,0.0002709154796320945
125.84882541451952,1.000157356262207,0.0002716984017752111
125.84950653919805,1.0001896619796753,0.00027247407706454396
125.85018766400026,0.9998384714126587,0.0002731926506385207
125.85086888879596,0.9999874234199524,0.00027393136406317353
125.85155001347448,1.000105619430542,0.0002746284008026123
125.85223113826942,0.9996477961540222,0.0002752431610133499
125.8529123629487,0.9999347925186157,0.00027586694341152906
125.85359338775015,1.0001673698425293,0.00027643147041089833
125.85427451254509,1.0004090070724487,0.00027694960590451956
125.85495563722361,1.0000890493392944,0.0002773668966256082
125.85563686201931,1.000107765197754,0.0002777628833428025
125.85631798669783,1.0000972747802734,0.0002781043585855514
125.85699911150004,1.0000215768814087,0.0002783880627248436
125.85768033629574,1.0001835823059082,0.00027864600997418165
125.85836146097427,0.9997316002845764,0.0002788006968330592
125.85904248576844,1.0000557899475098,0.00027897776453755796
125.85972371044772,1.0000234842300415,0.00027907692128792405
125.86040483524994,0.9995599985122681,0.00027910550124943256
125.86108595992846,1.0000178813934326,0.0002791617880575359
125.86176718472416,0.9997798800468445,0.00027911525103263557
125.8624483095191,0.9999833703041077,0.0002790733997244388
125.86312953419838,0.9999714493751526,0.0002789740974549204
125.86381065899332,0.9994173049926758,0.0002787927514873445
125.86449168367835,1.0001044273376465,0.0002786687982734293
125.86517280847329,1.0000947713851929,0.0002784612006507814
125.86585403315257,1.000229835510254,0.00027822787524200976
125.86653515794751,0.9993763566017151,0.00027787694125436246
125.8672163826268,1.0002857446670532,0.0002776383771561086
125.867897507429,0.9995467662811279,0.00027722984668798745
125.86857863222394,0.9996846914291382,0.0002768571430351585
125.86925985690323,0.9996859431266785,0.00027643723296932876
125.8699408816974,0.999599277973175,0.0002759808849077672
125.87062200637592,1.0003273487091064,0.00027555340784601867
125.87130323117162,0.9997602105140686,0.0002749885607045144
125.87198435585742,0.9994465112686157,0.00027441285783424973
125.87266548065236,1.0002464056015015,0.00027389207389205694
125.87334660533088,0.9998517632484436,0.00027324259281158447
125.87402783012658,0.9997430443763733,0.0002725842350628227
125.87470895492152,1.0001407861709595,0.00027194214635528624
125.87539007960731,0.99998939037323,0.00027123288600705564
125.87607120440225,1.000071406364441,0.00027053599478676915
125.87675232908077,0.9998961091041565,0.00026980380062013865
125.87743345387571,0.9998981952667236,0.0002690861583687365
125.878114678555,0.9994964003562927,0.0002683357161004096
125.8787958033572,0.9998681545257568,0.0002676586445886642
125.87947692803573,1.0000656843185425,0.00026697179418988526
125.88015805283067,0.9997989535331726,0.0002662695187609643
125.88083927750995,0.9998553395271301,0.00026561293634586036
125.88152030230412,1.0001956224441528,0.00026500484091229737
125.88220142710634,1.0002195835113525,0.0002644062624312937
125.88288265178562,0.999687135219574,0.0002637898433022201
125.88356377658056,0.9996079206466675,0.00026325241196900606
125.88424490125908,1.00016188621521,0.0002628083457238972
125.88492612605478,0.9998666644096375,0.00026232979143969715
125.8856072507333,0.9997967481613159,0.00026192344375886023
125.88628847553628,1.0000841617584229,0.0002615992561914027
125.88696950021404,1.000433325767517,0.0002613290271256119
125.88765062500897,1.000597357749939,0.0002610931114759296
125.8883317496875,0.9998711943626404,0.0002608438371680677
125.8890129744832,1.0004498958587646,0.00026076650829054415
125.88969409916899,1.000386118888855,0.0002606959315016866
125.89037532396469,0.9998965263366699,0.0002606479683890939
125.89105644864321,1.0002315044403076,0.00026073455228470266
125.89173757343815,0.9996479153633118,0.00026081930263899267
125.89241859811591,0.9997490048408508,0.0002610287338029593
125.89309982291888,1.0002039670944214,0.0002613399992696941
125.8937809475974,0.9996970891952515,0.0002616510319057852
125.89446207239234,0.9997649192810059,0.00026208494091406465
125.89514329718804,0.9997902512550354,0.0002625848283059895
125.89582442186656,1.0000169277191162,0.00026317336596548557
125.89650564666226,1.000077247619629,0.0002638047153595835
125.89718677134806,1.0003151893615723,0.0002645169442985207
125.89786779614224,0.9998795986175537,0.0002652206167113036
125.89854892082076,1.0002026557922363,0.0002660426835063845
125.89923014561646,1.0000978708267212,0.00026687447098083794
125.89991127029498,0.9998287558555603,0.00026772645651362836
125.90059239509719,0.9996634125709534,0.00026862899539992213
125.90127361977648,1.000086784362793,0.00026960906689055264
125.90195474457141,1.0000438690185547,0.0002705716760829091
125.90263586924993,0.9998854398727417,0.00027154828421771526
125.90331699404487,1.0003981590270996,0.00027259052149020135
125.90399811873067,1.000632882118225,0.00027361250249668956
125.9046792435256,1.0001012086868286,0.0002745726378634572
125.90536046820489,0.9999217391014099,0.0002755534660536796
125.90604159299983,1.0002797842025757,0.00027655813028104603
125.90672271767835,0.9999187588691711,0.00027748855063691735
125.90740384248056,1.0003812313079834,0.00027843963471241295
125.90808506715985,0.9995486736297607,0.0002792564337141812
125.90876609195402,0.9998547434806824,0.0002801093505695462
125.90944721663254,0.9998775720596313,0.00028088438557460904
125.91012844142824,0.9997304677963257,0.00028158401255495846
125.91080956610676,0.9999697208404541,0.00028222796390764415
125.91149069090898,0.9995604753494263,0.00028273891075514257
125.91217191558826,0.9997884035110474,0.000283206783933565
125.9128530403832,0.9996817708015442,0.00028354895766824484
125.91353416506172,0.9995871186256409,0.0002837727952282876
125.91421528985666,0.9998685717582703,0.0002839138323906809
125.91489641454245,1.000022530555725,0.00028392180684022605
125.91557753933739,1.0001791715621948,0.00028381653828546405
125.91625876401667,1.0002069473266602,0.0002835999184753746
125.91693988881161,1.0000723600387573,0.00028327584732323885
125.91762101349013,1.0001240968704224,0.0002828800934366882
125.91830223828583,1.000223994255066,0.00028240520623512566
125.91898336297163,0.9998422861099243,0.0002818267385009676
125.9196643877658,0.9993914365768433,0.0002811850281432271
125.92034551244433,1.0000429153442383,0.00028057428426109254
125.92102673724003,1.0002241134643555,0.00027987940120510757
125.92170786192582,1.0002152919769287,0.00027913576923310757
125.92238908672152,1.000063180923462,0.00027834976208396256
125.92307021140005,0.9995896220207214,0.00027751870220527053
125.92375133619498,0.9999617338180542,0.0002767428522929549
125.92443256087427,1.000148057937622,0.000275936268735677
125.92511358566844,0.9997572302818298,0.00027509359642863274
125.92579471035424,0.9998446702957153,0.0002742834622040391
125.92647593503352,0.9997492432594299,0.00027347507420927286
125.92715705982846,0.9999929070472717,0.0002727131068240851
125.92783818450698,0.9999237656593323,0.0002719451440498233
125.92851940930268,0.9996293783187866,0.00027118754223920405
125.9292005339812,0.9997264742851257,0.00027048698393628
125.92988165878342,1.00009024143219,0.00026985781732946634
125.93056278346194,1.0005617141723633,0.0002692749258130789
125.93124390825687,1.0001859664916992,0.0002686624357011169
125.9319250329354,0.9998605251312256,0.00026811211137101054
125.9326062577311,1.0001760721206665,0.0002676619333215058
125.93328738241689,1.0002727508544922,0.00026726024225354195
125.93396850721183,1.0001002550125122,0.00026689970400184393
125.93464963189035,1.0000861883163452,0.0002666278451215476
125.93533085656964,1.0001860857009888,0.0002664296771399677
125.93601188136381,0.9999038577079773,0.00026627720217220485
125.93669300604961,1.0004734992980957,0.0002662620390765369
125.93737423084531,0.9997403621673584,0.00026619061827659607
125.93805535552383,0.9995357990264893,0.0002662324404809624
125.93873648031877,0.9999424815177917,0.00026638145209290087
125.93941770499805,0.9997566938400269,0.00026653584791347384
125.94009882980026,1.000089406967163,0.00026678942958824337
125.94077995447878,1.0003002882003784,0.00026708166114985943
125.94146107927372,0.9998619556427002,0.00026736498693935573
125.94214220395224,1.0002388954162598,0.000267760013230145
125.94282332863077,1.0001497268676758,0.0002681559417396784
125.94350445343298,0.9998891353607178,0.0002685793733689934
125.94418567811226,0.999825119972229,0.00026905679260380566
125.9448668029072,1.0002882480621338,0.00026959014940075576
125.94554792758572,1.0001330375671387,0.00027010348276235163
125.94622915238142,0.9997349977493286,0.0002706122468225658
125.94691017706646,1.0002968311309814,0.0002712177229113877
125.9475913018614,1.0004692077636719,0.0002717988390941173
125.94827252654068,1.00063955783844,0.000272377859801054
125.9489536512192,1.000247836112976,0.0002729019324760884
125.94963477601414,0.9999337792396545,0.0002734243171289563
125.95031600069342,1.0000956058502197,0.0002739659685175866
125.95099712549563,1.000009298324585,0.0002744532539509237
125.95167835017492,1.0000699758529663,0.0002749237173702568
125.95235947496985,1.0002790689468384,0.0002753639128059149
125.95304049964761,0.9997828602790833,0.0002756951143965125
125.95372162432614,1.00033438205719,0.0002760532661341131
125.95440284912911,0.9999539256095886,0.00027627189410850406
125.95508397380763,1.0001879930496216,0.0002764708478935063
125.95576519860333,1.0003665685653687,0.00027659209445118904
125.95644632328185,1.0002244710922241,0.00027661112835630774
125.95712744807679,0.9999248385429382,0.00027655804296955466
125.95780867275607,1.0001482963562012,0.00027648769901134074
125.95848969755752,1.0003265142440796,0.0002763552765827626
125.95917082223605,0.9999732375144958,0.0002761338837444782
125.95985204691533,0.9998406767845154,0.00027588324155658484
125.96053317171027,0.9999579787254333,0.00027560634771361947
125.96121429638879,0.9997828006744385,0.00027528073405846953
125.961895421191,1.0001682043075562,0.0002749586710706353
125.96257664587029,0.9998693466186523,0.00027456952375359833
125.96325777066522,0.9999651312828064,0.0002741835778579116
125.96393879534298,1.000031590461731,0.00027378147933632135
125.96462002002227,0.9998116493225098,0.00027333677280694246
125.96530114482448,1.0002750158309937,0.0002729489642661065
125.965982269503,1.0002264976501465,0.00027251592837274075
125.9666634942987,0.9996058344841003,0.00027203027275390923
125.96734461897722,1.0000649690628052,0.0002716399321798235
125.96802574365574,1.0003780126571655,0.00027124088956043124
125.96870696845144,0.9994592666625977,0.0002707520907279104
125.96938799313648,1.0002844333648682,0.00027041975408792496
125.97006911793142,1.0005879402160645,0.00027005941956304014
125.97075024260994,0.9998413920402527,0.00026962123229168355
125.97143146728922,1.0000487565994263,0.0002692854905035347
125.97211259208416,0.9998219013214111,0.0002689294924493879
125.97279371676996,1.000256896018982,0.0002686540537979454
125.97347494156566,1.0003643035888672,0.00026837369659915566
125.97415606624418,0.999652624130249,0.00026804168010130525
125.97483709092194,1.0000616312026978,0.0002678329765331
125.97551831571764,0.9998849034309387,0.00026760261971503496
125.97619944040343,0.9996174573898315,0.00026737962616607547
125.97688056519837,0.999401330947876,0.00026719021843746305
125.97756178987765,0.9999974370002747,0.00026708905352279544
125.97824291455618,0.9999574422836304,0.00026695034466683865
125.97892403935111,0.9998274445533752,0.0002668262750376016
125.9796052640304,0.9993670582771301,0.00026669466751627624
125.98028628883185,0.9999479055404663,0.00026665328186936677
125.98096741351037,0.9999649524688721,0.00026658587739802897
125.98164863818965,0.9999133348464966,0.00026652804808691144
125.98232976298459,0.9999155402183533,0.00026647927006706595
125.98301088766311,0.9994794130325317,0.0002664132625795901
125.98369211246609,0.9998549222946167,0.0002664162893779576
125.98437323714461,0.9998524188995361,0.00026639949646778405
125.98505446182389,1.0000301599502563,0.00026640898431651294
125.98573548661807,1.0001235008239746,0.0002664208586793393
125.98641661129659,0.9998876452445984,0.0002664117200765759
125.98709773598239,0.9996927380561829,0.0002664045605342835
125.98777896077809,0.999998927116394,0.0002664505736902356
125.98846008545661,1.0000238418579102,0.00026647670892998576
125.98914121025155,0.999839186668396,0.0002664824132807553
125.98982243493083,0.9999923706054688,0.0002665216161403805
125.99050355961663,0.9999659061431885,0.00026654722751118243
125.9911845844108,0.9995973110198975,0.00026654780958779156
125.99186580909009,0.9999446868896484,0.00026659545255824924
125.99254693388502,0.9997576475143433,0.00026660627918317914
125.99322805856355,1.000073790550232,0.0002666484215296805
125.99390928324283,1.0002527236938477,0.0002666745858732611
125.99459040804504,0.9996927380561829,0.0002666328800842166
125.99527153272356,1.0001440048217773,0.00026666480698622763
125.99595275751926,1.0001481771469116,0.00026665194309316576
125.99663378219702,1.0001336336135864,0.0002666295622475445
125.99731490687554,0.9999590516090393,0.00026657822309061885
125.99799603167776,0.999687135219574,0.0002665088977664709
125.99867725635704,0.9999627470970154,0.0002664744097273797
125.99935838103556,1.0002390146255493,0.00026643043383955956
126.0000395058305,1.0000879764556885,0.0002663380291778594
126.00072073050978,0.9999723434448242,0.00026623712619766593
126.00140185519558,0.9996641278266907,0.00026610991335473955
126.00208287998976,1.000443458557129,0.0002660549944266677
126.00276410466904,0.9999832510948181,0.00026588738546706736
126.00344522934756,1.00004243850708,0.00026574431103654206
126.0041263541425,0.9999130964279175,0.00026557044475339353
126.00480757882178,0.9999446272850037,0.00026539849932305515
126.005488703624,1.000137448310852,0.0002652193361427635
126.00616982830252,1.0001908540725708,0.00026501447428017855
126.0068510529818,0.9999292492866516,0.0002647625224199146
126.00753207777598,1.0000613927841187,0.0002645270142238587
126.00821320246177,0.9994925260543823,0.0002642108011059463
126.0088943271403,1.0001037120819092,0.00026397116016596556
126.009575551936,0.9994722604751587,0.0002636085555423051
126.01025667661452,1.0005691051483154,0.0002633653930388391
126.0109379012938,1.000118374824524,0.00026297112344764173
126.01161902608874,1.0003154277801514,0.000262607354670763
126.01230015077454,1.000011682510376,0.00026216954574920237
126.0129811754523,1.0001134872436523,0.00026175094535574317
126.013662400248,1.000423789024353,0.0002613200049381703
126.01434352492652,1.0001524686813354,0.0002608167997095734
126.0150247496058,1.0003453493118286,0.0002603194152470678
126.01570587440801,1.0003955364227295,0.00025979254860430956
126.01638699908654,1.0004724264144897,0.0002592481323517859
126.01706822376582,1.000400424003601,0.0002586695773061365
126.01774934856076,1.00005042552948,0.00025805094628594816
126.01843037323852,1.000523567199707,0.00025749814813025296
126.01911149792431,1.0002408027648926,0.000256868836004287
126.01979272272001,0.9999723434448242,0.00025624234694987535
126.02047384739853,1.000165581703186,0.0002556653635110706
126.02115507207782,1.00019109249115,0.0002550733624957502
126.02183619687275,0.99997878074646,0.00025448176893405616
126.02251732155128,0.9998523592948914,0.0002539162815082818
126.02319854635425,0.9997118711471558,0.0002533687511458993
126.02387957103201,1.0002968311309814,0.0002529103949200362
126.02456069571053,1.0000262260437012,0.0002524056180845946
126.02524182038906,0.9999467134475708,0.00025194865884259343
126.02592304518475,1.0002955198287964,0.00025156911578960717
126.02660416987055,0.9997867345809937,0.0002511490019969642
126.02728529454907,0.999636709690094,0.0002507960016373545
126.02796651934477,0.9997460246086121,0.00025050033582374454
126.0286476440233,1.000032901763916,0.00025026261573657393
126.02932876870182,0.9994184970855713,0.00024998909793794155
126.03000989350403,0.9997561573982239,0.00024985033087432384
126.03069101818255,1.0000839233398438,0.00024972829851321876
126.03137214286107,1.0002390146255493,0.0002496445376891643
126.03205336765677,1.000048041343689,0.0002495580993127078
126.0327344923353,1.0001734495162964,0.00024954319815151393
126.03341561701382,1.0003725290298462,0.00024955588742159307
126.03409674181603,1.0000393390655518,0.0002495568187441677
126.03477796649531,0.999887228012085,0.00024960655719041824
126.03545899117307,1.0002907514572144,0.00024972608662210405
126.03614011596801,1.0002306699752808,0.00024982140166684985
126.0368213406473,1.000120997428894,0.00024993502302095294
126.03750246533309,1.0003201961517334,0.0002500907576177269
126.03818359001161,1.0000287294387817,0.0002502129354979843
126.03886481480731,1.0001847743988037,0.0002503812429495156
126.03954593948583,1.0002130270004272,0.00025054533034563065
126.04022716416512,1.0000452995300293,0.00025069096591323614
126.04090818896657,0.9998430013656616,0.0002508398029021919
126.04158931364509,1.0001311302185059,0.0002510248450562358
126.04227043832361,1.0001208782196045,0.0002511893690098077
126.04295166311931,1.000193476676941,0.00025134379393421113
126.04363278779783,0.9999324679374695,0.00025147220003418624
126.04431401247712,0.9997876286506653,0.0002515943779144436
126.04499513727933,1.0001407861709595,0.00025176137569360435
126.04567626195785,0.9998098611831665,0.0002518433902878314
126.04635728663561,1.0003094673156738,0.0002519993868190795
126.0470385113149,1.0004221200942993,0.00025210040621459484
126.04771963610983,0.9997683763504028,0.0002521225542295724
126.04840086079639,1.0000804662704468,0.000252220022957772
126.04908198547491,1.000091314315796,0.00025227590231224895
126.04976311026985,1.0001932382583618,0.000252324651228264
126.05044433494913,1.0003793239593506,0.0002523666189517826
126.05112545962766,1.0000637769699097,0.00025234499480575323
126.05180648431269,0.9999237656593323,0.0002523275325074792
126.05248760910763,0.9997269511222839,0.00025228303275071084
126.05316883378691,0.9999908208847046,0.00025227005244232714
126.05384995846543,1.000266671180725,0.00025223661214113235
126.05453108326037,0.9999297857284546,0.000252136611379683
126.05521230793966,0.9999461770057678,0.00025204956182278693
126.05589343262545,0.9996317028999329,0.0002519190311431885
126.05657455730397,1.0000174045562744,0.00025184472906403244
126.05725568209891,0.9993611574172974,0.00025165811530314386
126.05793680677743,0.9997640252113342,0.00025155465118587017
126.05861793145596,1.0001177787780762,0.0002514435618650168
126.05929915625893,1.0002021789550781,0.0002513063373044133
126.05998028093745,1.0000399351119995,0.00025114035815931857
126.06066140561597,0.999416172504425,0.0002509320620447397
126.0613425302945,0.9999793767929077,0.00025083788204938173
126.0620237550902,1.000134825706482,0.00025071765412576497
126.06270477977523,1.0003427267074585,0.00025059605832211673
126.06338590445375,1.0001269578933716,0.00025046057999134064
126.06406712913304,1.0001964569091797,0.0002503492869436741
126.06474825392797,1.0002185106277466,0.0002502489078324288
126.0654293786065,0.9999142289161682,0.0002501348208170384
126.06611060328578,0.9999021291732788,0.0002500504197087139
126.06679172797158,0.9999294877052307,0.0002499808033462614
126.06747285276651,1.0007166862487793,0.0002501303388271481
126.06815397744504,0.9998514652252197,0.0002498651738278568
126.06883510212356,1.00009286403656,0.00024984157062135637
126.06951622692577,1.000170350074768,0.00024981037131510675
126.07019745160505,1.0003063678741455,0.00024978333385661244
126.07087857628358,0.9998182058334351,0.0002497060049790889
126.0715597009621,1.0003126859664917,0.0002497113309800625
126.0722409257578,1.0001980066299438,0.00024966540513560176
126.07292205043632,0.9997835755348206,0.00024961523013189435
126.07360307512135,1.0000349283218384,0.0002495504159014672
126.07428429980064,1.0001355409622192,0.00024949718499556184
126.07496542459558,0.9998630881309509,0.00024939884315244853
126.0756465492741,0.9993523955345154,0.00024926787591539323
126.07632777395338,1.0006827116012573,0.0002492879575584084
126.07700889863918,1.0001481771469116,0.000249128439463675
126.07769002343412,1.000099539756775,0.00024899779236875474
126.0783712481134,0.9999592900276184,0.0002488530008122325
126.07905227279116,1.000218152999878,0.0002487301826477051
126.07973339746968,1.0003936290740967,0.00024859802215360105
126.08041462226538,1.0000510215759277,0.0002484137949068099
126.08109574695118,1.001139760017395,0.00024835983640514314
126.0817768716297,0.9998241662979126,0.00024809371097944677
126.08245809630898,0.9999953508377075,0.0002479759859852493
126.08313922110392,1.0003050565719604,0.00024787618895061314
126.08382034578244,0.9997673034667969,0.0002477220550645143
126.08450147046824,1.0005230903625488,0.0002476896916050464
126.08518259514676,0.9998916387557983,0.000247554766247049
126.0858637199417,1.000165581703186,0.000247522460995242
126.08654494462098,1.000165343284607,0.00024748474243097007
126.0872260692995,1.0001776218414307,0.0002474604989401996
126.0879071939853,0.9997739791870117,0.0002474233624525368
126.08858831866382,0.9998400807380676,0.0002474455104675144
126.08926954345952,1.0001052618026733,0.0002475052315276116
126.08995056813728,1.0001683235168457,0.00024755694903433323
126.0906316928158,1.0001188516616821,0.0002476095105521381
126.09131291750236,1.0001780986785889,0.00024772854521870613
126.0919940422973,1.000173807144165,0.00024774885969236493
126.09267516697582,0.9999142289161682,0.00024778908118605614
126.0933563916551,1.000110149383545,0.0002478616079315543
126.09403751633363,0.9995784163475037,0.00024786076392047107
126.09471864101215,1.0002015829086304,0.00024795340141281486
126.09539976581436,1.000640869140625,0.0002480028197169304
126.09608089049289,1.000195026397705,0.00024794708588160574
126.09676201517141,0.9996909499168396,0.0002478546812199056
126.09744313984993,0.999732255935669,0.000247781106736511
126.09812436464563,1.000079870223999,0.0002477011294104159
126.09880548933143,0.9999732971191406,0.00024754003970883787
126.09948671401071,0.999828040599823,0.0002473408239893615
126.10016783868923,1.000425100326538,0.0002471847692504525
126.10084896336775,1.0000044107437134,0.0002469145692884922
126.10152998816193,0.999402642250061,0.0002466102014295757
126.10221121284849,1.0002458095550537,0.0002464349672663957
126.10289233752701,0.9996647834777832,0.0002461216936353594
126.1035735622063,0.9998425841331482,0.0002458783274050802
126.10425468700123,0.9997028708457947,0.00024561508325859904
126.10493581167975,0.9999103546142578,0.00024539491278119385
126.10561703635904,0.99982750415802,0.00024516519624739885
126.10629816104483,1.0003623962402344,0.0002450198808219284
126.1069791857226,1.0001704692840576,0.0002448239829391241
126.10766031051753,1.0005027055740356,0.00024470241623930633
126.10834153519681,1.0004771947860718,0.00024457849212922156
126.10902265987534,1.000078558921814,0.0002444496494717896
126.1097038845619,1.0001473426818848,0.00024439027765765786
126.11038500924042,0.9997626543045044,0.0002443190896883607
126.11106613403535,0.9999702572822571,0.0002443384728394449
126.11174735871464,0.9998214840888977,0.0002443546545691788
126.1124283833924,0.9998244047164917,0.00024440462584607303
126.1131095080782,0.9992427229881287,0.0002444261044729501
126.11379073275748,1.0005066394805908,0.00024463512818329036
126.11447185755242,0.9996716380119324,0.00024466743343509734
126.11515298223094,1.000085711479187,0.00024482939625158906
126.11583410690946,0.9996498227119446,0.00024492599186487496
126.11651533158874,1.0000405311584473,0.00024510506773367524
126.11719645627454,1.0000548362731934,0.00024525338085368276
126.11787748106872,1.0000118017196655,0.00024539593141525984
126.118558705748,1.0001002550125122,0.0002455566427670419
126.11923983042652,1.0004652738571167,0.00024573603877797723
126.11992095510504,1.0002739429473877,0.00024586907238699496
126.1206021797916,0.9996960759162903,0.00024595833383500576
126.12128330447013,1.0000437498092651,0.0002461379917804152
126.12196442926506,1.0000768899917603,0.0002462838601786643
126.12264555394358,1.000165343284607,0.0002464365679770708
126.1233266786221,1.0001239776611328,0.0002465804573148489
126.1240078033079,1.0001459121704102,0.0002467360463924706
126.12468892798643,1.0000643730163574,0.0002468947204761207
126.12537015278212,1.000577449798584,0.00024710624711588025
126.12605127746065,0.9998319745063782,0.00024721774389036
126.12673240213917,0.9998559951782227,0.0002474043576512486
126.12741362681845,1.0002766847610474,0.00024764036061242223
126.12809475150425,1.0002168416976929,0.00024783832486718893
126.12877577618201,0.9999752640724182,0.0002480386756360531
126.12945700097771,1.0002840757369995,0.000248286931309849
126.13013812565623,1.0006697177886963,0.0002485562872607261
126.13081925034203,1.0000905990600586,0.0002487317251507193
126.13150047502131,1.0000813007354736,0.00024896490504033864
126.13218159969983,1.000353217124939,0.00024921729345805943
126.13286282449553,1.0002135038375854,0.000249422068009153
126.13354394917405,1.0003522634506226,0.0002496475644875318
126.13422497385181,1.0003106594085693,0.0002498293179087341
126.13490609853761,0.9997662305831909,0.00024995330022647977
126.1355873232169,0.9997823238372803,0.0002500954724382609
126.13626844789542,0.9998698234558105,0.00025021281908266246
126.1369496725747,1.0001567602157593,0.0002503051364328712
126.13763079736964,0.9998925924301147,0.00025030560209415853
126.13831192205544,1.0003772974014282,0.0002503241994418204
126.13899314673472,1.000028371810913,0.00025020496104843915
126.13967417141248,0.9998721480369568,0.00025005347561091185
126.140355296091,0.9996945858001709,0.0002498437825124711
126.14103642076952,1.000108242034912,0.000249637319939211
126.14171764556522,0.99986732006073,0.0002493252686690539
126.14239877025102,1.0003172159194946,0.00024903868325054646
126.14307989492954,0.9997832775115967,0.00024861618294380605
126.14376111960883,0.9997811317443848,0.000248207914410159
126.14444224428735,0.9999350905418396,0.0002477907110005617
126.14512326897238,0.9999645948410034,0.0002473474305588752
126.14580449365167,1.0002715587615967,0.0002468959428369999
126.1464856184466,1.0002646446228027,0.0002464093267917633
126.14716674312513,1.0007083415985107,0.00024595760623924434
126.14784796780441,0.9999033808708191,0.0002453875495120883
126.14852909248293,0.999954879283905,0.00024489747011102736
126.14921021716873,0.9997018575668335,0.0002443832636345178
126.14989134184725,1.000446081161499,0.0002439707168377936
126.15057246664219,0.9997225403785706,0.00024343706900253892
126.15125359132071,1.0001277923583984,0.00024302079691551626
126.15193471599923,1.0002692937850952,0.00024260717327706516
126.15261594068579,1.0003217458724976,0.0002422024990664795
126.15329706536431,0.9993636608123779,0.0002417210052954033
126.15397819004284,0.9999912977218628,0.00024142062466125935
126.15465941472212,1.0001389980316162,0.00024110359663609415
126.15534053940064,1.0003020763397217,0.000240811932599172
126.15602156420209,1.0001224279403687,0.00024051335640251637
126.15670278888138,0.999980628490448,0.00024025868333410472
126.1573839135599,1.0001109838485718,0.0002400536322966218
126.15806503823842,1.0004992485046387,0.0002398951764917001
126.15874616291694,1.0000468492507935,0.0002396970521658659
126.15942738759622,1.00089430809021,0.0002396359050180763
126.16010851228202,1.0004149675369263,0.00023948392481543124
126.16078973707772,0.9997664093971252,0.0002393292379565537
126.16147076175548,1.0001884698867798,0.00023930233146529645
126.162151886434,1.0001976490020752,0.00023925334971863776
126.16283301111253,1.0000165700912476,0.00023920608509797603
126.16351423579908,1.0003260374069214,0.00023921189131215215
126.1641953604776,1.0003832578659058,0.00023921264801174402
126.16487658515689,0.9994982481002808,0.0002391278394497931
126.16555770983541,1.000304102897644,0.0002392188471276313
126.16623883451393,0.9999296069145203,0.00023919586965348572
126.16691985931539,1.000178337097168,0.00023925196728669107
126.16760108399467,0.9997626543045044,0.0002392460883129388
126.16828220867319,1.0001373291015625,0.00023932414478622377
126.16896343335247,1.0000108480453491,0.0002393485774518922
126.169644558031,1.0000768899917603,0.00023940189566928893
126.17032568270952,0.9999991655349731,0.00023943903215695173
126.17100690739608,1.000105381011963,0.00023950173635967076
126.1716880320746,0.9999556541442871,0.0002395393530605361
126.17236905686877,1.0002851486206055,0.00023962756677065045
126.17305028154806,1.0003589391708374,0.00023968775349203497
126.17373140622658,0.9999641180038452,0.0002397025964455679
126.17441253091238,0.9999785423278809,0.00023975851945579052
126.17509375559166,1.0000803470611572,0.00023982455604709685
126.17577488027018,0.9999296069145203,0.0002398624928900972
126.1764560049487,1.000139832496643,0.0002399313380010426
126.17713722962799,0.9996801614761353,0.00023994527873583138
126.17781835430651,0.9999097585678101,0.0002400161902187392
126.17849937899155,1.000118613243103,0.00024008222681004554
126.17918050367007,0.9996514320373535,0.0002400862576905638
126.17986172846577,1.0002623796463013,0.00024019184638746083
126.18054285314429,1.0002663135528564,0.00024023927107919008
126.18122397782281,0.9998708963394165,0.00024024088634178042
126.18190520250937,1.0001906156539917,0.00024032154760789126
126.18258632718789,0.9999960660934448,0.00024035261594690382
126.18326745186641,0.9994534254074097,0.00024035305250436068
126.18394857654494,1.0000251531600952,0.0002404602855676785
126.18462970122346,0.9997789263725281,0.0002404972183285281
126.18531082590926,0.9997868537902832,0.00024056664551608264
126.18599195058778,0.9997599124908447,0.0002406391140539199
126.18667317538348,1.0001821517944336,0.00024075516557786614
126.187354300062,1.000309705734253,0.00024086126359179616
126.18803552474128,1.000169038772583,0.0002409435110166669
126.1887166494198,1.000001311302185,0.0002410350280115381
126.18939767410484,0.9998263120651245,0.00024113144900184125
126.19007879878336,1.0001128911972046,0.00024128446239046752
126.19076002346264,1.0000344514846802,0.0002414082846371457
126.19144114814117,1.0000660419464111,0.00024155342543963343
126.19212237282045,1.0003224611282349,0.00024173001293092966
126.19280349750625,1.0001919269561768,0.00024187548842746764
126.19348462218477,0.9997121691703796,0.00024200174084398896
126.19416584686405,0.9998513460159302,0.0002421827521175146
126.19484687154181,1.0000073909759521,0.00024238499463535845
126.19552799633675,0.9997159242630005,0.0002425466082058847
126.19620912102255,1.0001263618469238,0.00024278188357129693
126.19689034570183,0.9996987581253052,0.00024293964088428766
126.19757147038035,1.0000792741775513,0.0002431795874144882
126.19825269505964,0.9997905492782593,0.00024336314527317882
126.19893381973816,1.000171422958374,0.00024360441602766514
126.19961494442396,0.9998171925544739,0.00024378531088586897
126.20029596910172,0.9998520612716675,0.00024399516405537724
126.200977193781,0.9999873042106628,0.00024422636488452554
126.20165831845952,0.9999942779541016,0.00024443937581963837
126.2023395431388,0.9994878768920898,0.00024460130953229964
126.20302066781733,0.9997581243515015,0.0002448342856951058
126.20370179250313,0.9997983574867249,0.0002450401079840958
126.20438291718165,0.9997605085372925,0.00024523402680642903
126.20506414197735,1.00011146068573,0.00024546514032408595
126.2057451666551,1.000396966934204,0.0002456810907460749
126.2064262913409,0.9997431039810181,0.00024580652825534344
126.20710751602019,0.999963641166687,0.0002460092946421355
126.20778864069871,1.0000988245010376,0.00024619564646854997
126.20846976537723,0.9997162818908691,0.0002463211421854794
126.20915099005651,1.000104308128357,0.00024651578860357404
126.20983211473504,0.9999409914016724,0.0002466471923980862
126.21051323942083,0.9999072551727295,0.00024678485351614654
126.21119436409936,0.9998998641967773,0.0002469144237693399
126.21187548877788,1.0004608631134033,0.0002470820036251098
126.2125566134564,1.0001742839813232,0.0002471662010066211
126.21323773813492,1.0005828142166138,0.0002473007480148226
126.21391896282148,0.9998286962509155,0.0002473166969139129
126.2146000875,1.000761866569519,0.00024747103452682495
126.21528121217852,0.9997133612632751,0.0002474323846399784
126.21596243685781,0.9999030828475952,0.00024749597650952637
126.21664346153557,1.0000762939453125,0.00024753613979555666
126.21732458622137,1.000293254852295,0.0002475663786754012
126.21800581090065,1.0001510381698608,0.0002475502260494977
126.21868693557917,1.0001553297042847,0.00024753710022196174
126.2193680602577,1.0002782344818115,0.0002475057262927294
126.22004928505339,1.0000221729278564,0.0002474253997206688
126.22073040973191,1.0003571510314941,0.0002473834902048111
126.22141153441771,0.9997416138648987,0.00024722793023101985
126.22209255909547,0.9996195435523987,0.00024710336583666503
126.22277378377476,1.0000494718551636,0.0002470189647283405
126.22345490845328,1.0000438690185547,0.000246875366428867
126.22413613313256,0.9997584819793701,0.0002466921869199723
126.22481725781836,1.0002167224884033,0.0002465703582856804
126.22549838249688,1.0000039339065552,0.00024637431488372386
126.22617960717616,1.0000180006027222,0.0002461897674947977
126.22686073185469,1.0003345012664795,0.00024602701887488365
126.22754175653245,0.9994468688964844,0.0002457424998283386
126.22822298121173,1.0002083778381348,0.00024560940801166
126.22890410589753,0.9997118711471558,0.000245358474785462
126.22958523057605,0.9999698996543884,0.00024517043493688107
126.23026645525533,0.9999303221702576,0.00024494866374880075
126.23094757993385,1.0004591941833496,0.0002447841688990593
126.23162870461238,1.000291109085083,0.00024455503444187343
126.23230992929894,0.999980628490448,0.00024431428755633533
126.2329909539767,1.000207543373108,0.00024412438506260514
126.23367207865522,1.000112771987915,0.00024390569888055325
126.2343533033345,1.0003317594528198,0.00024372001644223928
126.23503442801302,1.0002611875534058,0.0002435209898976609
126.23571555269882,0.9997597336769104,0.00024327436403837055
126.2363967773781,0.9996618032455444,0.00024307737476192415
126.23707790205663,0.9999472498893738,0.00024292402667924762
126.23775902673515,1.0000625848770142,0.00024275972100440413
126.23844015141367,1.0000874996185303,0.00024259673955384642
126.23912127609947,1.0001276731491089,0.00024243442749138921
126.23980240077799,0.9998533129692078,0.0002422656398266554
126.24048352545651,1.0002031326293945,0.00024215113080572337
126.2411647501358,0.999605119228363,0.00024196530284825712
126.24184587481432,0.9995791912078857,0.00024184439098462462
126.24252699949284,0.9999306201934814,0.0002417718933429569
126.2432082241794,1.0003067255020142,0.00024170336837414652
126.24388924885716,0.9997857809066772,0.00024156447034329176
126.24457037353568,1.000001311302185,0.00024150217359419912
126.24525159821496,0.9998804330825806,0.00024141732137650251
126.24593272289349,1.0000711679458618,0.00024137849686667323
126.24661384757928,1.0001376867294312,0.00024133043189067394
126.2472949722578,0.9999455213546753,0.00024127401411533356
126.24797619693709,1.000011682510376,0.000241242436459288
126.24865732161561,0.999639093875885,0.00024118408327922225
126.24933834629337,0.9999778866767883,0.00024120646412484348
126.25001957097993,1.0001459121704102,0.00024122177273966372
126.25070069565845,1.000213384628296,0.00024122990726027638
126.25138182033697,1.0002415180206299,0.000241254034335725
126.25206304501626,0.9997631907463074,0.00024123655748553574
126.25274416969478,1.0001873970031738,0.00024131983809638768
126.25342539437406,0.9999309182167053,0.0002413487818557769
126.25410651905986,0.9998385906219482,0.0002414086484350264
126.25478764373838,0.9994177222251892,0.00024144862254615873
126.25546866841614,1.0003339052200317,0.00024162088811863214
126.25614989309543,1.000388264656067,0.00024172944540623575
126.25683101777395,0.9999437928199768,0.00024180732725653797
126.2575122424605,1.000032663345337,0.00024194605066441
126.25819336713903,1.0004229545593262,0.00024212597054429352
126.25887449181755,1.0003979206085205,0.00024228512484114617
126.25955571649683,0.9998031854629517,0.00024240172933787107
126.26909166201949,1.000223994255066,0.0002461629919707775
126.26977278669801,1.000242829322815,0.0002464554854668677
126.2704540113773,1.0001709461212158,0.0002467220474500209
126.2711351359394,1.0001981258392334,0.0002469862811267376
126.27181616062444,0.9997596144676208,0.00024718823260627687
126.27249738530372,1.0000333786010742,0.00024742717505432665
126.27317850998224,0.9995173215866089,0.00024757481878623366
126.27385963466077,1.000187635421753,0.0002477903908584267
126.27454075933929,0.9999693632125854,0.00024790549650788307
126.27522198401857,1.0002446174621582,0.00024802039843052626
126.27590310870437,0.9998024702072144,0.00024803075939416885
126.27658433338365,1.0003656148910522,0.00024809129536151886
126.27726535806141,1.0001276731491089,0.0002480233961250633
126.27794648273994,1.0002361536026,0.00024794272030703723
126.27862760742573,0.9999355673789978,0.0002477727539371699
126.27930883210502,1.0000418424606323,0.0002475870423950255
126.27998995678354,0.9997627139091492,0.00024730939185246825
126.28067108146206,1.0004523992538452,0.00024706617114134133
126.28135230614134,0.9998707175254822,0.0002466565347276628
126.28203343081987,1.000046730041504,0.0002462533884681761
126.2827144555049,0.999950647354126,0.0002457819937262684
126.28339568018419,0.9997504353523254,0.00024525882326997817
126.2840768048627,1.0002343654632568,0.00024476536782458425
126.28475792954123,1.0000312328338623,0.00024418905377388
126.2854391541041,1.0002069473266602,0.00024363498960155994
126.2861202787899,1.0001047849655151,0.0002430497988825664
126.28680150346918,0.9999462366104126,0.00024245292297564447
126.2874826281477,0.9996978044509888,0.0002418643271084875
126.28816365282546,0.9999011754989624,0.00024133356055244803
126.28884477750398,0.9999098181724548,0.00024080257571768016
126.28952600218327,0.9999749660491943,0.00024030948407016695
126.29020712686906,1.0002851486206055,0.0002398639335297048
126.29088835154835,1.0004435777664185,0.00023944170970935374
126.29156947622687,0.9999750852584839,0.00023899694497231394
126.29225060090539,0.9999316334724426,0.00023862683156039566
126.29293182558467,1.0000845193862915,0.0002383131068199873
126.29361285026971,1.0001282691955566,0.00023803723161108792
126.29429397494823,0.9996592402458191,0.00023773849534336478
126.29497509951034,0.9999498128890991,0.00023755020811222494
126.29565632418962,0.9998700022697449,0.00023736045113764703
126.29633744886814,0.9998825192451477,0.00023720265016891062
126.29701857355394,1.0002737045288086,0.0002371128648519516
126.29769979823323,0.9993973970413208,0.00023692873946856707
126.29838092291175,1.000184178352356,0.00023690747912041843
126.29906194758951,1.0003206729888916,0.00023683777544647455
126.29974317226879,0.9998052716255188,0.00023672095267102122
126.30042429695459,1.0000663995742798,0.00023668052745051682
126.30110542163311,1.0000417232513428,0.0002366073604207486
126.3017866463124,0.9997557401657104,0.00023651171068195254
126.30246777099092,0.9998251795768738,0.00023644788598176092
126.30314889566944,0.9996697306632996,0.00023635530669707805
126.30383002023154,0.9997332096099854,0.000236283362028189
126.30451114491734,1.0002110004425049,0.00023624875757377595
126.30519226959586,0.9998952150344849,0.0002361497317906469
126.30587339427439,0.9998980760574341,0.00023608772607985884
126.30655461895367,0.9998082518577576,0.00023603407316841185
126.30723574363219,0.9997629523277283,0.00023600384884048253
126.30791686831799,1.0001533031463623,0.0002360429789405316
126.30859809299727,1.0002663135528564,0.00023607915500178933
126.3092792176758,1.0002154111862183,0.00023613983648829162
126.30996024235355,1.0000423192977905,0.0002362187224207446
126.31064136691566,0.9998299479484558,0.00023634216631762683
126.31132259160222,1.0001176595687866,0.00023655715631321073
126.31200371628074,0.9995505809783936,0.0002367328997934237
126.31268494096003,1.0003323554992676,0.00023708556545898318
126.31336606563855,1.0002586841583252,0.00023740965116303414
126.31404719031707,0.999956488609314,0.00023774706642143428
126.31472841499635,0.9998078346252441,0.00023815219174139202
126.31540943968139,1.0004727840423584,0.00023868201242294163
126.31609056435991,0.9999145865440369,0.00023912452161312103
126.3167717890392,0.999881386756897,0.00023964962747413665
126.3174529136013,0.9999833703041077,0.00024022591242101043
126.31813403827982,1.0000027418136597,0.00024081185983959585
126.31881526296638,1.0001038312911987,0.00024142030451912433
126.3194963876449,0.9998456239700317,0.00024200190091505647
126.32017761232419,1.0004020929336548,0.00024266184482257813
126.32085853700119,1.000235676765442,0.00024324774858541787
126.32153976168047,0.999709963798523,0.00024378756643272936
126.32222088636627,1.000215768814087,0.00024439592380076647
126.32290211104555,0.9998146295547485,0.00024489167844876647
126.32358323560766,1.0002597570419312,0.00024542573373764753
126.32426436028618,0.99989914894104,0.0002458457602187991
126.32494558496546,0.9997789859771729,0.00024625228252261877
126.32562670964398,0.9998626112937927,0.0002466248697601259
126.32630773432902,1.000368595123291,0.0002470094768796116
126.3269889590083,0.9999951720237732,0.0002472685882821679
126.32767008368683,1.0000543594360352,0.0002475381188560277
126.32835120836535,1.0006706714630127,0.0002478151291143149
126.32903243304463,1.0001229047775269,0.0002479540416970849
126.32971355761401,1.0002909898757935,0.0002481293922755867
126.33039468229254,1.000300645828247,0.00024825663422234356
126.33107580697106,0.999569296836853,0.0002482895797584206
126.33175703165034,1.000020980834961,0.0002484028518665582
126.3324380563281,0.9999009370803833,0.0002484467695467174
126.3331191810139,0.9998202323913574,0.0002484656579326838
126.33380040569318,1.000073790550232,0.0002484946744516492
126.33448153025529,1.0002250671386719,0.000248496129643172
126.33516265493381,0.9998729228973389,0.0002484341966919601
126.33584377961233,0.999983549118042,0.0002484009601175785
126.33652500429889,1.000109314918518,0.0002483517164364457
126.33720612897741,1.0004334449768066,0.0002483101561665535
126.33788715365517,1.000388503074646,0.000248220341745764
126.33856837833446,0.9996834397315979,0.00024805846624076366
126.33924950289656,1.0000900030136108,0.00024798669619485736
126.33993062758236,1.0002176761627197,0.00024787578149698675
126.34061185226165,1.0004222393035889,0.0002477690577507019
126.34129297694017,1.0001137256622314,0.00024759830557741225
126.34197420161945,1.0001505613327026,0.00024745124392211437
126.34265532629797,1.000356674194336,0.0002473136701155454
126.34333635097573,1.0002458095550537,0.00024713532184250653
126.34401747554512,1.0001122951507568,0.000246944633545354
126.3446987002244,0.9997770190238953,0.0002467345038894564
126.34537982490292,0.9999416470527649,0.0002465616271365434
126.3460610495822,1.0004957914352417,0.0002464180870447308
126.34674217426073,1.0002193450927734,0.0002461900585331023
126.34742329894652,0.9994906783103943,0.00024592524277977645
126.3481045236258,0.9999874234199524,0.000245770177571103
126.34878554818715,1.0001170635223389,0.00024557282449677587
126.34946667286567,0.9999613165855408,0.00024535946431569755
126.35014789754496,1.000313639640808,0.0002451922046020627
126.35082902222348,0.9998788237571716,0.00024495404795743525
126.35151014690928,1.0003961324691772,0.0002448042796459049
126.35219137158856,1.0000801086425781,0.00024458335246890783
126.35287249615067,1.0004713535308838,0.0002444372803438455
126.35355362082919,0.9998914003372192,0.00024420508998446167
126.35423474550771,1.0000665187835693,0.0002440454118186608
126.35491587019351,1.0003679990768433,0.00024390354519709945
126.35559699487203,1.0007838010787964,0.0002437752700643614
126.35627821955131,1.0002706050872803,0.0002435739297652617
126.35695934411342,0.9998391270637512,0.00024338102957699448
126.35764046879194,1.0003044605255127,0.00024327504797838628
126.35832159347774,1.0001250505447388,0.0002431176253594458
126.35900281815702,1.000291347503662,0.00024298678908962756
126.35968384283478,0.9999397993087769,0.00024281560035888106
126.3603649675133,0.9998810887336731,0.00024267102708108723
126.36104619207617,0.9997438788414001,0.00024252037110272795
126.36172731676197,0.9999914169311523,0.00024240299535449594
126.3624084414405,0.9998587369918823,0.00024224145454354584
126.36308956611902,0.9999258518218994,0.00024210050469264388
126.3637707907983,0.9998632073402405,0.0002419469237793237
126.36445191547682,1.0002589225769043,0.0002418221702100709
126.36513304003893,1.0002084970474243,0.0002416554489172995
126.36581416472472,0.9998922944068909,0.00024146329087670892
126.36649528940325,0.9999938011169434,0.00024130588280968368
126.36717641408177,1.0003303289413452,0.0002411680470686406
126.36785763876105,1.0000849962234497,0.0002409779408480972
126.36853876332316,1.0001318454742432,0.00024081513402052224
126.36921988800896,0.9999173879623413,0.00024062293232418597
126.36990111268824,0.9997643232345581,0.00024044392921496183
126.370582137366,1.0000089406967163,0.00024031236534938216
126.37126326204452,1.0001442432403564,0.00024016780662350357
126.3719444867238,1.0002362728118896,0.00024002569261938334
126.37262561129319,1.0003094673156738,0.0002398897777311504
126.37330673597171,0.999579906463623,0.00023968513414729387
126.373987960651,0.9999523758888245,0.0002395871706539765
126.37466908532951,1.000175952911377,0.00023948695161379874
126.3753503100088,1.000468373298645,0.0002394039765931666
126.37603133457742,1.0001672506332397,0.00023926745052449405
126.37671245925594,1.0000054836273193,0.00023915313067846
126.37739358393446,1.0006946325302124,0.00023912571487016976
126.37807480861375,0.9996048212051392,0.00023893792240414768
126.37875593329227,0.9996968507766724,0.00023887530551292002
126.37943705785437,0.9999184012413025,0.00023883032554294914
126.38011828254093,0.9994146823883057,0.00023872316523920745
126.38079940721946,0.9996065497398376,0.00023869443975854665
126.38148043189722,0.9999855160713196,0.00023869234428275377
126.38216165646008,0.9997305274009705,0.00023863774549681693
126.3828427811386,0.9999101161956787,0.00023864154354669154
126.3835239058244,0.9997853636741638,0.00023862124362494797
126.38420513050369,0.9996160268783569,0.00023861063527874649
126.38488625518221,0.999807596206665,0.00023865318507887423
126.38556737986073,0.9999204874038696,0.00023870081349741668
126.3862486044236,1.0002838373184204,0.00023878426873125136
126.38692962910864,1.0000693798065186,0.00023882930690888315
126.38761075378716,1.000303030014038,0.00023893851903267205
126.38829197846644,1.0001354217529297,0.0002390177978668362
126.38897310302855,0.9999707341194153,0.000239121014601551
126.38965422770707,1.0001248121261597,0.0002392757887719199
126.39033545238635,0.9995365142822266,0.00023937548394314945
126.39101657707215,1.0004551410675049,0.00023963168496266007
126.39169770175067,0.999904215335846,0.00023977110686246306
126.39237882631278,1.0002262592315674,0.00024000814300961792
126.3930599509913,0.9998104572296143,0.00024018873227760196
126.39374107566982,1.0000455379486084,0.00024044713063631207
126.39442220035562,0.9994996786117554,0.0002406416751910001
126.39510342491849,0.999826192855835,0.00024092872627079487
126.39578454959701,1.0002065896987915,0.00024122570175677538
126.39646567427553,1.0000311136245728,0.00024147806107066572
126.39714689895482,0.9996820688247681,0.00024171041150111705
126.39782792363985,1.0001428127288818,0.00024201581254601479
126.39850904820196,1.000218152999878,0.0002422809775453061
126.39919017288048,0.9999952912330627,0.00024251082504633814
126.39987139755976,0.999931275844574,0.0002427314902888611
126.40055252223829,0.9998756051063538,0.00024294591275975108
126.40123374680115,1.000001072883606,0.00024315188056789339
126.40191487148695,1.0000382661819458,0.0002433222980471328
126.40259599616547,1.0000908374786377,0.000243461225181818
126.40327702084323,1.0000414848327637,0.00024356420908588916
126.4039582454061,1.000073790550232,0.00024362346448469907
126.40463937008462,0.9998372197151184,0.0002436242939438671
126.40532059477118,0.999889612197876,0.00024361169198527932
126.4060017194497,0.9996895790100098,0.00024353280605282634
126.40668284401181,0.9998420476913452,0.00024344729899894446
126.4073640686911,1.0002864599227905,0.00024336059868801385
126.40804519336962,1.0001296997070312,0.00024318808573298156
126.4087264180489,1.0000786781311035,0.00024300433869939297
126.40940734273318,1.00046706199646,0.00024283883976750076
126.41008856729604,1.0003273487091064,0.00024260861391667277
126.41076969197456,1.0003517866134644,0.0002423810219625011
126.41145091665385,1.0002596378326416,0.00024213622964452952
126.41213204121595,0.999832034111023,0.00024185434449464083
126.41281316590175,0.9995718002319336,0.00024157832376658916
126.41349439058104,0.9995909333229065,0.00024133382248692214
126.41417551525956,1.0002119541168213,0.00024115463020280004
126.41485653993732,1.0000742673873901,0.00024091315572150052
126.41553776450019,1.0000874996185303,0.00024069294158834964
126.41621888918598,0.9997887015342712,0.00024045878672041
126.4169000138645,1.000070333480835,0.00024029346241150051
126.41758123842737,1.0002481937408447,0.00024013733491301537
126.4182623631059,1.0003573894500732,0.00023998861433938146
126.41894348778442,1.0002429485321045,0.00023984280414879322
126.41962461247022,0.9999024271965027,0.00023970317852217704
126.42030573703232,0.9996505975723267,0.00023958311066962779
126.42098686171084,1.0002882480621338,0.00023958977544680238
126.42166798638937,0.9999422430992126,0.00023950939066708088
126.42234921106865,1.000157117843628,0.00023951695766299963
126.42303033563803,1.0002809762954712,0.00023954494099598378
126.42371146031655,1.0003669261932373,0.00023959454847499728
126.42439268499584,1.0001317262649536,0.00023964029969647527
126.42507380967436,0.9997677803039551,0.0002397049538558349
126.4257548342357,0.9997508525848389,0.00023982574930414557
126.42643605891499,0.9999812245368958,0.0002400103840045631
126.42711718360079,1.000067114830017,0.00024019303964450955
126.42779830816289,1.0002492666244507,0.0002404166734777391
126.42847943284141,1.000465989112854,0.00024066118930932134
126.4291606575207,1.0003342628479004,0.00024089186626952142
126.42984178219922,1.0001791715621948,0.00024114416737575084
126.43052300676936,1.0002846717834473,0.00024142999609466642
126.43120403144712,1.000374674797058,0.0002417344512650743
126.43188515612565,0.9999255537986755,0.0002419998199911788
126.43256628068775,0.9998592734336853,0.00024230549752246588
126.43324750536704,1.0002963542938232,0.00024266804393846542
126.43392863005283,1.0000715255737305,0.00024298288917634636
126.43460985473212,1.0000977516174316,0.00024330936139449477
126.43529097929422,0.9998100399971008,0.00024361185205634683
126.43597210397274,0.9995718002319336,0.00024391349870711565
126.4366531286505,1.0001227855682373,0.00024428387405350804
126.43733435322065,1.000117301940918,0.0002445886784698814
126.43801547789917,0.9998620748519897,0.00024485515314154327
126.43869670257845,0.9995371103286743,0.00024509974173270166
126.43937782725698,1.0002081394195557,0.0002454119676258415
126.44005895181908,1.0000489950180054,0.0002456239890307188
126.44074017649837,1.0003621578216553,0.00024584546918049455
126.44142130118416,0.999885082244873,0.00024596625007689
126.44210232574551,0.9998980760574341,0.00024608959211036563
126.44278345042403,1.0001795291900635,0.00024620568729005754
126.44346467510331,1.0004011392593384,0.0002462668053340167
126.44414579978184,0.9999707937240601,0.00024622600176371634
126.4448270243447,0.9997581243515015,0.000246160663664341
126.4455081490305,0.999940812587738,0.00024608513922430575
126.44618927370902,1.0004957914352417,0.0002459957904648036
126.44687039827113,0.999893844127655,0.00024576103896833956
126.44755152294965,0.9997989535331726,0.0002455479116179049
126.44823264763545,1.0000011920928955,0.00024533411487936974
126.44891377219756,1.000052809715271,0.0002450809988658875
126.44959499687684,1.0005937814712524,0.00024487479822710156
126.45027612155536,1.0000760555267334,0.00024455663515254855
126.45095724623388,0.9999407529830933,0.00024427479365840554
126.45163847079675,0.9998260140419006,0.00024400267284363508
126.45231959548255,0.999811053276062,0.00024374929489567876
126.45300062016031,1.0000542402267456,0.00024352650507353246
126.45368184472318,1.000207781791687,0.00024331716122105718
126.4543629694017,1.000163197517395,0.0002430934109725058
126.45504409408022,1.0001102685928345,0.00024289515567943454
126.4557252186496,1.0000849962234497,0.0002427190775051713
126.45640644332889,0.9999071359634399,0.00024254659365396947
126.45708756800741,1.0000396966934204,0.00024241181381512433
126.45776869256952,0.9998201131820679,0.0002422671823296696
126.45844981724804,0.9997835755348206,0.00024214948643930256
126.45913094193384,1.0002827644348145,0.00024209356342907995
126.45981206649594,1.00007164478302,0.00024197618768084794
126.46049329117523,0.9995148181915283,0.000241836576606147
126.46117441585375,1.000349760055542,0.00024183404457289726
126.46185554041585,1.0001354217529297,0.00024172641860786825
126.46253676509514,0.9998675584793091,0.00024161854526028037
126.46321788978094,1.0000866651535034,0.0002415479684714228
126.46389891434228,0.9997445344924927,0.00024141806352417916
126.4645800390208,1.0000189542770386,0.00024134771956596524
126.46526126370009,0.9998921155929565,0.0002412332542007789
126.46594238826219,1.0000252723693848,0.00024114786356221884
126.46662361294875,0.9997181296348572,0.00024101715825963765
126.46730473762727,1.000058650970459,0.00024096289416775107
126.46798586218938,1.0002020597457886,0.00024090429360512644
126.46866708686866,0.9999544620513916,0.00024082908930722624
126.46934811154642,0.9999073147773743,0.00024080161529127508
126.4700292361158,1.0001648664474487,0.00024084147298708558
126.47071046079509,0.999955415725708,0.0002408722066320479
126.47139158547361,0.9998844861984253,0.00024096370907500386
126.47207271003572,1.0002355575561523,0.00024114063126035035
126.472753934715,1.0002604722976685,0.00024134943669196218
126.47343505939352,0.9998889565467834,0.0002415633643977344
126.4741161839629,1.0003570318222046,0.0002419190132059157
126.47479730864143,0.9997511506080627,0.0002422267571091652
126.47547843331995,1.0000584125518799,0.00024266605032607913
126.47615955788206,0.9998792409896851,0.0002431065368000418
126.47684078256134,1.0002574920654297,0.0002436514914734289
126.47752190724714,0.9999668002128601,0.0002441637625452131
126.47820303180924,1.0003098249435425,0.0002447610313538462
126.47888425648853,0.9996113181114197,0.0002452861808706075
126.47956538116705,0.9999121427536011,0.00024591220426373184
126.4802464057284,1.0000574588775635,0.00024651619605720043
126.48092763041495,1.0007246732711792,0.0002471660263836384
126.48160875509348,1.000498652458191,0.00024769874289631844
126.48228987965558,1.0003379583358765,0.0002482060808688402
126.4829710043341,1.00058913230896,0.0002486964513082057
126.48365222889697,0.9993721842765808,0.00024898722767829895
126.48433335358277,1.0000346899032593,0.0002493755891919136
126.48501447826129,1.0000797510147095,0.0002496262895874679
126.48569570282416,1.0,0.00024976133136078715
126.48637672750192,0.9999772906303406,0.0002497963432688266
126.48705785218044,0.9998550415039062,0.00024971336824819446
126.48773907674331,1.0000063180923462,0.00024956115521490574
126.48842020142911,0.9999285936355591,0.00024929543724283576
126.48910132610763,0.9998931884765625,0.0002489594626240432
126.4897825506705,1.000077247619629,0.0002485773875378072
126.49046367534902,1.0000113248825073,0.0002481162082403898
126.49114479991113,1.0003706216812134,0.0002476470544934273
126.49182582459616,0.9999561905860901,0.00024708578712306917
126.49250704927545,1.0003100633621216,0.0002465754223521799
126.49318817383755,0.9999817609786987,0.00024597570882178843
126.49386939851684,0.9998524785041809,0.00024541214224882424
126.49455052319536,0.9999994039535522,0.0002448870218358934
126.49523164776474,1.0002880096435547,0.0002443902485538274
126.49591287244402,0.9999688267707825,0.00024386880977544934
126.49659399712255,1.000246524810791,0.0002434383932268247
126.49727502168389,1.0003297328948975,0.00024302187375724316
126.49795614636241,0.9998568296432495,0.00024259861675091088
126.49863737092528,1.0002719163894653,0.0002423021651338786
126.49931849561108,1.0000736713409424,0.000241996327531524
126.49999972029036,1.000017762184143,0.00024174671852961183
126.50068084485247,1.0000176429748535,0.00024154169659595937
126.50136196953099,1.0000218152999878,0.00024138046137522906
126.50204319409386,1.0000072717666626,0.00024125142954289913
126.5027242187789,1.0006102323532104,0.00024120834132190794
126.50340534345742,1.0000098943710327,0.00024108738580252975
126.50408656802028,1.00035560131073,0.00024107751960400492
126.5047676926988,1.0001517534255981,0.00024102437600959092
126.50544881726091,1.0000767707824707,0.00024099572328850627
126.50613004194747,0.9998201131820679,0.0002409621374681592
126.506811166626,1.00052809715271,0.00024102049064822495
126.5074922911881,1.0004409551620483,0.0002410027664154768
126.50817341586662,0.999391496181488,0.00024089176440611482
126.50885454042873,1.000067949295044,0.0002409467997495085
126.50953566511453,0.9996365904808044,0.00024089500948321074
126.51021678979305,0.9998849630355835,0.00024090871738735586
126.51089801435592,1.000075340270996,0.00024093322281260043
126.51157913903444,1.000854253768921,0.00024102404131554067
126.51226026371296,0.999976396560669,0.00024096325796563178
126.51294148827583,1.0003923177719116,0.00024104485055431724
126.51362251296086,1.0000905990600586,0.00024108518846333027
126.51430363752297,0.999671995639801,0.000241132962401025
126.5149847622015,0.9999210834503174,0.0002412709000054747
126.51566598676436,1.0000213384628296,0.00024143086920958012
126.51634711144288,0.9998165965080261,0.00024158503219950944
126.51702823612868,0.9999710917472839,0.0002418044168734923
126.51770946069155,0.9996993541717529,0.0002420125820208341
126.51839058537007,1.000023603439331,0.00024230820417869836
126.51907160993142,0.9998742938041687,0.0002425831335131079
126.5197528346107,0.9998881816864014,0.0002429010346531868
126.5204339592965,0.9998676180839539,0.00024322875833604485
126.5211150838586,1.0001779794692993,0.0002436008071526885
126.52179630853789,0.9999710321426392,0.0002439310628687963
126.5224774331,1.0000622272491455,0.0002442907716613263
126.52315855777852,1.0002357959747314,0.0002446457801852375
126.5238397824578,0.9998671412467957,0.0002449387975502759
126.52452080702642,0.999744713306427,0.00024523152387700975
126.52520193170494,0.9996834993362427,0.00024550085072405636
126.52588315626781,0.9999405741691589,0.0002457539667375386
126.52656428094633,1.0002691745758057,0.00024596735602244735
126.52724540550844,0.9998540282249451,0.0002460561809130013
126.527926630195,0.9999838471412659,0.0002461315889377147
126.52860775487352,1.0000908374786377,0.00024614963331259787
126.52928897943639,0.9997295141220093,0.0002460642426740378
126.52997000411415,1.0000789165496826,0.0002460037940181792
126.53065112867625,0.9998072385787964,0.0002458301023580134
126.53133225336205,1.0000492334365845,0.00024566365755163133
126.53201347792492,1.0001496076583862,0.0002454426430631429
126.53269460260344,0.9999583959579468,0.0002451619366183877
126.53337582728273,1.0001797676086426,0.0002448962477501482
126.53405695184483,0.9998139142990112,0.0002445466525387019
126.53473807652335,1.0000652074813843,0.0002442397235427052
126.53541910109197,1.0002996921539307,0.00024392417981289327
126.53610032577126,0.9997638463973999,0.00024352598120458424
126.53678145033336,0.9998255968093872,0.00024317771021742374
126.53746267501265,1.0000346899032593,0.00024285299878101796
126.53814379957475,0.9999963641166687,0.00024251051945611835
126.53882492426055,0.9998069405555725,0.00024215810117311776
126.53950604893907,0.9997721910476685,0.00024184018548112363
126.54018727350194,1.0004346370697021,0.00024160112661775202
126.5408682981797,1.0002012252807617,0.00024129993107635528
126.54154942274181,0.9999315142631531,0.0002410175366094336
126.54223064742837,0.9999833703041077,0.00024078912974800915
126.54291177199048,0.9997901916503906,0.000240561188547872
126.543592896669,0.9999316930770874,0.00024038647825364023
126.5442740212311,1.000463604927063,0.0002402814570814371
126.54495524591039,0.9998699426651001,0.00024009638582356274
126.54563637059618,0.9997096657752991,0.00023997153039090335
126.54631739515753,1.000577449798584,0.00023997908283490688
126.54699861983681,0.9993329644203186,0.00023980766127351671
126.54767974439892,0.9998437762260437,0.00023982660786714405
126.54836086907744,1.0001720190048218,0.0002398484357399866
126.54904209364031,1.0000261068344116,0.0002398495707893744
126.54972321832611,1.0000001192092896,0.00023988027533050627
126.55040434288821,0.9997483491897583,0.0002398989163339138
126.5510855675675,1.0000156164169312,0.00023998388496693224
126.55176659224526,0.9995089769363403,0.00024000537814572453
126.55244771681464,0.9998160004615784,0.0002401113451924175
126.55312884149316,1.0002764463424683,0.00024023966398090124
126.55381006605603,1.00015389919281,0.00024031558132264763
126.55449119073455,1.0002907514572144,0.00024042576842475682
126.55517241529742,1.0002158880233765,0.00024051856598816812
126.55585353997594,1.0000351667404175,0.00024060014402493834
126.55653466454532,1.0002554655075073,0.00024072776432149112
126.55721568922309,1.0001823902130127,0.0002408275759080425
126.55789691378595,1.0005968809127808,0.00024097620917018503
126.55857803846447,1.0001404285430908,0.00024104182375594974
126.55925926302734,0.9998587369918823,0.0002411238820059225
126.55994038771314,0.9999791979789734,0.00024123821640387177
126.56062151227525,1.0000336170196533,0.0002413533948129043
126.56130273695453,0.9999018311500549,0.00024144777853507549
126.56198386151664,0.9997237324714661,0.00024153327103704214
126.56266508619592,0.9999799728393555,0.00024165710783563554
126.56334611087368,1.0003823041915894,0.00024180722539313138
126.56402723544306,1.0002374649047852,0.00024188513634726405
126.56470836012159,1.000303030014038,0.00024198935716412961
126.56538958468445,1.000257134437561,0.00024208391550928354
126.56607070936298,1.0002189874649048,0.00024217473401222378
126.56675183392508,0.9999814629554749,0.000242245543631725
126.56743305860437,1.0001468658447266,0.00024235308228526264
126.56811418317375,0.9998223781585693,0.00024242453218903393
126.56879520785151,1.0000766515731812,0.00024254013260360807
126.56947643241438,1.000521183013916,0.00024268303241115063
126.5701575570929,0.9998890161514282,0.0002427376457490027
126.57083868166228,0.9995712041854858,0.0002428266016067937
126.5715198063408,0.9997600317001343,0.00024297815980389714
126.57220103090367,0.9997358918190002,0.00024312314053531736
126.57288215558219,1.0003329515457153,0.00024333922192454338
126.5735632801443,1.0003187656402588,0.00024352592299692333
126.57424440482282,1.0002782344818115,0.00024371786275878549
126.5749255293922,1.0000015497207642,0.00024390500038862228
126.57560665407073,1.0002789497375488,0.00024416527594439685
126.5762878786336,0.9998748302459717,0.0002443756675347686
126.57696900331212,1.000045657157898,0.00024465713067911565
126.57765012787422,1.0004947185516357,0.00024498251150362194
126.57833135256078,1.0000593662261963,0.0002452291955705732
126.57901247712289,0.9998738169670105,0.0002455113863106817
126.57969350180065,0.9998810291290283,0.0002458257949911058
126.58037462636275,1.0005301237106323,0.0002461920666974038
126.58105585104204,0.999807596206665,0.0002464365679770708
126.58173697561142,0.9999056458473206,0.00024675304302945733
126.58241810028994,1.00003182888031,0.00024706244585104287
126.58309932485281,0.9999417066574097,0.00024734652834013104
126.58378044953133,0.9997611045837402,0.000247603835305199
126.5844616740942,0.9997002482414246,0.00024784813285805285
126.58514269877924,1.0002306699752808,0.0002481237461324781
126.58582382334134,1.0000423192977905,0.0002483060525264591
126.58650494801986,0.9996427297592163,0.00024843524442985654
126.58718617258273,1.000221610069275,0.0002486230805516243
126.58786729726125,1.0002294778823853,0.00024871548521332443
126.58854852182412,0.9999275207519531,0.00024874083464965224
126.58922964650992,1.0000536441802979,0.00024875917006284
126.58991077107203,0.9996229410171509,0.0002486888552084565
126.59059179574979,0.9999374747276306,0.00024864618899300694
126.59127302031266,0.999932587146759,0.0002485414734110236
126.59195414487476,0.9997137784957886,0.0002483792486600578
126.59263536956132,0.9996465444564819,0.0002482150448486209
126.59331649412343,0.9998976588249207,0.00024805215070955455
126.59399761880195,1.0004017353057861,0.0002478905953466892
126.59467884336482,0.9996263980865479,0.00024760005180723965
126.59535996804334,1.0004242658615112,0.00024743398535065353
126.59604099261196,1.000180959701538,0.0002471660845912993
126.59672221729124,1.0000687837600708,0.0002469125611241907
126.59740334185335,0.9996824264526367,0.0002466324658598751
126.59808446653187,1.0000501871109009,0.00024641581694595516
126.59876559109398,1.000159502029419,0.0002461864787619561
126.59944681577326,1.000001311302185,0.0002459285606164485
126.60012794034265,1.0000121593475342,0.0002457094378769398
126.60080906502117,0.9998738765716553,0.0002454822533763945
126.60149018958327,1.0000932216644287,0.0002453011693432927
126.6021713142618,1.0001705884933472,0.0002451188047416508
126.6028524388239,0.9997619390487671,0.00024491219664923847
126.60353366351046,0.9998974800109863,0.0002447665319778025
126.60421478807257,1.0000933408737183,0.00024463701993227005
126.60489591263467,0.9995781183242798,0.00024446044699288905
126.6055770373132,0.9997125864028931,0.00024436271633021533
126.60625826187606,1.0002408027648926,0.0002443131525069475
126.6069392865611,1.0002206563949585,0.0002442278782837093
126.60762041112321,1.0000418424606323,0.0002441422257106751
126.60830163580249,0.999939501285553,0.00024407380260527134
126.6089827603646,0.9998432993888855,0.00024401942209806293
126.60966388504312,0.9995895624160767,0.0002439570234855637
126.61034510960599,0.9999336004257202,0.00024396227672696114
126.61102623429178,1.0002530813217163,0.00024397438392043114
126.61170735885389,1.0000195503234863,0.00024394177307840437
126.612388483416,0.9999064207077026,0.0002439276868244633
126.61306960809452,0.999949038028717,0.00024393151397816837
126.6137507326639,1.0004851818084717,0.00024399330141022801
126.61443195734319,1.0001978874206543,0.00024397674133069813
126.61511308190529,1.0000513792037964,0.0002439853415125981
126.61579420658381,0.9997938275337219,0.00024398636014666408
126.61647543114668,0.9998403191566467,0.0002440200187265873
126.61715655570879,1.0004404783248901,0.00024410843616351485
126.61783758039383,1.0000336170196533,0.0002441110700601712
126.6185188049567,1.0000885725021362,0.0002441582619212568
126.61919992963522,0.9997868537902832,0.00024417979875579476
126.61988105419732,1.0000520944595337,0.00024425514857284725
126.6205622788766,1.0004698038101196,0.0002443426346872002
126.62124340343871,1.0000574588775635,0.0002443621342536062
126.62192462812527,1.0000252723693848,0.0002444139972794801
126.62260575268738,0.999903678894043,0.0002444588462822139
126.62328677724872,1.0003243684768677,0.00024455180391669273
126.62396790192724,0.9999768137931824,0.0002445713907945901
126.62464912649011,1.000213384628296,0.0002446465368848294
126.62533025117591,1.00026535987854,0.000244694238062948
126.62601147573878,1.0000555515289307,0.0002447091683279723
126.62669260030088,1.0004600286483765,0.0002447787846904248
126.6273737249794,0.9998697638511658,0.00024474968085996807
126.62805484954151,1.0003368854522705,0.0002448009036015719
126.62873597422731,1.0000072717666626,0.0002447702281642705
126.62941709878942,1.0002750158309937,0.000244780327193439
126.63009822346794,1.0001176595687866,0.00024474223027937114
126.63077944803081,1.0005055665969849,0.00024473879602737725
126.63146057259291,1.000003695487976,0.000244651862885803
126.63214169727871,0.9998051524162292,0.00024458044208586216
126.63282282184082,1.0003631114959717,0.0002445711870677769
126.6335040465201,1.0001165866851807,0.00024447753094136715
126.63418507108145,1.000353217124939,0.0002444321580696851
126.63486619575997,1.0002256631851196,0.0002443481353111565
126.63554742032284,1.0000916719436646,0.0002442666736897081
126.63622854489222,1.0001696348190308,0.00024420107365585864
126.63690966957074,0.9999188184738159,0.00024411216145381331
126.63759089413361,1.0003002882003784,0.00024408208264503628
126.63827201881213,1.000199556350708,0.00024401897098869085
126.63895314337424,0.9997921586036682,0.0002439283562125638
126.63963436794438,1.0003433227539062,0.00024393924104515463
126.64031539262214,0.9999063611030579,0.00024386313452851027
126.64099651718425,0.9997733235359192,0.00024382874835282564
126.64167764186277,1.000123143196106,0.00024384989228565246
126.64235886642564,1.0000667572021484,0.00024384548305533826
126.64303999099502,0.9995773434638977,0.00024381261027883738
126.6437212156743,0.9996532201766968,0.00024384440621361136
126.64440234023641,1.0000191926956177,0.00024392384511884302
126.64508346491493,1.0005791187286377,0.0002440341777401045
126.64576448947628,0.9999367594718933,0.00024404517898801714
126.64644571404642,0.9999637007713318,0.0002441459510009736
126.64712683872494,1.0001132488250732,0.0002442680124659091
126.64780806328781,0.9997532367706299,0.0002443607081659138
126.64848918796633,1.0000454187393188,0.00024454586673527956
126.64917031252844,0.9997816681861877,0.0002446972066536546
126.64985153709131,1.0003597736358643,0.00024495020625181496
126.6505326617771,1.0000914335250854,0.00024515989935025573
126.65121368633845,1.0001267194747925,0.0002454096975270659
126.65189491101773,1.0001524686813354,0.00024569881497882307
126.65257603557984,1.0000414848327637,0.00024599634343758225
126.65325716014195,1.0000340938568115,0.0002463320270180702
126.6539383848285,1.0002166032791138,0.0002467131125740707
126.65461950939061,0.9998693466186523,0.00024707044940441847
126.65530063406914,0.9998379945755005,0.000247483782004565
126.655981858632,1.0002599954605103,0.0002479701361153275
126.65666288319335,1.0000263452529907,0.0002484153083059937
126.65734400787915,0.9997640252113342,0.0002488878380972892
126.65802523244201,0.9999047517776489,0.00024942238815128803
126.65870635700412,0.9999259114265442,0.00024996022693812847
126.65938748168264,0.9998012781143188,0.000250501383561641
126.66006860624475,1.0001229047775269,0.0002511112252250314
126.66074983080762,0.9997126460075378,0.00025165866827592254
126.66143095549342,1.0001769065856934,0.0002523060829844326
126.66211208005552,1.0001057386398315,0.0002529076882638037
126.66279320473404,1.0000805854797363,0.00025351796648465097
126.66347432929615,1.0000349283218384,0.0002541283320169896
126.66415545385826,1.000504970550537,0.00025478441966697574
126.66483667854482,1.0003831386566162,0.00025537784676998854
126.66551780310692,0.9998687505722046,0.00025593070313334465
126.66619892766903,0.9998438358306885,0.0002564957831054926
126.66688015234831,1.0001214742660522,0.0002570941869635135
126.66756117690966,0.9999072551727295,0.00025759119307622313
126.66824230159546,1.0001405477523804,0.00025810988154262304
126.66892342615756,1.0000849962234497,0.00025856398860923946
126.66960465072043,1.0002068281173706,0.0002589986252132803
126.67028577539895,1.000133991241455,0.0002593663812149316
126.67096689996106,0.9999691247940063,0.0002596767444629222
126.67164812452393,0.9999593496322632,0.00025995372561737895
126.67232924920972,1.000286340713501,0.000260214670561254
126.67301027377107,0.9998561143875122,0.0002603573084343225
126.67369149833394,0.9997667670249939,0.00026048673316836357
126.67437262301246,0.9997351765632629,0.0002605682529974729
126.67505374757457,0.9997174739837646,0.00026061508106067777
126.67573497214471,0.9998310208320618,0.0002606302732601762
126.67641609682323,0.9997021555900574,0.000260577944573015
126.6770973213861,1.0002585649490356,0.0002605483459774405
126.67777844606462,0.9999194741249084,0.0002604026813060045
126.67845947062597,0.9999503493309021,0.0002602466265670955
126.67914059519535,1.000151515007019,0.00026007293490692973
126.67982181987463,0.9998342990875244,0.0002598207211121917
126.68050294443674,1.0002480745315552,0.0002596027043182403
126.68118406899885,0.9999513030052185,0.0002592798264231533
126.68186529367813,0.9999169707298279,0.00025896410807035863
126.68254641824024,0.9997406601905823,0.0002586002228781581
126.68322764281038,1.000119924545288,0.00025826608180068433
126.68390866748814,1.0003595352172852,0.0002578925050329417
126.68458979205025,0.9995964169502258,0.0002574102836661041
126.68527091661235,0.9999560117721558,0.00025700865080580115
126.68595214129164,0.9997848868370056,0.0002565443282946944
126.68663326586102,1.0001119375228882,0.00025610727607272565
126.68731439042313,0.9999828338623047,0.00025562194059602916
126.68799561510241,1.000050663948059,0.0002551426296122372
126.68867673966452,0.9999874234199524,0.00025464099599048495
126.68935776422586,1.0000659227371216,0.00025415330310352147
126.69003898891242,1.0004243850708008,0.000253692182013765
126.69072011347453,1.0002474784851074,0.0002531853679101914
126.69140123803663,0.9998176097869873,0.0002526576863601804
126.69208246271592,0.9996451139450073,0.000252167897997424
126.69276358727802,1.0000263452529907,0.0002517383545637131
126.6934447118474,0.9999720454216003,0.00025128902052529156
126.69412593652669,0.9994632005691528,0.00025081916828639805
126.69480696108803,0.9998568296432495,0.00025045633083209395
126.69548808565014,1.0000563859939575,0.00025009657838381827
126.69616921021225,0.9996885657310486,0.00024971735547296703
126.69685043489153,0.9997681975364685,0.0002494112413842231
126.69753155946091,0.9999829530715942,0.0002491438062861562
126.69821268402302,0.9998053908348083,0.0002488702884875238
126.6988939087023,0.9999412894248962,0.00024867441970855
126.69957503326441,0.9997679591178894,0.00024846920859999955
126.70025605783303,0.9995020627975464,0.0002483012212906033
126.70093728251231,1.000107765197754,0.00024824548745527864
126.70161840707442,0.9997851848602295,0.0002481360570527613
126.70229953163653,0.9995202422142029,0.0002480646944604814
126.70298075631581,1.0000969171524048,0.0002481059927958995
126.70366188087792,0.999565064907074,0.00024807328009046614
126.7043430054473,0.999934196472168,0.0002481425181031227
126.70502423012658,0.9995913505554199,0.0002481769770383835
126.70570525468793,1.0000813007354736,0.0002483081188984215
126.70638637925003,0.9999434351921082,0.00024839697289280593
126.70706760392932,0.9995056390762329,0.0002484763681422919
126.7077487284987,0.9997495412826538,0.0002486317534931004
126.7084298530608,0.9999173879623413,0.00024878259864635766
126.70911107762367,0.999915599822998,0.0002489316393621266
126.7097922023022,1.0000194311141968,0.00024907721672207117
126.71047342686506,0.9996598362922668,0.0002491871709935367
126.71115435143292,1.0002690553665161,0.0002493790816515684
126.71183557611221,0.9997706413269043,0.0002494606305845082
126.71251670067431,0.999901533126831,0.00024958737776614726
126.71319792523718,0.9996964335441589,0.0002496731758583337
126.71387904979929,0.9997536540031433,0.000249779608566314
126.71456027447857,0.9998375177383423,0.0002498745161574334
126.71524139904795,0.9996755719184875,0.0002499387483112514
126.71592252361006,1.0001918077468872,0.0002500526898074895
126.71660364828858,0.9998792409896851,0.00025008321972563863
126.71728477285069,1.0003303289413452,0.0002501709677744657
126.7179658974128,0.9998378157615662,0.0002501734416000545
126.7186470220986,1.0001734495162964,0.00025024067144840956
126.71932824666146,1.0000956058502197,0.00025027128867805004
126.72000937122357,0.9999697208404541,0.0002502845600247383
126.72069049578568,1.0000909566879272,0.0002503192226868123
126.72137172046496,1.000338077545166,0.00025036654551513493
126.72205284502706,1.000286340713501,0.00025038389139808714
126.72273386959569,1.0003035068511963,0.0002504097647033632
126.72341499415779,1.0001181364059448,0.000250419310759753
126.72409621883708,1.0005360841751099,0.00025048034149222076
126.72477734339918,1.0002096891403198,0.00025047562667168677
126.72545846796129,0.9999601244926453,0.00025047961389645934
126.72613969264785,0.9998493790626526,0.0002505026350263506
126.72682081720995,1.0001437664031982,0.00025056200684048235
126.72750194177206,1.000481367111206,0.0002506306045688689
126.72818306633417,0.9998087286949158,0.0002506072341930121
126.72886419101269,1.0000147819519043,0.0002506636956240982
126.72954531558207,0.9998504519462585,0.00025069579714909196
126.73022654014494,0.999623715877533,0.00025071625714190304
126.73090766470705,1.0005052089691162,0.00025083613581955433
126.73158878938557,1.0000019073486328,0.0002508342149667442
126.73227001394844,0.9998742938041687,0.00025086867390200496
126.73295113851054,0.9998498558998108,0.00025089888367801905
126.73363216319558,0.999911367893219,0.0002509453915990889
126.73431328775769,0.9995161294937134,0.00025094629381783307
126.73499451232055,0.9999982118606567,0.00025102501967921853
126.73567563688266,1.000055193901062,0.0002510628546588123
126.73635686156194,0.9999237656593323,0.0002510794729460031
126.73703798613133,1.0001816749572754,0.0002511275524739176
126.73771911069343,0.9996563792228699,0.00025110208662226796
126.7384003352563,1.0003366470336914,0.00025118302437476814
126.73908135993406,1.0001399517059326,0.0002511831116862595
126.73976248449617,1.0003384351730347,0.0002512133214622736
126.74044370906631,0.9994262456893921,0.0002511375932954252
126.74112483362842,0.9998182654380798,0.0002511813654564321
126.74180595830694,0.9999651312828064,0.00025119329802691936
126.74248718286981,0.9999068379402161,0.0002511796192266047
126.74316830743192,1.0002294778823853,0.0002511999337002635
126.74384943199402,0.9999548196792603,0.00025115604512393475
126.74453045667906,0.9998775124549866,0.00025112275034189224
126.74521168124193,1.0001633167266846,0.0002511203638277948
126.74589280580403,0.9999905228614807,0.00025106474640779197
126.7465740303669,0.9998919367790222,0.00025100665516220033
126.74725515504542,1.0002262592315674,0.00025098471087403595
126.7479362796148,1.0001252889633179,0.0002509117475710809
126.74861750417767,0.9997785091400146,0.0002508081088308245
126.74929862873978,1.000289797782898,0.0002507698372937739
126.74997965341754,0.999987781047821,0.0002506485616322607
126.75066087798041,1.0000557899475098,0.0002505492593627423
126.75134200254979,1.0001837015151978,0.00025044335052371025
126.7520231271119,1.0001604557037354,0.00025031299446709454
126.752704251674,1.0000605583190918,0.00025016526342369616
126.75338547635329,1.0004055500030518,0.0002500539703760296
126.7540666009154,1.0001730918884277,0.0002498762041795999
126.75474772548478,1.0005300045013428,0.0002497394452802837
126.75542885004688,1.000003695487976,0.00024952844250947237
126.7561099747254,0.9997140765190125,0.0002493198262527585
126.75679109928751,0.9998034834861755,0.00024915116955526173
126.75747232385038,0.9999833703041077,0.0002489938633516431
126.75815344841249,0.99985671043396,0.00024879901320673525
126.75883457309828,1.0001611709594727,0.0002486581797711551
126.75951569766039,0.9998289346694946,0.00024843725259415805
126.76019692222326,1.0003474950790405,0.00024830427719280124
126.7608779467846,0.9996591210365295,0.00024806815781630576
126.76155907135399,1.0004355907440186,0.00024797345395199955
126.76224029603327,1.0000238418579102,0.0002477688540238887
126.76292142059538,1.0005887746810913,0.0002476670197211206
126.76360254515748,1.0004785060882568,0.00024750683223828673
126.76428376972035,0.9995800256729126,0.00024727993877604604
126.76496489439887,0.9998759031295776,0.00024717545602470636
126.76564611896174,0.9999718070030212,0.0002470592735335231
126.76632714353036,0.999739408493042,0.0002469230385031551
126.76700826809247,1.0000792741775513,0.0002468528982717544
126.76768939265457,1.0000028610229492,0.0002467574959155172
126.76837061733386,1.0000499486923218,0.00024667842080816627
126.76905174190324,0.9998466372489929,0.00024659326300024986
126.76973286646535,0.9998792409896851,0.00024654524167999625
126.77041409102821,1.0000518560409546,0.00024652457796037197
126.77109521559032,1.000057339668274,0.00024650964769534767
126.77177624026808,1.0001626014709473,0.00024651861167512834
126.77245746483095,1.000488042831421,0.0002465644502080977
126.77313858940033,0.9999276399612427,0.0002465577272232622
126.77381971396244,1.0003414154052734,0.0002466524892952293
126.77450093864172,1.000302791595459,0.00024673048756085336
126.77518206320383,0.9999097585678101,0.00024679495254531503
126.7758632877667,1.000207543373108,0.000246949348365888
126.77654441233608,1.0000723600387573,0.00024707705597393215
126.77722543689742,0.9998706579208374,0.0002472252235747874
126.77790656145953,1.0001413822174072,0.000247444084379822
126.77858778613881,0.9997650384902954,0.000247620657319203
126.77926891070092,1.000229001045227,0.0002478896640241146
126.7799500352703,1.0000379085540771,0.00024812304764054716
126.78063125983317,0.999997079372406,0.00024839042453095317
126.78131238439528,1.0002529621124268,0.0002487046585883945
126.7819935090738,1.0002434253692627,0.0002490099286660552
126.7826746336359,1.0000720024108887,0.00024931496591307223
126.78335575820529,1.0000529289245605,0.0002496481465641409
126.7840368827674,0.9998598694801331,0.0002499837428331375
126.78471810733026,1.0002374649047852,0.0002503788855392486
126.78539923189237,1.0001842975616455,0.0002507441968191415
126.78608035657089,0.9995673298835754,0.000251065386692062
126.786761481133,0.9994062185287476,0.00025143043603748083
126.78744270570314,1.0000925064086914,0.00025187208666466177
126.78812373026449,0.9997905492782593,0.0002522283175494522
126.7888048548266,1.000321626663208,0.00025265925796702504
126.78948607950588,1.000190258026123,0.00025302026188001037
126.79016720406798,0.9997206330299377,0.0002533498627599329
126.79084832863737,1.0005770921707153,0.00025378205464221537
126.79152955320023,0.999887228012085,0.0002540642744861543
126.79221067776234,0.999963641166687,0.0002544017042964697
126.79289180244086,1.0002487897872925,0.00025474096764810383
126.79357292700297,0.9998965859413147,0.00025500712217763066
126.79425405157235,0.9996563792228699,0.0002552639052737504
126.79493517613446,1.0002222061157227,0.0002555841638240963
126.79561640069733,0.9996419548988342,0.0002557799743954092
126.79629752525943,0.999893844127655,0.0002560427528806031
126.79697864982154,0.9998781681060791,0.00025626670685596764
126.79765987450082,0.9999664425849915,0.00025648565497249365
126.7983409990702,0.9996823072433472,0.0002566667681094259
126.79902222363307,1.000409483909607,0.00025692617055028677
126.79970314819366,1.000180959701538,0.00025709261535666883
126.80038437275653,0.9999551773071289,0.0002572525991126895
126.80106549731863,0.999684751033783,0.0002574100799392909
126.80174672200519,0.9999288320541382,0.0002575991384219378
126.8024278465673,0.999939501285553,0.00025777064729481936
126.8031089711294,0.9998663663864136,0.0002579274878371507
126.80379019569227,1.0002765655517578,0.00025812064995989203
126.80447132025438,1.0003650188446045,0.0002582853485364467
126.805152344823,0.9996945261955261,0.00025837536668404937
126.80583356950228,0.9999338984489441,0.0002585493493825197
126.80651469406439,1.0003453493118286,0.0002587273484095931
126.8071958186265,1.0003584623336792,0.00025887746596708894
126.80787704318936,1.0002145767211914,0.00025900258333422244
126.80855816775147,1.0000157356262207,0.000259116233792156
126.80923929232085,1.0001530647277832,0.00025925098452717066
126.80992051688372,1.000156044960022,0.0002593706303741783
126.81060154156148,1.000091552734375,0.0002594677498564124
126.81128266612359,1.000089406967163,0.00025957220350392163
126.81196389068646,0.9996317028999329,0.0002596166159491986
126.81264501525584,0.9999670386314392,0.0002597120183054358
126.81332613981795,0.9999838471412659,0.00025977162295021117
126.81400726438005,0.9998376369476318,0.0002598019491415471
126.81468848894292,0.9998176097869873,0.00025982182705774903
126.81536961362144,1.0002846717834473,0.0002598693245090544
126.81605063819006,1.000149130821228,0.00025985666434280574
126.81673186275293,0.9998276829719543,0.0002598149876575917
126.81741298731504,1.000012993812561,0.0002597988932393491
126.81809411187714,1.0001260042190552,0.0002597653365228325
126.81877533644001,1.0003690719604492,0.00025973477750085294
126.81945646100212,1.0004587173461914,0.00025968143017962575
126.82013758568792,1.0003564357757568,0.0002596079430077225
126.82081871025002,1.0002288818359375,0.0002595246769487858
126.82149983481213,0.9998002052307129,0.00025941108469851315
126.82218095937424,1.0000532865524292,0.0002593490353319794
126.82286208394362,0.9999858140945435,0.0002592613745946437
126.82354330850649,0.9998071789741516,0.0002591645170468837
126.8242244330686,0.9999364614486694,0.00025909102987498045
126.8249055576307,0.9995751976966858,0.00025897883460856974
126.82558678230998,0.9998331069946289,0.0002589264768175781
126.82626790687209,0.9998180270195007,0.0002588512434158474
126.82694893144071,1.0001381635665894,0.00025881826877593994
126.82763015600358,1.000820517539978,0.0002588255447335541
126.82831128056569,1.0002235174179077,0.0002587197523098439
126.82899240512779,1.0002275705337524,0.0002586912305559963
126.82967362969066,0.9998158812522888,0.0002586401824373752
126.83035475426004,1.0001931190490723,0.0002586656191851944
126.83103597893933,0.9998115301132202,0.0002586508053354919
126.83171710350143,1.0001124143600464,0.00025871332036331296
126.83239812806278,0.9999130368232727,0.0002587481867522001
126.83307925262488,0.9997692108154297,0.00025881576584652066
126.83376047718775,0.9996882081031799,0.00025891460245475173
126.83444160175713,0.9997329115867615,0.00025904527865350246
126.83512282632,0.9996373057365417,0.000259193911915645
126.83580395088211,1.0000922679901123,0.00025940744671970606
126.83648507544422,0.9996992349624634,0.00025956708122976124
126.8371663001235,0.9998834729194641,0.00025979577912949026
126.83784732469212,0.9998595714569092,0.0002600190637167543
126.83852844925423,1.0002081394195557,0.0002602867898531258
126.8392096738171,1.0000429153442383,0.00026052072644233704
126.8398907983792,1.0000356435775757,0.00026077142683789134
126.84057192294131,0.9997478723526001,0.0002610008232295513
126.84125304751069,1.0003695487976074,0.0002613192773424089
126.84193427207356,1.0001007318496704,0.00026154870283789933
126.84261539663567,1.0001548528671265,0.00026180114946328104
126.84329642119701,1.0002108812332153,0.00026204765890724957
126.84397764575988,1.0000461339950562,0.00026225580950267613
126.8446587704384,1.000230312347412,0.00026248692302033305
126.84533989500778,1.000129222869873,0.00026266954955644906
126.84602111957065,1.0002813339233398,0.00026285165222361684
126.84670224413276,1.000126838684082,0.00026298456941731274
126.84738336869486,1.0003633499145508,0.0002631140814628452
126.84806459325773,1.0001519918441772,0.0002631722600199282
126.84874561782635,1.0000213384628296,0.0002631984534673393
126.84942674238846,1.000109314918518,0.0002632049727253616
126.85010786695057,1.0002778768539429,0.00026317438459955156
126.85078909151343,1.0000666379928589,0.0002630563103593886
126.85147021607554,0.9995735287666321,0.0002628690272103995
126.85215134076134,1.0003434419631958,0.0002627297071740031
126.8528325653242,1.0002517700195312,0.0002624638145789504
126.85351368988631,1.000093698501587,0.00026213095407001674
126.85419471444766,1.0002018213272095,0.0002617595309857279
126.85487593901053,0.9999237656593323,0.00026129453908652067
126.85555706357991,1.0002731084823608,0.0002608369686640799
126.85623818814202,1.0001343488693237,0.0002602888271212578
126.85691941270488,0.9997844099998474,0.0002596820122562349
126.85760053726699,0.9998521208763123,0.0002590871008578688
126.8582816618291,0.9996269941329956,0.00025843645562417805
126.85896288639196,1.0001258850097656,0.000257837469689548
126.85964391096059,0.9997245669364929,0.0002571489312686026
126.86032503552269,1.0002312660217285,0.00025653469492681324
126.86100626020198,1.0003430843353271,0.00025588550488464534
126.86168738476408,1.0000836849212646,0.00025521282805129886
126.86236850932619,0.9997932314872742,0.0002545487368479371
126.86304973389633,1.000290870666504,0.00025397175340913236
126.86373085845844,1.0002931356430054,0.0002533743972890079
126.8644120830213,1.0000633001327515,0.00025277715758420527
126.86509310758265,1.0001294612884521,0.0002522389404475689
126.86577423214476,0.9997885823249817,0.0002516899548936635
126.86645535671414,1.0001744031906128,0.00025124213425442576
126.86713658127701,0.9998626112937927,0.0002507686731405556
126.86781770583912,1.0000156164169312,0.000250370881985873
126.86849883040122,1.0001180171966553,0.0002500101982150227
126.86918005496409,1.0002102851867676,0.0002496957022231072
126.8698611795262,0.9998473525047302,0.00024937171838246286
126.87054230409558,0.9998331069946289,0.0002491270424798131
126.87122342865769,0.9995407462120056,0.00024890361237339675
126.87190455321979,0.99982088804245,0.00024877904797904193
126.87258567789831,0.9996883869171143,0.00024866516469046474
126.87326690246118,1.0003966093063354,0.00024867564206942916
126.87394802703056,1.0002142190933228,0.0002486615558154881
126.87462915159267,0.9999083280563354,0.0002486891171429306
126.87531027615478,0.9999618530273438,0.00024881301214918494
126.87599150071765,1.0000191926956177,0.00024899301934055984
126.87667252527899,0.9997060298919678,0.0002491894701961428
126.87735364984837,1.0002058744430542,0.0002495176449883729
126.87803487441124,0.9996050000190735,0.0002497962850611657
126.87871599897335,0.9999021291732788,0.00025020871544256806
126.87939712353545,0.9998112320899963,0.0002506347664166242
126.88007834809832,0.9999474287033081,0.000251134013524279
126.88075947266043,0.9998674392700195,0.0002516619279049337
126.88144059722981,1.000277042388916,0.00025227791047655046
126.88212172179192,0.9998765587806702,0.00025286339223384857
126.88280284635402,1.0002000331878662,0.0002535625535529107
126.88348397091613,1.000133991241455,0.0002542633155826479
126.88416509548551,1.0002464056015015,0.0002550098579376936
126.88484632004838,0.9996873736381531,0.00025573562015779316
126.88552744461049,1.0002131462097168,0.0002565804170444608
126.88620866917336,0.9995885491371155,0.0002573441306594759
126.88688979373546,0.9999591708183289,0.00025821360759437084
126.88757081829681,1.000209093093872,0.0002590779331512749
126.88825194286619,0.999989926815033,0.00025991108850575984
126.88893316742906,1.0000272989273071,0.00026075553614646196
126.88961429210758,0.9997840523719788,0.0002615697158034891
126.89029551667045,0.9998212456703186,0.00026238494319841266
126.89097664123256,1.0001192092895508,0.0002631958050187677
126.89165776580194,1.0002163648605347,0.0002639590238686651
126.8923389903648,0.9998688101768494,0.00026463583344593644
126.89302001492615,0.9998480677604675,0.0002652955299708992
126.89370113948826,1.0004427433013916,0.0002659430610947311
126.89438236405113,1.0003217458724976,0.0002664614876266569
126.89506348861323,0.9998315572738647,0.0002668824454303831
126.89574461318261,0.9998867511749268,0.0002672683622222394
126.89642583774548,1.000220775604248,0.0002676083822734654
126.89710696230759,1.0000243186950684,0.0002678348682820797
126.8977880868697,0.9998732209205627,0.0002680078614503145
126.8984692114318,1.0003612041473389,0.0002681704063434154
126.89915033600118,0.9997710585594177,0.0002681906917132437
126.89983146056329,0.9996960759162903,0.00026821179199032485
126.90051268512616,1.000108003616333,0.00026823129155673087
126.90119380968827,0.9997662901878357,0.0002681518963072449
126.90187493425037,0.9993558526039124,0.0002680328907445073
126.90255605881975,0.9995799660682678,0.0002679469180293381
126.90323728338262,0.9999533891677856,0.00026785090449266136
126.90391830794397,0.9997941851615906,0.00026769979740493
126.90459943250607,0.9998944997787476,0.00026755311409942806
126.90528065706894,1.0000613927841187,0.0002674116112757474
126.90596178163833,1.000139594078064,0.0002672572445590049
126.90664290620043,0.9998732209205627,0.0002670820977073163
126.9073241307633,0.9996214509010315,0.0002669104724191129
126.9080052553254,0.9996679425239563,0.0002667739463504404
126.90868637988751,1.0002847909927368,0.00026669478393159807
126.90936750444962,0.9995115995407104,0.0002665066858753562
126.910048629019,1.0000135898590088,0.00026644807076081634
126.91072975358111,0.9997751712799072,0.0002663434133864939
126.91141087814322,1.000078558921814,0.0002662967599462718
126.91209210270608,0.9998851418495178,0.00026622635778039694
126.91277322726819,1.0006577968597412,0.00026625776081345975
126.91345435183757,1.0000554323196411,0.0002661949547473341
126.91413557640044,0.9998412728309631,0.0002661758626345545
126.91481660096179,0.9999157190322876,0.0002662040351424366
126.91549772552389,1.0002143383026123,0.00026626221369951963
126.91617895008676,1.0004454851150513,0.0002663293853402138
126.91686007465614,1.00005304813385,0.0002663533960003406
126.91754119921825,1.0001429319381714,0.0002664395433384925
126.91822242378112,1.0002273321151733,0.00026651707594282925
126.91890354834322,1.000166654586792,0.00026659423019737005
126.91958477290609,1.0000123977661133,0.0002666737709660083
126.92026579746744,0.9997005462646484,0.0002667369553819299
126.92094692203682,1.0000591278076172,0.0002668580273166299
126.92162804648251,1.0002491474151611,0.00026697086286731064
126.9223092711618,1.00032377243042,0.0002670721150934696
126.92299039560748,0.9998922944068909,0.0002671258116606623
126.92367162017035,0.9999666810035706,0.00026722726761363447
126.92435274473974,1.0001049041748047,0.0002673228445928544
126.92503386930184,1.0001194477081299,0.00026741172769106925
126.92571489386319,0.999674916267395,0.0002674587885849178
126.92639611842606,0.9996502995491028,0.0002675339055713266
126.92707724298816,1.0004347562789917,0.0002676743024494499
126.92775846755103,0.9999233484268188,0.00026770238764584064
126.92843959212041,0.9997313618659973,0.0002677527954801917
126.92912071668252,1.0000519752502441,0.0002678491873666644
126.92980184124463,1.0001914501190186,0.00026792220887728035
126.9304830658075,1.0001373291015625,0.00026797878672368824
126.93116409037611,0.9998082518577576,0.0002680094912648201
126.93184521493822,0.9997170567512512,0.00026805594097822905
126.93252643950109,0.9996774792671204,0.00026810960844159126
126.9332075640632,1.0004246234893799,0.00026823178632184863
126.9338886886253,0.999910831451416,0.0002682465419638902
126.93456991318817,0.999662458896637,0.000268290052190423
126.93525103775755,0.9998083710670471,0.00026836563483811915
126.93593216231966,1.0001379251480103,0.00026845885440707207
126.93661328688177,1.000070333480835,0.000268530537141487
126.93729441144387,0.9995871782302856,0.00026857422199100256
126.93797553600598,1.000071406364441,0.0002687077794689685
126.93865666045895,0.9999147057533264,0.00026879707002080977
126.93933788513823,0.999549150466919,0.00026887893909588456
126.94001900958392,0.99998939037323,0.0002690432302188128
126.94070013414603,1.000229835510254,0.00026920222444459796
126.9413813587089,0.999738335609436,0.0002693123242352158
126.94206238327752,0.99979567527771,0.0002694888971745968
126.94274350783962,0.9999328255653381,0.00026967862504534423
126.94342473240249,1.0001670122146606,0.00026989090838469565
126.9441058569646,1.0003875494003296,0.00027012292412109673
126.9447869815267,1.0002925395965576,0.0002703363716136664
126.94546820608957,1.0002979040145874,0.00027057784609496593
126.94614933065895,1.000043272972107,0.0002708066604100168
126.94683045522106,0.9998928904533386,0.0002710521512199193
126.94751167978393,1.0004011392593384,0.0002713597205001861
126.94819270434527,1.000227451324463,0.0002716206945478916
126.94887382890738,1.000566005706787,0.00027193527785129845
126.94955505347752,0.999586284160614,0.0002721384516917169
126.95023617803963,1.0004620552062988,0.00027250126004219055
126.95091730260174,1.0002285242080688,0.00027277079061605036
126.95159852704819,1.000004529953003,0.00027304014656692743
126.9522796516103,1.0003066062927246,0.00027334183687344193
126.95296087617317,1.0001331567764282,0.0002735991729423404
126.95364190074179,1.0001341104507446,0.00027385627618059516
126.95432302530389,0.9996965527534485,0.0002740653872024268
126.955004149866,0.9998703598976135,0.00027431108173914254
126.95568537442887,1.0003032684326172,0.00027455342933535576
126.95636649899097,1.0006396770477295,0.00027475625392980874
126.95704762356036,1.0003100633621216,0.0002748854458332062
126.95772884812322,0.9998348951339722,0.0002749775303527713
126.95840997268533,1.0002968311309814,0.00027512171072885394
126.95909099724668,0.9998834133148193,0.0002751598949544132
126.95977222180954,0.9999947547912598,0.00027521303854882717
126.96045334626251,0.9999819397926331,0.0002752290165517479
126.96113447082462,0.9998051524162292,0.00027520640287548304
126.96181569538749,1.0000075101852417,0.0002751826832536608
126.96249681994959,1.0002180337905884,0.0002751312276814133
126.9631779445117,0.9996839165687561,0.00027499254792928696
126.96385916907457,0.999964714050293,0.0002748966799117625
126.96454019364319,0.9997534155845642,0.0002747257531154901
126.9652213182053,1.0000905990600586,0.0002745776146184653
126.9659024427674,1.0001577138900757,0.00027438151300884783
126.96658366733027,1.000014066696167,0.0002741431526374072
126.96726479189238,1.0000197887420654,0.000273895071586594
126.96794591634534,1.0002998113632202,0.00027364256675355136
126.96862714090821,1.000316858291626,0.0002733446308411658
126.96930826547032,1.0000065565109253,0.0002730012056417763
126.96998929003166,1.000523328781128,0.0002727113605942577
126.97067051459453,1.0002180337905884,0.0002723218349274248
126.97135163916391,0.9997045993804932,0.0002719022158998996
126.97203276372602,0.9998012781143188,0.0002715099253691733
126.97271398828889,0.9996119141578674,0.00027108387439511716
126.973395112851,0.9999078512191772,0.000270675343926996
126.9740762374131,1.0002893209457397,0.00027025790768675506
126.97475746197597,1.0001856088638306,0.0002697918680496514
126.97543848642817,0.9998069405555725,0.00026928994338959455
126.97611961099028,0.9994292855262756,0.0002687662490643561
126.97680073555239,0.9998962879180908,0.00026830719434656203
126.97748196011526,0.9998576045036316,0.00026779770269058645
126.97816308468464,0.9998810887336731,0.00026728174998424947
126.9788443092475,1.0003312826156616,0.00026679979055188596
126.97952543380961,0.9997847676277161,0.0002662245533429086
126.9802065582553,0.9999654293060303,0.0002657186705619097
126.98088758281665,0.9995012283325195,0.00026515519130043685
126.98156880737952,0.9997636079788208,0.00026465323753654957
126.9822499319489,1.0000368356704712,0.00026416461332701147
126.982931056511,1.0005062818527222,0.0002636928984429687
126.98361228107387,1.0004206895828247,0.0002631870156619698
126.98429340563598,1.0000840425491333,0.0002626609930302948
126.98497463019885,1.0006470680236816,0.0002622331085149199
126.98565575476823,1.000162124633789,0.00026172419893555343
126.98633677921316,1.0001013278961182,0.00026126374723389745
126.98701790377527,0.9998527765274048,0.00026079831877723336
126.98769912833814,1.000249981880188,0.0002604017499834299
126.98838025290024,1.0005557537078857,0.00026001373771578074
126.98906147746311,1.000199317932129,0.00025958442711271346
126.98974260203249,1.000374674797058,0.0002592165837995708
126.9904237265946,0.9997343420982361,0.000258795014815405
126.99110495115747,1.0000123977661133,0.0002584701287560165
126.9917859756024,0.9999785423278809,0.0002581358712632209
126.99246710017178,0.9999028444290161,0.00025781564181670547
126.99314822473389,1.000311017036438,0.0002575635153334588
126.99382944929675,1.0000492334365845,0.0002572665107436478
126.99451057385886,1.0000247955322266,0.0002570182259660214
126.99519169842097,0.9999416470527649,0.0002567803021520376
126.99587292298384,0.9997702836990356,0.00025657075457274914
126.99655404755322,1.000519871711731,0.00025645236019045115
126.99723507199815,0.999576985836029,0.0002562277368269861
126.99791629656102,0.9999087452888489,0.0002561402798164636
126.99859742112312,0.9998559951782227,0.0002560577995609492
126.99927854568523,1.0004247426986694,0.0002560546272434294
126.99995977025537,1.0002813339233398,0.0002560294815339148
127.00064089481748,1.0002399682998657,0.0002560465654823929
127.00132201937959,1.0001448392868042,0.00025608946452848613
127.00200314382528,0.999828040599823,0.00025615718914195895
127.00268426838738,1.000277042388916,0.0002563296293374151
127.00336539295677,0.9997842907905579,0.0002564530004747212
127.00404651751887,1.000400424003601,0.0002567133924458176
127.00472774208174,0.9998370409011841,0.0002569077769294381
127.00540886664385,1.0002483129501343,0.00025722041027620435
127.00608999108954,0.9995282292366028,0.0002574667159933597
127.0067712156524,0.9997602701187134,0.0002578343264758587
127.00745234022179,0.9998786449432373,0.00025821960298344493
127.00813336478313,0.9998845458030701,0.0002586286573205143
127.008814589346,0.9994400143623352,0.0002590196090750396
127.00949571390811,1.0000808238983154,0.0002595307014416903
127.0101768383538,1.000631332397461,0.0002600544539745897
127.01085806292394,0.9997918009757996,0.0002604701730888337
127.01153918748605,1.0001956224441528,0.0002610075753182173
127.01222041204892,0.9998659491539001,0.0002614879049360752
127.01290153661103,0.9996911883354187,0.00026199029525741935
127.01358256117237,0.999964714050293,0.0002625275228638202
127.01426368574175,0.9999273419380188,0.00026303634513169527
127.0149449101882,0.9999301433563232,0.0002635392884258181
127.01562603475031,0.9997281432151794,0.00026401778450235724
127.01630725931318,0.9999245405197144,0.0002645145286805928
127.01698838387529,0.9996768832206726,0.0002649484376888722
127.0176695084374,1.0000654458999634,0.0002654267009347677
127.01835073289112,1.0002851486206055,0.00026586020248942077
127.01903175745247,0.9998350143432617,0.0002662251645233482
127.01971288201457,1.0000908374786377,0.00026663465541787446
127.02039400657668,1.0002163648605347,0.00026701149181462824
127.02107523113955,0.9998247623443604,0.00026733375852927566
127.02175635570893,1.0000637769699097,0.00026770742260850966
127.02243748015462,1.0001262426376343,0.0002680567849893123
127.02311870471749,0.9997085928916931,0.00026836383040063083
127.0237998292796,0.9999947547912598,0.0002687283849809319
127.0244809538417,0.99993497133255,0.0002690682595130056
127.02516207841109,0.999572217464447,0.0002693852293305099
127.02584320297319,0.9998833537101746,0.00026975839864462614
127.02652432741888,1.0004065036773682,0.00027016043895855546
127.02720555198175,0.999967634677887,0.00027049207710660994
127.02788667654386,1.0003138780593872,0.00027089929790236056
127.02856780110596,1.0005481243133545,0.0002713012509047985
127.02924892567535,1.0000249147415161,0.00027164723724126816
127.0299301501218,1.0003204345703125,0.0002720736956689507
127.03061117468314,0.9996587634086609,0.000272427307209
127.03129229924525,1.0001589059829712,0.00027287687407806516
127.03197352380812,0.9997994303703308,0.00027326290728524327
127.0326546483775,0.9999709129333496,0.00027369754388928413
127.0333357728232,1.0000272989273071,0.00027411457267589867
127.03401699738606,0.9995860457420349,0.00027449402841739357
127.03469812194817,1.0002117156982422,0.0002749488630797714
127.03537924651027,1.0000349283218384,0.0002753284643404186
127.03606037107966,1.0002360343933105,0.00027572570252232254
127.03674149552535,1.0002464056015015,0.00027609357493929565
127.03742262008745,1.0000485181808472,0.0002764247765298933
127.03810384465032,1.0000604391098022,0.0002767586847767234
127.03878496921243,1.0001565217971802,0.00027706215041689575
127.03946609378181,1.0000510215759277,0.0002773367741610855
127.04014731822826,0.9999112486839294,0.0002775781904347241
127.04082844279037,0.9998646378517151,0.00027779507217928767
127.04150946735172,0.9999996423721313,0.0002780062204692513
127.04219069191458,1.0001343488693237,0.00027818253147415817
127.04287181647669,1.0002413988113403,0.0002783278760034591
127.04355294092966,1.0000581741333008,0.00027842403505928814
127.04423416549253,1.0000529289245605,0.0002785076212603599
127.04491529005463,0.9999937415122986,0.0002785536926239729
127.04559641461674,0.9998010396957397,0.00027855962980538607
127.0462776391796,1.0002555847167969,0.00027858835528604686
127.04695866363181,0.9999271631240845,0.0002785273245535791
127.04763978819392,0.9995464086532593,0.00027843055431731045
127.04832101275679,1.0001250505447388,0.0002783825038932264
127.0490021373189,1.0003877878189087,0.0002782783703878522
127.049683261881,0.999771237373352,0.00027807310107164085
127.05036448632745,0.9996755719184875,0.00027787467115558684
127.05104561089684,0.9997825026512146,0.0002776668989099562
127.05172673545894,1.0000195503234863,0.0002774310705717653
127.05240786002105,0.999832272529602,0.00027713068993762136
127.05308898446674,1.000201940536499,0.00027684017550200224
127.05377010903612,0.9998824000358582,0.0002764599921647459
127.05445133359899,0.9999493956565857,0.0002760757924988866
127.0551324581611,1.0001018047332764,0.0002756610047072172
127.05581358260679,1.0000821352005005,0.00027519589639268816
127.0564947071689,1.0000759363174438,0.00027469053748063743
127.05717593173176,1.0000619888305664,0.0002741517382673919
127.05785695630038,1.0003137588500977,0.00027359285741113126
127.05853808074608,0.9995838403701782,0.00027290984871797264
127.05921930530894,0.9999372363090515,0.00027228242834098637
127.05990042987105,1.0003912448883057,0.00027163524646312
127.06058155443316,1.0002800226211548,0.000270916149020195
127.0612627790033,1.0001013278961182,0.0002701793855521828
127.06194390344899,1.0002217292785645,0.0002694550494197756
127.0626250280111,0.9998753666877747,0.00026868036366067827
127.0633061525732,1.0001550912857056,0.0002679652243386954
127.06398727713531,0.9999918937683105,0.0002672173432074487
127.06466840158828,0.999846339225769,0.00026648500352166593
127.06534952615038,0.9997323751449585,0.0002657644799910486
127.06603075071325,0.9999865293502808,0.0002651014947332442
127.06671187527536,1.0000197887420654,0.0002644397609401494
127.06739309972181,0.999839723110199,0.00026379150222055614
127.06807422428392,0.9999264478683472,0.00026319315657019615
127.06875524885254,0.9999533891677856,0.00026262301253154874
127.06943637341465,1.0005440711975098,0.0002621351450216025
127.0701175978611,0.9999158978462219,0.00026157512911595404
127.0707987224232,1.0002110004425049,0.00026113682542927563
127.07147984698531,0.9998917579650879,0.0002606775669846684
127.07216107155546,1.0000548362731934,0.0002603047469165176
127.07284219600115,1.0003886222839355,0.0002599781728349626
127.07352342056402,0.9999396800994873,0.0002596251724753529
127.07420444512536,0.9997349977493286,0.000259327789535746
127.07488556968747,0.9998149275779724,0.0002590956864878535
127.07556669414043,1.000083088874817,0.00025891978293657303
127.0762479187033,0.9997087121009827,0.0002587228373158723
127.07692904326541,1.0003056526184082,0.0002586468181107193
127.07761026782828,1.0002269744873047,0.0002585515030659735
127.07829139227397,1.0000860691070557,0.00025849498342722654
127.07897251683607,1.0000770092010498,0.00025848113000392914
127.0796535414047,1.0002691745758057,0.0002585332258604467
127.08033476585115,1.0000587701797485,0.00025858497247099876
127.08101589041325,1.0003358125686646,0.00025872126570902765
127.08169711497612,1.0001609325408936,0.00025884772185236216
127.08237823953823,1.0000873804092407,0.00025903561618179083
127.0830593639912,0.9996886253356934,0.00025921675842255354
127.0837404885533,1.0001732110977173,0.0002595121040940285
127.08442171311617,1.0001881122589111,0.0002598069258965552
127.08510273767752,1.000099539756775,0.00026012587477453053
127.08578386212321,1.000150442123413,0.00026048129075206816
127.08646508669335,1.0001370906829834,0.00026086767320521176
127.08714621125546,1.0001200437545776,0.00026128339231945574
127.08782733570115,1.000393033027649,0.00026177469408139586
127.08850856026402,0.9997702836990356,0.00026216323021799326
127.08918968482612,1.0002355575561523,0.0002626850618980825
127.08987080938823,0.9999379515647888,0.0002631680981721729
127.0905519338412,1.0004613399505615,0.0002637272991705686
127.0912330584033,1.0002063512802124,0.0002642305626068264
127.09191418296541,1.0002696514129639,0.0002647570217959583
127.0925953074111,1.0003349781036377,0.00026528240414336324
127.09327653197397,0.9997817873954773,0.00026574142975732684
127.09395765654335,1.0000334978103638,0.00026625421014614403
127.09463878110546,1.0004045963287354,0.00026675089611671865
127.09532000555191,1.0005228519439697,0.0002671910624485463
127.09600103011326,1.0004891157150269,0.00026757578598335385
127.09668215467536,1.000070571899414,0.0002678848395589739
127.09736337912909,1.0002036094665527,0.00026817977777682245
127.0980445036912,1.0002177953720093,0.0002684028004296124
127.0987256282533,0.9998658895492554,0.0002685203799046576
127.09940685281617,1.0004081726074219,0.00026862561935558915
127.10008797726186,1.000157117843628,0.000268581003183499
127.10076920182473,1.000149130821228,0.00026848024572245777
127.10145032639412,0.9997662305831909,0.00026827453984878957
127.10213135083904,1.0005940198898315,0.0002681032055988908
127.10281247540115,0.9996070265769958,0.0002677097509149462
127.10349369996402,1.000037431716919,0.00026738352607935667
127.10417482440971,0.9998902082443237,0.0002669619570951909
127.1048559489791,0.9997804760932922,0.0002664914063643664
127.10553717354196,0.9997649788856506,0.0002659980964381248
127.10621829798765,1.0001131296157837,0.0002655003627296537
127.10689952255052,0.999970018863678,0.0002649369416758418
127.10758054711187,1.0003247261047363,0.0002643982879817486
127.10826167168125,1.000028371810913,0.0002637931611388922
127.10894279612694,1.0002200603485107,0.00026321958284825087
127.10962402068981,1.0000150203704834,0.0002626169298309833
127.11030514525191,1.000211238861084,0.0002620547020342201
127.1109862696976,1.0007520914077759,0.0002615378180053085
127.11166749426047,1.0006310939788818,0.0002609701768960804
127.11234861882986,1.0001510381698608,0.00026039889780804515
127.11302964327479,1.00019109249115,0.0002599023573566228
127.11371086783765,0.9999277591705322,0.00025941163767129183
127.11439199239976,1.0001567602157593,0.00025899719912558794
127.11507311685273,1.0000990629196167,0.0002586038608569652
127.1157543414156,1.00004243850708,0.0002582479501143098
127.1164354659777,0.9997444748878479,0.0002579251886345446
127.1171165904234,1.0001174211502075,0.00025771334185265005
127.1177977149855,0.9997296333312988,0.00025749040651135147
127.1184788395476,1.0003321170806885,0.0002574188692960888
127.11915996400057,1.0000840425491333,0.0002573415113147348
127.11984108856268,0.9997352361679077,0.0002573243109509349
127.12052231312555,1.000278353691101,0.00025745632592588663
127.12120343768765,0.9998019337654114,0.00025756427203305066
127.12188456213335,1.0001299381256104,0.00025780568830668926
127.12256578670349,0.9999191164970398,0.0002580615400802344
127.1232469112656,1.0000578165054321,0.00025840295711532235
127.12392793571053,0.9999382495880127,0.00025877237203530967
127.1246091602734,0.9998068809509277,0.0002591938537079841
127.1252902848355,0.9997343420982361,0.0002596579724922776
127.12597140928847,1.000186562538147,0.0002602175809442997
127.12665253385057,0.9998412728309631,0.00026073961635120213
127.12733375841344,1.0001624822616577,0.0002613583637867123
127.12801488285913,0.9999340772628784,0.0002619560982566327
127.128696107422,1.000085711479187,0.0002626117202453315
127.12937713187421,0.9999747276306152,0.0002632674004416913
127.13005825643631,0.999798059463501,0.0002639328013174236
127.13073938099842,0.9999586343765259,0.00026464738766662776
127.13142060544487,1.000271201133728,0.0002653730334714055
127.13210173000698,1.0000132322311401,0.00026605615857988596
127.13278295456985,1.000285029411316,0.00026678064023144543
127.13346407902281,0.9998212456703186,0.00026743559283204377
127.13414520358492,1.0004085302352905,0.0002681640035007149
127.13482622814627,1.0003234148025513,0.00026881592930294573
127.13550745259272,0.9994831681251526,0.0002693803689908236
127.13618857715483,1.000006914138794,0.00027002691058441997
127.1368698017177,1.0001394748687744,0.00027060674619860947
127.13755092617066,1.000121831893921,0.00027112429961562157
127.13823205073277,1.0002987384796143,0.00027161932666786015
127.13891327517922,1.0000677108764648,0.0002720146148931235
127.13959439974133,1.0001994371414185,0.0002723872021306306
127.14027542430995,1.000177025794983,0.00027267789118923247
127.1409566487564,1.0000194311141968,0.00027289133868180215
127.14163777331851,0.9998608231544495,0.0002730397100094706
127.14231889788061,0.9999629259109497,0.0002731537679210305
127.14300012232707,1.0001246929168701,0.0002732184948399663
127.14368124688917,0.9997682571411133,0.00027318214415572584
127.14436237145856,1.000016689300537,0.00027315696934238076
127.14504359590501,1.0001715421676636,0.00027307833079248667
127.14572462046635,1.0001485347747803,0.0002729473926592618
127.14640574502846,0.9999685287475586,0.00027277017943561077
127.14708686947415,0.9998711943626404,0.0002725717786233872
127.1477680940443,1.0002539157867432,0.0002723837096709758
127.14844921848999,0.999839723110199,0.00027211796259507537
127.1491303430521,1.0005693435668945,0.00027191851404495537
127.14981156761496,0.9996967315673828,0.00027157572912983596
127.15049269206065,1.0004165172576904,0.0002713599824346602
127.15117371662927,0.9998569488525391,0.0002710360276978463
127.15185494107573,1.0001556873321533,0.0002707755484152585
127.15253606563783,1.000533938407898,0.00027052738005295396
127.15321719019994,1.0001925230026245,0.0002702239726204425
127.15389831464563,1.0000169277191162,0.0002699430624488741
127.1545795392085,1.0001379251480103,0.0002696951269172132
127.15526066377788,1.0003440380096436,0.00026947236619889736
127.15594188822433,0.9998266100883484,0.00026920222444459796
127.15662291278568,0.9997679591178894,0.00026899523800238967
127.15730403723137,1.0001447200775146,0.00026884168619289994
127.15798516179348,1.0003478527069092,0.000268700736341998
127.15866638636362,1.0001777410507202,0.0002685600193217397
127.15934751080931,0.9998860359191895,0.0002684367063920945
127.16002863537142,1.0001517534255981,0.0002683916827663779
127.16070985981787,0.999958336353302,0.0002683425263967365
127.16139098437998,0.999893844127655,0.0002683426719158888
127.1620720089486,1.00020170211792,0.00026840492500923574
127.16275323339505,1.0000914335250854,0.0002684623468667269
127.16343435795716,0.9997105598449707,0.00026852358132600784
127.16411548251926,1.0001072883605957,0.0002686759107746184
127.16479670696572,1.0003496408462524,0.00026883542886935174
127.16547783152782,1.000004529953003,0.00026896854978986084
127.16615905598155,1.0001745223999023,0.0002691614499781281
127.16684018054366,1.0001440048217773,0.00026935525238513947
127.167521205105,0.9996463656425476,0.00026952227926813066
127.1682023295507,1.0001161098480225,0.0002697765885386616
127.16888355411356,1.000028371810913,0.00026999710826203227
127.16956467856653,1.0002442598342896,0.00027025374583899975
127.1702459031294,1.0000351667404175,0.0002704738872125745
127.1709270276915,1.0000661611557007,0.0002707158273551613
127.1716081521372,1.0000001192092896,0.00027094819233752787
127.17228937670006,1.000101923942566,0.00027119513833895326
127.17297040115227,0.9999889731407166,0.00027140972088091075
127.17365152571438,1.000153660774231,0.00027165297069586813
127.17433265016007,1.000076174736023,0.0002718574251048267
127.17501387472294,0.9996949434280396,0.0002720227057579905
127.17569499928504,0.9996129870414734,0.0002721963683143258
127.17637612373801,0.9998564124107361,0.00027237943140789866
127.17705734830088,1.0000369548797607,0.0002725339727476239
127.17773847274657,0.9998500943183899,0.00027263283845968544
127.17841959730868,1.0002955198287964,0.000272754899924621
127.17910072175437,1.0001049041748047,0.00027279724599793553
127.17978184631647,1.0002143383026123,0.0002728356921579689
127.18046297088586,0.9997977018356323,0.0002727877290453762
127.18114409533155,1.0001798868179321,0.0002727707615122199
127.18182531989441,0.9997873306274414,0.00027265388052910566
127.1825064443401,1.000260591506958,0.00027256907196715474
127.18318756890221,1.000028133392334,0.0002724045771174133
127.18386879347236,0.9999145269393921,0.0002722182543948293
127.18454981791729,0.9996435642242432,0.0002719922049436718
127.1852309424794,1.0000309944152832,0.00027181103359907866
127.18591216692585,0.9997840523719788,0.0002715636801440269
127.18659329148795,1.000055193901062,0.000271346332738176
127.18727441594092,1.0001100301742554,0.0002711026172619313
127.18795564050379,0.9997775554656982,0.00027081987354904413
127.1886367650659,0.9998056888580322,0.0002705753722693771
127.18931788951159,0.9997723698616028,0.000270321499556303
127.18999891407293,1.0000392198562622,0.00027009579935111105
127.19068013851938,0.9999850392341614,0.00026985935983248055
127.19136126308877,0.9996765851974487,0.00026960831019096076
127.19204248753522,0.9997797012329102,0.000269400974502787
127.19272361209732,0.9999859929084778,0.00026921945391222835
127.19340473654302,1.0001589059829712,0.00026905216509476304
127.19408596110588,1.000235915184021,0.00026890166918747127
127.19476708567527,1.000246286392212,0.0002687614760361612
127.1954481101202,1.0001672506332397,0.00026863961829803884
127.19612933468306,0.9999655485153198,0.00026853475719690323
127.19681045912876,1.0003353357315063,0.0002685040526557714
127.19749158369086,1.0001351833343506,0.00026846356922760606
127.19817280813731,0.9998348355293274,0.0002684411301743239
127.1988539327067,1.0005848407745361,0.0002685457293409854
127.19953515726957,1.0001468658447266,0.0002685922372620553
127.20021628171526,0.9999305009841919,0.00026870431611314416
127.2008973062766,0.9996455311775208,0.00026885088300332427
127.20157843072957,0.9998545050621033,0.000269098614808172
127.20225965529244,1.0000762939453125,0.0002693986753001809
127.20294077973813,1.0000518560409546,0.0002697321178857237
127.20362190430023,0.999899685382843,0.0002701043267734349
127.20430312874669,1.000073790550232,0.00027055974351242185
127.2049842533088,1.0000747442245483,0.00027104472974315286
127.20566537776176,1.0002857446670532,0.0002715991286095232
127.20634650232387,1.0000200271606445,0.0002721585042309016
127.20702762676956,1.0001635551452637,0.0002727990213315934
127.20770875133167,1.0003759860992432,0.00027347999275662005
127.20838997577812,1.0002249479293823,0.00027417269302532077
127.2090711003475,1.0003528594970703,0.00027492770459502935
127.20975222490961,1.0001126527786255,0.00027568635414354503
127.2104333493553,0.9999682903289795,0.00027647847309708595
127.21111457391817,0.9995819926261902,0.00027728447457775474
127.2117955983631,0.9995190501213074,0.0002781301154755056
127.21247672293248,0.9998522400856018,0.0002790199068840593
127.21315794737893,0.9999691247940063,0.00027990699163638055
127.21383907194104,0.9998854398727417,0.0002807773125823587
127.21452019638673,1.0002508163452148,0.0002816836058627814
127.21520132094884,1.000938892364502,0.00028259880491532385
127.21588254539529,1.0006706714630127,0.0002834278857335448
127.21656366996467,1.0002756118774414,0.00028421744355000556
127.2172446944096,1.0000178813934326,0.0002849899756256491
127.21792591897247,0.9997888803482056,0.00028571762959472835
127.21860704341816,1.0001286268234253,0.00028644868871197104
127.21928816798027,0.9997276067733765,0.00028706161538138986
127.219969392434,1.000374674797058,0.00028769002528861165
127.2206505169961,1.0001060962677002,0.000288174778688699
127.22133174144255,0.9997310042381287,0.0002885719877667725
127.22201286600466,1.0000113248825073,0.00028892926638945937
127.22269389044959,1.0001431703567505,0.0002891821786761284
127.22337501501897,0.9999119639396667,0.00028932190616615117
127.22405623946543,1.000116229057312,0.0002894083736464381
127.22473736402753,0.9999378323554993,0.0002893941418733448
127.2254185885904,1.0002144575119019,0.0002893397177103907
127.22609971303609,1.0003832578659058,0.0002892156771849841
127.22678083748178,1.0001938343048096,0.0002889906754717231
127.22746206205193,1.000085473060608,0.0002887272275984287
127.22814308661327,1.0000145435333252,0.00028841200401075184
127.22882421105896,0.9999850392341614,0.0002880582178477198
127.22950543562183,1.0003862380981445,0.0002877010847441852
127.23018656006752,0.9998529553413391,0.00028724331059493124
127.2308676846369,1.0004011392593384,0.00028683640994131565
127.23154890908336,0.999927818775177,0.0002863336412701756
127.23223003364546,1.0003527402877808,0.0002858861116692424
127.23291115809116,1.0000971555709839,0.00028537478647194803
127.2335921826525,0.9998027682304382,0.0002848608128260821
127.23427340710623,1.0003918409347534,0.0002844178816303611
127.23495453155192,0.9999865293502808,0.0002839018707163632
127.23563565611403,1.0003466606140137,0.00028346231556497514
127.2363168806769,0.999896764755249,0.00028296984964981675
127.23699800512259,0.9997735619544983,0.0002825269475579262
127.23767912957555,1.0002628564834595,0.0002821671951096505
127.23836035413842,1.0002862215042114,0.00028178864158689976
127.23904137858335,0.9996556639671326,0.000281400338280946
127.23972250314546,1.000493049621582,0.0002811693702824414
127.24040372759191,0.9998961091041565,0.00028086447855457664
127.24108485215402,1.0001178979873657,0.00028067611856386065
127.24176597660698,0.9997876286506653,0.00028049221145920455
127.24244710116909,1.0004328489303589,0.000280447507975623
127.24312832561554,1.0001509189605713,0.00028037914307788014
127.24380945017765,1.0002535581588745,0.0002803883980959654
127.24449047462258,1.0002565383911133,0.000280439096968621
127.24517169919272,1.0001510381698608,0.00028051581466570497
127.24585282363842,1.0000098943710327,0.00028062821365892887
127.24653394820052,0.9998998045921326,0.0002807697164826095
127.24721517264697,1.0002151727676392,0.00028096645837649703
127.24789629720908,0.9999857544898987,0.00028113965527154505
127.24857742166205,0.9998604655265808,0.00028134099557064474
127.24925864622492,1.0003676414489746,0.0002815875632222742
127.24993967066985,1.0004115104675293,0.0002818088687490672
127.25062079523195,1.0001895427703857,0.0002820048248395324
127.2513020196784,1.0001074075698853,0.00028220840613357723
127.25198314413137,0.9999324083328247,0.000282389490166679
127.25266426869348,1.0002782344818115,0.00028259342070668936
127.25334549313993,0.9995228052139282,0.0002826869022101164
127.25402661770204,0.999876081943512,0.0002828384458553046
127.25470784214849,1.000077247619629,0.00028294927324168384
127.2553889667106,1.0000978708267212,0.0002830048615578562
127.2560699911628,0.9998406767845154,0.0002829959848895669
127.25675111572491,1.000199556350708,0.00028297933749854565
127.25743234017136,1.0003342628479004,0.0002828945580404252
127.25811346473347,0.9995344281196594,0.0002826764830388129
127.25879468917992,1.0001165866851807,0.00028250261675566435
127.25947581374203,0.9998825192451477,0.0002821955713443458
127.260156938195,1.0000653266906738,0.000281854416243732
127.26083816264145,1.0004397630691528,0.00028144349926151335
127.2615191872028,1.000612735748291,0.0002809355210047215
127.26220031164848,0.9999563097953796,0.0002802765811793506
127.26288143621787,1.0001574754714966,0.0002795986947603524
127.26356266066432,0.9998052716255188,0.00027879237313754857
127.26424378522643,0.9999271035194397,0.00027794207562692463
127.26492490967212,0.9998432397842407,0.00027702117222361267
127.26560613423499,1.0002604722976685,0.0002760759962256998
127.26628725868068,0.999904215335846,0.00027502444572746754
127.26696828313288,0.9996333122253418,0.00027394501375965774
127.26764950769575,1.0001821517944336,0.00027290330035611987
127.26833063214144,0.9999950528144836,0.0002717842871788889
127.26901175670355,1.000068187713623,0.0002706696977838874
127.26969288114924,1.000074863433838,0.00026955106295645237
127.27037410571938,0.9998387694358826,0.0002684119390323758
127.27105523016508,1.0000208616256714,0.00026731975958682597
127.27173635472718,1.000330924987793,0.00026625365717336535
127.27241747917287,0.999845564365387,0.0002651444810908288
127.27309860361856,0.9999610781669617,0.0002641145547386259
127.27377972818795,0.9998650550842285,0.0002630918752402067
127.2744609526344,1.0001806020736694,0.0002621469902805984
127.2751420771965,0.9996989965438843,0.0002611665113363415
127.2758232016422,0.99946528673172,0.00026025398983620107
127.27650442620507,1.0001131296157837,0.00025945587549358606
127.27718555065076,1.000091791152954,0.0002586518821772188
127.27786657510296,0.9998936057090759,0.0002578791754785925
127.27854769966507,0.9997563362121582,0.0002571582153905183
127.27922892411152,1.0001561641693115,0.0002565394388511777
127.27991004867363,1.0002127885818481,0.00025593696045689285
127.28059127312008,0.9998794198036194,0.0002553546510171145
127.28127239768946,0.9996275901794434,0.0002548322663642466
127.28195352213515,0.9995579719543457,0.00025438074953854084
127.2826347465816,0.999862551689148,0.00025401930906809866
127.28331577114295,0.9999912977218628,0.00025370012735947967
127.28399689558864,1.0000808238983154,0.0002534330706112087
127.28467802015803,1.000091791152954,0.00025322206784039736
127.28535924460448,0.9996126294136047,0.000253016478382051
127.28604036905017,1.000247597694397,0.00025296834064647555
127.28672159361304,0.9998077750205994,0.0002528707846067846
127.28740271805873,1.000303864479065,0.000252913887379691
127.2880839426216,1.0002068281173706,0.0002529545745346695
127.28876486707304,0.999878466129303,0.0002530248311813921
127.28944609163591,1.0004849433898926,0.00025322946021333337
127.2901272160816,0.9996216893196106,0.0002533505030442029
127.29080844052805,0.9998736381530762,0.0002536269021220505
127.29148956509016,0.9998908042907715,0.0002539179113227874
127.29217068954313,1.0001314878463745,0.00025428534718230367
127.292851914106,1.000104308128357,0.00025468438980169594
127.29353303855169,1.0001072883605957,0.00025509431725367904
127.29421406299662,1.0003306865692139,0.0002555765095166862
127.29489528755948,1.0002177953720093,0.00025606254348531365
127.29557641201245,0.999690592288971,0.0002565477916505188
127.29625753657456,0.9995312690734863,0.0002570867945905775
127.29693876102101,1.0000507831573486,0.00025770600768737495
127.2976198854667,1.0002224445343018,0.00025831544189713895
127.29830101002881,0.9999217987060547,0.0002588842762634158
127.29898213448178,0.9997417330741882,0.0002594685065560043
127.29966325904388,1.0001449584960938,0.00026009761495515704
127.30034438348957,0.9998708367347717,0.00026065687416121364
127.30102550793526,0.9997484683990479,0.00026121322298422456
127.30170673249813,0.9996115565299988,0.0002617375284899026
127.30238785694382,1.0002089738845825,0.00026229271315969527
127.30306898139679,1.000288486480713,0.0002627659705467522
127.3037501059589,1.0001455545425415,0.00026316643925383687
127.30443133040535,1.0005946159362793,0.00026357272872701287
127.3051123549667,1.000231385231018,0.0002638568403199315
127.30579347941966,1.0000747442245483,0.0002641106257215142
127.30647470386612,0.9998545050621033,0.0002643109764903784
127.30715582842822,0.9997691512107849,0.00026448091375641525
127.30783695287391,1.0001296997070312,0.00026464706752449274
127.30851817743678,1.0001943111419678,0.000264748145127669
127.30919930188247,1.0000333786010742,0.000264786824118346
127.30988052632893,0.9999566674232483,0.0002648075751494616
127.31056155089755,0.9999937415122986,0.0002648097288329154
127.31124267534324,0.9998416900634766,0.00026476368657313287
127.31192379978893,1.0000211000442505,0.0002647262008395046
127.3126050243518,1.0000050067901611,0.0002646471548359841
127.31328614879749,0.9999458193778992,0.0002645481436047703
127.31396737336763,0.9995597004890442,0.00026440294459462166
127.31464849781332,0.999975860118866,0.0002643128391355276
127.31532962225901,0.9998034238815308,0.000264165602857247
127.31601064682036,0.9998493790626526,0.00026402188814245164
127.31669187126681,1.000477910041809,0.0002639259910210967
127.31737299571978,1.0003573894500732,0.00026375564630143344
127.31805422028265,0.9998007416725159,0.0002635459240991622
127.31873534472834,1.0000512599945068,0.00026340220938436687
127.31941646929045,1.0006568431854248,0.0002632921969052404
127.3200976937369,0.9998421669006348,0.0002630568924359977
127.32077881818259,0.9998063445091248,0.0002628910879138857
127.32145984275121,1.000120997428894,0.00026276192511431873
127.3221409671969,0.9995543360710144,0.0002625635825097561
127.32282219164335,0.9999405741691589,0.0002624507178552449
127.32350331620546,0.9996263980865479,0.00026228546630591154
127.32418454065191,1.0003376007080078,0.0002622322354000062
127.32486566510488,0.9998417496681213,0.0002620765590108931
127.32554678966699,1.0000367164611816,0.00026199096464551985
127.32622791411268,0.9999053478240967,0.0002618974831420928
127.32690903855837,0.9999368786811829,0.0002618308353703469
127.32759016312048,1.0000485181808472,0.00026178089319728315
127.32827128757344,0.9996486902236938,0.0002616973069962114
127.3289525120199,0.999826192855835,0.0002616827841848135
127.329633636582,1.000305414199829,0.0002617035643197596
127.3303147610277,0.9999949932098389,0.00026167428586632013
127.3309958855898,1.0000501871109009,0.00026169081684201956
127.33167711004353,0.9998629689216614,0.0002616929996293038
127.33235823448922,0.9999203681945801,0.0002617386053316295
127.33303935893491,1.0001025199890137,0.000261799490544945
127.33372048349702,1.0002250671386719,0.0002618730941321701
127.33440160794271,0.9999080896377563,0.0002619136357679963
127.33508273251209,1.0001851320266724,0.00026201680884696543
127.33576395695854,1.000037670135498,0.0002620852319523692
127.33644508140424,0.9996076226234436,0.00026213371893391013
127.33712620596634,0.9994316697120667,0.0002622126485221088
127.3378074304128,1.0000015497207642,0.000262349407421425
127.338488454865,0.9997981190681458,0.00026241684099659324
127.33916957942711,1.000034213066101,0.0002625127963256091
127.33985080387356,0.9998306632041931,0.00026257080025970936
127.34053192831925,1.0000133514404297,0.00026263968902640045
127.34121305276494,0.9997699856758118,0.0002626613713800907
127.34189427732781,0.9997376799583435,0.00026268535293638706
127.34257540178078,1.0002535581588745,0.00026273078401573
127.34325652634288,0.9998547434806824,0.000262669927906245
127.34393765078858,1.000220537185669,0.000262646732153371
127.34461877523427,1.0000441074371338,0.00026254646945744753
127.34529989967996,0.9999098181724548,0.00026242222520522773
127.3459811242501,1.0002985000610352,0.0002623120089992881
127.3466622486958,1.0000635385513306,0.0002621224266476929
127.34802459770435,1.0000710487365723,0.0002617243444547057
127.34870572215004,0.9994902014732361,0.0002614413679111749
127.34938674660225,0.9997314810752869,0.0002612219541333616
127.35006797116512,1.0000054836273193,0.00026099669048562646
127.35074909561081,0.9997469186782837,0.00026070463354699314
127.3514302200565,1.000072956085205,0.0002604634501039982
127.35211144461937,0.9997445940971375,0.00026016260380856693
127.35279256906506,0.9999884366989136,0.00025991216534748673
127.35347369351803,0.9996868968009949,0.0002596105623524636
127.3541549180809,0.999718964099884,0.00025934443692676723
127.35483594252582,1.0000672340393066,0.00025910651311278343
127.35551706697152,1.0000132322311401,0.0002588357892818749
127.35619829153438,0.9999139904975891,0.00025857414584606886
127.35687941598735,0.9997215867042542,0.0002583059831522405
127.35756054043304,0.9997673034667969,0.00025806264602579176
127.35824166487873,0.9998643398284912,0.0002578347048256546
127.3589228894416,1.0003015995025635,0.00025764130987226963
127.35960401388729,0.9995877146720886,0.0002573574020061642
127.36028513833298,0.9999926090240479,0.0002571711374912411
127.36096626290237,0.9996066689491272,0.0002569245407357812
127.36164738734806,0.999890148639679,0.0002567448827903718
127.36232851179375,0.9999567866325378,0.0002565534960012883
127.36300973635662,0.9997261166572571,0.0002563419984653592
127.36369086080231,0.999845027923584,0.0002561591099947691
127.36437198525527,1.0001050233840942,0.00025600643130019307
127.36505320970173,0.9998556971549988,0.00025580768124200404
127.36573423426307,1.0001038312911987,0.00025566000840626657
127.36641535870876,0.9999319314956665,0.0002554774400778115
127.36709648315446,1.000054121017456,0.0002553375088609755
127.3677777077246,1.0000473260879517,0.00025519277551211417
127.36845883217029,1.0000698566436768,0.00025506221572868526
127.36914005661674,0.9998757243156433,0.00025492862914688885
127.36982118106243,0.9999485611915588,0.00025482638739049435
127.37050230562454,1.0002011060714722,0.0002547557814978063
127.37118333007675,0.9996920824050903,0.0002546405012253672
127.3718645545232,1.000291109085083,0.0002546363393776119
127.37254567896889,0.9996644258499146,0.0002545456518419087
127.373226803531,1.000159502029419,0.00025457338779233396
127.37390802797745,1.000173568725586,0.0002545769384596497
127.37458915242314,1.0001609325408936,0.00025460170581936836
127.37527037699329,1.0001481771469116,0.0002546508621890098
127.37595150143898,0.9998183250427246,0.0002546847390476614
127.3766325258839,0.9999271631240845,0.0002547822950873524
127.3773136503296,0.9999937415122986,0.0002548952179495245
127.37799487489247,1.0000334978103638,0.00025503154029138386
127.37867599934543,1.0001249313354492,0.0002551850047893822
127.37935722379189,1.0000849962234497,0.00025533861480653286
127.38003834835399,1.0001459121704102,0.00025552246370352805
127.38071947279968,0.9999961256980896,0.0002557302650529891
127.38140069724614,1.0004302263259888,0.00025593387545086443
127.38208172169834,1.000296950340271,0.00025612590252421796
127.38276284626045,1.000124216079712,0.0002563165908213705
127.3834440707069,0.9996055960655212,0.00025647832080721855
127.38412519515259,1.0000890493392944,0.000256724888458848
127.38480631959828,1.0000545978546143,0.000256921979598701
127.38548754416115,1.0003823041915894,0.00025714063667692244
127.38616866861412,0.9999169111251831,0.0002572830708231777
127.38684979305981,1.0004183053970337,0.00025749372434802353
127.3875309175055,1.0002835988998413,0.0002576369442977011
127.38821204206761,1.0004057884216309,0.0002577932900749147
127.3888931665133,0.9999148845672607,0.00025787422782741487
127.38957429096627,1.0002754926681519,0.0002580159343779087
127.39025551541272,1.0002772808074951,0.00025811465457081795
127.39093663997483,0.9999581575393677,0.0002581724838819355
127.39161776442052,0.9997590780258179,0.00025822356110438704
127.39229898886697,0.9999234676361084,0.0002582955057732761
127.39298001331917,0.9997354745864868,0.00025832068058662117
127.39366113788128,1.0000733137130737,0.0002583777531981468
127.39434226232697,1.0002038478851318,0.0002584017929621041
127.39502348677343,1.0000483989715576,0.0002583855821285397
127.39570461121912,1.0001590251922607,0.00025837725843302906
127.3963857357885,1.0003273487091064,0.00025837120483629405
127.39706696023495,0.9998714923858643,0.0002582885790616274
127.39774808468064,1.0000903606414795,0.00025825336342677474
127.39842910912557,0.9999460577964783,0.00025817545247264206
127.39911033368844,1.000145435333252,0.0002581103181000799
127.39979145814141,1.0004178285598755,0.00025804227334447205
127.4004725825871,1.000225305557251,0.0002579153806436807
127.40115380703355,0.9998430609703064,0.00025777090922929347
127.40183493159566,1.0000414848327637,0.00025765126338228583
127.40251615604211,0.9999203085899353,0.00025749439373612404
127.4031972804878,0.999921441078186,0.0002573325182311237
127.40387830494001,1.0006251335144043,0.00025722041027620435
127.4045594293857,0.9997392296791077,0.0002569488133303821
127.40524065394857,0.9998242855072021,0.0002567536721471697
127.40592177839426,1.0005998611450195,0.00025660626124590635
127.40660290283995,0.9995113611221313,0.00025627188733778894
127.40728412729368,0.9995802640914917,0.00025603186804801226
127.40796525185579,0.9997197985649109,0.0002557873376645148
127.40864647630224,1.0002542734146118,0.00025556981563568115
127.40932760074793,0.9995778799057007,0.00025522796204313636
127.41000862519286,0.9996988773345947,0.00025495534646324813
127.41068974964583,0.9996094703674316,0.00025466171791777015
127.4113709742087,0.9999313950538635,0.0002543986774981022
127.41205209865439,0.9997643232345581,0.0002540929999668151
127.41273332310084,0.9998245239257812,0.0002538076660130173
127.41341444754653,0.9999460577964783,0.00025352981174364686
127.41409557210864,0.9996784925460815,0.00025321324937976897
127.4147766965616,1.000101923942566,0.00025296633248217404
127.4154578210073,1.0000418424606323,0.0002526853932067752
127.41613894545299,0.9995951056480408,0.0002523711300455034
127.41682006989868,0.9998781085014343,0.0002521371643524617
127.41750129446154,1.000043272972107,0.0002519017434678972
127.41818241891451,0.9998223781585693,0.0002516374515835196
127.4188635433602,1.000016450881958,0.00025142624508589506
127.41954476780666,1.0003089904785156,0.00025123596424236894
127.42022589236876,1.0001131296157837,0.00025101861683651805
127.42090691681369,0.9998286962509155,0.0002508069737814367
127.42158814126742,0.9999021291732788,0.00025064725195989013
127.42226926571311,0.9999440312385559,0.0002505074953660369
127.4229503901588,1.0000895261764526,0.000250389042776078
127.4236315146045,0.9999816417694092,0.00025027530500665307
127.42431273916736,1.0000855922698975,0.00025020429166033864
127.42499386361305,0.9995959997177124,0.00025010461104102433
127.42567498806602,1.0001033544540405,0.0002501166018191725
127.42635611251171,1.0003564357757568,0.00025013525737449527
127.4270372369574,0.9998466372489929,0.0002501200942788273
127.42771836151951,1.000553011894226,0.00025024250498972833
127.42839958596596,0.9998610019683838,0.0002502636343706399
127.42908071041893,1.0005067586898804,0.00025043997447937727
127.42976183486462,0.9999194741249084,0.00025052568526007235
127.43044305931107,1.0001276731491089,0.0002507183817215264
127.43112418387318,1.0002304315567017,0.00025092888972721994
127.43180520831811,0.9999268651008606,0.000251127639785409
127.43248633277108,1.000493049621582,0.0002514307270757854
127.43316755721753,0.9998714923858643,0.0002516488602850586
127.43384868166322,0.9999173283576965,0.00025195247144438326
127.43452990622609,1.0002318620681763,0.0002523042494431138
127.43521103067178,1.0000667572021484,0.00025264022406190634
127.43589215511747,1.0001720190048218,0.0002530119672883302
127.4365733795712,1.0000827312469482,0.0002533853694330901
127.43725440401613,1.0000134706497192,0.0002537738182581961
127.43793552846182,1.000178337097168,0.00025420478777959943
127.43861675302469,1.0003719329833984,0.0002546451869420707
127.43929787747038,0.9997658133506775,0.0002550242643337697
127.43997900192335,0.9996978044509888,0.0002554569800850004
127.4406602263698,1.0001482963562012,0.0002559365821070969
127.44134135081549,0.9996711015701294,0.0002563432790338993
127.4420224753776,0.999257504940033,0.00025674112839624286
127.44270359982329,0.9995918869972229,0.000257211911957711
127.44338472427626,0.9997390508651733,0.00025765757891349494
127.44406584872195,1.000099778175354,0.0002581115113571286
127.4447470731684,0.9997935891151428,0.0002584961475804448
127.44542819761409,0.9998640418052673,0.0002589064242783934
127.44610932205978,0.9999576807022095,0.0002592946111690253
127.44679054662265,1.000481128692627,0.00025972200091928244
127.44747167107562,0.9999098777770996,0.00026000969228334725
127.44815269552055,0.9997437000274658,0.00026032989262603223
127.448833919967,0.9999582767486572,0.00026066781720146537
127.44951504441269,0.999901294708252,0.0002609696821309626
127.45019616885838,1.0003241300582886,0.00026130632613785565
127.45087729342777,1.000288963317871,0.00026159017579630017
127.45155851787422,1.000443696975708,0.0002618847065605223
127.45223964231991,1.0001916885375977,0.00026213741512037814
127.4529207667656,1.000137209892273,0.00026240304578095675
127.45360189121129,0.9999374747276306,0.00026265010819770396
127.45428301566426,0.9999892711639404,0.0002629196969792247
127.45496414010995,1.0000967979431152,0.0002631902461871505
127.45564536467282,0.9999187588691711,0.0002634356205817312
127.45632648911851,1.00006103515625,0.0002637132129166275
127.4570076135642,1.0003668069839478,0.0002640002639964223
127.45768883801065,1.000285267829895,0.0002642541076056659
127.45836996246362,0.9995444416999817,0.0002644561172928661
127.45905098690855,1.0001031160354614,0.0002647645596880466
127.45973211147066,0.9996445775032043,0.0002649927919264883
127.46041333591711,1.0001851320266724,0.0002652975672390312
127.46109446037008,0.9999927878379822,0.0002655403222888708
127.46177558481577,1.0000426769256592,0.00026579847326502204
127.46245680926222,0.9997612237930298,0.0002660265890881419
127.46313793370791,1.0001919269561768,0.0002663031918928027
127.46381915815437,0.9998845458030701,0.00026652071392163634
127.46450018271571,1.0000873804092407,0.0002667640510480851
127.46518130716868,0.9996461272239685,0.0002669432433322072
127.46586243161437,0.9994682669639587,0.0002671296242624521
127.46654365606082,0.9999569058418274,0.0002673609124030918
127.46722478050651,0.9999616146087646,0.0002675380965229124
127.46790600495297,1.000059723854065,0.00026770756812766194
127.46858712940593,0.9999262690544128,0.00026783652720041573
127.46926825396804,0.9996187686920166,0.00026793661527335644
127.46994927841297,1.0000816583633423,0.000268085568677634
127.47063050285942,0.9998372793197632,0.0002681589685380459
127.47131162730511,0.9996803402900696,0.0002682248887140304
127.47199285175157,1.0001885890960693,0.0002683366765268147
127.47267397620453,0.9996897578239441,0.0002683434868231416
127.47335510065022,1.0000351667404175,0.00026841010549105704
127.47403632509668,1.000123143196106,0.00026844130479730666
127.47471744954237,1.000030755996704,0.0002684446517378092
127.47539847411099,0.999798595905304,0.00026842174702323973
127.47607969855744,0.9999980330467224,0.0002684225619304925
127.47676082300313,1.0002467632293701,0.0002684098726604134
127.47744194744882,1.0003516674041748,0.00026839046040549874
127.47812307189452,0.9996169805526733,0.00026827026158571243
127.47880429634097,0.9997456073760986,0.00026820541825145483
127.47948542079394,1.0002740621566772,0.0002681641490198672
127.48016654523963,1.0000863075256348,0.000268046889686957
127.48084766980173,1.0001851320266724,0.00026793492725118995
127.48152879424742,0.9998810887336731,0.0002677669981494546
127.48220991869312,1.00023353099823,0.00026763835921883583
127.48289114313957,1.0003758668899536,0.0002674756688065827
127.48357226759254,1.0002121925354004,0.0002672633563634008
127.48425339203823,1.0001246929168701,0.0002670343965291977
127.48493451648392,0.99985271692276,0.00026676658308133483
127.48561574093037,1.0000290870666504,0.0002665099746081978
127.48629686537606,0.9998363852500916,0.0002661957696545869
127.48697788982827,0.9999976754188538,0.0002658906450960785
127.48765911439114,0.9998692274093628,0.0002655221614986658
127.48834023883683,0.9995763897895813,0.0002651223330758512
127.48902136328252,1.0002394914627075,0.0002647761139087379
127.48970258772897,0.9999812841415405,0.0002643232874106616
127.49038371218194,0.9997523427009583,0.0002638579171616584
127.49106483662763,1.000238060951233,0.0002634347474668175
127.49174606107408,0.9997507929801941,0.000262916466454044
127.49242708551901,0.9994933605194092,0.00026240397710353136
127.4931082099647,1.0000039339065552,0.00026195248938165605
127.49378943441843,0.9999489188194275,0.0002614503027871251
127.49447055898054,0.9997522234916687,0.00026092343614436686
127.49515168342623,0.999686598777771,0.0002604134497232735
127.49583290787268,1.0000379085540771,0.00025993745657615364
127.49651403231837,0.9997804164886475,0.0002594154793769121
127.49719525676483,1.0001096725463867,0.0002589518262539059
127.49787628121703,0.9999086856842041,0.00025845185155048966
127.49855740566272,0.9997480511665344,0.0002579660213086754
127.49923853010841,0.9998648762702942,0.00025752311921678483
127.49991975455487,0.9998697638511658,0.00025708056637085974
127.50060087900056,1.0001803636550903,0.00025668629677966237
127.50128210345429,0.9999358057975769,0.00025625256239436567
127.50196322789998,1.0001431703567505,0.0002558843407314271
127.50264435234567,1.0000262260437012,0.0002555078826844692
127.50332537690701,0.9999685287475586,0.0002551559009589255
127.50400660135347,1.000108242034912,0.00025484239449724555
127.50468772580643,0.9999085068702698,0.000254531652899459
127.50536885025213,1.0003138780593872,0.0002542882866691798
127.50605007469858,0.9999509453773499,0.00025400659069418907
127.50673119914427,0.9995847940444946,0.0002537489344831556
127.50741232358996,1.000359058380127,0.0002536215470172465
127.50809354803641,0.9998955130577087,0.00025340935098938644
127.50877457248862,0.9998961091041565,0.00025326141621917486
127.50945569693431,0.9992480278015137,0.0002530885103624314
127.51013692138076,1.0000169277191162,0.0002530631027184427
127.51081804582645,1.0002127885818481,0.00025301205459982157
127.51149917027215,1.0004136562347412,0.00025298321270383894
127.51218029472511,0.9995686411857605,0.0002528898185119033
127.51286151928798,1.0001100301742554,0.0002529412740841508
127.51354264373367,0.9998762607574463,0.0002529393241275102
127.5142236681786,1.0004875659942627,0.00025303373695351183
127.51490489262505,0.9998236894607544,0.00025304206064902246
127.51558601707802,0.9996914863586426,0.0002531110367272049
127.51626714152371,0.9995556473731995,0.00025319625274278224
127.51694836597017,1.000252604484558,0.0002533754741307348
127.51762949041586,1.000360369682312,0.0002535257372073829
127.51831061486155,0.9999800324440002,0.00025363959139212966
127.518991839308,1.0005946159362793,0.0002538554253987968
127.5196728637602,1.0000542402267456,0.0002539818233344704
127.5203539882059,0.999983012676239,0.00025415795971639454
127.52103511265159,1.0002416372299194,0.00025437839212827384
127.52171633709804,1.0000298023223877,0.00025455912691541016
127.52239746155101,0.999994158744812,0.00025476139853708446
127.52307868599746,0.999995768070221,0.0002549742057453841
127.52375981044315,1.0001434087753296,0.0002552054065745324
127.52444093488884,0.9998878836631775,0.0002553932135924697
127.52512195933377,0.9999603629112244,0.0002556085819378495
127.52580318378023,0.9998199343681335,0.00025580640067346394
127.52648430834961,1.0001507997512817,0.0002560387074481696
127.52716553279606,0.9999188780784607,0.00025621280656196177
127.52784665724175,1.0000437498092651,0.0002564142632763833
127.52852778168744,0.9995598196983337,0.000256548635661602
127.5292090061339,0.999977707862854,0.00025674584321677685
127.52989013057959,1.000245451927185,0.0002569267526268959
127.5305711550318,1.0002039670944214,0.0002570658689364791
127.53125237947825,1.000217080116272,0.0002571952936705202
127.53193350392394,0.9999935626983643,0.0002572977391537279
127.53261462836963,0.9999818801879883,0.00025740533601492643
127.53329585281608,1.0003573894500732,0.00025754160014912486
127.53397697726905,0.9999280571937561,0.00025759494747035205
127.53465810171474,0.9997699856758118,0.00025765891768969595
127.53533932616119,1.0001636743545532,0.00025776700931601226
127.53602035060612,0.9997971057891846,0.00025779425050131977
127.53670147505181,0.9997060894966125,0.00025784061290323734
127.53738269950554,1.000010371208191,0.00025791089865379035
127.53806382395123,0.999919593334198,0.0002579313877504319
127.53874494839692,0.9999490976333618,0.00025795743567869067
127.53942607284262,0.9997753500938416,0.0002579503634478897
127.54010729728907,1.0001286268234253,0.0002579773426987231
127.54078842174204,0.9999566674232483,0.00025795106193982065
127.54146944618697,0.9999158382415771,0.0002579249267000705
127.54215067063342,1.0001137256622314,0.00025790452491492033
127.54283179507911,1.0001534223556519,0.00025785676552914083
127.5435129195248,0.9997685551643372,0.00025775167159736156
127.54419414397125,1.0000797510147095,0.0002576948900241405
127.54487526842422,0.9997772574424744,0.00025756366085261106
127.54555639286991,1.0002326965332031,0.0002574808895587921
127.54623761731636,1.0000691413879395,0.00025732957874424756
127.5469186417613,1.000082015991211,0.00025717102107591927
127.54759976621426,0.999799907207489,0.0002569669741205871
127.54828089065995,0.9999192953109741,0.00025677456869743764
127.5489621151064,0.9999790787696838,0.0002565536415204406
127.5496432395521,0.9997571110725403,0.00025629380252212286
127.55032436399779,0.9995613098144531,0.0002560123975854367
127.55100558844424,1.000217318534851,0.0002557945845182985
127.55168671289721,1.0000762939453125,0.0002554975508246571
127.55236773734214,1.0000531673431396,0.0002551940851844847
127.55304896178859,1.000356674194336,0.0002549233613535762
127.55373008623428,0.999779999256134,0.0002545662864577025
127.55441121067997,0.9995248913764954,0.00025424238992854953
127.5550924351337,1.0000611543655396,0.00025399113656021655
127.5557735595794,1.0000399351119995,0.0002536948013585061
127.55645478402585,0.9997218251228333,0.00025338164414279163
127.55713590847154,0.9995015859603882,0.0002530801575630903
127.55781693291647,0.9999285936355591,0.0002528493641875684
127.55849805736943,1.000137448310852,0.0002526193275116384
127.55917928181589,1.0001949071884155,0.0002523860603105277
127.55986040626158,1.0005977153778076,0.0002522018039599061
127.56054163070803,1.0002171993255615,0.00025195657508447766
127.56122275515372,0.9999112486839294,0.00025174085749313235
127.56190387959941,0.9998870491981506,0.00025156987248919904
127.56258510405314,1.0001660585403442,0.0002514388761483133
127.56326622849883,1.0000346899032593,0.00025128977722488344
127.56394725294376,0.9998476505279541,0.0002511559287086129
127.56462847739022,0.9996376037597656,0.0002510372141841799
127.5653096018359,0.9994614124298096,0.00025094105512835085
127.56599072628887,1.0002481937408447,0.00025094690499827266
127.56667185073456,1.000121831893921,0.0002508882898837328
127.56735307518102,1.0006239414215088,0.00025090359849855304
127.56803419962671,0.999719500541687,0.00025081264902837574
127.5687153240724,0.9995987415313721,0.0002508201287128031
127.56939644852537,0.9996169209480286,0.0002508504840079695
127.57007757297106,0.9999131560325623,0.0002509319456294179
127.57075869741675,0.9999859929084778,0.0002510179183445871
127.5714399218632,0.9999175071716309,0.00025109844864346087
127.5721210463089,0.9996635913848877,0.0002511923958081752
127.57280217075458,1.0000306367874146,0.0002513592189643532
127.57348329520755,1.000299334526062,0.0002515387022867799
127.574164519654,1.0000149011611938,0.0002516930107958615
127.57484554409893,1.0001126527786255,0.00025190110318362713
127.57552666842821,0.9998161196708679,0.0002520967973396182
127.57620789287466,1.0001431703567505,0.0002523668226785958
127.57688901732763,1.0000988245010376,0.0002526220923755318
127.57757014177332,0.999982476234436,0.00025289796758443117
127.57825136621977,1.0003145933151245,0.0002532320795580745
127.57893249066547,0.9998661875724792,0.00025350882788188756
127.57961361511116,1.0000660419464111,0.00025386956986039877
127.58029473956412,1.0001897811889648,0.0002542386355344206
127.58097586400982,1.0001001358032227,0.000254602637141943
127.5816569884555,0.9998558163642883,0.0002549613418523222
127.58233821290196,0.9997798800468445,0.0002553529047872871
127.58301933734765,0.9999761581420898,0.00025577377527952194
127.58370046180062,0.9999548196792603,0.000256179366260767
127.58438168624707,1.0000290870666504,0.0002565933973528445
127.58506281069276,1.00075101852417,0.0002570647338870913
127.58574383513769,1.00032377243042,0.00025743129663169384
127.58642495958338,0.9997531175613403,0.00025777556584216654
127.58710618402984,0.9999569654464722,0.00025817242567427456
127.5877873084828,1.0000030994415283,0.00025854018167592585
127.58846853292926,1.0001890659332275,0.00025889536482281983
127.58914965737495,1.0000295639038086,0.0002591960073914379
127.5898308818214,0.9997962117195129,0.00025945535162463784
127.59051200626709,1.0000067949295044,0.00025973349693231285
127.59119303060288,0.9997533559799194,0.00025992965674959123
127.59187415504857,0.9998539090156555,0.0002601234009489417
127.59255537949502,0.9996943473815918,0.0002602652821224183
127.59323650394072,1.0002087354660034,0.0002604401670396328
127.59391762838641,0.9994745254516602,0.00026047255960293114
127.59459885283286,1.0000196695327759,0.0002605952904559672
127.59527997728583,0.9992914199829102,0.00026057855575345457
127.59596110173152,1.000036358833313,0.0002606641792226583
127.59664222617721,0.9997969269752502,0.00026064616395160556
127.5973233506229,0.9996803402900696,0.00026061327662318945
127.59800447506859,0.9994954466819763,0.00026055509806610644
127.59868569952232,0.9994393587112427,0.0002604977635201067
127.59936682396801,0.9999040365219116,0.00026045984122902155
127.6000479484137,0.9996987581253052,0.0002603591710794717
127.60072907274298,0.9997850060462952,0.00026027075364254415
127.60141029718943,0.9995842576026917,0.00026014598552137613
127.60209132164164,0.9999405741691589,0.0002600566658657044
127.60277244608733,1.0003255605697632,0.00025997654302045703
127.60345367053378,1.0000195503234863,0.0002598240098450333
127.60413479497947,1.0000042915344238,0.00025969132548198104
127.60481591942516,0.9999971389770508,0.00025956614990718663
127.60549714387162,1.0001815557479858,0.00025945264496840537
127.60617826832458,0.9994899034500122,0.00025926841772161424
127.60685939277028,0.9995516538619995,0.0002591485099401325
127.60754051721597,0.9999116063117981,0.0002590628864709288
127.60822164166166,0.9999263286590576,0.00025896000443026423
127.60890276599821,0.9999810457229614,0.0002588573261164129
127.6095838904439,0.9996988773345947,0.0002587407943792641
127.61026511489035,1.0001764297485352,0.00025870470562949777
127.61094623933604,0.9995683431625366,0.0002585802576504648
127.6116274637825,1.0000344514846802,0.00025855511194095016
127.6129896126804,1.0003389120101929,0.00025848898803815246
127.61367073712609,1.0003085136413574,0.0002584538597147912
127.61435196157254,1.0000438690185547,0.00025840106536634266
127.61503308601823,0.999909520149231,0.000258372921962291
127.61571431034827,0.9998804926872253,0.00025835708947852254
127.61639543480123,0.9996638298034668,0.000258329208008945
127.61707655924693,1.0002607107162476,0.0002583764144219458
127.61775778369338,0.99992436170578,0.00025834754342213273
127.61843880813831,0.9995648264884949,0.00025832507526502013
127.619119932584,0.9999552965164185,0.0002583622990641743
127.61980115703045,1.0001763105392456,0.00025839742738753557
127.62048228148342,1.0000295639038086,0.0002583953901194036
127.62116340592911,1.0000123977661133,0.0002584084577392787
127.62184463037556,1.0003085136413574,0.00025845164782367647
127.62252575470484,0.9997848868370056,0.00025841756723821163
127.62320687915053,0.9999457597732544,0.00025845301570370793
127.62388790360274,0.9995860457420349,0.0002584333415143192
127.62456912804919,1.0002920627593994,0.00025851037935353816
127.62525025249488,1.0000962018966675,0.0002585065085440874
127.62593147694133,1.000038504600525,0.0002585130569059402
127.62661260138702,1.0002543926239014,0.0002586001646704972
127.62729372583999,0.9998568296432495,0.00025851017562672496
127.62797485016927,1.000246286392212,0.0002585524052847177
127.62865607461572,0.9995824694633484,0.00025849114172160625
127.62933709906065,0.9998195171356201,0.0002585063048172742
127.63001822350634,1.0002520084381104,0.0002585330803412944
127.63069944796007,1.000038504600525,0.00025850508245639503
127.63138057240576,0.9999242424964905,0.00025846852804534137
127.63206169685145,0.9999658465385437,0.0002584519679658115
127.6327429212979,0.999576985836029,0.0002583931782282889
127.6334240457436,0.9997066855430603,0.00025837807334028184
127.63410517007287,0.9997069835662842,0.00025834370171651244
127.63478629452584,0.9994833469390869,0.0002582936140242964
127.63546741897153,1.000120997428894,0.0002583335735835135
127.63614854341722,0.9999151229858398,0.00025828051730059087
127.63682966786291,1.000316858291626,0.0002582900342531502
127.63751089230936,1.0000531673431396,0.0002582366578280926
127.63819201676233,0.9998217225074768,0.0002581961452960968
127.63887314109161,0.9996662735939026,0.00025816596462391317
127.63955436553806,0.9999148845672607,0.0002581722510512918
127.64023548998375,1.0003149509429932,0.0002581989101599902
127.64091651442868,1.000257968902588,0.0002581845910754055
127.64159773888241,0.9995906949043274,0.0002581281296443194
127.6422788633281,0.9992563724517822,0.0002581033040769398
127.64295998777379,0.9996795654296875,0.000258150597801432
127.64364121222025,0.9996997714042664,0.00025817661662586033
127.64432233654952,0.9999756217002869,0.00025822382303886116
127.64500346100249,0.9995210766792297,0.00025821305462159216
127.64568468544894,1.0000364780426025,0.0002583022287581116
127.64636570989387,0.9999645948410034,0.0002583472232799977
127.64704683433956,0.9996832013130188,0.000258386047789827
127.6477280586696,0.9999077320098877,0.0002584772009868175
127.64840918311529,0.9999911785125732,0.00025857635773718357
127.64909030756826,0.9999384880065918,0.0002586686459835619
127.64977153201471,1.0001057386398315,0.00025880365865305066
127.6504526564604,1.000251054763794,0.0002589540381450206
127.65113388090685,0.9999154806137085,0.0002590864314697683
127.65181490535178,1.0002009868621826,0.00025929129333235323
127.65249602968834,0.9999042749404907,0.0002594735415186733
127.65317715413403,0.9999290108680725,0.0002597020647954196
127.65385837858048,0.9998608231544495,0.0002599442668724805
127.65453950302617,0.9996907114982605,0.00026020314544439316
127.65522062747186,0.9998233318328857,0.0002605087938718498
127.65590185191832,0.9994328022003174,0.00026078036171384156
127.65658297625487,1.0003470182418823,0.00026119439280591905
127.6572640006998,1.00041663646698,0.0002615519624669105
127.65794522514625,1.0002026557922363,0.0002618921280372888
127.65862634959194,0.9997713565826416,0.00026222720043733716
127.65930747403763,1.0001883506774902,0.0002626444911584258
127.65998869849136,1.0002310276031494,0.0002630357921589166
127.66066982293705,1.0003094673156738,0.00026343431090936065
127.66135094726633,0.9999067187309265,0.0002637893194332719
127.66203217171278,0.9998904466629028,0.0002641711325850338
127.66271319615771,0.9998646378517151,0.00026453600730746984
127.66339432061068,1.0002847909927368,0.00026492387405596673
127.66407544505637,1.0003297328948975,0.0002652646799106151
127.6647566693864,0.9999898672103882,0.00026554096257314086
127.6654377938321,0.9998303651809692,0.0002658016746863723
127.66611891827779,1.0003982782363892,0.00026608689222484827
127.66680014272424,0.999936580657959,0.00026624000747688115
127.66748126717721,1.0002361536026,0.00026641180738806725
127.66816229162214,1.0004888772964478,0.00026652219821698964
127.66884351595218,0.9998027682304382,0.0002664969942998141
127.66952464039787,0.9999909996986389,0.00026648060884326696
127.67020576485083,1.0000749826431274,0.00026637769769877195
127.67088698929729,0.9999922513961792,0.00026619277196004987
127.67156811374298,1.0001933574676514,0.00026595525559969246
127.67224923807225,1.0001240968704224,0.00026560836704447865
127.6729304625187,0.9996896982192993,0.000265169539488852
127.67361148696364,1.000335693359375,0.0002647563233040273
127.6742926114166,1.0000101327896118,0.0002641988976392895
127.6749737358623,0.9999699592590332,0.0002636150165926665
127.67565496030875,0.9996424317359924,0.00026296425494365394
127.67633608463802,1.0002930164337158,0.0002623549953568727
127.67701730908448,1.000002145767212,0.00026163386064581573
127.67769843353744,0.999727189540863,0.0002608981740195304
127.6783796579839,0.9995898008346558,0.00026014778995886445
127.67906058231165,0.9998650550842285,0.0002594275865703821
127.6797418067581,1.0001821517944336,0.0002587053459137678
127.6804229312038,1.000040054321289,0.0002579477441031486
127.68110415565025,0.9998634457588196,0.00025718763936311007
127.68178528010321,1.0001590251922607,0.00025648195878602564
127.6824664045489,1.000296950340271,0.00025578177883289754
127.68314762887894,0.9998579025268555,0.000255049963016063
127.68382875332463,0.9996896982192993,0.00025435996940359473
127.68450977777684,0.9996290802955627,0.00025371674564667046
127.68519100222329,0.9997484683990479,0.00025311129866167903
127.68587212655257,1.0001366138458252,0.0002525642921682447
127.68655325099826,0.9999229907989502,0.0002519918489269912
127.68723447544471,0.9998605251312256,0.0002514720254112035
127.6879155998904,0.9997979402542114,0.0002509818004909903
127.68859672434337,0.9996199011802673,0.00025051835109479725
127.6892779486734,0.9999053478240967,0.0002501299313735217
127.68995897311834,1.0000900030136108,0.0002497888635843992
127.69064009756403,0.999779999256134,0.0002493892388883978
127.69132122200972,1.0002540349960327,0.00024911187938414514
127.69200244634703,1.0002168416976929,0.00024882471188902855
127.69268357079272,1.0004594326019287,0.00024858996039256454
127.69336469523842,0.99982750415802,0.0002482944692019373
127.69404591968487,0.999629020690918,0.0002480623370502144
127.69472704413056,0.9998388290405273,0.00024788815062493086
127.69540806846635,0.9994965195655823,0.00024768582079559565
127.6960892929128,1.000095248222351,0.0002475876535754651
127.6967704173585,1.000156044960022,0.00024744778056629
127.69745154180418,1.0000481605529785,0.0002473083441145718
127.69813276613422,0.99945068359375,0.0002471422194503248
127.69881389057991,0.9999238848686218,0.00024708229466341436
127.69949501503288,1.0001099109649658,0.0002470101753715426
127.70017623947933,1.0001325607299805,0.00024693537852726877
127.70085726392426,1.0000048875808716,0.0002468557795509696
127.70153838825354,0.9997206330299377,0.0002467729791533202
127.70221951269923,0.9998354315757751,0.0002467407612130046
127.70290073715296,0.999578595161438,0.0002466841833665967
127.70358186159865,0.9999708533287048,0.0002466948644723743
127.70426308592869,1.000009298324585,0.00024668927653692663
127.70494421037438,0.9993840456008911,0.00024662408395670354
127.70562533482007,1.000022292137146,0.00024668534751981497
127.70630635927228,0.9999220371246338,0.00024669119738973677
127.70698758360231,1.000221610069275,0.0002467470185365528
127.707668708048,0.9997804760932922,0.0002467353770043701
127.7083498324937,1.0004314184188843,0.00024683625088073313
127.70903105694015,1.0002399682998657,0.0002468637248966843
127.70971218126942,0.9999920725822449,0.0002468986203894019
127.71039340572315,0.9998314380645752,0.0002469461760483682
127.71107453016884,0.9996329545974731,0.00024698974448256195
127.71175555461377,1.000158667564392,0.0002471150946803391
127.71243667894305,0.999704122543335,0.00024715092149563134
127.7131179033895,0.9999490976333618,0.00024725933326408267
127.71379902784247,1.000091552734375,0.0002473615750204772
127.71448025228892,1.0001540184020996,0.0002474635257385671
127.7151613766182,1.0003445148468018,0.0002475823275744915
127.71584250106389,1.0000101327896118,0.0002476609079167247
127.71652372551034,1.0000327825546265,0.0002477864327374846
127.71720474996255,1.0000213384628296,0.0002479164395481348
127.71788587429182,1.0000170469284058,0.0002480550901964307
127.71856699873751,1.0002243518829346,0.00024822488194331527
127.71924822318397,0.9997599720954895,0.00024833172210492194
127.71992934762966,0.9999986290931702,0.00024852482602000237
127.72061047195893,1.00033438205719,0.00024873166694305837
127.72129169641266,1.0001310110092163,0.00024890105123631656
127.72197282085835,1.000089168548584,0.000249095173785463
127.72265394530405,1.000010371208191,0.00024929179926402867
127.72333506963332,1.0000165700912476,0.0002495056833140552
127.72401619407901,0.999695360660553,0.000249697535764426
127.72469731853198,1.0001676082611084,0.0002499673282727599
127.72537854286202,1.000160813331604,0.0002501957933418453
127.72605966730771,0.9999698996543884,0.00025041800108738244
127.7267407917534,1.0004584789276123,0.00025070414994843304
127.72742191619909,0.9998753070831299,0.00025088939582929015
127.72810314052913,0.9996373057365417,0.00025111291324719787
127.72878416498133,0.9996511340141296,0.0002513592189643532
127.72946528942703,0.9995793104171753,0.000251595804002136
127.73014651375706,1.0000985860824585,0.00025188204017467797
127.73082763820275,1.0003108978271484,0.00025214400375261903
127.73150876265572,1.0000745058059692,0.0002523579460103065
127.73218998710217,0.9998503923416138,0.00025256662047468126
127.73287111143145,1.0000700950622559,0.00025281330454163253
127.73355223587714,0.999639093875885,0.00025299901608377695
127.73423336032283,1.0003342628479004,0.000253273086855188
127.73491448465211,1.0001410245895386,0.00025347460177727044
127.73559560910508,1.000075340270996,0.000253697216976434
127.73627683355153,1.0003633499145508,0.00025390813243575394
127.73695795799722,0.9995867609977722,0.00025404326152056456
127.7376390823265,0.9998652935028076,0.0002542709407862276
127.73832030677295,1.0003221035003662,0.0002545149181969464
127.73900143122592,1.0004017353057861,0.0002547222247812897
127.73968245555443,0.9997378587722778,0.00025486398953944445
127.74036368000088,0.9997706413269043,0.000255067105172202
127.74104480444657,0.9999678134918213,0.00025528366677463055
127.74172592889227,1.0002235174179077,0.00025550942518748343
127.7424071532223,0.999804675579071,0.00025567159173078835
127.74308827767527,0.9998464584350586,0.00025587674463167787
127.74376950212172,1.0002143383026123,0.0002561066939961165
127.744450626451,1.0001024007797241,0.0002562925510574132
127.74513165089593,1.0000638961791992,0.00025648390874266624
127.7458127753489,1.000098466873169,0.00025668309535831213
127.74649399967893,0.9999743700027466,0.0002568502677604556
127.74717512412462,0.9999189972877502,0.0002570260257925838
127.74785624857032,1.0000267028808594,0.0002572108351159841
127.74853747290035,0.9997497797012329,0.0002573486417531967
127.74921859734604,1.0000932216644287,0.00025753508089110255
127.74989972179901,1.0002281665802002,0.00025768319028429687
127.7505808462447,0.9996752142906189,0.0002577583654783666
127.75126197057398,0.9998791217803955,0.00025788514176383615
127.75194309501967,0.9998441338539124,0.00025796963018365204
127.75262431946612,1.0005358457565308,0.00025809675571508706
127.75330544380267,0.9999544024467468,0.00025809023645706475
127.75398656824837,1.0000985860824585,0.0002581241133157164
127.75466769269406,0.9996148347854614,0.00025807649944908917
127.7553489170241,0.9996766448020935,0.00025805781478993595
127.75602994146902,0.9998193383216858,0.0002580150030553341
127.75671106592199,1.0000540018081665,0.0002579645370133221
127.75739229025203,1.000169038772583,0.0002578873827587813
127.75807341469772,1.0003043413162231,0.0002577859559096396
127.75875453914341,0.999953031539917,0.0002576224796939641
127.75943576347345,0.9995418787002563,0.000257445644820109
127.76011688791914,1.000195860862732,0.0002573387464508414
127.7607980123721,1.0002448558807373,0.00025717131211422384
127.76147913670138,1.0003784894943237,0.0002569924108684063
127.76216026114707,1.0000369548797607,0.000256764586083591
127.76284138559276,0.9998681545257568,0.00025654101045802236
127.76352250992204,0.9999962449073792,0.00025633591576479375
127.76420373437577,0.9998509287834167,0.00025610034936107695
127.76488485882146,1.0001033544540405,0.00025588669814169407
127.7655660831515,0.9996903538703918,0.00025562025257386267
127.76624720759719,1.000118613243103,0.00025542438379488885
127.76692823204212,0.9998111724853516,0.0002551607321947813
127.76760935637867,0.9996132850646973,0.0002549174823798239
127.76829058082512,1.0000174045562744,0.00025471815024502575
127.76897170527081,0.999889612197876,0.00025448238011449575
127.76965292960085,0.9998612999916077,0.0002542643924243748
127.77033405404654,0.9998179078102112,0.0002540519053582102
127.77101517849223,1.0004189014434814,0.00025390219525434077
127.77169640282955,1.0001033544540405,0.00025368350907228887
127.77237742727448,1.000143051147461,0.0002535096136853099
127.77305855172017,1.0001007318496704,0.00025334442034363747
127.7737397760502,0.9999427795410156,0.00025319133419543505
127.7744209004959,1.000267744064331,0.0002530942438170314
127.77510202494886,1.0001369714736938,0.0002529699122533202
127.7757832492789,0.9998568296432495,0.00025286266463808715
127.7764643737246,0.9996199011802673,0.00025276525411754847
127.77714549805387,1.000044345855713,0.00025274677318520844
127.77782662249956,1.0000982284545898,0.000252714438829571
127.77850774695253,0.9993898868560791,0.00025262514827772975
127.7791888712818,0.9999264478683472,0.0002526672906242311
127.77987009572826,1.000006079673767,0.00025268286117352545
127.78055122017395,1.0002837181091309,0.0002527282340452075
127.78123234450322,0.9999220371246338,0.0002527270116843283
127.78191346894891,0.9999398589134216,0.0002527699980419129
127.78259469340264,0.999896228313446,0.0002528220065869391
127.78327571773116,0.9991464614868164,0.0002528631594032049
127.78395684217685,1.0000542402267456,0.00025296228704974055
127.78463806650689,0.9997147917747498,0.0002530053025111556
127.78531919095258,0.9996352791786194,0.0002530751226004213
127.78600031540554,0.9999664425849915,0.00025318405823782086
127.78668153973558,0.9997085928916931,0.0002532365033403039
127.78736266418127,0.9999874234199524,0.00025333635858260095
127.78804378862696,0.9998884797096252,0.0002533970691729337
127.78872491295624,0.9997034668922424,0.0002534401719458401
127.78940603740921,0.9996945858001709,0.0002534984960220754
127.7900871618549,1.0008045434951782,0.00025363994063809514
127.79076828618417,1.0005099773406982,0.0002536522224545479
127.79144951063063,0.9998170733451843,0.0002536035899538547
127.7921306349599,1.0001510381698608,0.00025363784516230226
127.79281175941287,0.9996098279953003,0.000253572768997401
127.79349298385932,1.000171422958374,0.0002535897947382182
127.79417400818784,1.0000911951065063,0.0002535331586841494
127.79485513263353,1.0000635385513306,0.00025346645270474255
127.79553635707998,1.0001345872879028,0.0002533841470722109
127.79621748140926,1.0004050731658936,0.0002533060032874346
127.79689860586222,0.9999181628227234,0.0002531589998397976
127.79757983019226,0.9999223351478577,0.000253038015216589
127.79826095463795,1.000422477722168,0.00025295894010923803
127.7989421790844,0.9998271465301514,0.0002527795440983027
127.79962330341368,1.0003260374069214,0.00025269066100008786
127.80030432786589,1.0002081394195557,0.0002525509044062346
127.80098545219516,1.0000715255737305,0.0002524144947528839
127.80166667664162,1.0003745555877686,0.00025232057669200003
127.80234780108731,0.999949038028717,0.00025216591893695295
127.80302902541735,1.0000436305999756,0.0002520614943932742
127.80371014986304,1.00031316280365,0.00025198509683832526
127.80439127419959,1.000140905380249,0.000251877325354144
127.80507249864604,1.0001550912857056,0.0002517920802347362
127.80575352309097,0.9999330639839172,0.0002516951353754848
127.80643464742025,0.9997127652168274,0.00025161131634376943
127.80711577187321,0.9999432563781738,0.00025157409254461527
127.80779699620325,0.999767005443573,0.0002515073283575475
127.80847812064894,0.999897301197052,0.000251475052209571
127.80915924509463,1.0000663995742798,0.0002514660300221294
127.80984046942467,1.000759243965149,0.0002514971129130572
127.81052159387036,0.999991774559021,0.00025140494108200073
127.81120261820615,0.9999421834945679,0.0002513841027393937
127.8118838426526,0.9998299479484558,0.00025135508622042835
127.8125649670983,1.0000927448272705,0.0002513666113372892
127.81324609142757,1.0002866983413696,0.0002513690269552171
127.81392731587403,0.999811053276062,0.0002513168437872082
127.81460844021058,0.9998617768287659,0.00025130502763204277
127.81528956465627,0.999975323677063,0.0002513045910745859
127.8159707889863,1.0000988245010376,0.0002513041836209595
127.81665181343124,1.0001815557479858,0.000251297460636124
127.81733293787693,0.9999641180038452,0.0002512730425223708
127.81801406221348,1.0002856254577637,0.0002512909995857626
127.81869528665993,0.9998393058776855,0.00025125275715254247
127.81937641098921,1.0002154111862183,0.0002512962673790753
127.8200575354349,0.9998056888580322,0.00025127315893769264
127.82073875988135,0.999707043170929,0.0002512939099688083
127.82141988421063,0.9997801184654236,0.00025133907911367714
127.82210090866283,0.9999463558197021,0.0002514039515517652
127.82278213299287,0.9999115467071533,0.0002514707448426634
127.82346325743856,1.0000156164169312,0.0002515621017664671
127.82414438176784,0.9997148513793945,0.00025163585087284446
127.82482560621429,0.9999547600746155,0.00025177845964208245
127.82550673066726,0.999783992767334,0.00025190686574205756
127.82618785499653,0.9995591640472412,0.00025204115081578493
127.82686907944299,1.0004549026489258,0.000252310506766662
127.8275501037715,1.000002145767212,0.00025247750454582274
127.82823122821719,0.9996466040611267,0.00025268184253945947
127.82891245254723,0.9996445178985596,0.0002529298362787813
127.8295935770002,0.9999725818634033,0.00025323848240077496
127.83027470144589,1.0000661611557007,0.00025355108664371073
127.83095592577592,0.9997702836990356,0.0002538437838666141
127.83163705022162,1.0002143383026123,0.0002542282163631171
127.83231827455165,1.0003362894058228,0.0002546049072407186
127.83299929900386,1.0000677108764648,0.0002549717901274562
127.83368042333313,0.9998230934143066,0.0002553521189838648
127.83436154777883,0.9997888803482056,0.0002557790430728346
127.83504277210886,0.9998063445091248,0.00025622890098020434
127.83572389655455,0.9999039769172668,0.00025670664035715163
127.83640502100752,0.9999173879623413,0.000257175590377301
127.83708624533756,1.0002814531326294,0.00025769873172976077
127.83776736978325,0.9998177289962769,0.0002581591543275863
127.83844839411177,0.9996941685676575,0.0002586599439382553
127.83912961855822,0.9999103546142578,0.00025917994207702577
127.83981074289477,1.0002655982971191,0.00025972421281039715
127.84049186734046,0.9999245405197144,0.00026020468794740736
127.8411730916705,1.0000404119491577,0.00026072197942994535
127.84185421611619,0.9999855160713196,0.0002612111275084317
127.84253534044547,1.000230073928833,0.00026171881472691894
127.84321656489192,1.0001187324523926,0.00026216902188025415
127.84389758922771,1.00015127658844,0.00026262574829161167
127.8445787136734,0.999576985836029,0.0002629951050039381
127.84525983811909,1.000124454498291,0.0002634421398397535
127.84594106244913,1.0000255107879639,0.0002637970319483429
127.84662218689482,0.9999816417694092,0.0002641218015924096
127.84730331123137,1.0002624988555908,0.0002644366177264601
127.84798453567782,0.9998362064361572,0.00026465128757990897
127.8486656600071,1.0000932216644287,0.00026487201103009284
127.84934668445203,1.0002210140228271,0.0002650330134201795
127.85002790878207,1.000063180923462,0.00026511275791563094
127.85070903323503,1.0002524852752686,0.00026517381775192916
127.85139015756431,0.9999645948410034,0.0002651271934155375
127.85207128201,0.9998012185096741,0.0002650414826348424
127.85275250634004,0.9999952912330627,0.00026491392054595053
127.85343363078573,0.9995636940002441,0.00026467416319064796
127.85411485523218,1.0001565217971802,0.0002644544583745301
127.85479587956797,0.9998998641967773,0.0002641010214574635
127.85547700389725,0.9996501803398132,0.00026368751423433423
127.85615812834294,0.999866783618927,0.00026325968792662024
127.8568393527894,1.0003442764282227,0.00026280092424713075
127.85752047711867,0.9997177720069885,0.00026222135056741536
127.8582017015724,0.9995731711387634,0.00026165280723944306
127.85888282590167,1.0005406141281128,0.0002611663949210197
127.85956395034736,0.9998605847358704,0.0002605387126095593
127.86024497467588,1.0001369714736938,0.0002599921135697514
127.86092619912233,0.9999688267707825,0.0002594256366137415
127.86160732345888,0.9999619722366333,0.000258899963228032
127.86228854790534,1.0002422332763672,0.00025842009927146137
127.86296967223461,0.9998270869255066,0.00025791890220716596
127.8636507966803,1.0001988410949707,0.00025752533110789955
127.86433202101034,1.0000319480895996,0.000257130159297958
127.86501314545603,1.0000101327896118,0.0002567924384493381
127.86569416979182,1.0003505945205688,0.00025654054479673505
127.86637539423828,1.0002000331878662,0.00025628446019254625
127.86705651856755,1.0003695487976074,0.00025611501769162714
127.86773764301324,0.9999321103096008,0.00025593506870791316
127.86841886734328,1.0005367994308472,0.00025589350843802094
127.86909999179625,1.0001449584960938,0.0002558033156674355
127.86978111612552,0.9998315572738647,0.0002557543630246073
127.87046234057198,1.0000584125518799,0.0002557929838076234
127.87114336490049,0.9998241662979126,0.00025581041700206697
127.87182448934618,0.9995959997177124,0.00025584863033145666
127.87250561368273,1.0004011392593384,0.0002559939166530967
127.87318683812919,1.0002648830413818,0.0002560615830589086
127.87386796245846,1.0001165866851807,0.0002561285509727895
127.87454908690415,1.0000540018081665,0.0002562000590842217
127.87523031123419,0.999822735786438,0.0002562419103924185
127.87591143567988,0.9997304081916809,0.0002562773006502539
127.87659256001643,0.9997619390487671,0.0002563130983617157
127.87727368446212,0.9997581839561462,0.0002563181333243847
127.8779548087914,0.9998515844345093,0.00025632238248363137
127.87863593323709,0.999626636505127,0.00025627558352425694
127.87931715756713,0.9998533129692078,0.00025625343550927937
127.8799982820201,0.999771237373352,0.00025620052474550903
127.88067940634937,1.000113844871521,0.00025617703795433044
127.88136053079506,0.9997595548629761,0.00025609281146898866
127.8820417551251,0.9997738599777222,0.00025604263646528125
127.88272277945362,0.9998574256896973,0.00025600497610867023
127.88340390390658,0.9999855160713196,0.0002559803251642734
127.88408512823662,0.9996557831764221,0.0002559346321504563
127.88476625268231,1.0001229047775269,0.00025597919011488557
127.88544737701159,0.9998709559440613,0.0002559745917096734
127.88612860145804,0.9997047185897827,0.0002560056746006012
127.88680972579459,1.000412940979004,0.0002561408618930727
127.88749095024104,1.0000786781311035,0.00025621248641982675
127.8881718745688,0.9996589422225952,0.0002563060261309147
127.88885309901525,1.0000545978546143,0.00025649566669017076
127.88953422334453,0.9999804496765137,0.000256671424722299
127.89021544779098,0.9999445676803589,0.000256880943197757
127.89089657212753,1.000159502029419,0.0002571371733210981
127.89157779657398,0.9999077916145325,0.0002573725359980017
127.89225892090326,1.0000112056732178,0.00025765979080460966
127.89294004534895,0.9999889731407166,0.00025794803514145315
127.89362106968474,1.0000311136245728,0.000258259242400527
127.8943022941312,0.9998986124992371,0.0002585595066193491
127.89498341846047,1.0003325939178467,0.0002589052019175142
127.89566454278975,1.00010347366333,0.0002591996162664145
127.8963457672362,0.9997251629829407,0.00025946940877474844
127.89702689156547,0.9999449849128723,0.00025978797930292785
127.89770801601844,1.0001652240753174,0.0002600905136205256
127.89838924034848,1.0001797676086426,0.0002603624016046524
127.89907026479341,0.9997167587280273,0.0002605789341032505
127.89975138912268,0.9999001026153564,0.00026083982083946466
127.90043261356914,1.0002391338348389,0.0002610950032249093
127.90111373790569,0.9999321103096008,0.00026128580793738365
127.90179486235138,0.9999516010284424,0.0002614930272102356
127.90247608668142,1.0000061988830566,0.00026168773183599114
127.9031572110107,1.0000557899475098,0.00026186861214227974
127.90383833545638,0.9998940229415894,0.0002620198647491634
127.90451945978566,0.9999066591262817,0.0002621801395434886
127.90520058423863,1.0000946521759033,0.0002623404434416443
127.9058817085679,0.9999357461929321,0.00026246614288538694
127.90656293301436,0.9998199343681335,0.0002625825291033834
127.90724405734363,1.000535488128662,0.00026276716380380094
127.90792518167291,1.0000596046447754,0.00026283427723683417
127.90860630612588,1.0002084970474243,0.0002629475493449718
127.90928753045591,1.000303030014038,0.00026305182836949825
127.90996855490084,0.9995911121368408,0.0002630701055750251
127.91064967923012,1.000056505203247,0.0002631847164593637
127.91133090367657,0.9999985694885254,0.0002632449904922396
127.91201202801312,0.999862015247345,0.00026328471722081304
127.91269315245881,1.0003937482833862,0.0002633705735206604
127.91337437678885,1.0000860691070557,0.0002633729309309274
127.91405550111813,0.9998843669891357,0.00026337362942285836
127.91473662556382,0.9998464584350586,0.000263366469880566
127.91541774990037,0.9999336004257202,0.0002633552940096706
127.91609887434606,1.0000176429748535,0.00026333288406021893
127.91677999867534,1.000158429145813,0.0002632910036481917
127.91746122300538,1.0004091262817383,0.0002632411487866193
127.91814234745107,1.0001330375671387,0.00026312825502827764
127.91882347178034,1.000056505203247,0.0002630202507134527
127.91950469623407,1.0002987384796143,0.0002629144873935729
127.92018582056335,0.9999781847000122,0.00026275496929883957
127.92086684500828,1.0000042915344238,0.0002626034547574818
127.92154806933831,0.9996909499168396,0.0002624116314109415
127.92222919366759,0.999901533126831,0.0002622524043545127
127.92291031812056,1.000102162361145,0.0002620774321258068
127.9235915424506,1.0000988245010376,0.0002618756261654198
127.92427266689629,1.0002602338790894,0.00026167830219492316
127.92495379122556,0.9998235702514648,0.00026142148999497294
127.92563501567201,0.999853253364563,0.00026120003894902766
127.9263160400078,1.0000474452972412,0.00026098082889802754
127.92699716433708,0.999599039554596,0.0002607044007163495
127.92767838878353,0.999977171421051,0.0002604920300655067
127.92835951311281,1.0002517700195312,0.0002602688909973949
127.92904063744209,1.000146508216858,0.00025999959325417876
127.92972186188854,1.0006529092788696,0.0002597901038825512
127.93040298622509,0.9996412992477417,0.0002594343386590481
127.93108411067078,1.0001620054244995,0.0002592139062471688
127.93176523500006,0.999832272529602,0.00025891303084790707
127.93244635944575,1.0001842975616455,0.00025867027579806745
127.93312748377502,0.9999681115150452,0.0002583736495580524
127.93380860811158,1.0000414848327637,0.00025809858925640583
127.93448983255803,1.0001112222671509,0.00025780772557482123
127.9351709568873,0.999963641166687,0.00025750717031769454
127.935852081333,1.0001028776168823,0.0002572165394667536
127.93653330566303,1.000195026397705,0.00025692189228720963
127.93721432999882,1.0000375509262085,0.00025659671518951654
127.93789545444452,0.9996998310089111,0.00025624819681979716
127.93857667877455,1.0001442432403564,0.0002559694985393435
127.93925780322024,1.0002447366714478,0.0002556501131039113
127.93993892754952,1.000077247619629,0.0002553118101786822
127.94062015187956,1.000030517578125,0.00025498319882899523
127.94130127633252,1.0003055334091187,0.0002546888717915863
127.9419824006618,1.000319242477417,0.0002543727168813348
127.94266342499031,0.9998658299446106,0.00025401529273949564
127.94334464943677,1.0001823902130127,0.00025374561664648354
127.94402577376604,1.0000361204147339,0.0002534457016736269
127.94470689821901,0.999980092048645,0.00025315681705251336
127.94538812254905,1.000116229057312,0.00025290364283137023
127.94606924687832,0.9999334216117859,0.0002526299504097551
127.94675037132401,0.9998665452003479,0.0002523878065403551
127.94743159565405,0.9999306201934814,0.00025217473739758134
127.94811261998984,0.9997293949127197,0.0002519564004614949
127.94879374443553,0.9995235800743103,0.0002517574466764927
127.94947496876557,0.9997971653938293,0.000251623394433409
127.95015609321126,1.0005731582641602,0.00025155890034511685
127.95083721754054,1.0001739263534546,0.0002514085790608078
127.95151844187058,0.9997928738594055,0.00025128968991339207
127.95219956632354,1.0002704858779907,0.00025126722175627947
127.95288079065358,1.000415325164795,0.00025124746025539935
127.95356191498286,0.9997966289520264,0.0002511849161237478
127.95424293942779,1.00001859664917,0.0002512263017706573
127.95492406376434,1.000525712966919,0.0002513300278224051
127.95560528821079,1.0001598596572876,0.0002513827639631927
127.95628641254007,0.9998916983604431,0.0002514825318939984
127.9569676368701,0.999941349029541,0.0002516385866329074
127.9576487613158,0.999609112739563,0.0002518049441277981
127.95832988564507,0.9996635913848877,0.0002520408888813108
127.95901110997511,1.0000468492507935,0.00025233710766769946
127.95969213442731,0.9995924234390259,0.000252597063081339
127.96037325875659,1.0000251531600952,0.00025296577950939536
127.96105438308587,0.9993806481361389,0.00025325690512545407
127.96173560753232,0.9998153448104858,0.000253681413596496
127.96241673186887,0.9998853802680969,0.00025409748195670545
127.96309785619815,0.9990785121917725,0.0002544560993555933
127.9637790806446,0.999965488910675,0.0002549791825003922
127.96446020497388,0.9999566674232483,0.00025544679374434054
127.96514122930239,1.000146508216858,0.00025594435282982886
127.96582245374884,0.9998629689216614,0.0002564089372754097
127.9665035780854,0.999915599822998,0.00025691487826406956
127.96718470253109,0.9999738335609436,0.0002574209647718817
127.96786592686112,1.0001542568206787,0.00025794500834308565
127.9685470511904,1.0000693798065186,0.000258438172750175
127.96922817563609,0.9996259212493896,0.0002588944917079061
127.96990929997264,0.999828040599823,0.0002594079705886543
127.97059042430192,0.9997444152832031,0.00025987441767938435
127.97127154874761,0.9999923706054688,0.0002603561442811042
127.97195267307688,1.0000723600387573,0.0002607953501865268
127.97263389740692,0.9999498128890991,0.00026120117399841547
127.97331502185989,1.0002353191375732,0.0002616089768707752
127.97399614618917,1.0003712177276611,0.00026196552789770067
127.9746773705192,1.0001500844955444,0.0002622492320369929
127.9753584949649,1.0000360012054443,0.00026250717928633094
127.97603951929341,1.0003019571304321,0.00026274874107912183
127.97672064362996,1.0001122951507568,0.0002628958609420806
127.97740186807641,1.0000865459442139,0.0002630028175190091
127.97808299240569,0.999982476234436,0.00026304172934032977
127.97876421673573,1.000199317932129,0.0002630478411447257
127.97944534118142,1.0000370740890503,0.00026297091972082853
127.98012656551145,0.999762237071991,0.0002628306392580271
127.980807689848,1.0004162788391113,0.0002627227222546935
127.98148871429294,1.000396728515625,0.0002625159395392984
127.98216983862221,0.9999047517776489,0.00026222923770546913
127.98285106295225,0.9997872710227966,0.00026193837402388453
127.98353218728153,0.9997658133506775,0.00026163196889683604
127.98421331173449,0.9999590516090393,0.00026131863705813885
127.98489453606453,1.0000859498977661,0.00026098144007846713
127.9855756603938,0.9997445344924927,0.0002605916524771601
127.98625688484026,0.9998477101325989,0.0002602248277980834
127.98693790916877,1.0000988245010376,0.00025986693799495697
127.98761903350533,1.0000958442687988,0.00025948265101760626
127.98830015795102,1.0000609159469604,0.00025910488329827785
127.98898138228105,1.0001388788223267,0.0002587336639408022
127.98966250661033,1.0000969171524048,0.00025836084387265146
127.99034363105602,0.9998365044593811,0.0002579890424385667
127.99102485538606,1.0002341270446777,0.00025768703198991716
127.99170597972261,0.9996382594108582,0.00025732372887432575
127.99238700405112,0.999786376953125,0.00025704517611302435
127.99306822849758,1.000502109527588,0.00025683967396616936
127.99374935282685,1.0003913640975952,0.0002565983741078526
127.99443047715613,1.0003091096878052,0.000256392580922693
127.99511170160986,0.9999107122421265,0.00025618544896133244
127.99579282593913,1.0003201961517334,0.0002560893481131643
127.99647395026841,1.0000051259994507,0.0002559790445957333
127.9971550747141,0.9999642968177795,0.0002559376589488238
127.99783619904338,1.0000405311584473,0.000255952327279374
127.99851732337993,0.9998412132263184,0.00025598681531846523
127.9991984477092,1.000074863433838,0.00025612549507059157
127.99987967215566,0.9994425177574158,0.0002562270383350551
128.00056079648493,1.0000978708267212,0.0002564888563938439
128.0012419208142,1.0000331401824951,0.00025674220523796976
128.00192314526066,1.0001879930496216,0.000257051462540403
128.0026042695972,0.9995988011360168,0.0002573379606474191
128.00328529392573,0.9995018243789673,0.00025770344655029476
128.00396651825577,0.999698281288147,0.000258138170465827
128.00464764270146,0.9996430277824402,0.00025858060689643025
128.00532876703073,0.9999905228614807,0.00025908867246471345
128.00600999136805,0.9995934367179871,0.0002595637342892587
128.00669111581374,0.9997833967208862,0.00026011597947217524
128.007372240143,0.9996451139450073,0.0002606671769171953
128.00805346447305,0.9995355010032654,0.00026123697170987725
128.00873448880157,0.9998318552970886,0.0002618640137370676
128.00941561325453,0.9995384812355042,0.0002624533954076469
128.0100967375838,1.0000762939453125,0.00026312030968256295
128.01077796191385,1.0002615451812744,0.00026376807363703847
128.01145908635954,1.0002243518829346,0.0002644009655341506
128.01214031068957,1.0000925064086914,0.0002650258247740567
128.01282143501885,1.000231146812439,0.00026567160966806114
128.0135025593554,1.000544548034668,0.00026631506625562906
128.01418358380033,0.9996640086174011,0.0002668553206603974
128.01486480813037,0.9998430609703064,0.0002674674615263939
128.01554593245964,1.0000759363174438,0.0002680604811757803
128.0162271569061,0.9999228715896606,0.0002685927029233426
128.01690828124265,0.9997466206550598,0.00026910044834949076
128.01758940557193,0.9994282722473145,0.0002695566799957305
128.01827062990196,0.9997915029525757,0.00027003674767911434
128.01895175434765,0.999993085861206,0.0002704585203900933
128.01963277867617,0.9999321699142456,0.0002708167885430157
128.02031400301348,1.0002976655960083,0.00027117040008306503
128.02099512734276,0.9999836087226868,0.0002714228176046163
128.02167625178845,0.999973714351654,0.0002716638846322894
128.0223574761185,0.9998504519462585,0.00027185986982658505
128.02303860044776,1.000388741493225,0.0002720814663916826
128.0237197247843,1.0002514123916626,0.0002722111821640283
128.02440084923,1.0005439519882202,0.0002723505604080856
128.02508197355928,0.9993627071380615,0.0002723406651057303
128.02576309788856,0.9998148083686829,0.0002724355144891888
128.02644422221783,1.0000238418579102,0.0002724877849686891
128.0271254466643,0.999965488910675,0.00027250268612988293
128.02780657100084,0.9999136924743652,0.00027248880360275507
128.0284876953301,0.999943733215332,0.00027246601530350745
128.0291688196594,0.9998024702072144,0.00027241255156695843
128.02985004410584,0.999729335308075,0.00027234264416620135
128.03053106844163,1.000319004058838,0.00027231808053329587
128.03121229277167,0.9999872446060181,0.0002721998025663197
128.03189341710095,1.0001243352890015,0.0002721112105064094
128.03257454154664,0.9994410872459412,0.0002719411568250507
128.0332556658759,1.0001564025878906,0.00027187372324988246
128.03393689020595,1.000043272972107,0.00027172701084055007
128.0346180145425,0.9998061060905457,0.00027155675343237817
128.03529913887178,1.0001980066299438,0.0002714351285248995
128.03598036331823,0.9999717473983765,0.00027124612824991345
128.03666138764675,1.0000587701797485,0.00027107345522381365
128.03734251197602,0.9998406171798706,0.00027087252237834036
128.03802373631333,0.9995511770248413,0.0002706519444473088
128.03870486075903,1.000089406967163,0.00027049198979511857
128.0393859850883,0.9997537732124329,0.00027025831514038146
128.04006720941834,0.999970018863678,0.00027006209711544216
128.04074833374762,0.9996531009674072,0.00026981643168255687
128.04142955819407,0.9997053146362305,0.0002695977163966745
128.04211058252986,1.0002758502960205,0.00026942352997139096
128.04279170685913,0.9999613165855408,0.00026917996001429856
128.0434728311884,0.9997488856315613,0.00026894075563177466
128.04415405551845,0.9996040463447571,0.000268712145043537
128.04483517996414,1.000036358833313,0.00026853953022509813
128.04551640429418,1.000169038772583,0.0002683524799067527
128.04619752863073,0.9998615980148315,0.00026813073782250285
128.04687865296,1.0000008344650269,0.00026796149904839694
128.04755967728852,0.9997691512107849,0.00026777831953950226
128.04824090173497,0.999819815158844,0.000267634546617046
128.04892202607152,1.0001550912857056,0.0002675271243788302
128.04960325040156,0.9999926686286926,0.0002673996496014297
128.05028437473084,0.9997730255126953,0.00026728209923021495
128.05096549917653,1.0000405311584473,0.0002672347181942314
128.0516466235058,0.9996563792228699,0.0002671466500032693
128.05232784783584,0.9994664192199707,0.0002671034017112106
128.05300887217163,1.0000344514846802,0.0002671473484952003
128.0536899965009,1.0000967979431152,0.00026717607397586107
128.05437122094736,0.9994836449623108,0.00026717755827121437
128.05505234527664,0.9995682239532471,0.00026726056239567697
128.0557334696059,1.0001286268234253,0.0002674153074622154
128.05641469394322,1.0001752376556396,0.0002675538416951895
128.05709581838892,1.0003175735473633,0.0002677274460438639
128.0577769427182,1.0001299381256104,0.00026790655101649463
128.05845806704747,1.000175952911377,0.00026813341537490487
128.05913919137674,0.9996547102928162,0.00026834782329387963
128.0598203157133,0.9995936751365662,0.00026862797676585615
128.06050144004257,1.0001126527786255,0.00026898761279881
128.06118266448902,0.9999642372131348,0.00026931919273920357
128.0618637888183,0.999649703502655,0.0002696634328458458
128.06254491314758,1.000169277191162,0.0002700973127502948
128.0632261374776,1.0004513263702393,0.0002705297083593905
128.0639071618134,0.9999319911003113,0.00027090960065834224
128.0645882862591,1.0000758171081543,0.00027135308482684195
128.06526941058837,1.0000866651535034,0.0002717984898481518
128.0659506349184,0.9998974204063416,0.00027223557117395103
128.06663175924768,1.0001568794250488,0.00027270609280094504
128.067312983585,1.0002436637878418,0.00027316290652379394
128.0679941080307,1.0000029802322388,0.00027358054649084806
128.06867523235996,0.9998619556427002,0.00027400164981372654
128.06935625668848,0.9998127222061157,0.0002744156518019736
128.07003748101852,0.9994081258773804,0.00027478087577037513
128.07071860535507,1.0000118017196655,0.0002752045984379947
128.0713998296851,0.9997382760047913,0.0002755337336566299
128.0720809541308,0.9997856616973877,0.00027585774660110474
128.07276207846007,0.9997293949127197,0.00027613702695816755
128.0734433027901,0.999972403049469,0.0002764000673778355
128.0741244271194,1.0005732774734497,0.00027664759545587003
128.07480545145518,0.9996415972709656,0.0002767255937214941
128.07548667590163,1.0002732276916504,0.00027687952388077974
128.0761678002309,0.9998417496681213,0.0002768867998383939
128.07684892456018,0.999817967414856,0.00027687184046953917
128.07753014889022,0.9999943375587463,0.0002768076956272125
128.07821127322677,0.9999635219573975,0.00027666724054142833
128.07889239755605,1.0000035762786865,0.0002764555101748556
128.07957362188608,0.9995567202568054,0.00027613219572231174
128.080254646331,1.0003069639205933,0.0002758392074611038
128.0809357706603,0.9998673796653748,0.0002753766893874854
128.0816169949976,0.9997645020484924,0.00027487913030199707
128.08229811932688,1.0000039339065552,0.0002743495278991759
128.08297924365615,1.00004243850708,0.0002737572358455509
128.0836604681026,0.9999737739562988,0.0002731159911490977
128.08434159243188,0.9995326995849609,0.0002724143269006163
128.08502271676844,0.999800443649292,0.00027174572460353374
128.0857038410977,0.9997691512107849,0.00027102534659206867
128.086384965427,0.9998800754547119,0.00027031131321564317
128.08706608975626,1.0000802278518677,0.0002695920702535659
128.08774721408554,0.9999412894248962,0.00026885216357186437
128.088428438532,0.9997745752334595,0.00026810666895471513
128.08910956286854,0.9997177720069885,0.00026738797896541655
128.08979068719782,0.9999633431434631,0.00026670045917853713
128.09047191152786,1.0002723932266235,0.00026604055892676115
128.09115293585637,1.0000849962234497,0.0002653569681569934
128.09183406019292,1.0000293254852295,0.0002647053333930671
128.09251528452296,0.9998232126235962,0.00026406903634779155
128.09319640896865,1.0004881620407104,0.00026353783323429525
128.09387753329793,1.0002405643463135,0.0002629492082633078
128.0945586576272,0.9996055364608765,0.0002623616310302168
128.09523988195724,0.9997605681419373,0.0002618724247440696
128.0959210062938,1.0002491474151611,0.0002614391269162297
128.0966020306223,1.0000050067901611,0.0002609864459373057
128.09728325495234,0.999814510345459,0.0002605600457172841
128.09796437939804,0.9997838735580444,0.0002601899905130267
128.0986455037273,1.0003197193145752,0.00025990288122557104
128.09932672806463,0.9997486472129822,0.0002595511032268405
128.1000078523939,0.9998367428779602,0.0002593073295429349
128.10068907672394,1.0002974271774292,0.00025912976707331836
128.10137020105321,0.999809980392456,0.00025891876430250704
128.10205122538173,1.0005004405975342,0.00025885290233418345
128.1027323498347,1.000226378440857,0.0002587505732662976
128.10341357416473,1.000254511833191,0.0002587095368653536
128.104094698494,1.0000697374343872,0.00025870357058010995
128.10477592282405,1.0003312826156616,0.0002587795606814325
128.10545704715332,1.000362753868103,0.00025888014351949096
128.1061381714826,1.0000125169754028,0.0002589855284895748
128.1068193958199,0.9998698234558105,0.00025916207232512534
128.10750042014843,0.9999241828918457,0.0002593880344647914
128.1081815444777,1.0001150369644165,0.0002596685371827334
128.1088626689234,0.9995746612548828,0.00025992197333835065
128.10954389325343,1.0006039142608643,0.00026034278562292457
128.11022501758998,1.0004557371139526,0.0002606928755994886
128.11090624192002,1.0003650188446045,0.0002610696537885815
128.1115873662493,0.9999404549598694,0.0002614387485664338
128.11226849057857,0.999826967716217,0.00026184020680375397
128.11294961490785,1.0001225471496582,0.00026228578644804657
128.11363073923712,1.0002107620239258,0.0002627014764584601
128.11431186357368,1.0001178979873657,0.00026309656095691025
128.11499298801937,1.0001232624053955,0.0002634795382618904
128.1156742123494,0.9998685121536255,0.0002638071891851723
128.11635533667868,1.0002481937408447,0.0002641533501446247
128.11703646100796,0.999812126159668,0.0002643830666784197
128.11771768534527,0.9998236894607544,0.0002645973290782422
128.11839880967455,0.9998405575752258,0.0002647442452143878
128.11907983400306,0.9997970461845398,0.0002648145891726017
128.1197610583331,0.9998633861541748,0.00026481409440748394
128.12044218266237,1.0002847909927368,0.00026476869243197143
128.12112330711534,1.000173568725586,0.00026457637432031333
128.12180443144462,0.9998250603675842,0.00026428725686855614
128.12248565577465,1.000084638595581,0.0002639683079905808
128.12316678010393,0.9999583959579468,0.0002635537239257246
128.1238479044332,1.0006932020187378,0.00026315951254218817
128.12452902876976,0.9998096823692322,0.00026257731951773167
128.12521015309903,1.0001908540725708,0.00026208499912172556
128.1258912774283,1.0001806020736694,0.0002615324920043349
128.12657250175835,1.0002816915512085,0.0002609830698929727
128.12725362608762,0.9999693036079407,0.000260408065514639
128.1279347504169,0.9999874234199524,0.00025986990658566356
128.12861597487063,0.999778687953949,0.0002593391400296241
128.1292970991999,0.9996362328529358,0.00025884341448545456
128.12997812352842,0.9999518394470215,0.0002584307221695781
128.13065934785845,1.0000346899032593,0.00025804241886362433
128.13134047218773,1.0003564357757568,0.00025772195658646524
128.13202159652428,0.9997637271881104,0.000257381732808426
128.13270282085432,1.0000003576278687,0.00025716936215758324
128.1333839451836,0.9998518824577332,0.0002569846692495048
128.13406516951363,0.9999753832817078,0.0002568871423136443
128.1347462938429,1.000184178352356,0.000256850355071947
128.1354273181787,1.0003200769424438,0.0002568596391938627
128.1361084426244,1.0001660585403442,0.00025689456379041076
128.13678966695443,0.9999864101409912,0.00025697736418806016
128.1374707912837,0.9996399879455566,0.0002570848155301064
128.13815201561374,1.0000466108322144,0.0002572887169662863
128.13883313994302,1.0000876188278198,0.00025748903863132
128.13951426427957,0.9999948740005493,0.00025770135107450187
128.1401954886096,0.9996567964553833,0.00025790155632421374
128.14087651293812,1.0002113580703735,0.00025819026632234454
128.1415576372674,1.0002381801605225,0.0002584325266070664
128.14223876159667,0.9996377229690552,0.0002586087503004819
128.142919985934,1.0004464387893677,0.0002589042123872787
128.14360111026326,0.9998339414596558,0.00025906102382577956
128.14428223459254,0.9996967315673828,0.000259256485151127
128.14496345892258,1.0000284910202026,0.00025947726680897176
128.14564458325185,1.0003128051757812,0.0002596838749013841
128.14632560770406,1.0001616477966309,0.0002598530554678291
128.1470068320341,0.9999926686286926,0.00026001204969361424
128.14768795636337,0.9996662735939026,0.0002601636806502938
128.14836908069265,1.0001190900802612,0.00026037837960757315
128.14905020502192,1.000074863433838,0.0002605586778372526
128.14973142935196,0.9997026324272156,0.0002607199421618134
128.1504125536885,1.0000200271606445,0.00026095815701410174
128.1510936780178,1.0000367164611816,0.00026118027744814754
128.15177480234706,1.0004987716674805,0.00026146622258238494
128.15245592667634,0.9997033476829529,0.0002616679121274501
128.1531370510129,0.9999553561210632,0.00026198007981292903
128.15381827534293,0.9997695088386536,0.00026228997739963233
128.1544993996722,0.9998878836631775,0.0002626512723509222
128.15518052400148,1.0001120567321777,0.0002630572998896241
128.15586174833152,1.0002013444900513,0.00026348556275479496
128.1565428726608,1.000468373298645,0.0002639791346155107
128.15722389699658,0.9995819926261902,0.00026436374173499644
128.15790502132586,1.0002750158309937,0.0002649461675900966
128.1585862456559,1.000167965888977,0.0002654839772731066
128.15926736998517,1.0001102685928345,0.00026606430765241385
128.1599485943152,0.9999697208404541,0.0002666692598722875
128.16062971865176,0.9999419450759888,0.0002673078270163387
128.16131084298104,0.9996954202651978,0.00026795483427122235
128.1619920674275,0.9997743368148804,0.0002686521620489657
128.162673091756,0.999603271484375,0.000269351527094841
128.16335421608528,1.0003710985183716,0.00027014606166630983
128.16403544041532,1.0001773834228516,0.0002708739775698632
128.16471656475187,0.9992203712463379,0.0002715481095947325
128.16539768908115,1.0002244710922241,0.0002723856596276164
128.16607891341118,0.9998577833175659,0.00027311817393638194
128.16676003774046,0.99949711561203,0.0002738437906373292
128.16744116206974,0.9999886155128479,0.00027463160222396255
128.1681222864063,1.0003345012664795,0.000275397818768397
128.16880341073556,1.0003372430801392,0.00027613056590780616
128.16948453506484,1.0000193119049072,0.0002768121485132724
128.17016575939488,0.9999916553497314,0.0002774979511741549
128.17084688372415,0.9999552965164185,0.00027815793873742223
128.1715280080607,0.9999319911003113,0.0002788074780255556
128.17220923239074,1.0000237226486206,0.00027938667335547507
128.17289035672002,1.000075101852417,0.0002799512876663357
128.17357138104853,1.0000697374343872,0.00028046112856827676
128.17425260537857,1.0001335144042969,0.000280929496511817
128.17493372970785,1.000087857246399,0.000281342159723863
128.1756148540444,0.9999223351478577,0.0002816817141138017
128.17629607837443,0.9998944401741028,0.0002819735382217914
128.1769772027037,1.0000232458114624,0.0002822161768563092
128.177658327033,1.0001730918884277,0.000282386812614277
128.17833945136226,0.9998853802680969,0.0002824490948114544
128.17902057569881,1.0000649690628052,0.0002824639668688178
128.1797017000281,0.9999515414237976,0.00028238145750947297
128.18038282435737,1.000252366065979,0.0002822421956807375
128.1810640486874,1.0001922845840454,0.0002819868386723101
128.18174517301668,0.9996421933174133,0.00028159175417385995
128.18242629735323,0.9998477101325989,0.0002811632875818759
128.1831074216825,1.0001126527786255,0.0002806507109198719
128.18378864601254,1.0002583265304565,0.00028008618392050266
128.18446967034106,0.999738872051239,0.00027928713825531304
128.18515079467034,1.0006524324417114,0.0002786091063171625
128.18583201900765,1.0004044771194458,0.0002777240879368037
128.18651314333692,1.0005241632461548,0.000276835955446586
128.1871942676662,0.9996360540390015,0.0002758202899713069
128.18787549199624,0.9999637603759766,0.0002748633560258895
128.1885566163255,1.0000196695327759,0.0002738499897532165
128.18923784065555,1.0002566576004028,0.0002728266117628664
128.1899189649921,1.0000081062316895,0.0002717470342759043
128.19059998932062,1.0003763437271118,0.0002707091625779867
128.1912811136499,1.0002672672271729,0.0002696207375265658
128.19196233797993,0.9999819397926331,0.0002685310610104352
128.1926434623092,1.000159502029419,0.0002674827410373837
128.19332468664652,0.9998117089271545,0.00026640555006451905
128.1940058109758,0.999773383140564,0.0002653794945217669
128.19468693530507,1.0000141859054565,0.0002644551859702915
128.1953681596351,1.0001529455184937,0.00026350084226578474
128.19604918396362,1.0002758502960205,0.0002625203342176974
128.19673030830018,1.0001747608184814,0.0002616203564684838
128.19741143262945,0.9999539852142334,0.00026075143250636756
128.1980926569595,0.9999306201934814,0.00025995392934419215
128.19877378128876,1.000290870666504,0.0002592340752016753
128.1994550056188,1.0000808238983154,0.0002585209731478244
128.20013612994808,1.0000001192092896,0.00025788243510760367
128.20081725428463,0.9999078512191772,0.00025729372282512486
128.20149827861314,0.9996178150177002,0.0002567856281530112
128.20217950294318,0.9998176097869873,0.00025631970493122935
128.20286062727246,1.0000715255737305,0.00025596850900910795
128.2035418516025,0.9998348951339722,0.0002556318650022149
128.20422297593905,0.9999438524246216,0.00025539210764691234
128.2049041001519,1.0003347396850586,0.0002552341320551932
128.20558522448118,0.9994486570358276,0.0002550236531533301
128.20626644881122,1.0004433393478394,0.0002550267381593585
128.20694747313973,0.9999862909317017,0.0002549523487687111
128.2076285974763,0.9997959733009338,0.0002549432683736086
128.20830982180632,1.0002002716064453,0.0002550313074607402
128.2089909461356,1.0000200271606445,0.00025511105195619166
128.20967207046488,0.9996697306632996,0.0002552115183789283
128.21035319479415,0.9995025992393494,0.0002553562226239592
128.2110344191242,1.00053870677948,0.0002556789549998939
128.21171554346074,0.999810516834259,0.0002558113483246416
128.21239656778926,1.0003234148025513,0.0002561063156463206
128.2130777921193,0.9998864531517029,0.0002563413872849196
128.21375891644857,1.0001718997955322,0.0002566660405136645
128.21444004078512,0.9998748302459717,0.0002569507632870227
128.21512126511516,0.999789297580719,0.00025733260554261506
128.21580238944443,0.9999271035194397,0.00025762408040463924
128.2164835137737,0.9999675154685974,0.0002579808351583779
128.21716473810375,0.9998644590377808,0.00025832888786680996
128.21784576243226,0.9999843239784241,0.0002586918417364359
128.2185268867688,1.0000519752502441,0.00025905814254656434
128.21920811098244,0.9999251365661621,0.0002593993558548391
128.2198892353117,1.0000391006469727,0.0002597512793727219
128.220570359641,0.9998731017112732,0.0002600744483061135
128.22125158397102,0.9999911189079285,0.00026041053934022784
128.2219327083003,1.000418782234192,0.0002607541682664305
128.2226139326376,1.0002225637435913,0.0002610273950267583
128.22329495696613,1.0000438690185547,0.00026127719320356846
128.2239760812954,1.0002533197402954,0.0002615374105516821
128.22465720562468,1.0001204013824463,0.00026174713275395334
128.22533842995472,0.9997058510780334,0.0002619138394948095
128.22601955429127,1.0002211332321167,0.00026214681565761566
128.2267007786213,1.0000996589660645,0.0002623089530970901
128.22738190295058,1.0002208948135376,0.00026247522328048944
128.22806302727986,0.9999316930770874,0.0002625929773785174
128.22874405160837,1.000074863433838,0.00026274070842191577
128.22942527582927,0.9996252655982971,0.0002628327929414809
128.23010640015855,0.9999401569366455,0.0002629757800605148
128.23078752448782,1.0002028942108154,0.00026310881366953254
128.23146874881786,1.000101923942566,0.0002632584364619106
128.23214987314714,0.9999452829360962,0.0002633428084664047
128.2328309974837,0.9997807145118713,0.0002633665280882269
128.23351222181373,0.9999158978462219,0.0002634695847518742
128.23419324614224,1.000178337097168,0.00026357106980867684
128.23487437047152,0.9998572468757629,0.0002636244462337345
128.23555559480155,1.0000195503234863,0.00026370451087132096
128.23623671913083,1.0007038116455078,0.00026383090880699456
128.23691784346738,1.0002306699752808,0.00026385203818790615
128.23759896779666,1.0002583265304565,0.0002639592275954783
128.23828019201028,1.0000710487365723,0.00026392893050797284
128.23896131633956,1.0000706911087036,0.00026396382600069046
128.23964244066883,0.9999014735221863,0.0002639702579472214
128.24032356500538,1.000096082687378,0.000263998459558934
128.24100468933466,1.0001962184906006,0.00026400163187645376
128.24168581366393,1.0001229047775269,0.000263976922724396
128.24236703799397,0.9997270107269287,0.00026390759740024805
128.24304816232325,0.9997716546058655,0.0002638596051838249
128.2437292866598,0.9996017217636108,0.0002637706638779491
128.24441051098984,1.0000900030136108,0.00026378402253612876
128.24509153531835,0.9996278882026672,0.00026358760078437626
128.2457726595312,0.9998999834060669,0.000263500667642802
128.2464537838605,0.9999710917472839,0.0002633747935760766
128.2471350081978,0.9999535083770752,0.0002632424875628203
128.24781613252708,0.9998224377632141,0.00026309475651942194
128.24849725685635,0.9997789859771729,0.0002629731607157737
128.2491784811864,0.9999876022338867,0.00026281975442543626
128.24985960551567,0.9999420642852783,0.00026268186047673225
128.25054062985146,1.0003108978271484,0.0002625761553645134
128.2512218541815,1.0002652406692505,0.0002624473418109119
128.25190297839436,1.0000441074371338,0.0002623196050990373
128.25258410272363,1.000150203704834,0.00026222559972666204
128.25326532705367,1.0004332065582275,0.00026216261903755367
128.25394645138294,0.9999105334281921,0.00026204856112599373
128.25462767572026,0.9998405575752258,0.00026199471903964877
128.25530880004953,0.9997971057891846,0.0002619681472424418
128.25598982437805,0.9999246597290039,0.0002619739971123636
128.25667094870732,0.999815046787262,0.0002619960287120193
128.25735217303736,0.9998019933700562,0.00026205196627415717
128.2580332972575,0.9994645118713379,0.0002621095918584615
128.25871452158754,1.0001264810562134,0.000262292567640543
128.2593956459168,1.0006097555160522,0.00026249373331665993
128.2600767702461,1.0001680850982666,0.00026265927590429783
128.26075799457612,1.0004419088363647,0.00026293023256585
128.26143901891191,1.0004056692123413,0.0002632221148815006
128.2621201432412,1.000293254852295,0.00026356353191658854
128.26280136757123,0.9999492168426514,0.00026392846484668553
128.2634824917841,1.0001940727233887,0.00026441377121955156
128.26416361611336,0.9999538660049438,0.00026491860626265407
128.2648448404434,1.0002121925354004,0.00026553700445219874
128.26552596477995,0.9997924566268921,0.00026616084505803883
128.26620708910923,1.0003365278244019,0.0002669296518433839
128.2668882134385,1.0000944137573242,0.00026769444230012596
128.26756933776778,1.0001640319824219,0.00026859770878218114
128.26825046198064,1.0001050233840942,0.00026943860575556755
128.2689315863172,0.9999011754989624,0.0002703694917727262
128.26961281064723,1.0001866817474365,0.000271386350505054
128.2702939349765,1.0000801086425781,0.00027240958297625184
128.27097505930578,1.0001634359359741,0.00027348025469109416
128.27165618363506,1.0001485347747803,0.00027456757379695773
128.2723374079651,0.9999579787254333,0.0002756552130449563
128.27301843218447,0.9998303651809692,0.0002767586847767234
128.27369955651375,1.0000016689300537,0.00027788098668679595
128.27438078084379,0.999958336353302,0.00027896964456886053
128.27506190517306,1.0003329515457153,0.00028007052605971694
128.27574302950234,1.0003989934921265,0.0002811073209159076
128.27642425383965,0.9993842840194702,0.00028200977249071
128.27710537816893,1.0002533197402954,0.0002830014273058623
128.27778660249896,1.0003920793533325,0.00028386214398778975
128.27846762671106,0.9999820590019226,0.00028459078748710454
128.27914875104034,0.9999030828475952,0.00028524966910481453
128.2798298753769,0.9998236894607544,0.00028579545323736966
128.28051109970693,1.000124454498291,0.0002862419933080673
128.2811922240362,1.0000293254852295,0.00028652590117417276
128.28187344836624,1.000269889831543,0.0002866855647880584
128.2825545725791,1.0001829862594604,0.00028666318394243717
128.28323569691565,1.000511884689331,0.00028649799060076475
128.28391672124417,0.9999262690544128,0.0002860802924260497
128.2845979455742,1.0000897645950317,0.0002855390193872154
128.28527906990348,1.0005111694335938,0.0002848326985258609
128.28596019423276,0.9998753666877747,0.00028387855854816735
128.28664141844638,1.0002881288528442,0.00028286169981583953
128.28732254278293,0.9998947978019714,0.0002816471678670496
128.28800376711297,1.0000962018966675,0.00028036590083502233
128.28868489144224,1.0001976490020752,0.00027898800908587873
128.28936591577076,1.0001404285430908,0.00027751867310144007
128.29004704010003,0.9998872876167297,0.0002759815542958677
128.29072826432093,1.0001927614212036,0.0002744506346061826
128.2914093886502,0.9998334050178528,0.00027284020325168967
128.29209061298025,0.999781608581543,0.0002712498535402119
128.29277173730952,1.0000815391540527,0.0002696930605452508
128.2934528616388,0.9998534321784973,0.00026811796124093235
128.29413398597535,1.0000784397125244,0.00026664711185730994
128.2948151101882,0.9996196627616882,0.00026509803137741983
128.2954962345175,0.9998424649238586,0.0002636937133502215
128.29617735884676,1.000154972076416,0.00026236253324896097
128.2968585831768,1.0000231266021729,0.00026105999131686985
128.29753970750608,1.00022292137146,0.00025986693799495697
128.2982208317262,1.000266671180725,0.0002587857306934893
128.2989019560555,0.9996886253356934,0.0002576225670054555
128.29958318038553,0.9997393488883972,0.00025665172142907977
128.30026420471404,1.0002210140228271,0.00025579871726222336
128.3009453290506,1.000197410583496,0.0002550479839555919
128.3016265532642,1.0000866651535034,0.0002542755682952702
128.3023076775935,0.999835193157196,0.000253632286330685
128.30298880192277,1.0001686811447144,0.0002530562924221158
128.3036700262528,0.9998685121536255,0.000252501864451915
128.30435115058208,1.0003933906555176,0.0002521273272577673
128.30503227480222,0.9997615218162537,0.00025172159075737
128.3057133991315,0.9995240569114685,0.0002514260704629123
128.30639452346077,0.9999184608459473,0.00025125715183094144
128.30707564779004,0.9999605417251587,0.0002511318598408252
128.30775687212008,0.9997906684875488,0.00025104943779297173
128.30843799634022,0.9992407560348511,0.000251006189500913
128.3091191206695,0.9995347857475281,0.0002511081984266639
128.30980034499953,1.0000946521759033,0.0002513013023417443
128.3104814693288,0.9999596476554871,0.0002515020314604044
128.31116249365732,0.9999223351478577,0.00025178850046359
128.31184361787746,1.000207781791687,0.00025218084920197725
128.3125248422075,1.0004369020462036,0.0002526461030356586
128.31320596653677,1.0000444650650024,0.0002531244535930455
128.3138871908668,1.000479817390442,0.00025375571567565203
128.31456831519608,1.0003001689910889,0.00025440199533477426
128.31524943940894,1.0001510381698608,0.0002551183570176363
128.31593066374626,0.9995542168617249,0.0002558697888161987
128.31661168807477,1.000279426574707,0.0002567823394201696
128.31729281240405,0.9998453855514526,0.0002576596161816269
128.31797403673409,0.9999381899833679,0.0002586229529697448
128.31865516094695,0.999733567237854,0.0002596031117718667
128.3193362852835,0.9999092817306519,0.0002606313501019031
128.32001750961354,1.000068187713623,0.0002616822603158653
128.3206986339428,0.9999737739562988,0.0002627147769089788
128.3213797582721,1.0002326965332031,0.0002637588477227837
128.32206088248495,0.999936044216156,0.0002647362125571817
128.3227420068215,1.000296711921692,0.00026573476498015225
128.32342313115078,1.0002936124801636,0.00026664789766073227
128.3241043554808,1.0001991987228394,0.0002674916759133339
128.32478547969367,0.9999753832817078,0.00026824005180969834
128.32546660402295,0.9996048212051392,0.00026887873536907136
128.32614772835223,1.0004314184188843,0.0002695186994969845
128.32682895268954,0.9999118447303772,0.00026994789368472993
128.32750997690164,1.0000005960464478,0.00027032801881432533
128.32819120123168,0.9999719262123108,0.00027060360298492014
128.32887232556095,0.9999129176139832,0.0002707847161218524
128.32955344989023,0.9999479055404663,0.00027088919887319207
128.33023457422678,1.000030755996704,0.00027091032825410366
128.3309157984404,1.000298261642456,0.0002708768006414175
128.33159692276968,0.9996162056922913,0.0002706896048039198
128.33227804709895,1.0001407861709595,0.0002705419610720128
128.33295917142823,0.9993101954460144,0.0002702231868170202
128.33364029564837,0.9999170303344727,0.0002699739416129887
128.33432141997764,0.9999510049819946,0.0002696318842936307
128.33500254430692,1.0005803108215332,0.0002693012065719813
128.33568376863695,0.9999164342880249,0.00026882815291173756
128.33636489284982,1.000136137008667,0.0002684107457753271
128.33704601718637,1.0000778436660767,0.0002679426106624305
128.3377272415164,1.0000864267349243,0.00026747462106868625
128.33840826584492,1.00007963180542,0.0002669956302270293
128.33908939005778,0.999803900718689,0.0002664959756657481
128.33977061438782,0.9995149374008179,0.00026600153069011867
128.3404517387171,0.9994403123855591,0.00026553234783932567
128.34113286305364,0.9999331831932068,0.0002651323447935283
128.35066890321468,0.9999561905860901,0.0002622072061058134
128.35135012754472,1.0000642538070679,0.00026217702543362975
128.35203125176486,0.9998794794082642,0.00026220508152619004
128.35271237609413,0.9996276497840881,0.0002622382598929107
128.35339360042417,1.0002895593643188,0.000262369925621897
128.35407472475345,0.9998821020126343,0.0002624150365591049
128.3547558489663,0.9999741315841675,0.0002625192573759705
128.35543697330286,1.000170350074768,0.00026264862390235066
128.35611809763213,1.000105857849121,0.00026275875279679894
128.356799221845,0.9998581409454346,0.0002628611109685153
128.35748034617427,1.0000293254852295,0.00026300374884158373
128.3581615705043,0.9995251893997192,0.0002630905946716666
128.35884269483358,1.0002998113632202,0.0002632869582157582
128.35952381905372,1.0000838041305542,0.0002633974945638329
128.36020504338376,0.9998281002044678,0.00026349895051680505
128.36088606771227,0.9998266100883484,0.0002636203425936401
128.36156719192513,0.9997658729553223,0.00026372913271188736
128.36224831626168,0.9997063875198364,0.0002638351288624108
128.36292954059172,0.999613881111145,0.0002639218291733414
128.363610664921,0.999711811542511,0.00026404732489027083
128.36429178913386,0.9999095797538757,0.00026410483405925333
128.3649730134639,0.9996407628059387,0.00026413920568302274
128.36565413779317,1.000120997428894,0.00026428321143612266
128.36633516201255,0.9997414946556091,0.00026422139490023255
128.36701638634258,1.0000039339065552,0.00026425725081935525
128.36769751067186,0.9997114539146423,0.00026422517839819193
128.36837863500114,0.9998952746391296,0.00026425495161674917
128.36905985921476,0.9999997019767761,0.00026421830989420414
128.3697409835513,1.000030517578125,0.00026418923516757786
128.3704221078806,0.9999432563781738,0.0002641452010720968
128.3711033320942,0.9997541308403015,0.00026409325073473155
128.37178435642272,0.9997614026069641,0.0002640564925968647
128.372465480752,0.9998250603675842,0.00026402316871099174
128.37314670496562,0.9995945692062378,0.00026401321520097554
128.37382782930217,0.9994749426841736,0.0002639135636854917
128.37450895363145,1.0002185106277466,0.00026394042652100325
128.37519017796149,0.999722421169281,0.00026392817380838096
128.37587130217435,0.9999616146087646,0.0002638698788359761
128.37655252650438,0.999839723110199,0.00026384397642686963
128.37723355084017,1.0002034902572632,0.00026386516401544213
128.37791467505303,1.0001150369644165,0.0002638868463691324
128.3785957993823,0.9999761581420898,0.00026388224796392024
128.37927702371235,1.0004255771636963,0.0002639146114233881
128.3799581479252,1.0001055002212524,0.00026392319705337286
128.38063937225525,1.0005033016204834,0.0002640614111442119
128.3813204965918,1.000383734703064,0.0002641154860612005
128.38200162080466,0.999935507774353,0.00026410139980725944
128.38268264513317,0.9998126029968262,0.0002641892933752388
128.3833638694632,0.9999074339866638,0.0002643193874973804
128.38404499368335,0.9996388554573059,0.00026450009318068624
128.38472611801262,1.0001933574676514,0.0002646644425112754
128.38540734234266,1.0000786781311035,0.000264862144831568
128.38608846655552,0.9994707703590393,0.0002650528331287205
128.3867695908848,0.9998748898506165,0.00026537280064076185
128.38745081521483,0.9999223947525024,0.00026570376940071583
128.3881318394342,0.9999688267707825,0.00026607076870277524
128.38881296376348,0.9999884366989136,0.0002664825296960771
128.38949418809352,0.9997343420982361,0.00026690890081226826
128.39017531230638,1.0001088380813599,0.00026748364325612783
128.39085643663566,0.9994744658470154,0.00026789691764861345
128.3915375609722,1.000245451927185,0.0002685321669559926
128.39221878518583,1.0003888607025146,0.00026918339426629245
128.3928999095151,0.9999071955680847,0.00026973438798449934
128.39358093384362,0.9998772740364075,0.00027038672124035656
128.39426215805724,1.0001555681228638,0.00027103922911919653
128.3949432823938,1.0002315044403076,0.00027177933952771127
128.39562440672307,1.0003658533096313,0.00027243042131885886
128.3963056309367,0.9998666644096375,0.00027307940763421357
128.39698675526597,1.0000849962234497,0.00027378086815588176
128.39766787959525,0.9999105334281921,0.0002744459779933095
128.39834910380887,0.9999510049819946,0.0002751065185293555
128.39903012814466,1.0001978874206543,0.00027575629064813256
128.39971125247394,0.9997055530548096,0.00027630841941572726
128.4003923766868,0.9999845027923584,0.0002768765843939036
128.40107360101683,1.0001628398895264,0.0002773783926386386
128.4017547253461,1.0000938177108765,0.00027780054369941354
128.402435949567,0.9998819231987,0.00027812999906018376
128.40311707389628,1.0001368522644043,0.00027841705013997853
128.40379819822556,1.0003066062927246,0.0002785951364785433
128.40447922243766,1.0000953674316406,0.0002786474069580436
128.4051604467677,0.9997634291648865,0.00027857106761075556
128.40584157110425,1.0001438856124878,0.00027842787676490843
128.40652279531787,0.9998884201049805,0.00027815994690172374
128.40720391964715,1.0003911256790161,0.00027776253409683704
128.40788504386,0.9996383190155029,0.00027707338449545205
128.40856626819004,0.9998568892478943,0.00027639238396659493
128.40924739251932,0.9998795986175537,0.00027558289002627134
128.4099284167387,1.0002175569534302,0.00027472502551972866
128.41060954106797,1.000328779220581,0.0002737106697168201
128.411290765398,1.00001859664917,0.00027261246577836573
128.41197188961087,0.9996234178543091,0.000271446886472404
128.4126531139409,0.9998818635940552,0.0002702841011341661
128.41333423827746,0.9999184012413025,0.00026906628045253456
128.41401536249032,0.9998800158500671,0.0002678183955140412
128.41469658682036,0.9995831847190857,0.00026654088287614286
128.41537761103245,1.0002065896987915,0.00026532771880738437
128.41605873536173,0.9998580813407898,0.00026404534582979977
128.41673995969904,1.0004701614379883,0.00026285849162377417
128.4174210839119,0.9998509287834167,0.00026159625849686563
128.41810220824118,0.9996079802513123,0.0002603914763312787
128.41878333257046,0.9996967315673828,0.0002592649543657899
128.41946455678408,0.9997969269752502,0.0002581699809525162
128.42014568111335,1.000016450881958,0.00025714689400047064
128.4208268053335,0.9998643398284912,0.0002561476139817387
128.42150792966277,0.9999821186065674,0.0002552249061409384
128.42218905399204,0.9998353123664856,0.00025434090639464557
128.4228701782049,0.9996103644371033,0.0002535062958486378
128.42355140253494,0.999885082244873,0.00025278489920310676
128.42423252675508,0.9999518394470215,0.0002521023852750659
128.42491365108435,1.0002760887145996,0.00025150401052087545
128.42559477541363,1.0001384019851685,0.00025095490855164826
128.42627599962725,1.0000357627868652,0.0002504028961993754
128.42695702395577,0.9996147155761719,0.00024992183898575604
128.4276381481759,1.0000768899917603,0.0002495757071301341
128.42831937250594,1.0005102157592773,0.0002492826897650957
128.42900049683522,0.9999859929084778,0.00024895017850212753
128.42968162104808,1.0002799034118652,0.00024873879738152027
128.4303628453781,0.9995880126953125,0.00024848076282069087
128.43104396959825,0.9997813701629639,0.00024834240321069956
128.4317251939283,1.0001471042633057,0.00024825643049553037
128.4324062182568,1.0000667572021484,0.00024816571385599673
128.43308734246966,0.9999377727508545,0.0002481034316588193
128.43376846679894,0.9999871253967285,0.0002480941475369036
128.43444969112898,0.9997681975364685,0.0002480825351085514
128.4351308153491,1.000069499015808,0.00024816044606268406
128.43581203967915,1.0002928972244263,0.00024825232685543597
128.436493163892,0.9998914003372192,0.000248316559009254
128.43717428822129,1.0000652074813843,0.00024845468578860164
128.43785531244066,0.9996650815010071,0.0002485663571860641
128.4385365367707,1.0002521276474,0.0002487830934114754
128.43921766109997,1.0005079507827759,0.00024898347328417003
128.4398988853136,0.9997135400772095,0.00024910105275921524
128.44058000964287,0.9997854828834534,0.00024930801009759307
128.44126113385573,1.0004205703735352,0.0002496344968676567
128.44194235818577,0.9996942281723022,0.00024970827507786453
128.44262348252232,1.000245451927185,0.0002499890688341111
128.44330450673442,0.9998564124107361,0.00025010594981722534
128.44398573106446,0.999783992767334,0.00025030793040059507
128.44466685527732,0.9999635219573975,0.00025044684298336506
128.4453479796066,1.0002754926681519,0.00025063386419788003
128.44602910394315,1.0000977516174316,0.0002507200406398624
128.44671032815677,1.0001580715179443,0.00025075903977267444
128.44739145248604,1.0003933906555176,0.0002508791512809694
128.4480725766989,0.9998953938484192,0.00025081483181566
128.44875370102818,1.0002598762512207,0.000250731100095436
128.44943482524832,1.0000388622283936,0.00025068348622880876
128.4501159495776,1.0000354051589966,0.00025049399118870497
128.45079717390763,0.9999009370803833,0.0002503969881217927
128.4514782981205,0.9999669194221497,0.0002501670678611845
128.45215942244977,0.9997715950012207,0.00025002865004353225
128.4528405466699,0.9998716115951538,0.00024977646535262465
128.45352177099994,0.9994544982910156,0.00024953510728664696
128.45420279521204,1.0001757144927979,0.00024943173048086464
128.45488391954132,0.9999251365661621,0.0002491780323907733
128.45556514387135,1.000362515449524,0.00024903082521632314
128.4562462680915,0.9995689392089844,0.00024878044496290386
128.45692739230435,1.0000616312026978,0.0002486896119080484
128.4576086166344,1.0001522302627563,0.0002485276199877262
128.45828974096366,1.0001789331436157,0.0002484081487637013
128.45897086517652,0.9997602701187134,0.00024825945729389787
128.4596519895058,1.0000637769699097,0.00024821219267323613
128.46033311372594,0.9997721910476685,0.00024815479991957545
128.4610142380552,1.0002877712249756,0.0002481375413481146
128.46169546226884,1.0002124309539795,0.0002481216797605157
128.4623765865981,1.0000888109207153,0.00024818084784783423
128.4630577109274,1.0001517534255981,0.000248153752181679
128.46373893514829,0.9997479915618896,0.00024815701181069016
128.46442005947756,0.9996289014816284,0.0002482020645402372
128.46510108368966,1.0002583265304565,0.00024832840426824987
128.4657823080197,0.9999291300773621,0.0002483801217749715
128.46646343223256,1.0000354051589966,0.00024850008776411414
128.4671445565691,1.0000988245010376,0.00024862081045284867
128.46782578078273,0.999796450138092,0.00024861632846295834
128.468506905112,1.0001459121704102,0.00024873114307411015
128.46918802932487,0.9993170499801636,0.0002487323072273284
128.4698692536549,1.0001816749572754,0.00024888492771424353
128.4705502779907,1.0002421140670776,0.0002489571925252676
128.47123140220356,0.9999331831932068,0.00024898763513192534
128.4719126265336,0.9999886155128479,0.0002490596380084753
128.47259375074646,1.0000206232070923,0.00024914005189202726
128.47327487507573,1.0003482103347778,0.0002491955237928778
128.47395609928935,1.00047767162323,0.00024932544329203665
128.4746372236259,0.9997689723968506,0.00024925419711507857
128.47531834783877,0.9998242259025574,0.00024937529815360904
128.47599947216804,0.9996870756149292,0.0002493592619430274
128.4766805963809,1.0001988410949707,0.0002494692162144929
128.47736172071018,0.9998664855957031,0.0002495687222108245
128.47804294493108,1.000013828277588,0.00024964771000668406
128.47872406926035,1.0000689029693604,0.00024972445680759847
128.4794051934732,0.999998152256012,0.00024973301333375275
128.4800863178025,0.9999731779098511,0.0002498362446203828
128.48076754213253,0.9997163414955139,0.0002499269903637469
128.4814485663519,1.000208854675293,0.0002500196569599211
128.48212969056476,1.000042200088501,0.00025005286443047225
128.4828109148948,1.0000920295715332,0.0002501664566807449
128.48349203922407,0.9998194575309753,0.0002502433490008116
128.48417316343694,0.9998719096183777,0.0002502478309907019
128.48485438776697,0.9997283816337585,0.0002502947754692286
128.4855355119871,1.0000914335250854,0.0002503654104657471
128.48621663631639,1.0004957914352417,0.0002504530712030828
128.48689776052925,1.0003399848937988,0.0002504801086615771
128.48757888485852,1.0000526905059814,0.0002504379954189062
128.48826000907138,0.9998807311058044,0.000250382290687412
128.48894113340793,1.0000180006027222,0.00025034029386006296
128.48962235762156,0.9997202157974243,0.00025016372092068195
128.49030348195083,1.0000501871109009,0.0002500858681742102
128.49098470616445,1.0004886388778687,0.00025000644382089376
128.49166583049373,1.0001220703125,0.0002498354879207909
128.4923468547131,1.000261902809143,0.00024972588289529085
128.49302797904238,1.0003035068511963,0.0002495423541404307
128.493709203256,0.9995973110198975,0.0002493200299795717
128.49439032758528,1.0001842975616455,0.00024927480262704194
128.4950715517989,1.000230312347412,0.00024908914929255843
128.49575267612818,0.9992008209228516,0.0002488145837560296
128.4964338003483,0.9996945858001709,0.00024872319772839546
128.49711502467835,0.9999266266822815,0.0002486829471308738
128.4977961488912,0.9998787045478821,0.00024850506451912224
128.49847717321973,0.99992436170578,0.0002484193828422576
128.49915829743986,1.0000135898590088,0.0002483593998476863
128.4998395217699,1.0001418590545654,0.00024838565150275826
128.50052064598276,1.000032901763916,0.00024829080211929977
128.5012018703128,1.0000272989273071,0.0002482944692019373
128.50188299452566,0.9998528361320496,0.0002483101561665535
128.50256411885493,1.0006206035614014,0.0002484432188794017
128.50324534306856,1.0009623765945435,0.0002486262528691441
128.50392636728793,1.0004478693008423,0.0002486240118741989
128.5046074916172,1.0002110004425049,0.00024874857626855373
128.50528871594724,1.000250220298767,0.00024891915381886065
128.5059698401601,0.9994170069694519,0.00024904380552470684
128.50665096438024,0.9997225403785706,0.00024930445943027735
128.50733208870952,0.9996910691261292,0.00024955999106168747
128.50801331292314,0.9999119639396667,0.0002498964313417673
128.50869443725242,0.9994478821754456,0.0002501431736163795
128.50937546146451,1.0006955862045288,0.0002506641612853855
128.51005668579455,0.999739408493042,0.0002508952165953815
128.5107378100147,1.0002020597457886,0.0002514033403713256
128.51141893434396,1.0004528760910034,0.0002518009569030255
128.5121001585576,0.9997577667236328,0.00025226702564395964
128.51278128288686,0.9999250769615173,0.00025271077174693346
128.51346240709972,1.0002361536026,0.00025331301731057465
128.51414363142976,1.0004234313964844,0.0002538740518502891
128.51482465564914,1.0003324747085571,0.0002543950395192951
128.5155057799784,0.9998301267623901,0.0002549725177232176
128.51618690419127,1.0000745058059692,0.00025553995510563254
128.5168681285213,1.000208854675293,0.0002562415902502835
128.51754925274145,0.9999242424964905,0.0002567929623182863
128.5182303769543,0.9998499751091003,0.00025744494632817805
128.51891160128434,1.000160813331604,0.0002581380831543356
128.5195927254972,1.0001357793807983,0.00025887315860018134
128.52027374982572,1.0001732110977173,0.0002595492987893522
128.52095497403934,1.0002282857894897,0.0002602313179522753
128.5216360983759,0.9998494386672974,0.0002608080394566059
128.52231722258875,1.0002028942108154,0.0002615536213852465
128.5229984469188,1.0001847743988037,0.0002621897729113698
128.52367957113165,1.00013267993927,0.00026280558086000383
128.5243607954617,0.999606728553772,0.0002633214753586799
128.52504191968183,1.0003259181976318,0.00026391190476715565
128.52572294389392,0.9996654987335205,0.00026443033129908144
128.5264040682232,1.0000019073486328,0.0002649247762747109
128.52708529243682,1.000300645828247,0.0002653126139193773
128.5277664167661,1.0003350973129272,0.0002656717842910439
128.52844764097972,1.000183343887329,0.0002660077589098364
128.52912876531627,1.0001249313354492,0.00026616352261044085
128.52980988952913,1.0005738735198975,0.00026639545103535056
128.53049111385917,1.0004500150680542,0.00026644079480320215
128.53117213807127,1.0001542568206787,0.00026634189998731017
128.5318532622914,0.9994379281997681,0.0002662168990354985
128.53253438662068,1.000257134437561,0.0002661000471562147
128.5332156108343,0.9996443390846252,0.0002658851444721222
128.53389673516358,1.0001559257507324,0.00026562123093754053
128.53457785937644,1.0001200437545776,0.00026531427283771336
128.53525908370648,1.0001904964447021,0.0002649479720275849
128.53594020792661,1.000261902809143,0.0002645343483891338
128.5366212321387,1.0003546476364136,0.0002640529128257185
128.53730245646875,1.0007452964782715,0.0002636289282236248
128.5379835806816,1.000264286994934,0.0002630224043969065
128.5386647050109,1.0003294944763184,0.0002624998742248863
128.53934592923179,1.000146746635437,0.0002619948936626315
128.54002705356106,1.0001126527786255,0.00026144125149585307
128.54070817777392,1.0000299215316772,0.0002608794311527163
128.54138940210396,1.000234603881836,0.0002602790773380548
128.54207042631606,1.0001094341278076,0.00025974289746955037
128.5427515505362,1.0005148649215698,0.0002592690580058843
128.54343267486547,1.0000221729278564,0.00025864160852506757
128.5441138990791,1.0002714395523071,0.0002582177403382957
128.54479502340837,0.9998329281806946,0.0002576584811322391
128.54547614762123,0.9997409582138062,0.00025722759892232716
128.54615737183485,1.0002294778823853,0.00025683976127766073
128.5468384961714,1.0004711151123047,0.0002564634196460247
128.5475195203835,0.9999481439590454,0.0002560247085057199
128.54820074471354,1.000065803527832,0.00025568794808350503
128.5488818689264,0.9999448657035828,0.0002554624225012958
128.54956299313926,0.9995928406715393,0.0002551606739871204
128.55024421747657,0.9998608231544495,0.0002550314529798925
128.55092534168944,1.000189185142517,0.0002548632037360221
128.5516064660187,0.9999864101409912,0.00025475790607742965
128.55228769023233,0.9999113082885742,0.0002547234180383384
128.55296871444443,0.9998412132263184,0.0002547357580624521
128.55364983878098,0.9998039603233337,0.0002546918694861233
128.55433096299384,0.9999536871910095,0.0002547582844272256
128.55501218732388,0.9999666213989258,0.00025484105572104454
128.55569331153674,0.9997524619102478,0.00025493980501778424
128.55637453575036,1.000192642211914,0.0002551648358348757
128.55705566007964,0.9999224543571472,0.00025523584918119013
128.55773678429978,0.9998348951339722,0.0002554077364038676
128.5584178086283,0.9996113181114197,0.00025556996115483344
128.5590990328419,0.9993836283683777,0.0002557535481173545
128.55978015705477,1.0000241994857788,0.00025607162388041615
128.5604613813848,1.0001386404037476,0.00025623393594287336
128.56114250560495,0.9997466206550598,0.00025647037546150386
128.56182362993422,0.999599039554596,0.00025666633155196905
128.56250485414785,1.000010371208191,0.00025690579786896706
128.5631859783607,1.0000241994857788,0.00025704255676828325
128.56386700268922,1.0003963708877563,0.0002572520461399108
128.56454822691012,0.9996770620346069,0.00025735230883583426
128.5652293512394,0.999937891960144,0.0002575417747721076
128.56591047545226,0.9997402429580688,0.0002576153783593327
128.56659169966588,0.9997884035110474,0.0002577431150712073
128.56727282399515,0.9997462034225464,0.0002577675913926214
128.56795394820801,0.9997727870941162,0.00025779398856684566
128.56863517254533,1.000274419784546,0.00025782204465940595
128.56931619675743,1.0001899003982544,0.0002577630802989006
128.5699973209703,0.999973714351654,0.000257713021710515
128.57067844529956,1.000003457069397,0.0002575126418378204
128.57135966951319,0.9998794794082642,0.0002573162200860679
128.57204079373332,0.9995435476303101,0.00025706749875098467
128.5727219180626,0.9998986124992371,0.00025689974427223206
128.57340314227622,0.9996011257171631,0.00025652023032307625
128.57408426648908,1.000483751296997,0.00025633626501075923
128.57476539081836,0.9994503855705261,0.0002558435080572963
128.5754465150385,1.0001965761184692,0.00025557551998645067
128.57612763936777,1.0000394582748413,0.0002551599172875285
128.57680876358063,1.000043272972107,0.0002548301126807928
128.57748998779425,0.9996247291564941,0.000254341954132542
128.57817111212353,1.0000203847885132,0.00025400673621334136
128.57885223634366,1.0004372596740723,0.00025367981288582087
128.5795334605573,1.0000139474868774,0.0002532209036871791
128.58021458488656,0.9997614622116089,0.00025284168077632785
128.58089560909866,0.9997393488883972,0.00025246565928682685
128.58157673331152,1.000090479850769,0.0002521245332900435
128.58225795764156,0.9999199509620667,0.00025169577565975487
128.5829390818617,0.999996542930603,0.0002513664367143065
128.58362030619173,0.9999951720237732,0.00025107187684625387
128.5843014304046,1.0000665187835693,0.0002508108736947179
128.58498255461745,0.9998415112495422,0.00025043945061042905
128.5856637789475,0.9999406933784485,0.00025018706219270825
128.58634480316687,1.0000157356262207,0.0002500091795809567
128.58702592737973,0.9999824166297913,0.00024971860693767667
128.587707051709,0.9997276067733765,0.00024948656209744513
128.58838827592263,1.0000934600830078,0.000249337637796998
128.5890694001355,1.0000907182693481,0.0002491753257345408
128.58975062446552,0.9998587369918823,0.00024906822363846004
128.59043174868566,1.0001046657562256,0.0002489592880010605
128.59111287289852,0.999864399433136,0.00024876894894987345
128.59179389722703,1.0000200271606445,0.00024875428061932325
128.59247512144066,1.000097632408142,0.000248678115895018
128.5931562456608,0.9999631643295288,0.0002485517179593444
128.59383746999083,1.0000369548797607,0.0002485685399733484
128.5945185942037,1.0003337860107422,0.00024853323702700436
128.59519971841655,1.0002080202102661,0.0002484977594576776
128.59588084274583,1.0000296831130981,0.000248472613748163
128.59656206695945,0.9998123645782471,0.00024842534912750125
128.59724309117883,0.9999777674674988,0.0002484559954609722
128.5979242155081,0.9996922016143799,0.0002485192962922156
128.59860543972172,1.0001702308654785,0.00024853606009855866
128.59928656393458,1.0003743171691895,0.00024860218400135636
128.59996768826386,0.999744176864624,0.00024860550183802843
128.60064891248476,0.9999493956565857,0.0002487023884896189
128.60133003669762,1.000131607055664,0.00024886764003895223
128.6020111610269,1.0001024007797241,0.0002489338512532413
128.60269228523975,0.9999202489852905,0.0002490056795068085
128.60337340945262,0.9998852610588074,0.00024919118732213974
128.60405453378917,0.999681830406189,0.00024925993056967854
128.60473565800203,0.999956488609314,0.0002494466316420585
128.60541688221565,1.0003221035003662,0.0002496680535841733
128.60609800654493,0.9999301433563232,0.0002498274843674153
128.6067791307578,1.0002081394195557,0.0002501262351870537
128.6074603549714,1.0001752376556396,0.000250298558967188
128.6081413793072,1.0001728534698486,0.00025058313622139394
128.60882250352006,1.0000016689300537,0.0002508093311917037
128.60950372773368,0.9996769428253174,0.00025113849551416934
128.61018485194654,1.000084400177002,0.00025149452267214656
128.61086597627582,1.0001318454742432,0.00025177758652716875
128.61154720049672,0.9999533891677856,0.0002521862625144422
128.61222832470958,1.0000677108764648,0.00025258000823669136
128.61290944903885,1.000048041343689,0.00025292241480201483
128.6135905732517,0.9998457431793213,0.0002533398801460862
128.61427169746457,0.9998646378517151,0.0002537865948397666
128.61495282180113,0.9997573494911194,0.0002542508009355515
128.61563404601475,0.9997650384902954,0.00025474134599789977
128.6163151702276,0.9991458058357239,0.00025519452174194157
128.61699629455688,1.000125765800476,0.00025586277479305863
128.6176775187705,0.999953031539917,0.00025633000768721104
128.61835864298337,0.99989253282547,0.00025687061133794487
128.61903966720274,1.0000896453857422,0.0002574468089733273
128.61972089153278,0.9996708035469055,0.0002580079308245331
128.62040201574564,1.000077247619629,0.0002586122718639672
128.6210831399585,0.9995974898338318,0.0002591127413325012
128.62176436428854,0.9998829960823059,0.00025970462593249977
128.62244548850867,1.0004974603652954,0.00026037031784653664
128.62312661272153,0.9997382164001465,0.0002607952628750354
128.62380783705157,0.9999750852584839,0.00026134756626561284
128.62448886126367,1.00001060962677,0.000261927634710446
128.62516998547653,1.0000613927841187,0.0002624119515530765
128.62585120969743,1.0000643730163574,0.00026282016187906265
128.6265323340267,1.0000826120376587,0.0002633047115523368
128.62721345823957,1.0003207921981812,0.00026366315432824194
128.6278946824532,1.0002856254577637,0.0002640098100528121
128.62857580678246,1.0002812147140503,0.0002643160696607083
128.62925693099533,1.0001089572906494,0.0002645899076014757
128.62993805521546,0.9996458292007446,0.0002647287619765848
128.63061917942832,1.0003361701965332,0.0002649970701895654
128.6313003037576,0.9998082518577576,0.00026498522493056953
128.63198142797046,1.0000237226486206,0.00026509445160627365
128.63266265218408,1.00042724609375,0.00026509619783610106
128.63334377640422,0.9998162984848022,0.0002648984082043171
128.6340249007335,0.9996342658996582,0.0002647718647494912
128.63470612494712,0.9996488094329834,0.00026455524493940175
128.63538714915921,0.9993749856948853,0.0002643024199642241
128.6360682734885,0.9996179938316345,0.00026404354139231145
128.6367494977094,1.0001966953277588,0.00026384610100649297
128.63743062192225,1.0001636743545532,0.00026345037622377276
128.6381117461351,0.9999560117721558,0.0002631271490827203
128.63879297046515,0.9999548196792603,0.00026269175577908754
128.639474094678,1.0003775358200073,0.0002623308391775936
128.64015521889814,0.9997592568397522,0.00026192987570539117
128.64083624311024,1.0004818439483643,0.0002615842968225479
128.64151746744028,0.9992292523384094,0.0002609966031741351
128.64219859165314,1.000150442123413,0.0002606666530482471
128.642879715866,1.0002809762954712,0.0002602731983643025
128.64356094007962,0.9999942779541016,0.000259859167272225
128.64424206441618,1.0001680850982666,0.0002595531695988029
128.6449232886298,1.000085473060608,0.0002591231605038047
128.64560441284266,1.000121831893921,0.00025881294277496636
128.64628543717117,1.000742793083191,0.000258581800153479
128.6469665613913,0.9996117949485779,0.0002581930020824075
128.64764778560493,0.9998009204864502,0.00025791654479689896
128.6483289098178,0.9999290108680725,0.0002577242848929018
128.6490101340314,0.9999130964279175,0.0002574583049863577
128.6496912583607,0.9998449683189392,0.0002573494566604495
128.65037238257355,0.9999411702156067,0.00025723795988596976
128.65105360678717,0.9999642372131348,0.0002571161021478474
128.6517347310073,0.9994416236877441,0.00025699639809317887
128.65241575533582,0.9998379349708557,0.00025708452449180186
128.65309697954945,0.9999337792396545,0.0002571275981608778
128.6537781037623,1.0003000497817993,0.0002572410157881677
128.65445922798244,0.9997361898422241,0.00025731342611834407
128.65514045231248,0.9999772906303406,0.00025749331689439714
128.65582157652534,0.9995171427726746,0.0002575885155238211
128.6565027007382,0.9998117089271545,0.00025785641628317535
128.65718392495182,1.0000938177108765,0.00025821078452281654
128.65786494928034,0.999938428401947,0.0002584433532319963
128.65854607350047,0.99993896484375,0.0002588366041891277
128.65922719771334,1.0001084804534912,0.0002592224336694926
128.65990842192696,1.0000911951065063,0.0002595537807792425
128.66058954613982,0.9998210072517395,0.00025995506439357996
128.6612706704691,0.9999071955680847,0.00026039735530503094
128.66195189469,0.9997852444648743,0.00026090163737535477
128.66263301890285,0.9994743466377258,0.0002613439573906362
128.66331404311495,0.9995704889297485,0.00026180330314673483
128.663995267445,1.0000044107437134,0.00026232886011712253
128.66467639165785,0.9998922348022461,0.000262840447248891
128.665357515878,0.9998500943183899,0.00026332345441915095
128.6660387400916,0.9997495412826538,0.0002637609140947461
128.66671986442088,0.9995073676109314,0.000264242960838601
128.66740098863374,0.9996639490127563,0.0002647120854817331
128.66808221284737,0.9995567798614502,0.0002651382237672806
128.66876323706674,0.9996443390846252,0.000265553971985355
128.6694443612796,1.000003457069397,0.0002659376186784357
128.67012548560888,0.9996445775032043,0.00026629053172655404
128.6708067098225,0.9996567964553833,0.00026661017909646034
128.67148783403536,0.9999223351478577,0.0002668555243872106
128.67216895824822,1.0001140832901,0.0002671366964932531
128.67285018246912,1.0001766681671143,0.00026738274027593434
128.6735313067984,1.0001040697097778,0.00026746164076030254
128.6742123310105,0.9999181628227234,0.00026761554181575775
128.67489355522412,1.0002573728561401,0.0002677282609511167
128.67557467943698,1.0000859498977661,0.0002677635638974607
128.67625580377353,0.9996535778045654,0.0002677607408259064
128.67693702798715,1.0002094507217407,0.0002678169694263488
128.6776181522,1.0002083778381348,0.00026780605548992753
128.67829937641363,1.0000379085540771,0.0002677184820640832
128.6789805006265,1.00009286403656,0.0002676895819604397
128.67966152484587,0.9994422793388367,0.00026764790527522564
128.68034264917515,0.999634861946106,0.00026756353327073157
128.68102387338877,1.000158667564392,0.0002676182775758207
128.68170499760163,0.9999958276748657,0.0002674992138054222
128.68238622181525,0.9998533725738525,0.0002674924908205867
128.68306734614453,1.0000813007354736,0.0002674036368262023
128.68374847036466,1.000304102897644,0.0002674259594641626
128.68442969457828,1.0001962184906006,0.00026730645913630724
128.68511071879038,1.0003468990325928,0.00026726163923740387
128.68579184300324,1.000020980834961,0.00026716955471783876
128.6864729672161,1.0001685619354248,0.00026716277352534235
128.68715419155342,0.9998177289962769,0.0002670222893357277
128.68783531576628,1.0001214742660522,0.00026697327848523855
128.68851643997914,1.0001786947250366,0.00026686841738410294
128.68919766419276,0.9998766779899597,0.00026670622173696756
128.68987878840562,0.9999999403953552,0.00026649778010323644
128.6905598127414,1.0001393556594849,0.00026638148119673133
128.69124103695503,0.999893844127655,0.0002661408216226846
128.6919221611679,1.0003795623779297,0.00026593951042741537
128.69260328538076,1.0001291036605835,0.00026557777891866863
128.69328450959438,1.0001189708709717,0.0002653208503033966
128.69396563380724,0.9998255968093872,0.0002649479720275849
128.6946467581438,0.9998367428779602,0.00026457407511770725
128.69532788235665,0.9998061656951904,0.0002641760802362114
128.6960090065695,0.9998478293418884,0.0002637681027408689
128.69669013078237,0.9998148083686829,0.0002633342519402504
128.69737125499523,1.0000355243682861,0.00026287403306923807
128.69805247921613,0.9998193979263306,0.00026249067741446197
128.6987336035454,1.0000373125076294,0.00026203467859886587
128.69941472775827,1.0000733137130737,0.0002616971032693982
128.7000959519719,1.0002288818359375,0.0002613289107102901
128.70077707618475,0.9998708963394165,0.0002609150833450258
128.70145810040412,0.9999762773513794,0.00026062922552227974
128.70213932461775,1.0000478029251099,0.00026028804131783545
128.70282044894702,0.9999182820320129,0.0002600810839794576
128.70350157315988,0.9999591708183289,0.0002598698774818331
128.7041827973735,1.000260353088379,0.00025969912530854344
128.70486392158637,1.0004189014434814,0.0002596178383100778
128.7055450458065,1.0000555515289307,0.0002595066907815635
128.70622627002012,0.999988317489624,0.0002593951649032533
128.70690729434864,0.9999181628227234,0.0002593961253296584
128.7075884185615,0.9993798732757568,0.0002594461548142135
128.70826964277512,1.000274658203125,0.0002595973783172667
128.70895076699526,0.9996989965438843,0.0002596596023067832
128.70963189120812,0.99982750415802,0.00025974484742619097
128.71031311542174,1.0001590251922607,0.0002599945291876793
128.7109942396346,1.0003440380096436,0.0002601960441097617
128.71167546396464,0.9996749758720398,0.00026033096946775913
128.71235638818325,0.9996256232261658,0.00026053423061966896
128.71303761239687,0.9998149871826172,0.0002607543719932437
128.71371873660974,0.99962317943573,0.00026094866916537285
128.71439996082336,0.9999368786811829,0.00026116808294318616
128.71508108503622,1.0004109144210815,0.00026140056434087455
128.71576220937277,1.0005977153778076,0.00026160062407143414
128.7164434335864,1.0004022121429443,0.0002617493737488985
128.71712455779925,1.0001846551895142,0.00026183106820099056
128.71780558201135,1.0002124309539795,0.00026204282767139375
128.71848680622497,0.9997285008430481,0.00026213654200546443
128.71916793043783,0.999890923500061,0.0002622727770358324
128.71984905465797,1.0002686977386475,0.000262417015619576
128.7205302788716,1.0001600980758667,0.0002625139313749969
128.72121140320087,0.999882161617279,0.000262583140283823
128.72189252741373,1.0002899169921875,0.00026270656962879
128.7225736516266,0.99985671043396,0.0002627527283038944
128.7232548758475,1.0003142356872559,0.00026286652428098023
128.7239359000596,1.0002212524414062,0.0002629032824188471
128.72461702427245,1.0001006126403809,0.0002629892260301858
128.72529824848607,1.0003516674041748,0.0002630141971167177
128.72597937269893,0.9999286532402039,0.0002630955714266747
128.72666049703548,1.0000468492507935,0.00026315575814805925
128.7273417212491,1.0000659227371216,0.00026320962933823466
128.72802284546196,1.00019109249115,0.0002632625983096659
128.72870396967483,1.0000150203704834,0.000263285735854879
128.7293850938877,0.9997308850288391,0.0002632967662066221
128.73006621810782,0.9996516704559326,0.0002633164403960109
128.73074734232068,1.0004045963287354,0.0002633887925185263
128.73142846653354,1.0001881122589111,0.0002633740077726543
128.73210969074717,1.0000146627426147,0.00026335407164879143
128.73279081507644,1.0002614259719849,0.0002633485128171742
128.73347203929006,0.9997674226760864,0.00026326501392759383
128.7341531635102,1.0000733137130737,0.0002632310788612813
128.7348341877223,0.9996823668479919,0.00026306058862246573
128.73551531193516,0.9998331069946289,0.0002629757800605148
128.73619653614878,0.9999709129333496,0.00026293323026038706
128.73687766036164,0.9998100399971008,0.00026273340336047113
128.73755888457526,0.9998864531517029,0.00026262374012731016
128.73824000891182,0.9998949766159058,0.0002625033666845411
128.73892113312468,0.9998857975006104,0.00026234364486299455
128.7396023573383,0.9998694062232971,0.0002621710591483861
128.7402833815504,1.0001468658447266,0.0002620201266836375
128.74096450577053,0.9999561905860901,0.000261820008745417
128.74164572998416,1.0003387928009033,0.0002616721030790359
128.74232685419702,1.000508427619934,0.00026150583289563656
128.74300797840988,0.9998720288276672,0.0002612756215967238
128.7436892026235,1.0000609159469604,0.00026111232000403106
128.74437032683636,1.0002886056900024,0.0002609669172670692
128.74573257538577,0.9998946189880371,0.00026061656535603106
128.74641369959863,0.9997990131378174,0.0002604112378321588
128.7470948238115,0.9997109174728394,0.0002603355096653104
128.74777604802512,0.9998884201049805,0.00026017564232461154
128.74845717224525,1.00018310546875,0.00026016225456260145
128.7491382964581,0.9996504783630371,0.0002600331499706954
128.74981942067097,0.9999584555625916,0.00025999220088124275
128.7505006448846,0.9997512698173523,0.00025992936571128666
128.7511816690967,1.0002460479736328,0.0002599559666123241
128.75186279331683,0.9992817640304565,0.0002598683349788189
128.75254401753045,1.000137448310852,0.00025996568729169667
128.75322514185973,0.9995768070220947,0.00025992843438871205
128.7539062660726,0.9994238018989563,0.0002599800645839423
128.7545874902862,0.9995669722557068,0.00026006263215094805
128.75526861449907,0.9997060894966125,0.0002602547174319625
128.7559497387192,0.9998154044151306,0.0002604123146738857
128.75663086293207,0.9998182654380798,0.00026058490038849413
128.75731198714493,1.0001888275146484,0.0002608073118608445
128.7579931113578,0.9998077750205994,0.000260989589150995
128.75867423557065,0.9998880624771118,0.0002612303651403636
128.75935545979155,0.999724268913269,0.0002614012628328055
128.7600365840044,1.0001890659332275,0.00026177510153502226
128.76071770821727,0.99985271692276,0.00026202943990938365
128.7613989324309,0.9998782873153687,0.0002623322361614555
128.762079956643,1.000600814819336,0.0002627034846227616
128.76276108086313,0.9998037815093994,0.00026296538999304175
128.76344230507675,0.999435544013977,0.00026327953673899174
128.76412342940603,0.9997646808624268,0.00026365069788880646
128.7648045536189,1.000007152557373,0.00026403344236314297
128.7654857778325,1.0000778436660767,0.00026440570945851505
128.76616690204537,1.0001550912857056,0.0002647907240316272
128.76684812626627,1.0001622438430786,0.00026516945217736065
128.76752915047837,0.9998067021369934,0.00026552571216598153
128.76821027469123,1.0003196001052856,0.0002659551682882011
128.7688913989041,1.0002381801605225,0.0002663365157786757
128.7695726231177,1.0001331567764282,0.0002667184453457594
128.77025374733785,0.999980628490448,0.0002670914982445538
128.7709348715507,1.0000554323196411,0.00026748268282972276
128.77161609576433,0.9998899698257446,0.0002678392338566482
128.7722972199772,0.9997370839118958,0.00026820198399946094
128.7729782441893,0.9996392726898193,0.0002684927894733846
128.7736594684102,0.9994294047355652,0.00026888636057265103
128.77434059262305,1.0000824928283691,0.0002692760608624667
128.7750217168359,1.0003238916397095,0.0002696169540286064
128.77570294104953,1.0002119541168213,0.00026991497725248337
128.7763840653788,0.9997929930686951,0.00027016870444640517
128.77706518959894,1.0000563859939575,0.0002704664075281471
128.77774641381257,1.0000756978988647,0.0002707314270082861
128.77842743802466,0.9999011754989624,0.0002709126565605402
128.77910856223752,0.9998093247413635,0.0002711994748096913
128.77978978645115,0.9995862245559692,0.0002714040456339717
128.780470910664,0.9994365572929382,0.0002716051531024277
128.78115203488414,0.9997368454933167,0.0002718355390243232
128.78183325909777,0.9998197555541992,0.0002720393240451813
128.78251438331063,0.9994865655899048,0.0002721681375987828
128.7831955075235,0.9999118447303772,0.0002724095538724214
128.78387663173635,0.9993111491203308,0.0002725286176428199
128.78455775595648,0.9994654059410095,0.00027271005092188716
128.78523888016935,0.9991443753242493,0.0002728163090068847
128.7859200043822,0.9998551607131958,0.0002730255073402077
128.78660122859583,0.9997698664665222,0.00027320298249833286
128.7872823528087,0.9997584819793701,0.0002733521396294236
128.78796347702882,0.9995198249816895,0.00027347958530299366
128.78864470124245,1.000270128250122,0.0002736601163633168
128.78932572545455,0.9998699426651001,0.0002737971371971071
128.7900068496674,0.9997727870941162,0.0002739370393101126
128.79068807388103,1.000096321105957,0.0002741155622061342
128.7913691980939,1.0002692937850952,0.0002742811047937721
128.79205032231403,0.9997989535331726,0.0002743985678534955
128.79273154652765,0.9999542236328125,0.00027456649695523083
128.7934126707405,0.9998510479927063,0.0002746742975432426
128.79409379495337,0.9996638894081116,0.0002748865226749331
128.79477481917274,0.9997158646583557,0.0002750092535279691
128.79545604338637,1.0001121759414673,0.00027523210155777633
128.79613716759923,0.999787449836731,0.0002754591987468302
128.79681839181285,0.9998693466186523,0.0002756739850156009
128.7974995160257,0.9998464584350586,0.00027587945805862546
128.79818064023857,0.9997227191925049,0.0002760798088274896
128.79886186445947,0.9999690055847168,0.0002763227093964815
128.79954298867233,0.9997486472129822,0.0002764616219792515
128.80022421288595,1.0000752210617065,0.00027675784076564014
128.8009051370973,0.9998841881752014,0.00027692830190062523
128.8015863613109,1.0000498294830322,0.000277150102192536
128.80226748553105,1.000238060951233,0.0002773391315713525
128.80294870974467,1.000174880027771,0.0002775807515718043
128.80703555502987,0.9999917149543762,0.00027843815041705966
128.80771667924273,1.0001342296600342,0.00027856332599185407
128.8083978034556,0.9999358654022217,0.0002785872493404895
128.8090790276692,0.9999301433563232,0.00027865797164849937
128.80976015188935,0.9997590780258179,0.0002786637924145907
128.8104412761022,0.9998989701271057,0.000278666615486145
128.81112250031583,0.9998595118522644,0.00027862488059327006
128.81180352452793,1.000217318534851,0.00027856032829731703
128.8124846487408,0.9996772408485413,0.0002784508978947997
128.81316577296093,1.0002648830413818,0.0002783638483379036
128.81384699717455,0.9999238848686218,0.0002781761868391186
128.8145281213874,1.0000020265579224,0.0002779877104330808
128.81520924560027,0.9998252987861633,0.00027771774330176413
128.8158904698139,0.9997411370277405,0.00027746762498281896
128.81657159402675,0.9998073577880859,0.000277180370176211
128.81725261824613,1.0000174045562744,0.00027686372050084174
128.81793384245975,1.000192403793335,0.00027652247808873653
128.8186149666726,0.9995537400245667,0.0002760928764473647
128.81929609088547,0.9997318983078003,0.0002757163601927459
128.81997721509833,1.0000312328338623,0.0002753266307990998
128.82065843931923,0.999600350856781,0.00027481155120767653
128.8213395635321,0.9995978474617004,0.00027437813696451485
128.8220207877457,1.0002660751342773,0.0002740495838224888
128.8227018119578,0.9997196197509766,0.00027356587816029787
128.82338293617067,1.0000377893447876,0.0002731213462539017
128.8240640603908,0.9999446868896484,0.000272702076472342
128.82474528460443,0.9998034834861755,0.00027225256781093776
128.8254264088173,0.999823808670044,0.00027182779740542173
128.82610763303092,0.999600887298584,0.0002713948197197169
128.82678875724378,0.9998081922531128,0.00027100075385533273
128.82746988134022,0.999799907207489,0.0002705970546230674
128.8281509055596,0.9995998740196228,0.00027019187109544873
128.82883212977322,1.0001660585403442,0.00026986547163687646
128.82951325398608,1.0000337362289429,0.00026949591119773686
128.8301944781997,0.9996769428253174,0.0002691183763090521
128.83087560241256,0.9999826550483704,0.0002688138047233224
128.8315567266327,0.9999010562896729,0.0002684428764041513
128.83223795084632,0.9995757341384888,0.0002681695332285017
128.83291907505918,1.0000088214874268,0.00026792840799316764
128.83360009927128,1.0000594854354858,0.00026766868541017175
128.83428122348414,1.0003151893615723,0.0002674415009096265
128.83496244770504,1.0003083944320679,0.00026721449103206396
128.8356435719179,0.9999226331710815,0.0002669770910870284
128.83632479613152,1.00005042552948,0.0002667864318937063
128.83700592034438,0.999943196773529,0.0002666128857526928
128.83768704455724,1.0001155138015747,0.0002664788335096091
128.83836826877086,0.9997267127037048,0.0002662869810592383
128.83904929287382,1.0002161264419556,0.0002662473125383258
128.83973041708668,0.9994899034500122,0.00026610621716827154
128.84041154129955,1.000604510307312,0.0002661429753061384
128.84109276551317,0.9997876882553101,0.00026589527260512114
128.84177388972603,1.0003581047058105,0.0002660750178620219
128.84245501394616,1.0005022287368774,0.0002661055768840015
128.8431362381598,1.0003362894058228,0.0002661361068021506
128.84381736237265,1.000352144241333,0.00026620717835612595
128.84449838658475,1.000241756439209,0.0002662937913555652
128.84517961079837,0.9997395277023315,0.0002663841878529638
128.8458607350185,0.9998824000358582,0.0002665481879375875
128.84654185923137,0.9998949766159058,0.00026673488900996745
128.847223083445,1.000158429145813,0.00026697071734815836
128.84790420765785,0.9998904466629028,0.00026718617300502956
128.8485853318707,1.0001884698867798,0.00026747447554953396
128.84926645597443,1.000325083732605,0.0002677803277038038
128.8499475801873,1.0004030466079712,0.00026809555129148066
128.85062870440015,1.0002644062042236,0.0002684277715161443
128.851309828613,0.9995802640914917,0.00026873088791035116
128.85199105282663,0.9996823668479919,0.00026911721215583384
128.85267217704677,1.0002418756484985,0.00026956386864185333
128.85335330125963,0.9995299577713013,0.0002698500466067344
128.85403452547325,1.0003868341445923,0.00027042467263527215
128.8547156496861,1.000157117843628,0.0002708597166929394
128.8553966738982,0.9996730089187622,0.00027121035964228213
128.85607779811835,0.9996819496154785,0.0002717532915994525
128.85675902221556,0.9997796416282654,0.0002722533536143601
128.85744014642842,1.000184178352356,0.00027279407368041575
128.85812137064204,1.0001190900802612,0.0002732955035753548
128.8588024948549,0.9997771382331848,0.0002737198956310749
128.85948361906776,0.9998685121536255,0.00027432682691141963
128.86016484328138,1.000292420387268,0.0002748995029833168
128.86084586750076,1.0004260540008545,0.0002754490415100008
128.86152699171362,0.9999013543128967,0.0002759545168373734
128.86220821592724,0.9997249245643616,0.0002764899982139468
128.8628893401401,1.0000883340835571,0.00027707399567589164
128.86357046436024,0.9998784065246582,0.0002774767635855824
128.86425168857386,1.0002318620681763,0.00027818745002150536
128.8649328126703,1.0001486539840698,0.00027872819919139147
128.86561403688393,0.9997408390045166,0.0002792327431961894
128.86629506109603,1.0000420808792114,0.0002797858032863587
128.86697618530889,1.0000786781311035,0.00028028388624079525
128.86765730952902,1.000311017036438,0.0002808005956467241
128.86833853374264,0.9998874664306641,0.00028124902746640146
128.8690196579555,1.0002036094665527,0.00028172697057016194
128.86970078216837,1.0002503395080566,0.00028215895872563124
128.870382006382,0.9999175667762756,0.0002825278206728399
128.8710631304857,1.0000457763671875,0.00028289429610595107
128.8717441546978,0.9997554421424866,0.00028318868135102093
128.87242537891143,1.000083088874817,0.0002834899059962481
128.8731065031243,1.0002046823501587,0.00028371502412483096
128.87378762733715,0.999788761138916,0.00028385076439008117
128.87446885155077,0.999978244304657,0.0002839642984326929
128.8751499757709,0.999630868434906,0.00028398106223903596
128.87583109998377,0.9996318817138672,0.00028394642868079245
128.87651222408022,0.999981164932251,0.0002838617656379938
128.87719344829384,0.9999281167984009,0.00028367864433676004
128.8778744725132,1.0000033378601074,0.00028341301367618144
128.87855559672607,1.0004608631134033,0.0002830445009749383
128.8792368209397,1.000677227973938,0.00028272540657781065
128.87991794515256,1.0004196166992188,0.00028223308618180454
128.88059906936542,1.000235915184021,0.00028168942662887275
128.88128029357904,0.9998765587806702,0.0002810816513374448
128.88196141768276,1.0000108480453491,0.00028039998142048717
128.88264254189562,1.0001300573349,0.0002798094064928591
128.88332356610772,0.9998786449432373,0.00027909185155294836
128.88400479032134,1.0001039505004883,0.00027837889501824975
128.8846859145342,1.0003256797790527,0.000277644518064335
128.8853671387551,0.9998349547386169,0.0002768418926279992
128.88604826296796,1.0001007318496704,0.00027608376694843173
128.8867293870644,0.9999001026153564,0.00027527977363206446
128.88741061127803,1.0005685091018677,0.0002745492965914309
128.8880917354909,1.0000334978103638,0.0002737262984737754
128.88877275971026,1.000046730041504,0.0002729559491854161
128.88945388392312,1.0000107288360596,0.0002721895871218294
128.89013510813675,1.0001306533813477,0.0002714640577323735
128.8908162323496,1.0000919103622437,0.00027073873206973076
128.8914974564468,1.0000008344650269,0.00027003081049770117
128.89217858065967,1.0001331567764282,0.00026937894290313125
128.8928597048798,1.0000852346420288,0.0002687402011360973
128.89354092909343,0.9997853636741638,0.00026811478892341256
128.89422195330553,0.9999309778213501,0.00026756589068099856
128.8949030775184,1.0006285905838013,0.0002671023830771446
128.89558430173201,0.9998515248298645,0.0002665565989445895
128.89626542583574,0.9998889565467834,0.000266119372099638
128.8969465500486,0.9999523162841797,0.0002657299628481269
128.89762777426222,0.9995543360710144,0.00026534925564192235
128.89830889847508,0.9998781681060791,0.0002650771930348128
128.89899002268794,1.0003465414047241,0.0002648571680765599
128.89967114690808,1.0000474452972412,0.0002646150242071599
128.90035227100452,1.0002660751342773,0.0002644556516315788
128.90103339521738,0.9998177886009216,0.00026427896227687597
128.901714619431,0.9997749328613281,0.0002641667961142957
128.90239574364386,1.0002716779708862,0.000264129601418972
128.90307686785673,0.9999980330467224,0.0002640580350998789
128.90375799207686,0.9998729228973389,0.00026403297670185566
128.90443921629048,0.9998766779899597,0.00026403795345686376
128.90512024038617,1.0002521276474,0.0002640985476318747
128.90580136459903,1.0002750158309937,0.00026415465981699526
128.90648258881265,1.0001710653305054,0.0002642318431753665
128.9071637130328,1.000329852104187,0.000264332426013425
128.90784483724565,1.000239610671997,0.00026443201932124794
128.9085259613421,0.9995089173316956,0.00026450015138834715
128.90920718555572,1.0000885725021362,0.0002646904322318733
128.90988830976858,1.0003381967544556,0.00026486822753213346
128.9105694339887,0.9995570182800293,0.00026496517239138484
128.91125055820157,0.9995015859603882,0.00026510367752052844
128.91193168241443,1.0000287294387817,0.00026536075165495276
128.91261280651088,1.0001527070999146,0.0002655599673744291
128.9132940307245,1.000037670135498,0.0002657441655173898
128.91397515493736,1.000003457069397,0.0002659303427208215
128.9146562791575,1.0002760887145996,0.0002661517355591059
128.91533750337112,0.9995235204696655,0.00026626867474988103
128.9160185274668,1.0001274347305298,0.0002665153588168323
128.91669965167966,0.999801516532898,0.00026666096528060734
128.9173808758933,1.000026822090149,0.00026685555349104106
128.91806200011342,1.0002259016036987,0.00026703698677010834
128.91874312432628,0.9999152421951294,0.00026715986314229667
128.9194243484235,1.0002906322479248,0.0002673363487701863
128.92010547263635,1.0001661777496338,0.0002674558199942112
128.92078669684997,0.9998665452003479,0.00026754714781418443
128.92146772106935,1.00003182888031,0.00026766365044750273
128.9221488452822,1.0002381801605225,0.0002677759912330657
128.92282996937865,0.9999595880508423,0.00026782919303514063
128.92351119359228,1.0000038146972656,0.00026789470575749874
128.92419231780514,0.9999015927314758,0.0002679400786291808
128.92487354201876,0.9995487332344055,0.00026792901917360723
128.9255546662389,0.9997085332870483,0.00026798059116117656
128.92623579045176,1.0001311302185059,0.0002680235484149307
128.92691681454744,1.0003317594528198,0.0002680333564057946
128.92759803876106,1.0003207921981812,0.00026801470085047185
128.92827916297392,1.0000375509262085,0.00026794939185492694
128.92896038719482,1.0005370378494263,0.00026794252335093915
128.92964151129127,1.0002801418304443,0.0002678445598576218
128.93032263550413,1.0000652074813843,0.0002677406882867217
128.931003759717,1.0001323223114014,0.0002676448493730277
128.9316849839306,0.9998651742935181,0.00026750119286589324
128.93236600814998,1.0005455017089844,0.0002672752889338881
128.93304713224643,1.000590205192566,0.0002672638511285186
128.93372835646005,1.0003480911254883,0.0002670761023182422
128.9344094806729,0.9996956586837769,0.00026682435418479145
128.93509060488577,1.000055193901062,0.0002666421059984714
128.93577182898298,1.0000375509262085,0.00026641107979230583
128.93645295320312,0.9998932480812073,0.0002661538601387292
128.93713407741598,1.000203013420105,0.0002659143938217312
128.93781520162884,1.00005042552948,0.0002655550488270819
128.9384963258417,1.0001229047775269,0.0002653151750564575
128.93917744994542,1.000030755996704,0.00026498502120375633
128.93985857415828,1.00001859664917,0.000264586677076295
128.9405397983719,1.0001342296600342,0.0002643070474732667
128.94122092258476,1.0001654624938965,0.0002638914156705141
128.9419020466812,0.9995137453079224,0.00026352505665272474
128.94258327089483,1.000109314918518,0.0002632071846164763
128.9432642951142,1.0001038312911987,0.0002628352085594088
128.94394541932706,0.9999571442604065,0.0002624455955810845
128.94462654353993,1.0001569986343384,0.00026209797943010926
128.94530776763713,0.9999017715454102,0.0002616540587041527
128.94598889185,0.9999208450317383,0.0002613594988361001
128.9466701160709,1.0001857280731201,0.000261031644186005
128.94735124028375,0.9996006488800049,0.0002606479683890939
128.9480323643802,1.000113844871521,0.0002603698812890798
128.9487133885923,0.9996177554130554,0.0002600255829747766
128.94939461280592,0.9999561905860901,0.0002597639395389706
128.95007573702605,0.9999718070030212,0.0002594910329207778
128.95075696112326,1.0001932382583618,0.0002592671080492437
128.95143808533612,0.9998254776000977,0.0002590061631053686
128.95211920954898,0.9995696544647217,0.00025878220913000405
128.9528004337626,1.0001343488693237,0.0002586503978818655
128.95348155785905,1.0003528594970703,0.00025846148491837084
128.95416278207995,0.9996817111968994,0.0002583390742074698
128.95484380629205,0.999427318572998,0.00025822417228482664
128.9555249305049,0.9999437928199768,0.00025820231530815363
128.95620605460135,0.9996775388717651,0.000258145882980898
128.95688727881497,0.9996940493583679,0.0002581487351562828
128.9575684030351,0.9998445510864258,0.00025819733855314553
128.95824952724797,0.9999223947525024,0.000258219544775784
128.95893075134518,0.9998781085014343,0.00025838788133114576
128.95961187555804,0.9998732209205627,0.00025853223633021116
128.96029289977014,0.9999022483825684,0.00025872403057292104
128.96097412398376,1.0000028610229492,0.000258948392001912
128.96165524808748,0.9999273419380188,0.00025919295148923993
128.96233637230034,1.0004013776779175,0.0002595213009044528
128.96301759651396,1.0002453327178955,0.0002598207793198526
128.9636987206104,1.000322937965393,0.00026016944320872426
128.96437984482327,1.0000964403152466,0.00026048070867545903
128.9650609690434,1.00004243850708,0.00026090064784511924
128.96574209325627,1.0002498626708984,0.0002612994285300374
128.9664232173527,1.0002107620239258,0.00026175720267929137
128.96710434156557,1.0002468824386597,0.00026220473228022456
128.9677855657792,0.9999889135360718,0.0002626522909849882
128.96846668999933,1.0001522302627563,0.0002630798553582281
128.96914781409578,1.0002210140228271,0.00026362971402704716
128.9698290383094,0.9995258450508118,0.0002640622842591256
128.97051016252226,0.9999886155128479,0.0002646001521497965
128.97119118673436,0.9997900128364563,0.00026507829898037016
128.97187241083884,0.999873697757721,0.0002655277494341135
128.9725535350517,0.9997541308403015,0.00026606759638525546
128.97323465926456,0.9998193383216858,0.00026649836217984557
128.973915783361,1.0005236864089966,0.00026708480436354876
128.97459700757463,0.9999096393585205,0.00026749190874397755
128.9752781317875,0.9994982481002808,0.0002678951423149556
128.9759593560084,0.9997563362121582,0.0002682783524505794
128.97664038010407,1.000447154045105,0.00026878665084950626
128.97732150431693,1.0003008842468262,0.0002691367990337312
128.9780026285298,0.9998295307159424,0.0002693739952519536
128.978683852627,1.000008463859558,0.00026974285719916224
128.97936497684714,1.0000923871994019,0.0002699503384064883
128.98004620106076,1.0001949071884155,0.0002702358760870993
128.98072732527362,0.9998003840446472,0.0002703910868149251
128.98140844937006,0.9998690485954285,0.0002705500228330493
128.98208947358216,0.999907910823822,0.0002706695522647351
128.98277069780306,1.0001107454299927,0.00027078468701802194
128.9834518218995,1.0000122785568237,0.00027084394241683185
128.98413304611313,1.0001823902130127,0.00027089985087513924
128.984814170326,0.9994899034500122,0.000270872435066849
128.98549529442244,0.9999868273735046,0.0002709235704969615
128.98617651863606,0.9997590184211731,0.00027089647483080626
128.9868576428562,1.0004072189331055,0.00027093366952612996
128.9875386670683,1.000369906425476,0.00027090925141237676
128.9882198911655,1.0000698566436768,0.0002708514512050897
128.98890101537836,1.000281572341919,0.00027082630549557507
128.98958213959122,0.9998466372489929,0.00027071754448115826
128.9902633636957,0.9999723434448242,0.00027071492513641715
128.99094448790856,1.000109314918518,0.0002706845698412508
128.99162561212142,1.0000735521316528,0.0002706396335270256
128.99230673621787,0.9995667338371277,0.000270563003141433
128.99298786043073,1.0000355243682861,0.0002705728984437883
128.99366898465087,0.9999490976333618,0.00027051474899053574
128.9943501087473,0.9997826218605042,0.0002705167862586677
128.99503133296093,0.9997368454933167,0.0002704822109080851
128.9957124571738,0.9999878406524658,0.0002705426886677742
128.99639358127024,1.0005476474761963,0.0002706083469092846
128.99707470549038,1.000020146369934,0.0002706021477933973
128.997755929704,1.0000436305999756,0.0002706239465624094
128.99843695379968,1.0003565549850464,0.00027074446552433074
128.9991181780133,1.0001181364059448,0.00027080581639893353
128.99979930222617,1.000112771987915,0.0002709119871724397
129.0004804263299,1.0000481605529785,0.00027102610329166055
129.00116155054275,0.9995833039283752,0.00027112479438073933
129.00184277475637,1.0000314712524414,0.0002713137655518949
129.00252389896923,1.0003243684768677,0.0002715058217290789
129.00320502306568,1.0000014305114746,0.00027162584592588246
129.00388614727854,0.9997918009757996,0.000271819211775437
129.00456727138226,0.9999179840087891,0.0002720231132116169
129.00524839559512,1.000019907951355,0.0002722282661125064
129.00592961980874,1.0001614093780518,0.0002724388032220304
129.0066107440216,1.000044345855713,0.0002726254751905799
129.00729186811805,0.9996365308761597,0.00027279069763608277
129.00797309233894,1.0000413656234741,0.0002729616535361856
129.0086542165518,1.0000028610229492,0.00027320533990859985
129.0093352406475,0.9999253153800964,0.0002733122673816979
129.0100164648611,0.9998034238815308,0.0002735246089287102
129.01069758907397,1.0001729726791382,0.0002737067698035389
129.0113787131777,1.000173807144165,0.00027383482665754855
129.0120599373913,0.9997091293334961,0.00027391244657337666
129.01274106148776,1.0000361204147339,0.00027403279091231525
129.01342228570138,0.9999630451202393,0.00027409198810346425
129.01410340991424,0.9997923374176025,0.00027411800692789257
129.0147844340172,0.9993305206298828,0.0002740879135672003
129.01546555823006,1.0002998113632202,0.0002741350035648793
129.01614678244368,0.9999938011169434,0.00027404638240113854
129.01682790654013,1.0002107620239258,0.00027396311634220183
129.01750913075375,1.0000532865524292,0.0002738112525548786
129.0181902549666,1.0001764297485352,0.0002736368915066123
129.01887137907033,1.0000934600830078,0.0002734007721301168
129.0195525032832,1.0000418424606323,0.0002731245185714215
129.02023362749605,0.9999364614486694,0.00027266345568932593
129.0209147515925,1.000140905380249,0.00027245853561908007
129.02159587580536,0.999889612197876,0.0002720427874010056
129.02227710002626,0.9999200105667114,0.00027161985053680837
129.0229582241227,1.0000418424606323,0.0002711774141062051
129.02363934833556,0.9997155666351318,0.00027068148483522236
129.02432057243277,0.999650776386261,0.0002701939665712416
129.02500169664563,1.000075340270996,0.0002697405288927257
129.0256828208585,1.0001202821731567,0.0002692574344109744
129.0263639449622,0.9998611807823181,0.00026860859361477196
129.02704506917507,1.0003471374511719,0.0002683096390683204
129.02772619327152,1.0004311800003052,0.0002678481105249375
129.02840731748438,1.0001312494277954,0.00026736705331131816
129.029088541698,1.0002517700195312,0.0002669372479431331
129.02976966580172,0.9999622106552124,0.0002664631465449929
129.03045079001458,1.0003776550292969,0.00026612888905219734
129.0311320142282,0.9998858571052551,0.0002657103177625686
129.0318130383239,0.9998152852058411,0.00026534360949881375
129.03249416253675,0.9995244741439819,0.00026499025989323854
129.0331752867569,0.9999630451202393,0.00026471237652003765
129.0338565108541,0.999592125415802,0.0002643874322529882
129.03453763506695,0.999601423740387,0.0002641164173837751
129.03521885916416,1.0003634691238403,0.0002639249723870307
129.03589998337702,1.0002621412277222,0.0002636780554894358
129.03658110758988,1.0000134706497192,0.0002634342235978693
129.03726213169284,1.0001500844955444,0.0002631756360642612
129.03794335590646,1.0005587339401245,0.00026311652618460357
129.0386244800029,0.9998720288276672,0.0002628069487400353
129.03930570421653,1.000185489654541,0.00026264681946486235
129.0399868284294,0.999979555606842,0.00026244547916576266
129.0406679525331,1.000199794769287,0.00026228645583614707
129.04134917674673,1.0001636743545532,0.0002621086605358869
129.04203030084318,1.000274658203125,0.00026195254758931696
129.04271132505528,0.9998076558113098,0.00026174276717938483
129.0433925492689,0.9996148943901062,0.00026156773674301803
129.04407367337262,0.999780535697937,0.0002614388649817556
129.04475479758548,0.9999405741691589,0.00026130647165700793
129.0454360217991,1.0004818439483643,0.0002611499512568116
129.04611714589555,0.999822735786438,0.00026104634162038565
129.0467982701084,0.9998052716255188,0.0002609369985293597
129.04747949420562,0.9999440908432007,0.00026071141473948956
129.048160518425,1.0000560283660889,0.0002607916248962283
129.04884164252144,1.0001686811447144,0.00026074080960825086
129.04952286673506,1.0001962184906006,0.00026070079184137285
129.05020399094792,1.0004301071166992,0.00026069264276884496
129.05088511504437,0.9997409582138062,0.0002606181369628757
129.05156633926526,1.0001274347305298,0.0002606513735372573
129.0522474633617,1.0003035068511963,0.0002606814668979496
129.05292858757457,1.000043272972107,0.0002606772177387029
129.05360971178743,1.0005499124526978,0.0002607549831736833
129.05429083588388,1.0005873441696167,0.0002607919741421938
129.054971960104,1.0000641345977783,0.0002607820206321776
129.05565308420046,1.0004284381866455,0.0002608470676932484
129.05633430841408,1.0002483129501343,0.00026085786521434784
129.05701543262694,1.000211477279663,0.0002608722716104239
129.05769655672339,1.0003379583358765,0.0002608873473946005
129.058377780937,1.0005236864089966,0.00026087966398335993
129.05905880503997,1.0000512599945068,0.00026079770759679377
129.05973992925283,1.0001189708709717,0.00026072547188960016
129.06042105334927,1.000041127204895,0.00026061784592457116
129.0611022775629,0.999848484992981,0.000260455854004249
129.06178340178303,1.000134825706482,0.00026030122535303235
129.06246452587948,1.0002639293670654,0.0002601010201033205
129.0631457500931,0.9996561408042908,0.00025980983627960086
129.06382687418954,1.0002187490463257,0.00025959237245842814
129.06450789840164,1.0002901554107666,0.000259309948887676
129.06518912249885,0.999943196773529,0.00025891404948197305
129.065870246719,0.9997368454933167,0.00025864230701699853
129.06655137093185,0.9998804330825806,0.00025825115153566003
129.06723259502905,1.0000309944152832,0.00025795315741561353
129.06791371924191,0.9998753666877747,0.00025767789338715374
129.06859494333912,1.0003299713134766,0.0002573978854343295
129.06927606755926,1.0000766515731812,0.0002570626384112984
129.06995709165494,1.0004560947418213,0.00025674019707366824
129.0706382158678,0.9999699592590332,0.00025646889116615057
129.071319439965,0.9998574256896973,0.0002561366418376565
129.07200056417787,0.9998629093170166,0.00025595526676625013
129.072681688398,1.0001250505447388,0.00025569688295945525
129.0733629124952,1.0001540184020996,0.00025555960019119084
129.07404403670807,1.00044846534729,0.00025541457580402493
129.07472526080528,1.0003197193145752,0.0002552515943534672
129.07540628501738,1.000219702720642,0.0002550580247770995
129.0760874091211,1.000028133392334,0.00025500048650428653
129.07676853333396,1.000105381011963,0.00025487359380349517
129.07744975743117,0.999919056892395,0.0002548612537793815
129.07813088164403,1.000076174736023,0.0002548423071857542
129.07881210585765,0.9996258616447449,0.00025478473980911076
129.0794932299541,0.9999255537986755,0.0002548169286455959
129.08017435417423,1.000137209892273,0.00025478063616901636
129.08085537826992,1.0000691413879395,0.00025487810489721596
129.08153660248354,1.0004322528839111,0.0002549600030761212
129.08221772657998,1.000305414199829,0.0002550071803852916
129.08289885079284,1.0000557899475098,0.0002550503995735198
129.08358007489005,1.0001105070114136,0.0002551345678512007
129.0842611991102,1.0001647472381592,0.00025522816576994956
129.08494232320663,1.0002260208129883,0.0002553240628913045
129.08562354742025,0.9997373819351196,0.00025538308545947075
129.08630457151594,0.9997466206550598,0.0002554896636866033
129.08698569573608,0.9996992349624634,0.0002556021208874881
129.0876669199497,0.9996327757835388,0.00025571970036253333
129.08834804404614,0.999768853187561,0.0002558653650339693
129.089029168259,1.0005728006362915,0.00025606952840462327
129.08971029235545,0.9997596144676208,0.0002561367000453174
129.09039151656907,1.0002248287200928,0.00025631822063587606
129.0910726406728,1.0000994205474854,0.00025645867572166026
129.0917536648849,1.0004020929336548,0.0002566299808677286
129.0924348889821,1.0003235340118408,0.00025677683879621327
129.09311601319496,0.9998465776443481,0.0002568811469245702
129.0937971372914,1.0003182888031006,0.00025706400629132986
129.0944783615123,1.0005804300308228,0.00025722861755639315
129.09515948560875,1.0003552436828613,0.00025734753580763936
129.0958406098216,1.0001540184020996,0.0002574537065811455
129.0965218339188,0.999789297580719,0.00025754180387593806
129.0972028581309,0.9999933838844299,0.00025766697945073247
129.09788398223463,1.0002191066741943,0.0002577793493401259
129.09856520644826,1.0001978874206543,0.00025785775505937636
129.0992463305447,1.0000516176223755,0.0002579104038886726
129.09992745475756,1.0000072717666626,0.0002579522260930389
129.10060867885477,1.0001378059387207,0.00025799093418754637
129.10128980306763,1.0002772808074951,0.0002580199798103422
129.10197102728853,1.0002491474151611,0.0002580141299404204
129.10265215138497,1.000335693359375,0.0002580044965725392
129.10333317548066,1.000079870223999,0.0002578946005087346
129.10401429969352,1.0000101327896118,0.00025791817461140454
129.10469552379072,1.0000693798065186,0.0002578941930551082
129.10537664801086,1.0000110864639282,0.00025786462356336415
129.10605787210807,1.0000466108322144,0.00025779532734304667
129.10673899632093,0.9999469518661499,0.00025784753961488605
129.10742012041737,1.0001872777938843,0.0002578845014795661
129.108101344631,1.0004668235778809,0.00025794823886826634
129.10878236873396,0.9999669194221497,0.00025790423387661576
129.10946349294682,1.0001682043075562,0.0002580626751296222
129.11014461704326,1.000091791152954,0.0002581646549515426
129.11082584125688,1.0003749132156372,0.0002582872111815959
129.11150696535333,1.0005720853805542,0.00025848293444141746
129.1121880895662,1.0003292560577393,0.0002585750771686435
129.11286931367067,1.0004109144210815,0.0002588265633676201
129.11355043788353,1.000171422958374,0.00025901326444000006
129.11423146197922,1.000124216079712,0.0002592149539850652
129.11491268619284,1.0000617504119873,0.0002594271209090948
129.11559381028928,0.9996873140335083,0.0002596112317405641
129.11627493450942,1.0001784563064575,0.0002598646970000118
129.11695605860587,1.0005378723144531,0.0002600917359814048
129.1176372828195,0.9994550943374634,0.00026012520538643
129.11831840691593,1.0000181198120117,0.00026038556825369596
129.1189995311288,0.9999849200248718,0.00026051007444038987
129.11968065523251,0.9999665021896362,0.0002605929330457002
129.12036177944537,1.0005700588226318,0.0002606931375339627
129.12104290354182,1.0000613927841187,0.0002606519847176969
129.12172412775544,1.0002672672271729,0.000260619621258229
129.1224052518519,1.000292181968689,0.0002605146146379411
129.12308637607202,0.9999707341194153,0.0002603283792268485
129.12376760016923,0.9999351501464844,0.00026011563022620976
129.12444872426568,1.0003318786621094,0.00025989452842622995
129.12512974847778,0.9999921917915344,0.0002595790138002485
129.12581087257422,0.9997547268867493,0.00025924277724698186
129.12649209678784,1.000016212463379,0.0002589225478004664
129.12717322089156,1.0000693798065186,0.00025857650325633585
129.12785444510519,0.9998658299446106,0.0002581655280664563
129.12853556920163,1.0000536441802979,0.0002578504791017622
129.1292166934145,0.9998177289962769,0.00025747501058503985
129.1298979175117,1.0002620220184326,0.0002571683144196868
129.13057894173107,1.000072956085205,0.0002568179043009877
129.13126006582752,0.9996421337127686,0.00025647113216109574
129.13194129004114,1.0003654956817627,0.00025624633417464793
129.1326224141376,0.9996317028999329,0.00025591766461730003
129.13330353835045,1.0002546310424805,0.00025574376923032105
129.13398476244765,1.000239610671997,0.00025547429686412215
129.13466588655137,0.9996668100357056,0.00025516824098303914
129.13534701076424,1.000261902809143,0.00025522441137582064
129.13602803485992,1.0001274347305298,0.00025508838007226586
129.13670925907354,0.9997756481170654,0.00025496172020211816
129.13739038317,1.0001851320266724,0.00025492720305919647
129.13807160739088,0.9998260736465454,0.00025483767967671156
129.13875273148733,1.0001447200775146,0.00025481946067884564
129.1394338557002,1.0002009868621826,0.000254793674685061
129.1401150797974,1.0000171661376953,0.00025474271387793124
129.14079620389384,1.0000778436660767,0.0002547206822782755
129.14147722811322,1.000203013420105,0.00025469029787927866
129.14215845221042,1.0005956888198853,0.00025468505918979645
129.14283957642328,0.9995079636573792,0.0002545297611504793
129.14352070051973,1.0000540018081665,0.00025451413239352405
129.1442018247326,0.9999578595161438,0.00025442620972171426
129.14488304883707,1.0000392198562622,0.00025434253620915115
129.14556417304993,0.999580979347229,0.0002541292633395642
129.14624529714638,0.9998483061790466,0.00025413153343833983
129.14692642124282,0.9996623396873474,0.00025401602033525705
129.14760754545568,0.9998091459274292,0.0002539377601351589
129.1482886695594,0.9999457597732544,0.00025386776542291045
129.14896989377303,1.0000048875808716,0.00025379814906045794
129.14965101786947,1.0000762939453125,0.00025375874247401953
129.15033214208233,1.0003348588943481,0.0002537457912694663
129.15101326617878,0.9997367262840271,0.00025368586648255587
129.151694490276,1.0001459121704102,0.0002537400578148663
129.15237551449536,1.0002907514572144,0.0002538032131269574
129.1530566385918,0.9993534088134766,0.00025376814301125705
129.15373786280543,0.9997130632400513,0.00025393941905349493
129.15441898690187,0.9994687438011169,0.00025405947235412896
129.15510011099832,0.9997134804725647,0.0002542530419304967
129.15578133521922,0.9994890689849854,0.00025444230413995683
129.15646245931566,0.9999391436576843,0.000254651386057958
129.15714368352928,1.000115156173706,0.0002549814525991678
129.15782470762497,1.0002880096435547,0.0002552804653532803
129.15850583183783,1.0000064373016357,0.0002555230166763067
129.15918695594155,0.9996623992919922,0.00025577773340046406
129.15986818003876,0.9996312260627747,0.0002561578876338899
129.16054930425162,1.0001758337020874,0.00025652171461842954
129.16123042834806,1.0002553462982178,0.00025684875436127186
129.16191165256168,1.0000252723693848,0.00025713141076266766
129.16259277665813,1.0002018213272095,0.0002574383979663253
129.1632738007611,0.9998427629470825,0.0002576684928499162
129.1639550249747,1.0001473426818848,0.00025792885571718216
129.16463614907116,1.0002546310424805,0.00025813558022491634
129.16531727328402,0.9997745752334595,0.0002582693414296955
129.16599849738122,1.0001726150512695,0.0002584467001724988
129.16667962148495,0.9999645948410034,0.00025839207228273153
129.16736084569857,1.000665545463562,0.0002586771151982248
129.168041969795,1.0005184412002563,0.00025871925754472613
129.1687229940071,0.9995871186256409,0.00025866474607028067
129.16940411810356,1.00031578540802,0.00025872269179672003
129.17008534220804,1.0004205703735352,0.0002587044727988541
129.1707664664209,1.000067114830017,0.0002586251066531986
129.1714476905181,1.0000641345977783,0.0002585613983683288
129.17212881473097,1.0000001192092896,0.0002584035391919315
129.1728099388274,1.0003219842910767,0.00025839099544100463
129.17349106292386,0.9999321699142456,0.00025824157637543976
129.174172187144,0.999790608882904,0.0002580991422291845
129.17485331124044,1.0001895427703857,0.0002580180880613625
129.1755344354533,0.9998778104782104,0.0002577552804723382
129.1762156595505,1.000187635421753,0.00025770734646357596
129.17689678364695,1.0003044605255127,0.0002575672115199268
129.1775779078671,1.000118374824524,0.000257400592090562
129.17825903196353,1.000051498413086,0.00025709171313792467
129.17894025606074,0.999660074710846,0.00025706004817038774
129.1796213802736,0.9999015927314758,0.0002569406642578542
129.1803024043693,0.9999964833259583,0.00025675297365523875
129.18098362859018,0.9999169707298279,0.000256683852057904
129.18166475268663,0.9999747276306152,0.0002565708418842405
129.18234587678307,1.000179648399353,0.0002564786409493536
129.1830271009967,1.0002152919769287,0.0002563994494266808
129.18370822509314,0.9998754858970642,0.0002562929003033787
129.18438934919686,1.0002039670944214,0.00025626664864830673
129.18507057341048,0.9997819662094116,0.0002561282890383154
129.18575159750617,0.99993497133255,0.00025616821949370205
129.18643272171903,1.000205397605896,0.00025617697974666953
129.18711394581624,1.0004338026046753,0.0002561958390288055
129.18779506991268,1.0000537633895874,0.0002561684523243457
129.18847619413282,0.9997681975364685,0.00025612558238208294
129.18915741823002,1.0001494884490967,0.0002562175504863262
129.18983854232647,1.0000414848327637,0.00025624531554058194
129.1905197665401,0.9999405741691589,0.00025627732975408435
129.19120069063501,1.0001174211502075,0.00025634339544922113
129.1918819147395,0.999776303768158,0.0002563710731919855
129.19256303895236,1.0002176761627197,0.00025647124857641757
129.19324426304956,0.9997031688690186,0.0002564640890341252
129.193925387146,1.0002079010009766,0.00025661149993538857
129.19460651135887,1.0000078678131104,0.0002566650218795985
129.19528773545608,1.0000200271606445,0.00025673993513919413
129.1959688596762,0.9997411370277405,0.0002566614712122828
129.1966498837719,1.0002342462539673,0.0002569069911260158
129.1973311078691,1.000031590461731,0.0002569595817476511
129.19801223208196,1.0003137588500977,0.0002570494543761015
129.1986933561857,0.9999430775642395,0.00025708123575896025
129.1993745802829,1.0002734661102295,0.0002571418590378016
129.20005570449575,1.0001349449157715,0.0002570593205746263
129.2007368285922,1.0000985860824585,0.00025724622537381947
129.2014180526894,0.9998615980148315,0.000257258303463459
129.2020990769015,0.9993879795074463,0.00025724340230226517
129.20278020100523,0.9997853636741638,0.00025728237233124673
129.20346142510243,0.9996848106384277,0.00025727262254804373
129.2041425493153,0.9997082948684692,0.00025725961313582957
129.20482367341174,0.9997061491012573,0.0002572372031863779
129.20550479750818,0.9996130466461182,0.00025718804681673646
129.2061860217218,0.9998129606246948,0.0002571576042100787
129.20686714582553,0.999847412109375,0.00025710673071444035
129.20754826992197,1.0002964735031128,0.00025709348847158253
129.20822939413483,0.9998877644538879,0.00025698469835333526
129.20891051823128,0.9999603629112244,0.00025693466886878014
129.209591642335,1.0001646280288696,0.00025687392917461693
129.21027286654862,1.0000381469726562,0.0002567873743828386
129.21095399064507,1.0000492334365845,0.0002566555922385305
129.2116351147415,1.000138521194458,0.0002566504990682006
129.21231633895513,1.0002012252807617,0.00025658696540631354
129.21299736305082,1.000083565711975,0.00025650026509538293
129.21367848715454,0.9999276995658875,0.00025640634703449905
129.2143596113674,1.000053882598877,0.0002563482557889074
129.2150408354646,1.0004347562789917,0.00025630570598877966
129.21572195956105,0.9995788335800171,0.0002561503497418016
129.2164030837739,1.0000883340835571,0.0002561202854849398
129.2170843078784,1.0001691579818726,0.0002560427528806031
129.21776543197484,0.9996742010116577,0.000255763647146523
129.21844645607052,0.9997644424438477,0.00025583195383660495
129.21912768028415,0.9999765753746033,0.0002557889965828508
129.2198088043806,1.0000754594802856,0.00025566728436388075
129.2204899284843,0.9999080896377563,0.00025554807507432997
129.22117115269793,0.999884843826294,0.0002554319507908076
129.22185227679438,0.9995689392089844,0.000255287071922794
129.2225335008916,1.0001916885375977,0.00025518808979541063
129.22321462510445,1.0002351999282837,0.00025509920669719577
129.2238956492074,1.000033974647522,0.0002549559867475182
129.22457677330385,0.9998199939727783,0.0002548031625337899
129.22525799751747,0.9996907711029053,0.00025466704391874373
129.22593912161392,0.9998183250427246,0.0002544879971537739
129.22662034571113,1.0000635385513306,0.0002544544404372573
129.227301469924,0.9999793767929077,0.0002543434384278953
129.2279825940277,0.9995132088661194,0.00025420726160518825
129.22866381812491,1.000322937965393,0.0002541996946092695
129.2293448422206,1.0000840425491333,0.0002541140711400658
129.23002596643346,0.9999651312828064,0.00025406686472706497
129.23070719053067,1.0001450777053833,0.0002540560672059655
129.2313883146344,0.9997156262397766,0.00025402300525456667
129.23206943884725,1.0000333786010742,0.0002540104615036398
129.23275066294445,1.0005429983139038,0.0002541637804824859
129.2334317870409,1.0002472400665283,0.0002541237336117774
129.23411291113734,1.0003997087478638,0.0002542947477195412
129.23479393535672,1.0005810260772705,0.0002544153539929539
129.23547515945393,1.0000040531158447,0.0002544850285630673
129.23615628355037,1.0003952980041504,0.0002546506584621966
129.23683740776323,1.000144600868225,0.00025477554299868643
129.23751863186044,0.9999398589134216,0.00025491221458651125
129.23819975595688,0.9995017647743225,0.000254996819421649
129.2388808800606,1.0002501010894775,0.0002552490623202175
129.23956210427423,0.9998891353607178,0.0002553653030190617
129.2402431283699,0.9999547004699707,0.00025545014068484306
129.24092425246636,1.0000516176223755,0.0002556397521402687
129.2416053765628,1.0000500679016113,0.0002557448751758784
129.2422866007837,0.9999133348464966,0.0002558138221502304
129.24296772488015,1.0003331899642944,0.0002559071290306747
129.2436488489766,0.9997591376304626,0.00025581795489415526
129.2443300731902,1.000312328338623,0.00025576751795597374
129.24501119728666,0.999844491481781,0.0002556747349444777
129.24569222138962,1.000276803970337,0.0002557840198278427
129.24637344548682,1.0000370740890503,0.00025565092801116407
129.24705456969969,1.0000401735305786,0.00025552077568136156
129.24773569379613,0.9997456669807434,0.00025535226450301707
129.24841691789334,1.0000001192092896,0.0002552188525442034
129.24909804198978,1.0002657175064087,0.0002550927456468344
129.24977916620992,1.000096082687378,0.00025492251734249294
129.25046039030713,1.0000649690628052,0.00025478252791799605
129.2511414144028,1.0003997087478638,0.00025453479611314833
129.25182253861567,0.9999810457229614,0.0002545480092521757
129.25250376271288,1.0004057884216309,0.0002545034803915769
129.2531848868166,1.0002458095550537,0.0002544369490351528
129.25386601091304,0.9998544454574585,0.0002542273432482034
129.25454723512667,1.000023603439331,0.00025439372984692454
129.2552283592231,1.0000033378601074,0.0002544278686400503
129.25590958332032,1.000116229057312,0.0002545079623814672
129.25659070741676,1.0000379085540771,0.0002545943425502628
129.25727173163614,0.9998941421508789,0.00025470092077739537
129.25795285573258,1.000062108039856,0.0002548604388721287
129.2586340798298,1.0002992153167725,0.0002550433564465493
129.25931520392623,1.0001168251037598,0.0002552080841269344
129.25999642813986,1.0002243518829346,0.00025540831848047674
129.26067755224358,1.0001384019851685,0.0002555995306465775
129.26135867634002,1.0000730752944946,0.0002557867264840752
129.26203980043647,1.0003070831298828,0.0002560003485996276
129.26272092464933,0.9999068975448608,0.0002561528526712209
129.26340204874577,0.9998853802680969,0.00025631923926994205
129.2640831728495,0.9995164275169373,0.0002564075984992087
129.2647643969467,1.0005096197128296,0.0002566539333201945
129.26544552104315,1.0000686645507812,0.00025671825278550386
129.266126645256,1.0000708103179932,0.00025679913233034313
129.26680776935245,0.9998891353607178,0.000256699335295707
129.26748899344966,0.9998741149902344,0.0002568894124124199
129.26817001755262,1.0000864267349243,0.0002569361822679639
129.26885114176548,0.9998055696487427,0.0002569405478425324
129.2695323658627,0.9998700022697449,0.0002569674688857049
129.27021348995913,0.9999391436576843,0.00025699936668388546
129.27089461406285,1.0000916719436646,0.0002569868811406195
129.27157583827648,1.0007092952728271,0.0002571468357928097
129.27225696237292,1.00009286403656,0.00025715597439557314
129.27293808646937,0.9997566342353821,0.0002572102239355445
129.2736192105658,1.0003905296325684,0.0002573714591562748
129.27430033466226,0.9999646544456482,0.00025746424216777086
129.2749814588824,1.0002104043960571,0.0002576439001131803
129.2756626829796,0.999901533126831,0.0002578005369286984
129.27634380707605,1.0002624988555908,0.0002580418949946761
129.2770249311725,0.9997742772102356,0.00025822935276664793
129.2777061553861,0.999898374080658,0.0002584895701147616
129.27838727948983,0.9996727108955383,0.0002587365743238479
129.27906830358552,1.0001202821731567,0.0002590501098893583
129.27974942768196,1.0000392198562622,0.00025932808057405055
129.28043065177917,1.0003809928894043,0.00025964685482904315
129.28111177599203,0.999820351600647,0.0002597936545498669
129.28179300008924,1.0002366304397583,0.00026016414631158113
129.28247412419296,1.0000468492507935,0.00026038792566396296
129.2831552482894,0.9998316168785095,0.00026057680952362716
129.28383647250303,1.0001206398010254,0.00026080882526002824
129.2845174965987,1.0002387762069702,0.00026090367464348674
129.28519862070243,0.9999293088912964,0.0002609465445857495
129.28587984479964,1.0001779794692993,0.0002609754737932235
129.28656096889608,0.9998114109039307,0.00026089377934113145
129.28724209310894,1.0002949237823486,0.00026082416297867894
129.28792331720615,0.9997429847717285,0.00026060562231577933
129.2886044413026,0.9998177289962769,0.0002603979373816401
129.28928556540632,1.0001813173294067,0.0002601691521704197
129.28996668950276,1.0000156164169312,0.0002598558203317225
129.2906478135992,0.9995415806770325,0.0002594870747998357
129.29132893781207,1.0003647804260254,0.0002591974043752998
129.29201016190927,1.0001221895217896,0.0002588038914836943
129.292691286013,1.0002962350845337,0.0002584351459518075
129.29337241010944,0.9997736811637878,0.0002579944848548621
129.2940535342059,1.0003780126571655,0.0002576579572632909
129.2947347584195,0.9999725222587585,0.0002572336234152317
129.2954157825152,0.9997698664665222,0.00025684357387945056
129.2960970066124,1.000087857246399,0.000256514671491459
129.29677813071612,0.9998714923858643,0.00025615812046453357
129.29745925481257,0.9998500347137451,0.00025584304239600897
129.298140378909,0.999930202960968,0.0002555680403020233
129.29882160312263,1.0000369548797607,0.0002553214435465634
129.29950272721908,0.9998751282691956,0.00025507769896648824
129.3001838513228,0.9999050498008728,0.0002548843331169337
129.30086497541924,0.9995222091674805,0.00025469285901635885
129.3015460995157,1.0002317428588867,0.00025462929625064135
129.30222722372855,0.9996993541717529,0.0002544567978475243
129.302908347825,1.0000003576278687,0.0002544475137256086
129.30358957192948,1.0000494718551636,0.0002544100279919803
129.30427069602592,1.0001165866851807,0.0002544062153901905
129.30495182012237,1.0001676082611084,0.00025442472542636096
129.30563304421958,1.000238060951233,0.0002544308372307569
129.30631406843167,1.0002166032791138,0.00025451730471104383
129.3069951925354,0.999984622001648,0.00025456640287302434
129.3076764166326,0.9995021224021912,0.00025461098994128406
129.30835754072905,0.9997749328613281,0.0002547286858316511
129.3090386648255,0.9992530345916748,0.0002547922485973686
129.3097198889227,0.9996628165245056,0.00025494597502984107
129.31040101313556,1.0002074241638184,0.00025511663989163935
129.31108223724004,1.0002793073654175,0.0002552515943534672
129.31176326133573,1.0000321865081787,0.00025537548935972154
129.31244438543217,1.0004748106002808,0.00025553960585966706
129.31312550952862,0.9997372627258301,0.00025562025257386267
129.31380673362582,1.0003036260604858,0.00025582051603123546
129.31448785784596,0.9997748136520386,0.0002557824191171676
129.31516908194317,0.9999515414237976,0.0002561027358751744
129.3158502060396,0.9999479055404663,0.0002562596637289971
129.31653133013606,0.999789297580719,0.0002564163878560066
129.31721235423174,0.9999355673789978,0.0002565946779213846
129.31789357833622,1.0002260208129883,0.000256789120612666
129.31857470243267,1.0000718832015991,0.00025691662449389696
129.3192559266463,1.0002944469451904,0.0002571326622273773
129.31993705074274,1.0003390312194824,0.00025730388006195426
129.32061817483918,1.0001349449157715,0.00025744870072230697
129.3212993989364,0.9996629953384399,0.00025756729883141816
129.3219805230401,1.000197410583496,0.00025775624089874327
129.3226615471358,1.0001169443130493,0.000257890293141827
129.32334267123224,1.0000839233398438,0.0002580215805210173
129.32402389544586,0.999554455280304,0.00025808869395405054
129.3247050195423,1.0001273155212402,0.00025809500948525965
129.32538614364603,0.9998289942741394,0.00025828881189227104
129.32606736774324,1.0000731945037842,0.00025837644352577627
129.32674849183968,0.9997869729995728,0.00025838444707915187
129.32742961593613,1.0001060962677002,0.00025842347531579435
129.32811074003257,0.9998671412467957,0.0002583874447736889
129.3287918641363,1.000083565711975,0.0002583734749350697
129.32947298834915,1.0000052452087402,0.00025831040693446994
129.3301541124456,1.000722885131836,0.00025830077356658876
129.3308353365428,1.0003002882003784,0.0002581746375653893
129.33151646063925,1.0000789165496826,0.000258049025433138
129.33219758474297,0.9998015761375427,0.00025790269137360156
129.33287880884018,0.9999938607215881,0.00025778557755984366
129.33355993293662,1.000037670135498,0.0002576482074800879
129.33424095714872,0.9999862909317017,0.0002574881073087454
129.33492218124593,0.9996364116668701,0.0002572930825408548
129.33560330534237,1.0000841617584229,0.0002570867945905775
129.3362844294461,1.0000418424606323,0.00025698577519506216
129.3369656535433,0.9997459053993225,0.00025677887606434524
129.33764677763975,1.000432014465332,0.0002566529728937894
129.3383279017362,0.9999375343322754,0.00025641758111305535
129.3390091258334,1.0001704692840576,0.0002562548324931413
129.33969014993636,0.9999276995658875,0.0002560494467616081
129.34037127414922,1.0000548362731934,0.00025587459094822407
129.34105249824643,1.0000394582748413,0.0002556841354817152
129.34173362234287,1.0004198551177979,0.00025554330204613507
129.34241474643932,0.9998993873596191,0.00025517851463519037
129.34309597053652,1.000097632408142,0.000255149498116225
129.34377709464025,1.0005649328231812,0.0002550687058828771
129.34445831873745,0.999879002571106,0.0002547223411966115
129.34513934283314,1.0002262592315674,0.00025471136905252934
129.34582046692958,0.9999010562896729,0.00025463823112659156
129.34650159114972,1.0001099109649658,0.00025457650190219283
129.34718281524692,1.0005474090576172,0.00025456066941842437
129.34786393934337,1.0001437664031982,0.0002544981543906033
129.34854516344058,1.0001202821731567,0.00025450735120102763
129.34922628753702,0.9994969964027405,0.0002544955350458622
129.34990741163347,0.9999526143074036,0.0002546154719311744
129.35058843573643,1.0003312826156616,0.00025477222516201437
129.35126965983363,0.999656081199646,0.00025488162646070123
129.35195078393008,1.0001298189163208,0.00025512484717182815
129.35263190802652,1.000052809715271,0.00025537112378515303
129.35331313212373,1.000421166419983,0.0002557018306106329
129.35399425634387,1.0001121759414673,0.0002560071006882936
129.3546753804403,0.9997192025184631,0.00025619688676670194
129.35535660453752,1.0006146430969238,0.00025683798594400287
129.3560376286332,0.9999349117279053,0.00025722573627717793
129.35671875272965,1.0000789165496826,0.00025768703198991716
129.35739987683337,1.0000261068344116,0.00025822629686445
129.35808110093058,0.9996688365936279,0.00025872461264953017
129.35876222502702,0.9994709491729736,0.00025919469771906734
129.35944334912347,0.9997055530548096,0.00025969085982069373
129.36012457322067,0.9998664259910583,0.00026041475939564407
129.36080569731712,0.9999448657035828,0.0002609759976621717
129.3614867215365,0.9999929070472717,0.00026152710779570043
129.3621679456337,0.9994157552719116,0.0002620158193167299
129.36284906973015,0.9998424649238586,0.00026255680131725967
129.3635301938266,0.9998847842216492,0.00026297831209376454
129.3642114179238,0.9999760985374451,0.0002634122793097049
129.36489254202752,1.0000560283660889,0.00026371635613031685
129.36557366612396,0.9994186162948608,0.00026412829174660146
129.36625489022117,0.9993283152580261,0.0002643781481310725
129.36693591431685,0.9995945692062378,0.0002645912463776767
129.3676170384133,0.9998251795768738,0.00026472422177903354
129.36829816251702,0.999744176864624,0.0002646779757924378
129.36897938661423,0.9998475313186646,0.0002647165092639625
129.36966051071067,0.9998834133148193,0.00026453909231349826
129.37034173480788,0.9996861815452576,0.0002644278574734926
129.37102285890433,0.9999434351921082,0.00026422733208164573
129.3717039831172,1.0004627704620361,0.00026400169008411467
129.37238500710373,1.0003442764282227,0.00026368111139163375
129.37306623131735,1.0000882148742676,0.00026316786534152925
129.3737473554138,1.0002318620681763,0.00026295630959793925
129.37442847951024,0.9999021291732788,0.0002625353226903826
129.37510970360745,1.0003052949905396,0.0002620901504997164
129.37579082771117,1.0002387762069702,0.00026173534570261836
129.37647205180838,1.000075340270996,0.0002613062097225338
129.37715317590482,0.999904453754425,0.0002608087088447064
129.3778342000005,1.0003100633621216,0.00026051205350086093
129.37851532409695,1.0002546310424805,0.0002601180749479681
129.37919654820143,0.9994845390319824,0.00025960293714888394
129.37987767229788,0.9994676113128662,0.00025930177071131766
129.3805588963951,1.000069499015808,0.00025904388166964054
129.38124002049153,1.0001380443572998,0.000258737854892388
129.38192114458798,0.9998289346694946,0.0002584289468359202
129.38260236868518,1.0000150203704834,0.0002581938460934907
129.38328339278814,0.9995592832565308,0.00025792644009925425
129.3839645168846,1.000016212463379,0.0002577739651314914
129.3846457409818,0.9998904466629028,0.0002575838298071176
129.38532686507824,0.9998925924301147,0.0002572998346295208
129.3860079892911,0.9998706579208374,0.0002573222736828029
129.38668911339482,1.0001733303070068,0.0002572567027527839
129.38737033749203,0.9999164342880249,0.0002570191863924265
129.38805146158847,1.0001747608184814,0.00025714669027365744
129.38873248568416,1.0000200271606445,0.0002570320793893188
129.38941370978137,1.0001500844955444,0.0002571200311649591
129.3900948338851,1.00013267993927,0.0002569909847807139
129.39077595798153,0.9998337626457214,0.00025714808725751936
129.39145718207874,1.0000481605529785,0.0002572267549112439
129.39213830617518,1.0002758502960205,0.0002573239034973085
129.39281943027163,0.9998151063919067,0.00025737701798789203
129.39350055437535,0.9998853802680969,0.0002574992540758103
129.3941816784718,0.9998176097869873,0.00025762987206690013
129.39486280256824,1.000268816947937,0.0002577520499471575
129.3955439266647,0.9997798800468445,0.00025796974659897387
129.3962251507619,1.0002961158752441,0.0002582161978352815
129.39690627485834,1.0001866817474365,0.00025843369076028466
129.39758739896206,0.9996934533119202,0.00025865036877803504
129.39826862305927,1.000180721282959,0.00025897365412674844
129.3989497471557,1.000028371810913,0.0002592726959846914
129.3996307712514,0.9997451305389404,0.0002595792175270617
129.4003119953486,0.9996703863143921,0.0002599346044007689
129.40099311945232,0.9997329115867615,0.00026033210451714694
129.40167424354877,1.0001119375228882,0.00026070771855302155
129.40235546764598,1.0003193616867065,0.000261238485109061
129.40303659174242,1.0001599788665771,0.0002615535631775856
129.40371781583963,1.000084638595581,0.00026218086713925004
129.40439893993607,1.0001202821731567,0.0002625570632517338
129.40507996403903,1.0001708269119263,0.00026324071222916245
129.40576108813548,1.0000728368759155,0.0002637343422975391
129.40644231223268,1.0001369714736938,0.000264376139966771
129.40712343632913,0.9998179078102112,0.0002649598172865808
129.40780466042634,1.0000535249710083,0.00026555880322121084
129.40848578453006,0.9999796748161316,0.0002661673352122307
129.4091669086265,1.0001764297485352,0.00026681023882701993
129.4098481327237,1.0000567436218262,0.0002674268907867372
129.41052925682015,1.0000406503677368,0.0002680548932403326
129.41121028091584,0.9996814727783203,0.0002686265215743333
129.41189140501956,1.0001248121261597,0.0002693223941605538
129.41257262911677,0.9998388886451721,0.0002699234173633158
129.4132537532132,0.9994515180587769,0.00027050275821238756
129.41393487730966,1.0002871751785278,0.0002711083507165313
129.41461610140686,0.9997502565383911,0.00027172750560566783
129.41529722551059,0.9998538494110107,0.00027217197930440307
129.41597834960703,0.999641478061676,0.0002728508261498064
129.41665947370348,1.0003708600997925,0.0002734447771217674
129.41734059779992,0.9997499585151672,0.0002737707691267133
129.41802172189637,0.9999164938926697,0.0002744076191447675
129.41870294599357,0.999692976474762,0.00027484260499477386
129.4193840700973,0.9997444152832031,0.00027524406323209405
129.42006519419374,0.9999868869781494,0.0002756548346951604
129.42074631829018,0.9999651908874512,0.0002760330098681152
129.4214275423874,0.999931275844574,0.0002762968360912055
129.42210856649035,0.9999630451202393,0.0002766303950920701
129.4227896905868,1.0002808570861816,0.0002768923877738416
129.423470914684,0.9998699426651001,0.0002770500141195953
129.42415203878045,0.999890923500061,0.0002772003354039043
129.4248331628769,0.9999743700027466,0.00027730391593649983
129.4255143869741,1.0002212524414062,0.00027738220524042845
129.42619551107782,1.0001966953277588,0.00027739800862036645
129.42687663517427,1.0003923177719116,0.0002773753658402711
129.4275577592707,1.0000224113464355,0.00027723590028472245
129.42823888336716,0.9999091625213623,0.0002771384606603533
129.4289200073472,0.9996778964996338,0.0002769545535556972
129.4296012314444,0.9998556971549988,0.0002767672704067081
129.43028235554812,1.0000736713409424,0.0002765602548606694
129.43096347964456,1.0003032684326172,0.0002763313241302967
129.43164470374177,0.999952495098114,0.00027604136266745627
129.4323258278382,1.000043272972107,0.0002757837937679142
129.43300685194117,0.9996986985206604,0.00027548291836865246
129.43368807603838,1.0002987384796143,0.0002752735454123467
129.43436920013482,1.000274658203125,0.00027502307784743607
129.43505032423127,0.999803364276886,0.0002747397229541093
129.43573154832848,1.0003166198730469,0.0002745556994341314
129.43641267242492,1.0001428127288818,0.00027433771174401045
129.43709379652864,0.999743640422821,0.0002741228381637484
129.43777502062585,0.9998760223388672,0.00027383447741158307
129.43845604472153,1.000076174736023,0.00027383764972910285
129.43913716881798,0.9996870756149292,0.0002736510941758752
129.43981839291519,1.0005682706832886,0.00027364297420717776
129.4404995170189,1.0006046295166016,0.000273496494628489
129.44118064111535,1.000300407409668,0.00027343936380930245
129.44186186521256,0.9997941255569458,0.0002733167202677578
129.442542989309,1.0003693103790283,0.0002732856955844909
129.44322411328903,0.9998995065689087,0.000273089885013178
129.44390523738548,1.000037431716919,0.0002730751293711364
129.4445863614892,1.0001428127288818,0.00027296622283756733
129.44526748558565,1.0002950429916382,0.00027278531342744827
129.44594870968285,0.9998257756233215,0.00027257748297415674
129.4466298337793,0.9998036623001099,0.0002724315563682467
129.44731095787574,1.0001647472381592,0.0002722217177506536
129.44799208197946,1.0000555515289307,0.0002718672330956906
129.44867330607667,0.999812662601471,0.00027156868600286543
129.44935433017235,0.9998525381088257,0.0002711836132220924
129.4500354542688,1.00031578540802,0.00027077997219748795
129.450716678366,1.0003653764724731,0.00027030776254832745
129.45139780246973,1.0000848770141602,0.0002697379095479846
129.45207892656617,0.9999461770057678,0.00026907300343737006
129.45276015066338,1.0001777410507202,0.0002686655498109758
129.4534412746434,0.9997249841690063,0.00026804779190570116
129.45412239873986,0.999360203742981,0.00026730308309197426
129.45480352284358,0.999826192855835,0.00026691463426686823
129.45548464694002,0.9998227953910828,0.0002662149490788579
129.45616577103647,0.9998607039451599,0.0002656809811014682
129.4568468951329,0.9999086260795593,0.0002653268747963011
129.45752811923012,0.9998143315315247,0.0002648603986017406
129.45820924332656,0.9996246695518494,0.00026436298503540456
129.45889046743105,0.9997215867042542,0.0002640084130689502
129.4595715915275,0.9998140335083008,0.00026361210620962083
129.46025261562318,0.9998760223388672,0.00026350849657319486
129.4609337396032,0.9999770522117615,0.00026326096849516034
129.4616149637004,0.9997572302818298,0.0002630211238283664
129.46229608780413,0.9999309778213501,0.0002631024399306625
129.46297721190058,1.0000972747802734,0.0002631015086080879
129.4636584359978,1.0000815391540527,0.00026314466958865523
129.46433956009423,0.9998944997787476,0.0002632341056596488
129.46502078419144,0.9999785423278809,0.0002633928961586207
129.4657018082944,0.9997908473014832,0.00026358195464126766
129.46638293239084,1.0001753568649292,0.0002638552396092564
129.4670640564873,1.0006933212280273,0.00026419025380164385
129.4677452805845,1.0001176595687866,0.0002644584164954722
129.46842640456453,1.0001112222671509,0.000264807342318818
129.46910762866173,1.0001075267791748,0.00026518027880229056
129.46978875276545,1.0001667737960815,0.0002655778080224991
129.4704698768619,0.9999419450759888,0.00026590615743771195
129.47115090095758,1.0002238750457764,0.0002663785417098552
129.4718321250548,0.9998199343681335,0.0002667476364877075
129.47251324915123,1.0002728700637817,0.0002672789851203561
129.47319447325572,1.0004446506500244,0.00026775337755680084
129.47387559735216,1.0002624988555908,0.00026818219339475036
129.4745567214486,0.9999229907989502,0.00026861813967116177
129.47523784542864,1.0001150369644165,0.00026907678693532944
129.47591906952584,0.9997286200523376,0.00026950309984385967
129.4766000936288,0.9997774362564087,0.0002700501645449549
129.47728121772525,0.999903678894043,0.00027056317776441574
129.47796244182246,0.9996877312660217,0.0002710547996684909
129.4786435659189,1.0001816749572754,0.00027160978061147034
129.47932469001535,0.9999030232429504,0.0002721206401474774
129.48000591411255,0.9999470710754395,0.0002726055681705475
129.48068703809986,1.00019371509552,0.00027322195819579065
129.4813681621963,0.9998494386672974,0.0002737349714152515
129.48204928629275,0.9998050928115845,0.0002742223732639104
129.4827304103892,0.9995371699333191,0.00027476888499222696
129.48341153448564,0.9998840689659119,0.000275335245532915
129.48409265858936,1.0002484321594238,0.00027588772354647517
129.48477388268657,1.000616192817688,0.0002764645905699581
129.485455006783,1.0000382661819458,0.00027690723072737455
129.48613613076304,0.9998562932014465,0.0002773584274109453
129.48681735486025,0.9996159076690674,0.00027772397152148187
129.48749847896397,1.000231146812439,0.00027817580848932266
129.48817950305965,1.0006450414657593,0.00027860002592206
129.48886072715686,1.000146508216858,0.0002788997662719339
129.4895418512533,1.0000745058059692,0.00027915852842852473
129.49022297534975,1.0002261400222778,0.0002792456652969122
129.49090419944696,1.0002521276474,0.0002794703177642077
129.49158532343426,0.9995684027671814,0.00027950925868935883
129.49226654753147,0.9997774958610535,0.0002796146145556122
129.49294767162792,1.000588059425354,0.0002795270993374288
129.4936286957236,1.0000783205032349,0.0002794975589495152
129.49430981982732,1.0001033544540405,0.00027937014237977564
129.49499104392453,1.000091552734375,0.00027927474002353847
129.49567216802097,1.000144362449646,0.0002790795115288347
129.496353292001,0.9999613761901855,0.00027882662834599614
129.4970345160982,1.0000108480453491,0.0002784972602967173
129.49771564019466,1.0001194477081299,0.0002782010706141591
129.49839686429186,1.0000263452529907,0.00027793849585577846
129.49907788839482,1.0003160238265991,0.00027761628734879196
129.49975901249127,1.0000824928283691,0.00027722783852368593
129.5004401364713,0.9999610781669617,0.0002768411941360682
129.5011213605685,1.0002038478851318,0.00027646924718283117
129.50180248467223,1.0001881122589111,0.00027607352240011096
129.50248360876867,0.9996463060379028,0.00027562773902900517
129.50316483286588,0.9997585415840149,0.00027523169410414994
129.50384595696232,1.0000816583633423,0.000274861027719453
129.5045269809416,1.0004034042358398,0.0002744873345363885
129.5052082050388,1.0002784729003906,0.0002740852069109678
129.50588932914252,0.9997062087059021,0.0002736017922870815
129.50657045323896,1.0004687309265137,0.00027328325086273253
129.50725167733617,0.9998961091041565,0.0002728909603320062
129.50793280143262,0.9999316334724426,0.00027261016657575965
129.50861392552906,1.0004316568374634,0.00027232649154029787
129.50929514951713,1.0004647970199585,0.0002720264019444585
129.5099761736128,1.0003529787063599,0.00027172931004315615
129.51065729770926,1.0002351999282837,0.00027145270723849535
129.5113384218057,1.0003230571746826,0.0002712104469537735
129.5120196459029,1.0002212524414062,0.0002709891414269805
129.51270076989022,1.0001459121704102,0.00027078649145551026
129.51338189398666,0.9999926686286926,0.0002706047089304775
129.51406311808387,0.9997610449790955,0.00027030069031752646
129.5147442421803,0.9996901154518127,0.0002702445490285754
129.515425266276,0.999797523021698,0.00027023261645808816
129.51610649026406,1.000134825706482,0.00027019664412364364
129.5167876143605,0.9999295473098755,0.00027007583412341774
129.51746873845696,1.000524640083313,0.00027017906541004777
129.51814996255416,0.9996017217636108,0.0002699782489798963
129.5188310866506,1.0000008344650269,0.0002701546181924641
129.51951221074705,0.9996912479400635,0.000270216929493472
129.52019343473512,1.0000649690628052,0.0002703167556319386
129.5208744588308,1.0000896453857422,0.0002704066864680499
129.52155558292725,1.000212550163269,0.0002703822683542967
129.5222367070237,1.0001829862594604,0.00027060488355346024
129.5229179311209,1.0001559257507324,0.00027075051912106574
129.5235990551082,1.0001991987228394,0.00027088102069683373
129.5242802792054,1.000496506690979,0.00027103169122710824
129.52496140330186,0.9999068975448608,0.0002710473199840635
129.5256425273983,1.0001447200775146,0.00027123946347273886
129.526323551494,1.0001016855239868,0.0002713523281272501
129.52700477559847,1.0000267028808594,0.000271443510428071
129.5276858995785,0.9999510049819946,0.0002715274749789387
129.5283671236757,1.0001471042633057,0.00027153376140631735
129.52904824777215,0.9999120235443115,0.00027163524646312
129.5297293718686,0.9999717473983765,0.000271532975602895
129.5304105959658,0.9998353123664856,0.00027166606741957366
129.5310917199531,1.0002084970474243,0.0002716812305152416
129.5317727440488,0.9994915723800659,0.0002715882728807628
129.532453968146,0.9997459650039673,0.0002714178408496082
129.53313509224245,1.0000030994415283,0.00027151007088832557
129.53381621622248,1.0003573894500732,0.00027146562933921814
129.53449744032696,0.9997847080230713,0.0002713424910325557
129.5351785644234,1.00014328956604,0.00027129589579999447
129.53585968851985,0.9997986555099487,0.00027119129663333297
129.53654091261706,1.000327467918396,0.00027117467834614217
129.53722193659632,0.9998611211776733,0.00027108602807857096
129.53790306070005,0.9998981952667236,0.00027092488016933203
129.5385841847965,1.0001271963119507,0.0002709294203668833
129.5392654088937,0.9999657273292542,0.00027106600464321673
129.53994653287373,0.9999064207077026,0.0002711014822125435
129.54062765697017,1.0004364252090454,0.00027120791492052376
129.54130888106738,0.9997707009315491,0.00027124705957248807
129.5419900051711,0.9997683167457581,0.0002712998539209366
129.54267102926678,1.0002347230911255,0.0002715579466894269
129.54335225324758,0.9998111724853516,0.0002717039897106588
129.54403337734402,0.9999295473098755,0.00027192075503990054
129.54471450144774,0.9998192191123962,0.00027215006412006915
129.54539572554495,0.9995654225349426,0.00027224322548136115
129.5460768496414,0.9998544454574585,0.00027267885161563754
129.54675797362142,1.0005332231521606,0.0002730269043240696
129.54743919771863,1.0001161098480225,0.00027329460135661066
129.54812022181432,0.999614417552948,0.00027350400341674685
129.54880134580162,1.0003653764724731,0.0002739472547546029
129.54948246989807,0.9996116161346436,0.0002742049691732973
129.55016369399527,1.0001349449157715,0.0002745593956205994
129.55084481809172,1.0002501010894775,0.00027486830367706716
129.55152594218816,1.0001825094223022,0.0002750868152361363
129.55220716616896,0.9999319911003113,0.00027540611336007714
129.55288829027268,1.0004383325576782,0.00027570154634304345
129.55356931436836,0.9999913573265076,0.0002758971822913736
129.55425053846557,1.0002285242080688,0.0002760782663244754
129.5549316624456,1.0002108812332153,0.0002763305383268744
129.55561278654932,0.9998785853385925,0.00027647524257190526
129.55629401064652,0.99993896484375,0.00027663781656883657
129.55697513474297,0.9997285008430481,0.0002767614205367863
129.55765635872376,0.9996454119682312,0.0002768781560007483
129.5583374828202,0.9999173283576965,0.0002770031278487295
129.5590185069159,0.9999741315841675,0.00027709919959306717
129.5596996310196,1.0003175735473633,0.0002772097650449723
129.5603808550004,1.0003092288970947,0.00027724451501853764
129.56106197909685,0.9998854398727417,0.0002772934967651963
129.56174320319406,1.0002015829086304,0.00027723360108211637
129.5624243272905,1.000375509262085,0.00027736040647141635
129.5631054512778,0.9998718500137329,0.0002773981250356883
129.563786675375,0.999983012676239,0.00027728741406463087
129.56446779947146,0.9999184012413025,0.00027740010409615934
129.56514882345073,0.9997137784957886,0.0002774127933662385
129.56582994754717,0.9996829032897949,0.000277348211966455
129.56651117164438,0.9996997714042664,0.0002773533924482763
129.5671922957481,0.9999606609344482,0.0002773794694803655
129.56787341972813,0.9998505711555481,0.0002773288870230317
129.56855464382534,0.9996733069419861,0.0002772711159195751
129.56923576792178,0.9993360042572021,0.00027713360032066703
129.56991689201823,0.999671995639801,0.00027714422321878374
129.57059801600553,1.000048279762268,0.000277088227448985
129.57127914010198,0.9997264742851257,0.0002769126440398395
129.57196026419842,0.9998626708984375,0.00027681139181368053
129.57264148829563,1.0002249479293823,0.00027676523313857615
129.57332261227566,1.0002559423446655,0.0002766288525890559
129.57400373637938,1.0001088380813599,0.00027643644716590643
129.57468486047583,0.999808669090271,0.0002762779186014086
129.57536608445662,1.0001603364944458,0.00027613886049948633
129.5760471085523,0.9996415376663208,0.0002758906048256904
129.57672823264875,1.0001009702682495,0.00027577776927500963
129.57740945675323,0.9999216794967651,0.0002755795430857688
129.57809058073326,1.0000096559524536,0.0002754029119387269
129.5787717048297,1.000482201576233,0.00027526472695171833
129.5794529289269,0.9997304677963257,0.0002750203711912036
129.58013405290694,0.9999139904975891,0.00027481309371069074
129.5808151770034,0.9999465346336365,0.0002746422542259097
129.5814963011071,0.9997328519821167,0.0002745070378296077
129.58217742520355,1.0000470876693726,0.0002744270605035126
129.58285854918358,1.0000189542770386,0.0002742979268077761
129.5835397732808,0.9999096393585205,0.0002741818025242537
129.58422089737724,1.0004538297653198,0.00027413148200139403
129.58490202136454,0.9996317625045776,0.0002739918418228626
129.58558324546175,1.0004123449325562,0.00027400482213124633
129.5862643695582,1.000203251838684,0.0002739609917625785
129.58694539365388,0.9997085332870483,0.000273856392595917
129.58762661763467,1.000016689300537,0.00027382487314753234
129.5883077417384,0.9999490976333618,0.0002740036870818585
129.58898886583484,0.9998995065689087,0.0002740791824180633
129.58967008981563,0.9999872446060181,0.0002741400385275483
129.59035121391207,1.000304102897644,0.0002743289223872125
129.59103243800928,0.9997626543045044,0.00027448622859083116
129.5917135619893,0.9998561143875122,0.00027456661337055266
129.59239458609227,1.0003159046173096,0.0002749775303527713
129.5930757101887,0.9997474551200867,0.0002752133586909622
129.5937569341695,1.000197172164917,0.0002755582390818745
129.59443805826595,1.0002731084823608,0.00027590407989919186
129.5951191823624,1.0001548528671265,0.0002762620279099792
129.59580040635046,0.999996542930603,0.0002766365942079574
129.5964815304469,1.0001369714736938,0.0002769210550468415
129.59716265454335,0.9997344017028809,0.0002774525200948119
129.59784377852338,0.9999926686286926,0.0002779126225505024
129.59852490261983,0.9997429251670837,0.0002782908268272877
129.59920602672355,0.9998122453689575,0.00027867613243870437
129.59988725082076,0.9992152452468872,0.0002792221785057336
129.6005683748008,0.9995138049125671,0.00027957145357504487
129.60124949889723,0.9998605251312256,0.000280063773971051
129.60193062299368,1.0000375509262085,0.00028065979131497443
129.60261184697447,1.0000988245010376,0.0002811051090247929
129.60329287107743,0.9998612999916077,0.00028138182824477553
129.60397399517387,0.9999849200248718,0.0002819289220497012
129.60465521915467,1.0002212524414062,0.00028233087505213916
129.6053363432511,0.9999608397483826,0.0002825343981385231
129.60601746734756,0.9998607039451599,0.00028292121714912355
129.60669869133562,0.9999655485153198,0.0002832564932759851
129.60737981543207,1.0002351999282837,0.00028342902078293264
129.6080609395285,1.0002388954162598,0.000283769826637581
129.60874206350854,1.0002623796463013,0.0002839360386133194
129.609423187605,0.9998723864555359,0.0002840213419403881
129.6101043117087,1.0002145767211914,0.00028410868253558874
129.61078543568874,0.999814510345459,0.00028408467187546194
129.61146665978595,1.0002726316452026,0.00028406878118403256
129.6121477838824,1.0001925230026245,0.000283952453173697
129.61282900786318,0.9999428391456604,0.000283624540315941
129.61351013195963,0.999727189540863,0.00028350710636004806
129.6141911560626,1.0002915859222412,0.00028326641768217087
129.61487228004262,1.0002665519714355,0.0002829325385391712
129.61555350413983,1.0003172159194946,0.00028256067889742553
129.61623462811986,1.000247836112976,0.00028215310885570943
129.61691585221706,0.9997857809066772,0.000281618966255337
129.61759697632078,0.9998844861984253,0.0002811894519254565
129.6182781003008,1.0003288984298706,0.00028081866912543774
129.61895932439802,0.9997649788856506,0.00028030137764289975
129.6196403484937,1.0005450248718262,0.00027990012313239276
129.62032147247373,0.9999068379402161,0.0002793760795611888
129.62100269657822,1.0001715421676636,0.0002789379213936627
129.62168382067466,1.0003366470336914,0.0002784992684610188
129.6223649446547,1.0000635385513306,0.00027790828607976437
129.6230461687519,0.9999731779098511,0.000277625658782199
129.62372729284834,1.0006109476089478,0.0002772803418338299
129.62440841683565,0.9998620748519897,0.0002768464619293809
129.62508944093133,0.9999679923057556,0.00027650664560496807
129.62577066502854,1.0003894567489624,0.00027622125344350934
129.62645178900857,1.0001956224441528,0.0002759051858447492
129.62713291310502,1.0003880262374878,0.00027565480559132993
129.6278141370858,0.9997683763504028,0.0002753589069470763
129.62849526118953,0.9998290538787842,0.0002751527645159513
129.62917638528597,0.9999536871910095,0.0002749743580352515
129.62985760926676,1.0004069805145264,0.00027478596894070506
129.63053863336245,0.9996718168258667,0.0002746641403064132
129.63121975734975,0.9999752044677734,0.0002745848032645881
129.63190098144696,1.0001760721206665,0.0002744947269093245
129.6325821055434,1.0002256631851196,0.000274481630185619
129.63326322952344,0.9997982978820801,0.00027429175679571927
129.63394445362064,0.9998650550842285,0.0002744450466707349
129.6346255777171,1.000197410583496,0.0002745144010987133
129.6353067017044,1.0000675916671753,0.0002744998491834849
129.63598782580084,0.9999001026153564,0.00027465366292744875
129.63666894989728,1.0001802444458008,0.000274799473118037
129.63735007387731,0.9998517632484436,0.00027492144727148116
129.63803119797376,0.999867856502533,0.00027496751863509417
129.63871242196183,1.0002590417861938,0.000275315047474578
129.63939354605827,1.0000191926956177,0.00027555678389035165
129.64007467015472,1.0000691413879395,0.00027568748919293284
129.6407558941355,0.9999046325683594,0.00027604683418758214
129.64143701823195,0.9999613165855408,0.0002764263190329075
129.6421180422185,1.0000698566436768,0.000276779814157635
129.6427992663157,0.9998764991760254,0.0002771325525827706
129.64348039041215,0.9998733997344971,0.00027752903406508267
129.64416151439218,0.9999091625213623,0.00027789047453552485
129.6448427384894,0.9997349977493286,0.00027836320805363357
129.64552386246942,0.9999151825904846,0.00027882662834599614
129.6462050865739,0.9996641278266907,0.000279263622360304
129.64688621067035,1.000028133392334,0.0002797575434669852
129.6475672346496,0.999845564365387,0.00028021371690556407
129.64824835874606,0.9994135499000549,0.0002806472184602171
129.64892958272685,0.9999147057533264,0.0002811501908581704
129.64961070683057,1.0001176595687866,0.00028160930378362536
129.65029193092778,0.9997155666351318,0.00028195485356263816
129.6509730549078,1.0000200271606445,0.0002824320690706372
129.65165417900425,0.9998365044593811,0.0002827294811140746
129.65233540298505,0.9998449683189392,0.00028313399525359273
129.65301642708073,1.000077724456787,0.0002834383922163397
129.65369755118445,0.9998167753219604,0.0002836566709447652
129.65437867516448,0.999744713306427,0.00028383839526213706
129.6550598992617,1.0000290870666504,0.0002839942171704024
129.65574102324172,0.9998822212219238,0.0002840003580786288
129.65642214733816,0.999893844127655,0.00028397550340741873
129.65710337144264,0.9996569752693176,0.0002840726519934833
129.65778449542267,0.9999958276748657,0.00028405102784745395
129.65846551951836,1.0004756450653076,0.0002839868830051273
129.65914674349915,0.9997403621673584,0.00028373312670737505
129.6598278675956,1.0002026557922363,0.0002836389758158475
129.6605089915829,0.9998328685760498,0.00028340952121652663
129.6611902156801,0.9998738169670105,0.00028321024728938937
129.66187133977655,1.0000884532928467,0.00028296845266595483
129.66255246375658,1.0001274347305298,0.00028269359609112144
129.66323358785303,1.0002552270889282,0.00028227485017850995
129.66391471184033,1.0003371238708496,0.00028209754964336753
129.66459583593678,1.0002646446228027,0.0002817672793753445
129.6652769599168,1.0000779628753662,0.0002814157633110881
129.66595818401402,1.000463843345642,0.00028107408434152603
129.66663930811046,0.9997469186782837,0.00028069494874216616
129.6673204320905,1.0000293254852295,0.0002803693350870162
129.66800165619497,1.0003983974456787,0.00028004261548630893
129.668682780175,1.0000613927841187,0.00027967439382337034
129.6693638042707,1.0000759363174438,0.0002793340536300093
129.67004502825148,0.99970942735672,0.000278969993814826
129.67072615234792,1.0002180337905884,0.0002786922559607774
129.67140727633523,1.0001938343048096,0.0002782455994747579
129.67208850043244,1.0003606081008911,0.0002780974318739027
129.67276962452888,1.0003288984298706,0.0002778150956146419
129.6734507485089,0.9999315142631531,0.0002775281900539994
129.67413197260612,0.9997727274894714,0.0002772753359749913
129.67481299659266,1.0002875328063965,0.00027709934511221945
129.6754941206891,0.9998489022254944,0.0002767321129795164
129.67617524466914,1.0005024671554565,0.00027674148441292346
129.67685646876635,1.0002609491348267,0.0002765106037259102
129.67753759274638,0.9997509717941284,0.000276387290796265
129.67821881684358,0.9995375871658325,0.00027625219081528485
129.6788999409473,1.000288724899292,0.0002762155781965703
129.6795811649281,0.9999194741249084,0.00027610757388174534
129.68026208902302,0.9998993873596191,0.00027604115894064307
129.6809433130038,0.9997156262397766,0.0002758533810265362
129.68162443710025,1.0001671314239502,0.00027599965687841177
129.68230566108832,0.9998753070831299,0.0002759187773335725
129.68298678518477,1.0001389980316162,0.0002760119969025254
129.6836679091648,1.0001879930496216,0.00027590751415118575
129.684349133262,1.0000393390655518,0.00027608254458755255
129.68503025724203,0.9998999834060669,0.00027614060672931373
129.685711281345,0.9999248385429382,0.0002762271324172616
129.6863925054422,1.0000970363616943,0.0002763443917501718
129.68707362942223,1.0001835823059082,0.00027647981187328696
129.68775475351867,0.9999887347221375,0.00027646467788144946
129.68843597749947,0.9995824098587036,0.0002766550169326365
129.6891171015959,0.9998416900634766,0.0002769230050034821
129.68979822558322,1.0001590251922607,0.00027714206953532994
129.69047934967966,1.000144362449646,0.00027735118055716157
129.6911604736597,0.9996837377548218,0.0002775352040771395
129.69184159775614,1.0000333786010742,0.000277673447271809
129.69252272174344,0.9996980428695679,0.00027804053388535976
129.69320394584065,0.9999916553497314,0.0002783370728138834
129.69388506982068,0.9999594688415527,0.00027862339629791677
129.69456619391713,0.9999594688415527,0.0002789324789773673
129.69524741789792,1.0001777410507202,0.0002792655723169446
129.69592854199436,1.0002732276916504,0.00027960242005065084
129.6966095659809,0.9995848536491394,0.00027974817203357816
129.6972907900781,1.0000910758972168,0.00028027710504829884
129.69797191405814,0.9998942017555237,0.00028061465127393603
129.6986530381546,1.000129222869873,0.00028092251159250736
129.69933416213462,1.0005130767822266,0.0002813673345372081
129.7000153862391,1.000171184539795,0.0002816970518324524
129.70069651021913,1.0001280307769775,0.00028203779947943985
129.70137773431634,1.0003252029418945,0.00028238986851647496
129.7020587582956,1.000065565109253,0.0002826919371727854
129.70273988239205,1.00007164478302,0.0002830045123118907
129.70342100637936,0.9995931386947632,0.0002832565223798156
129.70410223047656,1.0002588033676147,0.0002835761697497219
129.7047833544566,0.9998217225074768,0.00028379069408401847
129.7054645785538,1.0000261068344116,0.0002840273082256317
129.70614570253383,1.0003151893615723,0.00028423944604583085
129.70682682663028,1.0003994703292847,0.00028440484311431646
129.70750785061682,0.9999030828475952,0.00028441959875635803
129.70818907471403,0.9997432827949524,0.0002845532144419849
129.70887019869406,1.0000438690185547,0.00028461843612603843
129.70955142279126,1.0003137588500977,0.0002846397983375937
129.7102325467713,0.9997453689575195,0.00028454646235331893
129.71091367087502,1.0001949071884155,0.0002844853443093598
129.7115948948558,0.9996090531349182,0.00028428880614228547
129.71227601895225,1.0001213550567627,0.00028413269319571555
129.71295704293152,1.000205636024475,0.0002838956716004759
129.71363816702797,0.999962568283081,0.0002835742197930813
129.71431939101603,0.9997465014457703,0.0002832066675182432
129.71500051511248,0.9996678233146667,0.0002827881253324449
129.71568173909327,1.0002161264419556,0.0002822494716383517
129.71636286318972,1.0002440214157104,0.000281893415376544
129.71704398716975,1.0001245737075806,0.00028135956381447613
129.7177251112662,0.9999130368232727,0.0002808001881930977
129.71840633525426,1.0000885725021362,0.0002802503004204482
129.71908735934994,1.000473976135254,0.00027971810777671635
129.71976848332997,0.9998151063919067,0.00027909473283216357
129.72044970742718,0.999690592288971,0.00027852572384290397
129.7211308314072,0.9997490644454956,0.00027798075461760163
129.72181195551093,1.0002857446670532,0.000277488463325426
129.72249317949172,0.9996463656425476,0.00027679515187628567
129.72317430358817,1.0001105070114136,0.0002764791715890169
129.7238554275682,1.000165581703186,0.000276030448731035
129.72453655166464,0.9997739791870117,0.00027550358208827674
129.72521767565195,1.0000501871109009,0.0002752027357928455
129.72589879963198,1.000108003616333,0.00027471184148453176
129.72657992372842,1.0000255107879639,0.0002745133824646473
129.7272611477092,1.0002436637878418,0.0002742373908404261
129.72794227180566,1.000288963317871,0.00027397696976549923
129.7286233957857,1.0003501176834106,0.00027374536148272455
129.72930461989017,1.000475525856018,0.0002735520829446614
129.72998564386944,1.000195860862732,0.0002732732391450554
129.7306667679659,1.0001174211502075,0.0002731716667767614
129.73134799194668,0.9998679161071777,0.0002730038540903479
129.73202911604312,0.9998553395271301,0.0002728050749283284
129.73271024003043,1.000060796737671,0.0002727700339164585
129.73339146412764,0.9995138049125671,0.00027261226205155253
129.73407258810767,0.9998441338539124,0.0002725277445279062
129.7347537120877,0.9999461770057678,0.00027242969372309744
129.73543483618414,1.000169277191162,0.0002723438374232501
129.73611596017145,1.0002224445343018,0.0002722473000176251
129.7367970842679,1.0000087022781372,0.0002721217751968652
129.73747830824868,1.0005927085876465,0.0002719293115660548
129.73815943234513,1.0000840425491333,0.0002719229378271848
129.73884055632516,1.0000994205474854,0.00027169293025508523
129.73952178042236,0.9996106624603271,0.0002717044553719461
129.74020290440967,1.0001840591430664,0.00027168181259185076
129.74088392838894,0.9997551441192627,0.00027144496561959386
129.74156515248615,1.000167727470398,0.00027157069416716695
129.74224627646618,1.0000406503677368,0.0002715362934395671
129.74292740056262,1.0001059770584106,0.0002715407172217965
129.7436086245507,1.0002084970474243,0.00027157156728208065
129.74428974864713,1.000046730041504,0.0002716043672990054
129.74497087262716,0.9995779395103455,0.00027149985544383526
129.74565209672437,1.0000526905059814,0.00027177116135135293
129.74633312070364,1.000049114227295,0.00027175890863873065
129.74701424469094,1.000289797782898,0.0002719976764637977
129.74769546878815,0.9999770522117615,0.0002722106291912496
129.74837659276818,1.0001569986343384,0.0002722862991504371
129.74905771686463,1.0001901388168335,0.0002725682861637324
129.74973894084542,0.9996629953384399,0.0002728224208112806
129.75042006482545,1.0001332759857178,0.0002731025742832571
129.75110118892917,0.9998223185539246,0.00027319492073729634
129.7517823129092,1.000211238861084,0.00027361843967810273
129.75246343700564,1.0001933574676514,0.00027386416331864893
129.75314456098567,1.0005152225494385,0.0002740868949331343
129.7538256850894,1.000059962272644,0.0002742053766269237
129.7545069090702,1.0001156330108643,0.0002745655947364867
129.75518803305022,0.9999290108680725,0.00027475220849737525
129.75586915714666,0.9997714757919312,0.0002748513361439109
129.75655038112745,1.0000089406967163,0.0002750905987340957
129.75723140522314,0.9998551607131958,0.0002752053551375866
129.75791252921044,0.9999048113822937,0.0002753108856268227
129.75859375330765,1.0000227689743042,0.0002754033776000142
129.75927487728768,0.9996697902679443,0.0002754456363618374
129.7599560012677,0.999825119972229,0.00027550337836146355
129.76063722536492,0.9999181032180786,0.00027554959524422884
129.76131834935222,0.9997994899749756,0.0002755695895757526
129.76199947344867,0.9999516010284424,0.00027560803573578596
129.76268049742794,0.999646008014679,0.0002755950845312327
129.76336172140873,0.9997723698616028,0.0002756289322860539
129.76404284550517,1.0001864433288574,0.0002756768371909857
129.76472396949248,0.9999593496322632,0.0002756764879450202
129.7654051935897,0.9998990893363953,0.0002755616733338684
129.76608631756972,0.9998599886894226,0.0002757243637461215
129.7667675415505,0.999987006187439,0.0002757053589448333
129.76744866564695,1.0000841617584229,0.00027575480635277927
129.7681296896335,1.0001248121261597,0.0002758825430646539
129.76881081372994,1.0000827312469482,0.000275937607511878
129.76949203771073,1.0001059770584106,0.00027600768953561783
129.77017316169076,0.9996867179870605,0.00027604930801317096
129.77085438578797,1.0002521276474,0.0002761744544841349
129.771535509768,1.000038743019104,0.0002762394433375448
129.77221663387172,1.0002585649490356,0.00027634616708382964
129.7728978578525,1.0001240968704224,0.00027628144016489387
129.77357888183178,0.999961256980896,0.0002764885139185935
129.77426000592823,1.000411868095398,0.00027660734485834837
129.77494122990902,1.0006955862045288,0.0002767099067568779
129.77562235388905,1.0002399682998657,0.0002767461119219661
129.77630347799277,0.9995469450950623,0.0002766213729046285
129.77698470197356,1.0000373125076294,0.0002767132536973804
129.77766582607,0.999873697757721,0.00027688214322552085
129.77834695005004,0.9998772740364075,0.0002769247512333095
129.77902807403007,0.9995347261428833,0.00027679838240146637
129.7797091981338,0.9999348521232605,0.00027699742349795997
129.78039032211382,1.0005154609680176,0.00027707041590474546
129.78107144609385,1.00016450881958,0.00027707291883416474
129.78175267019105,1.0000596046447754,0.00027709169080480933
129.78243379417108,0.9994003176689148,0.0002769313578028232
129.7831149182748,0.999826967716217,0.0002770549326669425
129.7837961422556,0.9998668432235718,0.00027716762269847095
129.78447716623486,1.000013828277588,0.00027721383958123624
129.7851582903313,0.9995219707489014,0.0002770812716335058
129.7858395143121,0.9998055696487427,0.0002771517902147025
129.7865206382994,1.0002321004867554,0.00027737129130400717
129.78720176239585,0.9998013973236084,0.00027732341550290585
129.78788288637588,1.0000666379928589,0.00027747201966121793
129.78856411035667,1.0001031160354614,0.00027747449348680675
129.78924523445312,0.9999756217002869,0.0002775946632027626
129.78992625843966,0.999985933303833,0.00027766008861362934
129.79060748253687,0.9999987483024597,0.0002775892207864672
129.7912886065169,1.0004463195800781,0.0002778238267637789
129.79196973049693,1.0002262592315674,0.00027785918791778386
129.79265095459414,0.9998446702957153,0.0002778672205749899
129.79333207857417,1.0000519752502441,0.00027791698812507093
129.79401330256223,0.9998155832290649,0.0002777826739475131
129.79469442665868,1.0002021789550781,0.00027780808159150183
129.7953755506387,1.0002353191375732,0.00027792411856353283
129.79605657461798,1.0001968145370483,0.0002778679772745818
129.79673779871518,0.9995258450508118,0.0002777374756988138
129.7974189227025,1.0004708766937256,0.00027770682936534286
129.79810004668252,1.0001235008239746,0.00027749533182941377
129.79878127077973,1.0001733303070068,0.0002773953601717949
129.79946239475976,1.0001848936080933,0.0002772187872324139
129.80014361874055,0.9999615550041199,0.00027699643396772444
129.800824742837,1.0003187656402588,0.00027680033235810697
129.80150576682354,1.0002015829086304,0.00027649058029055595
129.80218689091998,0.9997478127479553,0.00027627748204395175
129.80286811490078,1.0002481937408447,0.0002760570787359029
129.8035492388808,1.0000860691070557,0.0002757787297014147
129.8042304628616,1.0001983642578125,0.00027551641687750816
129.80491158696532,1.0002171993255615,0.0002752480504568666
129.80559271094535,1.0004329681396484,0.00027499115094542503
129.80627393504255,1.0008792877197266,0.0002747542457655072
129.80695495902182,1.0003000497817993,0.0002744396042544395
129.80763608300185,1.0001332759857178,0.00027416821103543043
129.80831720698916,0.9998976588249207,0.00027376259095035493
129.80899843108637,1.0001919269561768,0.00027368211885914207
129.8096795550664,0.9997528791427612,0.000273348530754447
129.81036067916284,1.0005744695663452,0.00027321575907990336
129.81104190314363,0.9999527335166931,0.0002730231499299407
129.81172302712366,1.000003695487976,0.0002728506806306541
129.8124040511102,1.000354528427124,0.0002727200335357338
129.8130852752074,1.0000652074813843,0.00027256461908109486
129.81376639918744,0.9997586607933044,0.00027242660871706903
129.81444752316747,1.000295877456665,0.00027238461188971996
129.8151286472712,1.0000123977661133,0.0002723049547057599
129.815809871252,0.9998290538787842,0.0002722632489167154
129.81649099523202,0.9996070861816406,0.00027225137455388904
129.81717211932846,0.999998927116394,0.0002723289071582258
129.8178532433085,0.9999229907989502,0.00027240609051659703
129.81853436728852,0.9997977018356323,0.00027251607389189303
129.81921549139224,0.9997687935829163,0.00027264340315014124
129.81989671537303,0.9997043609619141,0.00027286174008622766
129.82057783935306,0.9998586773872375,0.0002731074928306043
129.8212589633331,0.9998889565467834,0.00027337888604961336
129.8219401874303,0.9997372627258301,0.00027367263101041317
129.82262131141033,1.0002609491348267,0.0002740528143476695
129.82330233539687,0.9998950362205505,0.00027438875986263156
129.82398345949332,0.9995560050010681,0.0002746223472058773
129.8246646834741,0.9999839663505554,0.00027521449374035
129.82534580745414,1.0002598762512207,0.00027569170924834907
129.82602703155135,0.9999725818634033,0.0002761424402706325
129.82670815553865,1.0,0.0002766397374216467
129.82738927951868,0.9995457530021667,0.00027711084112524986
129.8280705036159,0.9994105100631714,0.0002776139008346945
129.82875152759516,0.9996907114982605,0.000278164487099275
129.8294326515752,1.0005896091461182,0.00027876521926373243
129.83011387556326,0.9998733997344971,0.00027923579909838736
129.8307949996597,0.9992278814315796,0.0002797032939270139
129.83147612363973,0.9999372363090515,0.0002802683156915009
129.83215734762052,0.9997852444648743,0.0002807456476148218
129.83283847171697,0.999622642993927,0.0002812088350765407
129.83351969569776,1.000159502029419,0.00028170045698061585
129.8342007196843,1.0001826286315918,0.00028212254983372986
129.83488184366433,0.9999184608459473,0.0002824895200319588
129.83556296776078,0.999832034111023,0.0002828399301506579
129.83624419174157,0.9998717904090881,0.00028316560201346874
129.8369253157216,1.0000516176223755,0.00028346164617687464
129.83760643982532,1.0001860857009888,0.00028371717780828476
129.8382876638061,1.0002059936523438,0.00028392966487444937
129.83896878778614,1.0003188848495483,0.00028413234394975007
129.8396498117654,0.9997286200523376,0.00028425882919691503
129.84033103586262,0.9995909929275513,0.00028434235719032586
129.84101215984992,1.000481367111206,0.00028463994385674596
129.84169328382995,1.0003000497817993,0.0002847953583113849
129.84237450781075,1.000056266784668,0.00028496154118329287
129.8430556319072,0.9998680353164673,0.00028508141986094415
129.84373675588722,0.9996950626373291,0.00028535621822811663
129.84441787987453,0.9998883605003357,0.00028562088846229017
129.84509900385456,0.9998566508293152,0.0002858940279111266
129.845780127951,0.9999272227287292,0.00028620410012081265
129.84646125193103,0.9995743632316589,0.00028638425283133984
129.84714247591182,0.9998059868812561,0.00028689223108813167
129.84782360001554,0.9999150037765503,0.0002872933982871473
129.84850472399557,1.0000585317611694,0.00028771470533683896
129.84918594797637,1.0000842809677124,0.0002881499531213194
129.8498670719564,0.9994512796401978,0.0002885510621126741
129.85054809593566,0.9998548030853271,0.0002890359319280833
129.8512292200394,1.0001064538955688,0.0002894628851208836
129.85191044402018,1.0000344514846802,0.0002899636747315526
129.8525915680002,1.0003668069839478,0.00029044010443612933
129.85327269209665,1.0005979537963867,0.00029076277860440314
129.85395391607744,0.9996861219406128,0.0002911846386268735
129.85463504005747,0.9999426603317261,0.0002916420344263315
129.85531626404554,0.999744713306427,0.000291871081572026
129.85599728814122,1.0002779960632324,0.00029235848342068493
129.85667841212125,0.9999657273292542,0.00029263371834531426
129.85735953610128,0.999618649482727,0.000292877055471763
129.85804076008208,0.9997223019599915,0.00029311972321011126
129.8587218841858,0.9995537996292114,0.0002933198120445013
129.8594031081666,1.0001081228256226,0.0002935755765065551
129.86008423214662,1.0001616477966309,0.0002937951066996902
129.86076535612665,0.9997872710227966,0.00029399697086773813
129.86144638010592,0.9997576475143433,0.0002942645223811269
129.8621276042104,0.9999447464942932,0.0002945813466794789
129.86280872819043,1.0001128911972046,0.0002949612680822611
129.86348995217122,1.000325322151184,0.0002954122319351882
129.86417107615125,1.0000652074813843,0.0002959030098281801
129.8648522002477,1.0000132322311401,0.00029649591306224465
129.8655334242285,0.9999879002571106,0.000297175400191918
129.8662145482158,1.0003639459609985,0.00029793617432005703
129.86689557219506,1.0004465579986572,0.00029886557604186237
129.86757679629227,1.000373363494873,0.000299826409900561
129.8682579202723,1.0005724430084229,0.00030090397922322154
129.86893904425233,0.9997246861457825,0.0003019832947757095
129.8696202682404,1.000483512878418,0.0003032611857634038
129.87030139233684,1.000451922416687,0.0003045466437470168
129.87098251631687,1.000007152557373,0.0003058584698010236
129.8716636402969,1.000518560409546,0.0003072751860599965
129.8723448642777,1.0001314878463745,0.00030865235021337867
129.87302588826424,0.9996634125709534,0.0003100059984717518
129.87370701236068,0.999896764755249,0.00031144352396950126
129.87438823634147,1.0001572370529175,0.00031282525742426515
129.8750693603215,1.0002440214157104,0.00031413554097525775
129.87575048430153,0.9999448657035828,0.00031534876325167716
129.87643160828884,0.9999049305915833,0.000316480960464105
129.87711283238605,0.9997659921646118,0.00031748239416629076
129.87779395636608,1.0002970695495605,0.00031838705763220787
129.8784750803461,0.999832034111023,0.00031906372169032693
129.87915620432614,0.9999820590019226,0.0003196140460204333
129.87983732830617,0.9998979568481445,0.0003199819475412369
129.8805184524099,1.000046730041504,0.0003201943763997406
129.88119967639068,0.9997973442077637,0.0003202226071152836
129.8818808003707,1.0001052618026733,0.0003201413492206484
129.88256192435074,0.9997431039810181,0.0003198666963726282
129.88324314844795,1.0002716779708862,0.00031952193239703774
129.8839241724345,0.9999406933784485,0.00031899785972200334
129.88460529641452,0.9998530149459839,0.00031837663846090436
129.8852865203953,0.9999533295631409,0.00031767060863785446
129.88596764437534,1.000256896018982,0.00031688454328104854
129.8866487684718,1.0000170469284058,0.00031588802812621
129.88732999245258,0.9995174407958984,0.0003150148841086775
129.88801111643988,1.000101923942566,0.0003139949985779822
129.88869234042068,0.9998576045036316,0.0003128799726255238
129.88937336439994,0.9999476671218872,0.0003119280154351145
129.89005448837997,0.9999856352806091,0.00031071799458004534
129.89073561247642,1.0001014471054077,0.00030973320826888084
129.8914168364645,1.0001477003097534,0.0003086303186137229
129.89209796044452,0.9997963309288025,0.0003075032727792859
129.8927791844253,1.0003187656402588,0.00030645926017314196
129.89346030840534,1.000225305557251,0.0003053807595279068
129.89414143250178,0.9998988509178162,0.00030419911490753293
129.89482245648833,1.000440001487732,0.0003033560933545232
129.89550368046912,1.0002236366271973,0.00030237846658565104
129.89618480444915,1.0003838539123535,0.00030147217330522835
129.89686592842918,0.9996156692504883,0.00030042522121220827
129.89754715252639,0.9997242093086243,0.00029973514028824866
129.89822827650642,1.0001267194747925,0.0002990028588101268
129.89890940049372,0.9992439150810242,0.00029823617660440505
129.8995906244745,1.0000489950180054,0.0002976504329126328
129.90027164845378,1.0001782178878784,0.00029707339126616716
129.9009527724338,0.9999009370803833,0.0002965167514048517
129.90163399653102,0.9995554089546204,0.00029600743437185884
129.90231512051832,1.0003734827041626,0.0002956362150143832
129.90299624449835,1.0002723932266235,0.00029524575802497566
129.90367746847915,1.000110149383545,0.0002948952023871243
129.90435859245918,1.0002741813659668,0.0002946195309050381
129.9050397164392,0.9998153448104858,0.00029434217140078545
129.90572084054293,1.0000430345535278,0.00029409336275421083
129.90640196452296,1.0001184940338135,0.0002940073318313807
129.907083088503,1.0001646280288696,0.00029389900737442076
129.90776421248302,0.9994602203369141,0.0002936465316452086
129.9084454364638,0.9998199343681335,0.0002937682729680091
129.9091265604511,1.0001122951507568,0.00029379039187915623
129.90980768443114,1.0000174045562744,0.0002937001409009099
129.91048890852835,1.0002673864364624,0.00029391469433903694
129.91116993250762,1.0003633499145508,0.0002940281410701573
129.91185105648765,1.0000951290130615,0.00029414138407446444
129.91253218047495,0.9998632073402405,0.00029422587249428034
129.91321340445575,0.9997694492340088,0.00029446196276694536
129.91389452843578,1.0000579357147217,0.0002946873428300023
129.91457575253298,0.9999422430992126,0.0002949053596239537
129.915256876513,0.9998756647109985,0.0002950712514575571
129.91593800049304,1.0001294612884521,0.0002954061783384532
129.9166190244796,1.000359058380127,0.00029569430625997484
129.91730024846038,0.9998019337654114,0.00029579040710814297
129.9179813724404,1.0002226829528809,0.00029616954270750284
129.9186625964212,0.9997650384902954,0.000296467769658193
129.91934372051765,0.9999884963035583,0.0002967426844406873
129.92002484450495,1.000189185142517,0.00029706594068557024
129.92070606848574,0.9999264478683472,0.0002973414957523346
129.92138719246577,0.9997422099113464,0.0002976191753987223
129.92206821644504,1.0002657175064087,0.0002979643177241087
129.92274944042583,0.9999423027038574,0.00029819124029017985
129.92343056441314,1.0002952814102173,0.00029860471840947866
129.92411168850958,0.9999898672103882,0.0002989158092532307
129.92479291249037,1.0000754594802856,0.00029926770366728306
129.9254740364704,1.0002063512802124,0.00029963781707920134
129.92615516045043,1.000045657157898,0.0003000012948177755
129.92683638443123,0.9998462200164795,0.0003003723395522684
129.92751740841777,0.9995847940444946,0.00030075840186327696
129.9281985323978,1.0001379251480103,0.0003012124798260629
129.9288797563786,1.0001107454299927,0.00030163960764184594
129.92956088035862,1.0002211332321167,0.0003020829171873629
129.93024200445507,0.9999598860740662,0.00030251004500314593
129.93092322844313,1.0002070665359497,0.0003029795770999044
129.93160435242316,1.000422477722168,0.00030344960396178067
129.93296660038322,1.0001773834228516,0.0003043359611183405
129.93364772436325,1.0002212524414062,0.00030478357803076506
129.93432884835056,1.0001068115234375,0.00030520663131028414
129.9350099723306,1.0001258850097656,0.0003056222340092063
129.9356911964278,1.0000710487365723,0.0003060170856770128
129.93637232040783,1.0002243518829346,0.0003064011107198894
129.93705344438786,1.000070571899414,0.0003067329525947571
129.93773466836865,0.9996577501296997,0.00030702073127031326
129.9384156923552,1.0002646446228027,0.00030729759600944817
129.93909681633522,1.0003710985183716,0.00030759567744098604
129.93977794031525,1.000425934791565,0.0003078003355767578
129.94045916429604,1.0000977516174316,0.000307937414618209
129.94114028827607,1.0000287294387817,0.000307996931951493
129.94182141226338,1.000106930732727,0.00030815525678917766
129.9425026363606,1.0000205039978027,0.00030821203836239874
129.94318376034062,0.9998772740364075,0.000308238435536623
129.94386478431989,1.0002033710479736,0.0003082751063629985
129.94454600830068,0.9996871948242188,0.0003082358161918819
129.94522713228798,1.0002743005752563,0.0003082597686443478
129.945908256268,1.0001780986785889,0.000308227667119354
129.9465894802488,1.0004338026046753,0.00030809154850430787
129.94727060422883,0.9998292326927185,0.0003081281902268529
129.94795182820963,0.9999081492424011,0.00030809600139036775
129.94863295230607,1.0004802942276,0.00030809943564236164
129.94931407629338,0.999746561050415,0.00030800243257544935
129.94999510027264,0.9995322227478027,0.00030789297306910157
129.95067632425344,0.999800980091095,0.00030793610494583845
129.95135744823347,1.0003726482391357,0.00030794102349318564
129.95203867221426,1.0000625848770142,0.00030788962612859905
129.95271979620156,0.999746561050415,0.00030784038244746625
129.9534009201816,0.9995351433753967,0.0003077947476413101
129.95408214416238,1.000192642211914,0.00030780318775214255
129.95476326814241,1.0000382661819458,0.0003077537112403661
129.95544429212168,1.0001749992370605,0.00030771223828196526
129.95612551610975,0.9997106194496155,0.00030761718517169356
129.95680664008978,0.9999573826789856,0.0003075581626035273
129.95748776418623,1.0000293254852295,0.0003074697160627693
129.95816898816702,0.999778687953949,0.0003073408151976764
129.95885011214705,0.9999880790710449,0.0003072161343879998
129.95953123612708,0.9997710585594177,0.0003070332168135792
129.96021236011438,0.9996066689491272,0.00030670975684188306
129.9608934840944,0.9997479915618896,0.0003064989869017154
129.96157460807444,1.0000745058059692,0.00030639252508990467
129.96225573205447,0.9999768137931824,0.00030599386082030833
129.96293695603526,0.9999581575393677,0.00030581746250391006
129.96361808002257,0.999798059463501,0.0003053724649362266
129.9642992040026,0.9999197125434875,0.00030517487903125584
129.96498032798263,1.0000464916229248,0.00030484856688417494
129.96566155196342,0.9995418787002563,0.0003044745826628059
129.9663425759427,0.9998077750205994,0.00030409483588300645
129.96702380004717,1.0000276565551758,0.00030371127650141716
129.9677049240272,0.9997358918190002,0.0003034741966985166
129.96838604800723,0.9997974634170532,0.0003030390362255275
129.96906717198726,0.9998946785926819,0.000302855420159176
129.96974839596805,0.9998697638511658,0.0003025580372195691
129.97042951995536,1.0000141859054565,0.0003022298915311694
129.9711106439354,0.9999282360076904,0.0003020292497240007
129.97179176791542,1.0001786947250366,0.00030180878820829093
129.97247289189545,0.9999596476554871,0.00030158006120473146
129.97315401587548,1.000065565109253,0.00030139644513837993
129.97383523985627,0.9999428987503052,0.00030121838790364563
129.97451636384358,1.0004109144210815,0.00030110508669167757
129.9751974878236,1.0000262260437012,0.000300951098324731
129.9758787118044,0.9997667670249939,0.0003008284547831863
129.97655983578443,0.9997562170028687,0.0003007415507454425
129.97724085977097,1.0002702474594116,0.0003006651531904936
129.977921983751,1.0002113580703735,0.0003006576735060662
129.9786032077318,0.9999062418937683,0.00030059381970204413
129.97928433171182,0.9999205470085144,0.000300563988275826
129.97996555569262,0.9998993873596191,0.00030054390663281083
129.98064667967265,1.0002875328063965,0.0003005536273121834
129.98132790365344,1.0003256797790527,0.0003005455364473164
129.98200902775716,0.9998558163642883,0.0003004986501764506
129.98269005173643,0.9999783635139465,0.0003004921309184283
129.98337117571646,1.0000747442245483,0.0003004367172252387
129.98405239969725,0.999988317489624,0.000300464074825868
129.98473352368455,0.9999533295631409,0.00030043843435123563
129.98541464766458,0.9995746612548828,0.00030038694967515767
129.98609587164538,0.9998381733894348,0.0003003804595209658
129.9867769956254,0.9997795224189758,0.0003003434685524553
129.98745811960544,0.9998146891593933,0.0003003077581524849
129.98813924358547,1.000031590461731,0.00030029087793082
129.98882036757277,0.9999961853027344,0.00030024535953998566
129.9895014915528,0.9999145865440369,0.00030019189580343664
129.9901827155336,0.9997212886810303,0.00030012737261131406
129.99086383951362,1.000238060951233,0.00030011017224751413
129.99154496349365,1.0000826120376587,0.00030004457221366465
129.99222618748172,1.0002148151397705,0.0002999903226736933
129.99290731146175,0.9997740387916565,0.0002998946001753211
129.99358833544102,1.0000734329223633,0.0002998464915435761
129.9942695594218,0.9997194409370422,0.000299683801131323
129.99495068340184,0.9999402165412903,0.000299677747534588
129.99563180738915,0.9999883770942688,0.0002995957911480218
129.99631293136918,0.9992272853851318,0.0002994433743879199
129.99699415534997,0.9996616244316101,0.00029937142971903086
129.99767527933,0.9996052384376526,0.00029925015405751765
129.99835640331003,1.000106692314148,0.00029916432686150074
129.99903752729006,1.0001113414764404,0.00029902294045314193
129.99971865127736,0.9997036457061768,0.00029884217656217515
130.0003997752574,0.9999006390571594,0.00029856167384423316
130.00108089923742,1.0002520084381104,0.0002985217433888465
130.0017621232182,1.000068187713623,0.0002982759033329785
130.00244324719824,0.9996604323387146,0.00029805328813381493
130.0031244711863,1.0001866817474365,0.00029785529477521777
130.00380559516634,1.0002458095550537,0.0002976148098241538
130.0044866191456,0.9998262524604797,0.0002973282535094768
130.00516774312564,0.9998282790184021,0.00029706605710089207
130.00584896710643,0.9995610117912292,0.0002967860200442374
130.00653009109374,0.9997766613960266,0.0002965124149341136
130.00721131507453,0.9999969601631165,0.0002962904400192201
130.00789243905456,0.9999664425849915,0.0002960284473374486
130.0085735630346,0.9996873736381531,0.0002957607212010771
130.00925478701538,1.000335693359375,0.0002955679374281317
130.00993581100192,0.9999803304672241,0.00029531269683502614
130.01061693498195,0.9998112320899963,0.0002950837661046535
130.01129815896275,0.9999083280563354,0.0002948964247480035
130.01197928294278,1.0003154277801514,0.0002947522734757513
130.0126604069228,0.9998590350151062,0.00029456234187819064
130.0133416309036,1.0004932880401611,0.00029448812711052597
130.0140227548909,0.9998980760574341,0.00029434653697535396
130.01470387887093,1.0000267028808594,0.0002942892606370151
130.0153849028502,0.9999504089355469,0.0002942511928267777
130.016066126831,0.9998340606689453,0.0002942517457995564
130.01674725081102,0.9998709559440613,0.00029423731029964983
130.0174284747991,1.000282883644104,0.00029442174127325416
130.01810959877912,1.0000985860824585,0.0002945431915577501
130.01879072275915,1.000274419784546,0.0002947445318568498
130.01947194673994,1.000191330909729,0.0002949782938230783
130.02015307071997,1.0000478029251099,0.0002952593204099685
130.02083409470652,1.0001083612442017,0.00029562090639956295
130.0215153186873,1.0001919269561768,0.00029597891261801124
130.02219644255092,0.9999710321426392,0.00029637623811140656
130.02287756653095,1.0003993511199951,0.00029694591648876667
130.02355869051098,0.999763548374176,0.0002976199029944837
130.02423991449177,1.0000300407409668,0.00029829118284396827
130.02492103847908,1.0000947713851929,0.00029899567016400397
130.0256021624591,1.000144600868225,0.0002996223629452288
130.0262833864399,0.9995065927505493,0.0003003672754857689
130.02696441041917,0.9997591376304626,0.00030127348145470023
130.0276455343992,0.9996444582939148,0.00030206996598280966
130.0283266583865,0.9995135068893433,0.00030307614360935986
130.0290078823673,0.9996389746665955,0.00030400793184526265
130.02968900634733,0.9995859265327454,0.0003048893413506448
130.03037013032736,0.9996025562286377,0.0003059117298107594
130.03105135430815,1.0000386238098145,0.0003069208760280162
130.03173247829545,1.000004529953003,0.0003078978625126183
130.03241350227472,1.000097632408142,0.00030889202025718987
130.0330947262555,1.000625729560852,0.0003099199675489217
130.03377585023554,0.999698281288147,0.0003108269884251058
130.03445697421557,0.9998336434364319,0.0003118047316092998
130.03513819819636,1.0002328157424927,0.0003127788077108562
130.03581932218367,0.9999879002571106,0.00031368594500236213
130.0365004461637,0.9996006488800049,0.00031444558408111334
130.03718167002808,1.000257134437561,0.000315410434268415
130.03786269400734,0.9997341632843018,0.00031625767587684095
130.03854381799465,0.9997103810310364,0.00031700448016636074
130.03922504197544,1.0000239610671997,0.00031780183780938387
130.03990616595547,1.0001527070999146,0.0003184650850016624
130.0405872899355,0.9997853636741638,0.00031909317476674914
130.0412685139163,0.9998196959495544,0.00031966681126505136
130.04194963789632,0.9997345805168152,0.00032010831637308
130.04263086187711,1.0000489950180054,0.00032062875106930733
130.04331188586366,0.9997696876525879,0.0003209908027201891
130.0439930098437,1.0000414848327637,0.00032122526317834854
130.04467413382372,0.9999590516090393,0.00032160728005692363
130.0453553578045,0.9998912215232849,0.00032183120492845774
130.04603648179182,1.0001702308654785,0.0003220367943868041
130.0467177056562,0.9999934434890747,0.00032216389081440866
130.04739882963622,1.0001845359802246,0.00032228013151325285
130.04807995361625,1.0000911951065063,0.0003222316154278815
130.04876097759552,1.0000379085540771,0.00032237739651463926
130.0494422015763,1.0004385709762573,0.00032240539439953864
130.05012332556362,1.0001108646392822,0.00032235891558229923
130.05080444954365,0.9996156692504883,0.00032227288465946913
130.05148567352444,1.0002881288528442,0.00032223720336332917
130.05216679750447,0.9999904036521912,0.00032211534562520683
130.0528479214845,0.9998619556427002,0.00032191179343499243
130.05352914547257,1.0003083944320679,0.00032184281735681
130.05421016945184,1.000205159187317,0.00032164453295990825
130.05489129343187,1.0001002550125122,0.000321422383422032
130.05557251729624,1.000063180923462,0.00032105942955240607
130.05625364127627,1.0001174211502075,0.00032090136664919555
130.05693476526358,0.9999606609344482,0.0003205226093996316
130.0576158892436,0.999509334564209,0.00032020435901358724
130.0582971132244,0.9994968175888062,0.0003198154445271939
130.05897823720443,1.0000675916671753,0.0003194338933099061
130.0596592611837,1.0001252889633179,0.00031897728331387043
130.06034048517176,0.9998791217803955,0.0003184524248354137
130.0610216091518,1.0000354051589966,0.00031779875280335546
130.0617027330154,0.9999088048934937,0.0003171972057316452
130.0623839569962,0.9998420476913452,0.0003166648675687611
130.06306508097623,1.000048041343689,0.0003158777835778892
130.06374620495626,0.9998451471328735,0.0003152532153762877
130.06442742894433,1.0001375675201416,0.0003145131631754339
130.0651084529236,0.9994809031486511,0.00031367881456390023
130.06578957690363,0.9998629093170166,0.0003128375392407179
130.06647070088366,1.0002111196517944,0.0003120943729300052
130.06715192486445,0.9997823238372803,0.0003112253616563976
130.06783304885175,1.0003547668457031,0.00031042657792568207
130.06851427283254,0.9998914003372192,0.0003095550637226552
130.06919539669616,0.9997762441635132,0.0003087148070335388
130.06987662067695,1.0001287460327148,0.00030780842644162476
130.07055754465546,0.9998276829719543,0.0003071089449804276
130.07123876864352,0.9997414946556091,0.0003063332405872643
130.07191989262355,1.000388741493225,0.000305634894175455
130.07260111660435,1.0002875328063965,0.0003049229853786528
130.07328224058438,1.000322699546814,0.0003042612224817276
130.073963364448,1.0000758171081543,0.0003036199195776135
130.07464458842878,0.9995335936546326,0.00030300457729026675
130.0753257124161,1.0002508163452148,0.00030253324075601995
130.07600673639536,1.0001307725906372,0.0003020491567440331
130.07668796037615,0.9996076226234436,0.0003015915572177619
130.07736908435618,1.0001420974731445,0.00030126815545372665
130.0780502083362,0.9999666810035706,0.0003009508363902569
130.07873143232428,0.9996993541717529,0.0003006205370184034
130.0794125563043,1.0000536441802979,0.00030051928479224443
130.08009368016792,0.9998171925544739,0.0003003734746016562
130.0807749041487,0.9997197389602661,0.00030023662839084864
130.08145592812798,1.0004382133483887,0.00030033671646378934
130.08213705211529,1.0000139474868774,0.00030023581348359585
130.08281827609608,0.999835729598999,0.00030045054154470563
130.0834994000761,1.0000098943710327,0.00030062897712923586
130.08418052393972,0.9998226761817932,0.0003007120976690203
130.08486164791975,1.000255823135376,0.0003011277876794338
130.08554287190054,1.0001847743988037,0.00030143512412905693
130.08622399588785,1.0000368356704712,0.00030177863663993776
130.08690501986712,0.9998679757118225,0.0003020326839759946
130.0875862438479,0.9998720288276672,0.0003025101905222982
130.08826736782794,1.000064730644226,0.00030304043320938945
130.08894849180797,0.9998117685317993,0.00030350356246344745
130.08962971567962,1.0000848770141602,0.000304020824842155
130.09031083965965,0.9998607635498047,0.00030452487408183515
130.09099196363968,0.9993422627449036,0.00030501422588713467
130.09167318762047,0.9998583793640137,0.00030559825245290995
130.09235421159974,1.000158667564392,0.0003061549796257168
130.09303533558705,0.9996793270111084,0.0003066661593038589
130.09371645945066,0.9996380805969238,0.00030719873029738665
130.09439768343145,1.0000724792480469,0.0003077536530327052
130.09507880741148,0.9997411370277405,0.0003082400362472981
130.09576003139227,0.9998028874397278,0.0003087312506977469
130.0964411553723,0.9999571442604065,0.0003092013648711145
130.0971222793596,0.9997011423110962,0.00030948934727348387
130.09780330333888,1.0002950429916382,0.00031003443291410804
130.09848452720325,1.0001590251922607,0.0003102518676314503
130.09916565118328,0.9999110102653503,0.0003105819341726601
130.0998467751706,0.9999232292175293,0.000310886069200933
130.10052799915138,1.000325083732605,0.00031109570409171283
130.1012091231314,0.9994915723800659,0.0003110943071078509
130.1018903471122,0.9997451305389404,0.00031122492509894073
130.10257147097582,0.9996801614761353,0.00031119881896302104
130.10325259495585,1.0000723600387573,0.0003111300466116518
130.1039336189424,1.0005824565887451,0.0003110049001406878
130.10461484292318,0.9996725916862488,0.00031071656849235296
130.1052959669032,1.0002727508544922,0.0003104805655311793
130.105977190884,1.0002517700195312,0.00031015879358164966
130.10665831474762,1.0004960298538208,0.0003098205488640815
130.10733943873493,1.000146746635437,0.000309294176986441
130.10802066271572,1.0000622272491455,0.0003090050595346838
130.10870178669575,1.0003775358200073,0.00030855590011924505
130.1093828105586,0.9999343156814575,0.00030816966318525374
130.1100640345394,1.000038743019104,0.00030776875792071223
130.11074515851942,0.9999030232429504,0.00030724023235961795
130.11142628250673,1.0000637769699097,0.0003069943923037499
130.11210740648676,1.0001397132873535,0.00030663900543004274
130.11278863046755,1.0002539157867432,0.0003063202602788806
130.11346975433116,1.0001791715621948,0.00030601490288972855
130.1141508783112,1.000166654586792,0.0003057497087866068
130.1148320022985,0.9995274543762207,0.00030535980476997793
130.11551312627853,1.000033974647522,0.00030520581640303135
130.11619425025856,0.9999412894248962,0.00030504941241815686
130.11687547412293,1.000112771987915,0.00030494865495711565
130.11755659810296,0.9999022483825684,0.000304860295727849
130.11823772209027,0.9999666810035706,0.0003049515071325004
130.1189188460703,0.9999496340751648,0.000304834742564708
130.1196000700511,1.0001180171966553,0.0003050035156775266
130.12028109391395,1.000171422958374,0.0003050806117244065
130.12096221789398,1.0000736713409424,0.0003051802923437208
130.12164344187477,0.9999407529830933,0.00030530596268363297
130.12232456586207,0.9998238682746887,0.0003053401305805892
130.1230056898421,0.9998227953910828,0.00030564868939109147
130.12368691370648,1.0003336668014526,0.0003059040172956884
130.1243680376865,0.9997289776802063,0.0003061064053326845
130.12504916166654,1.0001517534255981,0.00030633906135335565
130.12573028565384,1.0001158714294434,0.00030668993713334203
130.12641140963387,1.0003772974014282,0.00030689797131344676
130.1270925334975,0.9999486207962036,0.00030732026789337397
130.12777375747828,0.9999761581420898,0.00030767673160880804
130.1284548814583,0.9996302723884583,0.00030803182744421065
130.12913600544562,0.9999622702598572,0.0003084561903961003
130.1298172294264,0.9998274445533752,0.00030875959782861173
130.13049835329002,0.9999729990959167,0.00030922048608772457
130.1311793772693,1.0001699924468994,0.000309832306811586
130.13186060125008,1.000077724456787,0.00031021819449961185
130.1325417252374,1.00016450881958,0.0003108229429926723
130.133222849101,0.9999450445175171,0.00031143342494033277
130.1339040730818,0.9997094869613647,0.0003120158507954329
130.13458519706182,0.9992200136184692,0.00031261052936315536
130.13526642104262,0.9997967481613159,0.0003133034333586693
130.13594754502265,1.0000922679901123,0.0003138893807772547
130.13662856889277,1.0002890825271606,0.00031472547561861575
130.1373096928728,0.999498724937439,0.00031540499185211957
130.1379909168536,0.9997862577438354,0.0003161743516102433
130.13867204083363,1.0001500844955444,0.0003169720876030624
130.139353264698,0.9998739361763,0.0003177374601364136
130.1400343886853,1.0001041889190674,0.0003185472742188722
130.14071551266534,0.9999197125434875,0.00031922030029818416
130.14139663664537,1.000320315361023,0.00032005846151150763
130.14207776050898,1.000123143196106,0.00032094816560857
130.142758884489,0.9995438456535339,0.0003216985787730664
130.14344000847632,1.0000331401824951,0.00032239631400443614
130.1441212324571,0.9999982714653015,0.0003232033923268318
130.14480235643714,0.9998354911804199,0.0003239802026655525
130.14548348030075,0.9998507499694824,0.00032462948001921177
130.14616460428078,0.9996912479400635,0.00032529185409657657
130.14684582826158,0.999788761138916,0.00032599878613837063
130.1475268521317,0.9998267889022827,0.0003266174462623894
130.14820797611173,0.9993988871574402,0.00032706180354580283
130.14888920009253,1.0002248287200928,0.0003277745854575187
130.14957032407256,0.9998565912246704,0.00032815977465361357
130.15025144793617,0.9998611211776733,0.0003287488070782274
130.15093267192424,1.0001628398895264,0.0003292076871730387
130.15161379590427,1.0000708103179932,0.0003296041104476899
130.1522949198843,1.0001773834228516,0.0003298695373814553
130.1529760437479,0.9999476671218872,0.00033018016256392
130.15365716772794,1.000409722328186,0.0003304907586425543
130.15433829171525,0.9999170303344727,0.000330803741235286
130.15501941569528,1.0001970529556274,0.00033090930082835257
130.15570063955965,0.9998569488525391,0.0003310869506094605
130.15638176353968,0.999566912651062,0.0003311178588774055
130.15706298752048,1.0004876852035522,0.00033133753458969295
130.1577441115005,0.999923586845398,0.0003311992040835321
130.15842513537063,1.0003007650375366,0.0003312861663289368
130.15910625935066,1.00010347366333,0.00033117926795966923
130.15978748333146,0.9998623728752136,0.0003309596504550427
130.1604686073115,0.9998959898948669,0.00033081311266869307
130.16114983117586,0.9993360638618469,0.00033041322603821754
130.16183095516317,0.9999693632125854,0.00033026200253516436
130.1625120791432,0.9997924566268921,0.00032978106173686683
130.16319330300757,0.9994680881500244,0.0003294561174698174
130.16387432698684,0.9995612502098083,0.0003288885345682502
130.16455545096687,1.0002481937408447,0.0003284183330833912
130.16523667495494,0.99992835521698,0.00032794481376186013
130.16591779881855,0.9996638298034668,0.0003272133762948215
130.16659892279858,0.9996552467346191,0.00032668362837284803
130.16728014677938,1.000072717666626,0.000325934641296044
130.167961270643,0.9999958276748657,0.0003252416499890387
130.16864239462302,1.0000183582305908,0.0003245353000238538
130.16932351861033,1.0003173351287842,0.00032389847910963
130.17000464259036,1.0001524686813354,0.00032322792685590684
130.17068576645397,0.9999229907989502,0.000322497624438256
130.17136699043476,1.0000572204589844,0.0003216905752196908
130.1720481144148,0.9997570514678955,0.000321088737109676
130.17272923828568,1.000158667564392,0.0003204410313628614
130.1734103622657,1.0005806684494019,0.0003198135527782142
130.1740915862465,1.0003395080566406,0.00031916890293359756
130.17477261022577,1.000058889389038,0.00031854541157372296
130.1754537340894,1.0000331401824951,0.0003179738123435527
130.17613495807745,1.0002384185791016,0.00031745314481668174
130.17681608205748,1.0002461671829224,0.0003168941184412688
130.1774972059211,0.9999617338180542,0.0003164683876093477
130.1781784299019,1.0000455379486084,0.00031604606192559004
130.17885955388192,1.0003697872161865,0.00031555985333397985
130.17954067786923,1.0002800226211548,0.0003153204743284732
130.18022180173284,0.9998571276664734,0.0003148624673485756
130.18090292571287,1.0001907348632812,0.0003146156668663025
130.1815840496929,1.0004010200500488,0.0003145087684970349
130.18226517355652,1.000296711921692,0.0003141881024930626
130.1829463975373,1.0001444816589355,0.00031413580290973186
130.1836275215246,1.0002795457839966,0.00031390736694447696
130.18430864538823,1.0004478693008423,0.00031394773395732045
130.18498986936902,1.0001143217086792,0.0003137631865683943
130.18567099334905,1.000005841255188,0.0003138620813842863
130.18635201721918,1.000006914138794,0.00031376886181533337
130.18703324119997,1.0001976490020752,0.0003138363244943321
130.18771436518,0.9996483325958252,0.00031399098224937916
130.18839548904361,0.9999951720237732,0.0003141221823170781
130.1890767130244,0.9998670220375061,0.0003142413042951375
130.18975783700444,1.0001389980316162,0.0003144101647194475
130.19043906098523,1.0000884532928467,0.00031457337900064886
130.19112018485612,0.9999062418937683,0.0003147558600176126
130.1918012088354,0.9997143745422363,0.00031494503491558135
130.19248233281542,1.0001649856567383,0.0003150806005578488
130.1931635566798,0.9997456073760986,0.00031540050986222923
130.1938446806671,1.0001968145370483,0.0003155613085255027
130.1945259046479,0.9999285340309143,0.0003159130865242332
130.1952070285115,1.000488519668579,0.0003161578206345439
130.19588815249153,1.000321626663208,0.00031635817140340805
130.19656937647233,1.0000234842300415,0.00031660625245422125
130.19725040033518,0.9999508857727051,0.0003169819829054177
130.19793152432248,1.0003615617752075,0.0003172783472109586
130.19861264830251,1.000346302986145,0.00031742153805680573
130.1992938721669,0.999689519405365,0.00031762526487000287
130.19997499614692,1.0007041692733765,0.0003180339408572763
130.20065612012695,0.9998379349708557,0.00031807582126930356
130.2013373439986,1.0000495910644531,0.0003183867083862424
130.20201846797863,0.9998513460159302,0.0003184225643053651
130.2026994919579,0.9999107122421265,0.00031866400968283415
130.20338071582228,1.000241756439209,0.00031865519122220576
130.2040618398023,1.0002411603927612,0.00031880714232102036
130.2047429637896,1.0002048015594482,0.00031868365476839244
130.205424187654,1.0000213384628296,0.0003186596150044352
130.20610531163402,0.9998860955238342,0.0003185848763678223
130.20678643549763,1.0004618167877197,0.00031839017174206674
130.20746765947843,0.9997655749320984,0.0003180615894962102
130.20814868346497,1.0001132488250732,0.00031781106372363865
130.20882980732858,0.9998337626457214,0.000317479221848771
130.2095109313086,0.9998143911361694,0.0003172300348524004
130.2101921552894,1.0004498958587646,0.0003167657705489546
130.21087327915302,1.0000295639038086,0.00031631006277166307
130.21155440313305,0.9996346831321716,0.0003158796753268689
130.21223562712112,1.0001535415649414,0.000315490469802171
130.21291675098473,1.0003440380096436,0.0003150093834847212
130.213597774964,1.0000733137130737,0.00031434043194167316
130.2142789989448,0.9999228715896606,0.0003139082109555602
130.2149601228084,1.0000587701797485,0.0003132541314698756
130.2156412467957,0.9996623992919922,0.00031266731093637645
130.2163224707765,1.0000252723693848,0.00031213555485010147
130.21700359464012,0.9996466040611267,0.0003116667503491044
130.21768471862015,1.0000189542770386,0.00031113531440496445
130.21836594248452,0.9998116493225098,0.0003105709620285779
130.21904696647107,0.9997510313987732,0.0003099139721598476
130.2197280904511,1.000175952911377,0.0003095327992923558
130.22040931431548,1.0000444650650024,0.00030889653135091066
130.2210904382955,0.9998148083686829,0.000308509188471362
130.22177156215912,1.0001741647720337,0.00030806707218289375
130.2224527861399,1.0001260042190552,0.0003076258290093392
130.22313391012722,1.0000102519989014,0.000307086476823315
130.2238151339916,0.9998681545257568,0.0003066995705012232
130.22449615797086,1.000246286392212,0.00030638178577646613
130.2251772819509,1.0003584623336792,0.00030620189500041306
130.2258584058145,0.9992458820343018,0.00030573803815059364
130.22653962980257,1.000078797340393,0.00030569423688575625
130.2272207537826,1.0002210140228271,0.0003055277047678828
130.22790197764698,1.0001530647277832,0.00030539793078787625
130.228583101627,1.0001024007797241,0.0003051957464776933
130.22926422549062,1.0000447034835815,0.0003053027903661132
130.22994524947717,0.9994155764579773,0.0003052851534448564
130.23062647345796,1.0001177787780762,0.0003054373955819756
130.23130759732157,1.0001726150512695,0.0003056044224649668
130.2319887213016,1.0003002882003784,0.00030584397609345615
130.23266994516598,0.9999155402183533,0.0003061220922973007
130.233351069146,1.0000696182250977,0.0003065139171667397
130.23403219313332,0.9999758005142212,0.0003068517835345119
130.2347134169977,0.9998630881309509,0.0003075063868891448
130.23539444097696,1.0005786418914795,0.0003081926261074841
130.23607556484058,0.9998576045036316,0.0003088682424277067
130.2367566888206,1.0000916719436646,0.00030965812038630247
130.23743791280867,1.0000721216201782,0.00031053239945322275
130.2381190366723,1.0001084804534912,0.0003115845611318946
130.23880016065232,0.9996854066848755,0.0003127783420495689
130.2394813845167,1.0000934600830078,0.00031415969715453684
130.24016250849672,0.9998149871826172,0.00031556503381580114
130.24084353248327,0.9997233152389526,0.00031701187253929675
130.24152475634764,1.000518560409546,0.0003188990231137723
130.24220588032767,0.9999144077301025,0.00032073547481559217
130.2428870041913,1.000725269317627,0.00032283240579999983
130.24356822817208,0.9999469518661499,0.0003250113222748041
130.2442493521521,1.0000762939453125,0.0003274334012530744
130.244930476023,1.0002808570861816,0.00033006377634592354
130.2456117000038,0.9999557733535767,0.00033286502002738416
130.24629272386665,0.9998677372932434,0.0003358582325745374
130.24697384784668,0.9999242424964905,0.00033920558053068817
130.24765497171757,0.9998698234558105,0.00034273945493623614
130.24833619569836,0.9999301433563232,0.0003465451009105891
130.2490173196784,0.9999768733978271,0.00035061893868260086
130.24969854354276,0.9998807311058044,0.00035498218494467437
130.2503796675228,1.0000152587890625,0.000359659141395241
130.2510607913864,1.0001744031906128,0.0003646522818598896
130.25174181537295,1.0005565881729126,0.000369988294551149
130.25242303923733,1.000317931175232,0.00037563894875347614
130.25310416321736,0.999886691570282,0.00038163401768542826
130.25378538719815,0.9998539686203003,0.0003880289732478559
130.25446651106176,1.0003658533096313,0.0003948340017814189
130.25514763504907,0.999798595905304,0.00040198498754762113
130.25582885891345,0.9999839067459106,0.000409592263167724
