time,flux,flux_err
1410.9028475503978,0.997545063495636,0.0022276071831583977
1410.9042364559643,0.9949766397476196,0.0022233817726373672
1410.9056253615308,0.9953538179397583,0.002225428819656372
1410.9070142671112,0.9985352158546448,0.002227739430963993
1410.9084031726916,1.000945806503296,0.0022287878673523664
1410.9097920782726,0.9991188645362854,0.002229039091616869
1410.9111809838682,0.9953272342681885,0.002225365722551942
1410.9125698894632,0.9927783608436584,0.0022225782740861177
1410.9139587950588,0.9953405261039734,0.0022255845833569765
1410.9153477006696,1.0021766424179077,0.0022290670312941074
1410.91673660628,0.9980193376541138,0.0022269906476140022
1410.918125511904,1.0011407136917114,0.0022285240702331066
1410.9195144175142,0.9962832927703857,0.00222594547085464
1410.9209033231534,0.9990313649177551,0.0022268344182521105
1410.9222922287775,1.000335454940796,0.002227931981906295
1410.9236811344167,0.9953407645225525,0.0022253196220844984
1410.925070040056,0.999616265296936,0.00222702044993639
1410.926458945709,1.000720739364624,0.0022263769060373306
1410.9278478513486,0.9976373314857483,0.0022270148620009422
1410.929236757017,0.9967215657234192,0.0022258765529841185
1410.93062566267,1.0000659227371216,0.002226398792117834
1410.9320145683378,0.9977479577064514,0.0022253706119954586
1410.9334034740068,0.9998574256896973,0.002227861899882555
1410.9347923796904,0.9992749094963074,0.002226789714768529
1410.936181285358,1.0017776489257812,0.0022286262828856707
1410.9375701910556,0.9990195035934448,0.002228106837719679
1410.9389590967385,1.000839352607727,0.0022291610948741436
1410.9403480024353,0.9981613755226135,0.002224742202088237
1410.9417369081327,0.9973397254943848,0.0022228017915040255
1410.943125813845,1.0005677938461304,0.002226570388302207
1410.9445147195418,1.0032382011413574,0.002227609744295478
1410.945903625253,0.9986438751220703,0.002224513329565525
1410.9472925309797,1.0009069442749023,0.0022267375607043505
1410.9486814367062,0.9998140931129456,0.0022292337380349636
1410.9500703424321,0.9982163906097412,0.0022243631538003683
1410.9514592481594,0.9996020197868347,0.002228101948276162
1410.9528481539012,0.9983344078063965,0.0022265100851655006
1410.9542370596416,0.9989369511604309,0.002223730320110917
1410.9556259653975,1.0017646551132202,0.0022260185796767473
1410.9570148711387,0.9941426515579224,0.0022235955111682415
1410.9584037768936,0.9992917776107788,0.00222566700540483
1410.9611815884189,0.9994679689407349,0.0022250895854085684
1410.962570494189,0.9991504549980164,0.0022236371878534555
1410.9639593999732,0.9974812269210815,0.0022251438349485397
1410.9653483057434,1.0010967254638672,0.0022268621250987053
1410.9806262696222,1.0003048181533813,0.0022242902778089046
1410.9820151754502,0.9988831281661987,0.002225313801318407
1410.9834040812932,1.0012437105178833,0.0022278674878180027
1410.9847929871362,1.0001764297485352,0.0022238728124648333
1410.9861818929792,1.000024676322937,0.0022278206888586283
1410.9875707988367,1.000800609588623,0.0022232893388718367
1410.9889597046943,1.0057240724563599,0.0022294858936220407
1410.9903486105518,1.0021272897720337,0.0022249016910791397
1410.9917375164086,0.9998284578323364,0.0022234036587178707
1410.9931264222807,0.9988686442375183,0.0022235994692891836
1411.0014598575842,1.0038341283798218,0.0022267380263656378
1411.0028487634854,1.004734992980957,0.0022256358060985804
1411.0042376693873,1.002764105796814,0.0022270011249929667
1411.005626575303,1.0025800466537476,0.002226349199190736
1411.007015481219,1.002953290939331,0.0022252160124480724
1411.0084043871348,1.0005581378936768,0.002226968528702855
1411.0097932930498,1.0005987882614136,0.0022244020365178585
1411.0111821989801,1.0013829469680786,0.002224533585831523
1411.0125711049104,0.9977510571479797,0.0022219496313482523
1411.01396001084,1.0018223524093628,0.002227296121418476
1411.0153489167697,1.0027037858963013,0.002227643970400095
1411.0167378227145,1.0028135776519775,0.002226468874141574
1411.0181267286594,0.9987850785255432,0.0022219454403966665
1411.019515634618,0.9980232119560242,0.002221433212980628
1411.0209045405638,1.0038222074508667,0.0022287219762802124
1411.022293446524,0.9990814328193665,0.002223493531346321
1411.0236823524826,0.9999513030052185,0.002222379669547081
1411.025071258456,0.9991812109947205,0.002225460484623909
1411.0264601644299,1.0028376579284668,0.002225880976766348
1411.0278490704038,1.0034728050231934,0.002225915202870965
1411.029237976377,0.9971297979354858,0.002221181755885482
1411.0306268823656,0.9971826076507568,0.002221978036686778
1411.032015788354,1.000875473022461,0.0022217438090592623
1411.033404694342,1.0003130435943604,0.00222636922262609
1411.0347936003452,0.9999533891677856,0.002227339893579483
1411.0361825063337,0.9971812963485718,0.0022215931676328182
1411.037571412336,1.0010887384414673,0.0022257918026298285
1411.0389603183537,0.9993839263916016,0.002223511226475239
1411.0403492243574,0.9987055063247681,0.002222928451374173
1411.041738130375,0.9983676075935364,0.002222759183496237
1411.043127036392,0.9970150589942932,0.002222541719675064
1411.0445159424241,1.0003279447555542,0.002224501920863986
1411.0459048484563,1.0000656843185425,0.002223773393779993
1411.0486826605202,1.0034605264663696,0.0022267543245106936
1411.0514604725984,1.0009684562683105,0.0022227263543754816
1411.0528493786444,1.0006836652755737,0.002224584808573127
1411.0542382847057,1.0027819871902466,0.0022256418596953154
1411.055627190753,1.0019197463989258,0.0022226860746741295
1411.0570160968143,1.0013524293899536,0.0022234234493225813
1411.0584050028756,0.9983585476875305,0.0022233021445572376
1411.0597939089514,0.9995136857032776,0.0022248057648539543
1411.0611828150122,0.9981570839881897,0.0022241745609790087
1411.062571721088,1.0028010606765747,0.0022260560654103756
1411.0639606271784,1.0032705068588257,0.0022272851783782244
1411.0653495332535,0.9983482360839844,0.0022177265491336584
1411.0667384393432,1.0010849237442017,0.002222516806796193
1411.0681273454336,0.9965662956237793,0.002218658570200205
1411.069516251524,0.9950035214424133,0.0022179021034389734
1411.0709051576282,1.0019482374191284,0.0022230069153010845
1411.0722940637186,1.0007630586624146,0.0022235780488699675
1411.0736829698387,0.998442530632019,0.002219545189291239
1411.0750718759439,1.0030750036239624,0.0022243668790906668
1411.0764607820488,0.997769296169281,0.0022225419525057077
1411.079238594287,0.9990047216415405,0.0022226590663194656
1411.0806275004204,0.9983805418014526,0.002223460702225566
1411.0820164065399,1.0013023614883423,0.002222777111455798
1411.083405312674,0.9986255168914795,0.002220661612227559
1411.0847942188072,0.9980725646018982,0.0022190462332218885
1411.086183124956,1.0025731325149536,0.002224438823759556
1411.08757203109,0.9988563656806946,0.002221485832706094
1411.088960937238,0.9994267821311951,0.002222274197265506
1411.0903498433865,0.999622106552124,0.002222401788458228
1411.0917387495504,0.9990667104721069,0.0022228253073990345
1411.093127655699,0.996748149394989,0.0022185754496604204
1411.0945165618614,0.9990680813789368,0.002220899797976017
1411.095905468039,0.9997398853302002,0.0022218625526875257
1411.0972943742022,0.9991192817687988,0.002224321011453867
1411.0986832803792,0.9993466138839722,0.002222471171990037
1411.1000721865569,1.0010513067245483,0.002224315656349063
1411.1014610927348,1.000534176826477,0.002222203416749835
1411.1028499989118,0.9999586343765259,0.0022203975822776556
1411.104238905104,1.0001214742660522,0.0022230204194784164
1411.1056278112962,0.9959874153137207,0.002219207352027297
1411.1070167174878,0.9994332194328308,0.002223023446276784
1411.10840562368,1.0000357627868652,0.0022210499737411737
1411.1097945298875,1.0061428546905518,0.0022268169559538364
1411.1111834360943,1.0028339624404907,0.002223250223323703
1411.1125723423004,0.9984313249588013,0.0022182229440659285
1411.1139612485074,0.9987459182739258,0.002222557319328189
1411.1153501547287,1.001464605331421,0.002224334515631199
1411.1167390609494,0.9979947805404663,0.0022200255189090967
1411.1181279671707,1.0010629892349243,0.0022205663844943047
1411.119516873392,1.0030044317245483,0.0022268202155828476
1411.1209057796273,0.999444305896759,0.0022214686032384634
1411.122294685848,0.9981828927993774,0.0022224464919418097
1411.1236835920838,1.0000033378601074,0.0022238183300942183
1411.1250724983342,0.9982196688652039,0.0022196730133146048
1411.1264614045701,0.9996336102485657,0.0022212781477719545
1411.1278503108215,0.9977576732635498,0.0022223631385713816
1411.129239217072,0.9977874159812927,0.0022220381069928408
1411.1306281233217,0.9973661303520203,0.0022188143339008093
1411.132017029586,1.0003459453582764,0.0022212176118046045
1411.1334059358364,0.9989511370658875,0.0022208159789443016
1411.1347948421014,0.9973970055580139,0.002219410613179207
1411.1361837483657,0.9986594319343567,0.0022230243775993586
1411.1375726546453,0.9997941255569458,0.002220562659204006
1411.1389615609103,0.9956321716308594,0.0022182005923241377
1411.1403504671894,0.9995761513710022,0.0022199051454663277
1411.141739373469,0.9995976686477661,0.0022203042171895504
1411.1431282797637,1.00350821018219,0.0022225233260542154
1411.1445171860432,0.9991604685783386,0.002220924710854888
1411.1459060923366,1.0008034706115723,0.0022219002712517977
1411.1472949986307,1.0000475645065308,0.0022222157567739487
1411.1486839049248,0.9983164072036743,0.002220471389591694
1411.1500728112328,1.0048071146011353,0.002224057214334607
1411.151461717527,0.9989222884178162,0.0022197242360562086
1411.1528506238358,0.99993497133255,0.0022227505687624216
1411.1542395301437,0.9997339248657227,0.002221230883151293
1411.155628436467,0.9997450709342957,0.002220652299001813
1411.158406249098,0.9985814094543457,0.0022212250623852015
1411.1597951554206,0.9979767203330994,0.0022200613748282194
1411.161184061759,0.998866617679596,0.002220288384705782
1411.162572968083,0.9982235431671143,0.0022194937337189913
1411.16396187442,0.995258092880249,0.0022178629878908396
1411.165350780758,1.0011757612228394,0.002220520516857505
1411.1667396870957,0.9968552589416504,0.0022183151450008154
1411.1681285934328,0.9982583522796631,0.0022195661440491676
1411.1695174997851,0.9994576573371887,0.002219751477241516
1411.1709064061374,0.9972044229507446,0.0022180876694619656
1411.172295312489,1.0032835006713867,0.0022217018995434046
1411.1736842188407,1.0008820295333862,0.0022229384630918503
1411.175073125193,1.0001072883605957,0.002224717056378722
1411.1764620315598,0.997530996799469,0.0022207864094525576
1411.1778509379267,1.0036035776138306,0.002223716350272298
1411.1792398442944,1.0031236410140991,0.0022221109829843044
1411.1806287506613,0.9960156083106995,0.0022188499569892883
1411.182017657042,0.9975094795227051,0.0022184306290000677
1411.1834065634089,1.0001850128173828,0.0022261906415224075
1411.1847954697903,1.001220941543579,0.002223529387265444
1411.1861843761856,0.996292233467102,0.0022182369139045477
1411.1875732825663,1.0031250715255737,0.002221171511337161
1411.1889621889623,1.0010029077529907,0.0022209712769836187
1411.1903510953437,0.9992311000823975,0.002219162415713072
1411.191740001739,1.0002244710922241,0.0022186068817973137
1411.1931289081497,0.9978733062744141,0.0022212225012481213
1411.1945178145456,1.0021073818206787,0.0022204008419066668
1411.1959067209561,0.9995415806770325,0.0022200793027877808
1411.1972956273673,0.999333381652832,0.0022189219016581774
1411.1986845337779,0.9953809976577759,0.002216797089204192
1411.2000734401877,1.0066834688186646,0.0022256956435739994
1411.2014623465975,1.0022871494293213,0.002221682807430625
1411.2028512530226,1.0020413398742676,0.0022200888488441706
1411.2042401594479,0.9986562132835388,0.002219660207629204
1411.2056290658722,0.9959158301353455,0.0022196935024112463
1411.2070179722973,1.0005147457122803,0.0022215815261006355
1411.208406878737,1.0016911029815674,0.0022250486072152853
1411.2097957851613,1.0010912418365479,0.0022234455682337284
1411.211184691601,1.00126051902771,0.0022196583449840546
1411.2125735980412,0.9992799758911133,0.0022183547262102365
1411.2139625044954,0.9986793398857117,0.00222016335465014
1411.2153514109343,0.9991710186004639,0.0022219109814614058
1411.2167403173887,0.9988565444946289,0.002217637374997139
1411.2195181302964,0.9979541897773743,0.0022189319133758545
1411.2209070367505,0.9956106543540955,0.0022146867122501135
1411.2222959432193,0.9998593926429749,0.0022222320549190044
1411.2236848496727,1.0013638734817505,0.002221539616584778
1411.2250737561415,0.9989330172538757,0.002221189672127366
1411.2264626626102,1.000900387763977,0.002220542635768652
1411.2278515690928,0.9993419647216797,0.0022191789466887712
1411.2292404755608,1.0013000965118408,0.002219846472144127
1411.230629382045,1.002224326133728,0.0022223456762731075
1411.232018288529,0.9985259175300598,0.0022207454312592745
1411.2334071950115,1.002785086631775,0.0022206029389053583
1411.2347961014948,0.9973132014274597,0.0022154406178742647
1411.2361850079926,0.9987513422966003,0.0022193591576069593
1411.2375739144752,0.9987468719482422,0.002219401067122817
1411.2389628209723,0.999743640422821,0.0022197202779352665
1411.2403517274702,1.0011085271835327,0.0022197971120476723
1411.241740633968,0.9998775720596313,0.0022192997857928276
1411.2431295404797,1.0018575191497803,0.0022208457812666893
1411.2445184469777,0.9990387558937073,0.002219239016994834
1411.24590735349,1.001534104347229,0.002222706563770771
1411.2472962600025,0.998346209526062,0.0022190511226654053
1411.2486851665155,0.9967052936553955,0.0022188997827470303
1411.2500740730425,0.9978030920028687,0.0022186676505953074
1411.2514629795542,1.0021048784255981,0.002221484202891588
1411.2528518860804,1.0026084184646606,0.0022205798886716366
1411.2542407926073,1.0010254383087158,0.0022176746279001236
1411.2556296991343,1.00006902217865,0.0022196576464921236
1411.2570186056607,0.9982621073722839,0.0022197216749191284
1411.2584075122022,1.0009846687316895,0.0022203808184713125
1411.2597964187437,1.000424861907959,0.00221868883818388
1411.26118532527,0.9999768137931824,0.002221288625150919
1411.2625742318114,1.0020254850387573,0.002222133567556739
1411.2639631383681,0.9996230602264404,0.0022187447175383568
1411.2653520449096,1.00020432472229,0.0022211286704987288
1411.266740951465,1.0021802186965942,0.0022227303124964237
1411.2681298580064,1.0002751350402832,0.0022202765103429556
1411.2695187645625,1.0014287233352661,0.0022201400715857744
1411.270907671118,0.9969913363456726,0.0022156252525746822
1411.2722965776886,0.9952398538589478,0.0022157069761306047
1411.2736854842447,0.9998925924301147,0.002218646230176091
1411.2750743908146,1.0016374588012695,0.0022192616015672684
1411.2764632973851,1.0009504556655884,0.0022214865311980247
1411.2778522039557,1.0012781620025635,0.002218879060819745
1411.2792411105256,0.9976540207862854,0.0022179661318659782
1411.2806300170955,0.9990752339363098,0.0022196921054273844
1411.2820189236816,0.9970654249191284,0.0022169952280819416
1411.2834078302674,0.9994006752967834,0.002221034374088049
1411.2847967368518,0.9989122748374939,0.002218571025878191
1411.287574550022,1.0053478479385376,0.0022245971485972404
1411.2903523632062,1.0005308389663696,0.0022204117849469185
1411.291741269806,1.0025389194488525,0.0022224443964660168
1411.293130176405,0.9975388646125793,0.002218932379037142
1411.294519083004,1.002400279045105,0.0022209843154996634
1411.2959079896038,0.9994499683380127,0.0022203775588423014
1411.297296896218,1.0004022121429443,0.002217778703197837
1411.2986858028178,0.9989128112792969,0.002218445297330618
1411.3000747094327,1.0005162954330444,0.002218100242316723
1411.301463616047,1.0000882148742676,0.002218822715803981
1411.3028525226605,0.9969766139984131,0.00221611768938601
1411.3042414292893,1.0004608631134033,0.0022201212123036385
1411.3056303359035,1.0021594762802124,0.0022190085146576166
1411.3070192425316,1.0054285526275635,0.0022249468602240086
1411.3084081491597,1.0023276805877686,0.002222714712843299
1411.3097970557885,0.9996907114982605,0.002223018556833267
1411.3111859624175,1.001427412033081,0.002220738213509321
1411.3125748690456,0.9968773126602173,0.00221614888869226
1411.313963775689,0.999697208404541,0.0022197228390723467
1411.3153526823185,0.9976064562797546,0.0022200318053364754
1411.3167415889618,1.001450777053833,0.0022191291209310293
1411.3181304956051,0.9977941513061523,0.002217656932771206
1411.3195194022485,0.9961001873016357,0.002219170331954956
1411.3209083089057,0.9999871850013733,0.002221273723989725
1411.3222972155484,0.9984424114227295,0.0022185854613780975
1411.3236861222065,1.000069499015808,0.002222453011199832
1411.3250750288644,0.9947184324264526,0.0022147325798869133
1411.3264639355216,0.9969322085380554,0.0022165782283991575
1411.3278528421795,0.9961082339286804,0.0022168734576553106
1411.3292417488374,1.0044978857040405,0.002221066504716873
1411.3306306555091,1.0008875131607056,0.0022187302820384502
1411.332019562167,0.9991024136543274,0.002221460221335292
1411.3347973755128,0.9992891550064087,0.0022195554338395596
1411.3361862821846,0.9988579154014587,0.00221867929212749
1411.337575188857,1.000955581665039,0.0022212332114577293
1411.338964095544,0.9981776475906372,0.0022179055958986282
1411.3403530022158,0.9996559023857117,0.00222055078484118
1411.3417419089028,0.999845564365387,0.0022195084020495415
1411.3431308155898,1.0003176927566528,0.0022180138621479273
1411.3445197222761,0.9980696439743042,0.002218359149992466
1411.3459086289624,0.9995875358581543,0.0022199722006917
1411.347297535664,1.0020662546157837,0.0022196215577423573
1411.348686442351,0.9995278120040894,0.002217566594481468
1411.3500753490528,1.0000996589660645,0.0022212539333850145
1411.351464255755,1.0006929636001587,0.0022198501974344254
1411.3528531624565,1.0043975114822388,0.0022216173820197582
1411.3542420691574,0.9968284964561462,0.0022171020973473787
1411.355630975859,1.0002998113632202,0.0022204346023499966
1411.357019882575,1.0004427433013916,0.0022197337821125984
1411.358408789276,1.0007086992263794,0.0022190723102539778
1411.3597976959913,1.003062129020691,0.0022209067828953266
1411.3611866027074,1.0041980743408203,0.0022219757083803415
1411.3639644161392,0.992821455001831,0.0022146725095808506
1411.3653533228699,0.995469331741333,0.0022129854187369347
1411.3667422295866,1.0013340711593628,0.0022213889751583338
1411.3681311363173,1.0017144680023193,0.0022197228390723467
1411.369520043048,1.0006909370422363,0.002217212226241827
1411.3709089497786,0.9973750114440918,0.0022179028019309044
1411.3722978565086,1.0004527568817139,0.002219302346929908
1411.3736867632385,0.996936023235321,0.002216773107647896
1411.3750756699694,1.0012612342834473,0.0022195857018232346
1411.3764645767146,1.0003403425216675,0.00221924833022058
1411.3778534834591,0.9972739815711975,0.0022163873072713614
1411.3792423902044,0.9971796274185181,0.00221827975474298
1411.380631296935,0.9999692440032959,0.002218205714598298
1411.382020203694,1.0011893510818481,0.0022204008419066668
1411.3834091104393,1.0005472898483276,0.0022196066565811634
1411.3847980171852,1.0002022981643677,0.0022182385437190533
1411.386186923945,0.9990767240524292,0.002217593602836132
1411.3875758307042,0.9984385967254639,0.0022172690369188786
1411.3889647374494,1.00520658493042,0.002220571506768465
1411.3903536442092,1.00230073928833,0.002218408975750208
1411.3917425509828,0.9990376830101013,0.002218045527115464
1411.3931314577426,1.0040931701660156,0.0022217934019863605
1411.3945203645023,0.9959509968757629,0.002219377551227808
1411.395909271276,1.0036700963974,0.0022231857292354107
1411.3972981780503,0.9996322989463806,0.002220690716058016
1411.39868708481,0.9977467060089111,0.0022205235436558723
1411.4000759915837,0.9996620416641235,0.0022211726754903793
1411.4014648983728,1.0024514198303223,0.0022208881564438343
1411.4028538051477,1.0021514892578125,0.0022233191411942244
1411.404242711922,1.0012774467468262,0.0022229747846722603
1411.4056316187102,0.9983999133110046,0.0022197305224835873
1411.407020525499,0.9988400340080261,0.002217742847278714
1411.4084094322734,1.0035663843154907,0.0022221547551453114
1411.4097983390616,0.9986196756362915,0.0022186702117323875
1411.4111872458504,0.9988242387771606,0.0022197377402335405
1411.4125761526539,0.9970108866691589,0.00221627252176404
1411.4139650594423,0.9979576468467712,0.002220959635451436
1411.415353966245,1.0010488033294678,0.002221175003796816
1411.4167428730339,1.00054132938385,0.002218241337686777
1411.418131779838,1.000585675239563,0.0022194553166627884
1411.4195206866414,1.0031046867370605,0.0022199605591595173
1411.4209095934448,0.9942156076431274,0.002215988701209426
1411.4222985002482,0.9985915422439575,0.0022190127056092024
1411.4236874070655,0.9990299940109253,0.0022174399346113205
1411.4250763138689,0.9996686577796936,0.0022197829093784094
1411.4264652206869,0.9979991912841797,0.0022192182950675488
1411.4278541274898,1.0001221895217896,0.002221587346866727
1411.430631941125,0.9985507726669312,0.0022182553075253963
1411.432020847943,1.0023164749145508,0.002220492111518979
1411.4334097547749,1.000184178352356,0.0022206457797437906
1411.4347986615928,0.998208224773407,0.00222079292871058
1411.4361875684115,0.9964518547058105,0.0022162420209497213
1411.437576475244,0.99735426902771,0.0022194944322109222
1411.4389653820765,0.9994519352912903,0.0022221028339117765
1411.4403542889092,0.9976169466972351,0.002214253880083561
1411.441743195741,0.998408317565918,0.0022190287709236145
1411.443132102573,1.0035960674285889,0.0022202921099960804
1411.4445210094054,0.9988213777542114,0.002219361951574683
1411.4459099162525,0.9996063709259033,0.0022213715128600597
1411.4472988230843,0.9974498152732849,0.0022166348062455654
1411.4486877299314,1.000106930732727,0.0022196718491613865
1411.4500766367785,1.0003864765167236,0.0022198327351361513
1411.4514655436249,0.9995840787887573,0.0022199642844498158
1411.452854450472,0.998403787612915,0.0022193300537765026
1411.45424335732,1.0030547380447388,0.00222449516877532
1411.455632264167,1.0004099607467651,0.002217688364908099
1411.457021171028,0.9999489188194275,0.0022181719541549683
1411.458410077875,1.0015265941619873,0.0022213913034647703
1411.4597989847366,0.9974943995475769,0.002216791035607457
1411.4611878915975,1.0054067373275757,0.0022234623320400715
1411.4625767984592,1.001755952835083,0.0022209277376532555
1411.4639657053208,0.9976516366004944,0.002216784516349435
1411.4653546121817,0.9993559122085571,0.0022167100105434656
1411.466743519043,0.9999192953109741,0.002218523295596242
1411.4681324259045,1.0015136003494263,0.00221899407915771
1411.4695213327814,0.9995263814926147,0.0022207240108400583
1411.4709102396575,0.9965589046478271,0.0022167093120515347
1411.4722991465192,1.0017441511154175,0.0022206876892596483
1411.4736880533953,1.000382661819458,0.0022206567227840424
1411.4750769602708,0.9987524151802063,0.0022202630061656237
1411.4764658671616,1.0047495365142822,0.0022219615057110786
1411.4778547740377,1.001192331314087,0.002220063703134656
1411.4792436809132,0.9978746771812439,0.0022205132991075516
1411.4806325878033,0.996421754360199,0.002218089299276471
1411.4820214946797,1.0019999742507935,0.002220818540081382
1411.4834104015704,1.0047547817230225,0.002219950081780553
1411.4847993084604,1.0053070783615112,0.002223462099209428
1411.4861882153518,1.0007473230361938,0.0022244735155254602
1411.4875771222432,0.9972363710403442,0.0022171156015247107
1411.4889660291333,0.9992114901542664,0.002219302114099264
1411.4903549360386,0.9992331266403198,0.0022176464553922415
1411.4917438429293,0.999062180519104,0.002219065558165312
1411.4931327498196,0.994868278503418,0.002216616878286004
1411.4945216567241,0.999992847442627,0.00221873726695776
1411.4959105636294,0.9987014532089233,0.002216357970610261
1411.4972994705347,1.0018786191940308,0.0022210818715393543
1411.4986883774393,0.9963062405586243,0.002217400586232543
1411.5000772843446,1.0004631280899048,0.0022207777947187424
1411.5014661912498,0.999431848526001,0.002221269765868783
1411.502855098169,1.0012577772140503,0.002219908870756626
1411.504244005075,0.9998823404312134,0.002221393398940563
1411.5056329119955,0.9997350573539734,0.0022203167900443077
1411.5070218189003,0.9975104331970215,0.002217960311099887
1411.5084107258194,1.003986120223999,0.0022213838528841734
1411.5097996327393,0.9985364675521851,0.0022166739217936993
1411.511188539659,1.0008608102798462,0.0022197652142494917
1411.5139663535126,0.9971771836280823,0.002217183355242014
1411.5153552604324,0.9978835582733154,0.002219989662989974
1411.5167441673516,1.0032631158828735,0.002222153590992093
1411.518133074286,0.9992402791976929,0.002219594782218337
1411.5195219812206,0.9999068975448608,0.0022216548677533865
1411.520910888155,0.9989356994628906,0.002218724926933646
1411.5222997950893,1.0012826919555664,0.0022198488004505634
1411.5236887020237,1.000328779220581,0.0022226630244404078
1411.525077608958,0.999101459980011,0.0022197163198143244
1411.5264665158918,0.996353030204773,0.0022178434301167727
1411.5278554228262,0.9980852603912354,0.0022191067691892385
1411.529244329775,1.0004172325134277,0.002219528192654252
1411.5306332367088,0.9990606307983398,0.0022183589171618223
1411.532022143658,1.0036510229110718,0.0022231657058000565
1411.533411050607,0.9979945421218872,0.002218496985733509
1411.5347999575552,1.0009509325027466,0.0022219656966626644
1411.5361888645034,1.0003304481506348,0.002218910027295351
1411.537577771453,0.999376654624939,0.002219913760200143
1411.5389666784026,0.9938415288925171,0.0022184178233146667
1411.5403555853509,1.0011147260665894,0.0022191114258021116
1411.5417444923144,1.0002213716506958,0.0022192662581801414
1411.5431333992633,0.999372124671936,0.002216078108176589
1411.544522306226,0.9988277554512024,0.002217306289821863
1411.5459112131896,0.9977126717567444,0.002218529349192977
1411.5473001201387,0.9981642961502075,0.0022183237597346306
1411.5486890271015,0.9989211559295654,0.0022194564808160067
1411.5500779340643,1.000480055809021,0.002219701884314418
1411.5514668410424,0.9967656135559082,0.0022160045336931944
1411.5528557480059,1.0023845434188843,0.0022232586052268744
1411.5542446549694,0.9996208548545837,0.0022204413544386625
1411.555633561948,0.9972643256187439,0.002219555666670203
1411.5570224689116,1.0022711753845215,0.002221734495833516
1411.558411375889,0.9996969699859619,0.002219414571300149
1411.5598002828665,0.998738169670105,0.0022193824406713247
1411.5611891898445,0.9998978972434998,0.002219047863036394
1411.562578096808,1.003260612487793,0.002222254639491439
1411.5639670038,1.0000686645507812,0.0022200867533683777
1411.565355910778,0.994892954826355,0.002219121204689145
1411.566744817756,1.000113844871521,0.002221467439085245
1411.5681337247333,0.9989879131317139,0.002218915382400155
1411.569522631726,0.9999533891677856,0.0022200813982635736
1411.5709115387046,1.0008115768432617,0.0022194914054125547
1411.5723004456975,1.000711441040039,0.002220027381554246
1411.5736893526894,1.0003782510757446,0.0022171977907419205
1411.575078259682,1.001336932182312,0.002220019232481718
1411.57646716666,1.0003464221954346,0.0022182695101946592
1411.5778560736665,0.9962143301963806,0.0022175065241754055
1411.579244980659,1.0031651258468628,0.0022240947000682354
1411.5806338876516,0.9960436820983887,0.0022170203737914562
1411.5820227946435,0.9983559846878052,0.0022226993460208178
1411.5834117016507,0.9964776039123535,0.002217574045062065
1411.5848006086433,0.9981575012207031,0.0022188813891261816
1411.58618951565,1.001810073852539,0.0022210129536688328
1411.587578422657,0.9989067912101746,0.0022201905958354473
1411.5889673296504,1.0015369653701782,0.002221167553216219
1411.5903562366575,1.0,0.002220153110101819
1411.591745143664,0.9951251745223999,0.0022182557731866837
1411.593134050671,0.9998459219932556,0.0022201472893357277
1411.5945229576782,1.0001479387283325,0.002222523558884859
1411.5959118646992,0.998914361000061,0.002220967086032033
1411.5973007717064,1.001452922821045,0.002219545654952526
1411.5986896787283,0.9984487295150757,0.002220145193859935
1411.6000785857348,0.9995566606521606,0.0022206094581633806
1411.6014674927558,0.9966421723365784,0.002218071138486266
1411.602856399763,0.999000072479248,0.0022206986322999
1411.6042453067853,1.0005632638931274,0.0022219803649932146
1411.605634213807,0.9974584579467773,0.002217572182416916
1411.6070231208287,0.998286783695221,0.0022189009469002485
1411.6084120278504,1.000894546508789,0.00222012004815042
1411.609800934886,1.0040630102157593,0.0022217845544219017
1411.6111898419078,0.9965469837188721,0.0022207743022590876
1411.6125787489295,1.0038825273513794,0.0022218709345906973
1411.613967655965,1.0009831190109253,0.002218743320554495
1411.615356562986,1.0000336170196533,0.002221828792244196
1411.6167454700224,1.0003119707107544,0.002219829708337784
1411.6181343770586,0.9960923194885254,0.0022176259662956
1411.6195232840796,1.0024409294128418,0.0022213959600776434
1411.6209121911158,1.0028916597366333,0.0022237568628042936
1411.6223010981528,0.995699405670166,0.002220859518274665
1411.6236900051892,0.998885989189148,0.002219836926087737
1411.62507891224,0.9984294772148132,0.0022213454358279705
1411.6264678192763,1.0023175477981567,0.0022211172617971897
1411.6278567263118,1.0006777048110962,0.0022196201607584953
1411.629245633362,0.9993700981140137,0.0022176927886903286
1411.6306345403982,0.9971000552177429,0.0022188937291502953
1411.632023447449,0.9966934323310852,0.0022196813952177763
1411.6334123544846,0.9989946484565735,0.002219425980001688
1411.6348012615354,1.002380132675171,0.0022218760568648577
1411.6361901685862,0.9989910125732422,0.0022187125869095325
1411.6375790756363,1.0007389783859253,0.0022207244765013456
1411.638967982688,1.000717043876648,0.002219574758782983
1411.6403568897395,0.9976733326911926,0.0022179768420755863
1411.6417457967896,0.999417781829834,0.0022201789543032646
1411.6431347038542,0.9973148107528687,0.0022181582171469927
1411.644523610905,0.9997506141662598,0.0022210420574992895
1411.6459125179558,1.003260612487793,0.0022232348565012217
1411.6473014250205,1.0002307891845703,0.0022197102662175894
1411.6486903320858,0.9997055530548096,0.0022190308663994074
1411.6500792391369,0.9998509883880615,0.0022198825608938932
1411.6514681462015,1.0024080276489258,0.002221985487267375
1411.6528570532669,0.9977619647979736,0.002220065798610449
1411.6542459603322,1.0000742673873901,0.0022186078131198883
1411.6556348673976,0.9992448091506958,0.0022177028004080057
1411.657023774463,1.00087571144104,0.0022197042126208544
1411.6584126815283,0.9998146891593933,0.0022220828104764223
1411.6598015885936,1.0002936124801636,0.0022205994464457035
1411.6611904956728,1.0009307861328125,0.002221103524789214
1411.6625794027384,0.9980072379112244,0.0022217566147446632
1411.6639683098183,1.0011909008026123,0.0022213200572878122
1411.665357216883,0.9989357590675354,0.0022183882538229227
1411.6667461239622,0.9973072409629822,0.0022181854583323
1411.668135031042,1.00054132938385,0.002219547051936388
1411.669523938122,0.9990934133529663,0.00221898197196424
1411.6709128451866,1.0035289525985718,0.0022216779179871082
1411.6723017522672,0.9980777502059937,0.0022169367875903845
1411.6736906593624,1.0005106925964355,0.002217937260866165
1411.6750795664416,1.0027451515197754,0.0022218378726392984
1411.6764684735215,1.0003715753555298,0.0022196436766535044
1411.6778573806016,0.9984275102615356,0.002217967761680484
1411.6792462876954,0.9962854385375977,0.002215432468801737
1411.6806351947746,1.0027128458023071,0.0022225885186344385
1411.682024101869,0.9975259900093079,0.0022178112994879484
1411.683413008949,1.0061628818511963,0.002221792470663786
1411.6848019160427,0.9998550415039062,0.002218176843598485
1411.6861908231372,0.9982382655143738,0.002219748916104436
1411.687579730217,1.001717209815979,0.002220305148512125
1411.6889686373117,1.0022214651107788,0.0022200855892151594
1411.6903575444069,1.00153648853302,0.002221958711743355
1411.6917464515013,0.9993740916252136,0.002219709800556302
1411.6931353586097,1.002853512763977,0.0022234159987419844
1411.6945242657034,0.99956876039505,0.002221585251390934
1411.6959131727979,0.9971619248390198,0.0022172562312334776
1411.6973020798923,0.9961495399475098,0.0022182695101946592
1411.6986909870006,0.9978867173194885,0.0022188692819327116
1411.700079894095,1.0004340410232544,0.0022188182920217514
1411.701468801204,0.999518632888794,0.0022188012953847647
1411.7028577083126,1.0001449584960938,0.0022204883862286806
1411.704246615407,1.002116084098816,0.0022210271563380957
1411.7056355225168,0.9980868101119995,0.002220361726358533
1411.7070244296258,0.9971455931663513,0.0022185046691447496
1411.708413336734,1.0017207860946655,0.00222032330930233
1411.7098022438431,1.005306601524353,0.002221540315076709
1411.7111911509521,0.9994176626205444,0.002218753332272172
1411.7125800580604,0.9964475631713867,0.002220644848421216
1411.7139689651694,0.9995347857475281,0.002219676971435547
1411.715357872293,1.0004570484161377,0.002219982910901308
1411.7167467794015,1.0003560781478882,0.0022181570529937744
1411.7181356865105,1.0046768188476562,0.002223565708845854
1411.719524593634,0.9982484579086304,0.0022180206142365932
1411.720913500757,1.0002986192703247,0.002220903057605028
1411.722302407866,0.9966043829917908,0.002217689761891961
1411.7236913149902,1.0012913942337036,0.0022208946757018566
1411.7250802221138,1.0027377605438232,0.002222539857029915
1411.7264691292366,0.9994795322418213,0.002218377310782671
1411.7278580363602,1.0012589693069458,0.0022200122475624084
1411.7292469434694,1.0005674362182617,0.002223134506493807
1411.7306358506069,1.000126600265503,0.0022195070050656796
1411.7320247577304,1.0000630617141724,0.0022209002636373043
1411.733413664854,0.9993835687637329,0.0022181114181876183
1411.7348025719768,0.999326229095459,0.0022190946619957685
1411.7361914790997,1.0002772808074951,0.0022226860746741295
1411.7375803862378,1.0057176351547241,0.0022220106329768896
1411.738969293362,0.998539388179779,0.0022175507619976997
1411.7403582005002,1.0012645721435547,0.002220716094598174
1411.7417471076385,0.9982166886329651,0.002218308625742793
1411.743136014762,0.9992501139640808,0.0022180473897606134
1411.7445249218995,1.0023751258850098,0.002219847636297345
1411.7459138290376,0.9980589151382446,0.0022232807241380215
1411.7473027361757,0.9996185302734375,0.00221964786760509
1411.7486916433131,1.00331711769104,0.0022220679093152285
1411.7500805504505,0.998217761516571,0.0022179041989147663
1411.7514694575887,0.998870849609375,0.002219593618065119
1411.7528583647268,1.0012686252593994,0.002219747519120574
1411.7542472718642,0.9969510436058044,0.0022161041852086782
1411.7556361790032,0.9997278451919556,0.002219994319602847
1411.7570250861565,0.9999804496765137,0.00221952423453331
1411.758413993294,0.9992719888687134,0.0022187072318047285
1411.759802900432,0.998190701007843,0.002218241337686777
1411.7611918075847,0.9992955327033997,0.0022191053722053766
1411.7625807147222,1.0003576278686523,0.002220296300947666
1411.7639696218741,1.0027170181274414,0.0022219063248485327
1411.7653585290268,1.0011011362075806,0.002218684647232294
1411.7667474361795,0.9977884888648987,0.002219140762463212
1411.7681363433169,1.001511573791504,0.0022196730133146048
1411.7695252504698,0.999492883682251,0.002217169152572751
1411.7709141576224,0.9972648620605469,0.002218415029346943
1411.772303064775,0.9993252754211426,0.0022178729996085167
1411.7736919719277,1.00241219997406,0.0022210925817489624
1411.7750808790804,1.0012521743774414,0.0022208725567907095
1411.7764697862476,1.0034434795379639,0.0022232760675251484
1411.7778586933996,1.000653862953186,0.002220199443399906
1411.7792476005523,1.0010510683059692,0.0022198224905878305
1411.7806365077197,0.995936393737793,0.0022166313137859106
1411.7820254148717,0.9993558526039124,0.0022176052443683147
1411.7834143220389,0.9988514184951782,0.0022186031565070152
1411.7848032291915,1.00140380859375,0.002221958013251424
1411.786192136358,1.0048725605010986,0.00222508586011827
1411.78758104351,1.004508137702942,0.0022265075240284204
1411.788969950678,1.0000829696655273,0.0022186385467648506
1411.7903588578458,1.0030927658081055,0.0022209633607417345
1411.7917477650124,0.9940623044967651,0.002215980552136898
1411.7931366721798,0.9940094351768494,0.002214597538113594
1411.794525579347,1.0026946067810059,0.0022209095768630505
1411.7959144865135,0.9985460638999939,0.002218513982370496
1411.7973033936807,0.9979621767997742,0.0022200574167072773
1411.798692300848,1.001150369644165,0.0022226038854569197
1411.8000812080145,1.0010939836502075,0.0022197721991688013
1411.8014701151956,0.9994252920150757,0.0022210662718862295
1411.8028590223628,0.9979321956634521,0.0022171884775161743
1411.80424792953,0.9927870035171509,0.002214584033936262
1411.8056368367118,0.9990089535713196,0.002219422487542033
1411.8070257438796,0.9997152090072632,0.002219479763880372
1411.8084146510616,1.001601219177246,0.0022193521726876497
1411.8098035582282,1.0006599426269531,0.0022209971211850643
1411.81119246541,0.9980719685554504,0.002220048336312175
1411.8125813725917,1.00057852268219,0.0022225312422960997
1411.8139702797582,1.002171516418457,0.00221893098205328
1411.8153591869393,0.9976919293403625,0.0022183344699442387
1411.816748094121,1.0034347772598267,0.0022200660314410925
1411.8181370013028,1.0018067359924316,0.0022208779118955135
1411.819525908484,1.0004316568374634,0.0022199933882802725
1411.820914815666,0.9961928725242615,0.00221538869664073
1411.8223037228483,0.9986696243286133,0.0022189056035131216
1411.82369263003,1.0006195306777954,0.002221005503088236
1411.8250815372264,0.9988540410995483,0.002218297217041254
1411.8264704444082,0.9987816214561462,0.0022175346966832876
1411.8278593515893,1.0030291080474854,0.0022217847872525454
1411.829248258785,1.0005085468292236,0.00221834983676672
1411.8306371659667,1.0012989044189453,0.002220622031018138
1411.832026073163,1.0035574436187744,0.00222391402348876
1411.8334149803443,1.0012171268463135,0.0022184273693710566
1411.8348038875406,0.9997465014457703,0.0022185971029102802
1411.8361927947224,0.999997615814209,0.002220617374405265
1411.837581701918,1.0004194974899292,0.002218731679022312
1411.838970609115,1.0017112493515015,0.002219739370048046
1411.840359516312,0.9998673796653748,0.0022175293415784836
1411.841748423493,1.001739263534546,0.0022214544005692005
1411.8431373306887,0.9992038011550903,0.002219039248302579
1411.844526237885,0.9969316124916077,0.002218264155089855
1411.8459151450813,1.0019451379776,0.0022209451999515295
1411.847304052277,0.9996580481529236,0.0022190616000443697
1411.8486929594735,0.9971194267272949,0.0022155458573251963
1411.8500818666844,1.0034759044647217,0.0022198818624019623
1411.85147077388,1.0011260509490967,0.002220330061390996
1411.8528596810763,0.9995916485786438,0.002220866736024618
1411.8542485882726,0.9962798953056335,0.002217684406787157
1411.8556374954835,0.9999405145645142,0.002220164518803358
1411.8570264026798,0.9979845881462097,0.0022181416861712933
1411.8584153098907,1.0025314092636108,0.0022195803467184305
1411.8598042170872,0.999525785446167,0.0022204802371561527
1411.8611931242974,1.0002877712249756,0.0022184031549841166
1411.8625820314937,1.000911831855774,0.002221181057393551
1411.8639709387046,0.9998401403427124,0.0022210259921848774
1411.8653598459148,0.9993027448654175,0.002219071378931403
1411.866748753111,0.9998581409454346,0.0022203370463103056
1411.868137660322,0.9965792298316956,0.0022181477397680283
1411.8695265675321,0.9990053772926331,0.0022182243410497904
1411.8709154747423,0.9993420243263245,0.002219614339992404
1411.8723043819539,1.0094019174575806,0.002223864896222949
1411.8736932891657,1.000620722770691,0.002221365924924612
1411.8750821963758,0.9985724091529846,0.002220695372670889
1411.8764711035867,1.002571702003479,0.0022222790867090225
1411.8778600107976,1.0007524490356445,0.00222203740850091
1411.8792489180078,0.9982737898826599,0.0022155672777444124
1411.880637825218,0.999692440032959,0.0022196739446371794
1411.8820267324434,0.9998390078544617,0.0022183554247021675
1411.8834156396542,0.9991475343704224,0.0022199812810868025
1411.8848045468644,0.9971944689750671,0.002217003609985113
1411.8861934540898,1.0022363662719727,0.0022203908301889896
1411.8875823613016,0.9994149208068848,0.0022203251719474792
1411.888971268527,1.0032552480697632,0.002221306785941124
1411.890360175738,0.9994877576828003,0.0022186320275068283
1411.8917490829633,1.0017590522766113,0.0022227626759558916
1411.8931379901735,1.0009385347366333,0.0022220697719603777
1411.8945268973982,1.0026618242263794,0.0022211004979908466
1411.8959158046237,0.9979420900344849,0.00221732328645885
1411.897304711849,0.9976935386657715,0.0022176047787070274
1411.8986936190593,1.0068687200546265,0.0022237987723201513
1411.900082526285,1.000881314277649,0.0022197605576366186
1411.9014714335103,0.9970012307167053,0.00221739592961967
1411.902860340735,1.0018713474273682,0.0022201098036020994
1411.9042492479612,1.0001325607299805,0.002222382463514805
1411.9056381551873,1.001432180404663,0.0022211179602891207
1411.907027062412,0.9966101050376892,0.002218627603724599
1411.9084159696367,0.9936291575431824,0.002217191504314542
1411.9098048768622,1.0045892000198364,0.002224553842097521
1411.9111937841021,1.0000919103622437,0.0022199067752808332
1411.912582691327,0.9999451041221619,0.0022216644138097763
1411.9139715985525,0.9990490078926086,0.0022184173576533794
1411.915360505778,0.9987408518791199,0.0022181374952197075
1411.9167494130172,0.9982624053955078,0.0022198210936039686
1411.9181383202426,0.9970923662185669,0.0022222299594432116
1411.9195272274826,0.9986248016357422,0.002218809677287936
1411.920916134708,0.9965693354606628,0.002218719106167555
1411.922305041948,1.0002670288085938,0.002220832509920001
1411.9236939491734,1.002577781677246,0.0022211065515875816
1411.9250828564134,0.9966145753860474,0.0022162669338285923
1411.9264717636383,1.0008060932159424,0.002218908164650202
1411.9278606708783,1.0008156299591064,0.0022196390200406313
1411.9292495781183,0.9975041151046753,0.0022193980403244495
1411.9306384853576,1.0014071464538574,0.002220583613961935
1411.932027392583,0.9993709325790405,0.0022194550838321447
1411.933416299823,1.0002837181091309,0.0022215009666979313
1411.9348052070623,0.9994956254959106,0.0022202597465366125
1411.9361941143015,0.9986633658409119,0.0022193766199052334
1411.9375830215424,0.9992213845252991,0.0022191645111888647
1411.938971928783,0.9990095496177673,0.0022171218879520893
1411.9403608360224,0.9977936744689941,0.0022189063020050526
1411.9417497432623,0.9980131983757019,0.0022202711552381516
1411.9431386505023,0.9967057704925537,0.0022177966311573982
1411.9445275577561,1.001273274421692,0.0022192734759300947
1411.9459164649961,0.996583104133606,0.002216710476204753
1411.947305372236,0.9999507069587708,0.0022180357482284307
1411.9486942794754,0.9989714026451111,0.0022183023393154144
1411.9500831867292,1.000672698020935,0.002219067420810461
1411.9514720939694,1.0015192031860352,0.0022214113269001245
1411.9528610012094,0.997133195400238,0.0022210078313946724
1411.954249908464,1.0001461505889893,0.002221370581537485
1411.9556388157046,0.9991948008537292,0.0022214995697140694
1411.957027722959,0.9991320967674255,0.002221672562882304
1411.9584166301984,1.0002094507217407,0.0022212383337318897
1411.959805537453,1.0008264780044556,0.002219507470726967
1411.9611944447074,0.9992777705192566,0.0022183414548635483
1411.9625833519467,1.0030200481414795,0.0022203708067536354
1411.9639722592005,1.0022351741790771,0.0022195405326783657
1411.965361166455,1.0008920431137085,0.0022188012953847647
1411.9667500736953,0.9978127479553223,0.0022161875385791063
1411.968138980949,1.0006256103515625,0.0022166853304952383
1411.9695278882036,1.0004018545150757,0.002218624809756875
1411.9709167954588,1.0008465051651,0.0022183444816619158
1411.9723057027134,0.9996996521949768,0.002215852029621601
1411.9736946099679,0.9974797368049622,0.0022178811486810446
1411.9750835172224,1.005977988243103,0.0022208045702427626
1411.9764724244762,1.0005857944488525,0.002216882538050413
1411.97786133173,0.999793291091919,0.0022192506585270166
1411.9792502389848,1.0025702714920044,0.0022195514757186174
1411.9806391462394,1.0005192756652832,0.0022164504043757915
1411.9820280534932,0.9959406852722168,0.002216820605099201
1411.9834169607477,1.0010926723480225,0.002218244830146432
1411.9848058680168,0.9986817240715027,0.002217263914644718
1411.9861947752713,1.0033012628555298,0.002220743102952838
1411.9875836825258,0.9988308548927307,0.002218484878540039
1411.9889725897804,0.998012363910675,0.002217127475887537
1411.9903614970497,1.0006837844848633,0.00221844925545156
1411.9917504043035,0.9948462843894958,0.0022171458695083857
1411.9931393115726,0.996817946434021,0.0022151481825858355
1411.994528218827,1.0026150941848755,0.0022176618222147226
1411.9959171260955,1.0007573366165161,0.002216597320511937
1411.99730603335,0.9988428950309753,0.002215445041656494
1411.998694940619,1.0012383460998535,0.0022197284270077944
1412.000083847873,0.9999839663505554,0.0022168923169374466
1412.0014727551413,1.000002384185791,0.002217786153778434
1412.0028616623965,1.0014632940292358,0.00221785856410861
1412.0042505696665,0.9952207207679749,0.0022136433981359005
1412.005639476935,0.9988425970077515,0.0022163933608680964
1412.007028384204,0.9966078996658325,0.0022155949845910072
1412.0084172914585,1.0002171993255615,0.002217812230810523
1412.009806198727,0.9993709325790405,0.00221987534314394
1412.011195105996,0.9998052716255188,0.002218944486230612
1412.012584013265,1.0044512748718262,0.0022197028156369925
1412.0139729205334,1.0004922151565552,0.002217157743871212
1412.0153618278018,1.0035598278045654,0.0022198637016117573
1412.016750735071,1.0001482963562012,0.0022175684571266174
1412.0181396423402,0.9986965656280518,0.002217632019892335
1412.0195285496093,1.0021867752075195,0.002221792470663786
1412.020917456879,1.004114031791687,0.0022201768588274717
1412.022306364148,1.0002360343933105,0.0022172024473547935
1412.0236952714165,0.997097909450531,0.0022149640135467052
1412.0250841786856,1.0003119707107544,0.0022181374952197075
1412.0264730859546,0.9999191761016846,0.0022160965017974377
1412.027861993223,1.0021133422851562,0.002220672555267811
1412.029250900506,1.000032663345337,0.0022183279506862164
1412.0306398077753,1.0017309188842773,0.0022177258506417274
1412.0320287150444,0.9979203939437866,0.0022148271091282368
1412.0334176223273,0.9993127584457397,0.002221201779320836
1412.0348065295964,1.0015188455581665,0.0022194646298885345
1412.0361954368661,1.000610589981079,0.0022184320259839296
1412.0389732514188,0.9979844689369202,0.002216208027675748
1412.0403621587025,1.0012259483337402,0.0022163093090057373
1412.0417510659709,1.0016155242919922,0.0022212087642401457
1412.043139973254,0.9981429576873779,0.0022151716984808445
1412.044528880523,1.001413106918335,0.0022176324855536222
1412.0459177878067,0.9990831613540649,0.0022147931158542633
1412.0473066950751,1.0040924549102783,0.002219071378931403
1412.0486956023587,1.0023843050003052,0.0022178208455443382
1412.0500845096424,0.9980418086051941,0.0022154878824949265
1412.0514734169108,0.9975844025611877,0.0022159514483064413
1412.052862324195,1.0001566410064697,0.002215353539213538
1412.0542512314794,1.002423644065857,0.0022183945402503014
1412.0556401387478,1.0000044107437134,0.0022154704201966524
1412.057029046031,0.9999620318412781,0.002215520478785038
1412.0584179533146,0.9963287115097046,0.002213807310909033
1412.0598068605982,1.000454068183899,0.0022194243501871824
1412.0611957678811,1.0024369955062866,0.0022189258597791195
1412.0625846751648,1.0000979900360107,0.002219131449237466
1412.0639735824338,1.0032191276550293,0.002218673238530755
1412.0653624897168,1.000859022140503,0.002219110494479537
1412.0667513970004,0.999534547328949,0.002216831548139453
1412.0681403042847,0.9995735287666321,0.0022175561171025038
1412.0695292115686,0.9970577359199524,0.002215385902673006
1412.0709181188515,0.9997750520706177,0.002217851346358657
1412.0723070261351,0.9994300603866577,0.002216801978647709
1412.0736959334333,0.9985743165016174,0.0022166769485920668
1412.0750848407163,0.996097981929779,0.0022149530705064535
1412.076473748,1.000184178352356,0.0022181111853569746
1412.0778626552835,0.9972947239875793,0.002214983804151416
1412.0792515625665,0.9992443323135376,0.002216867171227932
1412.08064046985,1.000883936882019,0.0022192413453012705
1412.0820293771483,0.9999905824661255,0.002220938680693507
1412.0834182844314,1.0016231536865234,0.002220878377556801
1412.084807191715,1.0052273273468018,0.0022212446201592684
1412.0861960989994,1.00144624710083,0.0022201265674084425
1412.0875850062976,1.000831961631775,0.002218539360910654
1412.0889739135805,0.999391496181488,0.0022184806875884533
1412.0903628208787,1.00320303440094,0.0022194222547113895
1412.0917517281623,1.001664161682129,0.002220703288912773
1412.0931406354453,0.9978500604629517,0.002215677872300148
1412.0945295427434,1.0021156072616577,0.0022191517055034637
1412.0959184500273,0.9964303374290466,0.0022159272339195013
1412.0973073573248,0.9964548945426941,0.0022162110544741154
1412.0986962646077,1.0023274421691895,0.0022206970024853945
1412.100085171906,0.9962584376335144,0.0022161866072565317
1412.1014740791902,0.9977999329566956,0.002216740744188428
1412.1028629864884,0.9962118268013,0.0022167572751641273
1412.1042518937866,1.0045063495635986,0.0022220558021217585
1412.1056408010702,0.9960958957672119,0.002217197325080633
1412.1070297083677,0.9982500672340393,0.00222017802298069
1412.1084186156652,0.9994476437568665,0.0022208865266293287
1412.109807522949,1.0011261701583862,0.002219986403360963
1412.1111964302472,1.0005338191986084,0.0022178280632942915
1412.1125853375447,1.0007232427597046,0.0022183123510330915
1412.1139742448283,1.0007904767990112,0.00221814401447773
1412.1153631521265,0.9975666403770447,0.002216488355770707
1412.116752059424,0.9983309507369995,0.0022188497241586447
1412.1181409667229,0.9999280571937561,0.0022203829139471054
1412.1195298740217,1.000457525253296,0.0022192306350916624
1412.120918781305,1.000520944595337,0.0022188066504895687
1412.1223076886024,1.002064824104309,0.0022189391311258078
1412.1236965959006,0.9995188117027283,0.0022190832532942295
1412.1250855031988,0.999049723148346,0.002216093707829714
1412.1264744104963,1.0009568929672241,0.002219726797193289
1412.1278633177944,0.9991611838340759,0.0022183198016136885
1412.1292522250926,1.0025808811187744,0.002221497008576989
1412.13064113239,0.9969225525856018,0.0022166192065924406
1412.1320300396883,1.0011053085327148,0.0022203070111572742
1412.1334189469874,1.0009607076644897,0.0022188308648765087
1412.1348078542856,1.0015208721160889,0.002219208749011159
1412.136196761583,0.9970862865447998,0.002216081600636244
1412.1375856688812,0.9987276792526245,0.0022178697399795055
1412.1389745761794,0.9984304308891296,0.002217549365013838
1412.140363483477,0.9990506768226624,0.00221827020868659
1412.1417523907896,1.0020925998687744,0.00221989001147449
1412.1431412980878,0.999794602394104,0.0022187598515301943
1412.1445302053853,1.0005978345870972,0.002217146335169673
1412.1459191126835,1.003446340560913,0.002219961956143379
1412.147308019982,1.0036187171936035,0.002221408998593688
1412.148696927294,0.9988428354263306,0.0022182497195899487
1412.1500858345921,0.9947128891944885,0.002215087180957198
1412.151474741891,1.0015381574630737,0.0022190180607140064
1412.1528636491892,0.9963366389274597,0.0022177414502948523
1412.1542525565012,0.9997190833091736,0.0022209263406693935
1412.1556414637994,1.0020874738693237,0.002220690483227372
1412.1570303710976,0.9993459582328796,0.002217957517132163
1412.1584192784096,0.9969998598098755,0.0022162029054015875
1412.159808185708,1.0007009506225586,0.002218733774498105
1412.1611970930207,0.9997361302375793,0.002220720751211047
1412.1625860003182,0.9990036487579346,0.0022180795203894377
1412.1639749076157,0.9998145699501038,0.0022173591423779726
1412.1653638149285,1.0031672716140747,0.0022182180546224117
1412.1667527222273,1.0019142627716064,0.002219927031546831
1412.16814162954,0.9955469965934753,0.00221808347851038
1412.1695305368382,1.0027700662612915,0.0022220537066459656
1412.170919444151,1.0020885467529297,0.0022192394826561213
1412.1723083514485,1.0017526149749756,0.0022201938554644585
1412.1736972587612,0.997883677482605,0.0022191964089870453
1412.1750861660596,0.9957404136657715,0.0022177095524966717
1412.1764750733716,0.9968960881233215,0.0022173887118697166
1412.1778639806837,0.9999839663505554,0.0022170518059283495
1412.1792528879819,1.00355064868927,0.00222274218685925
1412.1806417952946,1.0024644136428833,0.0022195603232830763
1412.1820307025928,1.004475712776184,0.0022209256421774626
1412.1834196099062,1.000840187072754,0.002220252063125372
1412.184808517219,1.0029008388519287,0.0022232558112591505
1412.1861974245164,0.997116208076477,0.002216801978647709
1412.1875863318294,0.9972693920135498,0.0022158557549118996
1412.188975239142,0.9986618161201477,0.0022175186313688755
1412.1903641464396,0.9975310564041138,0.00221826508641243
1412.1917530537517,0.9999876618385315,0.0022173996549099684
1412.1931419610644,1.0028096437454224,0.0022214995697140694
1412.1945308683771,1.0000861883163452,0.0022187663707882166
1412.1959197756746,1.0012165307998657,0.0022210737224668264
1412.1973086829873,1.001764178276062,0.002220521681010723
1412.1986975903008,0.9979487061500549,0.0022186816204339266
1412.2000864976137,1.0023939609527588,0.0022192848846316338
1412.2014754049264,1.0010045766830444,0.0022201298270374537
1412.2028643122392,0.9967668056488037,0.0022176667116582394
1412.2042532195367,1.002931833267212,0.002222644165158272
1412.2056421268487,0.9958376288414001,0.002216390334069729
1412.2070310341614,1.004224181175232,0.0022221356630325317
1412.2084199414742,1.0004807710647583,0.002217540517449379
1412.2098088487862,0.9996601343154907,0.0022177633363753557
1412.211197756099,1.0007081031799316,0.002218984067440033
1412.2125866634117,1.0045095682144165,0.0022245298605412245
1412.213975570724,0.9974747896194458,0.0022175651974976063
1412.2153644780367,0.9997379183769226,0.002218483481556177
1412.21675338535,1.0031014680862427,0.002218117006123066
1412.2181422926628,0.9983508586883545,0.0022184797562658787
1412.2195311999749,1.0028420686721802,0.002222759649157524
1412.2209201072876,1.0023112297058105,0.002223096787929535
1412.2223090146003,1.0023202896118164,0.002219654619693756
1412.2236979219124,1.0009009838104248,0.0022179794032126665
1412.2250868292251,0.9992497563362122,0.002217226894572377
1412.226475736538,1.0064314603805542,0.002223117044195533
1412.2278646438501,1.0003572702407837,0.0022220888640731573
1412.2292535511622,1.0020842552185059,0.0022233459167182446
1412.2306424584756,1.0053213834762573,0.0022242506965994835
1412.232031365789,0.9993317127227783,0.0022178366780281067
1412.233420273101,1.0010130405426025,0.002220131689682603
1412.2348091804138,0.9992638826370239,0.0022177177015691996
1412.236198087741,0.9976593852043152,0.0022166124545037746
1412.237586995053,0.9962822794914246,0.002215686487033963
1412.238975902366,1.0008344650268555,0.0022193591576069593
1412.2403648096788,1.000623345375061,0.0022198231890797615
1412.2417537169908,1.0052531957626343,0.0022212860640138388
1412.243142624303,1.0030769109725952,0.0022204271517693996
1412.2445315316302,0.9981381297111511,0.0022213796619325876
1412.245920438943,0.9993053078651428,0.0022169747389853
1412.2473093462556,1.0018426179885864,0.002220842055976391
1412.248698253569,1.001007318496704,0.002218055771663785
1412.2500871608818,0.9989541172981262,0.002217561472207308
1412.252864975521,1.0032250881195068,0.002219243673607707
1412.254253882834,1.0036735534667969,0.002221123082563281
1412.255642790146,0.9977912306785583,0.002216154243797064
1412.2570316974727,0.9981921911239624,0.002218555426225066
1412.2611984194248,1.0016729831695557,0.002216631080955267
1412.2625873267382,0.9984708428382874,0.0022182471584528685
1412.2639762340516,1.0010967254638672,0.002216933062300086
1412.2681429560039,0.9957224726676941,0.0022119723726063967
1412.2709207706425,0.9981589913368225,0.0022146303672343493
1412.2723096779553,0.999763011932373,0.0022174674086272717
1412.2736985852825,1.0011656284332275,0.0022189903538674116
1412.2820320291883,1.0003042221069336,0.002217718167230487
1412.2834209365149,1.004319190979004,0.002218774287030101
1412.2861987511542,1.0012260675430298,0.0022168410941958427
1412.287587658467,1.00204598903656,0.0022204387933015823
1412.2889765657935,1.0039385557174683,0.002220631344243884
1412.291754380419,0.9970430731773376,0.0022149926517158747
1412.2931432877458,1.0021923780441284,0.0022191775497049093
1412.2945321950585,1.0024453401565552,0.002220872323960066
1412.2959211023865,0.9978240132331848,0.002218055073171854
1412.2973100096992,1.002221703529358,0.0022213109768927097
1412.2986989170258,0.9974388480186462,0.002217333996668458
1412.3000878243386,1.0034767389297485,0.0022194990888237953
1412.3014767316658,0.9960907697677612,0.0022152222227305174
1412.3028656389924,1.0013890266418457,0.002217084402218461
1412.3042545463052,1.0005152225494385,0.0022165814880281687
1412.3056434536327,0.9982103705406189,0.0022177742794156075
1412.3070323609447,0.9995351433753967,0.002217790810391307
1412.308421268272,1.0058586597442627,0.0022206015419214964
1412.3098101755847,1.0044687986373901,0.0022199105005711317
1412.311199082912,0.999336302280426,0.002218373818323016
1412.3125879902248,0.9984747171401978,0.0022201344836503267
1412.313976897552,1.0018926858901978,0.0022187710274010897
1412.3153658048793,1.0013689994812012,0.0022210231982171535
1412.3167547121914,1.003849744796753,0.0022184373810887337
1412.3181436195189,0.9991609454154968,0.002217488596215844
1412.3195325268316,0.9996510148048401,0.0022186620626598597
1412.3209214341582,1.0003238916397095,0.002219752175733447
1412.3223103414848,1.0017741918563843,0.002218502340838313
1412.3236992487975,1.0018160343170166,0.002218795008957386
1412.3250881561248,1.0007685422897339,0.002214576583355665
1412.3264770634369,1.0019547939300537,0.0022186324931681156
1412.3278659707648,0.9994716644287109,0.0022176390048116446
1412.3292548780928,0.9997686743736267,0.002218646928668022
1412.330643785405,0.9999178647994995,0.0022174145560711622
1412.3320326927324,1.00079345703125,0.0022182785905897617
1412.333421600045,1.0022095441818237,0.0022244069259613752
1412.3348105073717,0.998242974281311,0.0022164585534483194
1412.3361994146983,0.9985848069190979,0.0022173698525875807
1412.337588322011,0.9964491724967957,0.0022171372547745705
1412.3389772293383,0.9985493421554565,0.0022162722889333963
1412.340366136665,1.0001544952392578,0.0022173600737005472
1412.3417550439776,0.997731626033783,0.0022160576190799475
1412.3431439513058,1.0002257823944092,0.0022182553075253963
1412.344532858633,1.0004934072494507,0.002219021786004305
1412.3473106732731,1.0019618272781372,0.002218635519966483
1412.351477395239,1.0011183023452759,0.002219865331426263
1412.3528663025663,1.0014100074768066,0.002219641814008355
1412.3542552098784,1.0001623630523682,0.0022160266526043415
1412.3556441172057,0.9975026249885559,0.0022163745015859604
1412.3570330245332,1.0016673803329468,0.00221831607632339
1412.3584219318452,1.0040422677993774,0.002217876724898815
1412.3598108391732,0.9997493624687195,0.002216806635260582
1412.3611997465011,0.9974725842475891,0.0022155765909701586
1412.3625886538277,0.997958779335022,0.002217902336269617
1412.3639775611398,1.002727746963501,0.0022190227173268795
1412.365366468467,0.9979547262191772,0.002214510226622224
1412.3667553757944,1.0031285285949707,0.0022185645066201687
1412.3681442831064,1.0011848211288452,0.002220137743279338
1412.369533190434,1.000715970993042,0.002219375455752015
1412.3709220977612,1.0008978843688965,0.0022178124636411667
1412.3723110050732,1.0031956434249878,0.002220684429630637
1412.3736999124005,0.9987377524375916,0.0022193591576069593
1412.3750888197285,0.9982331991195679,0.0022174047771841288
1412.3764777270558,0.9988299608230591,0.0022175239864736795
1412.3778666343678,0.998733639717102,0.002216832712292671
1412.379255541695,1.0025582313537598,0.002222011797130108
1412.3806444490224,0.9995837807655334,0.0022183293476700783
1412.3820333563344,0.998786449432373,0.002217112574726343
1412.3834222636617,1.0009359121322632,0.002220272785052657
1412.3848111709892,0.998080313205719,0.0022176255006343126
1412.3862000783158,0.9986932873725891,0.0022173572797328234
1412.3875889856286,1.001465082168579,0.0022171956952661276
1412.3889778929558,1.0004982948303223,0.002218822715803981
1412.3903668002824,1.0010261535644531,0.0022187144495546818
1412.3917557075952,0.9994413256645203,0.002217656932771206
1412.3931446149231,0.9991114139556885,0.0022179801017045975
1412.3945335222504,0.9976451992988586,0.00221751700155437
1412.395922429577,0.9956925511360168,0.0022157812491059303
1412.39731133689,1.0022633075714111,0.0022187787108123302
1412.3987002442173,1.00093412399292,0.002219422021880746
1412.4000891515439,0.9995332956314087,0.0022174150217324495
1412.4014780588566,1.0028678178787231,0.00221861619502306
1412.4028669661839,0.9961764812469482,0.0022143914829939604
1412.4042558735105,1.0015311241149902,0.0022187107242643833
1412.405644780837,0.9964341521263123,0.0022137013729661703
1412.4070336881505,0.9988550543785095,0.0022166864946484566
1412.4084225954787,1.001490831375122,0.0022164180409163237
1412.4098115028053,0.999364972114563,0.002219222718849778
1412.411200410118,0.997230052947998,0.0022090484853833914
1412.4125893174453,0.9972025752067566,0.002212588209658861
1412.4139782247719,0.998714029788971,0.0022136718034744263
1412.4153671320992,0.9982455968856812,0.0022140718065202236
1412.416756039412,0.9961705207824707,0.0022133230231702328
1412.4181449467385,0.9960348010063171,0.002213982865214348
1412.419533854065,0.999628484249115,0.002214752370491624
1412.4209227613778,1.0009697675704956,0.002219222020357847
1412.422311668705,0.9972788691520691,0.0022145549301058054
1412.4237005760326,0.9964561462402344,0.002215264132246375
1412.425089483346,0.9995659589767456,0.002216469496488571
1412.4264783906733,1.0054950714111328,0.00222056289203465
1412.427867298,1.0046321153640747,0.002220732858404517
1412.4292562053265,1.0017203092575073,0.0022176052443683147
1412.4306451126392,0.998755156993866,0.002216570544987917
1412.4320340199665,0.9984461665153503,0.0022169691510498524
1412.4334229272931,1.002439260482788,0.00221844925545156
1412.4348118346059,1.0030486583709717,0.002219573361799121
1412.4362007419334,1.0013656616210938,0.002218004083260894
1412.43758964926,0.9989817142486572,0.0022163945250213146
1412.4389785565734,0.9973009824752808,0.0022169763687998056
1412.4403674639013,1.001897931098938,0.002217890229076147
1412.441756371228,1.0010794401168823,0.002216129330918193
1412.44314527854,1.000433325767517,0.0022176355123519897
1412.4445341858673,1.0033687353134155,0.0022183845285326242
1412.4459230931946,1.0011836290359497,0.002215218497440219
1412.4473120005066,0.9996418356895447,0.0022171810269355774
1412.448700907834,1.0002083778381348,0.002216311637312174
1412.4500898151614,1.00172758102417,0.002217500703409314
1412.4514787224734,1.001210331916809,0.002216943772509694
1412.4528676298007,1.0015599727630615,0.0022193952463567257
1412.4542565371135,1.0033098459243774,0.002219101646915078
1412.4556454444407,1.0000765323638916,0.002218471374362707
1412.457034351768,0.9983530640602112,0.0022152704186737537
1412.4584232590807,0.9984713792800903,0.0022141411900520325
1412.459812166408,1.0016376972198486,0.002213030820712447
1412.4612010737349,0.9977115392684937,0.002214130712673068
1412.4625899810476,1.0006283521652222,0.0022180783562362194
1412.4639788883749,1.0024064779281616,0.002217348199337721
1412.465367795687,0.9961002469062805,0.00221315142698586
1412.4667567030142,0.9988390803337097,0.0022130520083010197
1412.4681456103415,1.0004570484161377,0.002215371001511812
1412.4695345176535,0.9999752044677734,0.00221536448225379
1412.4709234249808,0.9974877238273621,0.0022156278137117624
1412.4723123322942,0.9980856776237488,0.0022133593447506428
1412.4737012396215,0.9964593052864075,0.002212999854236841
1412.4778679615883,0.9984267354011536,0.002215760061517358
1412.4792568689004,0.996898353099823,0.002214862732216716
1412.4806457762277,0.9998933672904968,0.0022166590206325054
1412.4820346835404,0.9980619549751282,0.00221453164704144
1412.483423590867,0.9999000430107117,0.0022157884668558836
1412.484812498179,0.9976733326911926,0.002213862258940935
1412.4862014055063,0.9997199177742004,0.0022172052413225174
1412.4875903128197,1.0010401010513306,0.002216898836195469
1412.4889792201473,1.0024982690811157,0.002217997098341584
1412.49036812746,0.9995932579040527,0.0022171111777424812
1412.4917570347873,1.0008485317230225,0.0022165696136653423
1412.4931459420993,1.0007624626159668,0.0022184562403708696
1412.4945348494266,0.9953274726867676,0.0022125132381916046
1412.4959237567393,0.9992610216140747,0.0022145204711705446
1412.497312664066,1.0008615255355835,0.002216016873717308
1412.498701571378,1.0019493103027344,0.002215287648141384
1412.5000904787055,1.0007004737854004,0.0022158552892506123
1412.5014793860182,1.0003117322921753,0.0022154469043016434
1412.5028682933455,0.9950740337371826,0.002212849212810397
1412.504257200659,1.0032522678375244,0.0022196017671376467
1412.5056461079862,0.99881511926651,0.0022183218970894814
1412.5070350152982,0.9968958497047424,0.0022144289687275887
1412.5084239226255,1.0006030797958374,0.002215129788964987
1412.5098128299383,1.0000029802322388,0.00221536448225379
1412.5112017372649,0.9989400506019592,0.0022159614600241184
1412.512590644577,0.996619701385498,0.0022155188489705324
1412.5139795518896,0.9999399781227112,0.0022166778799146414
1412.5153684592171,1.0003960132598877,0.0022171097807586193
1412.5167573665292,0.9966193437576294,0.002213660627603531
1412.5181462738572,0.999294102191925,0.0022182269021868706
1412.5195351811706,0.9923903346061707,0.0022107602562755346
1412.5209240884826,0.9998766183853149,0.0022172213066369295
1412.52231299581,1.0000659227371216,0.002215744461864233
1412.5237019031226,0.9996681213378906,0.0022175833582878113
1412.5250908104347,0.998621940612793,0.002215596614405513
1412.5264797177613,0.9977180361747742,0.0022145474795252085
1412.5278686250742,1.0014406442642212,0.002217002445831895
1412.529257532387,1.0023137331008911,0.0022165817208588123
1412.5306464397136,0.998668372631073,0.002214717213064432
1412.5320353470263,1.0004472732543945,0.002215935382992029
1412.533424254339,0.9983160495758057,0.002213302068412304
1412.5348131616663,1.0019960403442383,0.002217374974861741
1412.536202068979,1.0020828247070312,0.0022168075665831566
1412.5375909762918,0.9993194341659546,0.002216220134869218
1412.5389798836047,1.0019375085830688,0.0022164410911500454
1412.5403687909313,1.0011221170425415,0.002216344466432929
1412.541757698244,1.000641942024231,0.0022168774157762527
1412.5431466055568,0.9955281615257263,0.0022123639937490225
1412.5445355128688,0.9996826648712158,0.0022181691601872444
1412.5459244201961,1.0034631490707397,0.0022185714915394783
1412.5473133275088,0.9980083703994751,0.002214177744463086
1412.548702234821,0.9989270567893982,0.0022147116251289845
1412.5500911421336,0.998771071434021,0.0022160811349749565
1412.5514800494616,0.9974480867385864,0.002215441083535552
1412.5528689567743,0.9989519715309143,0.0022154462058097124
1412.5542578640866,1.001097559928894,0.002217876259237528
1412.5556467713993,1.001844048500061,0.0022170012816786766
1412.557035678712,0.9983263611793518,0.0022149381693452597
1412.558424586024,0.9986823797225952,0.0022142520174384117
1412.5598134933514,1.003230094909668,0.002216879278421402
1412.5612024006641,1.0010838508605957,0.0022161442320793867
1412.5625913079762,0.9981369376182556,0.002213866915553808
1412.5639802152882,1.0007305145263672,0.002214813372120261
1412.565369122601,0.9985917806625366,0.00221652677282691
1412.5667580299146,0.9978373646736145,0.0022164902184158564
1412.5681469372273,0.9990083575248718,0.0022159337531775236
1412.56953584454,1.0066012144088745,0.0022206883877515793
1412.5709247518528,0.9996450543403625,0.002216814085841179
1412.5723136591648,1.0022437572479248,0.002219865098595619
1412.573702566492,0.9986989498138428,0.0022151609882712364
1412.5750914738048,0.9983341693878174,0.002215506276115775
1412.5764803811169,1.0005148649215698,0.0022165165282785892
1412.577869288429,1.002164363861084,0.0022172504104673862
1412.5792581957419,1.001376986503601,0.002218859037384391
1412.5806471030546,0.9975470304489136,0.002216618275269866
1412.5820360103673,1.0031733512878418,0.0022165258415043354
1412.5834249176808,0.9974580407142639,0.0022144848480820656
1412.5848138249935,0.9998497366905212,0.0022167139686644077
1412.5862027323055,1.000651478767395,0.0022175414487719536
1412.5875916396183,0.9957153797149658,0.002213801722973585
1412.5889805469164,0.9987088441848755,0.002215466694906354
1412.5903694542285,1.0027703046798706,0.002218101639300585
1412.5917583615405,0.9998793601989746,0.0022184508852660656
1412.5931472688533,0.9974495768547058,0.0022125409450381994
1412.5945361761662,1.0000046491622925,0.002216579392552376
1412.5959250834783,1.0007495880126953,0.0022163274697959423
1412.5973139907917,1.0000014305114746,0.002220094669610262
1412.598702898105,0.9997347593307495,0.0022154643665999174
1412.6000918054172,1.0021389722824097,0.0022177943028509617
1412.6014807127153,0.9938809871673584,0.002213602652773261
1412.602869620028,1.0006165504455566,0.0022200497332960367
1412.60425852734,1.00079345703125,0.002218834590166807
1412.6056474346522,1.0013391971588135,0.002216830151155591
1412.607036341965,0.999573290348053,0.002218747278675437
1412.6084252492633,1.0011218786239624,0.0022161847446113825
1412.6098141565753,1.001767635345459,0.0022212776821106672
1412.611203063888,0.9975979924201965,0.002213709754869342
1412.6125919712008,1.0020785331726074,0.002216933062300086
1412.613980878499,1.001479148864746,0.00221651466563344
1412.6153697858124,1.001062035560608,0.002217393834143877
1412.6167586931251,0.9969924092292786,0.0022158517967909575
1412.6181476004374,0.99688720703125,0.0022156594786792994
1412.619536507735,1.0003517866134644,0.0022161961533129215
1412.6209254150476,0.9997410774230957,0.0022157435305416584
1412.6223143223604,1.0013118982315063,0.0022163407411426306
1412.6237032296578,1.0003893375396729,0.002217857399955392
1412.6250921369706,1.0002672672271729,0.00221477122977376
1412.6278699515808,0.9989573359489441,0.0022152967285364866
1412.6292588588942,1.0012283325195312,0.0022177044302225113
1412.630647766193,0.9995347261428833,0.002214257838204503
1412.6320366735054,1.0025519132614136,0.002218524692580104
1412.6334255808174,1.0003166198730469,0.002215614775195718
1412.6348144881156,1.0028140544891357,0.002220215741544962
1412.6362033954283,0.9999065399169922,0.0022163204848766327
1412.6375923027258,0.9999284744262695,0.002216304186731577
1412.6389812100385,1.000321388244629,0.0022151372395455837
1412.6403701173367,0.9996984601020813,0.00221652677282691
1412.6417590246488,1.0014086961746216,0.0022177877835929394
1412.6431479319463,0.9976494908332825,0.002218833891674876
1412.64453683926,0.996726930141449,0.002216274617239833
1412.6459257465588,1.000496506690979,0.0022170485462993383
1412.6473146538708,1.0004808902740479,0.0022169884759932756
1412.648703561169,1.0034503936767578,0.0022198122460395098
1412.6500924684672,1.000495433807373,0.002216503256931901
1412.6514813757792,1.0003138780593872,0.0022201368119567633
1412.6528702830774,0.9986916184425354,0.002217461122199893
1412.6542591903901,0.998151957988739,0.0022138748317956924
1412.6556480976876,1.0003578662872314,0.00221420731395483
1412.657037004985,0.9982619285583496,0.0022150371223688126
1412.658425912298,1.0021132230758667,0.002216855762526393
1412.6598148195962,0.9980055093765259,0.0022129975259304047
1412.6612037268944,1.0029605627059937,0.002220447640866041
1412.6625926342078,0.9976922869682312,0.002215215004980564
1412.663981541506,1.0004465579986572,0.002217607805505395
1412.6653704488035,1.004688024520874,0.0022211482282727957
1412.6667593561017,0.9998607635498047,0.002215827349573374
1412.6681482634144,1.0009386539459229,0.002216157503426075
1412.669537170712,1.0011407136917114,0.002219222253188491
1412.6709260780096,1.0007503032684326,0.0022181218955665827
1412.6723149853078,0.9991666078567505,0.0022170343436300755
1412.673703892606,0.9984042644500732,0.0022140087094157934
1412.676481707217,0.9959649443626404,0.0022113227751106024
1412.6778706145158,0.9993493556976318,0.00221514655277133
1412.6792595218133,1.0000348091125488,0.002215474611148238
1412.6806484291114,0.9991490244865417,0.0022151279263198376
1412.6820373364096,0.9996874928474426,0.0022170532029122114
1412.6834262437071,1.0005990266799927,0.00221471325494349
1412.6848151510048,0.9998100996017456,0.0022184120025485754
1412.686204058303,1.0006771087646484,0.002217356115579605
1412.6875929656012,1.0016264915466309,0.002218706998974085
1412.6889818728987,1.0001689195632935,0.0022159991785883904
1412.6903707801969,1.0013329982757568,0.002217276021838188
1412.6917596874957,1.004441261291504,0.00221807649359107
1412.693148594794,1.0038788318634033,0.0022188264410942793
1412.694537502092,0.9995670318603516,0.0022161768283694983
1412.6959264093905,0.9995049834251404,0.002216912107542157
1412.697315316688,1.0008403062820435,0.0022169335279613733
1412.6987042239855,0.9983092546463013,0.0022150492295622826
1412.7000931312837,1.000747799873352,0.002217184752225876
1412.7014820385818,1.0005512237548828,0.002218807814642787
1412.7028709458793,0.9990029335021973,0.002214658772572875
1412.7042598531775,0.9975318908691406,0.0022157684434205294
1412.7056487604611,1.0010961294174194,0.0022171305026859045
1412.7070376677593,0.9966247081756592,0.0022190401796251535
1412.7084265750584,1.0030966997146606,0.0022177991922944784
1412.7098154823566,1.0008848905563354,0.0022158909123390913
1412.711204389654,0.999049961566925,0.002215944230556488
1412.712593296937,1.0038255453109741,0.002217070199549198
1412.7139822042352,1.0012229681015015,0.002217984525486827
1412.7153711115334,0.9997760653495789,0.002214847831055522
1412.7167600188163,1.0004844665527344,0.002216402441263199
1412.7181489261145,0.9998623728752136,0.002214938635006547
1412.7195378334127,1.0019689798355103,0.0022180431988090277
1412.7209267406956,1.0030735731124878,0.002217927947640419
1412.7223156479938,0.9988893270492554,0.0022149134892970324
1412.723704555293,1.000382900238037,0.0022155181504786015
1412.7250934625765,1.0003522634506226,0.0022179661318659782
1412.726482369874,1.0013337135314941,0.0022171137388795614
1412.7278712771722,1.0035971403121948,0.0022203554399311543
1412.7292601844558,1.0032531023025513,0.002217131434008479
1412.7306490917533,0.9978781342506409,0.0022135013714432716
1412.732037999037,1.001816749572754,0.002216229448094964
1412.7334269063351,1.0009325742721558,0.0022172927856445312
1412.734815813618,1.001198649406433,0.0022157984785735607
1412.7362047209165,1.000570297241211,0.0022150587756186724
1412.7375936282,0.9988912343978882,0.002216976135969162
1412.740371442782,0.999909520149231,0.0022130527067929506
1412.7417603500655,1.003344178199768,0.0022173591423779726
1412.7431492573637,0.9977553486824036,0.0022152739111334085
1412.7445381646467,1.0021930932998657,0.0022160715889185667
1412.7459270719448,1.0013220310211182,0.002214798703789711
1412.7473159792285,1.000731348991394,0.0022181274835020304
1412.7487048865116,1.001654028892517,0.0022158322390168905
1412.7500937937946,1.00148344039917,0.0022170802112668753
1412.7514827010928,1.001826286315918,0.002216022927314043
1412.7528716083764,1.00225031375885,0.0022184571716934443
1412.75426051566,1.003679871559143,0.002217862056568265
1412.7556494229589,1.0010064840316772,0.0022164564579725266
1412.7570383302425,0.9978777170181274,0.002214503940194845
1412.7584272375254,1.0038560628890991,0.0022177400533109903
1412.759816144809,0.9997795820236206,0.002217954257503152
1412.7612050520927,1.0022921562194824,0.0022168834693729877
1412.7625939593759,0.9999521970748901,0.0022149013821035624
1412.7639828666734,1.0005271434783936,0.00221670581959188
1412.765371773957,1.0032577514648438,0.0022188760340213776
1412.7667606812406,0.9995439648628235,0.0022146780975162983
1412.7681495885236,1.0042269229888916,0.0022183575201779604
1412.7695384958079,1.0005756616592407,0.0022185277193784714
1412.7709274030922,1.0013506412506104,0.002217936096712947
1412.7723163103751,0.9966529607772827,0.0022133300080895424
1412.7737052176587,0.998770534992218,0.002217772649601102
1412.7750941249426,1.0021029710769653,0.0022163682151585817
1412.7764830322255,0.9999236464500427,0.002218613401055336
1412.7778719395085,0.999674916267395,0.0022140482906252146
1412.779260846792,1.0022368431091309,0.002216475550085306
1412.7806497540757,1.0004756450653076,0.0022154063917696476
1412.7820386613587,1.0002578496932983,0.0022177582141011953
1412.7834275686278,1.0009115934371948,0.0022193880286067724
1412.7848164759114,1.0011903047561646,0.0022187121212482452
1412.786205383195,0.9980703592300415,0.002214441541582346
1412.7875942904795,0.9997733235359192,0.002214162377640605
1412.7889831977632,0.9964030981063843,0.0022142180241644382
1412.7903721050461,0.9998700022697449,0.00221663317643106
1412.7917610123145,1.0034613609313965,0.002219332382082939
1412.7931499195981,1.0008156299591064,0.002217090455815196
1412.7945388268818,0.9989812970161438,0.0022176639176905155
1412.7959277341502,0.9994535446166992,0.002216685563325882
1412.7973166414338,0.9986495971679688,0.0022155677434056997
1412.7987055487174,1.0003290176391602,0.002215507673099637
1412.8000944559858,1.000159740447998,0.002218137728050351
1412.8014833632703,1.0024222135543823,0.0022162061650305986
1412.8028722705546,0.9999496340751648,0.0022183884866535664
1412.804261177823,1.0042085647583008,0.0022207461297512054
1412.805650085106,1.000901222229004,0.002216876018792391
1412.807038992375,1.0049686431884766,0.0022217906080186367
1412.8084278996587,1.0026071071624756,0.002218276495113969
1412.809816806927,0.9998868107795715,0.0022158140782266855
1412.8112057142107,1.0030893087387085,0.002217016415670514
1412.8125946214798,0.9970435500144958,0.0022160352673381567
1412.8139835287627,0.9947061538696289,0.002214684383943677
1412.815372436032,0.9997358322143555,0.0022180427331477404
1412.8167613433163,0.9999926686286926,0.002214796142652631
1412.8181502505854,1.0016742944717407,0.0022170408628880978
1412.8195391578538,0.9995661973953247,0.002216579159721732
1412.8209280651374,0.9995030760765076,0.0022147323470562696
1412.8223169724065,0.9980700016021729,0.0022145071998238564
1412.823705879675,1.0005091428756714,0.00221644202247262
1412.8250947869585,1.0003410577774048,0.0022174520418047905
1412.8264836942278,1.0013411045074463,0.0022175211925059557
1412.8278726014962,1.0003105401992798,0.0022175349295139313
1412.8292615087653,0.9988395571708679,0.0022149262949824333
1412.830650416049,1.0006802082061768,0.0022182706743478775
1412.832039323318,0.9976347088813782,0.002216425258666277
1412.833428230587,1.0025001764297485,0.002219116548076272
1412.8348171378561,1.0018054246902466,0.002214740263298154
1412.8362060451252,0.9979235529899597,0.002214487874880433
1412.8375949523936,0.998887836933136,0.0022173442412167788
1412.838983859663,1.0038633346557617,0.002222005045041442
1412.8403727669465,0.9995766282081604,0.0022168676368892193
1412.841761674215,0.9976155161857605,0.0022143053356558084
1412.843150581484,0.999480664730072,0.002217239933088422
1412.844539488753,1.0015709400177002,0.0022173593752086163
1412.8459283960215,0.998814046382904,0.0022154967300593853
1412.8473173032905,1.0030170679092407,0.0022173249162733555
1412.8487062105603,0.999528706073761,0.0022156774066388607
1412.8500951178148,0.9988642334938049,0.0022193691693246365
1412.8514840250832,1.0008533000946045,0.002216992899775505
1412.8528729323523,0.9970144033432007,0.0022142776288092136
1412.8542618396216,0.999179482460022,0.0022147027775645256
1412.85565074689,0.9982008934020996,0.0022169966250658035
1412.8570396541584,0.9981735944747925,0.0022147572599351406
1412.8584285614274,1.0030282735824585,0.0022172629833221436
1412.859817468682,1.0001949071884155,0.0022161707747727633
1412.8612063759504,0.9976410865783691,0.002216638997197151
1412.8625952832194,1.0020546913146973,0.0022196548525243998
1412.8639841904746,1.0041725635528564,0.0022189109586179256
1412.8653730977437,1.002701759338379,0.002218089299276471
1412.866762005013,0.9965186715126038,0.0022141621448099613
1412.8681509122675,0.9983684420585632,0.0022147640120238066
1412.869539819536,1.0022895336151123,0.0022184113040566444
1412.8709287268043,0.9992902874946594,0.002216035034507513
1412.8723176340588,0.9975878000259399,0.002215574961155653
1412.873706541328,0.9995617866516113,0.0022181239910423756
1412.8750954485818,1.0013138055801392,0.002217154484242201
1412.8764843558508,0.9998419880867004,0.0022160860244184732
1412.8778732631054,0.9978184700012207,0.002216727240011096
1412.8792621703744,0.9983363747596741,0.002217926550656557
1412.8806510776299,1.001247763633728,0.002217245753854513
1412.882039984899,0.9992481470108032,0.0022140019573271275
1412.8834288921528,1.0006695985794067,0.0022153290919959545
1412.8848177994066,1.001945972442627,0.002217045286670327
1412.8862067066757,0.9966562986373901,0.0022136338520795107
1412.8875956139302,1.0006948709487915,0.002216998254880309
1412.888984521184,1.002196192741394,0.00221743481233716
1412.8903734284531,1.001573085784912,0.0022184550762176514
1412.8917623357077,1.0032249689102173,0.0022201044484972954
1412.8931512429617,1.0017485618591309,0.0022175295744091272
1412.894540150217,0.9969693422317505,0.002213737927377224
1412.8959290574867,1.0029826164245605,0.0022174837067723274
1412.8973179647405,1.003942847251892,0.002218895824626088
1412.8987068719944,0.9992938041687012,0.0022159237414598465
1412.9000957792489,0.9995824694633484,0.002216730499640107
1412.9014846865034,0.9996395111083984,0.002216259017586708
1412.9028735937572,1.0015416145324707,0.0022161868400871754
1412.9042625010118,0.9997813105583191,0.0022182282991707325
1412.9056514082665,0.9948229789733887,0.00221200636588037
1412.9070403155204,1.0037153959274292,0.0022226106375455856
1412.9084292227749,1.0003117322921753,0.002216991502791643
1412.90981813003,0.9976978302001953,0.0022142764646559954
1412.9112070372846,0.999233067035675,0.0022160240914672613
1412.9125959445385,1.0031968355178833,0.0022200339008122683
1412.913984851793,1.0029048919677734,0.002216859022155404
1412.9153737590475,1.0018630027770996,0.0022178844083100557
1412.9167626663013,1.0017138719558716,0.002216423861682415
1412.918151573556,1.0047723054885864,0.0022190765012055635
1412.9195404808106,0.9979326128959656,0.0022141567897051573
1412.92092938805,1.0035446882247925,0.0022217545192688704
1412.9223182953044,0.9995911121368408,0.0022182567045092583
1412.923707202559,0.9989768862724304,0.0022155875340104103
1412.9250961098135,1.001933217048645,0.0022167314309626818
1412.9264850170534,1.00111722946167,0.0022213624324649572
1412.927873924308,0.9956694841384888,0.00221373257227242
1412.9292628315625,1.0028282403945923,0.00221715378575027
1412.9306517388018,1.0004127025604248,0.0022169502917677164
1412.9320406460563,1.0001604557037354,0.0022164462134242058
1412.9334295532965,1.0030614137649536,0.0022188795264810324
1412.9348184605503,0.9995638728141785,0.0022153714671730995
1412.9362073678049,0.9985984563827515,0.002213681349530816
1412.9375962750448,1.0003150701522827,0.0022157637868076563
1412.9389851822987,1.003959059715271,0.002219194546341896
1412.9403740895386,1.003455400466919,0.0022181347012519836
1412.9417629967793,0.9974981546401978,0.0022170571610331535
1412.9431519040338,1.0024962425231934,0.0022190960589796305
1412.944540811273,0.9997067451477051,0.0022150909062474966
1412.9459297185279,0.9983251094818115,0.0022166019771248102
1412.9473186257678,0.9988364577293396,0.002216578461229801
1412.948707533007,0.9979603290557861,0.0022142156958580017
1412.9500964402616,1.0023053884506226,0.002217712113633752
1412.9514853475016,0.9997984170913696,0.0022143046371638775
1412.952874254741,0.9982625246047974,0.0022147237323224545
1412.9542631619802,1.0009527206420898,0.0022172541357576847
1412.9556520692208,0.998365044593811,0.002215825952589512
1412.9570409764763,0.9996479153633118,0.002214680425822735
1412.9584298837156,0.9993703365325928,0.0022154429461807013
1412.9598187909555,1.0002752542495728,0.002216263907030225
1412.9612076981955,1.0016813278198242,0.002216047141700983
1412.9625966054348,1.001784324645996,0.0022170301526784897
1412.963985512674,1.0013550519943237,0.002220039488747716
1412.965374419914,1.0023376941680908,0.0022200974635779858
1412.966763327154,1.0014574527740479,0.0022193111944943666
1412.9681522343933,1.0000196695327759,0.002216506516560912
1412.9695411416333,1.0007039308547974,0.0022154292091727257
1412.9709300488732,0.9999287128448486,0.0022171991877257824
1412.9723189561134,1.0016841888427734,0.0022169803269207478
1412.973707863354,0.9955977201461792,0.0022115064784884453
1412.975096770594,1.0000624656677246,0.002216881839558482
1412.9764856778188,0.9996955394744873,0.002214968902990222
1412.977874585058,0.9991874098777771,0.002215535379946232
1412.979263492298,1.0016010999679565,0.002217764500528574
1412.980652399538,1.0025153160095215,0.002216055989265442
1412.9820413067628,1.0013298988342285,0.0022174096666276455
1412.9834302140027,0.998299241065979,0.0022175293415784836
1412.984819121243,0.9972355961799622,0.002214626409113407
1412.9862080284677,1.0048880577087402,0.0022195172496140003
1412.9875969357083,0.9974153637886047,0.0022144438698887825
1412.988985842949,1.0025107860565186,0.002217203611508012
1412.9903747501737,0.9982193112373352,0.0022156108170747757
1412.991763657413,0.9991371035575867,0.0022136822808533907
1412.9931525646384,0.9982211589813232,0.0022164040710777044
1412.9945414718784,1.0019166469573975,0.002219040645286441
1412.9959303791031,1.0043632984161377,0.00221581500954926
1412.9973192863433,1.0034406185150146,0.0022180078085511923
1412.9987081935687,0.998759388923645,0.0022149551659822464
1413.0000971007935,1.002278208732605,0.0022178301587700844
1413.0014860080335,1.00131356716156,0.0022165654227137566
1413.0028749152596,0.9961076378822327,0.0022125104442238808
1413.004263822485,1.0024316310882568,0.002218544017523527
1413.0056527297243,0.9952584505081177,0.0022133616730570793
1413.0070416369497,0.9992448687553406,0.0022160608787089586
1413.008430544175,0.9948590993881226,0.002214744919911027
1413.0098194514,1.0021950006484985,0.00222032330930233
1413.01120835864,1.003472924232483,0.002220762427896261
1413.0125972658655,1.0038752555847168,0.002218045759946108
1413.0139861730902,1.0028268098831177,0.00221776170656085
1413.0153750803156,0.9994592070579529,0.0022140934597700834
1413.016763987541,0.9994715452194214,0.0022176362108439207
1413.0181528947664,0.9992396831512451,0.0022160776425153017
1413.0195418019919,1.0011974573135376,0.00221652677282691
1413.0209307092173,0.9986793994903564,0.0022149772848933935
1413.0223196164427,0.9978632926940918,0.0022140664514154196
1413.0237085236677,1.0012938976287842,0.0022165747359395027
1413.025097430893,0.9997939467430115,0.0022142985835671425
1413.0264863381185,0.9980670213699341,0.002213394269347191
1413.0278752453432,1.0008348226547241,0.0022173661272972822
1413.0292641525687,0.9980347752571106,0.002212650142610073
1413.0306530597795,0.9982894659042358,0.002216939814388752
1413.0320419670043,1.0037617683410645,0.0022175516933202744
1413.0334308742297,1.0004774332046509,0.0022190751042217016
1413.0348197814558,1.0049234628677368,0.0022197903599590063
1413.0362086886814,1.0002353191375732,0.0022156666964292526
1413.0375975958916,1.001792311668396,0.002216218039393425
1413.038986503117,0.9993937015533447,0.0022166084963828325
1413.040375410328,1.000169277191162,0.0022197479847818613
1413.0417643175526,1.0007244348526,0.002215499058365822
1413.043153224778,0.9969408512115479,0.002214770996943116
1413.044542131989,1.0008172988891602,0.0022181218955665827
1413.0459310392137,1.002118706703186,0.002217474626377225
1413.0473199464238,1.005502462387085,0.0022198695223778486
1413.04870885365,0.9985946416854858,0.0022168559953570366
1413.0500977608617,1.0005983114242554,0.0022189177107065916
1413.0514866680865,1.002121090888977,0.0022171286400407553
1413.0528755752973,0.9962349534034729,0.0022116643376648426
1413.0542644825082,1.0011725425720215,0.0022169840522110462
1413.055653389733,0.9997999668121338,0.0022191249299794436
1413.0570422969438,1.000990390777588,0.0022175852209329605
1413.0584312041547,0.9993104934692383,0.00221693585626781
1413.0598201113648,0.9999948740005493,0.0022162599489092827
1413.0612090185896,0.9998001456260681,0.002216982888057828
1413.0625979258004,1.0021425485610962,0.002216975437477231
1413.0639868330122,1.0033446550369263,0.0022184858098626137
1413.065375740223,0.9993218779563904,0.002217816887423396
1413.066764647434,1.001145839691162,0.0022160399239510298
1413.0681535546448,1.0013959407806396,0.0022188706789165735
1413.069542461855,1.0027859210968018,0.0022208229638636112
1413.0709313690652,0.9984526634216309,0.00221743481233716
1413.072320276276,0.9982237815856934,0.00221820711158216
1413.073709183487,1.0023977756500244,0.002221688162535429
1413.075098090697,1.0000451803207397,0.002218306763097644
1413.0764869979082,0.9957740902900696,0.0022136264014989138
1413.077875905119,0.9991110563278198,0.00221742270514369
1413.07926481233,0.9994863271713257,0.0022186378482729197
1413.0806537195415,0.9986146688461304,0.0022163977846503258
1413.0820426267524,0.9965171813964844,0.0022148131392896175
1413.0834315339625,0.9997773170471191,0.0022178066428750753
1413.0848204411582,1.001039743423462,0.0022190629970282316
1413.086209348369,0.9989179968833923,0.0022180380765348673
1413.0875982555801,0.9994285702705383,0.002217997331172228
1413.0889871627758,0.9987941980361938,0.002217886270955205
1413.0903760699866,1.0018082857131958,0.00221994798630476
1413.0917649771975,1.00064218044281,0.0022160226944833994
1413.0931538843931,0.9961116909980774,0.002213236643001437
1413.0945427916047,1.0010097026824951,0.002218866255134344
1413.0959316988017,1.0009872913360596,0.0022197773214429617
1413.0973206060119,1.001565933227539,0.002221849048510194
1413.0987095132075,1.0019724369049072,0.002219629939645529
1413.1000984204186,0.9957190155982971,0.0022151339799165726
1413.101487327615,1.001970648765564,0.002219574758782983
1413.102876234825,1.0025132894515991,0.002221910748630762
1413.1042651420214,1.0001736879348755,0.002219141460955143
1413.1056540492177,0.9971067309379578,0.0022168834693729877
1413.107042956428,1.0003905296325684,0.002218702808022499
1413.1084318636242,1.0015108585357666,0.002219060668721795
1413.1098207708212,1.0020850896835327,0.002219325629994273
1413.1112096780175,0.9990965723991394,0.0022173915058374405
1413.1125985852132,0.9994394779205322,0.0022180252708494663
1413.113987492424,1.0013198852539062,0.002219230169430375
1413.1153763996206,0.9969033598899841,0.0022168902214616537
1413.1167653068162,1.0016820430755615,0.002217681147158146
1413.1181542140125,0.9979681968688965,0.002216448076069355
1413.1195431212088,1.0001027584075928,0.0022188329603523016
1413.1209320284045,1.0021535158157349,0.002219964051619172
1413.1223209356008,1.003284215927124,0.002220479305833578
1413.123709842797,1.0008814334869385,0.0022176250349730253
1413.1250987499934,0.9979154467582703,0.0022167647257447243
1413.1264876571897,1.000184416770935,0.0022178369108587503
1413.1278765643863,0.999292254447937,0.0022172387689352036
1413.129265471568,1.0047167539596558,0.0022200094535946846
1413.1306543787637,0.9994890689849854,0.00221796496771276
1413.13204328596,0.9986703991889954,0.0022175428457558155
1413.1334321931563,0.9999312162399292,0.0022169826552271843
1413.134821100352,1.0029962062835693,0.0022185894194990396
1413.1362100075337,1.0005592107772827,0.0022172019816935062
1413.13759891473,1.0011311769485474,0.0022179961670190096
1413.1389878219256,0.999250054359436,0.0022169542498886585
1413.1403767291074,1.0022058486938477,0.002220055554062128
1413.1417656363046,1.0028752088546753,0.002220920752733946
1413.1431545434864,1.0004671812057495,0.00221680523827672
1413.144543450682,0.9989108443260193,0.0022159286309033632
1413.1459323578638,0.9991459846496582,0.002216630382463336
1413.14732126506,0.9991713166236877,0.002218205016106367
1413.1487101722412,1.0007177591323853,0.002218779642134905
1413.1500990794375,1.00150465965271,0.002221515169367194
1413.1514879866193,1.0014050006866455,0.0022200148086994886
1413.1528768938003,0.9988078474998474,0.002218686044216156
1413.1542658009962,0.9960947632789612,0.002213327679783106
1413.1556547081786,1.0004860162734985,0.002216956578195095
1413.157043615361,1.0036287307739258,0.0022180869709700346
1413.1584325225422,1.0010857582092285,0.0022163798566907644
1413.1598214297385,0.9978898167610168,0.0022140557412058115
1413.1612103369202,1.0045545101165771,0.0022192364558577538
1413.1625992441013,1.0003972053527832,0.0022176196798682213
1413.163988151283,0.9999164938926697,0.002216438064351678
1413.165377058465,1.0010310411453247,0.002216907450929284
1413.1667659656462,0.9999375939369202,0.0022159202490001917
1413.1681548728272,1.0033197402954102,0.002219192450866103
1413.169543780009,0.9984581470489502,0.002214572159573436
1413.1709326871915,1.0017718076705933,0.002219970803707838
1413.1723215943732,1.0011082887649536,0.0022173477336764336
1413.173710501555,1.0022637844085693,0.00221699895337224
1413.1750994087367,0.9971842765808105,0.00221455586142838
1413.1764883159178,1.001917839050293,0.0022177707869559526
1413.1778772230844,0.9998586773872375,0.002218883251771331
1413.1792661302663,1.0009452104568481,0.0022178306244313717
1413.180655037448,0.9995698928833008,0.0022170874290168285
1413.1820439446292,0.9990385174751282,0.0022148883435875177
1413.1834328517964,0.999653697013855,0.0022186259739100933
1413.1848217589782,0.9995814561843872,0.0022157602943480015
1413.1862106661454,1.0005197525024414,0.002216165419667959
1413.1875995733278,0.9985512495040894,0.0022151502780616283
1413.1889884805096,1.001335859298706,0.0022181824315339327
1413.190377387676,0.9994286894798279,0.0022164101246744394
1413.1917662948574,0.9976495504379272,0.0022148822899907827
1413.1931552020246,1.0001609325408936,0.002216625725850463
1413.1945441092064,0.997401773929596,0.0022133393213152885
1413.195933016373,0.9994155168533325,0.0022154173348098993
1413.1973219235401,1.0023013353347778,0.0022174790501594543
1413.198710830722,1.001874327659607,0.0022174022160470486
1413.2000997378884,0.999788761138916,0.0022162762470543385
1413.2014886450563,0.9969251155853271,0.002214954001829028
1413.2028775522388,1.0009077787399292,0.0022166783455759287
1413.2042664594053,1.0020015239715576,0.002218077424913645
1413.2056553665718,0.9993115663528442,0.0022176550701260567
1413.2070442737393,1.0014790296554565,0.0022180736996233463
1413.2084331809065,0.9998499751091003,0.0022174373734742403
1413.209822088073,0.9983908534049988,0.0022154899779707193
1413.2112109952402,0.9978732466697693,0.0022135372273623943
1413.2125999024074,1.0026706457138062,0.002217966830357909
1413.213988809574,1.0012800693511963,0.0022171305026859045
1413.2153777167412,0.9981353282928467,0.0022147155832499266
1413.216766623909,1.0010353326797485,0.0022178904619067907
1413.2181555310765,0.9964052438735962,0.002213667146861553
1413.219544438243,0.9980858564376831,0.002213254803791642
1413.2209333454102,1.0008046627044678,0.002219768241047859
1413.2223222525774,1.000734567642212,0.0022176895290613174
1413.2237111597294,0.9936447739601135,0.0022122091613709927
1413.2251000668966,0.9988478422164917,0.0022151849698275328
1413.2264889740638,0.997119665145874,0.0022130298893898726
1413.2278778812304,1.003613829612732,0.002218089532107115
1413.229266788383,1.0011643171310425,0.002217683242633939
1413.2306556955511,0.9982464909553528,0.0022140508517622948
1413.2320446027184,1.0002737045288086,0.0022152261808514595
1413.2334335098703,1.0058366060256958,0.00222030165605247
1413.2348224170375,1.0025888681411743,0.002217615256085992
1413.2362113241902,1.0018893480300903,0.0022191181778907776
1413.2376002313567,1.004435658454895,0.002221424365416169
1413.2389891385094,1.0026249885559082,0.00221830140799284
1413.240378045662,1.0010892152786255,0.0022156599443405867
1413.2417669528286,1.0020546913146973,0.0022170254960656166
1413.2431558599812,0.9974532127380371,0.002213764237239957
1413.2445447671487,1.0013920068740845,0.002216449473053217
1413.2459336743013,0.9961375594139099,0.002213079947978258
1413.247322581454,0.997679591178894,0.002214054809883237
1413.2487114886067,0.998913049697876,0.002215911401435733
1413.2501003957593,1.0017706155776978,0.002215490909293294
1413.2514893029258,0.9979262948036194,0.0022161758970469236
1413.2528782100785,1.0033252239227295,0.00221694796346128
1413.2542671172312,1.001426339149475,0.0022182322572916746
1413.2556560243831,1.001502513885498,0.0022178355138748884
1413.257044931536,0.9975566864013672,0.002214152365922928
1413.2584338386887,1.0000479221343994,0.0022156948689371347
1413.2639894672993,1.0009114742279053,0.0022219980601221323
1413.2653783744368,0.9998703002929688,0.002221941016614437
1413.2667672815894,0.9985384941101074,0.002220555441454053
1413.268156188742,1.0023376941680908,0.002223517280071974
1413.269545095894,1.0007203817367554,0.0022214725613594055
1413.2709340030322,1.0004005432128906,0.0022248069290071726
1413.272322910185,1.0043123960494995,0.0022244954016059637
1413.273711817337,1.0010024309158325,0.002221848117187619
1413.2751007244744,1.0008056163787842,0.0022212001495063305
1413.2764896316278,0.999951183795929,0.0022231736220419407
1413.2778785387666,1.002469778060913,0.002220987342298031
1413.2792674459185,0.9990628361701965,0.0022224104031920433
1413.2806563530567,1.0007754564285278,0.0022225244902074337
1413.2820452602093,0.9969179034233093,0.0022213009651750326
1413.2834341673467,0.9966564774513245,0.0022183870896697044
1413.284823074499,1.0025790929794312,0.0022243221756070852
1413.286211981637,0.9962580800056458,0.0022208516020327806
1413.2876008887752,1.0002628564834595,0.002219537040218711
1413.2889897959271,0.9986202716827393,0.002221976174041629
1413.2903787030652,1.0021511316299438,0.0022222530096769333
1413.291767610204,1.0016145706176758,0.0022249766625463963
1413.2931565173421,0.9993367791175842,0.002221937058493495
1413.2945454244802,0.9981786012649536,0.0022217852529138327
1413.2959343316331,1.001524567604065,0.0022232914343476295
1413.2973232387706,0.9982817769050598,0.002221364062279463
1413.298712145908,1.0012047290802002,0.00222428934648633
1413.300101053046,1.00302255153656,0.002225722186267376
1413.3014899601842,0.9984962344169617,0.002220769878476858
1413.3028788673216,0.9999788999557495,0.0022234227508306503
1413.3042677744597,0.999778687953949,0.0022216138895601034
1413.3056566815833,1.000206470489502,0.0022225810680538416
1413.3070455887214,0.9976263046264648,0.0022234213538467884
1413.3084344958604,1.0020101070404053,0.0022249938920140266
1413.3098234029985,0.9957062005996704,0.00222058966755867
1413.311212310136,1.0003585815429688,0.002222716575488448
1413.3126012172588,0.9991168975830078,0.0022215459030121565
1413.313990124397,1.000165581703186,0.0022228872403502464
1413.315379031535,0.9932120442390442,0.0022176268976181746
1413.316767938658,1.0029973983764648,0.0022250197362154722
1413.318156845796,0.9979752898216248,0.0022230036556720734
1413.3195457529341,0.9984959363937378,0.0022204385604709387
1413.320934660057,1.0013760328292847,0.0022223941050469875
1413.322323567196,1.0009489059448242,0.0022246777079999447
1413.3237124743202,1.0032105445861816,0.0022249645553529263
1413.3251013814431,1.0021106004714966,0.0022229314781725407
1413.3264902885805,0.9945586919784546,0.0022224634885787964
1413.327879195704,0.997704803943634,0.0022226227447390556
1413.3292681028422,0.9983530044555664,0.002223826013505459
1413.330657009965,0.9984198808670044,0.002223593182861805
1413.3320459170886,0.9978182315826416,0.002221459988504648
1413.3334348242122,1.0014818906784058,0.00222439575009048
1413.334823731335,0.9989280104637146,0.002221792470663786
1413.3362126384734,0.9963099360466003,0.0022200054954737425
1413.3376015455976,0.9996404647827148,0.0022218439262360334
1413.3389904527212,0.9993187785148621,0.00222184369340539
1413.340379359844,0.9951084852218628,0.002218385227024555
1413.3417682669676,0.9990121126174927,0.002219946589320898
1413.3431571740912,1.0011600255966187,0.002222692593932152
1413.344546081214,0.9994649887084961,0.0022200350649654865
1413.3459349883376,0.9973746538162231,0.0022200613748282194
1413.3473238954612,1.0027841329574585,0.002223628805950284
1413.3487128025843,1.0002490282058716,0.002221117028966546
1413.3501017096933,0.9994124174118042,0.0022225643042474985
1413.3514906168175,1.0005961656570435,0.002223723102360964
1413.352879523941,1.0022971630096436,0.0022254115901887417
1413.354268431064,1.0008257627487183,0.0022240877151489258
1413.355657338173,1.0034983158111572,0.0022248236928135157
1413.3570462452965,0.997482180595398,0.002221853006631136
1413.3584351524194,0.9987056255340576,0.0022218008525669575
1413.3598240595284,0.9981255531311035,0.0022222574334591627
1413.361212966652,0.9966710209846497,0.002221698872745037
1413.3626018737605,1.0023207664489746,0.0022226630244404078
1413.363990780884,1.000372290611267,0.002224974101409316
1413.365379687993,1.000049114227295,0.0022236593067646027
1413.3667685951166,0.9982841610908508,0.002220283495262265
1413.3681575022256,1.001166582107544,0.002222582930698991
1413.3695464093346,0.9967198371887207,0.002223096089437604
1413.3709353164581,0.9972195625305176,0.0022214846685528755
1413.3723242235665,1.001567006111145,0.0022214024793356657
1413.3737131306755,0.998704195022583,0.0022210157476365566
1413.3751020377847,0.9988499879837036,0.0022215156350284815
1413.376490944893,0.9974135160446167,0.002220120280981064
1413.3778798520166,0.9999284744262695,0.0022233177442103624
1413.3792687591256,0.9943720698356628,0.0022179665975272655
1413.380657666234,1.0016502141952515,0.0022242916747927666
1413.382046573343,1.0007683038711548,0.0022243766579777002
1413.3834354804526,0.9980437159538269,0.002222810173407197
1413.3848243875616,0.996846079826355,0.0022214767523109913
1413.38621329467,1.0014420747756958,0.002226314740255475
1413.3876022017791,1.0031046867370605,0.0022260956466197968
1413.3889911088736,0.9971206188201904,0.002221486298367381
1413.390380015982,0.9946833252906799,0.002219328423961997
1413.3917689230902,1.0013078451156616,0.002222695155069232
1413.3931578301992,1.0008987188339233,0.0022238565143197775
1413.3945467372937,1.00480055809021,0.002226649783551693
1413.395935644402,1.002434492111206,0.002223730320110917
1413.3973245515117,0.9996023774147034,0.0022223482374101877
1413.3987134586068,0.997300922870636,0.0022221519611775875
1413.4001023657154,0.9973621964454651,0.002218817360699177
1413.4014912728244,1.0011630058288574,0.0022230304311960936
1413.4028801799188,1.0017755031585693,0.002226798329502344
1413.4042690870272,1.0003831386566162,0.002225737553089857
1413.405657994121,1.0014125108718872,0.0022247040178626776
1413.4070469012154,1.000920057296753,0.002223556861281395
1413.4084358083244,1.000157356262207,0.0022228583693504333
1413.4098247154182,1.0003246068954468,0.0022226686123758554
1413.4112136225126,1.0008854866027832,0.0022233545314520597
1413.4126025296225,0.9985243678092957,0.0022209829185158014
1413.413991436717,0.9960692524909973,0.0022194278426468372
1413.4153803438114,1.0012630224227905,0.0022246763110160828
1413.4167692509059,0.9979393482208252,0.0022202045656740665
1413.4181581579996,1.0031658411026,0.0022244611755013466
1413.4195470650934,1.0011824369430542,0.002225287025794387
1413.4209359722024,0.9977864027023315,0.002220557536929846
1413.4223248792969,1.0048328638076782,0.002225263509899378
1413.4237137863906,0.9995245933532715,0.0022225219290703535
1413.4251026934705,0.9998654723167419,0.0022248118184506893
1413.4264916005652,0.9977821707725525,0.002220356138423085
1413.4278805076597,1.0039665699005127,0.0022255987860262394
1413.4292694147548,1.0004383325576782,0.0022221349645406008
1413.4306583218493,1.001389980316162,0.0022231675684452057
1413.432047228943,1.001238226890564,0.0022225971333682537
1413.4334361360222,0.998286783695221,0.0022212399635463953
1413.4348250431167,1.0014318227767944,0.00222401088103652
1413.4362139502111,0.9960094094276428,0.002218604553490877
1413.4376028572904,0.9994698762893677,0.0022213784977793694
1413.438991764385,1.005378246307373,0.0022251312620937824
1413.4403806714795,1.0009671449661255,0.002224469091743231
1413.4417695785594,0.9980131387710571,0.002222335198894143
1413.4431584856545,1.000614881515503,0.002224570605903864
1413.4445473927344,1.0004775524139404,0.002223360352218151
1413.4459362998136,0.9981819987297058,0.0022227386943995953
1413.4473252069074,0.998528778553009,0.0022229417227208614
1413.4487141139873,1.0006846189498901,0.002222257200628519
1413.4501030210672,0.9960979223251343,0.0022222178522497416
1413.451491928161,0.9999489188194275,0.0022206727880984545
1413.4528808352409,1.0000507831573486,0.0022228325251489878
1413.454269742321,1.000746250152588,0.002222634619101882
1413.4556586494002,0.9991558194160461,0.0022212746553122997
1413.4570475564808,0.9992340207099915,0.002222931943833828
1413.458436463576,0.9977642297744751,0.0022219286765903234
1413.4598253706552,0.9958526492118835,0.0022201817482709885
1413.4612142777344,1.0040547847747803,0.002223386662080884
1413.4626031848143,0.9975302815437317,0.0022229603491723537
1413.4639920918942,0.9991667866706848,0.0022228402085602283
1413.4653809989588,0.9996440410614014,0.002222490031272173
1413.466769906039,1.0003620386123657,0.0022228355519473553
1413.4681588131189,0.9970515370368958,0.0022208155132830143
1413.469547720198,0.995868444442749,0.002219867892563343
1413.470936627278,0.9982160329818726,0.0022232476621866226
1413.4723255343586,1.0008946657180786,0.002223018556833267
1413.473714441424,1.0025067329406738,0.002222678391262889
1413.4751033485031,1.0002695322036743,0.0022226807195693254
1413.476492255583,1.0032660961151123,0.002222068142145872
1413.4778811626486,0.9984344840049744,0.0022229307796806097
1413.4792700697278,0.9989720582962036,0.0022230150643736124
1413.4806589767932,1.0023133754730225,0.0022229566238820553
1413.482047883873,1.000998854637146,0.0022190739400684834
1413.4834367909377,1.0024982690811157,0.0022236399818211794
1413.4848256980176,1.0004639625549316,0.002224962692707777
1413.486214605083,1.0019710063934326,0.0022234024945646524
1413.4876035121483,0.9992730617523193,0.0022230518516153097
1413.4889924192282,1.0003060102462769,0.0022223060950636864
1413.4903813262936,0.9998640418052673,0.0022238243836909533
1413.491770233359,1.0039618015289307,0.0022245917934924364
1413.4931591404238,0.9988301396369934,0.0022213482297956944
1413.4945480474892,0.9950804114341736,0.002219538204371929
1413.4959369545545,0.997684895992279,0.0022203472908586264
1413.4973258616337,1.0054806470870972,0.0022256597876548767
1413.4987147686984,1.0023890733718872,0.002222351962700486
1413.5001036757637,0.9976176619529724,0.0022207743022590876
1413.5014925828298,0.9995667338371277,0.002222275361418724
1413.5028814898951,0.9997501969337463,0.002221175003796816
1413.504270396946,0.9987382888793945,0.0022227249573916197
1413.5056593040115,0.9994074702262878,0.0022238658275455236
1413.5070482110907,0.9991858005523682,0.00221939105540514
1413.508437118127,1.0010982751846313,0.0022231778129935265
1413.5098260251923,1.0041556358337402,0.002225087722763419
1413.511214932257,1.0015454292297363,0.0022225240245461464
1413.5126038393216,0.9998621940612793,0.0022224460262805223
1413.513992746387,0.9975476264953613,0.0022210534662008286
1413.5153816534523,0.999339759349823,0.0022204399574548006
1413.5167705604886,0.9981226325035095,0.0022216185461729765
1413.5181594675548,0.9991737008094788,0.002224615076556802
1413.5195483746202,0.9976020455360413,0.002220751252025366
1413.5209372816848,0.9983444213867188,0.002221378032118082
1413.522326188721,1.001786470413208,0.002223145915195346
1413.5237150957864,0.9983377456665039,0.00222101341933012
1413.525104002851,0.9984380006790161,0.002222863957285881
1413.5264929098867,1.0027066469192505,0.002222983166575432
1413.527881816952,1.0013598203659058,0.002222298411652446
1413.5292707240174,0.9996016621589661,0.002219544956460595
1413.5306596310531,1.0010243654251099,0.002221907489001751
1413.5320485381192,1.0031524896621704,0.0022230579052120447
1413.533437445156,1.0022587776184082,0.0022254351060837507
1413.5348263522208,0.9997281432151794,0.002224643947556615
1413.536215259257,0.9994826912879944,0.002221430651843548
1413.5376041663224,0.9998212456703186,0.0022275373339653015
1413.538993073358,1.0023683309555054,0.0022242991253733635
1413.5403819804226,1.001410722732544,0.002224990399554372
1413.5417708874588,0.9992362260818481,0.0022248404566198587
1413.5431597945242,1.0003410577774048,0.002224179683253169
1413.5445487015597,1.0005290508270264,0.0022219109814614058
1413.545937608626,1.0005111694335938,0.002223698189482093
1413.547326515663,0.9982202649116516,0.002224178286269307
1413.5487154226985,0.9987847805023193,0.0022217065561562777
1413.5501043297638,0.9970802664756775,0.0022211610339581966
1413.5514932368,1.0018404722213745,0.002226070733740926
1413.5528821438356,0.9988260865211487,0.0022224269341677427
1413.5542710509003,0.9980883002281189,0.0022217354271560907
1413.5556599579365,1.0011091232299805,0.00222385348752141
1413.557048864973,0.9987770318984985,0.0022242129780352116
1413.5584377720086,1.0028613805770874,0.002224862342700362
1413.5598266790448,0.9956623911857605,0.0022214590571820736
1413.5612155861108,0.9956446290016174,0.0022220504470169544
1413.562604493147,1.0000019073486328,0.0022232041228562593
1413.5639934001833,0.9985161423683167,0.0022232416085898876
1413.5653823072196,0.9995949268341064,0.00222254591062665
1413.5667712142551,0.9988698363304138,0.002223786897957325
1413.5681601212907,1.0033694505691528,0.0022253214847296476
1413.5695490283272,1.005553126335144,0.0022279482800513506
1413.5709379353634,0.9970672130584717,0.002223027404397726
1413.572326842399,0.9995205998420715,0.002223258139565587
1413.5737157494352,0.9990672469139099,0.002221682108938694
1413.5751046564715,0.9999119639396667,0.0022232870105654
1413.5764935635077,0.9987648725509644,0.0022229598835110664
1413.5778824705446,1.0023492574691772,0.0022267887834459543
1413.5792713775809,0.9973447322845459,0.0022236856166273355
1413.5806602846164,1.002793312072754,0.0022238208912312984
1413.582049191652,0.9983177185058594,0.0022211559116840363
1413.5834380986882,1.0001425743103027,0.002222979674115777
1413.5848270057247,1.0018160343170166,0.002224730094894767
1413.5862159127603,0.9995831251144409,0.0022228157613426447
1413.5876048197965,0.9997575879096985,0.00222369865514338
1413.5889937268037,1.0033022165298462,0.0022273471113294363
1413.5903826338392,1.0009722709655762,0.0022226807195693254
1413.5917715408762,0.9982868432998657,0.0022213913034647703
1413.593160447913,0.9951732754707336,0.0022219775710254908
1413.5945493549195,1.0009386539459229,0.002223534742370248
1413.595938261955,1.0010863542556763,0.0022240092512220144
1413.5973271689916,1.0013670921325684,0.002223347080871463
1413.5987160760278,0.9979997277259827,0.0022219677921384573
1413.6001049830343,1.0019607543945312,0.0022265263833105564
1413.6014938900705,1.0026921033859253,0.002225442323833704
1413.6028827970777,0.9967849254608154,0.0022223712876439095
1413.6042717041132,1.0042097568511963,0.002227513585239649
1413.6056606111495,0.9985302090644836,0.002223038813099265
1413.6070495181573,1.0030878782272339,0.0022269354667514563
1413.6084384251938,1.0000072717666626,0.002226440003141761
1413.6098273322002,1.0023094415664673,0.002224335679784417
1413.6112162392365,1.0007883310317993,0.002223626244813204
1413.6126051462436,0.9959331154823303,0.00222212728112936
1413.6139940532792,0.9973390698432922,0.002220287686213851
1413.6153829602863,0.9984732270240784,0.002223410177975893
1413.6167718673225,0.999148964881897,0.0022230863105505705
1413.618160774329,0.997464656829834,0.002221404341980815
1413.6195496813355,0.9967800974845886,0.0022214252967387438
1413.6209385883724,0.9969538450241089,0.0022186273708939552
1413.6223274953804,0.9976809024810791,0.002220015972852707
1413.623716402387,0.9986140131950378,0.002223293064162135
1413.6251053094231,0.9991818070411682,0.00222075916826725
1413.6264942164303,0.9998051524162292,0.002222682349383831
1413.6278831234367,0.9993798136711121,0.002221908187493682
1413.629272030473,1.0053366422653198,0.0022254369687289
1413.6306609374801,0.9996246695518494,0.0022217638324946165
1413.6320498444866,0.9979806542396545,0.0022215910721570253
1413.633438751493,0.9966766238212585,0.0022205107379704714
1413.6348276585002,1.0015298128128052,0.0022255193907767534
1413.6362165655373,1.0001357793807983,0.002221750793978572
1413.6376054725445,0.9991825819015503,0.0022245743311941624
1413.6389943795516,1.002915859222412,0.002225318690761924
1413.6403832865587,0.99845951795578,0.002221542876213789
1413.6417721935652,1.0001856088638306,0.002223243471235037
1413.6431611005723,1.002232551574707,0.0022244586143642664
1413.6445500075795,0.9963659644126892,0.0022202215623110533
1413.645938914586,1.0022238492965698,0.0022232141345739365
1413.6473278215924,1.0003670454025269,0.002224127994850278
1413.6487167285998,1.0027575492858887,0.0022252097260206938
1413.6501056356076,0.9990569353103638,0.002221530769020319
1413.6514945426147,1.0014643669128418,0.0022225186694413424
1413.6528834496219,0.999809741973877,0.002224865136668086
1413.654272356629,0.9962928891181946,0.002219659276306629
1413.6556612636355,0.9998758435249329,0.002223996678367257
1413.6570501706426,1.0017205476760864,0.0022234907373785973
1413.6584390776206,1.0049382448196411,0.0022239473182708025
1413.659827984627,1.0003036260604858,0.0022240662947297096
1413.6612168916338,1.0032825469970703,0.002224226947873831
1413.662605798641,1.0012544393539429,0.0022238625679165125
1413.663994705648,1.000267744064331,0.0022252527996897697
1413.665383612626,1.0002291202545166,0.0022226599976420403
1413.666772519634,1.0027495622634888,0.0022231610491871834
1413.668161426641,0.9993005990982056,0.002222442766651511
1413.6695503336184,0.997792661190033,0.0022227091249078512
1413.6709392406256,1.0012173652648926,0.0022250849287956953
1413.6723281476327,0.9998464584350586,0.0022224970161914825
1413.67371705461,1.0047307014465332,0.002226219279691577
1413.6751059616167,1.0015108585357666,0.0022241887636482716
1413.6764948686239,1.0000696182250977,0.0022249368485063314
1413.677883775602,1.0017118453979492,0.0022248737514019012
1413.679272682609,0.9983220100402832,0.0022222036495804787
1413.6806615895878,1.0041958093643188,0.0022255447693169117
1413.682050496595,1.0026260614395142,0.0022244462743401527
1413.6834394035723,1.005321741104126,0.002225826494395733
1413.6848283105794,1.0013923645019531,0.002224583877250552
1413.6862172175577,0.9963235855102539,0.0022214199416339397
1413.6876061245641,1.0020285844802856,0.0022228341549634933
1413.6889950315415,0.9982616305351257,0.002222643466666341
1413.6903839385195,1.0019371509552002,0.0022239512763917446
1413.6917728455267,0.999402642250061,0.0022235848009586334
1413.693161752504,1.0032596588134766,0.0022257270757108927
1413.6945506594827,1.0010993480682373,0.002223202958703041
1413.6959395664906,1.0016947984695435,0.002224368043243885
1413.697328473468,0.9993094801902771,0.0022224043495953083
1413.6987173804462,1.0003581047058105,0.002222491893917322
1413.7001062874533,1.0057799816131592,0.0022276269737631083
1413.7014951944307,1.000549554824829,0.00222238851711154
1413.702884101408,1.0015252828598022,0.002224475145339966
1413.704273008386,0.9988968968391418,0.002222229028120637
1413.705661915364,0.9996435642242432,0.002223219722509384
1413.7070508223705,1.0011012554168701,0.002222634619101882
1413.7084397293486,1.0010443925857544,0.0022236257791519165
1413.7098286363273,0.999069094657898,0.002221889328211546
1413.7112175433053,0.9992579817771912,0.002222372917458415
1413.712606450283,0.9996485710144043,0.002223675139248371
1413.713995357261,1.0015649795532227,0.0022240858525037766
1413.715384264239,1.0003435611724854,0.002226458629593253
1413.7167731712163,1.0027586221694946,0.002223936840891838
1413.7181620781944,0.9994820952415466,0.0022204427514225245
1413.7195509851724,0.9985501766204834,0.002222692593932152
1413.7209398921498,1.0006572008132935,0.002221152186393738
1413.7223287991278,1.0014573335647583,0.0022235456854104996
1413.7237177061065,0.9958061575889587,0.002221008762717247
1413.7251066130846,1.0029048919677734,0.002222503535449505
1413.7264955200621,1.0017333030700684,0.0022226935252547264
1413.7278844270402,0.9997118711471558,0.002222458366304636
1413.729273333989,1.0006356239318848,0.002221298636868596
1413.7306622409665,1.0038796663284302,0.002226861659437418
1413.7320511479445,1.0028159618377686,0.0022235990036278963
1413.7334400549225,0.9992740154266357,0.002222470473498106
1413.7348289618708,0.9985135197639465,0.0022229605820029974
1413.7362178688488,0.9983265399932861,0.002220927970483899
1413.7376067758269,0.9959622025489807,0.002219617599621415
1413.738995682805,0.9990648031234741,0.002221842063590884
1413.740384589754,1.000266671180725,0.0022232537157833576
1413.741773496732,1.00395667552948,0.0022256276570260525
1413.7431624037101,0.9985480308532715,0.002220065100118518
1413.7445513106584,0.9991084933280945,0.0022220700047910213
1413.7459402176364,1.0012928247451782,0.002222576178610325
1413.7473291245853,1.0024560689926147,0.0022254865616559982
1413.7487180315627,1.0015788078308105,0.002223843475803733
1413.7501069385116,0.9999097585678101,0.0022223039995878935
1413.7514958454897,0.9991335272789001,0.0022234246134757996
1413.7528847524388,1.0016616582870483,0.0022249086759984493
1413.7542736594169,1.0012785196304321,0.002222800860181451
1413.7556625663658,0.9996339678764343,0.0022241007536649704
1413.7570514733438,1.000267744064331,0.0022215552162379026
1413.758440380292,0.9996070265769958,0.0022232418414205313
1413.7598292872701,0.9986039400100708,0.0022224162239581347
1413.761218194219,1.004676342010498,0.002226651646196842
1413.7626071011673,0.9998592734336853,0.0022235349752008915
1413.7639960081453,0.9980385303497314,0.002219987567514181
1413.7653849150945,0.9964811205863953,0.0022224178537726402
1413.7667738220428,1.0008234977722168,0.002225570846349001
1413.7681627290208,1.0003165006637573,0.0022230781614780426
1413.7695516359704,1.001408338546753,0.0022253403440117836
1413.7709405429193,1.0023260116577148,0.0022247794549912214
1413.7723294498676,1.0000205039978027,0.0022221116814762354
1413.7737183568165,1.0002390146255493,0.002222349401563406
1413.7751072637946,1.003084659576416,0.0022245217114686966
1413.7764961707428,0.9971676468849182,0.002222323790192604
1413.777885077692,0.9996136426925659,0.00222417782060802
1413.779273984641,0.9981520175933838,0.0022227775771170855
1413.7806628915891,1.0004446506500244,0.0022225631400942802
1413.7820517985374,0.9994374513626099,0.0022229827009141445
1413.783440705487,1.003635287284851,0.0022256989032030106
1413.7848296124366,1.001973032951355,0.002224838128313422
1413.7862185193849,1.0010454654693604,0.002224280731752515
1413.7876074263338,0.9991509914398193,0.0022257016971707344
1413.7889963332827,1.0007139444351196,0.0022256376687437296
1413.7903852402312,0.9968367218971252,0.002222361508756876
1413.7917741471801,1.000963568687439,0.0022257899399846792
1413.793163054129,1.001602053642273,0.0022237931843847036
1413.7945519610773,1.0031675100326538,0.0022246285807341337
1413.7959408680256,1.0039961338043213,0.002226458163931966
1413.7973297749752,1.001098394393921,0.0022239696700125933
1413.7987186818957,0.9983277320861816,0.0022257217206060886
1413.800107588844,1.0028131008148193,0.0022232457995414734
1413.801496495793,0.9981630444526672,0.0022201540414243937
1413.8028854027418,1.0008432865142822,0.0022212560288608074
1413.80427430969,1.0019832849502563,0.002222002949565649
1413.8056632166101,0.9963802099227905,0.0022188599687069654
1413.807052123559,1.0012991428375244,0.0022234637290239334
1413.8084410305073,1.0041565895080566,0.0022243305575102568
1413.8098299374265,1.0005156993865967,0.002220690716058016
1413.8112188443754,1.0026618242263794,0.0022243796847760677
1413.812607751325,0.996590256690979,0.0022226599976420403
1413.8139966582448,0.9982819557189941,0.0022200983949005604
1413.8153855651938,1.0016053915023804,0.0022240127436816692
1413.8167744721138,0.9965205192565918,0.0022193111944943666
1413.818163379062,0.9984904527664185,0.0022198513615876436
1413.8195522859812,1.0025938749313354,0.002224078867584467
1413.8209411929301,1.0004454851150513,0.0022211556788533926
1413.82233009985,0.9984739422798157,0.002221460686996579
1413.8237190067982,0.9980871081352234,0.0022201603278517723
1413.825107913718,0.999260663986206,0.002221460919827223
1413.8264968206677,0.9990792870521545,0.0022229384630918503
1413.8278857275875,1.0044338703155518,0.00222567655146122
1413.8292746345076,0.9983070492744446,0.0022191344760358334
1413.8306635414565,1.0006604194641113,0.00222177617251873
1413.8320524483756,1.0005745887756348,0.0022219293750822544
1413.8334413552948,1.00025475025177,0.0022231789771467447
1413.8348302622437,0.9999586343765259,0.0022196355275809765
1413.8362191691635,1.0020886659622192,0.0022243813145905733
1413.8376080760827,1.001543641090393,0.002224994357675314
1413.8389969830025,0.9992567896842957,0.0022225386928766966
1413.8403858899514,1.003706932067871,0.002225339412689209
1413.8417747968713,1.0000832080841064,0.0022212588228285313
1413.8431637037918,1.0004339218139648,0.0022240090183913708
1413.8445526107118,1.0033764839172363,0.0022254344075918198
1413.845941517631,1.0014268159866333,0.002224029740318656
1413.8473304245501,1.0020283460617065,0.002224298194050789
1413.84871933147,1.0021400451660156,0.0022218585945665836
1413.8501082383898,0.9997774958610535,0.0022208373993635178
1413.851497145309,1.0022222995758057,0.0022240527905523777
1413.8528860522288,0.9972430467605591,0.0022210851311683655
1413.8542749591486,1.001130223274231,0.00222208839841187
1413.8556638660687,0.9987572431564331,0.0022216455545276403
1413.8570527729892,0.9985177516937256,0.0022207919973880053
1413.858441679909,0.9992223978042603,0.002221599454060197
1413.8598305868281,0.9983909130096436,0.002220555441454053
1413.8612194937473,0.9974421262741089,0.0022208283189684153
1413.862608400667,1.0007911920547485,0.0022206816356629133
1413.863997307587,1.0044891834259033,0.0022274330258369446
1413.865386214506,1.0003613233566284,0.002221224131062627
1413.8667751213968,1.000892162322998,0.002221188507974148
1413.8681640283166,1.001399040222168,0.002221974777057767
1413.869552935236,0.9986376762390137,0.002222241833806038
1413.8709418421565,1.0020220279693604,0.0022222716361284256
1413.872330749077,0.9976469278335571,0.0022200418170541525
1413.873719655967,0.9975625872612,0.0022215235512703657
1413.8751085628862,1.000604271888733,0.0022212795447558165
1413.876497469806,1.001412272453308,0.0022221796680241823
1413.8778863766968,0.9988299608230591,0.002222764305770397
1413.879275283616,1.0022163391113281,0.00222411728464067
1413.8806641905066,0.9994898438453674,0.002223465358838439
1413.8820530974265,0.9964846968650818,0.002218750072643161
1413.8834420043459,0.9980830550193787,0.002220718190073967
1413.8848309112373,0.998121976852417,0.002221826696768403
1413.8862198181578,0.9997580647468567,0.002220802241936326
1413.8876087250478,0.9982888698577881,0.002222080947831273
1413.888997631967,0.9997687935829163,0.002223913324996829
1413.8903865388577,1.003889799118042,0.0022263932041823864
1413.8917754457484,0.9987523555755615,0.0022202590480446815
1413.8931643526676,0.9957647919654846,0.002220032038167119
1413.8945532595583,0.9960934519767761,0.0022203687112778425
1413.8959421664783,1.0012259483337402,0.0022229389287531376
1413.8973310733684,1.004396915435791,0.002224825555458665
1413.898719980259,0.9996598362922668,0.002221391536295414
1413.9001088871796,1.0002284049987793,0.0022245957516133785
1413.9014977940703,1.000741958618164,0.0022246111184358597
1413.9028867009604,0.9993935227394104,0.0022208979353308678
1413.904275607851,1.0008025169372559,0.0022256828378885984
1413.905664514771,1.0006792545318604,0.00222192145884037
1413.907053421661,0.9979828000068665,0.002221697475761175
1413.908442328552,0.9993836879730225,0.0022230029571801424
1413.9098312354427,0.9995670318603516,0.002224533585831523
1413.9112201423327,1.000892996788025,0.002222194103524089
1413.9126090492234,0.9993430376052856,0.0022214590571820736
1413.9139979561148,1.0010172128677368,0.0022235482465475798
1413.9153868630347,1.0011498928070068,0.0022232988849282265
1413.9167757699247,0.9959982633590698,0.0022177440114319324
1413.9181646768154,1.0009896755218506,0.002225052798166871
1413.9195535837061,0.999110758304596,0.002219792455434799
1413.9209424905964,1.0025837421417236,0.0022250721231102943
1413.9223313974871,1.0003283023834229,0.0022228027228266
1413.9237203043779,0.9964138269424438,0.0022200404200702906
1413.9251092112388,1.004663348197937,0.0022241987753659487
1413.9264981181288,1.0014617443084717,0.0022225999273359776
1413.9278870250196,1.0009751319885254,0.0022234057541936636
1413.929275931911,1.0012340545654297,0.0022244038991630077
1413.9306648388017,0.9971482753753662,0.002220320515334606
1413.9320537456924,0.9993723630905151,0.002221801085397601
1413.9334426525832,0.9961166977882385,0.002222084440290928
1413.9348315594443,0.9984909296035767,0.0022219179663807154
1413.9459428145112,1.0015062093734741,0.0022232085466384888
1413.9487206282631,1.002336025238037,0.0022236264776438475
1413.9501095351247,0.9994930624961853,0.002220455091446638
1413.9514984420155,0.9980676770210266,0.002221297239884734
1413.9528873488764,1.0020025968551636,0.0022216232027858496
1413.9542762557664,1.0024796724319458,0.0022238469682633877
1413.955665162628,1.0027693510055542,0.0022218995727598667
1413.9570540695188,1.0025756359100342,0.00222158245742321
1413.9584429763804,0.9959546327590942,0.0022161370143294334
1413.959831883272,0.997122585773468,0.002220126800239086
1413.9612207901337,0.9979182481765747,0.002220181282609701
1413.9626096969946,1.0014209747314453,0.002222951967269182
1413.9639986038853,1.0036213397979736,0.0022224360145628452
1413.965387510747,0.9979302287101746,0.002218596637248993
1413.966776417608,1.0017027854919434,0.002221271162852645
1413.968165324498,0.9997986555099487,0.002223749179393053
1413.9695542313596,0.9994964599609375,0.002222461858764291
1413.9709431382212,0.9981770515441895,0.0022196213249117136
1413.9723320450828,0.9980535507202148,0.002220128895714879
1413.9737209519453,0.9998233318328857,0.002221744740381837
1413.975109858836,1.0004653930664062,0.0022213130723685026
1413.976498765697,0.9970922470092773,0.00222080503590405
1413.9778876725586,0.999701738357544,0.0022206208668649197
1413.9792765794202,1.0012489557266235,0.002225079806521535
1413.9806654862812,0.9963295459747314,0.0022175770718604326
1413.982054393142,0.9986228942871094,0.0022215500939637423
1413.9834433000037,0.9991813898086548,0.002220410155132413
1413.9848322068653,0.998733639717102,0.00221965997479856
1413.9862211137263,1.0000191926956177,0.002219622954726219
1413.9876100205888,0.9991331696510315,0.0022229088936001062
1413.9889989274511,1.0018106698989868,0.002221924252808094
1413.990387834312,1.0016601085662842,0.0022219205275177956
1413.9917767411737,1.000740647315979,0.0022233177442103624
1413.9931656480353,1.0022871494293213,0.002223596442490816
1413.9945545548671,1.0021787881851196,0.0022214362397789955
1413.995943461728,0.9988545775413513,0.0022201992105692625
1413.9973323685897,1.0008925199508667,0.002220645546913147
1413.9987212754515,1.0021662712097168,0.0022209077142179012
1414.0001101823125,0.9988123774528503,0.0022200127132236958
1414.0014990891457,1.001267671585083,0.002220511669293046
1414.004276902869,1.00254487991333,0.002220954978838563
1414.007054716563,1.0031826496124268,0.002224905416369438
1414.008443623424,0.9951773285865784,0.002219323068857193
1414.0098325302558,1.0011483430862427,0.002220493508502841
1414.0112214371177,0.9993685483932495,0.002222242997959256
1414.0126103439793,0.999586820602417,0.0022201628889888525
1414.0139992508111,1.0025763511657715,0.0022233305498957634
1414.0167770645066,0.9981101751327515,0.0022176438942551613
1414.0181659713676,1.0021413564682007,0.002221793867647648
1414.0195548782,1.0004067420959473,0.0022226395085453987
1414.0209437850326,0.9983595013618469,0.0022223107516765594
1414.0223326918936,1.0018802881240845,0.0022220611572265625
1414.0237215987254,1.0017969608306885,0.0022226586006581783
1414.025110505587,0.9973282814025879,0.0022187356371432543
1414.0264994124198,0.9980623722076416,0.0022236350923776627
1414.0278883192516,1.0001691579818726,0.002222985029220581
1414.0292772261132,1.001081943511963,0.0022216502111405134
1414.0306661329464,1.0043548345565796,0.0022241936530917883
1414.032055039779,0.9991997480392456,0.002220197580754757
1414.0334439466108,0.9971790313720703,0.002221934264525771
1414.0348328534724,0.9997711777687073,0.0022205670829862356
1414.036221760305,0.9947147369384766,0.0022192986216396093
1414.0376106671367,0.9997938871383667,0.00222031120210886
1414.0389995739695,0.9979939460754395,0.002220147056505084
1414.040388480802,1.0012909173965454,0.002222985029220581
1414.0417773876338,1.0011024475097656,0.002221442526206374
1414.0431662944954,0.999492883682251,0.002222397830337286
1414.0445552013286,0.9994208216667175,0.002223749877884984
1414.0459441081612,0.9994130730628967,0.0022214078344404697
1414.047333014993,1.0000265836715698,0.0022226935252547264
1414.0487219218255,0.9980169534683228,0.0022206890862435102
1414.0501108286583,1.001924991607666,0.0022255927324295044
1414.05149973549,1.0015182495117188,0.0022252006456255913
1414.0528886423226,1.0011820793151855,0.0022238546516746283
1414.054277549126,0.9981610774993896,0.0022217808291316032
1414.0556664559579,0.9973837733268738,0.0022202874533832073
1414.0570553627904,1.0008329153060913,0.0022227538283914328
1414.058444269623,1.0004853010177612,0.0022217892110347748
1414.0598331764554,1.001829743385315,0.002223455347120762
1414.061222083288,0.9994657039642334,0.002221417846158147
1414.0626109900913,0.9973087906837463,0.0022206748835742474
1414.0639998969239,0.9992191791534424,0.002222323790192604
1414.065388803756,0.9977874755859375,0.0022209680173546076
1414.0667777105884,1.0000557899475098,0.0022224478889256716
1414.0681666173919,1.0005862712860107,0.0022231468465179205
1414.0695555242237,1.0015888214111328,0.002224347786977887
1414.0709444310562,1.0049461126327515,0.0022254043724387884
1414.0723333378596,0.9994735717773438,0.0022239796817302704
1414.0737222446921,1.00049889087677,0.0022226006258279085
1414.0751111515247,0.9995518326759338,0.002222460461780429
1414.076500058328,0.9995776414871216,0.002224075375124812
1414.0778889651608,0.9988325238227844,0.0022211838513612747
1414.0792778719635,0.99735027551651,0.0022206949070096016
1414.080666778796,0.9986461400985718,0.002219844376668334
1414.0820556855995,0.9989312291145325,0.002221321687102318
1414.0834445924313,1.0015407800674438,0.00222456781193614
1414.0848334992347,1.0015336275100708,0.0022225675638765097
1414.0862224060381,1.0020501613616943,0.002222815528512001
1414.0876113128706,0.9960877895355225,0.0022208692971616983
1414.089000219674,1.0041226148605347,0.0022262074053287506
1414.0903891265068,1.0050534009933472,0.0022241673432290554
1414.0917780333102,0.9996342062950134,0.0022213212214410305
1414.093166940113,1.0001918077468872,0.0022213503252714872
1414.0945558469164,1.0003869533538818,0.0022222481202334166
1414.0959447537489,0.9990468621253967,0.0022227431181818247
1414.0973336605516,1.0033892393112183,0.0022245910950005054
1414.098722567355,1.002882957458496,0.002224271884188056
1414.1001114741584,1.0004606246948242,0.002222095150500536
1414.1015003809612,0.9993767142295837,0.002220983849838376
1414.1028892877937,0.9980767369270325,0.0022192278411239386
1414.104278194598,0.9982701539993286,0.002221609465777874
1414.1056671014014,0.9993708729743958,0.0022218564990907907
1414.1070560082042,1.0011171102523804,0.0022238092496991158
1414.1084449150076,0.9981388449668884,0.0022224390413612127
1414.109833821811,1.0005425214767456,0.002225193427875638
1414.1112227286137,0.9992324113845825,0.002220913302153349
1414.1126116354171,1.000939130783081,0.0022220758255571127
1414.1140005422205,0.9990530014038086,0.0022240157704800367
1414.1153894490233,0.9992732405662537,0.0022226080764085054
1414.116778355827,1.0015263557434082,0.0022246623411774635
1414.118167262631,1.0011708736419678,0.002223423682153225
1414.1195561694344,1.0003050565719604,0.002221061848104
1414.120945076208,0.9945722222328186,0.002217633184045553
1414.1223339830115,1.0041508674621582,0.0022256835363805294
1414.1237228898149,1.0002617835998535,0.0022229414898902178
1414.1251117966176,1.0011775493621826,0.0022230730392038822
1414.126500703421,1.0016862154006958,0.0022236777003854513
1414.1278896101953,0.9988240003585815,0.002223241375759244
1414.1306674238017,0.9995964169502258,0.0022219691891223192
1414.13344523738,0.9992355108261108,0.0022225624416023493
1414.1348341441828,1.001530408859253,0.0022262204438447952
1414.1362230509571,0.9972215294837952,0.0022201610263437033
1414.1376119577606,0.9951995611190796,0.0022186932619661093
1414.1390008645342,0.996178925037384,0.002224548254162073
1414.140389771337,1.0034596920013428,0.0022243738640099764
1414.1417786781406,1.0031485557556152,0.0022261410485953093
1414.1431675849149,0.998178243637085,0.0022204990964382887
1414.1445564916885,0.9993871450424194,0.0022225449793040752
1414.1459453984926,0.9989957809448242,0.002223979914560914
1414.1473343052676,1.001545786857605,0.0022275408264249563
1414.1487232120703,1.0022127628326416,0.002224390162155032
1414.1501121188446,1.0016852617263794,0.0022230357863008976
1414.151501025648,1.0017542839050293,0.002224137308076024
1414.1528899324217,1.0027812719345093,0.0022266863379627466
1414.1542788391953,1.0021793842315674,0.0022254541981965303
1414.1556677459696,0.9976130723953247,0.002221140544861555
1414.1570566527732,0.9967764616012573,0.0022190117742866278
1414.1584455595469,0.9976102709770203,0.002221840200945735
1414.1598344663219,1.0037364959716797,0.002225114032626152
1414.1612233730968,0.9967791438102722,0.002222722861915827
1414.1626122798996,0.9998348355293274,0.0022223955020308495
1414.1640011866739,1.0023887157440186,0.0022236043587327003
1414.1653900934482,0.9976860284805298,0.0022202301770448685
1414.1667790002218,0.9988610744476318,0.0022225382272154093
1414.1681679069954,0.9978196620941162,0.0022221982944756746
1414.16955681377,0.9973562359809875,0.0022245612926781178
1414.1709457205443,0.9967696666717529,0.0022215773351490498
1414.172334627318,1.001598834991455,0.002223142422735691
1414.173723534093,1.0013219118118286,0.002224155468866229
1414.175112440868,1.000991702079773,0.0022254770155996084
1414.1765013476415,1.002856731414795,0.0022268223110586405
1414.1778902544158,0.9994832873344421,0.002222871407866478
1414.1792791611902,1.00594162940979,0.002228018594905734
1414.180668067964,1.0005420446395874,0.002223401563242078
1414.1820569747376,0.9994605779647827,0.002221754053607583
1414.183445881512,0.9995868802070618,0.002224115189164877
1414.1848347882571,1.00034761428833,0.002223406685516238
1414.1862236950308,0.9990781545639038,0.002222029957920313
1414.187612601805,1.0001457929611206,0.0022231850307434797
1414.18900150858,0.997809112071991,0.0022219365928322077
1414.1903904153253,0.9993175864219666,0.002222516806796193
1414.1917793220996,0.999850869178772,0.002223491668701172
1414.193168228874,0.9986422657966614,0.0022221107501536608
1414.1945571356478,1.0012630224227905,0.002223396208137274
1414.1959460423923,1.002009391784668,0.002223560120910406
1414.1973349491666,0.9969158172607422,0.0022226569708436728
1414.1987238559118,0.9985917806625366,0.0022202699910849333
1414.2015016694306,0.9952325820922852,0.0022225934080779552
1414.2028905762056,0.9997379183769226,0.002223304705694318
1414.20427948298,0.9977457523345947,0.00222287536598742
1414.2056683897251,0.9981679916381836,0.002222697716206312
1414.2070572964706,1.0045549869537354,0.0022266714368015528
1414.2084462032442,1.002029538154602,0.002224475611001253
1414.2098351099887,0.999316930770874,0.0022224432323127985
1414.211224016763,1.0009311437606812,0.0022232485935091972
1414.2126129235082,0.9996315836906433,0.0022259457036852837
1414.2140018302528,0.9975153803825378,0.0022220208775252104
1414.215390737027,0.9966959357261658,0.0022188329603523016
1414.216779643773,0.9947963953018188,0.0022196436766535044
1414.2181685505182,0.9977982044219971,0.0022202858235687017
1414.2195574572927,1.0011401176452637,0.0022228669840842485
1414.220946364038,1.0005815029144287,0.002222695155069232
1414.2223352707824,0.9992300271987915,0.002224985044449568
1414.223724177527,0.9999222159385681,0.00222372030839324
1414.2251130842722,0.9972107410430908,0.0022204737178981304
1414.2265019910174,0.9991902112960815,0.0022215461358428
1414.227890897791,1.0004504919052124,0.0022242197301238775
1414.2292798045362,1.0013033151626587,0.0022235079668462276
1414.2306687112814,1.002465844154358,0.0022249645553529263
1414.2320576180266,0.9991267919540405,0.0022227074950933456
1414.2334465247727,1.00303053855896,0.002222559880465269
1414.234835431518,1.0009405612945557,0.0022229242604225874
1414.2362243382624,0.99847012758255,0.0022226644214242697
1414.237613245007,1.0007615089416504,0.002223597839474678
1414.2390021517522,1.0020769834518433,0.0022247983142733574
1414.2403910584974,1.0002751350402832,0.002222120761871338
1414.2417799652128,0.9975807666778564,0.0022206155117601156
1414.243168871958,0.9992844462394714,0.002221864415332675
1414.2445577787032,1.0005437135696411,0.0022243927232921124
1414.2459466854486,0.9997615814208984,0.0022221424151211977
1414.2473355921938,1.0016266107559204,0.0022224769927561283
1414.248724498939,0.9989888072013855,0.002222289564087987
1414.2501134056552,1.0020695924758911,0.0022234288044273853
1414.2515023123997,1.0013529062271118,0.002223544754087925
1414.2528912191449,1.0014592409133911,0.0022237824741750956
1414.254280125861,1.0021389722824097,0.0022233747877180576
1414.2556690326055,0.997930109500885,0.0022197584621608257
1414.2570579393507,1.002920150756836,0.0022240912076085806
1414.258446846067,1.002927303314209,0.002224312862381339
1414.2598357528123,0.9973212480545044,0.0022207400761544704
1414.2612246595575,0.9979032278060913,0.0022212129551917315
1414.2626135662736,1.0026392936706543,0.002223418327048421
1414.2640024730188,1.0002580881118774,0.002221667906269431
1414.2653913797342,0.9994895458221436,0.002221437869593501
1414.2667802864794,0.9980842471122742,0.002222674200311303
1414.2681691931955,0.9967537522315979,0.0022209431044757366
1414.269558099911,1.0007301568984985,0.0022241766564548016
1414.2709470066563,1.000606656074524,0.0022220343817025423
1414.2723359133724,0.9985013008117676,0.002221121685579419
1414.2737248201176,0.9988800287246704,0.0022227352019399405
1414.2751137268338,1.0032302141189575,0.002225285628810525
1414.2765026335499,1.0021644830703735,0.0022239515092223883
1414.277891540295,1.0025837421417236,0.0022229624446481466
1414.2792804470105,0.9996976852416992,0.0022226604633033276
1414.2806693537266,0.998115599155426,0.0022237272933125496
1414.2820582604427,0.9994319677352905,0.0022211014293134212
1414.283447167158,1.000051498413086,0.002224853727966547
1414.2848360739033,1.000880479812622,0.002223868854343891
1414.2862249806196,0.9989689588546753,0.0022228152956813574
1414.287613887335,1.0036143064498901,0.002225252101197839
1414.2890027940512,0.9995437264442444,0.002223967108875513
1414.290391700768,0.9998795986175537,0.0022218378726392984
1414.291780607484,1.0024690628051758,0.0022256390657275915
1414.2931695141995,0.9986186027526855,0.002221898175776005
1414.2945584209156,0.995262086391449,0.0022188161965459585
1414.2959473276317,0.9979540109634399,0.0022222124971449375
1414.297336234347,0.9960840940475464,0.002220872091129422
1414.2987251410634,0.9989091157913208,0.0022232511546462774
1414.3001140477795,0.998337984085083,0.002223503077402711
1414.301502954495,0.9987964630126953,0.0022219449747353792
1414.302891861211,1.0009757280349731,0.0022259517572820187
1414.3042807679278,1.001780390739441,0.002225068863481283
1414.3056696746148,1.00331449508667,0.0022246825974434614
1414.3070585813302,1.000357985496521,0.002225559437647462
1414.3084474880463,1.000579595565796,0.0022230069153010845
1414.3098363947627,1.0001827478408813,0.002223129151389003
1414.311225301478,0.9997941851615906,0.0022240381222218275
1414.312614208165,1.001372218132019,0.002224268624559045
1414.3140031148812,0.9995056986808777,0.002222508890554309
1414.3153920215966,0.9994807839393616,0.002225111471489072
1414.3167809282836,0.998355507850647,0.0022214893251657486
1414.3181698350004,1.0012887716293335,0.00222554593347013
1414.3195587417165,1.0002821683883667,0.002224232070147991
1414.3209476484028,0.9965903162956238,0.002219821559265256
1414.3223365551191,0.9977632164955139,0.0022224525455385447
1414.3237254618061,0.9996275901794434,0.0022284144069999456
1414.3251143685216,0.9986106157302856,0.0022216043435037136
1414.3265032752086,1.002232313156128,0.0022237866651266813
1414.3278921819247,0.9991418123245239,0.002223131014034152
1414.329281088611,1.000293493270874,0.0022231992334127426
1414.330669995298,0.9985759854316711,0.0022208956070244312
1414.3320589020148,0.9990143179893494,0.00222254847176373
1414.3334478087017,1.0016405582427979,0.0022231966722756624
1414.3348367154172,1.0014907121658325,0.0022231193725019693
1414.3362256221042,0.9979570508003235,0.002222347306087613
1414.3376145287914,0.9960690140724182,0.0022194671910256147
1414.3390034354777,1.0025404691696167,0.0022249629255384207
1414.3403923421938,0.9978491067886353,0.0022202241234481335
1414.3417812488808,0.9971340298652649,0.0022208336740732193
1414.3431701555671,0.9983755350112915,0.0022219447419047356
1414.3445590622534,1.0012435913085938,0.0022234267089515924
1414.3459479689411,0.9996144771575928,0.0022205065470188856
1414.347336875658,0.9958392381668091,0.0022203533444553614
1414.3487257823442,1.0009748935699463,0.0022251801565289497
1414.3501146890314,0.9973140358924866,0.0022238739766180515
1414.3515035957184,1.0015958547592163,0.0022242397535592318
1414.3528925024048,0.9997041821479797,0.0022216567303985357
1414.354281409091,0.9975638389587402,0.0022186976857483387
1414.355670315778,1.0005245208740234,0.002221182221546769
1414.357059222465,1.0037072896957397,0.0022242432460188866
1414.3584481291514,0.9988594055175781,0.002222299575805664
1414.359837035839,0.9974304437637329,0.002220919355750084
1414.3612259425267,1.0000654458999634,0.0022246716544032097
1414.3626148491842,0.9965865015983582,0.002223080024123192
1414.3640037558712,0.9965282082557678,0.002221082802861929
1414.3653926625582,0.9956733584403992,0.0022216648794710636
1414.3667815692445,1.0005736351013184,0.0022236518561840057
1414.3681704759308,1.0024375915527344,0.0022244194988161325
1414.3695593825887,1.0048718452453613,0.0022278332617133856
1414.3709482892757,0.9978308081626892,0.0022213009651750326
1414.372337195962,1.0015199184417725,0.0022229054011404514
1414.3737261026497,1.0002788305282593,0.0022208853624761105
1414.3751150093083,1.0009397268295288,0.0022232530172914267
1414.3765039159948,0.9994755983352661,0.002224766183644533
1414.3778928226818,0.9988275170326233,0.002224074909463525
1414.3792817293397,0.9993668794631958,0.0022234816569834948
1414.380670636026,0.9984984397888184,0.002220800146460533
1414.3820595426832,0.9995914101600647,0.002223363146185875
1414.3834484493702,0.9983271956443787,0.002222214126959443
1414.3848373560281,0.9983112215995789,0.0022219244856387377
1414.3862262627144,0.999958336353302,0.0022201957181096077
1414.3876151693732,0.9993832111358643,0.0022224821150302887
1414.3903929827181,0.9997302889823914,0.0022242432460188866
1414.391781889376,0.9979687929153442,0.0022193125914782286
1414.393170796063,0.9982340335845947,0.0022208162117749453
1414.3945597027202,0.9974564909934998,0.0022214925847947598
1414.3959486093775,0.9992610812187195,0.002221482340246439
1414.3973375160645,1.000238299369812,0.0022206571884453297
1414.3987264227223,1.0002409219741821,0.0022217549849301577
1414.4001153293796,1.0001108646392822,0.002222273964434862
1414.4015042360377,1.0055501461029053,0.002224421827122569
1414.4028931427254,0.9996587634086609,0.0022246651351451874
1414.4042820493833,0.9977346658706665,0.0022211112082004547
1414.4056709560411,0.9986487627029419,0.002222709357738495
1414.407059862699,1.0026888847351074,0.0022269850596785545
1414.4084487693563,1.0000454187393188,0.0022232066839933395
1414.4098376760135,0.9989235401153564,0.002222505398094654
1414.4112265826714,0.9989795088768005,0.0022225663997232914
1414.4126154893293,0.9969589114189148,0.0022188429720699787
1414.4140043959865,0.9991887807846069,0.002221586648374796
1414.4153933026444,1.0020755529403687,0.0022233249619603157
1414.4167822093032,1.0016423463821411,0.0022267568856477737
1414.418171115961,1.0009013414382935,0.0022237019147723913
1414.419560022619,1.0019761323928833,0.0022246905136853456
1414.4209489292768,1.0019549131393433,0.0022245547734200954
1414.422337835934,1.0004860162734985,0.002225075149908662
1414.4237267425913,0.9993736147880554,0.0022223093546926975
1414.4251156492492,1.0007057189941406,0.0022225440479815006
1414.426504555878,1.0008968114852905,0.0022257892414927483
1414.4278934625352,1.00186026096344,0.0022259759716689587
1414.4292823691933,0.9982587099075317,0.0022223624400794506
1414.4306712758519,0.9964554905891418,0.002222132869064808
1414.4320601824807,1.0018302202224731,0.002223322167992592
1414.4334490891385,0.9999576807022095,0.0022210036404430866
1414.4348379957964,1.0009461641311646,0.002224980155006051
1414.4362269024246,1.0008533000946045,0.0022248041350394487
1414.4376158090818,0.9983591437339783,0.002222416689619422
1414.4390047157106,0.9993532299995422,0.002223443239927292
1414.4403936223687,0.9995552897453308,0.0022188308648765087
1414.4417825289968,1.0001678466796875,0.002220217138528824
1414.4431714356547,1.0014350414276123,0.00222311750985682
1414.445949248942,0.9977854490280151,0.002221236005425453
1414.4473381555708,1.002879023551941,0.002223444636911154
1414.4487270622287,0.9982972145080566,0.0022207831498235464
1414.4501159688568,0.9996957778930664,0.0022195742931216955
1414.451504875514,1.0010532140731812,0.0022228555753827095
1414.452893782143,0.9988687634468079,0.0022216090001165867
1414.4542826887719,1.0029627084732056,0.0022244995925575495
1414.4556715954,1.0022127628326416,0.0022234770003706217
1414.4570605020579,0.998046338558197,0.0022225151769816875
1414.4584494086873,1.0013166666030884,0.00222395034506917
1414.4598383153161,1.0003665685653687,0.0022243657149374485
1414.4612272219442,0.9992295503616333,0.0022217591758817434
1414.4626161286021,1.0014660358428955,0.0022267333697527647
1414.464005035231,1.0039275884628296,0.0022261508274823427
1414.465393941859,1.0006753206253052,0.0022219910752028227
1414.4667828484878,0.9975233674049377,0.0022235852666199207
1414.4681717551168,1.002397060394287,0.002225081669166684
1414.469560661745,1.0020610094070435,0.0022222211118787527
1414.4709495683737,0.9975486993789673,0.002219933783635497
1414.4723384750032,1.0039353370666504,0.0022254749201238155
1414.473727381632,0.9995236992835999,0.0022192925680428743
1414.47511628826,0.9960657358169556,0.0022199207451194525
1414.476505194889,0.9976394176483154,0.0022203223779797554
1414.4778941015177,0.9980497360229492,0.002218537265434861
1414.4792830081458,1.0018776655197144,0.0022227861918509007
1414.4806719147748,1.001603603363037,0.0022255550138652325
1414.4820608214036,0.9967849254608154,0.0022194620687514544
1414.4834497280026,0.9997255802154541,0.002221347764134407
1414.4848386346314,0.9993639588356018,0.0022226832807064056
1414.4862275412609,0.9982575178146362,0.0022217107471078634
1414.4876164478896,1.0025986433029175,0.0022227477747946978
1414.4890053544887,0.9981439709663391,0.0022214960772544146
1414.4903942611174,0.9976460933685303,0.0022196019999682903
1414.4917831677465,0.998738169670105,0.0022228655871003866
1414.4945609809743,0.9960812330245972,0.002216713735833764
1414.495949887603,0.9968724250793457,0.002220623428002
1414.497338794202,0.9979124069213867,0.0022223093546926975
1414.4987277008308,0.9988609552383423,0.00222253636457026
1414.5001166074305,0.9997217059135437,0.0022211449686437845
1414.5015055140593,0.9984936118125916,0.0022226052824407816
1414.502894420659,0.9949367046356201,0.002219300251454115
1414.504283327288,1.0009297132492065,0.0022268372122198343
1414.5056722338877,0.9991863369941711,0.0022244721185415983
1414.5070611405158,1.0011487007141113,0.002222738927230239
1414.5084500471155,0.9966438412666321,0.00222390191629529
1414.5098389537152,1.0011614561080933,0.0022236560471355915
1414.5112278603433,0.9997710585594177,0.0022243091370910406
1414.512616766943,1.0010910034179688,0.002225069561973214
1414.5140056735427,0.9984368085861206,0.0022233151830732822
1414.5153945801715,1.002647876739502,0.0022235028445720673
1414.5167834867711,1.00191330909729,0.0022229913156479597
1414.5181723933708,1.0015357732772827,0.002224706346169114
1414.5195612999707,1.0013794898986816,0.0022236404474824667
1414.5209502065698,1.0004563331604004,0.002222855808213353
1414.5223391131985,1.0030754804611206,0.0022242919076234102
1414.5237280197982,0.9999656081199646,0.002223443239927292
1414.5251169263972,1.0013878345489502,0.0022250094916671515
1414.526505832997,0.9985594153404236,0.0022212008479982615
1414.5278947395966,0.9985643029212952,0.0022221526596695185
1414.5292836461963,0.9996697306632996,0.0022215982899069786
1414.530672552796,1.0057528018951416,0.002224435331299901
1414.532061459396,0.9974226951599121,0.00222077127546072
1414.5334503659956,1.0010948181152344,0.0022245224099606276
1414.5348392725946,1.000675082206726,0.0022240651305764914
1414.5362281791943,1.0040010213851929,0.002227131277322769
1414.537617085794,0.9994820356369019,0.002224898897111416
1414.5390059923639,1.0007450580596924,0.0022236048243939877
1414.5403948989635,1.0005228519439697,0.0022221715189516544
1414.5417838055632,1.0019069910049438,0.0022244269493967295
1414.543172712163,1.0018720626831055,0.002224569208920002
1414.5445616187628,1.0009286403656006,0.0022229240275919437
1414.5459505253334,0.9999967217445374,0.0022223987616598606
1414.547339431933,0.9985024333000183,0.002223131014034152
1414.548728338532,1.0043871402740479,0.002223970601335168
1414.5501172451027,0.9982103109359741,0.0022230905015021563
1414.5515061517024,0.9996342658996582,0.002223153365775943
1414.5528950583014,1.0023375749588013,0.002223929390311241
1414.554283964872,0.9981041550636292,0.00222005951218307
1414.5556728714716,1.0047078132629395,0.0022262725979089737
1414.5570617780425,1.000866174697876,0.002223189454525709
1414.5584506846421,0.9991636276245117,0.0022227854933589697
1414.5598395912127,0.9977548718452454,0.002222304930910468
1414.5612284978124,1.0015246868133545,0.002224481198936701
1414.5626174043823,1.0050246715545654,0.002226561773568392
1414.564006310982,0.9991370439529419,0.0022235133219510317
1414.5653952175526,1.0018501281738281,0.002223924035206437
1414.5667841241225,1.0002702474594116,0.002224477706477046
1414.5681730307215,1.0006269216537476,0.0022246255539357662
1414.569561937292,0.9998435378074646,0.002222406677901745
1414.5709508438636,0.9962035417556763,0.0022207219153642654
1414.5723397504632,0.9984896779060364,0.0022213447373360395
1414.5737286570338,1.00008225440979,0.002224026480689645
1414.5751175636044,1.0014621019363403,0.00222373497672379
1414.5765064701743,1.0013890266418457,0.002222783165052533
1414.577895376774,1.0032727718353271,0.0022254399955272675
1414.5792842833446,0.9985110759735107,0.00222143460996449
1414.5806731899145,0.9983487725257874,0.0022227719891816378
1414.5820620964844,1.0010745525360107,0.0022244288120418787
1414.5834510030552,0.9993893504142761,0.0022236357908695936
1414.5848399096265,1.0009808540344238,0.0022230392787605524
1414.586228816197,0.9985466599464417,0.0022201945539563894
1414.5876177227676,1.0064138174057007,0.002227131277322769
1414.5890066293382,0.9970709085464478,0.0022202585823833942
1414.590395535908,1.0028473138809204,0.0022227135486900806
1414.5917844424787,1.0003775358200073,0.0022226024884730577
1414.5931733490493,1.0003070831298828,0.0022232483606785536
1414.5945622556192,0.998903214931488,0.002222123323008418
1414.5959511621893,1.000910758972168,0.0022243026178330183
1414.5973400687599,0.9992864727973938,0.002221135888248682
1414.598728975302,0.9995397329330444,0.0022231298498809338
1414.6001178818726,0.9977723360061646,0.002221994334831834
1414.6015067884432,0.9974055886268616,0.0022216918878257275
1414.6028956950138,1.0007288455963135,0.0022209291346371174
1414.6042846015546,0.9971433281898499,0.002220027381554246
1414.6056735081252,1.0003050565719604,0.002221455331891775
1414.6070624146957,1.0001213550567627,0.0022234474308788776
1414.6084513212365,0.9961861371994019,0.002222144976258278
1414.6098402278067,0.9992445111274719,0.0022222299594432116
1414.6112291343773,1.003272533416748,0.002223588991910219
1414.6126180409194,1.0029939413070679,0.002225176664069295
1414.61400694749,0.9973780512809753,0.0022202597465366125
1414.6153958540315,1.0017591714859009,0.0022215077187865973
1414.616784760602,0.999932050704956,0.0022206257563084364
1414.6181736671429,0.9972730875015259,0.0022196185309439898
1414.6195625737134,1.003001093864441,0.002224213443696499
1414.620951480255,0.9971046447753906,0.0022186990827322006
1414.622340386796,1.001220703125,0.0022207300644367933
1414.6237292933658,0.9952588081359863,0.002218323526903987
1414.6251181999073,0.9987571239471436,0.002224643947556615
1414.6265071064786,1.0032309293746948,0.0022261864505708218
1414.62789601302,1.0016170740127563,0.0022205759305506945
1414.6292849195615,1.0005515813827515,0.002221667440608144
1414.630673826103,1.000934362411499,0.0022215601056814194
1414.632062732673,0.9995259046554565,0.0022214630153030157
1414.6334516392144,1.00370192527771,0.0022228152956813574
1414.6348405457559,1.000941514968872,0.0022205181885510683
1414.636229452297,1.0025070905685425,0.0022232970222830772
1414.6376183588377,1.003747582435608,0.002223850227892399
1414.6390072653792,1.0004467964172363,0.0022217638324946165
1414.6403961719207,1.0007683038711548,0.0022221936378628016
1414.6417850784621,1.0006608963012695,0.002224598778411746
1414.6431739850334,0.99788498878479,0.002220659516751766
1414.6445628915749,1.0005764961242676,0.002221127972006798
1414.6459517981157,1.0010204315185547,0.00222214893437922
1414.647340704628,1.000606894493103,0.0022199396044015884
1414.6487296111698,0.9992750287055969,0.002220911206677556
1414.6501185177106,1.0035178661346436,0.002223880961537361
1414.6515074242513,1.0013909339904785,0.002222257200628519
1414.6528963307928,1.0022608041763306,0.002222722629085183
1414.6542852373343,0.999274730682373,0.0022192406468093395
1414.6556741438758,1.003415822982788,0.002223019255325198
1414.657063050418,0.9970613121986389,0.002220088616013527
1414.6584519569303,1.0036492347717285,0.0022222460247576237
1414.6598408634711,0.9998515844345093,0.002221959875896573
1414.6612297700128,0.9964401721954346,0.0022213582415133715
1414.6626186765252,1.000287652015686,0.0022247496526688337
1414.664007583066,0.999371349811554,0.0022242506965994835
1414.6653964896068,0.9995312690734863,0.002220194088295102
1414.6667853961192,0.9978728890419006,0.002218113513663411
1414.6681743026606,0.9973760843276978,0.0022163575049489737
1414.6695632092021,0.998400866985321,0.0022180709056556225
1414.6709521157152,0.998595654964447,0.0022197377402335405
1414.6723410222567,0.9992268085479736,0.0022213824559003115
1414.6737299287686,1.0002309083938599,0.0022220867685973644
1414.6751188353094,0.9961994886398315,0.0022189223673194647
1414.6765077418218,0.9987003803253174,0.0022194613702595234
1414.6778966483341,1.0010075569152832,0.0022215167991816998
1414.679285554875,1.00077486038208,0.0022217712830752134
1414.6806744613873,1.001004934310913,0.002221166854724288
1414.6820633678997,0.9978958368301392,0.0022198983933776617
1414.6834522744412,0.9997034072875977,0.002223595045506954
1414.6848411809542,0.9961567521095276,0.002217496046796441
1414.6862300874666,0.9987272024154663,0.0022199160885065794
1414.6876189940076,0.99885094165802,0.002222347306087613
1414.6890079005193,0.9991921782493591,0.0022220248356461525
1414.6903968070317,0.9958696365356445,0.00221913936547935
1414.691785713544,1.0039013624191284,0.002223542658612132
1414.6931746200557,1.001509189605713,0.0022245331201702356
1414.6945635265681,0.9964975714683533,0.0022215358912944794
1414.6959524331096,0.9964685440063477,0.0022196131758391857
1414.697341339622,1.0029345750808716,0.002224671421572566
1414.698730246135,1.0024573802947998,0.0022228253073990345
1414.7001191526476,1.0004754066467285,0.0022205470595508814
1414.7015080591593,1.0029897689819336,0.002223755931481719
1414.702896965671,1.0026264190673828,0.0022229894530028105
1414.7042858721834,1.0017229318618774,0.0022250136826187372
1414.7056747786958,1.000654697418213,0.0022199118975549936
1414.7070636851784,1.0012038946151733,0.002222111215814948
1414.7084525916907,0.9950947761535645,0.002216715132817626
1414.709841498203,0.9984511733055115,0.0022190390154719353
1414.7112304047155,1.0016010999679565,0.002223309362307191
1414.7126193112288,0.9989388585090637,0.0022209996823221445
1414.7140082177411,1.003105878829956,0.0022231226321309805
1414.7153971242237,0.9983119964599609,0.002221173606812954
1414.7167860307354,1.004630208015442,0.002225128235295415
1414.7181749372478,1.0009918212890625,0.0022239002864807844
1414.719563843731,0.9998322129249573,0.00222177361138165
1414.7209527502428,1.0046703815460205,0.0022217538207769394
1414.7223416567551,1.0007696151733398,0.00222175195813179
1414.7237305632384,0.9987872242927551,0.002222029957920313
1414.7251194697508,1.0024690628051758,0.00222438620403409
1414.726508376235,1.0008364915847778,0.002223871648311615
1414.7278972827473,0.9988638758659363,0.0022220842074602842
1414.729286189259,0.9980316162109375,0.002220712136477232
1414.7306750957416,1.0019959211349487,0.0022231866605579853
1414.732064002225,1.0009021759033203,0.002221266971901059
1414.7334529087373,1.0002644062042236,0.002222678391262889
1414.7348418152199,0.9964309930801392,0.002218262990936637
1414.7362307217322,0.9986739754676819,0.0022226020228117704
1414.7376196282155,1.0001709461212158,0.0022216455545276403
1414.739008534699,1.002413272857666,0.002224902156740427
1414.740397441212,1.001967191696167,0.0022233689669519663
1414.7417863476953,1.0032966136932373,0.002223645569756627
1414.743175254178,0.9996472001075745,0.002222426002845168
1414.7445641606605,1.001667857170105,0.0022233177442103624
1414.7459530671729,1.0049933195114136,0.0022282071877270937
1414.7473419736561,0.9992597699165344,0.0022198513615876436
1414.7487308801387,0.9982776045799255,0.002222235780209303
1414.750119786622,0.9973865747451782,0.0022216232027858496
1414.7515086931055,0.9967026710510254,0.002219283953309059
1414.7528975995888,1.001965045928955,0.002223498420789838
1414.7542865060727,1.0023492574691772,0.0022214131895452738
1414.755675412556,0.9996433854103088,0.002221734495833516
1414.7570643190386,0.9982821345329285,0.002221834147349
1414.7584532255212,1.0001174211502075,0.002221012255176902
1414.7598421320045,0.9983659982681274,0.002220839262008667
1414.7612310384877,1.0004686117172241,0.0022202981635928154
1414.7626199449703,0.9980664253234863,0.0022200122475624084
1414.7640088514538,1.003884196281433,0.0022249273024499416
1414.765397757937,1.0062123537063599,0.0022247787564992905
1414.7667866644204,1.0003345012664795,0.00222181249409914
1414.7681755709043,0.9980696439743042,0.002221115864813328
1414.7695644773585,1.001220464706421,0.0022206504363566637
1414.770953383841,1.003967523574829,0.0022255282383412123
1414.7723422903236,1.0006556510925293,0.0022206727880984545
1414.773731196807,1.00019371509552,0.0022243529092520475
1414.775120103261,1.000746488571167,0.0022226411383599043
1414.7765090097437,1.0012426376342773,0.0022211659234017134
1414.777897916227,0.9976879358291626,0.002220007823780179
1414.7792868226813,0.9989414811134338,0.0022195845376700163
1414.7806757291646,0.9992009997367859,0.0022223624400794506
1414.7820646356188,1.0003864765167236,0.002221003407612443
1414.783453542102,0.9995813965797424,0.002222679555416107
1414.7848424485562,1.0012235641479492,0.00222254591062665
1414.7862313550388,0.9987447261810303,0.002220192924141884
1414.787620261493,1.001255989074707,0.0022199165541678667
1414.7890091679762,1.0000929832458496,0.0022223303094506264
1414.7903980744297,1.0009757280349731,0.002221748000010848
1414.7917869808841,0.9966924786567688,0.002218324691057205
1414.7931758873674,1.0001896619796753,0.0022231433540582657
1414.7945647938216,0.9973746538162231,0.00222023855894804
1414.7959537002757,0.9994345307350159,0.0022210311144590378
1414.797342606759,0.9983164072036743,0.002222299575805664
1414.7987315132132,1.0018900632858276,0.0022234609350562096
1414.8001204196667,0.9960885047912598,0.0022197323851287365
1414.8015093261208,1.0035780668258667,0.002223982010036707
1414.8028982326043,1.0001674890518188,0.0022204541601240635
1414.8042871390578,0.9992682337760925,0.002221629722043872
1414.805676045512,0.9975666999816895,0.002219046466052532
1414.8070649519661,0.9993960857391357,0.002220583613961935
1414.8084538584203,0.9983635544776917,0.0022181542590260506
1414.8098427648745,1.0001457929611206,0.0022192057222127914
1414.8112316713286,1.000057578086853,0.0022218511439859867
1414.8126205777828,0.9988598823547363,0.0022216765210032463
1414.8140094842363,0.9989436268806458,0.0022212397307157516
1414.8153983906907,0.9998058676719666,0.0022230767644941807
1414.8167872971449,1.003996729850769,0.002223935443907976
1414.8181762035983,1.0011659860610962,0.0022236574441194534
1414.8195651100525,0.9995531439781189,0.0022218902595341206
1414.8209540165067,1.0007590055465698,0.0022251016926020384
1414.8223429229608,1.0023034811019897,0.002222527749836445
1414.823731829386,1.0001391172409058,0.002220307942479849
1414.82512073584,1.0015759468078613,0.002222298411652446
1414.8265096422942,0.9973426461219788,0.002219543792307377
1414.8278985487477,0.9990312457084656,0.002219981513917446
1414.8292874551728,0.9999294877052307,0.002221232047304511
1414.8306763616272,1.0016989707946777,0.00222385348752141
1414.8320652680807,1.0001293420791626,0.0022212821058928967
1414.8334541745057,0.9962060451507568,0.0022216630168259144
1414.83484308096,0.998825192451477,0.0022200699895620346
1414.836231987385,0.9990968108177185,0.002223038114607334
1414.8376208938391,1.0010226964950562,0.0022222313564270735
1414.8390098002933,0.9956420063972473,0.0022193926852196455
1414.8403987067184,1.0032974481582642,0.0022227701265364885
1414.8417876131718,0.9996222257614136,0.0022206928115338087
1414.8431765195971,0.9980162978172302,0.0022212539333850145
1414.8445654260222,0.9952216744422913,0.0022181509993970394
1414.8459543324757,0.9985275864601135,0.002220077905803919
1414.8473432389007,1.0057883262634277,0.0022273436188697815
1414.8487321453556,0.9995669722557068,0.0022208273876458406
1414.8501210517807,1.0006439685821533,0.0022215601056814194
1414.851509958205,1.004050374031067,0.0022259212564677
1414.85289886463,1.0001498460769653,0.0022242157720029354
1414.8542877710845,0.9959613084793091,0.0022177330683916807
1414.8556766775089,1.000423789024353,0.0022250344045460224
1414.857065583934,1.0012975931167603,0.002223499119281769
1414.858454490359,1.0007197856903076,0.002223107498139143
1414.8598433967834,1.0029689073562622,0.0022256418596953154
1414.8612323032376,1.004707932472229,0.002224587369710207
1414.8626212096633,0.9991163015365601,0.002222668845206499
1414.8640101160884,0.9975597262382507,0.002222453011199832
1414.8653990225127,1.0012707710266113,0.002224553842097521
1414.8667879289378,1.0033483505249023,0.0022226530127227306
1414.8681768353629,1.0011123418807983,0.0022222392726689577
1414.8695657417875,1.0019257068634033,0.0022238665260374546
1414.8709546482125,0.9940802454948425,0.0022186292335391045
1414.8723435546376,0.9997445940971375,0.0022213838528841734
1414.873732461062,1.000985860824585,0.0022224837448447943
1414.875121367458,0.9985355138778687,0.002223510527983308
1414.8765102738837,0.9989948272705078,0.0022194506600499153
1414.8778991803088,1.001765489578247,0.002220984548330307
1414.8792880867331,0.9990087151527405,0.002220331458374858
1414.8806769931582,1.000279426574707,0.0022233452182263136
1414.8820658995544,1.001054048538208,0.0022220781538635492
1414.8834548059788,0.9976299405097961,0.0022205726709216833
1414.8848437124038,0.99569171667099,0.0022170201409608126
1414.886232618829,0.9981079697608948,0.0022225254215300083
1414.8876215252242,1.0013483762741089,0.0022239305544644594
1414.8890104316486,1.0012195110321045,0.002222910989075899
1414.8903993380452,0.9999043345451355,0.002222036477178335
1414.891788244471,0.9977239966392517,0.0022228173911571503
1414.8931771508662,0.9976667165756226,0.002219447633251548
1414.8945660572915,1.0002702474594116,0.00222226744517684
1414.8959549636875,1.0035128593444824,0.0022235866636037827
1414.8973438701119,0.9951672554016113,0.002220212249085307
1414.8987327765078,1.003089427947998,0.002225275384262204
1414.9001216829329,0.9985544681549072,0.002221663948148489
1414.9015105893282,0.9975776672363281,0.0022203156258910894
1414.9028994957525,1.0033165216445923,0.00222368398681283
1414.9042884021492,0.9986295104026794,0.002222609706223011
1414.9056773085458,1.0012706518173218,0.0022244697902351618
1414.9070662149704,0.9964216351509094,0.002220929367467761
1414.9084551213664,0.9954647421836853,0.002219175221398473
1414.9098440277623,0.998879075050354,0.0022204385604709387
1414.9112329341576,0.9977938532829285,0.002220907947048545
1414.9126218405536,0.9971355199813843,0.002220913302153349
1414.9140107469786,1.0017825365066528,0.002223120303824544
1414.915399653374,1.0008196830749512,0.0022258341778069735
1414.9167885597692,0.9980854392051697,0.002221517963334918
1414.9181774661658,1.0012712478637695,0.002222484676167369
1414.9195663725625,1.000892162322998,0.0022214355412870646
1414.920955278958,0.9975484013557434,0.0022199286613613367
1414.922344185354,1.004849910736084,0.002224970143288374
1414.92373309175,0.9998903870582581,0.0022215729113668203
1414.9251219981452,0.9987159371376038,0.0022206311114132404
1414.9265109045411,0.9969363808631897,0.002222931245341897
1414.927899810937,1.0020312070846558,0.0022233601193875074
1414.9292887173324,0.9988707304000854,0.0022238311357796192
1414.9306776237277,0.999646782875061,0.0022219414822757244
1414.9320665300954,0.9984912276268005,0.002219467656686902
1414.933455436492,1.0015616416931152,0.00222055334597826
1414.9348443428873,0.9983375668525696,0.002219283953309059
1414.9362332492833,0.9986669421195984,0.0022206376306712627
1414.9376221556502,1.002197504043579,0.0022225757129490376
1414.9403999684414,1.0027087926864624,0.0022225286811590195
1414.9417888748083,1.0036981105804443,0.002223063027486205
1414.9431777812035,1.0009890794754028,0.00222223112359643
1414.9445666875988,0.9980736374855042,0.002219671383500099
1414.9459555939663,1.0011347532272339,0.002223377116024494
1414.9473445003632,0.9996165633201599,0.002223649760708213
1414.9487334067294,1.0025876760482788,0.0022220080718398094
1414.9501223131253,1.0013303756713867,0.002223607851192355
1414.9515112194922,0.9986789226531982,0.002220836002379656
1414.9529001258875,1.0001877546310425,0.0022231757175177336
1414.9542890322543,1.0014309883117676,0.002223312621936202
1414.9556779386503,0.9996070265769958,0.002219226211309433
1414.9598446577795,1.0014294385910034,0.002221684902906418
1414.9626224705132,1.0023107528686523,0.0022215258795768023
1414.96401137688,0.9996929168701172,0.0022219200618565083
1414.965400283276,1.004701018333435,0.0022234374191612005
1414.9667891896422,1.0003600120544434,0.0022215903736650944
1414.968178096009,1.000812292098999,0.002222883515059948
1414.969567002376,0.9993840456008911,0.0022205279674381018
1414.970955908742,1.0028256177902222,0.0022231382317841053
1414.9723448151083,1.001155138015747,0.002223239978775382
1414.973733721476,0.9982881546020508,0.002220200840383768
1414.9751226278436,0.9981950521469116,0.0022219475358724594
1414.9765115342097,1.0014482736587524,0.002224214840680361
1414.9779004405766,1.0019729137420654,0.002222592942416668
1414.9792893469435,0.9993839263916016,0.002219025045633316
1414.9806782533096,1.002049207687378,0.0022223531268537045
1414.9820671596765,1.002433180809021,0.0022246658336371183
1414.9834560660433,1.0012505054473877,0.002223559422418475
1414.9848449724097,1.0005947351455688,0.00222213426604867
1414.9862338787766,1.001028060913086,0.0022205249406397343
1414.9876227851441,0.9995363354682922,0.002217757748439908
1414.989011691482,1.0000733137130737,0.0022202543914318085
1414.990400597848,0.9991310238838196,0.0022213561460375786
1414.991789504215,1.0013456344604492,0.0022215007338672876
1414.9931784105818,1.0021840333938599,0.002223585732281208
1414.9945673169188,1.0020674467086792,0.0022244746796786785
1414.995956223285,0.9966041445732117,0.002218542154878378
1414.997345129652,0.9994868636131287,0.0022221629042178392
1414.9987340359899,1.0030698776245117,0.0022211133036762476
1415.0001229423567,0.9979088306427002,0.002220903057605028
1415.0015118486951,0.9995476603507996,0.0022207682486623526
1415.002900755062,1.005196452140808,0.0022230446338653564
1415.004289661399,1.0017189979553223,0.0022236856166273355
1415.005678567766,1.0033167600631714,0.002226215321570635
1415.0070674741037,1.001692533493042,0.002225263277068734
1415.0084563804699,0.9988387227058411,0.0022198001388460398
1415.009845286807,0.9998478293418884,0.0022223268169909716
1415.0112341931447,1.0000439882278442,0.0022218218073248863
1415.0126230995118,0.9989587664604187,0.0022206034045666456
1415.0140120058495,1.000877857208252,0.0022222271654754877
1415.015400912188,0.9980147480964661,0.0022242688573896885
1415.0167898185548,1.0028029680252075,0.002223403425887227
1415.0181787248919,1.0023034811019897,0.0022235189098864794
1415.0195676312296,1.002979040145874,0.002225694013759494
1415.0209565375674,0.9984502792358398,0.002221946604549885
1415.0223454439044,0.9993405342102051,0.0022231729235500097
1415.0237343502706,1.0024518966674805,0.002223665127530694
1415.0251232566086,1.0007086992263794,0.0022250027395784855
1415.0265121629463,0.9999819397926331,0.0022216516081243753
1415.027901069284,0.99785977602005,0.002221721690148115
1415.0292899756225,0.998927116394043,0.0022222513798624277
1415.0306788819603,0.9988497495651245,0.00222118035890162
1415.0320677882974,0.9992995262145996,0.002222764538601041
1415.033456694635,0.9995691180229187,0.0022216662764549255
1415.0348456009729,0.9983768463134766,0.0022223887499421835
1415.0362345073102,1.0009015798568726,0.0022236553486436605
1415.0376234136472,0.9984263777732849,0.0022212951444089413
1415.0390123199559,1.0026143789291382,0.0022241463884711266
1415.0404012262936,0.9982150197029114,0.002221132628619671
1415.0417901326314,1.000134825706482,0.002221708418801427
1415.0431790389698,0.9986669421195984,0.0022218667436391115
1415.0445679453076,1.004521369934082,0.002224822761490941
1415.0459568516155,0.9991044402122498,0.002222722861915827
1415.0473457579533,1.0008395910263062,0.0022228537127375603
1415.048734664291,1.0018869638442993,0.002225651638582349
1415.0501235705992,0.995611846446991,0.0022204758133739233
1415.0515124769363,1.0016216039657593,0.0022227989975363016
1415.052901383245,0.9990832209587097,0.0022241331171244383
1415.0542902895827,0.9985219836235046,0.0022234590724110603
1415.0556791959204,0.9983602166175842,0.002220013178884983
1415.0570681022298,0.9970393180847168,0.002218407578766346
1415.0584570085675,1.0009044408798218,0.002221569651737809
1415.0598459148755,0.9975276589393616,0.002217973815277219
1415.0612348211841,0.9982978105545044,0.0022197221405804157
1415.0626237275221,1.001998782157898,0.002220699330791831
1415.06401263383,1.0036351680755615,0.002223066985607147
1415.0654015401672,0.9986001253128052,0.002219468355178833
1415.0667904464758,1.0003896951675415,0.0022231682669371367
1415.0681793527845,1.0003342628479004,0.002221885370090604
1415.0695682591222,0.9981118440628052,0.002221395494416356
1415.0709571654315,1.001502513885498,0.002222225768491626
1415.0723460717402,1.0000971555709839,0.0022217172663658857
1415.0737349780482,1.0045650005340576,0.0022231952752918005
1415.075123884357,0.9973737597465515,0.002218052512034774
1415.0765127906948,0.9986876845359802,0.0022212567273527384
1415.0779016970027,0.9981971979141235,0.0022205584682524204
1415.0792906033107,1.0016745328903198,0.0022228509187698364
1415.0806795096194,0.9988928437232971,0.002220463240519166
1415.0820684159287,0.9998013973236084,0.0022215230856090784
1415.0834573222373,1.0011992454528809,0.0022215379867702723
1415.084846228546,0.9986665844917297,0.0022212828043848276
1415.0862351348546,1.0018254518508911,0.0022232425399124622
1415.0876240411628,1.0013978481292725,0.0022224909625947475
1415.0890129474715,0.9980550408363342,0.002219066023826599
1415.0904018537801,1.0029103755950928,0.002222576877102256
1415.091790760088,1.0018935203552246,0.002221949864178896
1415.093179666367,1.0027247667312622,0.002223408315330744
1415.0945685726756,0.9993936419487,0.0022197300568223
1415.095957478985,1.0019460916519165,0.0022247007582336664
1415.0973463852936,0.9996481537818909,0.002223451854661107
1415.0987352916022,0.999839723110199,0.0022232362534850836
1415.1001241978818,1.0028538703918457,0.002223983174189925
1415.1015131041897,1.0032107830047607,0.0022229901514947414
1415.102902010498,0.9992882013320923,0.0022218143567442894
1415.1042909167775,1.0011488199234009,0.0022210367023944855
1415.1056798230861,1.0001577138900757,0.0022216395009309053
1415.107068729365,0.9996256232261658,0.0022199400700628757
1415.1084576356736,0.9990518689155579,0.002218770096078515
1415.1098465419539,0.9988460540771484,0.002222242299467325
1415.112624354542,0.9975467324256897,0.0022219475358724594
1415.114013260851,1.0003278255462646,0.0022223126143217087
1415.1154021671298,0.998652994632721,0.002219931920990348
1415.1167910734378,1.0054925680160522,0.0022226935252547264
1415.1181799797173,0.9967893362045288,0.0022179114166647196
1415.1195688859968,1.0014170408248901,0.002223839284852147
1415.1209577923048,1.0005451440811157,0.002221578499302268
1415.1223466985844,1.0055687427520752,0.0022244262509047985
1415.1237356048646,0.9996016621589661,0.002220969647169113
1415.1251245111732,1.0038502216339111,0.0022238618694245815
1415.126513417453,0.9995868802070618,0.00221996963955462
1415.1279023237325,1.000590443611145,0.002222383162006736
1415.1292912300114,1.0018784999847412,0.002223823219537735
1415.1306801362903,1.0004490613937378,0.002222167095169425
1415.1320690425698,1.0005254745483398,0.002222301671281457
1415.1334579488494,1.0016255378723145,0.0022243312560021877
1415.1348468551573,1.0007249116897583,0.0022223410196602345
1415.1362357614369,0.9986773729324341,0.002220196882262826
1415.137624667717,1.0012757778167725,0.0022222117986530066
1415.1390135739966,1.0004373788833618,0.002221538219600916
1415.1404024802762,1.0003284215927124,0.0022211524192243814
1415.1417913865268,1.0012147426605225,0.0022205074783414602
1415.1431802928057,1.0020233392715454,0.0022246213629841805
1415.1445691990846,1.0025639533996582,0.0022251869086176157
1415.1459581053641,1.003304123878479,0.0022249871399253607
1415.1473470116437,1.001582145690918,0.00222368654794991
1415.1487359179225,1.0029927492141724,0.002223131014034152
1415.1501248241736,1.000072956085205,0.0022225528955459595
1415.1515137304539,1.0025291442871094,0.0022229726891964674
1415.1529026367327,0.9994171857833862,0.0022210082970559597
1415.1542915430125,0.9986677765846252,0.0022192199248820543
1415.155680449263,1.0016913414001465,0.002221188973635435
1415.1570693555418,1.0008989572525024,0.0022208616137504578
1415.1584582618207,1.0016298294067383,0.0022238725796341896
1415.159847168071,0.9984032511711121,0.0022210555616766214
1415.1612360743507,1.0004558563232422,0.002222639974206686
1415.1626249806004,0.9969589114189148,0.002219513989984989
1415.1640138868806,1.0011787414550781,0.002220854628831148
1415.165402793132,1.0011100769042969,0.0022229121532291174
1415.1667916994109,0.9994844794273376,0.0022211766336113214
1415.1681806056613,0.996789813041687,0.0022181281819939613
1415.1695695119408,1.003925085067749,0.002223500981926918
1415.1709584181906,0.997566819190979,0.0022169463336467743
1415.1723473244404,0.9997736215591431,0.002220999915152788
1415.17373623072,1.0002979040145874,0.002222523558884859
1415.1751251369703,1.0012836456298828,0.0022221989929676056
1415.17651404322,1.0011508464813232,0.002223814371973276
1415.1779029494712,0.9998812675476074,0.0022209512535482645
1415.1792918557517,1.0015631914138794,0.002222046721726656
1415.1806807620014,1.0020434856414795,0.002222290262579918
1415.184847480752,0.998310387134552,0.002222503302618861
1415.1862363870018,0.9984157681465149,0.0022196173667907715
1415.1876252932523,0.9987279772758484,0.002220963127911091
1415.1890141995027,0.9996834993362427,0.0022205342538654804
1415.1904031057525,0.9960874915122986,0.0022196935024112463
1415.1917920120038,1.0015119314193726,0.0022248600143939257
1415.193180918255,0.9990029335021973,0.002220258815214038
1415.1945698245047,0.9984493255615234,0.0022212734911590815
1415.1959587307551,0.9991381168365479,0.002219997812062502
1415.1973476370056,0.9998921155929565,0.0022218050435185432
1415.1987365432553,0.9996830224990845,0.0022220094688236713
1415.200125449505,1.001486897468567,0.0022219358943402767
1415.2015143557555,0.9968132972717285,0.0022194695193320513
1415.2029032619769,1.0014370679855347,0.0022239801473915577
1415.2042921682275,1.0003268718719482,0.002220961730927229
1415.2056810744787,0.9964334964752197,0.0022193538025021553
1415.2070699807,0.9978145360946655,0.0022196827922016382
1415.2084588869498,0.9967501163482666,0.0022187570575624704
1415.2098477931995,0.9994761943817139,0.0022224667482078075
1415.2112366994209,1.0007450580596924,0.002223103540018201
1415.2126256056713,1.0008784532546997,0.002221453934907913
1415.214014511921,1.001259207725525,0.0022218881640583277
1415.2154034181424,0.9959433674812317,0.0022206809371709824
1415.2167923243928,0.9982587695121765,0.0022214767523109913
1415.2181812306142,0.999082088470459,0.0022228064481168985
1415.2195701368655,0.9985558390617371,0.00222277594730258
1415.2209590430869,0.9962773323059082,0.002218641573563218
1415.2223479493075,0.9997484683990479,0.002224262338131666
1415.2237368555573,0.9984168410301208,0.0022223074920475483
1415.2251257617786,1.001025915145874,0.0022242728155106306
1415.226514668,0.9979255199432373,0.00221928209066391
1415.2279035742497,0.9975963830947876,0.0022201070096343756
1415.229292480471,0.997140645980835,0.002219413872808218
1415.2306813866924,0.9988340735435486,0.002221486298367381
1415.232070292914,1.0015491247177124,0.00222155568189919
1415.233459199165,0.9976507425308228,0.002220617141574621
1415.2348481053864,0.9975350499153137,0.002221963834017515
1415.236237011607,0.9928967356681824,0.0022168082650750875
1415.2376259178277,1.0044852495193481,0.0022254926152527332
1415.239014824049,0.9997320175170898,0.002222625073045492
1415.2404037302704,1.0005096197128296,0.002224045805633068
1415.241792636491,0.9995530843734741,0.002221442526206374
1415.2431815427124,0.9994881749153137,0.0022233007475733757
1415.244570448934,1.0000474452972412,0.002224271185696125
1415.2459593551553,1.0019298791885376,0.002223254181444645
1415.2473482613773,1.0008833408355713,0.002222601091489196
1415.2487371675986,0.9981763362884521,0.002220859518274665
1415.2501260738193,1.0016334056854248,0.0022219510283321142
1415.25151498004,1.0011041164398193,0.0022222164552658796
1415.2529038862613,0.9962223172187805,0.0022167384158819914
1415.2542927924535,1.0003752708435059,0.0022222937550395727
1415.2556816986742,0.9996350407600403,0.0022209822200238705
1415.2570706048957,0.9995503425598145,0.002220775466412306
1415.2584595111177,1.0002248287200928,0.002221867674961686
1415.25984841731,1.0014188289642334,0.00222520949319005
1415.2612373235313,0.9971706867218018,0.0022196494974195957
1415.2626262297526,1.0018398761749268,0.0022220155224204063
1415.2640151359442,1.0025368928909302,0.002224756870418787
1415.2654040421648,0.9976928234100342,0.0022207663860172033
1415.266792948357,1.0053142309188843,0.002224570605903864
1415.2681818545784,0.9963340759277344,0.0022203288972377777
1415.2695707607702,0.9980331659317017,0.0022203645203262568
1415.2709596669915,0.9982767105102539,0.0022191652096807957
1415.2723485731844,0.9972540140151978,0.00222184369340539
1415.2737374794058,0.9979110956192017,0.002220689319074154
1415.275126385598,0.9993747472763062,0.002222377574071288
1415.2765152917902,0.9985660910606384,0.002220354275777936
1415.277904198011,0.9975358247756958,0.002220358233898878
1415.2792931042025,0.9999483823776245,0.002220554742962122
1415.2806820103947,0.9989458322525024,0.0022197964135557413
1415.282070916616,0.9987975358963013,0.0022211677860468626
1415.2834598228078,0.998760461807251,0.0022206848952919245
1415.284848729,1.0003637075424194,0.002220574766397476
1415.286237635193,0.997140109539032,0.002223661169409752
1415.2876265414143,0.9987226128578186,0.0022221473045647144
1415.2890154476065,0.9986501932144165,0.0022215412463992834
1415.2904043537987,0.9957602620124817,0.00221981480717659
1415.2917932599903,0.9983267188072205,0.0022198075894266367
1415.2931821661819,0.9962294101715088,0.0022174608893692493
1415.294571072374,0.9995251297950745,0.0022234548814594746
1415.2959599785665,1.0021519660949707,0.0022245782893151045
1415.297348884758,0.9986123442649841,0.002219991758465767
1415.298737790951,1.0011730194091797,0.0022218700032681227
1415.300126697144,0.9981480836868286,0.002218348905444145
1415.3015156033355,1.0017560720443726,0.0022261175327003
1415.3029045094986,0.9950258731842041,0.0022189996670931578
1415.3042934156908,1.0012303590774536,0.0022236304357647896
1415.3056823218824,1.000665545463562,0.002222853247076273
1415.307071228074,0.9971561431884766,0.002220520982518792
1415.3084601342664,0.9951336979866028,0.0022200255189090967
1415.3098490404295,0.9963323473930359,0.0022200264502316713
1415.311237946621,1.0011166334152222,0.0022233857307583094
1415.312626852814,0.999866783618927,0.0022196327336132526
1415.3140157589778,0.9966022372245789,0.002219709800556302
1415.3154046651694,1.0030081272125244,0.0022231077309697866
1415.316793571361,0.9986067414283752,0.00222058710642159
1415.318182477524,0.9977559447288513,0.0022189633455127478
1415.3195713837163,0.9985288381576538,0.0022203712724149227
1415.320960289879,1.0007261037826538,0.0022219663951545954
1415.3223491960712,1.002290964126587,0.002223946852609515
1415.3237381022343,1.0033886432647705,0.0022243016865104437
1415.3251270084259,0.9976648688316345,0.0022215950302779675
1415.3265159145897,0.9977115988731384,0.002220825059339404
1415.3279048207535,1.0016992092132568,0.0022215128410607576
1415.329293726945,1.0028821229934692,0.002223727758973837
1415.3306826331075,1.0046223402023315,0.002224805997684598
1415.3320715392706,1.004347801208496,0.002224234864115715
1415.3334604454628,0.9982301592826843,0.0022206082940101624
1415.3348493516255,1.0009015798568726,0.0022250916808843613
1415.3362382577886,0.9952696561813354,0.0022213703487068415
1415.3376271639518,0.9959924221038818,0.0022199410013854504
1415.339016070144,0.9996198415756226,0.002220626687631011
1415.3404049763078,1.003074288368225,0.0022236600052565336
1415.341793882471,0.9961920976638794,0.0022188855800777674
1415.3431827886334,0.996826171875,0.002220237860456109
1415.3445716947958,1.0029548406600952,0.0022260884288698435
1415.345960600959,1.0026885271072388,0.002226566430181265
1415.3473495071223,0.9984052777290344,0.0022170438896864653
1415.3487384132848,1.0005617141723633,0.002222673036158085
1415.350127319448,0.9968711733818054,0.002219332382082939
1415.351516225611,0.9979238510131836,0.0022211906034499407
1415.3529051317742,0.9990626573562622,0.002220769878476858
1415.354294037938,0.9998940229415894,0.002221187809482217
1415.355682944072,1.0025135278701782,0.002223724965006113
1415.3570718502344,0.999698281288147,0.0022239533718675375
1415.3584607563969,1.0012412071228027,0.002223227173089981
1415.3598496625602,1.0009397268295288,0.0022228327579796314
1415.3612385687234,0.9969483613967896,0.002220066962763667
1415.3626274748567,0.9955967664718628,0.0022216385696083307
1415.3640163810198,0.9974275827407837,0.002220319816842675
1415.365405287183,0.9989373683929443,0.0022215477656573057
1415.366794193317,0.9968410730361938,0.0022190851159393787
1415.3681830994808,1.0027135610580444,0.002224702388048172
1415.369572005644,1.0008453130722046,0.00222043227404356
1415.3709609117773,0.9981681108474731,0.0022201156243681908
1415.3723498179397,0.9985783100128174,0.002220290247350931
1415.3737387240737,0.9995160102844238,0.002220975933596492
1415.375127630237,0.9982562065124512,0.0022237286902964115
1415.3765165363704,0.9980241060256958,0.002221744041889906
1415.3779054425045,0.9992208480834961,0.0022205603308975697
1415.3792943486683,0.999464750289917,0.0022233740892261267
1415.3806832548023,0.9994326233863831,0.0022219412494450808
1415.3820721609654,0.9983206391334534,0.002220131689682603
1415.3834610670995,1.0030791759490967,0.002223134972155094
1415.3848499732328,0.9972552061080933,0.00221990211866796
1415.3862388793661,1.001541256904602,0.002222888171672821
1415.3876277855295,0.9944478273391724,0.00221650255843997
1415.3890166916635,0.9979948997497559,0.002221455564722419
1415.3904055977969,1.0003769397735596,0.0022204206325113773
1415.391794503931,1.0018723011016846,0.0022222655825316906
1415.3931834100656,1.001846432685852,0.0022214793134480715
1415.3945723161996,1.000368356704712,0.0022212776821106672
1415.3959612223337,1.0019158124923706,0.0022236821241676807
1415.3973501284677,0.9982462525367737,0.0022218283265829086
1415.3987390346012,0.9998462200164795,0.002222897484898567
1415.4001279407346,1.0016350746154785,0.0022253678180277348
1415.4015168468686,1.002658486366272,0.0022236041259020567
1415.4029057530026,0.9978924989700317,0.00221841549500823
1415.404294659136,0.999771237373352,0.0022216159850358963
1415.40568356527,0.9992247223854065,0.0022196993231773376
1415.4070724714047,1.003116250038147,0.0022238753736019135
1415.4084613775387,1.0015461444854736,0.0022228870075196028
1415.4098502836728,1.0015536546707153,0.0022212930489331484
1415.4112391897777,0.9997071623802185,0.0022213500924408436
1415.4126280959113,1.0002652406692505,0.002221545437350869
1415.4140170020446,0.9992833137512207,0.0022215310018509626
1415.4154059081786,0.998154878616333,0.0022227796725928783
1415.4167948142835,0.9974793791770935,0.0022204758133739233
1415.418183720417,0.997814416885376,0.0022199491504579782
1415.4195726265225,0.9993125200271606,0.002221370115876198
1415.4209615326572,1.0004417896270752,0.002221581991761923
1415.4223504387905,0.9969515204429626,0.0022199158556759357
1415.4237393448948,0.9996282458305359,0.0022219098173081875
1415.4251282510288,0.9992014169692993,0.002221837406978011
1415.426517157134,1.0000206232070923,0.0022224232088774443
1415.4279060632673,1.0003052949905396,0.0022223186679184437
1415.4292949693722,1.0007225275039673,0.0022229361347854137
1415.4306838754771,0.9985643029212952,0.002220484660938382
1415.4320727816105,1.0007917881011963,0.002221430419012904
1415.433461687716,0.9986492395401001,0.002220449037849903
1415.4348505938217,1.0023595094680786,0.0022234036587178707
1415.436239499955,1.0009279251098633,0.0022222730331122875
1415.4376284060593,0.9996777772903442,0.0022217577788978815
1415.4390173121644,1.0005584955215454,0.0022233990021049976
1415.4404062182693,1.000181794166565,0.002220592927187681
1415.4417951243736,1.0011985301971436,0.002223788993433118
1415.4431840305076,0.9999297261238098,0.0022206513676792383
1415.4445729366125,1.0007027387619019,0.002222630428150296
1415.4459618427168,0.9944409132003784,0.0022179947700351477
1415.4473507488224,0.9982692003250122,0.0022208704613149166
1415.448739654928,1.0004611015319824,0.002221438568085432
1415.4501285610324,1.0001091957092285,0.002221078146249056
1415.4515174671367,1.0019525289535522,0.0022231563925743103
1415.4529063732416,1.0014804601669312,0.0022226558066904545
1415.4542952793465,0.9974403381347656,0.002220231806859374
1415.4556841854508,1.001514196395874,0.002222056733444333
1415.4570730915557,0.9993110299110413,0.002223353600129485
1415.4584619976315,0.9981412887573242,0.0022206809371709824
1415.4598509037364,0.9991825222969055,0.0022210022434592247
1415.461239809842,1.0010899305343628,0.0022255047224462032
1415.462628715947,1.0015003681182861,0.002222798764705658
1415.4640176220514,1.0005416870117188,0.002221566392108798
1415.4654065281266,0.9947591423988342,0.0022180869709700346
1415.4667954342315,0.9976276755332947,0.0022204541601240635
1415.4681843403364,0.9998813271522522,0.0022224795538932085
1415.4695732464115,0.999952495098114,0.0022238329984247684
1415.4709621525164,1.0000574588775635,0.0022220441605895758
1415.4723510586214,0.9967372417449951,0.002219751011580229
1415.4737399646972,0.9994008541107178,0.002220767317339778
1415.4751288708028,0.998981773853302,0.0022221349645406008
1415.4765177768788,0.9998815059661865,0.0022243892308324575
1415.477906682983,0.9998829364776611,0.002220996655523777
1415.4792955890582,0.9970601201057434,0.0022183447144925594
1415.480684495134,0.9995217323303223,0.0022207810543477535
1415.482073401239,0.9978811740875244,0.0022194883786141872
1415.483462307314,1.000420093536377,0.0022216839715838432
1415.484851213419,1.0034977197647095,0.002225976437330246
1415.4862401194948,1.0028003454208374,0.002223776653409004
1415.4876290255706,1.0018025636672974,0.0022227270528674126
1415.4890179316474,0.9998490810394287,0.0022217591758817434
1415.4904068377523,0.9999392032623291,0.002222140785306692
1415.4917957438274,1.0008680820465088,0.002221395494416356
1415.4931846499026,1.0009342432022095,0.0022220746614038944
1415.4945735559784,0.9973852038383484,0.002221472328528762
1415.4959624620542,0.9946472644805908,0.0022188082803040743
1415.4973513681293,0.9963955879211426,0.0022198865190148354
1415.4987402742051,1.0013182163238525,0.0022221531253308058
1415.5001291802816,1.0001624822616577,0.0022207037545740604
1415.5015180863577,0.9982112050056458,0.0022186627611517906
1415.5029069924335,0.9987195134162903,0.002222638111561537
1415.5042958985093,0.9980552196502686,0.002221158007159829
1415.5056848045845,0.9983811378479004,0.0022217463701963425
1415.5070737106596,0.999721109867096,0.002218725858256221
1415.5084626167354,0.9991097450256348,0.0022193999029695988
1415.5098515228112,1.0007390975952148,0.0022219354286789894
1415.5112404288864,0.9992460608482361,0.0022210562601685524
1415.512629334933,1.0005528926849365,0.0022233007475733757
1415.5140182410098,0.998695969581604,0.0022215722128748894
1415.5154071470856,0.9991663098335266,0.002221554983407259
1415.5167960531614,0.9970123171806335,0.002222111215814948
1415.5181849592082,0.998871386051178,0.0022217617370188236
1415.5195738652833,0.9995404481887817,0.00222606910392642
1415.5209627713584,0.998100757598877,0.0022202611435204744
1415.5223516774051,0.9952932000160217,0.0022203128319233656
1415.523740583481,1.00039803981781,0.0022222502157092094
1415.525129489527,0.9972715377807617,0.0022192245814949274
1415.5265183956037,1.0006864070892334,0.002222825540229678
1415.527907301651,0.9989211559295654,0.0022213656920939684
1415.5292962077262,1.001475214958191,0.0022248553577810526
1415.5306851137723,1.0036746263504028,0.0022249966859817505
1415.532074019848,0.99727463722229,0.002220866736024618
1415.5334629258948,0.9997546672821045,0.0022201023530215025
1415.5348518319408,0.9959861636161804,0.0022199307568371296
1415.5362407380167,1.0007755756378174,0.0022232646588236094
1415.5376296440634,1.0034245252609253,0.002223067218437791
1415.5390185501094,1.0007394552230835,0.002221787115558982
1415.540407456186,1.0005604028701782,0.002221612259745598
1415.5417963622335,1.0004876852035522,0.0022236050572246313
1415.5431852682796,0.997210681438446,0.0022208462469279766
1415.5445741743256,0.999667227268219,0.002221335656940937
1415.5459630803723,0.9982450008392334,0.0022207610309123993
1415.547351986419,1.001082420349121,0.0022231764160096645
1415.548740892465,1.0007802248001099,0.0022220523096621037
1415.5501297985118,1.002630591392517,0.0022226087749004364
1415.5515187045876,0.997932493686676,0.002219755668193102
1415.5529076106052,0.9986388683319092,0.0022206332068890333
1415.5542965166528,0.9987674951553345,0.0022191305179148912
1415.5556854226995,0.997480034828186,0.00221928209066391
1415.5570743287456,0.9999790191650391,0.0022235470823943615
1415.5584632347916,1.0026848316192627,0.0022234420757740736
1415.5598521408383,1.0006479024887085,0.0022233903873711824
1415.561241046885,1.002748727798462,0.002224555006250739
1415.562629952931,0.9993164539337158,0.0022207642905414104
1415.5640188589487,1.0020455121994019,0.0022230963222682476
1415.5654077649954,1.0016387701034546,0.002223009942099452
1415.5667966710423,0.9995140433311462,0.0022212998010218143
1415.5681855770897,1.0000123977661133,0.00222154357470572
1415.5695744831073,0.9952373504638672,0.0022191142197698355
1415.5709633891533,1.0025888681411743,0.0022226960863918066
1415.5723522951994,1.0024869441986084,0.0022242802660912275
1415.573741201217,0.9975709915161133,0.0022204816341400146
1415.5751301072637,0.9954653978347778,0.002217930508777499
1415.5765190132806,1.0009716749191284,0.002224084222689271
1415.5779079193273,1.0019997358322144,0.002223688643425703
1415.5792968253452,1.0009524822235107,0.002220660913735628
1415.580685731392,1.0005401372909546,0.002220303751528263
1415.5820746374102,0.9999707937240601,0.002222052775323391
1415.5834635434278,0.9994837045669556,0.0022237589582800865
1415.5848524494738,1.000956416130066,0.002223137766122818
1415.5862413554908,0.9976004362106323,0.002221723087131977
1415.5876302615084,0.9998189210891724,0.002222758485004306
1415.589019167555,1.0011756420135498,0.0022223563864827156
1415.590408073572,0.9982688426971436,0.0022211356554180384
1415.5917969795896,1.002764105796814,0.002223747316747904
1415.5931858856081,1.0010112524032593,0.0022214320488274097
1415.5945747916548,0.9995800852775574,0.0022209614980965853
1415.5959636976725,0.9994730353355408,0.002220539841800928
1415.59735260369,0.9995629787445068,0.0022207042202353477
1415.598741509707,0.9986546635627747,0.0022197782527655363
1415.600130415724,1.0010981559753418,0.0022257952950894833
1415.6015193217415,1.001486897468567,0.0022240581456571817
1415.6029082277591,0.9997355341911316,0.002221639733761549
1415.604297133776,1.0007987022399902,0.0022209566086530685
1415.6056860397937,1.0011471509933472,0.0022222865372896194
1415.6070749458122,1.0019359588623047,0.002221693517640233
1415.6084638518298,0.9991574883460999,0.0022214993368834257
1415.6098527578474,0.9990439414978027,0.0022203351836651564
1415.611241663865,1.000868797302246,0.002220425521954894
1415.6126305698529,1.0001757144927979,0.002221155446022749
1415.6140194758698,1.001214861869812,0.002223843475803733
1415.6154083818874,1.0021891593933105,0.00222357758320868
1415.616797287905,0.9986551403999329,0.0022196846548467875
1415.6181861938928,0.9977647066116333,0.0022190238814800978
1415.6195750999111,0.9958102107048035,0.002218234585598111
1415.6209640059296,0.9989306926727295,0.0022194322664290667
1415.6223529119175,1.0007431507110596,0.0022214080672711134
1415.623741817935,1.003292202949524,0.0022245317231863737
1415.6251307239236,1.0042040348052979,0.002224911004304886
1415.6265196299405,0.9968898892402649,0.0022191337775439024
1415.6279085359574,1.001615047454834,0.002222794573754072
1415.629297441946,1.0010074377059937,0.0022208327427506447
1415.6306863479344,1.0001517534255981,0.0022222609259188175
1415.6320752539516,0.9995974898338318,0.002220991300418973
1415.6334641599408,0.9999406933784485,0.002221501199528575
1415.634853065959,1.0012028217315674,0.002223298652097583
1415.636241971947,0.9993137121200562,0.002220519818365574
1415.6376308779347,1.0006160736083984,0.002222956158220768
1415.6390197839523,1.0007781982421875,0.0022206187713891268
1415.6404086899408,0.9972794055938721,0.0022198001388460398
1415.6417975959287,1.0031094551086426,0.002226053737103939
1415.6431865019172,1.000707745552063,0.0022227612789720297
1415.6445754079348,0.9994776248931885,0.0022209296002984047
1415.6459643139235,1.0024638175964355,0.002222128678113222
1415.6473532199127,0.99988853931427,0.002222413895651698
1415.6487421259012,1.000355839729309,0.0022214765194803476
1415.650131031889,0.9967243075370789,0.0022204879205673933
1415.6515199378769,0.9992618560791016,0.002220579655840993
1415.6529088438654,1.0002357959747314,0.0022213938646018505
1415.6542977498539,1.002022624015808,0.002221350558102131
1415.6556866558417,0.998001217842102,0.0022176073398441076
1415.6570755618302,0.9979686737060547,0.002218938432633877
1415.658464467819,0.9993764758110046,0.0022191533353179693
1415.6598533738074,0.9958723187446594,0.00221834983676672
1415.6612422797675,0.9979841709136963,0.0022204651031643152
1415.662631185756,1.0001085996627808,0.002221781061962247
1415.6640200917439,1.0048426389694214,0.002225027186796069
1415.6654089977317,0.9984897971153259,0.0022214786149561405
1415.6667979037202,0.9984899163246155,0.002221218775957823
1415.6681868096796,1.0036407709121704,0.0022251512855291367
1415.6695757156674,0.9968920946121216,0.0022202623076736927
1415.6709646216561,0.999739408493042,0.002220418304204941
1415.6723535276162,0.9986798167228699,0.0022201715037226677
1415.6737424336047,0.996762752532959,0.002218670677393675
1415.6751313395641,0.9967702627182007,0.0022192075848579407
1415.6765202455526,1.000964641571045,0.0022223477717489004
1415.6779091515114,1.000767469406128,0.002222202019765973
1415.6792980574992,0.9979677200317383,0.002220352180302143
1415.6806869634586,0.9990987777709961,0.002220564754679799
1415.682075869447,0.9965664744377136,0.002218500943854451
1415.683464775406,0.997433066368103,0.002222115406766534
1415.6848536813945,1.0003074407577515,0.0022223396226763725
1415.6862425873546,0.996606171131134,0.002218248788267374
1415.687631493314,1.0022355318069458,0.0022262001875787973
1415.6890203993025,0.9987600445747375,0.002224575262516737
1415.690409305262,0.9985193014144897,0.0022235799115151167
1415.6917982112207,1.0044559240341187,0.0022283364087343216
1415.6931871171794,1.0022544860839844,0.002224439289420843
1415.6945760231388,0.9968206286430359,0.0022208010777831078
1415.6959649291273,0.9979974031448364,0.002221031580120325
1415.6973538350862,1.0008796453475952,0.0022263675928115845
1415.6987427410463,0.9952391386032104,0.0022209619637578726
1415.7001316470064,1.0005863904953003,0.002224261173978448
1415.7015205529651,0.9983031153678894,0.0022229969035834074
1415.7029094589245,1.0000364780426025,0.0022240933030843735
1415.704298364884,1.0000884532928467,0.0022220879327505827
1415.7056872708426,0.9977008104324341,0.0022205819841474295
1415.7070761768014,0.9998641610145569,0.0022230627946555614
1415.7084650827608,1.0017988681793213,0.0022248737514019012
1415.7098539887204,0.9981473684310913,0.002222413197159767
1415.71124289465,0.9972284436225891,0.0022218937519937754
1415.71263180061,0.9959704279899597,0.0022203244734555483
1415.7140207065702,1.0012980699539185,0.0022248774766921997
1415.715409612529,1.0016027688980103,0.0022251466289162636
1415.7167985184883,1.000649333000183,0.0022237778175622225
1415.7181874244186,0.9993959069252014,0.0022240786347538233
1415.7195763303773,0.9997504949569702,0.0022222287952899933
1415.720965236336,1.000433087348938,0.0022256486117839813
1415.7223541422666,1.0004661083221436,0.00222374708391726
1415.723743048226,1.002272129058838,0.0022265694569796324
1415.7251319541563,0.9999153017997742,0.002222020411863923
1415.7265208601164,0.9994567036628723,0.0022218809463083744
1415.7279097660467,1.002055287361145,0.0022239633835852146
1415.7292986720054,1.0026803016662598,0.0022239377722144127
1415.7306875779357,1.00359046459198,0.0022257883101701736
1415.732076483895,0.9990655779838562,0.0022226350847631693
1415.7334653898247,0.9982312917709351,0.0022226322907954454
1415.7348542957836,1.0050102472305298,0.002224955940619111
1415.736243201714,1.0032050609588623,0.002224535681307316
1415.7376321076442,0.9997450709342957,0.0022224385756999254
1415.7390210136036,0.9978388547897339,0.002221854170784354
1415.7404099195346,0.9976145029067993,0.0022195233032107353
1415.741798825465,0.9986688494682312,0.0022227035369724035
1415.7431877313945,0.9951187372207642,0.002219234127551317
1415.7445766373241,0.9998413920402527,0.0022235987707972527
1415.7459655432835,1.0003293752670288,0.0022227091249078512
1415.7473544492138,1.0004448890686035,0.0022224390413612127
1415.7487433551437,1.0009286403656006,0.0022234132047742605
1415.750132261074,1.0000814199447632,0.002221794566139579
1415.751521167005,0.9996004700660706,0.0022215305361896753
1415.7529100729353,0.9982801079750061,0.002223178744316101
1415.7542989788656,0.9994294047355652,0.0022213852498680353
1415.7556878847959,0.9992189407348633,0.0022234765347093344
1415.7570767907255,1.0001012086868286,0.0022254653740674257
1415.758465696655,1.0004024505615234,0.0022224781569093466
1415.7598546025854,0.9987522959709167,0.0022245091386139393
1415.7612435084868,0.9966548085212708,0.0022203365806490183
1415.7626324144164,0.9971743822097778,0.002220354974269867
1415.7640213203467,0.9958750009536743,0.002221997594460845
1415.7654102262777,1.0006943941116333,0.002223216462880373
1415.766799132179,0.9982579946517944,0.0022234339267015457
1415.7681880381092,1.0001742839813232,0.0022235075011849403
1415.7695769440395,0.9991538524627686,0.0022220106329768896
1415.77096584994,0.9986007809638977,0.002222491428256035
1415.7723547558696,0.9988269805908203,0.0022218364756554365
1415.7737436618002,1.0019967555999756,0.002223727758973837
1415.7751325677013,0.9977725148200989,0.002222382929176092
1415.776521473631,1.0009626150131226,0.0022229691967368126
1415.7779103795328,1.0015498399734497,0.0022216273937374353
1415.7792992854638,1.001138687133789,0.0022217989899218082
1415.7806881913643,0.9992809891700745,0.00222037429921329
1415.7820770972946,1.0011967420578003,0.002221963368356228
1415.7834660031958,1.0021729469299316,0.002221565693616867
1415.7848549090963,1.0026577711105347,0.0022232062183320522
1415.7862438150262,0.9996959567070007,0.002221104921773076
1415.7876327209274,1.0018184185028076,0.002222199458628893
1415.7890216268286,1.001288890838623,0.0022216602228581905
1415.7904105327582,1.0025240182876587,0.002224215306341648
1415.79179943866,0.9976237416267395,0.0022209377493709326
1415.793188344562,0.9977172017097473,0.00222024112008512
1415.7945772504625,0.9980871677398682,0.0022191074676811695
1415.7959661563636,0.997977614402771,0.0022224087733775377
1415.7973550622648,1.0008426904678345,0.0022217165678739548
1415.7987439681654,0.9970716834068298,0.002219307469204068
1415.8001328740952,1.0007253885269165,0.0022219307720661163
1415.8015217799964,1.0033323764801025,0.0022229000460356474
1415.8029106858976,0.9986477494239807,0.002220290247350931
1415.8042995917697,0.9971671104431152,0.002217908389866352
1415.8056884976716,0.9979302883148193,0.0022205954883247614
1415.8070774035727,1.0044875144958496,0.0022248707246035337
1415.8084663094733,1.0019474029541016,0.0022256674710661173
1415.8098552153745,0.9985270500183105,0.0022196024656295776
1415.8112441212756,0.9994061589241028,0.002222797367721796
1415.8126330271764,1.001017451286316,0.0022219691891223192
1415.8140219330478,1.0001344680786133,0.0022198609076440334
1415.815410838949,0.9962060451507568,0.002216979395598173
1415.8167997448509,0.9987384080886841,0.002222292823716998
1415.818188650752,0.9994367361068726,0.002220225054770708
1415.8195775566242,1.0002636909484863,0.0022200222592800856
1415.8209664625253,0.996763288974762,0.0022169866133481264
1415.8223553684259,1.000423550605774,0.00222067441791296
1415.823744274298,1.0011335611343384,0.0022219268139451742
1415.8251331801991,1.0012974739074707,0.0022209028247743845
1415.8265220860708,0.9996650815010071,0.0022201822139322758
1415.8279109919713,0.9999488592147827,0.002219907473772764
1415.8292998978434,0.9973078370094299,0.0022186848800629377
1415.8306888037453,1.0026737451553345,0.0022231077309697866
1415.8320777096174,1.002856969833374,0.0022225813008844852
1415.8334666154894,1.0015166997909546,0.0022224395070225
1415.8348555213906,0.9940861463546753,0.0022181489039212465
1415.836244427262,1.0007338523864746,0.0022199382074177265
1415.8376333331341,1.0005792379379272,0.0022211733739823103
1415.8390222390356,1.0000885725021362,0.002219958696514368
1415.840411144907,1.0016831159591675,0.002224717056378722
1415.8418000507784,1.0016435384750366,0.0022228762973099947
1415.8431889566511,0.9987789392471313,0.0022205840796232224
1415.844577862524,0.9997549653053284,0.002220640191808343
1415.8459667683953,0.9994645714759827,0.0022203673142939806
1415.8473556742965,0.997847318649292,0.0022186359856277704
1415.8487445801686,0.9996305108070374,0.0022224755957722664
1415.85013348604,1.0005173683166504,0.002221612958237529
1415.8515223919114,1.0001698732376099,0.002221421105787158
1415.8529112977837,1.0038111209869385,0.0022278286051005125
1415.8543002036558,1.0004775524139404,0.0022257384844124317
1415.8556891095272,1.001147747039795,0.0022207305300980806
1415.857078015371,0.9993479251861572,0.0022220935206860304
1415.8584669212437,0.9994074702262878,0.002219822723418474
1415.859855827115,0.9983016848564148,0.002219125861302018
1415.8612447329872,1.0012173652648926,0.0022222844418138266
1415.8626336388593,1.0023088455200195,0.0022234462667256594
1415.864022544731,1.0001057386398315,0.002221496310085058
1415.8654114505732,1.0005838871002197,0.002221520524471998
1415.8668003564453,0.9998921155929565,0.0022223605774343014
1415.8681892623174,1.0010343790054321,0.0022229261230677366
1415.8695781681604,0.999477207660675,0.002221526578068733
1415.8709670740332,0.9943232536315918,0.0022164962720125914
1415.8723559798761,0.9992321729660034,0.0022210434544831514
1415.8737448857476,0.9978852272033691,0.002218980807811022
1415.8751337916196,0.9957880973815918,0.002217903034761548
1415.8765226974626,0.9991781711578369,0.0022205833811312914
1415.8779116033343,1.0037916898727417,0.0022267585154622793
1415.8793005091766,1.0008481740951538,0.002220996655523777
1415.8806894150196,1.0009092092514038,0.002221049042418599
1415.8820783208917,0.997826099395752,0.0022189589217305183
1415.8834672267346,0.9997723698616028,0.002221976639702916
1415.8848561325783,0.9995318055152893,0.0022222765255719423
1415.8862450384504,0.9999895095825195,0.002220975933596492
1415.8876339442927,0.9964712262153625,0.0022199174854904413
1415.8890228501357,0.9950631856918335,0.002220128895714879
1415.890411755979,0.9989045858383179,0.002219651360064745
1415.8918006618503,0.9975979924201965,0.0022214767523109913
1415.8931895676926,0.9994228482246399,0.002220602473244071
1415.8945784735356,0.9992550611495972,0.0022211403120309114
1415.8959673793793,1.0019872188568115,0.0022211535833775997
1415.8973562852223,0.9984449744224548,0.002220582216978073
1415.8987451910652,0.9995642900466919,0.002219833666458726
1415.9001340969082,1.0011787414550781,0.002221502596512437
1415.9015230027505,0.9999005198478699,0.0022225300781428814
1415.9029119085938,0.9973424077033997,0.0022190515883266926
1415.9043008144367,1.0003284215927124,0.0022223263513296843
1415.905689720279,0.9976611733436584,0.0022199961822479963
1415.9070786261213,0.9982075691223145,0.0022190699819475412
1415.908467531965,0.9989500641822815,0.0022201763931661844
1415.9098564378087,1.0056891441345215,0.0022268230095505714
1415.9112453436219,0.9971545338630676,0.0022191754542291164
1415.9126342494649,1.0012363195419312,0.002223941031843424
1415.9140231553079,0.9995584487915039,0.0022202557884156704
1415.9154120611504,0.9968730807304382,0.002220205031335354
1415.9168009669643,1.0034146308898926,0.0022232236806303263
1415.9181898728073,0.9954169988632202,0.002221112372353673
1415.9195787786205,0.9995391964912415,0.0022223752457648516
1415.9209676844628,1.0012686252593994,0.0022227149456739426
1415.9223565903064,0.9982802867889404,0.002221368718892336
1415.923745496121,1.0014199018478394,0.0022222099360078573
1415.9251344019633,0.9999006390571594,0.002224353840574622
1415.9265233077772,1.0036394596099854,0.0022231941111385822
1415.9279122136202,1.001764178276062,0.0022248851601034403
1415.9293011194336,0.9990806579589844,0.002220363589003682
1415.9306900252475,0.998849630355835,0.00222040549851954
1415.9320789310905,0.9980899691581726,0.0022194809280335903
1415.9334678369037,0.9993916153907776,0.002221776871010661
1415.9348567427176,0.9986099004745483,0.002221051836386323
1415.9362456485612,0.9989014863967896,0.0022208341397345066
1415.937634554375,0.9985110759735107,0.00222027231939137
1415.9390234601883,0.9975934028625488,0.0022188329603523016
1415.9404123660022,0.9995859861373901,0.0022209472954273224
1415.9418012718454,1.002681016921997,0.0022242353297770023
1415.9431901776586,1.0011013746261597,0.0022224518470466137
1415.9445790834725,0.9992174506187439,0.0022228180896490812
1415.9459679892864,0.9986853003501892,0.0022216893266886473
1415.9473568950996,1.0000276565551758,0.0022206429857760668
1415.9487458009135,1.0007776021957397,0.0022221968974918127
1415.950134706728,0.9980801939964294,0.002222835086286068
1415.951523612542,0.9998263120651245,0.002220930065959692
1415.952912518355,0.999866783618927,0.002223910531029105
1415.9543014241692,1.0025289058685303,0.002225699136033654
1415.955690329983,1.0005793571472168,0.002222213661298156
1415.9570792357672,0.9996623396873474,0.002222710056230426
1415.9584681415804,1.001555323600769,0.002223328687250614
1415.9598570473943,0.9996880888938904,0.002220656257122755
1415.9612459532088,0.9958118796348572,0.002218143083155155
1415.9626348590227,1.0030931234359741,0.002224306110292673
1415.9640237648075,0.9978105425834656,0.0022191936150193214
1415.9654126706214,0.9993449449539185,0.0022198231890797615
1415.9668015764348,0.9998233318328857,0.0022202087566256523
1415.9681904822196,0.9989774823188782,0.002220311900600791
1415.9695793880335,1.0046257972717285,0.0022236022632569075
1415.9709682938176,1.001110315322876,0.0022247228771448135
1415.9723571996308,0.9997767806053162,0.0022211724426597357
1415.9737461054162,0.9999915957450867,0.0022206143476068974
1415.9751350112308,1.002439022064209,0.0022221505641937256
1415.976523917015,0.9985243678092957,0.002219873946160078
1415.9779128228288,0.9998971223831177,0.002223389456048608
1415.9793017286136,0.9994533658027649,0.0022231931798160076
1415.980690634427,1.0015581846237183,0.002222849987447262
1415.9820795402118,0.9977415800094604,0.0022191645111888647
1415.9834684459966,0.9970247149467468,0.002219505375251174
1415.9848573517806,0.9977583885192871,0.0022205677814781666
1415.9862462575938,1.0012893676757812,0.0022242325358092785
1415.9876351633793,0.9990065693855286,0.002221599919721484
1415.9890240691648,1.002279281616211,0.0022229549940675497
1415.9904129749489,1.0011459589004517,0.0022214336786419153
1415.9918018807336,1.0004551410675049,0.002222774550318718
1415.9931907865478,1.000859022140503,0.00222300598397851
1415.9945796923319,0.9992567300796509,0.0022204164415597916
1415.9959685981166,0.9986191987991333,0.0022200956009328365
1415.9973575039014,1.0012387037277222,0.0022227237932384014
1415.9987464096855,1.002424955368042,0.002221588511019945
1416.0001353154703,0.9988895654678345,0.002221714472398162
1416.0015242212557,0.9998626112937927,0.0022212439216673374
1416.0029131270114,1.0017096996307373,0.0022225293796509504
1416.0043020327955,1.0017763376235962,0.002222829032689333
1416.0056909385805,1.0013859272003174,0.002225190866738558
1416.0070798443653,1.0007851123809814,0.0022238674573600292
1416.0084687501494,0.998712420463562,0.0022226290311664343
1416.0098576559342,1.0003443956375122,0.002222687704488635
1416.0112465616899,1.0003575086593628,0.0022239522077143192
1416.0126354674746,0.9997231364250183,0.0022213985212147236
1416.0140243732594,0.9988711476325989,0.0022212262265384197
1416.015413279015,1.0015314817428589,0.0022237738594412804
1416.0168021847999,0.9966471791267395,0.002221516100689769
1416.018191090555,0.9983197450637817,0.002221077447757125
1416.0195799963399,1.0018672943115234,0.0022241428960114717
1416.0209689021247,1.000495195388794,0.0022245575673878193
1416.0223578078796,0.9989922046661377,0.002221500501036644
1416.0237467136644,0.9979233741760254,0.002221764763817191
1416.02513561942,1.00662362575531,0.0022280060220509768
1416.0265245251758,0.9992255568504333,0.002223438583314419
1416.0279134309606,1.0024027824401855,0.00222407141700387
1416.0293023367162,0.9986178874969482,0.0022214394994080067
1416.030691242472,1.001844048500061,0.0022242278791964054
1416.032080148256,1.0003668069839478,0.0022213617339730263
1416.033469054012,1.0013154745101929,0.002223144518211484
1416.0348579597676,0.9998138546943665,0.0022222688421607018
1416.0362468655226,1.000618577003479,0.0022223866544663906
1416.0376357713074,1.001322865486145,0.0022227163426578045
1416.0390246770637,1.0014317035675049,0.0022236169315874577
1416.0404135828194,1.0002201795578003,0.0022219710517674685
1416.0418024885744,0.9965682029724121,0.0022199004888534546
1416.04319139433,1.0005358457565308,0.0022223382256925106
1416.044580300086,0.998659074306488,0.002222708659246564
1416.045969205841,0.9988821148872375,0.0022198567166924477
1416.0473581115966,0.9961732029914856,0.0022223605774343014
1416.0487470173523,1.002990484237671,0.002226052340120077
1416.0501359231073,1.0004631280899048,0.0022221561521291733
1416.0515248288636,0.9992756247520447,0.002223013900220394
1416.05291373462,1.0026785135269165,0.002224164782091975
1416.054302640375,1.0009979009628296,0.0022246497683227062
1416.055691546101,1.0007766485214233,0.0022262379061430693
1416.0570804518568,1.0023188591003418,0.002223693998530507
1416.0584693576125,0.9997084736824036,0.002222522394731641
1416.0598582633675,1.00323486328125,0.00222347816452384
1416.061247169094,0.9974778294563293,0.0022210374008864164
1416.0626360748497,0.9963098168373108,0.0022199733648449183
1416.0640249806047,1.0019736289978027,0.002222797367721796
1416.0654138863313,0.9995332956314087,0.002221768256276846
1416.0668027920876,1.0004771947860718,0.0022231084294617176
1416.0681916978142,1.0016409158706665,0.0022235510405153036
1416.0695806035692,1.0011099576950073,0.0022225063294172287
1416.0709695092958,1.0010737180709839,0.0022255831863731146
1416.0723584150517,0.9990202784538269,0.0022208213340491056
1416.0737473207776,0.9971458911895752,0.002222644630819559
1416.0751362265332,1.0002504587173462,0.0022218236699700356
1416.0765251322598,0.9960429072380066,0.0022212157491594553
1416.0779140379864,1.0003560781478882,0.0022214376367628574
1416.079302943742,1.0012538433074951,0.0022229410242289305
1416.0806918494686,1.001806616783142,0.0022258698008954525
1416.0820807551952,1.0002291202545166,0.0022226464934647083
1416.0834696609502,1.0001192092895508,0.0022218418307602406
1416.084858566677,1.0014801025390625,0.0022235719952732325
1416.0862474724036,1.0017303228378296,0.0022227836307138205
1416.0876363781294,1.0034130811691284,0.0022241058759391308
1416.089025283856,1.0033727884292603,0.002224359894171357
1416.0904141895833,1.0015548467636108,0.0022252157796174288
1416.0918030953098,0.9976696372032166,0.0022204581182450056
1416.0931920010357,0.9970902800559998,0.0022226700093597174
1416.0945809067623,1.0020339488983154,0.002223406918346882
1416.095969812489,1.0008145570755005,0.0022238106466829777
1416.097358718215,0.9986289739608765,0.002224067924544215
1416.0987476239416,0.9977207779884338,0.0022224520798772573
1416.1001365296681,0.9949975609779358,0.002221272559836507
1416.101525435394,1.0008047819137573,0.0022230795584619045
1416.1029143411206,0.9981852173805237,0.0022220639511942863
1416.1043032468478,0.9999734163284302,0.002224933821707964
1416.1056921525453,1.0000100135803223,0.002224112395197153
1416.1070810582712,0.996498703956604,0.0022204879205673933
1416.108469963998,1.0013818740844727,0.002224405063316226
1416.1098588696955,1.0023657083511353,0.0022242963314056396
1416.1112477754214,0.9979618191719055,0.002222319133579731
1416.112636681148,0.9989632964134216,0.002221694914624095
1416.1140255868454,0.9976974129676819,0.0022225938737392426
1416.1154144925713,1.000388264656067,0.0022226779256016016
1416.1168033982694,0.9996799230575562,0.0022231608163565397
1416.1181923039967,0.9962579607963562,0.0022203775588423014
1416.1195812096935,1.0013328790664673,0.002224304247647524
1416.1209701154194,1.000084638595581,0.002224084222689271
1416.1223590211168,1.0042693614959717,0.002226608106866479
1416.1237479268436,1.0020129680633545,0.002223716350272298
1416.1251368325404,1.0001678466796875,0.002222334500402212
1416.126525738238,0.998464822769165,0.002222460461780429
1416.1279146439645,1.0023211240768433,0.0022237482480704784
1416.129303549662,0.9961984753608704,0.002219749614596367
1416.13069245536,0.9993371963500977,0.0022201656829565763
1416.1320813610575,1.0017931461334229,0.002221153350546956
1416.1334702667834,0.9990190267562866,0.00222055334597826
1416.1348591724802,1.0002391338348389,0.0022224204149097204
1416.136248078178,0.9997637271881104,0.0022224399726837873
1416.1376369838754,1.001771092414856,0.0022222716361284256
1416.1390258895722,0.9989651441574097,0.0022216590587049723
1416.1404147952696,1.000937819480896,0.002221250906586647
1416.1418037009678,0.9962428212165833,0.0022192916367202997
1416.1431926066653,1.0043543577194214,0.0022254299838095903
1416.1445815123627,0.9984775185585022,0.0022210939787328243
1416.1459704180602,1.000690221786499,0.00222184625454247
1416.1473593237572,0.997532844543457,0.0022201992105692625
1416.148748229454,1.001327633857727,0.0022222446277737617
1416.1501371351515,0.9999849796295166,0.0022219850216060877
1416.1515260408198,1.0030125379562378,0.0022236451040953398
1416.1529149465166,1.0005040168762207,0.002223361050710082
1416.154303852214,0.999266505241394,0.002221477683633566
1416.1556927579122,1.001215934753418,0.0022236285731196404
1416.1570816635806,1.0027858018875122,0.0022239191457629204
1416.158470569278,0.9928673505783081,0.00222612707875669
1416.1598594749755,1.0029774904251099,0.0022226045839488506
1416.1612483806434,0.9994447231292725,0.0022215284407138824
1416.1626372863402,1.0001060962677002,0.002223494928330183
1416.1640261920086,1.0027374029159546,0.002224864438176155
1416.165415097706,1.0012909173965454,0.0022223140113055706
1416.1668040033737,0.9979207515716553,0.002219154965132475
1416.1681929090719,1.0004644393920898,0.0022207368165254593
1416.169581814741,1.0029096603393555,0.002222670940682292
1416.1709707204377,0.9997868537902832,0.002222448354586959
1416.1723596261054,0.9991772770881653,0.002223547548055649
1416.1737485317738,0.9977486729621887,0.0022197847720235586
1416.1751374374714,1.003185510635376,0.0022236111108213663
1416.1765263431391,1.0009057521820068,0.002220419468358159
1416.1779152488075,0.9980915784835815,0.0022223566193133593
1416.1793041544759,1.0000278949737549,0.0022208834998309612
1416.1806930601733,0.9974206686019897,0.0022203074768185616
1416.1820819658424,1.0042465925216675,0.0022258576937019825
1416.1834708715107,1.0029361248016357,0.002224304713308811
1416.1848597771784,1.0024436712265015,0.002226832788437605
1416.186248682846,0.9972889423370361,0.0022191707976162434
1416.1876375885147,0.9984973073005676,0.002220727736130357
1416.189026494183,1.0015640258789062,0.002221265807747841
1416.1904153998507,1.0017971992492676,0.0022231449838727713
1416.191804305519,1.001792311668396,0.0022233440540730953
1416.1931932111875,1.0003663301467896,0.002220671158283949
1416.1945821168558,1.0019301176071167,0.002223790856078267
1416.1959710225249,0.9988036155700684,0.0022210630122572184
1416.1973599281932,1.0013072490692139,0.0022226625587791204
1416.198748833832,0.9998095035552979,0.002220418769866228
1416.2001377394997,0.9989234805107117,0.0022212194744497538
1416.201526645168,1.0018260478973389,0.002222940791398287
1416.2029155508365,0.9986456632614136,0.0022205018904060125
1416.204304456475,0.9990321397781372,0.0022205584682524204
1416.2056933621434,1.0017962455749512,0.002224054653197527
1416.2070822678124,0.9941521883010864,0.0022180629894137383
1416.2084711734517,1.0027128458023071,0.0022227142471820116
1416.20986007912,1.0007878541946411,0.0022223263513296843
1416.2112489847593,1.000784993171692,0.0022214986383914948
1416.2126378904272,1.0000567436218262,0.002223036251962185
1416.2140267960658,1.0002198219299316,0.002221616916358471
1416.2154157017342,1.0019809007644653,0.0022223161067813635
1416.2168046073734,1.0011523962020874,0.00222297222353518
1416.2181935130411,1.0015487670898438,0.002224298194050789
1416.219582418681,1.0039942264556885,0.002221560338512063
1416.220971324321,0.9961065649986267,0.002220128895714879
1416.2223602299887,1.000229835510254,0.0022242136765271425
1416.223749135628,1.000527024269104,0.0022225193679332733
1416.2251380412674,0.9959784746170044,0.0022192432079464197
1416.226526946906,1.0000022649765015,0.0022218534722924232
1416.2279158525737,1.0007784366607666,0.002223948249593377
1416.229304758213,0.9987231492996216,0.0022211396135389805
1416.2306936638522,1.0022770166397095,0.002222539624199271
1416.2320825694915,0.9971097707748413,0.0022205065470188856
1416.2334714751314,1.0009363889694214,0.002221569884568453
1416.2348603807707,0.9961748123168945,0.002219392918050289
1416.2362492864092,0.9979439377784729,0.002221758244559169
1416.2376381920487,1.0085946321487427,0.002225636038929224
1416.239027097688,1.0027719736099243,0.002222831593826413
1416.2404160033266,1.0001479387283325,0.0022232483606785536
1416.2418049089652,1.001275658607483,0.0022231063339859247
1416.2431938146044,1.0001134872436523,0.002221727045252919
1416.2445827202444,1.0000059604644775,0.0022227901499718428
1416.2459716258836,0.9994710683822632,0.002220227848738432
1416.2473605314938,1.0020052194595337,0.0022224050480872393
1416.248749437133,1.0000942945480347,0.0022234877105802298
1416.2501383427718,1.0012840032577515,0.002220161957666278
1416.251527248382,0.9974694848060608,0.0022201735991984606
1416.2529161540212,1.000638723373413,0.0022213347256183624
1416.2543050596598,1.0008747577667236,0.0022216991055756807
1416.2556939652693,0.9984822869300842,0.00222115614451468
1416.2570828709086,1.0020294189453125,0.0022258847020566463
1416.2584717765485,0.99930340051651,0.002221406204625964
1416.2598606821587,0.9989724159240723,0.0022204832639545202
1416.261249587798,0.9984638690948486,0.0022223684936761856
1416.262638493408,1.0036755800247192,0.0022241189144551754
1416.2640273990176,0.9977121949195862,0.002221020869910717
1416.265416304657,1.001800537109375,0.0022226881701499224
1416.2668052102672,0.9992000460624695,0.002221321687102318
1416.2681941159058,1.003016471862793,0.0022234783973544836
1416.2695830215152,1.001787543296814,0.0022229051683098078
1416.270971927126,0.9984303712844849,0.0022223261184990406
1416.272360832737,1.000618815422058,0.0022230183240026236
1416.2737497383755,1.0019525289535522,0.0022218383383005857
1416.2751386439857,1.001562476158142,0.0022236246149986982
1416.276527549596,0.9980995059013367,0.0022206860594451427
1416.2779164552055,1.0009595155715942,0.0022214881610125303
1416.279305360815,0.999968945980072,0.002221769420430064
1416.2806942664251,0.9993628263473511,0.002220721682533622
1416.2820831720353,1.0021191835403442,0.0022208658047020435
1416.2834720776455,1.001798391342163,0.002221390139311552
1416.2848609832563,1.0035433769226074,0.002224032301455736
1416.2862498888665,0.9986226558685303,0.0022202052641659975
1416.287638794476,0.998344898223877,0.0022203228436410427
1416.2890277000863,1.0001403093338013,0.0022209782619029284
1416.2904166056965,0.998831570148468,0.0022228360176086426
1416.291805511306,0.9985396265983582,0.0022205018904060125
1416.2931944169154,1.0011428594589233,0.0022247349843382835
1416.2945833224965,0.9987888336181641,0.0022213442716747522
1416.2959722281073,0.9982818961143494,0.002219022484496236
1416.2973611337175,0.9989010095596313,0.0022192702163010836
1416.2987500393276,0.9993632435798645,0.002222137525677681
1416.3001389449087,0.999703049659729,0.0022207689471542835
1416.3015278505181,1.0025020837783813,0.002222328446805477
1416.3029167560992,1.0002628564834595,0.0022228634916245937
1416.3043056617096,0.998993992805481,0.002222205977886915
1416.305694567319,0.9979886412620544,0.002221663948148489
1416.3070834728994,1.0006064176559448,0.0022200639359652996
1416.3084723785096,0.9987825155258179,0.002220178721472621
1416.3098612840913,1.002253532409668,0.0022236034274101257
1416.3112501896724,1.0009287595748901,0.002223996678367257
1416.3126390952825,0.9999273419380188,0.002220492111518979
1416.3140280008636,0.9979520440101624,0.002220721682533622
1416.315416906473,1.0013328790664673,0.0022209605667740107
1416.3168058120543,1.0008704662322998,0.0022225824650377035
1416.3181947176354,1.000311017036438,0.0022244735155254602
1416.3195836232157,0.999152421951294,0.0022200793027877808
1416.3209725288252,1.0022261142730713,0.002223092829808593
1416.322361434407,0.9982894659042358,0.0022205824498087168
1416.3237503399887,0.9991521835327148,0.002222496783360839
1416.325139245569,1.0028104782104492,0.002224382245913148
1416.3265281511501,0.9987618923187256,0.0022227601148188114
1416.3279170567314,1.004538893699646,0.002224569208920002
1416.3293059623118,0.9970123171806335,0.002218827838078141
1416.3306948678928,1.0008080005645752,0.0022220006212592125
1416.3320837734739,0.997814416885376,0.0022203619591891766
1416.3334726790542,1.0025941133499146,0.0022228548768907785
1416.3348615846353,0.9987764954566956,0.0022205314598977566
1416.336250490217,0.9994090795516968,0.0022226765286177397
1416.337639395798,1.000719666481018,0.0022221405524760485
1416.3390283013784,1.0005794763565063,0.0022244590800255537
1416.3404172069597,0.9955746531486511,0.002220208290964365
1416.3418061125117,0.9977359771728516,0.0022206546273082495
1416.343195018092,0.9979873299598694,0.002220641355961561
1416.344583923673,1.004329800605774,0.00222354126162827
1416.345972829225,1.001609206199646,0.0022224748972803354
1416.347361734806,0.9999241828918457,0.0022214355412870646
1416.3487506403872,0.9982374906539917,0.0022196387872099876
1416.350139545939,0.9977622628211975,0.0022194180637598038
1416.3515284515202,0.9991551637649536,0.002219362882897258
1416.3529173570714,0.999417781829834,0.00222085602581501
1416.3543062626525,0.9993494153022766,0.0022231657058000565
1416.3556951682046,1.001457929611206,0.0022223922424018383
1416.357084073785,1.0008906126022339,0.0022210227325558662
1416.358472979337,0.9971005916595459,0.002222691895440221
1416.3598618849187,1.0011714696884155,0.0022220718674361706
1416.3612507904706,0.9972884654998779,0.002219629706814885
1416.362639696022,1.0035525560379028,0.002223745221272111
1416.364028601603,0.9995404481887817,0.0022197398357093334
1416.365417507155,1.0008587837219238,0.0022214301861822605
1416.3668064127062,0.9973785281181335,0.002219423884525895
1416.3681953182584,0.9976949095726013,0.002219865331426263
1416.3695842238103,1.0001466274261475,0.0022222253028303385
1416.3709731293907,0.998104989528656,0.0022223934065550566
1416.3723620349433,1.0009552240371704,0.0022212574258446693
1416.373750940496,0.9981212615966797,0.0022185558918863535
1416.3751398460472,0.9990379810333252,0.002219732152298093
1416.3765287515985,0.9980716109275818,0.002220911905169487
1416.3779176571504,0.9974115490913391,0.0022216783836483955
1416.3793065627026,0.9966668486595154,0.002219016896560788
1416.3806954682539,0.9964475035667419,0.002217987086623907
1416.3820843738058,0.993004322052002,0.0022159465588629246
1416.3834732793578,1.000288963317871,0.0022216378711163998
1416.38486218488,0.997589647769928,0.002220227150246501
1416.3862510904319,1.000801920890808,0.0022209063172340393
1416.3876399959845,0.9965364336967468,0.0022188860457390547
1416.3890289015364,1.0004738569259644,0.002222325885668397
1416.3904178070877,0.9959694743156433,0.002220266731455922
1416.3918067126108,0.9949647784233093,0.00221662363037467
1416.3931956181627,0.9947003722190857,0.0022187530994415283
1416.394584523714,0.9952927827835083,0.002219447633251548
1416.3959734292368,0.995401918888092,0.0022213859483599663
1416.3973623347888,0.9944471716880798,0.0022173249162733555
1416.3987512403116,0.9973737001419067,0.002219689777120948
1416.4001401458636,0.9964635968208313,0.002217665081843734
1416.4015290513864,0.9953736066818237,0.0022175933700054884
1416.4029179569384,0.9905027151107788,0.002215539338067174
1416.4043068624605,0.9950913190841675,0.002221869071945548
1416.4056957680125,0.9993271827697754,0.0022202436812222004
1416.4070846735356,0.9931190013885498,0.0022183991968631744
1416.4084735790577,0.9967666268348694,0.0022184138651937246
1416.4098624846097,0.9984665513038635,0.0022189090959727764
1416.4112513901332,0.9969348907470703,0.002217958914116025
1416.412640295656,0.9942565560340881,0.002216882770881057
1416.4140292011782,0.9892167448997498,0.0022129123099148273
1416.415418106701,0.9973746538162231,0.002219991758465767
1416.416807012253,0.9977251291275024,0.002220866736024618
1416.4181959177752,0.9966422915458679,0.0022202807012945414
1416.4195848232982,0.993611216545105,0.002216876018792391
1416.420973728821,0.9961777329444885,0.002219616901129484
1416.4223626343432,0.9962014555931091,0.002218480221927166
1416.4237515398668,0.996641218662262,0.0022188902366906404
1416.4251404453903,0.9968109726905823,0.0022187328431755304
1416.4265293509125,0.9972441792488098,0.002218780340626836
1416.4279182564346,0.9952285885810852,0.002218694193288684
1416.4293071619575,0.9964817762374878,0.0022191759198904037
1416.4306960674805,0.9981919527053833,0.0022197619546204805
1416.4320849729736,0.9941834211349487,0.0022180075757205486
1416.4334738784964,1.0020509958267212,0.0022238565143197775
1416.4348627840193,0.9940081238746643,0.002217276720330119
1416.4362516895421,0.9971910119056702,0.0022213400807231665
1416.4376405950366,0.9945582151412964,0.002217213623225689
1416.4390295005594,0.9991530776023865,0.002222968963906169
1416.4404184060816,0.9953603744506836,0.002218055073171854
1416.4418073115746,0.9989204406738281,0.002222105860710144
1416.4431962170977,0.9928193688392639,0.0022174036130309105
1416.4445851225914,0.9991330504417419,0.002220552647486329
1416.4459740281136,0.9940009117126465,0.0022195340134203434
1416.4473629336364,1.0010960102081299,0.002221554284915328
1416.4487518391309,0.9997422695159912,0.0022211214527487755
1416.4501407446246,0.9978402853012085,0.0022193288896232843
1416.4515296501474,0.9956214427947998,0.0022183512337505817
1416.4529185556412,0.99405437707901,0.0022181442473083735
1416.4543074611634,0.9962862133979797,0.0022211321629583836
1416.4556963666564,0.9925890564918518,0.0022174871992319822
1416.4570852721502,0.9956331849098206,0.002218301175162196
1416.4584741776441,0.9949254989624023,0.0022202045656740665
1416.4598630831663,0.9975854158401489,0.002220979193225503
1416.46125198866,0.9988679885864258,0.0022210662718862295
1416.4626408941544,0.9983276128768921,0.0022222918923944235
1416.4640297996482,0.9961562752723694,0.0022222865372896194
1416.465418705142,0.9910725355148315,0.002219135407358408
1416.4668076106357,0.9981735944747925,0.002223475370556116
1416.4681965161287,0.9952647089958191,0.0022208825685083866
1416.4695854216218,0.9969676733016968,0.002220655558630824
1416.4709743271158,0.9974783658981323,0.002223022049292922
1416.4723632326095,0.9948768019676208,0.0022211638279259205
1416.4737521381026,0.9939671754837036,0.0022192217875272036
1416.475141043597,0.9971462488174438,0.002221438568085432
1416.4765299490914,0.9948903322219849,0.0022206511348485947
1416.4779188545845,0.9980394840240479,0.0022216958459466696
1416.4793077600782,0.9986597299575806,0.0022213419433683157
1416.4806966655428,0.9962107539176941,0.002220014575868845
1416.482085571036,0.9931817054748535,0.0022203566040843725
1416.4834744765292,0.998323380947113,0.002221776871010661
1416.484863382023,0.9978150725364685,0.0022223859559744596
1416.4862522874876,0.9953331351280212,0.0022190308663994074
1416.4876411929813,0.9981276988983154,0.002221114933490753
1416.4890300984466,0.9961365461349487,0.0022208690643310547
1416.4904190039404,0.9993075728416443,0.0022234765347093344
1416.4918079094334,0.9922975301742554,0.0022181395906955004
1416.4931968148974,0.9986163377761841,0.0022224197164177895
1416.4945857203911,0.9933481216430664,0.0022182920947670937
1416.4959746258558,0.9991093873977661,0.0022214322816580534
1416.49736353132,0.997437059879303,0.0022223324049264193
1416.4987524368137,0.994745671749115,0.002221996895968914
1416.500141342279,0.9941245913505554,0.002220381051301956
1416.5015302477436,0.9943240284919739,0.0022186744026839733
1416.5029191532374,0.9918739199638367,0.002215498359873891
1416.504308058702,0.9932172298431396,0.0022170930169522762
1416.505696964166,0.994143545627594,0.0022188930306583643
1416.50708586963,0.9977831244468689,0.002219817601144314
1416.5084747751237,0.9961904883384705,0.0022239554673433304
1416.5098636805885,0.995594322681427,0.0022220995742827654
1416.5112525860525,0.9953228235244751,0.00222141039557755
1416.5126414915178,0.9958094954490662,0.0022196248173713684
1416.5140303969831,0.999868631362915,0.0022223300766199827
1416.515419302447,0.9950689673423767,0.002219058806076646
1416.5168082079117,0.9988242387771606,0.002220360329374671
1416.5181971133763,0.9956530332565308,0.0022217717487365007
1416.5195860188403,0.9972996711730957,0.0022194082848727703
1416.5209749243043,0.9943920969963074,0.002219831570982933
1416.5223638297691,0.9950255155563354,0.0022206546273082495
1416.5237527352047,0.9964022040367126,0.0022228138986974955
1416.5251416406693,0.9961863160133362,0.002219246234744787
1416.5265305461346,0.9950329661369324,0.002220883034169674
1416.5279194515992,0.999849796295166,0.002221042523160577
1416.529308357034,0.9983068704605103,0.0022215964272618294
1416.5306972624987,0.9989022016525269,0.0022218103986233473
1416.5320861679634,0.9965772032737732,0.0022188550792634487
1416.5334750733982,1.00026535987854,0.002222737530246377
1416.5348639788624,0.9947351217269897,0.0022195654455572367
1416.536252884327,0.9979501366615295,0.0022210106253623962
1416.5376417897633,0.9956173300743103,0.0022201347164809704
1416.539030695228,0.9965656399726868,0.002220593160018325
1416.5404196006634,0.9971657395362854,0.0022204939741641283
1416.541808506128,0.9972500205039978,0.0022205603308975697
1416.543197411563,0.9968308210372925,0.0022197291254997253
1416.5445863169984,0.9917107820510864,0.002217455767095089
1416.545975222463,0.9987856149673462,0.002222643233835697
1416.547364127898,0.9958808422088623,0.002220106776803732
1416.548753033333,0.9952050447463989,0.002219919580966234
1416.5501419387983,0.9950492978096008,0.0022204529959708452
1416.5515308442345,0.9944146871566772,0.002218524692580104
1416.5529197496694,0.9930261373519897,0.0022173221223056316
1416.554308655105,0.9921877980232239,0.0022165258415043354
1416.5556975605405,0.995758593082428,0.0022204620763659477
1416.5570864659753,0.9953199625015259,0.0022191538009792566
1416.5584753714109,0.9985620379447937,0.002223706804215908
1416.5598642768757,0.9939584136009216,0.0022170559968799353
1416.5612531823106,0.9956738352775574,0.002221186412498355
1416.562642087746,0.9951671957969666,0.0022201985120773315
1416.5640309931532,0.9974279999732971,0.002220790833234787
1416.5654198985887,0.9973705410957336,0.0022200674284249544
1416.5668088040236,0.9951761960983276,0.0022194222547113895
1416.5681977094591,0.9938285946846008,0.002218307927250862
1416.5695866148947,0.9937155842781067,0.0022205873392522335
1416.5709755203295,0.9978914856910706,0.0022223626729100943
1416.5723644257653,0.9986820816993713,0.0022237543016672134
1416.5737533311717,0.9941917657852173,0.0022186334244906902
1416.5751422366066,0.9944897294044495,0.00222016335465014
1416.576531142042,0.9948235750198364,0.0022199570666998625
1416.5779200474492,0.9970333576202393,0.002222117967903614
1416.5793089528847,0.9956847429275513,0.002219518180936575
1416.5806978583196,0.992303192615509,0.0022203142289072275
1416.582086763726,0.9965585470199585,0.0022196846548467875
1416.5834756691615,0.9959964752197266,0.002220102585852146
1416.5848645745673,0.9930106401443481,0.0022171176970005035
1416.5862534800028,0.9966744780540466,0.0022210588213056326
1416.5876423854095,0.9950647354125977,0.002220244612544775
1416.589031290816,0.995445728302002,0.0022205058485269547
1416.5904201962514,0.9964390993118286,0.002220733556896448
1416.5918091016579,0.9948557615280151,0.0022195628844201565
1416.5931980070643,0.9981884360313416,0.0022223652340471745
1416.5945869124992,0.997688353061676,0.0022232870105654
1416.5959758179056,0.996795117855072,0.0022224232088774443
1416.597364723312,0.9937386512756348,0.0022187347058206797
1416.5987536287178,0.9981187582015991,0.002222554525360465
1416.6001425341528,0.999316394329071,0.0022226970177143812
1416.60153143956,0.9991136193275452,0.002225807635113597
1416.602920344967,0.9960259795188904,0.0022215712815523148
1416.6043092503728,0.9973466396331787,0.0022204481065273285
1416.6056981557792,0.9948782920837402,0.0022199880331754684
1416.6070870611857,0.9990334510803223,0.002221578499302268
1416.6084759665914,0.9944785833358765,0.002219852525740862
1416.6098648719978,0.9997703433036804,0.002223978051915765
1416.6112537774045,0.998091995716095,0.002221174305304885
1416.6126426828102,0.999688982963562,0.0022238497622311115
1416.6140315882167,0.9970957636833191,0.0022243454586714506
1416.6154204935947,0.9952355623245239,0.002221103524789214
1416.616809399001,0.9951814413070679,0.002219861838966608
1416.6181983044069,0.9963068962097168,0.0022209035232663155
1416.6195872098133,0.9993603229522705,0.0022221470717340708
1416.6209761151906,0.9956658482551575,0.002221460221335292
1416.6223650205964,1.0017015933990479,0.002226516604423523
1416.623753926003,0.9973069429397583,0.002219563815742731
1416.6251428313803,0.9956032037734985,0.0022213647607713938
1416.6265317367868,0.9971920847892761,0.002223609248176217
1416.627920642164,0.9953138828277588,0.0022211687173694372
1416.6293095475705,1.0007827281951904,0.002223268151283264
1416.6306984529479,0.9980222582817078,0.002223051618784666
1416.6320873583536,0.9992846846580505,0.00222585117444396
1416.633476263731,0.9982650279998779,0.002224575262516737
1416.6348651691374,0.9999728202819824,0.0022239575628191233
1416.636254074514,0.998508095741272,0.002224750118330121
1416.6376429798913,1.0012551546096802,0.0022240744438022375
1416.6390318852987,1.0017530918121338,0.002223531249910593
1416.640420790676,0.9992489218711853,0.0022220935206860304
1416.6418096960526,1.0002398490905762,0.002221908187493682
1416.64319860143,0.9989489912986755,0.002222706563770771
1416.6445875068364,0.9967573285102844,0.002219691639766097
1416.645976412213,0.996009111404419,0.002220702823251486
1416.6473653175904,0.9983986020088196,0.002221077447757125
1416.6487542229677,1.0018699169158936,0.002225946169346571
1416.6501431283443,0.9977832436561584,0.002220641355961561
1416.6515320337226,1.0019720792770386,0.0022243394050747156
1416.6529209391006,0.9989527463912964,0.0022228267043828964
1416.6543098444772,1.0014182329177856,0.0022262295242398977
1416.6556987498539,0.9971905946731567,0.0022222797852009535
1416.6570876552312,0.9979889988899231,0.0022226867731660604
1416.6584765606085,0.9976410269737244,0.0022236115764826536
1416.6598654659851,0.9971437454223633,0.0022219896782189608
1416.6612543713334,1.0057458877563477,0.0022275380324572325
1416.662643276711,0.9969955086708069,0.002221583155915141
1416.6640321820882,1.0021761655807495,0.0022254164796322584
1416.6654210874663,0.9982385635375977,0.002223992720246315
1416.6668099928145,0.998740553855896,0.002223891206085682
1416.6681988981911,0.998630940914154,0.002223768038675189
1416.6695878035678,0.9977064728736877,0.0022216110955923796
1416.670976708916,0.9984844326972961,0.002222384326159954
1416.6723656142933,1.0001167058944702,0.002223941730335355
1416.6737545196409,0.9960534572601318,0.002223472110927105
1416.6751434250182,0.9991081357002258,0.002223842078819871
1416.6765323303673,0.9954444766044617,0.002221680711954832
1416.6779212357446,1.0049442052841187,0.0022306928876787424
1416.6793101410929,1.0011783838272095,0.0022274439688771963
1416.6806990464702,0.9997272491455078,0.00222425302490592
1416.6820879518177,1.0023086071014404,0.0022283182479441166
1416.6834768571653,0.995496928691864,0.0022215533535927534
1416.6848657625135,1.0026965141296387,0.002225920557975769
1416.6862546678908,0.998236894607544,0.0022249806206673384
1416.6876435732383,0.9989872574806213,0.0022236311342567205
1416.6890324785875,0.9997409582138062,0.002223195042461157
1416.6904213839364,0.9999037981033325,0.002223192946985364
1416.691810289284,1.0023086071014404,0.0022263815626502037
1416.6931991946612,1.000563383102417,0.002223169431090355
1416.6945881000095,1.0044529438018799,0.0022270544432103634
1416.695977005357,0.9953393936157227,0.002220879541710019
1416.6973659107045,1.0010223388671875,0.002225080505013466
1416.6987548160528,0.9993795156478882,0.002224516589194536
1416.700143721401,1.0006015300750732,0.0022248353343456984
1416.7015326267494,0.9972641468048096,0.002222137525677681
1416.7029215320692,0.9994105100631714,0.0022271983325481415
1416.7043104374175,1.001257300376892,0.0022261326666921377
1416.705699342765,0.9993644952774048,0.0022228301968425512
1416.7070882481125,0.9991980195045471,0.002223077230155468
1416.7084771534608,1.0009934902191162,0.0022236418444663286
1416.7098660587799,1.001855492591858,0.002224677475169301
1416.7112549641274,1.0007227659225464,0.002224563853815198
1416.7126438694756,1.0026050806045532,0.002224144758656621
1416.7140327747954,1.0058624744415283,0.0022292877547442913
1416.715421680144,1.0026204586029053,0.0022249009925872087
1416.716810585492,1.0003000497817993,0.0022228893358260393
1416.7181994908112,0.999339759349823,0.0022230122704058886
1416.7195883961588,0.9984057545661926,0.0022215840872377157
1416.7209773014772,0.99931800365448,0.0022244746796786785
1416.7223662068254,1.0010921955108643,0.0022257573436945677
1416.7237551121445,1.0015896558761597,0.0022241168189793825
1416.725144017463,0.9979384541511536,0.00222218781709671
1416.7265329228119,0.9969476461410522,0.0022210427559912205
1416.727921828132,1.0002444982528687,0.0022217067889869213
1416.7293107334503,1.0014643669128418,0.0022243354469537735
1416.7306996387986,0.9948113560676575,0.00221886090002954
1416.7320885441177,1.0017305612564087,0.0022244746796786785
1416.7334774494361,1.0008424520492554,0.0022269031032919884
1416.7348663547546,1.0020442008972168,0.002225574105978012
1416.7362552600737,0.9980361461639404,0.0022247566375881433
1416.737644165422,1.0016709566116333,0.0022237699013203382
1416.739033070741,1.0044856071472168,0.0022259827237576246
1416.7404219760608,0.9983291029930115,0.002223330084234476
1416.7418108813802,1.0002413988113403,0.0022228509187698364
1416.7431997866986,1.0006258487701416,0.0022257817909121513
1416.7445886920177,1.000685453414917,0.0022227438166737556
1416.7459775973368,1.0025337934494019,0.0022275089286267757
1416.7473665026262,1.0005422830581665,0.0022246853914111853
1416.7487554079446,1.0002906322479248,0.0022237119264900684
1416.7501443132637,0.9998679161071777,0.00222344440408051
1416.7515332185835,0.9959080219268799,0.002222616458311677
1416.7529221239026,0.99934983253479,0.0022261913400143385
1416.7543110291929,1.0036953687667847,0.002225516363978386
1416.755699934512,0.9990159273147583,0.002221602713689208
1416.7570888398304,1.0035288333892822,0.00222460413351655
1416.7584777451495,0.9982592463493347,0.002224092371761799
1416.7598666504396,1.0022670030593872,0.0022236572112888098
1416.761255555758,1.0011425018310547,0.0022235531359910965
1416.7626444610473,1.001876711845398,0.0022248830646276474
1416.7640333663671,1.0002607107162476,0.002222668845206499
1416.765422271658,1.0021545886993408,0.0022243589628487825
1416.7668111769765,1.0001949071884155,0.002224389696493745
1416.7682000822665,1.0016214847564697,0.0022253047209233046
1416.7695889875856,0.9978041648864746,0.0022244397550821304
1416.770977892875,0.9992852807044983,0.0022266600281000137
1416.772366798165,1.0007613897323608,0.00222392613068223
1416.773755703484,1.002493977546692,0.002224840922281146
1416.7751446087734,1.0000312328338623,0.002223002491518855
1416.7765335140634,1.0010955333709717,0.002226039534434676
1416.7779224193544,1.0005728006362915,0.0022221312392503023
1416.7793113246444,0.9966614842414856,0.0022221419494599104
1416.7807002299628,0.998801052570343,0.0022207656875252724
1416.7820891352528,1.001893162727356,0.002224816707894206
1416.7834780405428,1.0031743049621582,0.0022252430208027363
1416.7848669458322,1.0010020732879639,0.0022250409238040447
1416.7862558511222,1.0000733137130737,0.0022252406924962997
1416.7876447564122,1.0016108751296997,0.002222861163318157
1416.7890336617022,0.9987413883209229,0.0022222555708140135
1416.7904225669922,1.0003575086593628,0.0022235719952732325
1416.7918114722822,0.9974720478057861,0.002221572445705533
1416.7932003775725,1.0025473833084106,0.0022256909869611263
1416.7945892828327,1.0018036365509033,0.002224019728600979
1416.7959781881227,0.9964238405227661,0.002220987109467387
1416.7973670934127,1.0048441886901855,0.0022292581852525473
1416.798755998702,0.9985058307647705,0.002222906332463026
1416.800144903963,1.0011500120162964,0.002223316114395857
1416.8015338092537,0.9978165626525879,0.0022238160017877817
1416.8029227145437,0.9983815550804138,0.0022228220477700233
1416.804311619804,1.0010467767715454,0.002223446499556303
1416.8057005250942,0.9991157054901123,0.002223049523308873
1416.8070894303842,1.001059889793396,0.002224208088591695
1416.8084783356444,0.9996675252914429,0.002223436953499913
1416.8098672409344,1.000267505645752,0.0022257838863879442
1416.8112561461953,1.0026776790618896,0.0022256160154938698
1416.8126450514555,1.0030816793441772,0.0022280083503574133
1416.8140339567456,1.0011967420578003,0.0022249259054660797
1416.8154228620072,1.0017622709274292,0.002225803444162011
1416.8168117672974,0.9948694705963135,0.0022207426372915506
1416.8182006725576,0.9982355237007141,0.002224013675004244
1416.8195895778185,0.9990201592445374,0.0022240702528506517
1416.8209784830794,0.9998317956924438,0.0022240972612053156
1416.8223673883688,1.002413034439087,0.002225758507847786
1416.8237562936297,0.9958727359771729,0.002221193630248308
1416.8251451988906,1.0020204782485962,0.0022258025128394365
1416.8265341041515,0.9987291097640991,0.0022233878262341022
1416.8279230094124,1.0036981105804443,0.0022289203479886055
1416.8293119146736,0.9990792870521545,0.0022228877060115337
1416.8307008199345,0.9966883063316345,0.0022224413696676493
1416.8320897251947,0.997707724571228,0.0022241012193262577
1416.8334786304556,1.0069005489349365,0.0022297040559351444
1416.8348675357165,1.0012719631195068,0.0022262439597398043
1416.8362564409767,0.9988411068916321,0.0022223081905394793
1416.8376453462377,0.9958427548408508,0.0022224627900868654
1416.8390342514992,0.9958423376083374,0.0022207258734852076
1416.840423156731,1.0029141902923584,0.0022271755151450634
1416.8418120619913,1.0019458532333374,0.002225180622190237
1416.8432009672522,0.9954619407653809,0.0022222266998142004
1416.8445898725133,1.0024666786193848,0.002225629286840558
1416.8459787777444,0.9961044192314148,0.0022216991055756807
1416.8473676830054,1.00072181224823,0.002224349183961749
1416.8487565882663,1.0048338174819946,0.002229308942332864
1416.8501454934974,1.0001286268234253,0.002225572010502219
1416.851534398759,1.003485083580017,0.002225857228040695
1416.8529233039915,0.9995026588439941,0.0022256667725741863
1416.8543122092517,0.9968929886817932,0.00222149770706892
1416.8557011144828,0.9997676610946655,0.00222340552136302
1416.857090019744,0.9991368055343628,0.002224793890491128
1416.8584789249758,1.0059534311294556,0.0022275811061263084
1416.859867830207,0.9997807741165161,0.0022235470823943615
1416.8612567354678,1.0014758110046387,0.0022254884243011475
1416.8626456406996,0.999199628829956,0.002225427655503154
1416.8640345459314,0.9993079304695129,0.0022242062259465456
1416.865423451193,1.002241611480713,0.0022267994936555624
1416.8668123564248,1.0011577606201172,0.002226763404905796
1416.8682012616562,1.001401662826538,0.002225535688921809
1416.8695901668873,1.0020370483398438,0.0022264085710048676
1416.870979072119,1.0014150142669678,0.0022262022830545902
1416.872367977351,0.9965479969978333,0.0022212767507880926
1416.873756882582,1.0025736093521118,0.0022278381511569023
1416.8751457878138,0.9988672733306885,0.002223132411018014
1416.8765346930463,1.0002044439315796,0.002226389478892088
1416.8779235982781,1.0016571283340454,0.002224563853815198
1416.87931250351,1.0015193223953247,0.002225589007139206
1416.8807014087417,1.000370979309082,0.002226061187684536
1416.8820903139729,1.0009020566940308,0.002225335454568267
1416.8834792192042,0.9987983107566833,0.0022244106512516737
1416.884868124436,1.0006721019744873,0.002224392956122756
1416.8862570296387,1.0004111528396606,0.0022269461769610643
1416.8876459348699,0.9970273375511169,0.0022229780443012714
1416.8890348401023,0.9993214011192322,0.0022235189098864794
1416.8904237453057,1.001207709312439,0.0022262660786509514
1416.8918126505368,1.0040109157562256,0.0022263256832957268
1416.8932015557687,0.9952750205993652,0.0022203463595360518
1416.8945904609716,0.9974244236946106,0.00222675665281713
1416.8959793662027,1.002084732055664,0.002224181080237031
1416.8973682714047,0.9990975856781006,0.002224862342700362
1416.8987571766365,1.0028085708618164,0.002224228112027049
1416.9001460818392,0.9992490410804749,0.0022237419616431
1416.901534987071,0.9980791211128235,0.0022221265826374292
1416.9029238922744,1.002265453338623,0.002226174809038639
1416.9043127974771,1.0021177530288696,0.0022252700291574
1416.9057017027083,1.0018411874771118,0.00222575175575912
1416.9070906079112,0.9977282881736755,0.0022250309120863676
1416.908479513114,1.002380609512329,0.002225192729383707
1416.909868418345,1.0001856088638306,0.0022237608209252357
1416.911257323547,0.9995237588882446,0.0022237056400626898
1416.9126462287497,0.998568594455719,0.002222871407866478
1416.9140351339531,0.9989746809005737,0.002221545437350869
1416.9154240391558,0.999081552028656,0.0022232376504689455
1416.9168129443585,0.9965813159942627,0.0022209847811609507
1416.9182018495612,0.9975268840789795,0.0022221915423870087
1416.9195907547632,0.9998767971992493,0.0022234462667256594
1416.9209796599655,0.9977328181266785,0.0022206399589776993
1416.9223685651682,1.001412272453308,0.0022249624598771334
1416.923757470371,0.999514639377594,0.00222276640124619
1416.925146375573,1.0008600950241089,0.0022248404566198587
1416.9265352807763,1.000702142715454,0.0022258753888309
1416.9279241859797,1.0000789165496826,0.0022249517496675253
1416.9293130911526,1.0003948211669922,0.002224528696388006
1416.9307019963553,1.0023882389068604,0.0022242560517042875
1416.932090901558,1.0018398761749268,0.0022276530507951975
1416.93347980676,1.0022213459014893,0.0022247128654271364
1416.9348687119332,0.9983166456222534,0.0022244188003242016
1416.9459799534386,1.0025277137756348,0.002224929630756378
1416.9473688586406,0.9994817972183228,0.0022243112325668335
1416.9487577638135,1.002134084701538,0.0022250579204410315
1416.9501466689878,0.9988634586334229,0.0022251280024647713
1416.9515355741912,0.998718798160553,0.0022220248356461525
1416.9529244793641,1.0018699169158936,0.002223747316747904
1416.9543133845377,1.006015658378601,0.002225274220108986
1416.9557022897113,1.0057685375213623,0.0022288428153842688
1416.9570911949133,0.999267578125,0.002223771531134844
1416.9584801000872,1.0033974647521973,0.0022254923824220896
1416.9598690052608,1.003172755241394,0.002225311007350683
1416.9612579104337,1.0000944137573242,0.0022229335736483335
1416.9626468156073,0.9995607733726501,0.0022224592976272106
1416.9640357207816,1.0016589164733887,0.002224152209237218
1416.9654246259552,1.0031310319900513,0.0022256304509937763
1416.966813531128,0.9980672001838684,0.0022217107471078634
1416.9682024363017,0.9995079636573792,0.0022223619744181633
1416.9695913414462,1.004714846611023,0.002226000651717186
1416.970980246619,1.0024280548095703,0.0022269010078161955
1416.9723691517927,1.0032193660736084,0.002224426483735442
1416.9737580569665,1.0001777410507202,0.002224621595814824
1416.9751469621401,1.0007857084274292,0.0022241168189793825
1416.9765358672846,0.9992988109588623,0.0022241929545998573
1416.9779247724582,1.0064998865127563,0.002228022553026676
1416.9793136776318,1.0018112659454346,0.0022259564138948917
1416.9807025827756,0.9997888803482056,0.0022226518485695124
1416.9820914879492,1.000853419303894,0.002222913084551692
1416.9834803930937,1.0040818452835083,0.0022241463884711266
1416.9848692982666,1.0022433996200562,0.002225743141025305
1416.9862582034114,1.002119779586792,0.0022242185659706593
1416.9876471085856,0.9968200922012329,0.0022214530035853386
1416.9890360137301,0.9999983906745911,0.00222218781709671
1416.990424918903,1.0022387504577637,0.0022248413879424334
1416.9918138240475,1.0009411573410034,0.0022235247306525707
1416.993202729192,0.9994315505027771,0.0022247303277254105
1416.9959805395094,0.9994156956672668,0.002222230890765786
1416.9973694446542,0.9993647336959839,0.002226501703262329
1417.0015361601174,1.002021312713623,0.00222582183778286
1417.0140363063877,1.0005967617034912,0.0022251263726502657
1417.0154252115321,1.000040888786316,0.002221693517640233
1417.0237586423389,0.9994602203369141,0.0022213596384972334
1417.0307031680034,1.0012619495391846,0.002226493554189801
1417.032092073118,0.9954845309257507,0.002220507711172104
1417.0334809782626,1.000101089477539,0.0022281052079051733
1417.034869883378,0.9976568222045898,0.002223560819402337
1417.0362587884927,0.9971544742584229,0.0022238774690777063
1417.037647693638,0.9996603727340698,0.002223904011771083
1417.0390365987541,0.999151349067688,0.0022243161220103502
1417.0404255038688,1.000558614730835,0.0022243037819862366
1417.0418144089836,0.9982632994651794,0.0022221829276531935
1417.043203314128,1.0013372898101807,0.0022258912213146687
1417.0445922192434,0.9981328248977661,0.002223679330199957
1417.0459811243581,0.9989400506019592,0.0022244853898882866
1417.0473700294735,0.9971801042556763,0.0022221177350729704
1417.0487589345892,1.0020344257354736,0.0022234644275158644
1417.0501478397046,1.0011478662490845,0.002224281430244446
1417.0515367448206,1.003424048423767,0.0022247633896768093
1417.052925649936,1.0007232427597046,0.002225318690761924
1417.0543145550507,0.9958201050758362,0.0022215903736650944
1417.0557034601654,0.9993683695793152,0.0022271908819675446
1417.0570923652808,1.0004627704620361,0.0022265438456088305
1417.058481270367,1.0024665594100952,0.002227164339274168
1417.0598701754818,0.9983954429626465,0.0022235680371522903
1417.061259080598,1.000834584236145,0.0022255294024944305
1417.0626479857142,0.9996865391731262,0.002224888186901808
1417.0640368907998,0.999079167842865,0.0022238066885620356
1417.0654257959152,0.9990827441215515,0.0022241678088903427
1417.0682036061162,0.9987086653709412,0.0022238839883357286
1417.0709814163172,0.9973541498184204,0.0022225785069167614
1417.0723703214326,0.9975422620773315,0.002226597862318158
1417.0737592265189,1.002611756324768,0.0022262779530137777
1417.0751481316352,0.9986834526062012,0.0022237820085138083
1417.0765370367214,1.0013151168823242,0.002226827898994088
1417.0820926570943,1.0018030405044556,0.0022259438410401344
1417.083481562209,1.0027110576629639,0.002226534066721797
1417.089037182555,1.001029133796692,0.002222902374342084
1417.0945928028996,1.0009443759918213,0.0022239801473915577
1417.0987595181577,1.0000180006027222,0.002224542899057269
1417.100148423245,1.0018229484558105,0.0022249924950301647
1417.1015373283306,0.9994046688079834,0.0022257415112107992
1417.1029262334168,0.9990656971931458,0.002222748938947916
1417.104315138474,1.0012098550796509,0.0022243063431233168
1417.1057040435596,0.9990192651748657,0.002224175026640296
1417.107092948646,0.9981091022491455,0.002223292365670204
1417.108481853703,0.9997292757034302,0.0022223147097975016
1417.111259663875,0.9989880323410034,0.0022222460247576237
1417.112648568933,1.0055663585662842,0.002229144563898444
1417.1140374740194,0.9980363249778748,0.0022237692028284073
1417.1168152841622,1.0012754201889038,0.0022245922591537237
1417.1223709044193,0.9969578385353088,0.0022217105142772198
1417.1237598094765,0.9986395239830017,0.0022228588350117207
1417.1320932398773,0.9979114532470703,0.0022225843276828527
1417.1334821449339,0.9970364570617676,0.0022222762927412987
1417.134871049991,1.0014631748199463,0.002224388998001814
1417.136259955049,1.0037552118301392,0.0022254930809140205
1417.1390377651626,1.0004512071609497,0.002223129151389003
1417.141815575248,1.000697135925293,0.0022243645507842302
1417.145982290419,1.00082266330719,0.0022232821211218834
1417.1473711954761,0.9983779788017273,0.0022233144845813513
1417.1487601005042,0.9999260306358337,0.002223081886768341
1417.1501490055614,1.001487135887146,0.0022238902747631073
1417.1515379106188,1.0018354654312134,0.0022255817893892527
1417.1529268156462,1.000988245010376,0.0022259633988142014
1417.1543157207034,0.9974427223205566,0.00222068652510643
1417.1557046257315,1.0000619888305664,0.002222827635705471
1417.157093530788,0.9987888336181641,0.0022238639649003744
1417.158482435816,1.0016140937805176,0.002225543139502406
1417.159871340874,0.9988412261009216,0.002221415052190423
1417.1626491509585,1.0005342960357666,0.0022224802523851395
1417.1640380559868,0.998638391494751,0.0022231910843402147
1417.1654269610149,1.0038633346557617,0.0022261743433773518
1417.1668158660714,1.0029770135879517,0.0022271154448390007
1417.1682047710995,1.0000866651535034,0.0022245277650654316
1417.1695936761275,0.9980724453926086,0.002222437644377351
1417.170982581155,1.0025322437286377,0.0022256243973970413
1417.1737603912416,1.0023397207260132,0.0022256686352193356
1417.1765382012964,1.004683017730713,0.0022247114684432745
1417.1793160113527,1.0024025440216064,0.002225629286840558
1417.1820938214082,0.9991520047187805,0.002221624366939068
1417.1834827264363,1.001647710800171,0.002224992262199521
1417.1848716314353,1.000139594078064,0.0022198965307325125
1417.187649441492,1.0010626316070557,0.002225593663752079
1417.1890383465195,1.0009071826934814,0.002226859563961625
1417.190427251547,1.000272274017334,0.0022246362641453743
1417.1945939666016,1.0022931098937988,0.0022260614205151796
1417.1959828716006,1.0019761323928833,0.0022252192720770836
1417.1987606816283,1.0044077634811401,0.002226602053269744
1417.2001495866564,1.003127932548523,0.002224703785032034
1417.2015384916554,0.9992594122886658,0.002225092612206936
1417.202927396683,0.9983206987380981,0.002223208313807845
1417.2043163016813,1.0006285905838013,0.0022278972901403904
1417.2057052067094,0.9987853169441223,0.0022236662916839123
1417.2070941117083,0.9982140064239502,0.002221849514171481
1417.2084830167073,1.0000983476638794,0.002224056050181389
1417.209871921736,0.9975622296333313,0.002222576877102256
1417.211260826735,1.0020737648010254,0.002223356394097209
1417.2126497317333,0.9996716976165771,0.0022245459258556366
1417.2140386367323,0.9977416396141052,0.0022219312377274036
1417.2154275417313,1.0003124475479126,0.002223483519628644
1417.2168164467298,0.9984857439994812,0.0022222104016691446
1417.2182053517572,1.0015573501586914,0.0022253042552620173
1417.2195942567562,1.0033434629440308,0.002227077027782798
1417.2209831617558,1.0020942687988281,0.0022236285731196404
1417.2223720667548,1.0004432201385498,0.002224515425041318
1417.2237609717538,1.000707745552063,0.0022245137952268124
1417.2251498767528,0.9973140358924866,0.0022236874792724848
1417.226538781722,1.0001338720321655,0.002226348966360092
1417.227927686721,1.0072811841964722,0.0022307445760816336
1417.2293165917201,1.00127112865448,0.0022296160459518433
1417.2307054967184,1.0016214847564697,0.0022257103119045496
1417.2320944017167,1.0001109838485718,0.002224349183961749
1417.2334833066873,1.0017130374908447,0.0022266367450356483
1417.234872211687,1.0003632307052612,0.002224693540483713
1417.2362611166852,0.9993947148323059,0.0022234695497900248
1417.237650021655,0.9961318373680115,0.0022235752549022436
1417.239038926654,1.0035679340362549,0.002226982731372118
1417.2404278316233,1.000164270401001,0.002224914263933897
1417.2418167366216,1.0014327764511108,0.0022240763064473867
1417.2432056415917,1.0037647485733032,0.002227968769147992
1417.2445945465906,0.9977115988731384,0.0022230269387364388
1417.2459834515605,1.0012469291687012,0.0022259100805968046
1417.2473723565602,1.0009369850158691,0.0022255894728004932
1417.24876126153,0.9988918900489807,0.002224226016551256
1417.2501501664992,0.9953113794326782,0.002222796669229865
1417.2515390714982,1.0007517337799072,0.002225486095994711
1417.252927976468,0.9975111484527588,0.0022225715219974518
1417.2543168814375,0.9989282488822937,0.00222277594730258
1417.2557057864067,1.003024697303772,0.0022248185705393553
1417.2570946914057,1.0013591051101685,0.002224491909146309
1417.259872501346,0.9983280301094055,0.0022248958703130484
1417.261261406316,0.9986037015914917,0.0022235114593058825
1417.2626503112858,1.0012452602386475,0.0022262991406023502
1417.264039216255,0.999350905418396,0.0022238760720938444
1417.2682059311642,1.0005207061767578,0.0022245419677346945
1417.269594836134,1.003265619277954,0.0022259897086769342
1417.2709837410755,0.9984014630317688,0.002222397830337286
1417.2723726460454,0.9993888735771179,0.002224517287686467
1417.2737615510146,0.9980821013450623,0.0022243864368647337
1417.2765393609543,1.0000083446502686,0.0022235463839024305
1417.2779282658944,1.003272294998169,0.0022268774919211864
1417.2793171708643,0.9993457794189453,0.0022271019406616688
1417.2807060758053,1.002933144569397,0.0022262707352638245
1417.2820949807751,0.9996351003646851,0.0022241019178181887
1417.2848727906858,0.998430609703064,0.002220272785052657
1417.2890395055365,0.9961926341056824,0.0022243831772357225
1417.2904284105064,0.9966315627098083,0.0022241007536649704
1417.2918173154465,1.0024276971817017,0.002225720789283514
1417.2932062203874,1.0018759965896606,0.0022260400000959635
1417.2973729352389,1.0001331567764282,0.002225068397819996
1417.2987618401796,0.9968762397766113,0.0022237561643123627
1417.3001507451204,1.00057852268219,0.0022251347545534372
1417.3015396500896,1.0038931369781494,0.002231680089607835
1417.3029285550303,0.9992373585700989,0.0022245177533477545
1417.3043174599711,0.9982556700706482,0.0022261561825871468
1417.3057063649112,0.9994838833808899,0.0022257596720010042
1417.3070952698529,0.9996577501296997,0.0022247126325964928
1417.3084841747943,0.997165858745575,0.002222534269094467
1417.3098730797344,1.0021947622299194,0.002227789256721735
1417.3112619846454,0.9985259175300598,0.0022248639725148678
1417.3126508895862,1.0001112222671509,0.0022240697871893644
1417.314039794527,1.002918004989624,0.0022280148696154356
1417.315428699467,1.0027244091033936,0.002226713579148054
1417.3168176044078,1.0018831491470337,0.0022249147295951843
1417.3182065093204,1.0004961490631104,0.002225003205239773
1417.3195954142611,0.9983441233634949,0.0022238632664084435
1417.320984319202,1.0011051893234253,0.00222654826939106
1417.3223732241136,0.9980272650718689,0.0022252455819398165
1417.3237621290536,1.0013856887817383,0.002225200878456235
1417.3251510339646,1.001814842224121,0.002225607167929411
1417.3265399389054,1.0005675554275513,0.002223917981609702
1417.327928843817,0.9980326294898987,0.002225276315584779
1417.3293177487571,1.0006579160690308,0.002224658615887165
1417.3307066536697,1.0033236742019653,0.0022260339464992285
1417.3320955586112,1.0026280879974365,0.0022259955294430256
1417.3334844635222,0.995518147945404,0.002220412250608206
1417.3348733684338,1.00315523147583,0.0022279296535998583
1417.3362622733746,1.0016688108444214,0.002227060031145811
1417.3376511782856,1.000597596168518,0.002225326607003808
1417.3404289881082,0.9972220063209534,0.002223088638857007
1417.3418178930199,0.9988713264465332,0.0022249151952564716
1417.3432067979315,0.9981282353401184,0.002224651863798499
1417.3487624176075,1.0017077922821045,0.002227876568213105
1417.3501513225192,0.9977026581764221,0.00222186092287302
1417.351540227401,0.9996411800384521,0.0022249447647482157
1417.352929132312,0.99861079454422,0.0022217310033738613
1417.3543180372237,1.0003583431243896,0.002224569907411933
1417.355706942136,0.9954866170883179,0.0022231941111385822
1417.357095847048,1.0015324354171753,0.0022271089255809784
1417.3584847519596,0.997646689414978,0.0022245082072913647
1417.3598736568422,0.9986541867256165,0.0022254695650190115
1417.3612625617532,0.9992613196372986,0.002224207390099764
1417.3626514666641,0.9998810887336731,0.0022238586097955704
1417.3640403715467,1.0033799409866333,0.0022263056598603725
1417.366818181341,1.000751256942749,0.0022239466197788715
1417.3682070862533,1.0001775026321411,0.0022237910889089108
1417.3695959911358,1.0044946670532227,0.00222801580093801
1417.370984896047,1.0014897584915161,0.002225002273917198
1417.3723738009296,0.9996278285980225,0.002225611824542284
1417.3737627058413,1.0008448362350464,0.0022260413970798254
1417.376540515605,0.9980756640434265,0.002221849747002125
1417.3779294205167,0.9982706904411316,0.0022229505702853203
1417.3807072302825,0.9997238516807556,0.0022241545375436544
1417.382096135165,1.0025981664657593,0.002228032797574997
1417.3834850400478,1.0000190734863281,0.0022238316014409065
1417.3848739449297,1.0014501810073853,0.002226321492344141
1417.3862628498414,1.0011167526245117,0.002224314957857132
1417.387651754724,1.0012526512145996,0.0022226511500775814
1417.3890406596058,1.001988410949707,0.002225551288574934
1417.3904295644877,0.9979531168937683,0.0022203989792615175
1417.391818469371,1.001973271369934,0.002224004128947854
1417.393207374225,0.9991233944892883,0.0022225454449653625
1417.3973740888723,1.0053458213806152,0.002226043026894331
1417.3987629937542,1.0020332336425781,0.0022255757357925177
1417.4001518986368,0.995134711265564,0.002223449759185314
1417.4015408034902,1.0002918243408203,0.002225132193416357
1417.402929708372,1.0007224082946777,0.002223116112872958
1417.4043186132546,1.0007188320159912,0.00222478318028152
1417.4057075181088,0.9970658421516418,0.0022220995742827654
1417.4070964229913,0.9994721412658691,0.0022225184366106987
1417.4084853278443,0.9999478459358215,0.0022230122704058886
1417.409874232727,1.0020440816879272,0.0022212527692317963
1417.4112631375804,0.9976748824119568,0.0022199926897883415
1417.4140409473157,1.0014424324035645,0.0022244900465011597
1417.415429852199,0.9989832043647766,0.002223425544798374
1417.4168187570524,0.9969210028648376,0.002222595736384392
1417.4182076619052,1.0007507801055908,0.0022273550275713205
1417.4195965667586,1.0017354488372803,0.0022287729661911726
1417.4209854716412,1.0018113851547241,0.0022278688848018646
1417.4223743764942,1.0021698474884033,0.0022259061224758625
1417.4237632813476,0.9988740086555481,0.0022226881701499224
1417.425152186201,0.9951831102371216,0.002223445801064372
1417.4265410910539,0.9945725798606873,0.0022214686032384634
1417.427929995908,1.0023869276046753,0.002227871911600232
1417.4293189007622,0.9988175630569458,0.0022233056370168924
1417.430707805615,1.0027236938476562,0.0022270893678069115
1417.4320967104677,1.0001181364059448,0.0022267375607043505
1417.4348745201748,1.0006009340286255,0.002226582495495677
1417.4362634250276,0.9941905736923218,0.002220759866759181
1417.437652329881,0.9983557462692261,0.002222983632236719
1417.4390412347345,0.9967659115791321,0.002221448579803109
1417.440430139588,1.0000022649765015,0.002225043484941125
1417.441819044413,1.0002281665802002,0.0022240341641008854
1417.4432079492665,1.0020893812179565,0.0022260856349021196
1417.4445968541193,0.9996657371520996,0.002224463038146496
1417.445985758943,1.001137375831604,0.002225168514996767
1417.4473746637966,1.0000208616256714,0.00222323858179152
1417.44876356865,0.9985228776931763,0.00222501321695745
1417.4501524734737,1.0017528533935547,0.002225300297141075
1417.4515413783279,0.9981857538223267,0.002223220421001315
1417.4543191880057,1.0004018545150757,0.0022260125260800123
1417.45570809283,1.001294732093811,0.0022265692241489887
1417.4570969976544,1.0020123720169067,0.00222605699673295
1417.4584859025072,1.003382921218872,0.002228198107331991
1417.459874807331,0.9961257576942444,0.0022230620961636305
1417.4612637121554,1.0027995109558105,0.002225296339020133
1417.4640415218332,1.000542402267456,0.0022242777049541473
1417.4668193314826,0.9989525675773621,0.0022239370737224817
1417.4682082363063,1.001904010772705,0.0022284225560724735
1417.46959714113,1.0011513233184814,0.0022223603446036577
1417.4709860459543,1.0002315044403076,0.002226743148639798
1417.4723749507787,0.9962291121482849,0.0022194012999534607
1417.4737638556026,1.0016825199127197,0.0022252509370446205
1417.475152760427,1.001164197921753,0.0022284332662820816
1417.476541665252,1.0032306909561157,0.0022254721261560917
1417.4779305700763,1.0046765804290771,0.0022265666630119085
1417.480708379696,1.0026953220367432,0.002225911943241954
1417.4820972845196,0.9991605281829834,0.0022251640912145376
1417.4834861893432,0.9992480874061584,0.002224195981398225
1417.4848750941676,0.9960769414901733,0.0022230169270187616
1417.486263998963,1.002446174621582,0.002226379467174411
1417.4876529037867,1.0002682209014893,0.0022249086759984493
1417.4890418085827,1.0003938674926758,0.002227670280262828
1417.4904307134077,0.9997906684875488,0.0022258905228227377
1417.4918196182314,0.9968241453170776,0.002222692593932152
1417.4932085230266,0.9962995052337646,0.002222856041043997
1417.494597427851,0.9995659589767456,0.002223895164206624
1417.4959863326455,0.9985507130622864,0.0022246178705245256
1417.49737523744,1.0020499229431152,0.002228571567684412
1417.4987641422647,0.9987844824790955,0.0022243415005505085
1417.5001530470606,0.9992166757583618,0.002227130578830838
1417.5015419518559,0.9997309446334839,0.002225629286840558
1417.5029308566802,1.0005724430084229,0.0022254567593336105
1417.5043197614755,1.0012191534042358,0.002228305907920003
1417.50570866627,1.001663088798523,0.0022256039083003998
1417.5070975710653,0.9991009831428528,0.002226022072136402
1417.5084864758605,1.0024958848953247,0.0022263319697231054
1417.509875380655,1.0012794733047485,0.002227219520136714
1417.5112642854497,0.9985485076904297,0.002224851166829467
1417.5126531902458,0.9984962344169617,0.0022230888716876507
1417.5140420950418,0.9987354278564453,0.002223432529717684
1417.5154309998363,0.9996358752250671,0.0022237144876271486
1417.5168199046316,1.0047287940979004,0.002228502882644534
1417.5182088094268,1.0006098747253418,0.002226247452199459
1417.5195977142214,0.9990411400794983,0.0022247391752898693
1417.5209866190166,0.9995715022087097,0.0022248446475714445
1417.522375523812,1.0019406080245972,0.0022261962294578552
1417.5237644285774,0.9990124106407166,0.0022261457052081823
1417.5251533333728,0.9971644878387451,0.002224268391728401
1417.5265422381688,1.0001391172409058,0.002224615542218089
1417.527931142935,1.000893235206604,0.0022263904102146626
1417.5293200477295,1.0000474452972412,0.0022274863440543413
1417.5307089525247,1.002814769744873,0.0022284300066530704
1417.5320978572909,1.0021146535873413,0.002226348500698805
1417.5334867620854,0.9975340962409973,0.0022231945767998695
1417.5348756668516,0.9977311491966248,0.002224013675004244
1417.5362645716475,0.9972372651100159,0.0022228562738746405
1417.5376534764139,0.9980102181434631,0.002224419265985489
1417.5390423811793,1.0002872943878174,0.002223733812570572
1417.5404312859746,1.0059605836868286,0.0022284321021288633
1417.5418201907407,1.00209379196167,0.0022266630548983812
1417.5432090955062,1.002022385597229,0.002227077027782798
1417.5445980002723,1.0023752450942993,0.002226165495812893
1417.5459869050676,0.9984495639801025,0.002225633477792144
1417.547375809833,1.0005381107330322,0.0022267280146479607
1417.5487647145999,1.0000313520431519,0.00222802278585732
1417.550153619367,0.9983684420585632,0.002226694254204631
1417.5515425241324,0.9998384714126587,0.002225608564913273
1417.5529314288979,1.000363826751709,0.0022243564017117023
1417.554320333664,0.9986492395401001,0.0022228143643587828
1417.5557092384302,1.0004886388778687,0.002225259318947792
1417.5570981431956,0.9975072741508484,0.0022227512672543526
1417.5584870479618,0.9992434978485107,0.0022240544203668833
1417.559875952728,0.9975520968437195,0.0022202027030289173
1417.561264857494,1.0010613203048706,0.002223173389211297
1417.5626537622318,1.0032436847686768,0.0022259396500885487
1417.5640426669981,0.9996194243431091,0.002223601099103689
1417.5654315717636,0.9975893497467041,0.0022222432307899
1417.566820476529,0.9977319240570068,0.002222649985924363
1417.5682093812661,0.9988791942596436,0.002224108437076211
1417.5695982860323,0.9989018440246582,0.002223944989964366
1417.5709871907686,0.9998123049736023,0.0022250227630138397
1417.5723760955354,1.0009480714797974,0.0022235745564103127
1417.5737650002732,1.001519799232483,0.002224834868684411
1417.5751539050386,1.0027097463607788,0.0022275056689977646
1417.5765428097752,1.0003856420516968,0.0022237803786993027
1417.5779317145414,1.000187873840332,0.0022229072637856007
1417.5793206192784,0.9994508028030396,0.002221484901383519
1417.5807095240439,0.997738778591156,0.0022185740526765585
1417.582098428781,0.9960647225379944,0.002220442285761237
1417.583487333518,1.0009170770645142,0.002224682830274105
1417.584876238255,1.0039968490600586,0.002226783661171794
1417.5862651430218,1.0042622089385986,0.0022281536366790533
1417.587654047759,1.0004103183746338,0.00222590914927423
1417.5890429524954,1.0021072626113892,0.002225700533017516
1417.5904318572318,0.9994534850120544,0.002224176423624158
1417.5918207619688,1.0027012825012207,0.002224713796749711
1417.593209666706,0.999443531036377,0.0022242069244384766
1417.5945985714422,0.9988073706626892,0.002222864655777812
1417.59598747618,1.003326177597046,0.002228060970082879
1417.5973763809177,1.002245545387268,0.0022258739918470383
1417.598765285654,1.0011237859725952,0.002227579476311803
1417.6001541903913,0.9984888434410095,0.002224479801952839
1417.6015430951284,1.001163125038147,0.002225438365712762
1417.6029319998356,0.9995689392089844,0.0022237554658204317
1417.604320904572,0.9982044696807861,0.002223585033789277
1417.605709809309,1.0006903409957886,0.0022246011067181826
1417.607098714046,1.0000795125961304,0.002225329866632819
1417.608487618754,1.0035808086395264,0.0022263883147388697
1417.6098765234917,1.0022163391113281,0.002228791592642665
1417.6112654282288,0.9968965649604797,0.0022244954016059637
1417.612654332936,0.995893120765686,0.0022234958596527576
1417.614043237673,1.001664638519287,0.0022257615346461535
1417.6154321423812,0.9967577457427979,0.0022265370935201645
1417.6168210471176,0.9985995888710022,0.002225670497864485
1417.6182099518248,0.9984531998634338,0.0022250497713685036
1417.6195988565328,1.002595067024231,0.0022286763414740562
1417.6209877612705,0.9978786110877991,0.002224306110292673
1417.6223766659784,0.9985862374305725,0.0022269042674452066
1417.6237655706864,1.0013830661773682,0.002226321492344141
1417.6251544754234,1.0023361444473267,0.002227703807875514
1417.6265433801307,0.9971199631690979,0.002223137067630887
1417.6279322848388,1.0007890462875366,0.0022262902930378914
1417.6293211895468,0.9971939921379089,0.0022252716589719057
1417.630710094254,1.000071406364441,0.0022269326727837324
1417.632098998962,0.998480498790741,0.002225036732852459
1417.6334879036706,1.003603219985962,0.0022290325723588467
1417.6348768083785,1.003133773803711,0.0022275641094893217
1417.6362657130858,0.9992180466651917,0.0022261175327003
1417.6376546177937,0.9986563920974731,0.0022256197407841682
1417.6390435225019,0.9979442358016968,0.002225471893325448
1417.6404324272091,0.9973054528236389,0.0022250127512961626
1417.641821331917,1.002381682395935,0.002225456992164254
1417.643210236625,1.0021435022354126,0.002228205557912588
1417.6445991413038,0.998996376991272,0.002227100543677807
1417.6459880460118,1.0022343397140503,0.0022284153383225203
1417.6473769507197,1.00037682056427,0.0022255212534219027
1417.6487658554277,0.9977220892906189,0.0022278367541730404
1417.6501547601058,0.9990702867507935,0.0022262444254010916
1417.651543664814,0.9983178973197937,0.0022253398783504963
1417.6529325694928,0.9992912411689758,0.002226957120001316
1417.6543214742,0.9994881749153137,0.0022269627079367638
1417.655710378879,0.9989662170410156,0.0022276700474321842
1417.6570992835875,0.9992356300354004,0.002226238837465644
1417.6584881882663,0.9997634887695312,0.0022253096103668213
1417.6598770929736,1.0009558200836182,0.0022264637518674135
1417.6612659976524,0.9994415640830994,0.002228283090516925
1417.6626549023313,0.9973897933959961,0.0022256248630583286
1417.6640438070385,0.9998277425765991,0.002226391341537237
1417.6654327117174,1.0024315118789673,0.002228452591225505
1417.6668216163964,0.9998155832290649,0.0022289955522865057
1417.6682105210753,1.0049355030059814,0.0022292323410511017
1417.6695994257548,0.9982484579086304,0.00222529168240726
1417.6709883304336,0.996472954750061,0.002224645344540477
1417.6723772351118,1.0010215044021606,0.00222621182911098
1417.673766139819,0.9985197186470032,0.0022248458117246628
1417.6751550444978,0.9999067187309265,0.002226349664852023
1417.6765439491476,0.9981287121772766,0.002224668161943555
1417.6779328538257,1.0005981922149658,0.002227634657174349
1417.6793217585048,1.0012601613998413,0.0022283673752099276
1417.6807106631843,0.9971640110015869,0.0022244523279368877
1417.6820995678631,1.0016673803329468,0.0022279799450188875
1417.6834884725413,0.9998832941055298,0.0022272381465882063
1417.6848773772201,1.0022449493408203,0.0022276982199400663
1417.6862662818698,0.9943140149116516,0.002223438583314419
1417.687655186548,0.9985742568969727,0.002223772229626775
1417.6890440912268,0.9971180558204651,0.0022251559421420097
1417.6904329958766,1.0007224082946777,0.0022260246332734823
1417.6918219005554,0.9996711015701294,0.0022257105447351933
1417.693210805206,0.9995627403259277,0.002225343370810151
1417.6945997098849,0.9984046220779419,0.0022263487335294485
1417.695988614534,1.0026413202285767,0.0022296844981610775
1417.697377519212,0.997927188873291,0.0022245910950005054
1417.6987664238618,0.9967625141143799,0.0022259128745645285
1417.7001553285406,0.9981940388679504,0.0022263324353843927
1417.7015442331897,1.0019872188568115,0.002227101009339094
1417.7029331378394,1.006506085395813,0.0022332267835736275
1417.7043220425192,1.0033619403839111,0.002228617900982499
1417.7057109471689,0.9986065626144409,0.0022235314827412367
1417.7070998518186,0.9975144863128662,0.0022258285898715258
1417.7084887564683,1.0002280473709106,0.002227313118055463
1417.7098776611174,0.9972952008247375,0.002224014839157462
1417.7112665657664,1.0001825094223022,0.0022260607220232487
1417.7126554704453,0.9977126121520996,0.002223681192845106
1417.714044375095,1.0019416809082031,0.0022281708661466837
1417.715433279744,0.9991930723190308,0.0022250579204410315
1417.7168221843947,0.9970551133155823,0.002223733812570572
1417.718211089016,0.9999562501907349,0.0022283720318228006
1417.719599993665,0.9975616335868835,0.002224020194262266
1417.7209888983148,0.9967021942138672,0.0022246772423386574
1417.7223778029645,0.9983382821083069,0.0022270316258072853
1417.7237667076135,1.0004085302352905,0.00222699879668653
1417.7251556122626,1.0007829666137695,0.002228299854323268
1417.7279334215336,0.9993231892585754,0.0022271922789514065
1417.7293223261834,1.0022188425064087,0.0022291741333901882
1417.7307112308042,1.0001165866851807,0.002227992983534932
1417.732100135454,1.0027663707733154,0.0022284449078142643
1417.733489040074,0.9999423027038574,0.002228402765467763
1417.7348779447236,0.997449517250061,0.0022255945950746536
1417.7376557539933,0.9998185634613037,0.002227728022262454
1417.7390446586132,0.9980604648590088,0.002225362230092287
1417.7404335632637,1.0015827417373657,0.0022313925437629223
1417.7418224678852,0.999837338924408,0.0022255396470427513
1417.7446002771258,0.999420702457428,0.0022252958733588457
1417.7459891817755,1.0011472702026367,0.002227763645350933
1417.7473780863954,1.0011162757873535,0.0022257366217672825
1417.748766991016,1.000789999961853,0.002227094955742359
1417.7501558956367,0.9973263144493103,0.002224753610789776
1417.7515448002573,1.0009775161743164,0.0022257990203797817
1417.752933704878,1.0003072023391724,0.0022276323288679123
1417.7543226094988,1.0001271963119507,0.00222743209451437
1417.7557115141194,0.9992733597755432,0.0022254667710512877
1417.7571004187394,0.9972019195556641,0.002224503317847848
1417.75848932336,1.0028454065322876,0.002230195328593254
1417.7598782279806,0.9976229071617126,0.002225576201453805
1417.7612671326006,0.9998834133148193,0.0022259962279349566
1417.7626560372212,1.000407338142395,0.002226866316050291
1417.7640449418134,1.002852439880371,0.0022287103347480297
1417.765433846434,0.997736394405365,0.002224415075033903
1417.766822751054,0.9988129734992981,0.002226488199084997
1417.7682116556746,1.000722050666809,0.0022271708585321903
1417.7696005602663,0.9983478784561157,0.0022247873712331057
1417.7709894648863,1.002888560295105,0.002230567391961813
1417.7723783694778,0.9986973404884338,0.00222326279617846
1417.7737672740984,0.9989874362945557,0.0022249987814575434
1417.7751561786893,1.0003522634506226,0.002225206233561039
1417.7765450833106,0.9992541670799255,0.0022260339464992285
1417.7779339879028,0.9988265037536621,0.0022241591941565275
1417.7793228925227,0.994533121585846,0.002224511932581663
1417.7807117971136,0.9989660978317261,0.0022266015876084566
1417.7821007017053,0.9999759197235107,0.002227193210273981
1417.783489606326,0.9998559951782227,0.002225273521617055
1417.7848785109168,1.0025995969772339,0.002232432598248124
1417.7862674155083,0.998624324798584,0.002225792035460472
1417.7876563201005,1.002951741218567,0.0022271235939115286
1417.789045224692,1.0025405883789062,0.0022282819263637066
1417.790434129312,0.9985321164131165,0.0022251643240451813
1417.7918230339035,1.0001206398010254,0.0022245452273637056
1417.7932119384952,1.0023436546325684,0.002229796489700675
1417.794600843086,0.9983389973640442,0.0022245815489441156
1417.7959897476776,0.999836802482605,0.002226347802206874
1417.7973786522691,1.0016975402832031,0.002227987162768841
1417.7987675568309,0.9991071820259094,0.0022259396500885487
1417.800156461423,0.9990431666374207,0.0022295888047665358
1417.8015453660153,0.9972490668296814,0.002223595045506954
1417.802934270606,0.9996165633201599,0.002227592747658491
1417.804323175197,0.9980138540267944,0.0022260360419750214
1417.8057120797596,1.0072401762008667,0.002229912905022502
1417.807100984351,1.003627896308899,0.00222828914411366
1417.808489888942,1.0031371116638184,0.002226166194304824
1417.8098787935044,1.0011260509490967,0.0022243044804781675
1417.8112676980966,0.9989897012710571,0.002224805299192667
1417.812656602659,1.0011656284332275,0.002226840704679489
1417.8140455072505,1.0002962350845337,0.002227212768048048
1417.815434411813,0.997389018535614,0.002227775752544403
1417.8168233164038,1.001124620437622,0.0022274386137723923
1417.8182122209655,1.0019328594207764,0.002227777848020196
1417.819601125557,0.9994353652000427,0.002225311240181327
1417.8209900301197,0.9969630837440491,0.0022259114775806665
1417.8223789346814,0.9990153908729553,0.0022256472148001194
1417.8237678392736,0.9974119663238525,0.0022255282383412123
1417.8251567438367,0.9979009032249451,0.002228362951427698
1417.8265456483985,1.004285216331482,0.002229048404842615
1417.8279345529609,1.0032227039337158,0.002226450713351369
1417.8293234575233,1.002842903137207,0.002229206496849656
1417.830712362085,1.0017566680908203,0.002227007644250989
1417.8321012666468,0.9991486072540283,0.002226703567430377
1417.8334901712094,1.000210165977478,0.002225138247013092
1417.8348790757725,0.9992007613182068,0.0022265571169555187
1417.836267980335,1.0065562725067139,0.0022321725264191628
1417.8376568848973,0.9982979893684387,0.0022248593159019947
1417.8390457894598,1.0049437284469604,0.0022290372289717197
1417.841823598584,1.002793312072754,0.00222947308793664
1417.8432125031463,1.0015339851379395,0.002227058634161949
1417.8446014076792,0.996829628944397,0.002223077928647399
1417.845990312241,1.0015071630477905,0.0022302386350929737
1417.847379216804,1.002597451210022,0.0022296884562820196
1417.848768121338,1.0008748769760132,0.0022277184762060642
1417.8501570258998,0.9976413249969482,0.002223207615315914
1417.851545930433,1.0007785558700562,0.002227135468274355
1417.8529348349955,0.9993980526924133,0.0022270698100328445
1417.8543237395281,1.0053699016571045,0.0022301808930933475
1417.8557126440905,1.0018209218978882,0.0022290043998509645
1417.8571015486239,1.0023233890533447,0.002229359233751893
1417.8584904531865,1.00261390209198,0.0022285671439021826
1417.8598793577198,0.998641312122345,0.0022259496618062258
1417.8612682622531,0.9994334578514099,0.0022255743388086557
1417.8626571668156,0.9992303848266602,0.0022276395466178656
1417.8640460713482,1.000799298286438,0.00222716829739511
1417.8654349758815,0.9993745684623718,0.002226188313215971
1417.8668238804148,1.0007284879684448,0.0022283883299678564
1417.8682127849474,0.9987081289291382,0.002227382967248559
1417.8696016894808,0.9984768629074097,0.0022252637427300215
1417.8709905940148,1.0030308961868286,0.002229507779702544
1417.8723794985483,1.0012367963790894,0.002228514291346073
1417.873768403081,1.0002002716064453,0.002227659337222576
1417.8751573076142,0.9993640184402466,0.0022259808611124754
1417.8765462121476,0.9997788071632385,0.0022283499129116535
1417.8779351166802,0.9986537098884583,0.0022242518607527018
1417.8793240212135,1.0004346370697021,0.0022265478037297726
1417.8807129257468,1.0014598369598389,0.002228822559118271
1417.8821018302801,1.0011723041534424,0.0022275815717875957
1417.8834907347853,0.9971872568130493,0.0022239843383431435
1417.8848796393186,1.0014677047729492,0.0022301622666418552
1417.8862685438512,0.9991400241851807,0.0022275883238762617
1417.8876574483547,0.9974334836006165,0.002225709380581975
1417.889046352888,1.0005590915679932,0.002226894022896886
1417.8904352573923,1.001027226448059,0.0022269240580499172
1417.891824161925,1.0011706352233887,0.0022260723635554314
1417.893213066429,1.002200961112976,0.0022292761132121086
1417.894601970963,1.001900553703308,0.002229060512036085
1417.8959908754675,0.9997687935829163,0.002228090539574623
1417.8973797800002,0.9999216198921204,0.0022265950683504343
1417.8987686845044,0.9995751976966858,0.002227452816441655
1417.9001575890086,1.002102255821228,0.002229913603514433
1417.9015464935412,0.9984142780303955,0.0022270027548074722
1417.9029353980454,1.000257134437561,0.0022268863394856453
1417.9043243025496,0.9990406036376953,0.002226630225777626
1417.9057132070532,0.9996711611747742,0.002225458389148116
1417.907102111558,0.9950969219207764,0.002224028343334794
1417.908491016063,0.9972335696220398,0.0022259673569351435
1417.9098799205667,0.9994946718215942,0.002226735930889845
1417.9112688250702,0.9983786940574646,0.002226161537691951
1417.9126577295744,0.9964506030082703,0.0022263205610215664
1417.9140466340787,0.99973464012146,0.002226085402071476
1417.9154355385822,1.0005109310150146,0.0022303566802293062
1417.9168244430864,1.0032317638397217,0.0022284225560724735
1417.9182133475913,0.9971452355384827,0.002224552445113659
1417.9196022520955,0.9976896643638611,0.0022254351060837507
1417.9209911565997,0.9965822100639343,0.0022272306960076094
1417.922380061075,1.0022295713424683,0.0022284062579274178
1417.9237689655786,0.9992088675498962,0.002225826494395733
1417.925157870082,1.0003211498260498,0.0022278635296970606
1417.9265467745572,1.003103256225586,0.0022282616700977087
1417.9279356790614,0.9981006979942322,0.002225944772362709
1417.929324583565,1.0024079084396362,0.0022277329117059708
1417.9307134880407,0.9998822212219238,0.0022277117241173983
1417.9321023925456,1.000506043434143,0.0022301666904240847
1417.93349129702,0.998015284538269,0.0022251030895859003
1417.9348802014954,1.0034221410751343,0.0022305375896394253
1417.9362691059996,1.0003634691238403,0.0022277373354882
1417.937658010474,1.0037330389022827,0.002230786718428135
1417.9390469149484,1.0001881122589111,0.0022270476911216974
1417.9404358194527,0.9975855946540833,0.002225434174761176
1417.9418247239284,1.0009822845458984,0.002227446297183633
1417.9432136284036,0.9967772364616394,0.002225141739472747
1417.9446025328787,1.0033608675003052,0.0022304689045995474
1417.9459914373538,1.0004141330718994,0.0022263622377067804
1417.9487692463326,1.0031362771987915,0.0022292626090347767
1417.9501581508077,0.9965755939483643,0.002226542681455612
1417.9515470552822,0.9987503886222839,0.0022260856349021196
1417.9529359597566,1.0013762712478638,0.0022263487335294485
1417.9543248642033,0.9979785084724426,0.0022244162391871214
1417.955713768679,0.9989795684814453,0.0022259566467255354
1417.9571026731535,1.0030491352081299,0.0022300907876342535
1417.9584915776286,1.0007548332214355,0.002228753874078393
1417.9598804821037,1.0005978345870972,0.00222848542034626
1417.9612693865492,0.9973993301391602,0.0022281489800661802
1417.9626582910244,0.9993109107017517,0.0022272025234997272
1417.9640471954995,1.0010689496994019,0.002228627447038889
1417.9654360999455,1.0020723342895508,0.0022286484017968178
1417.9668250044206,1.003487467765808,0.00222871545702219
1417.9682139088957,1.0003693103790283,0.0022242425475269556
1417.9696028133417,0.9979556798934937,0.002223898423835635
1417.972380622262,0.998736560344696,0.0022254453506320715
1417.9737695267083,1.0014201402664185,0.002228483557701111
1417.9751584311828,1.0013542175292969,0.0022294558584690094
1417.9765473356288,0.9994224309921265,0.0022257501259446144
1417.9779362400755,1.0008481740951538,0.0022267114836722612
1417.9793251445506,0.9998480081558228,0.002226761309430003
1417.9807140489959,1.0012121200561523,0.0022299711126834154
1417.9821029534419,0.9995904564857483,0.0022262781858444214
1417.9834918578879,0.9988834261894226,0.0022286076564341784
1417.9848807623332,0.9994078874588013,0.002227723365649581
1417.9862696667794,1.000551700592041,0.0022282549180090427
1417.9876585712254,0.997480034828186,0.002225327305495739
1417.9890474756714,0.9983198642730713,0.0022260777186602354
1417.9904363801181,1.0000364780426025,0.0022283357102423906
1417.9918252845641,0.9947349429130554,0.0022234332282096148
1417.9932141890094,0.9985646605491638,0.002228365046903491
1417.9946030934548,0.9963799715042114,0.0022290670312941074
1417.9959919979008,1.0003771781921387,0.002229749457910657
1417.9973809023468,0.9971184134483337,0.002225182019174099
1417.9987698067923,1.0004141330718994,0.002226328942924738
1418.0001587112092,0.9995813965797424,0.002228856086730957
1418.001547615656,1.0006293058395386,0.0022271955385804176
1418.002936520102,1.0020183324813843,0.002228260040283203
1418.0043254245181,1.0010894536972046,0.0022315040696412325
1418.0057143289641,0.9987563490867615,0.0022239000536501408
1418.007103233381,1.0001511573791504,0.0022260858677327633
1418.0084921378264,0.998824417591095,0.0022257075179368258
1418.0098810422433,0.9976636171340942,0.002226503100246191
1418.0112699466893,0.9979220628738403,0.0022260514087975025
1418.0126588511064,0.9995220303535461,0.002227984368801117
1418.014047755524,0.9971442222595215,0.002225632546469569
1418.01543665997,1.0031166076660156,0.002228337340056896
1418.0168255643862,1.000931739807129,0.002230209531262517
1418.0182144688024,0.997144877910614,0.0022248493041843176
1418.0196033732484,1.0015357732772827,0.002226554322987795
1418.0209922776653,0.995952308177948,0.0022234520874917507
1418.0223811820815,0.9973856210708618,0.002226779703050852
1418.0237700864993,1.0031144618988037,0.002231453312560916
1418.025158990917,1.0011677742004395,0.002227227669209242
1418.0265478953331,0.9988235235214233,0.0022257829550653696
1418.02793679975,0.999265193939209,0.002226546872407198
1418.029325704167,1.0019491910934448,0.0022278584074229
1418.0307146085831,0.9989801645278931,0.0022264893632382154
1418.0321035129994,1.0005308389663696,0.002227968769147992
1418.0334924174163,0.9995763301849365,0.0022278698161244392
1418.034881321804,0.9986618161201477,0.0022265498992055655
1418.036270226221,1.0010573863983154,0.0022284311708062887
1418.0376591306388,0.9989515542984009,0.002229613484814763
1418.0390480350557,1.0038450956344604,0.002232087543234229
1418.0404369394428,0.9989688396453857,0.002225862117484212
1418.0418258438597,1.004945158958435,0.002231413032859564
1418.0432147482766,1.0031615495681763,0.0022306200116872787
1418.0446036526637,0.997908353805542,0.002227249788120389
1418.04599255708,1.00117027759552,0.0022273005452007055
1418.0473814614684,1.00038480758667,0.002229224657639861
1418.048770365886,1.0007258653640747,0.002229459350928664
1418.0501592702733,0.999382734298706,0.0022240898106247187
1418.051548174661,1.001301646232605,0.0022308016195893288
1418.052937079078,0.9977009296417236,0.0022248283494263887
1418.054325983465,1.0034159421920776,0.002229462843388319
1418.055714887853,1.0023443698883057,0.0022317087277770042
1418.0571037922407,1.0003124475479126,0.0022267280146479607
1418.058492696657,1.0010005235671997,0.0022294435184448957
1418.0598816010447,0.9967842698097229,0.0022255550138652325
1418.0612705054332,0.998031497001648,0.0022262060083448887
1418.062659409821,0.9980736970901489,0.0022255757357925177
1418.0640483142083,0.9981974959373474,0.0022280190605670214
1418.0654372185961,0.9999749064445496,0.0022250465117394924
1418.066826122984,0.9984418153762817,0.002228818368166685
1418.068215027371,1.0007600784301758,0.0022280991543084383
1418.0696039317588,1.0010733604431152,0.0022298432886600494
1418.0709928361473,0.9992754459381104,0.0022288390900939703
1418.072381740535,1.001825213432312,0.002229202538728714
1418.073770644893,1.0030357837677002,0.002229216741397977
1418.075159549281,1.0005162954330444,0.0022299783304333687
1418.076548453669,1.0001065731048584,0.0022280002012848854
1418.077937358056,1.0034430027008057,0.002229646546766162
1418.0793262624147,1.0025622844696045,0.0022299031261354685
1418.0807151668025,0.9968324899673462,0.0022247396409511566
1418.0821040711605,1.0019688606262207,0.0022300209384411573
1418.083492975549,1.0017203092575073,0.0022271673660725355
1418.0848818799084,1.0006890296936035,0.0022281520068645477
1418.0862707842955,0.9979181289672852,0.002227621851488948
1418.0876596886535,1.0024889707565308,0.0022303806617856026
1418.0890485930415,0.9995832443237305,0.0022298614494502544
1418.0904374974002,1.0009733438491821,0.0022275850642472506
1418.0918264017582,1.0026004314422607,0.002229848876595497
1418.093215306146,0.9973783493041992,0.002222810871899128
1418.0946042105054,1.0019564628601074,0.002228139666840434
1418.095993114864,1.0024083852767944,0.002227784600108862
1418.0973820192228,1.0006529092788696,0.0022300404962152243
1418.0987709235815,0.999746561050415,0.00222757994197309
1418.1001598279395,1.0013365745544434,0.0022277929820120335
1418.1015487323268,1.001387357711792,0.002230808138847351
1418.1029376366855,0.9993370175361633,0.00222771312110126
1418.1043265410442,1.0010344982147217,0.002227724762633443
1418.105715445373,0.9980966448783875,0.002228110795840621
1418.1071043497325,0.9995301961898804,0.002228404162451625
1418.1084932540919,1.0015571117401123,0.0022263829596340656
1418.1098821584499,0.9948544502258301,0.002225815085694194
1418.1112710628079,0.9981963038444519,0.002227240474894643
1418.1126599671666,0.9988314509391785,0.0022250721231102943
1418.1140488714962,1.004668116569519,0.0022306558676064014
1418.1154377758544,1.0010766983032227,0.0022299049887806177
1418.116826680213,0.9993438124656677,0.0022274446673691273
1418.1182155845433,1.001903772354126,0.00223095272667706
1418.119604488902,0.9995259046554565,0.002227901015430689
1418.1209933932316,1.0022740364074707,0.0022297895047813654
1418.1223822975903,1.0010179281234741,0.002231308026239276
1418.1237712019192,1.0034511089324951,0.002234330866485834
1418.1251601062772,1.0011428594589233,0.00222812220454216
1418.1265490106068,0.9986552596092224,0.002225904492661357
1418.1279379149657,0.9989175796508789,0.0022284616716206074
1418.1293268192946,1.0013985633850098,0.002230072859674692
1418.130715723625,1.0012667179107666,0.002229162026196718
1418.1321046279843,1.0039488077163696,0.002229994861409068
1418.1334935323132,1.0007140636444092,0.002229616977274418
1418.1348824366428,1.0014564990997314,0.002230173209682107
1418.1362713409724,1.0006866455078125,0.002228889847174287
1418.1376602453013,1.0015853643417358,0.00222782208584249
1418.1390491496302,0.9957289695739746,0.0022265110164880753
1418.14043805396,0.9963567852973938,0.0022255557123571634
1418.1418269582903,0.9979532957077026,0.00222745887003839
1418.1432158626199,0.9999935626983643,0.0022290945053100586
1418.1446047669494,0.9983323216438293,0.0022265848238021135
1418.145993671279,0.9980028867721558,0.0022256183438003063
1418.147382575608,1.0033235549926758,0.00223098648712039
1418.1487714799375,1.0008180141448975,0.002227058168500662
1418.150160384238,1.0022878646850586,0.002227338496595621
1418.151549288567,1.0016435384750366,0.0022283298894762993
1418.1529381928965,1.0001945495605469,0.0022325203754007816
1418.154327097198,0.9992853403091431,0.0022285007871687412
1418.1557160015275,1.002089500427246,0.002228939440101385
1418.1571049058564,0.9997384548187256,0.0022293133661150932
1418.1584938101569,0.9976012110710144,0.002224501222372055
1418.1598827144865,0.9976093173027039,0.002226369921118021
1418.1612716187863,1.0001444816589355,0.002229954581707716
1418.1626605231158,1.0048695802688599,0.002232818864285946
1418.1640494274163,1.000879168510437,0.002229191130027175
1418.165438331717,0.9983715415000916,0.0022276691161096096
1418.1668272360466,0.9973680377006531,0.002226922893896699
1418.168216140347,0.999855101108551,0.002228102181106806
1418.1696050446476,0.9990079998970032,0.002230187878012657
1418.1709939489474,0.9995571374893188,0.002228457946330309
1418.172382853277,0.9995437264442444,0.0022283396683633327
1418.1737717575775,1.000429630279541,0.002228548051789403
1418.1751606618773,1.0019887685775757,0.0022284691222012043
1418.1765495661787,1.0012450218200684,0.002230205340310931
1418.1779384704798,1.0011812448501587,0.002228939440101385
1418.1793273747796,1.0014011859893799,0.0022291410714387894
1418.1807162790794,0.9984584450721741,0.002228682627901435
1418.18210518338,0.9993110299110413,0.0022285471204668283
1418.1834940876804,0.9954631328582764,0.002226454671472311
1418.1848829919802,1.0014855861663818,0.002229087520390749
1418.1862718962516,0.9993309378623962,0.0022280446719378233
1418.187660800552,1.0041520595550537,0.002232263796031475
1418.1890497048526,1.0032695531845093,0.002229653764516115
1418.190438609154,1.0024205446243286,0.0022306519094854593
1418.1918275134253,1.000834584236145,0.0022265801671892405
1418.1932164177251,1.0022650957107544,0.002229808596894145
1418.1946053219958,1.002181887626648,0.002227872610092163
1418.1959942262963,0.9992752075195312,0.0022274302318692207
1418.1973831305677,1.002228021621704,0.002231184160336852
1418.1987720348675,0.9973217248916626,0.0022272998467087746
1418.2001609391396,1.0018348693847656,0.0022283224388957024
1418.2015498434407,0.998386800289154,0.0022266979794949293
1418.2029387477116,1.0011423826217651,0.002231048420071602
1418.204327651983,0.9963614344596863,0.0022256127558648586
1418.2057165562835,1.000580072402954,0.002228879602625966
1418.2071054605542,1.0011661052703857,0.0022286835592240095
1418.208494364825,0.9973248243331909,0.0022266858723014593
1418.2098832690963,0.9974247217178345,0.002225839998573065
1418.2112721733974,1.0023317337036133,0.0022301680874079466
1418.2126610776688,1.003496766090393,0.002229022327810526
1418.2140499819402,1.0011250972747803,0.0022308097686618567
1418.2154388862116,0.9985619783401489,0.0022289666812866926
1418.2168277904823,1.0004702806472778,0.002228973899036646
1418.2182166947532,1.0019845962524414,0.002229206496849656
1418.2196055990246,1.002424955368042,0.002229692181572318
1418.2209945032669,1.0002598762512207,0.002227433957159519
1418.2223834075376,0.9981931447982788,0.0022263985592871904
1418.2237723118096,1.0013582706451416,0.0022283124271780252
1418.2251612160817,0.9987286329269409,0.0022290232591331005
1418.2265501203524,0.9976766109466553,0.002226945012807846
1418.2279390245947,0.9977801442146301,0.002226313343271613
1418.2293279288663,1.000002384185791,0.002224423922598362
1418.2307168331079,1.0017054080963135,0.002229483565315604
1418.2321057373786,0.9976755976676941,0.002225674455985427
1418.23349464165,0.99571692943573,0.0022248385939747095
1418.234883545893,0.9993299841880798,0.002227666089311242
1418.2362724501643,1.0021677017211914,0.0022312807850539684
1418.2376613544066,0.9992173314094543,0.0022302891593426466
1418.2390502586488,0.995330274105072,0.0022257096134126186
1418.2404391629195,1.0030678510665894,0.002228457946330309
1418.241828067162,0.9981895685195923,0.002226252807304263
1418.2432169714043,1.0015692710876465,0.0022282693535089493
1418.244605875675,1.0011036396026611,0.0022279545664787292
1418.2459947799166,0.9990551471710205,0.0022294032387435436
1418.2473836841596,1.0037860870361328,0.0022319538984447718
1418.2487725884025,1.002376675605774,0.0022286379244178534
1418.250161492644,1.0006598234176636,0.002228312660008669
1418.2515503968864,0.9991579055786133,0.0022287622559815645
1418.2529393011287,1.0037881135940552,0.00223022629506886
1418.2543282053703,0.9969601631164551,0.002225755015388131
1418.2557171096125,0.9967117309570312,0.002226721728220582
1418.257106013855,1.0007083415985107,0.002230345970019698
1418.2584949180973,1.0037723779678345,0.0022309732157737017
1418.2598838223396,0.9998117685317993,0.0022269871551543474
1418.2612727265528,0.9982889294624329,0.00222626025788486
1418.262661630795,1.0039035081863403,0.002230386482551694
1418.2640505350366,1.0011112689971924,0.0022276181261986494
1418.265439439279,0.9969170093536377,0.0022277729585766792
1418.266828343492,0.9966403841972351,0.0022265950683504343
1418.2682172477337,1.0040634870529175,0.002230127574875951
1418.2696061519478,1.000991702079773,0.0022275683004409075
1418.2709950561907,1.0028390884399414,0.002230025129392743
1418.2723839604032,1.0015888214111328,0.002229228150099516
1418.2737728646448,0.9961826801300049,0.0022273706272244453
1418.275161768858,1.0000102519989014,0.0022273624781519175
1418.2765506731002,0.9973970055580139,0.0022294323425740004
1418.2779395773127,0.9984100461006165,0.0022271256893873215
1418.279328481526,0.996574342250824,0.0022255501244217157
1418.2807173857393,0.9995198249816895,0.0022273764479905367
1418.2821062899816,1.0030226707458496,0.002229598816484213
1418.2834951941954,1.0003256797790527,0.0022286002058535814
1418.2848840984086,1.0012179613113403,0.0022290805354714394
1418.286273002621,0.9993277788162231,0.002230612561106682
1418.2876619068336,1.00081205368042,0.0022287960164248943
1418.2890508110468,1.0007655620574951,0.0022291066125035286
1418.29043971526,0.9992145895957947,0.002229155972599983
1418.2918286194724,0.9970763921737671,0.0022281170822679996
1418.2932175236863,0.998602569103241,0.0022270462941378355
1418.2946064279004,1.0004725456237793,0.0022275729570537806
1418.2959953321129,1.0007367134094238,0.0022300761193037033
1418.297384236326,1.0017892122268677,0.0022280963603407145
1418.29877314051,1.0014599561691284,0.0022293790243566036
1418.3001620447226,0.9998161792755127,0.0022271256893873215
1418.3029398531482,0.9973269701004028,0.0022259652614593506
1418.304328757333,0.999110996723175,0.002229682169854641
1418.3057176615464,1.0027717351913452,0.0022304230369627476
1418.3071065657305,1.0048285722732544,0.002233068458735943
1418.3084954699436,0.9975106120109558,0.002226799027994275
1418.309884374127,1.0018103122711182,0.002228260040283203
1418.3112732783402,1.0027778148651123,0.0022310789208859205
1418.3126621825243,0.9977622628211975,0.002226879121735692
1418.3140510867077,1.000390648841858,0.0022295531816780567
1418.3154399909201,0.9996574521064758,0.0022272809874266386
1418.316828895105,0.9979863166809082,0.0022267187014222145
1418.3182177992896,1.0022189617156982,0.002229822101071477
1418.3196067034733,0.9989191293716431,0.002228847937658429
1418.3209956076864,1.0006957054138184,0.0022280621342360973
1418.3223845118705,0.9970777630805969,0.002225493313744664
1418.3237734160539,0.9989064335823059,0.002229183679446578
1418.3251623202373,1.0010449886322021,0.0022295869421213865
1418.3265512244213,0.9999966621398926,0.0022273168433457613
1418.327940128606,1.0002020597457886,0.0022275452502071857
1418.3293290327902,1.00146484375,0.0022298465482890606
1418.3307179369742,1.0006582736968994,0.0022277426905930042
1418.3321068411585,1.0025274753570557,0.00223028683103621
1418.3334957453128,0.999952495098114,0.002227131277322769
1418.3348846494969,0.9966527223587036,0.0022254986688494682
1418.336273553681,1.0017215013504028,0.002230923855677247
1418.3376624578643,0.9964582324028015,0.0022263729479163885
1418.3390513620186,1.0010164976119995,0.002229249570518732
1418.3404402662034,1.0015952587127686,0.0022304332815110683
1418.341829170388,1.0002864599227905,0.002227617194876075
1418.3432180745424,1.0000523328781128,0.00223078322596848
1418.3446069787267,1.0010390281677246,0.002228200202807784
1418.3459958828817,1.0012599229812622,0.002230819081887603
1418.347384787036,1.000013828277588,0.002227540360763669
1418.34877369122,0.9990841150283813,0.0022285243030637503
1418.350162595375,1.0017378330230713,0.0022292493376880884
1418.351551499559,1.0004401206970215,0.0022281091660261154
1418.352940403714,0.9989848136901855,0.002227365504950285
1418.354329307869,0.997885525226593,0.0022304742597043514
1418.355718212024,1.000542402267456,0.002228077733889222
1418.3571071162075,1.001885175704956,0.0022289357148110867
1418.3584960203625,0.9995043277740479,0.0022269359324127436
1418.3598849245175,0.997428834438324,0.0022279282566159964
1418.3612738286718,1.0010324716567993,0.0022294935770332813
1418.3626627328274,0.9968751668930054,0.0022286714520305395
1418.364051636983,1.0003769397735596,0.0022279706317931414
1418.3654405411373,0.9992302060127258,0.002228830475360155
1418.3668294452916,1.0036641359329224,0.0022321385331451893
1418.3682183494466,0.9997907876968384,0.002226335695013404
1418.3696072535724,0.9977973699569702,0.0022266595624387264
1418.370996157727,1.0004589557647705,0.002227043965831399
1418.372385061882,1.0016766786575317,0.0022309436462819576
1418.3737739660369,0.9996494054794312,0.002230495447292924
1418.3751628701627,0.9999970197677612,0.002227683085948229
1418.3765517743184,1.0021246671676636,0.0022288465406745672
1418.3779406784734,1.000381588935852,0.0022296190727502108
1418.3793295825985,0.9983506202697754,0.0022272667847573757
1418.3807184867528,1.0011451244354248,0.0022290220949798822
1418.3821073908787,0.9994585514068604,0.0022279606200754642
1418.3834962950339,0.9937816858291626,0.002222873969003558
1418.384885199159,1.0001792907714844,0.0022273596841841936
1418.3862741032856,1.0028876066207886,0.0022316889371722937
1418.3876630074412,0.9991265535354614,0.002228274242952466
1418.3890519115664,1.0044195652008057,0.002230934100225568
1418.3904408156923,1.0000652074813843,0.0022275131195783615
1418.3918297198181,1.0016939640045166,0.002229730598628521
1418.3932186239724,0.9989637732505798,0.002227242337539792
1418.3946075280976,0.9992709159851074,0.002230255166068673
1418.3959964322237,1.0008890628814697,0.002229488454759121
1418.3973853363502,1.0030406713485718,0.0022306351456791162
1418.398774240476,0.9966591596603394,0.0022253391798585653
1418.400163144602,1.0004870891571045,0.0022293173242360353
1418.4015520487278,1.004644513130188,0.0022320072166621685
1418.402940952853,0.994425892829895,0.002225847216323018
1418.4043298569788,1.0004805326461792,0.002226627431809902
1418.4057187611047,0.9995298981666565,0.002229327568784356
1418.4071076652008,1.0019183158874512,0.002229071455076337
1418.4084965693262,0.9976854920387268,0.0022268658503890038
1418.4098854734527,1.0021214485168457,0.0022306714672595263
1418.4112743775793,0.9983667731285095,0.0022271955385804176
1418.4126632816753,0.9997531771659851,0.002228516386821866
1418.4140521858012,1.0020214319229126,0.002227739430963993
1418.415441089898,0.9994012117385864,0.002227845834568143
1418.4168299940231,0.9982596635818481,0.0022302621509879827
1418.41821889812,0.9991907477378845,0.002228827215731144
1418.4196078022458,0.9982948303222656,0.0022282670252025127
1418.4209967063427,0.9983013868331909,0.002226703567430377
1418.4223856104686,0.9984041452407837,0.0022270362824201584
1418.4237745145654,0.9997268319129944,0.0022297704126685858
1418.4251634186621,1.0029716491699219,0.002230848651379347
1418.4265523227582,1.0010480880737305,0.0022303087171167135
1418.427941226884,1.0030009746551514,0.0022321422584354877
1418.4293301309808,0.9999526143074036,0.0022278958931565285
1418.430719035077,1.002378225326538,0.0022297159302979708
1418.4321079391736,0.9996742010116577,0.0022292244248092175
1418.433496843271,1.0007915496826172,0.002229145262390375
1418.434885747368,1.0005583763122559,0.002229095436632633
1418.4362746514641,1.0015934705734253,0.00222938135266304
1418.437663555561,1.0020314455032349,0.0022300658747553825
1418.4390524596577,0.994615912437439,0.0022248285822570324
1418.4404413637537,0.9991385340690613,0.0022278432734310627
1418.4418302678505,0.9997236132621765,0.0022291855420917273
1418.4432191719472,0.9984756708145142,0.00222646608017385
1418.444608076015,0.9974805116653442,0.0022273280192166567
1418.4459969801117,0.9979525804519653,0.002226519864052534
1418.4473858842086,1.0000393390655518,0.0022286816965788603
1418.4487747882763,0.9949274659156799,0.0022260290570557117
1418.4501636923724,0.9980491399765015,0.002226646291092038
1418.4515525964691,1.0008195638656616,0.002229758072644472
1418.4529415005368,1.0025403499603271,0.002230470534414053
1418.4543304046329,0.9996028542518616,0.0022310051135718822
1418.4557193087012,0.9956826567649841,0.0022254888899624348
1418.4571082127695,0.9998230934143066,0.002228031400591135
1418.4584971168656,1.0008212327957153,0.002229631645604968
1418.4598860209328,0.9990953803062439,0.002229084027931094
1418.4612749250005,0.9980205297470093,0.002227748977020383
1418.4626638290972,0.9962246417999268,0.002225954085588455
1418.4640527331642,0.9968165755271912,0.0022269594483077526
1418.4654416372318,0.9999086856842041,0.0022296286188066006
1418.4668305413002,0.9982185363769531,0.002226470736786723
1418.4682194453678,0.9989699125289917,0.002227779245004058
1418.4696083494355,1.0012705326080322,0.0022295252420008183
1418.4709972535031,0.9997576475143433,0.0022285268642008305
1418.47238615757,1.0010926723480225,0.002231769962236285
1418.4737750616373,0.9966562390327454,0.0022266823798418045
1418.475163965705,0.996907651424408,0.002227802760899067
1418.4765528697726,0.9980112314224243,0.002229312201961875
1418.4779417738403,0.9991335272789001,0.0022314023226499557
1418.4793306779086,0.9984233379364014,0.0022302069701254368
1418.4807195819471,0.9962897300720215,0.002228331286460161
1418.482108486014,1.001460313796997,0.002230182057246566
1418.4834973900818,0.9978804588317871,0.0022324274759739637
1418.4848862941205,1.003112554550171,0.00223285099491477
1418.4862751981875,0.9990439414978027,0.002228231867775321
1418.4876641022545,0.9991852045059204,0.0022289021871984005
1421.2140801373844,0.9980800151824951,0.0022191081661731005
1421.215469038426,0.9960010647773743,0.0022137125488370657
1421.2168579394959,0.9985619783401489,0.002215397311374545
1421.2182468405367,0.9992775321006775,0.002215796383097768
1421.2196357416067,1.0013561248779297,0.002215711399912834
1421.2210246426469,1.0011605024337769,0.002215353073552251
1421.222413543717,0.9964973330497742,0.002216837601736188
1421.223802444758,1.007035732269287,0.0022176241036504507
1421.2251913457987,0.9992021918296814,0.00221430417150259
1421.2265802468396,0.9958340525627136,0.0022108913399279118
1421.2279691478805,0.9991143345832825,0.002212272956967354
1421.2293580489213,1.001535177230835,0.002215741900727153
1421.2307469499615,0.9980141520500183,0.002213073428720236
1421.2321358510023,0.9999530911445618,0.0022156075574457645
1421.233524752014,0.9989945888519287,0.0022113786544650793
1421.234913653055,1.000697135925293,0.002212325343862176
1421.2363025540967,0.9989777207374573,0.00221218541264534
1421.2376914551085,0.9950347542762756,0.002208980266004801
1421.2390803561195,0.9988816380500793,0.0022126080002635717
1421.2404692571597,0.9996398091316223,0.0022116266191005707
1421.2418581581715,0.9991668462753296,0.0022121653892099857
1421.2432470591832,1.003443956375122,0.002214350737631321
1421.2446359601943,0.9972642660140991,0.002212755847722292
1421.2460248612067,0.9989980459213257,0.002213632920756936
1421.2474137622191,1.0014092922210693,0.0022140471264719963
1421.2488026632304,0.9987137317657471,0.0022122212685644627
1421.2501915642422,0.9953152537345886,0.002211101120337844
1421.251580465254,0.9996557831764221,0.002212137682363391
1421.252969366265,1.0018216371536255,0.0022158194333314896
1421.254358267247,0.9992205500602722,0.002211583312600851
1421.2557471682594,0.9992306232452393,0.002214564708992839
1421.2571360692427,1.002264142036438,0.0022130447905510664
1421.2585249702247,0.9998995065689087,0.0022129334975034
1421.2599138712364,1.002097249031067,0.0022129975259304047
1421.2613027722193,1.0026228427886963,0.002213940257206559
1421.2626916732013,1.0003471374511719,0.002216202672570944
1421.2654694751666,0.9980925917625427,0.002212557243183255
1421.2668583761492,0.9993463158607483,0.002213297178968787
1421.2682472771319,1.0037389993667603,0.002215477405115962
1421.2696361781145,0.9998356103897095,0.0022137353662401438
1421.27241398005,0.9997796416282654,0.002212886232882738
1421.273802881033,0.9998604655265808,0.002214501379057765
1421.2751917819865,1.0010595321655273,0.002213293919339776
1421.27658068294,0.9953925609588623,0.002209838479757309
1421.2779695839233,1.0032687187194824,0.002217932604253292
1421.2793584848769,1.0015848875045776,0.0022141500376164913
1421.2807473858297,0.9985476136207581,0.002216000109910965
1421.2821362867826,1.0011850595474243,0.0022131232544779778
1421.2835251877361,1.0014156103134155,0.002213955856859684
1421.2849140886897,0.9944776892662048,0.0022116287145763636
1421.2863029896432,1.000186562538147,0.002215891145169735
1421.2876918905977,0.9995577335357666,0.002212327206507325
1421.289080791522,1.0024425983428955,0.0022166057024151087
1421.290469692475,1.0024447441101074,0.002218556357547641
1421.2918585934285,1.0059208869934082,0.0022192634642124176
1421.293247494353,0.9988902807235718,0.00221436470746994
1421.2946363953058,0.9982415437698364,0.0022152485325932503
1421.2960252962296,1.004137635231018,0.0022216581273823977
1421.2974141971547,1.000250220298767,0.002217855304479599
1421.2988030980798,0.9981023669242859,0.002212880179286003
1421.3001919990038,1.0012266635894775,0.0022172953467816114
1421.3015808999282,0.9984940886497498,0.002216518856585026
1421.3029698008527,1.0040831565856934,0.002221167553216219
1421.3043587017764,0.997981071472168,0.002215279033407569
1421.3057476027009,1.000181794166565,0.0022191787138581276
1421.307136503626,1.0012480020523071,0.002220272086560726
1421.3085254045213,1.0024839639663696,0.0022200269158929586
1421.309914305445,1.0036088228225708,0.0022190308663994074
1421.3113032063404,1.005585789680481,0.0022218520753085613
1421.312692107265,0.9995537400245667,0.0022176969796419144
1421.3140810081597,0.9964951872825623,0.002215022686868906
1421.315469909055,1.0000061988830566,0.0022172536700963974
1421.3168588099802,1.0033745765686035,0.0022193430922925472
1421.3182477108755,1.0008960962295532,0.0022213372867554426
1421.3196366117702,1.0030829906463623,0.002218081383034587
1421.3210255126655,0.9997705221176147,0.0022172494791448116
1421.3224144135609,1.0036174058914185,0.0022214266937226057
1421.3238033144264,1.0015034675598145,0.002217193366959691
1421.325192215322,1.0028541088104248,0.0022184960544109344
1421.3265811162173,1.0020004510879517,0.00221962109208107
1421.3279700170835,1.0016330480575562,0.002218846930190921
1421.3293589179796,1.003475546836853,0.002221068600192666
1421.3307478188458,1.0000114440917969,0.002215510932728648
1421.3321367197404,1.0016529560089111,0.0022183700930327177
1421.333525620606,1.0039397478103638,0.0022218411322683096
1421.3349145214722,1.0002902746200562,0.0022199249360710382
1421.3363034223385,1.001953125,0.0022182483226060867
1421.3376923232047,1.0004311800003052,0.002216467633843422
1421.3390812240718,1.0004832744598389,0.002217537723481655
1421.340470124938,0.9993312954902649,0.0022137088235467672
1421.3418590258036,1.0020077228546143,0.002216945867985487
1421.3432479266698,1.0009217262268066,0.00221812236122787
1421.344636827507,1.0004496574401855,0.0022166508715599775
1421.3460257283725,1.0003668069839478,0.0022168001160025597
1421.347414629209,1.0004998445510864,0.0022167214192450047
1421.3488035300759,1.0031434297561646,0.0022183291148394346
1421.350192430914,1.0019389390945435,0.0022171877790242434
1421.3515813317504,1.002440333366394,0.00222259690053761
1421.3529702326166,0.9996595978736877,0.0022154240868985653
1421.3543591334537,0.9986329078674316,0.0022145616821944714
1421.3557480342902,1.0083775520324707,0.002220179419964552
1421.3571369351273,1.0032825469970703,0.0022201286628842354
1421.358525835936,0.9987424612045288,0.0022174399346113205
1421.3599147367731,1.003745675086975,0.002221102826297283
1421.3613036376096,0.9983092546463013,0.002213752130046487
1421.3626925384467,0.9993563890457153,0.0022137854248285294
1421.364081439255,1.0031065940856934,0.0022162706591188908
1421.3654703400914,1.0005836486816406,0.002217893721535802
1421.3668592408994,0.9988834261894226,0.002216424560174346
1421.3682481417081,1.0064430236816406,0.002220179419964552
1421.3696370425453,1.0000635385513306,0.0022155218757689
1421.3710259433533,1.000718116760254,0.002214974258095026
1421.3724148441613,1.001139760017395,0.0022181873209774494
1421.3738037449687,1.0033777952194214,0.0022177649661898613
1421.375192645776,1.0002037286758423,0.0022152659948915243
1421.3765815465842,1.0010266304016113,0.0022170254960656166
1421.3779704473632,1.0008082389831543,0.0022156196646392345
1421.3793593481712,0.9985373616218567,0.002214505337178707
1421.38074824898,1.0018179416656494,0.002217701403424144
1421.3821371497588,0.999279260635376,0.002216341206803918
1421.3835260505662,1.0045156478881836,0.002219135407358408
1421.384914951345,1.002565622329712,0.0022174513433128595
1421.386303852153,1.0028268098831177,0.0022173968609422445
1421.3876927529316,1.003127932548523,0.0022171568125486374
1421.3890816537105,0.9988549947738647,0.002216505352407694
1421.39047055449,1.0044702291488647,0.002219201996922493
1421.391859455269,1.0002186298370361,0.002215189393609762
1421.3932483560473,1.0018622875213623,0.002216760301962495
1421.3946372568262,1.0020262002944946,0.0022170180454850197
1421.396026157605,1.0043542385101318,0.0022192385513335466
1421.3974150583542,0.9994795918464661,0.002214995911344886
1421.3988039591338,1.0027592182159424,0.0022164855618029833
1421.4001928598846,1.0028636455535889,0.0022172718308866024
1421.4015817606628,1.001657485961914,0.0022216993384063244
1421.402970661412,1.0032825469970703,0.002218835987150669
1421.4043595621617,1.0020897388458252,0.0022196562495082617
1421.4057484629407,1.004468560218811,0.002218433655798435
1421.4071373636898,0.9993959069252014,0.002216871129348874
1421.4085262644396,1.0021717548370361,0.0022187919821590185
1421.4099151651901,0.9987573623657227,0.0022168373689055443
1421.41130406594,1.0026862621307373,0.0022188147995620966
1421.4126929666897,1.004305124282837,0.0022235873620957136
1421.4140818674107,1.0020246505737305,0.002218962647020817
1421.4154707681598,0.9964401721954346,0.002215123502537608
1421.4168596688799,1.0041073560714722,0.0022221251856535673
1421.4182485696297,1.000866413116455,0.002218604553490877
1421.419637470351,0.9992170333862305,0.0022196408826857805
1421.4210263711009,1.0049057006835938,0.0022238490637391806
1421.4224152718216,1.001781702041626,0.0022194639313966036
1421.4238041725423,1.006014108657837,0.0022237407974898815
1421.4251930732623,1.0016741752624512,0.0022218574304133654
1421.4265819739826,0.9991371035575867,0.0022193067707121372
1421.4279708747033,1.0024631023406982,0.0022211524192243814
1421.4293597754247,0.9980064630508423,0.002220690716058016
1421.4307486761454,1.0003069639205933,0.002219951245933771
1421.4321375768661,1.005193829536438,0.0022234164644032717
1421.4335264775577,1.0014270544052124,0.0022205375134944916
1421.4349153782778,0.9990388751029968,0.0022200127132236958
1421.4363042789694,1.0030088424682617,0.0022230148315429688
1421.43769317969,1.0031644105911255,0.002223350340500474
1421.4390820803812,0.9995193481445312,0.0022207528818398714
1421.4404709810728,1.0023784637451172,0.00222504953853786
1421.4418598817651,1.0033632516860962,0.0022238618694245815
1421.4432487824567,0.9977385997772217,0.0022191957104951143
1421.4446376831477,1.0003162622451782,0.0022232418414205313
1421.4460265838393,1.0036959648132324,0.002226304728537798
1421.447415484531,1.0027477741241455,0.0022231468465179205
1421.4488043852218,1.0018254518508911,0.0022241761907935143
1421.450193285885,1.0003360509872437,0.00222218269482255
1421.4515821865775,1.0023106336593628,0.0022226786240935326
1421.4529710872685,1.0001415014266968,0.002221881877630949
1421.4543599879303,0.999808132648468,0.0022224201820790768
1421.4557488885928,0.9989049434661865,0.002222564071416855
1421.4571377892844,1.0057201385498047,0.0022266823798418045
1421.4585266899462,1.0012928247451782,0.002224969444796443
1421.4599155906094,1.0018378496170044,0.0022253936622291803
1421.4613044912726,1.0025739669799805,0.00222484371624887
1421.4626933919344,1.0023410320281982,0.0022250686306506395
1421.464082292597,1.0025898218154907,0.0022252558264881372
1421.4654711932305,1.0014740228652954,0.0022267785388976336
1421.4668600938924,1.0057107210159302,0.002228982513770461
1421.4682489945542,1.0041145086288452,0.0022268525790423155
1421.4696378951876,0.9993628859519958,0.00222208583727479
1421.4710267958508,1.000863790512085,0.0022237456869333982
1421.4724156964842,1.0016435384750366,0.0022256383672356606
1421.4738045971176,1.0003799200057983,0.00222219480201602
1421.47519349778,0.9984853863716125,0.0022217570804059505
1421.4765823984128,1.0059938430786133,0.0022285934537649155
1421.4779712990464,1.0046567916870117,0.0022278267424553633
1421.4793601996798,1.0017820596694946,0.0022276819217950106
1421.4807491003132,1.003186821937561,0.0022274174261838198
1421.4821380009466,1.005561351776123,0.002226980170235038
1421.483526901551,1.0038836002349854,0.002224392956122756
1421.4849158021843,1.0002822875976562,0.0022229261230677366
1421.486304702788,1.0061250925064087,0.0022290670312941074
1421.4876936034213,1.0027931928634644,0.002224321011453867
1421.4890825040259,0.9994592666625977,0.0022221545223146677
1421.4904714046593,0.9991466999053955,0.0022236064542084932
1421.4918603052643,1.0026917457580566,0.0022243401035666466
1421.4932492058686,1.0042134523391724,0.00222791894339025
1421.4946381064722,0.9988611936569214,0.0022232115734368563
1421.4960270070758,1.001754879951477,0.0022232586052268744
1421.49741590768,1.0006248950958252,0.0022233151830732822
1421.4988048082844,1.0009419918060303,0.0022252362687140703
1421.500193708888,1.0008360147476196,0.002227653982117772
1421.5015826094639,1.002084732055664,0.002224146854132414
1421.502971510069,0.9999672770500183,0.002221526810899377
1421.5043604106436,1.0024336576461792,0.002225348260253668
1421.5057493112479,1.0039862394332886,0.0022266358137130737
1421.507138211823,1.0024443864822388,0.0022250711917877197
1421.5085271123976,1.0061463117599487,0.0022273364011198282
1421.5099160130012,1.0022718906402588,0.0022247375454753637
1421.511304913577,1.0024776458740234,0.0022263755090534687
1421.512693814153,1.0015625953674316,0.00222484627738595
1421.5140827147277,1.002465009689331,0.002226940356194973
1421.5154716153029,1.0047448873519897,0.002226033015176654
1421.516860515849,1.0043259859085083,0.0022271559573709965
1421.5182494164235,0.999573290348053,0.0022211321629583836
1421.5196383169987,1.0039578676223755,0.002228859579190612
1421.5210272175455,1.0017461776733398,0.0022261040285229683
1421.5224161181206,1.0050500631332397,0.0022272514179348946
1421.523805018666,1.002630591392517,0.002224622294306755
1421.5251939192121,1.0003162622451782,0.002223638352006674
1421.5265828197582,0.9999902248382568,0.0022241403348743916
1421.527971720333,0.9991093277931213,0.002222794573754072
1421.529360620879,1.0028053522109985,0.002224271185696125
1421.5307495213967,1.0042498111724854,0.002229523379355669
1421.5321384219428,1.0023704767227173,0.002223458606749773
1421.5335273224882,0.9981237649917603,0.0022238842211663723
1421.5349162230343,1.00117826461792,0.002226397627964616
1421.5363051235513,0.9980316162109375,0.002225362230092287
1421.5376940240967,1.0009695291519165,0.0022245435975492
1421.5390829246137,1.002342700958252,0.0022240134421736
1421.54047182516,1.0032423734664917,0.00222612451761961
1421.541860725677,1.0031384229660034,0.002227653982117772
1421.5432496261947,1.001989722251892,0.0022243827115744352
1421.5446385267117,0.9984811544418335,0.0022228220477700233
1421.546027427228,1.0002080202102661,0.002224183641374111
1421.5474163277443,0.9976438283920288,0.002222278155386448
1421.5488052282612,1.0001657009124756,0.0022251135669648647
1421.5501941287782,0.9990668892860413,0.0022225824650377035
1421.5515830292954,1.0028231143951416,0.002226173644885421
1421.554360830301,1.0026121139526367,0.002226474927738309
1421.5557497307882,1.0003927946090698,0.002224595518782735
1421.5571386313052,0.9998145699501038,0.0022264455910772085
1421.558527531793,1.0046199560165405,0.002227140124887228
1421.5599164322803,1.0031113624572754,0.0022286816965788603
1421.5613053327681,0.9992900490760803,0.0022231482435017824
1421.5626942332567,0.9996010065078735,0.002225397154688835
1421.5640831337448,0.9989644885063171,0.002226148033514619
1421.565472034232,0.9983307719230652,0.00222221901640296
1421.56686093472,0.998711884021759,0.002222748240455985
1421.5682498352078,1.0016133785247803,0.0022279485128819942
1421.5696387356659,1.002083420753479,0.0022269689943641424
1421.5710276361538,1.0005156993865967,0.002223944291472435
1421.5724165366132,1.002595067024231,0.002227715915068984
1421.573805437101,1.0044618844985962,0.0022263030987232924
1421.5751943375592,1.0058643817901611,0.0022288018371909857
1421.576583238018,1.0042563676834106,0.002227074233815074
1421.5779721384768,0.9968502521514893,0.0022250714246183634
1421.579361038935,0.9983623623847961,0.002222728217020631
1421.5807499393939,0.9986793398857117,0.0022242621053010225
1421.5821388398533,1.0008467435836792,0.0022232974879443645
1421.583527740312,0.9997446537017822,0.002224393654614687
1421.5849166407709,1.0080572366714478,0.002227747580036521
1421.5863055412005,1.0016618967056274,0.002227245829999447
1421.5876944416586,0.9979903101921082,0.002221666509285569
1421.5890833420876,0.9994825720787048,0.002224460942670703
1421.5904722425464,1.0005478858947754,0.0022239654790610075
1421.591861142977,1.0057156085968018,0.0022275589872151613
1421.5932500434067,1.0038061141967773,0.002227632561698556
1421.5946389438363,0.9992529153823853,0.0022256874945014715
1421.596027844266,1.0003864765167236,0.0022248614113777876
1421.597416744695,1.0023642778396606,0.0022256067022681236
1421.5988056451247,1.0022375583648682,0.0022272909991443157
1421.6001945455544,0.9990293383598328,0.0022226455621421337
1421.6015834459834,1.0029783248901367,0.0022261326666921377
1421.6029723463841,1.0027581453323364,0.0022257408127188683
1421.6043612468145,0.9973558187484741,0.0022228709422051907
1421.605750147215,1.0029598474502563,0.002226784359663725
1421.607139047615,1.0025904178619385,0.002225514966994524
1421.6085279480446,1.0056058168411255,0.002227016491815448
1421.6099168484452,1.0046484470367432,0.0022293434012681246
1421.611305748845,1.0003794431686401,0.0022254621144384146
1421.6126946492464,1.0020140409469604,0.002225881675258279
1421.6140835496476,1.0072520971298218,0.002230108017101884
1421.6154724500477,1.0005133152008057,0.002224055351689458
1421.6168613504476,1.0024925470352173,0.002228623488917947
1421.618250250819,1.0011104345321655,0.002228792756795883
1421.6196391512196,1.000333309173584,0.0022246527951210737
1421.6210280515904,1.0010353326797485,0.002223949646577239
1421.6224169519917,1.000510811805725,0.002223063725978136
1421.6238058523638,1.004351019859314,0.002227488672360778
1421.6251947527346,1.001502275466919,0.0022248015739023685
1421.626583653106,1.0054421424865723,0.0022317904513329268
1421.6279725534775,1.0034323930740356,0.0022258562967181206
1421.6293614538486,1.0020167827606201,0.0022229733876883984
1421.6307503542193,1.0030866861343384,0.002226960612460971
1421.6321392545915,0.9986221790313721,0.00222418992780149
1421.6335281549636,0.9997973442077637,0.0022234509233385324
1421.6349170553344,1.0025056600570679,0.0022280521225184202
1421.6363059556768,0.9985626339912415,0.0022237561643123627
1421.6376948560483,0.9992732405662537,0.0022235435899347067
1421.63908375639,1.0030661821365356,0.0022262781858444214
1421.6404726567316,1.0000767707824707,0.0022256202064454556
1421.641861557103,1.0021843910217285,0.0022262991406023502
1421.6432504574464,1.0020798444747925,0.0022247822489589453
1421.6446393577887,0.9999036192893982,0.002222564769908786
1421.646028258131,1.0003622770309448,0.0022236390504986048
1421.6474171584734,1.0021238327026367,0.0022258253302425146
1421.648806058786,1.0030791759490967,0.002227526856586337
1421.6501949591284,1.000802755355835,0.0022269655019044876
1421.6515838594707,1.0040124654769897,0.0022282160352915525
1421.6529727597842,1.0022815465927124,0.002228197641670704
1421.6543616601266,1.000821828842163,0.002225652802735567
1421.6557505604399,1.0008753538131714,0.002225342206656933
1421.6571394607531,1.0001633167266846,0.002225805539637804
1421.6585283610657,1.0026710033416748,0.002229083329439163
1421.659917261408,0.9984986782073975,0.0022282907739281654
1421.6613061617213,0.9992392659187317,0.002227465622127056
1421.6626950620055,0.9995259046554565,0.0022248984314501286
1421.6640839623194,1.0028431415557861,0.0022299038246273994
1421.665472862633,1.003394365310669,0.0022273571230471134
1421.6668617629455,1.0057227611541748,0.0022294188383966684
1421.668250663229,1.0037239789962769,0.002229026285931468
1421.6696395635422,0.9998459815979004,0.002227829536423087
1421.6710284638264,0.998569667339325,0.0022248136810958385
1421.6724173641396,0.9986106753349304,0.002224677475169301
1421.6738062644245,0.9988481998443604,0.002225435571745038
1421.6751951647086,1.0023070573806763,0.0022283177822828293
1421.676584064992,1.000142216682434,0.002225928707048297
1421.6779729652765,1.0010476112365723,0.002227643970400095
1421.6793618655606,1.0039514303207397,0.0022270905319601297
1421.680750765844,1.000227928161621,0.0022254521027207375
1421.6821396660985,1.0025103092193604,0.0022277652751654387
1421.6835285663833,0.999308705329895,0.0022248602472245693
1421.6849174666681,0.9972360134124756,0.002223891904577613
1421.6863063669225,1.0012109279632568,0.0022271922789514065
1421.6876952671776,1.0027819871902466,0.002227448858320713
1421.6890841674617,1.0037591457366943,0.0022289548069238663
1421.690473067716,1.0023449659347534,0.0022279757540673018
1421.6918619679711,1.0011541843414307,0.0022275568917393684
1421.693250868227,1.000062108039856,0.0022256500087678432
1421.6946397684821,1.0043716430664062,0.0022294782102108
1421.6960286687365,0.9968534708023071,0.0022248534951359034
1421.6974175689625,1.0001275539398193,0.0022262190468609333
1421.6988064692175,0.9996515512466431,0.0022263070568442345
1421.7001953694719,1.0018274784088135,0.002226955024525523
1421.7015842696978,1.0009528398513794,0.0022297471296042204
1421.7029731699538,1.002580165863037,0.0022270435001701117
1421.7043620701797,1.0004477500915527,0.00222667190246284
1421.7057509704057,1.0018818378448486,0.002232866594567895
1421.7071398706316,1.004297137260437,0.0022305615711957216
1421.708528770857,0.9993384480476379,0.0022269701585173607
1421.7099176710822,1.0020853281021118,0.0022285745944827795
1421.7113065713081,1.0020825862884521,0.002228100085631013
1421.7126954715347,0.9988229274749756,0.0022244732826948166
1421.7140843717607,0.9991651177406311,0.0022261228878051043
1421.7154732719575,0.9992603063583374,0.0022256774827837944
1421.7168621721837,1.0000804662704468,0.0022264074068516493
1421.7182510723799,0.9998589158058167,0.0022273713257163763
1421.7196399725767,0.9976440072059631,0.0022253289353102446
1421.7210288728027,0.9989609122276306,0.0022258153185248375
1421.7224177729988,0.9995458722114563,0.002225963631644845
1421.7238066731957,0.9988729953765869,0.002225912408903241
1421.7251955733932,0.9971053600311279,0.0022253969218581915
1421.72658447359,1.0044658184051514,0.002229733392596245
1421.7279733737862,0.9967859983444214,0.002223983407020569
1421.7293622739542,1.0007485151290894,0.00222889450378716
1421.730751174151,1.0006428956985474,0.0022281534038484097
1421.7321400743472,0.9990554451942444,0.0022299045231193304
1421.7335289745156,1.0038683414459229,0.002229854930192232
1421.734917874684,1.000895619392395,0.0022270125336945057
1421.7363067748802,1.0008801221847534,0.0022290460765361786
1421.7376956750472,1.0015058517456055,0.002227627905085683
1421.739084575215,1.00370192527771,0.0022293059155344963
1421.7404734753827,1.0036962032318115,0.0022300989367067814
1421.7418623755498,1.0025702714920044,0.0022292337380349636
1421.7432512757184,1.0031098127365112,0.0022307145409286022
1421.7446401758868,1.0003589391708374,0.0022272991482168436
1421.7460290760248,0.998840868473053,0.002226380631327629
1421.7474179761919,1.0011532306671143,0.0022281683050096035
1421.7488068763305,1.000751256942749,0.0022295292001217604
1421.7501957764982,0.9970636963844299,0.0022275305818766356
1421.7515846766362,1.000701665878296,0.0022315215319395065
1421.7529735767755,1.0007797479629517,0.0022285336162894964
1421.7543624769148,0.9995696544647217,0.0022268283646553755
1421.755751377053,1.0013586282730103,0.002227512886747718
1421.7571402771916,1.0005356073379517,0.002226791810244322
1421.7585291773303,0.9951497316360474,0.002225582953542471
1421.7599180774682,1.0030338764190674,0.0022288195323199034
1421.7613069776062,0.99835205078125,0.0022274618968367577
1421.7626958777157,1.0025720596313477,0.002232711296528578
1421.764084777855,0.9967230558395386,0.002224319614470005
1421.7654736779646,0.999732494354248,0.0022263911087065935
1421.766862578074,1.0013097524642944,0.002233419567346573
1421.768251478213,1.0012903213500977,0.0022296940442174673
1421.7696403783218,1.0002089738845825,0.0022276665549725294
1421.7710292784313,1.0017935037612915,0.0022291443310678005
1421.7724181785409,1.0008260011672974,0.002227027202025056
1421.7738070786504,1.0013724565505981,0.002226748038083315
1421.7751959787308,0.9966447353363037,0.0022249312605708838
1421.7765848788404,1.0044783353805542,0.002230487298220396
1421.77797377895,1.00235116481781,0.002227373654022813
1421.7793626790296,1.0030263662338257,0.002230158308520913
1421.7807515791394,1.001741647720337,0.002227358054369688
1421.7821404792198,1.0013794898986816,0.0022269031032919884
1421.7835293793003,1.000089168548584,0.0022286241874098778
1421.7849182793814,1.0028880834579468,0.002228444442152977
1421.7863071794618,1.0020337104797363,0.0022287205792963505
1421.7876960795415,1.000139594078064,0.0022277901880443096
1421.7890849796213,1.0011346340179443,0.0022294961381703615
1421.7904738797017,0.9997832775115967,0.0022270798217505217
1421.7918627797822,1.0029535293579102,0.002231239341199398
1421.7932516798335,1.000938057899475,0.002226573647931218
1421.7946405799148,0.9994860887527466,0.002227534307166934
1421.7960294799661,1.000957727432251,0.002225712174549699
1421.7974183800459,1.0030384063720703,0.002229191828519106
1421.7988072800972,1.00177001953125,0.002229351317510009
1421.8001961801485,1.0022811889648438,0.002228490076959133
1421.8015850801992,0.9998226165771484,0.0022255515214055777
1421.8029739802498,1.0015687942504883,0.002230138285085559
1421.8043628803018,0.9979416131973267,0.0022268223110586405
1421.805751780354,1.0005197525024414,0.0022269568871706724
1421.8071406804047,0.9984373450279236,0.002224481664597988
1421.808529580427,1.0020793676376343,0.0022278018295764923
1421.8099184804782,1.0024503469467163,0.0022279787808656693
1421.8113073804998,1.0010658502578735,0.0022272877395153046
1421.812696280522,1.001721739768982,0.002228714991360903
1421.814085180574,0.9977855086326599,0.002223537303507328
1421.8154740805962,1.0001977682113647,0.0022279261611402035
1421.8168629806178,1.0017818212509155,0.0022290851920843124
1421.81825188064,1.001377820968628,0.002229302888736129
1421.8196407806624,1.0035099983215332,0.0022318135015666485
1421.821029680684,1.001379370689392,0.0022260709665715694
1421.822418580677,1.0011677742004395,0.0022277103271335363
1421.8238074807,0.9970742464065552,0.0022264744620770216
1421.8251963806931,1.0050055980682373,0.002229406964033842
1421.8265852807153,0.998498797416687,0.0022264712024480104
1421.8279741807085,1.0030536651611328,0.0022321855649352074
1421.829363080701,1.0000662803649902,0.0022256181109696627
1421.8307519806933,1.0009783506393433,0.002226968528702855
1421.8321408807158,0.9985458254814148,0.0022267336025834084
1421.8335297806805,1.000778079032898,0.0022259552497416735
1421.8349186806736,1.0012221336364746,0.0022282807622104883
1421.8363075806667,1.00242018699646,0.0022289978805929422
1421.8376964806598,0.9991024136543274,0.0022261219564825296
1421.8390853806231,1.0014711618423462,0.0022286565508693457
1421.8404742806163,1.0020016431808472,0.0022295243106782436
1421.8418631805803,1.0025485754013062,0.002229001373052597
1421.843252080573,1.0007424354553223,0.0022269717883318663
1421.844640980537,1.0006016492843628,0.0022291243076324463
1421.8460298805016,1.0020922422409058,0.002227319870144129
1421.8474187804657,0.9986147880554199,0.0022278595715761185
1421.848807680429,0.9994099736213684,0.0022272965870797634
1421.850196580393,1.0018141269683838,0.002226428361609578
1421.851585480357,0.9981667995452881,0.002228557365015149
1421.8529743802912,1.0004736185073853,0.002225980395451188
1421.8543632802553,0.9959648847579956,0.0022253121715039015
1421.855752180191,1.0051945447921753,0.002228591125458479
1421.857141080155,1.0016039609909058,0.002229334320873022
1421.8585299800893,1.0016372203826904,0.0022290905471891165
1421.8599188800242,0.9999998211860657,0.002224580617621541
1421.8613077799591,1.003934621810913,0.002230350160971284
1421.8626966798934,1.0026261806488037,0.0022286802995949984
1421.864085579829,0.9977714419364929,0.002223391318693757
1421.8654744797645,1.0043060779571533,0.0022284630686044693
1421.8668633796988,0.9967827200889587,0.002223212970420718
1421.868252279633,1.0024359226226807,0.0022288821637630463
1421.8696411795388,1.0040510892868042,0.0022307494655251503
1421.871030079474,0.9987035393714905,0.002228379249572754
1421.872418979379,1.001152515411377,0.002226364566013217
1421.8738078792856,1.0012259483337402,0.002226267708465457
1421.875196779192,1.001292109489441,0.002228640951216221
1421.8765856791263,1.001508116722107,0.002228271448984742
1421.877974579032,0.999974250793457,0.0022258248645812273
1421.8793634789088,0.9996783137321472,0.0022280642297118902
1421.880752378814,0.9957188367843628,0.002224232070147991
1421.882141278719,1.0029493570327759,0.002228016499429941
1421.8835301786257,1.0012662410736084,0.0022286067251116037
1421.8849190785031,0.9989611506462097,0.002226247452199459
1421.8863079784082,1.0023891925811768,0.0022317133843898773
1421.887696878285,1.000849962234497,0.00222751940600574
1421.8890857781616,0.9990190863609314,0.0022242178674787283
1421.8904746780377,0.9988182187080383,0.0022257152013480663
1421.8918635779144,0.9972836971282959,0.0022242972627282143
1421.893252477791,1.000854730606079,0.0022258323151618242
1421.8946413776678,0.9991351366043091,0.00222547585144639
1421.8960302775447,0.9987631440162659,0.002224789932370186
1421.8974191774214,0.9995004534721375,0.0022248763125389814
1421.898808077269,0.998860776424408,0.00222783419303596
1421.900196977145,1.0041556358337402,0.0022288851905614138
1421.9015858769926,0.9980193376541138,0.002224427182227373
1421.9029747768693,1.0056207180023193,0.002229704288765788
1421.904363676717,1.0006152391433716,0.0022276544477790594
1421.9057525765654,0.9981730580329895,0.002226501237601042
1421.907141476413,1.003736138343811,0.002229145495221019
1421.90853037626,1.0028705596923828,0.0022271391935646534
1421.9099192761068,1.0043509006500244,0.0022286102175712585
1421.9113081759253,1.0006438493728638,0.00222504953853786
1421.912697075773,1.0025997161865234,0.0022272851783782244
1421.9140859756205,1.0022903680801392,0.0022260474506765604
1421.9154748754397,1.0031965970993042,0.0022272339556366205
1421.9168637752582,0.9973422288894653,0.0022241189144551754
1421.9182526751051,1.0003901720046997,0.0022255165968090296
1421.9196415749236,1.0033934116363525,0.0022268248721957207
1421.9210304747423,1.000309705734253,0.002226379467174411
1421.9224193745601,0.9976779818534851,0.0022250949405133724
1421.9238082743786,1.0026614665985107,0.002226437209174037
1421.9251971741978,1.002583384513855,0.0022285827435553074
1421.9265860739872,0.9988850951194763,0.002224670024588704
1421.927974973805,1.0028263330459595,0.0022270602639764547
1421.9293638736235,0.9981350302696228,0.0022252833005040884
1421.930752773413,0.9994205832481384,0.0022245461586862803
1421.9321416732016,1.0009366273880005,0.0022266812156885862
1421.933530573021,1.0006033182144165,0.0022274029906839132
1421.934919472811,0.9993661046028137,0.002224306808784604
1421.9363083725998,1.0005884170532227,0.002227245597168803
1421.9376972723885,1.0014839172363281,0.0022268234752118587
1421.9390861721488,0.9984033703804016,0.0022277601528912783
1421.9404750719382,1.0023061037063599,0.002226628828793764
1421.941863971727,0.9987775087356567,0.002225053496658802
1421.9432528714872,0.9996290802955627,0.0022262015845626593
1421.9446417712772,1.0006024837493896,0.0022262753918766975
1421.9460306710378,0.9973976612091064,0.002222698647528887
1421.9474195708272,0.9992819428443909,0.0022258793469518423
1421.9488084705874,1.0022354125976562,0.0022264455910772085
1421.950197370347,0.9979184865951538,0.002224060706794262
1421.9515862701066,1.0022953748703003,0.002226415555924177
1421.952975169867,1.0011882781982422,0.002226992044597864
1421.954364069628,1.0037468671798706,0.002227247692644596
1421.955752969359,0.9991492033004761,0.002225389936938882
1421.9571418691196,0.9997087717056274,0.0022277894895523787
1421.9585307688508,0.9983263611793518,0.0022247445303946733
1421.9599196686104,0.999610960483551,0.002225114032626152
1421.9613085683416,1.0024824142456055,0.0022276868112385273
1421.9626974680727,1.0024641752243042,0.0022274102084338665
1421.964086367804,0.9986881613731384,0.0022251226473599672
1421.965475267535,0.997690737247467,0.002223524497821927
1421.9668641672663,0.999176561832428,0.002225397387519479
1421.9682530669975,1.0015054941177368,0.002226416952908039
1421.9696419667282,0.9995296597480774,0.002225517062470317
1421.9710308664594,0.9994066953659058,0.0022247435990720987
1421.9724197661615,0.9971185922622681,0.0022240879479795694
1421.9738086658926,0.9998762607574463,0.0022245957516133785
1421.9751975655947,1.000601887702942,0.0022289487533271313
1421.9765864652968,1.0000993013381958,0.002224839059635997
1421.9779753649989,0.996421217918396,0.0022236837539821863
1421.9793642647003,1.0020451545715332,0.0022275899536907673
1421.9807531644024,1.0022543668746948,0.0022284702863544226
1421.9821420641044,0.9978815317153931,0.002224949188530445
1421.9835309638067,1.0014150142669678,0.002226924290880561
1421.9849198635095,1.0011261701583862,0.0022248460445553064
1421.9863087631825,1.0008853673934937,0.002226002048701048
1421.9876976628839,0.9973366260528564,0.0022242905106395483
1421.9890865625562,1.0010768175125122,0.0022248877212405205
1421.9904754622582,1.0001496076583862,0.0022256497759371996
1421.9918643619312,0.9984762072563171,0.002224724506959319
1421.9932532616042,0.9989182353019714,0.0022271897178143263
1421.9946421612779,1.000062108039856,0.0022258346434682608
1421.996031060951,1.0002806186676025,0.0022267138119786978
1421.9974199606233,0.9981772899627686,0.00222547329030931
1421.9988088602672,1.0005289316177368,0.0022279885597527027
1422.0001977599402,0.9989309906959534,0.0022243252024054527
1422.0015866595834,1.0018898248672485,0.0022257028613239527
1422.0029755592557,1.0014078617095947,0.0022293669171631336
1422.0043644589002,1.0007864236831665,0.0022264837753027678
1422.0057533585448,1.0020265579223633,0.0022283887956291437
1422.007142258188,0.9986802935600281,0.0022252460476011038
1422.008531157832,0.996655285358429,0.002222082344815135
1422.009920057476,1.002107858657837,0.0022288188338279724
1422.0113089571191,1.0034672021865845,0.002229683566838503
1422.012697856763,1.0042247772216797,0.0022301936987787485
1422.0140867564076,0.9969617128372192,0.002224166411906481
1422.0154756560223,0.9968951940536499,0.00222488259896636
1422.0168645556655,1.0042392015457153,0.0022302872966974974
1422.0182534552803,1.0004571676254272,0.002225707285106182
1422.019642354895,0.9994497895240784,0.00222577340900898
1422.0210312545094,1.001448392868042,0.00222659669816494
1422.0224201541241,1.0019810199737549,0.0022274330258369446
1422.0238090537396,0.9968044757843018,0.002225473988801241
1422.0251979533543,0.9999207854270935,0.0022235610522329807
1422.026586852969,0.9998827576637268,0.00222651450894773
1422.0279757525839,0.99676114320755,0.00222335709258914
1422.0293646521689,0.9994845986366272,0.002224405063316226
1422.030753551783,1.0002803802490234,0.002224671421572566
1422.0321424513686,0.9983325004577637,0.0022238087840378284
1422.0335313509552,1.0021394491195679,0.0022255550138652325
1422.0349202505408,1.0026880502700806,0.0022279710974544287
1422.0363091501265,1.0026003122329712,0.002227694494649768
1422.0376980497122,1.00082528591156,0.0022242162376642227
1422.0390869492971,1.0003855228424072,0.00222488003782928
1422.0404758488828,1.001904010772705,0.002225656760856509
1422.0418647484685,0.9985466599464417,0.002224118448793888
1422.043253648025,0.998049795627594,0.002226791577413678
1422.0446425476107,0.9975102543830872,0.0022244248539209366
1422.0460314471673,0.9972255825996399,0.0022247142624109983
1422.047420346724,1.003627061843872,0.0022277419921010733
1422.048809246309,0.999946653842926,0.0022249219473451376
1422.0501981458656,0.9980007410049438,0.002225198084488511
1422.0515870454221,1.0026953220367432,0.0022265766747295856
1422.0529759449787,0.9995872974395752,0.0022246651351451874
1422.0543648445068,1.001632571220398,0.0022266714368015528
1422.0557537440634,0.9985191822052002,0.0022224735002964735
1422.0571426436193,1.0032795667648315,0.0022288812324404716
1422.058531543146,0.998515784740448,0.002224257681518793
1422.0599204427028,0.995350182056427,0.0022247072774916887
1422.0613093422303,1.0000903606414795,0.002225706819444895
1422.062698241757,0.998685896396637,0.0022236185614019632
1422.0640871412852,0.9980145692825317,0.002224902855232358
1422.0654760408133,1.0021519660949707,0.0022260965779423714
1422.06686494034,1.0015443563461304,0.002226801821961999
1422.0682538398676,1.0042099952697754,0.002228441881015897
1422.069642739366,1.003100872039795,0.002227215562015772
1422.071031638893,0.9966404438018799,0.002223358256742358
1422.0724205384197,1.000020146369934,0.002227025106549263
1422.0738094379187,1.0015510320663452,0.002226406242698431
1422.0751983374178,1.0046721696853638,0.0022277841344475746
1422.0765872369154,0.9985393285751343,0.002224949188530445
1422.0779761364138,0.9970304369926453,0.0022243044804781675
1422.0793650359121,1.001800298690796,0.0022305019665509462
1422.0807539354098,1.0008177757263184,0.0022272660862654448
1422.0821428349075,0.9996188282966614,0.0022268372122198343
1422.0835317344065,1.0002896785736084,0.0022274882066994905
1422.0849206338767,1.000519037246704,0.002228472614660859
1422.0863095333743,1.0000802278518677,0.002228767843917012
1422.0876984328436,0.9929798245429993,0.002221948467195034
1422.089087332342,0.9990195035934448,0.0022266225423663855
1422.0904762318105,1.0016822814941406,0.002229338511824608
1422.0918651312797,1.0026919841766357,0.0022286444436758757
1422.0932540307497,0.9999296069145203,0.002230509649962187
1422.094642930219,0.9990017414093018,0.0022247161250561476
1422.0960318296877,1.0025602579116821,0.0022277520038187504
1422.0974207291279,0.9986845850944519,0.0022282402496784925
1422.098809628597,0.9998787641525269,0.002225183416157961
1422.1001985280366,0.9966011643409729,0.0022237622179090977
1422.1015874275058,0.9996544122695923,0.0022272802889347076
1422.1029763269466,0.9943997859954834,0.0022242863196879625
1422.1043652263868,0.996163547039032,0.002222794573754072
1422.105754125827,0.9941418766975403,0.0022226497530937195
1422.107143025267,0.9959118366241455,0.0022254192735999823
1422.1085319247065,1.0009044408798218,0.002228053519502282
1422.1099208241462,1.0004501342773438,0.002230023732408881
1422.1113097235864,0.9982106685638428,0.0022276632953435183
1422.112698622998,0.9961693286895752,0.0022252434864640236
1422.1140875224382,0.9978848099708557,0.0022254684008657932
1422.1154764218493,0.9953798055648804,0.0022259887773543596
1422.1168653212603,1.0006067752838135,0.002227224875241518
1422.1182542206998,1.001396894454956,0.0022283082362264395
1422.1196431201108,0.9975472092628479,0.0022266933228820562
1422.121032019522,0.9945530295372009,0.002225435571745038
1422.1224209189331,0.9993153810501099,0.0022284253500401974
1422.123809818315,0.9980118870735168,0.002227751538157463
1422.125198717726,1.0019534826278687,0.0022302221041172743
1422.1265876171371,0.9953176379203796,0.002226294483989477
1422.1279765165184,0.9950856566429138,0.0022252353373914957
1422.1293654159003,0.9967870116233826,0.0022274861112236977
1422.1307543153114,0.993969202041626,0.0022262483835220337
1422.1321432146926,0.9996538758277893,0.002231245394796133
1422.1335321140753,0.9979123473167419,0.0022301513236016035
1422.134921013458,1.003414511680603,0.00223355065099895
1422.1363099128394,0.9996415376663208,0.0022309068590402603
1422.1376988121915,1.0009360313415527,0.0022311541251838207
1422.1390877115734,0.9988596439361572,0.0022300025448203087
1422.1404766109554,0.9994109272956848,0.0022337816189974546
1422.1418655103075,0.9978567361831665,0.0022316446993499994
1422.143254409661,0.9994867444038391,0.0022333902306854725
1422.1446433090437,0.9994521737098694,0.0022352770902216434
1422.1460322083958,0.9993998408317566,0.0022339913994073868
1422.1474211077486,0.9997628331184387,0.0022325513418763876
1422.1488100071017,0.9993585348129272,0.002232327125966549
1422.1501989064539,0.9987877607345581,0.002233508974313736
1422.151587805777,0.9990053772926331,0.0022345322649925947
1422.1529767051304,0.9991760849952698,0.002234955783933401
1422.154365604484,0.996492326259613,0.0022330814972519875
1422.155754503807,0.9962311387062073,0.0022332684602588415
1422.1571434031307,1.003832221031189,0.0022383842151612043
1422.1585323024835,0.997683048248291,0.002236241940408945
1422.1599212018066,0.9951770901679993,0.002233559964224696
1422.1613101011305,1.0002771615982056,0.0022370910737663507
1422.162699000455,1.0001472234725952,0.0022405600175261497
1422.1640878997787,1.0003741979599,0.002238494111225009
1422.1654767990726,0.9991724491119385,0.002238406566902995
1422.1668656983964,0.9979329109191895,0.002236003987491131
1422.168254597691,1.0040967464447021,0.002243237802758813
1422.169643497014,0.9967014193534851,0.0022381157614290714
1422.1710323963086,1.00155508518219,0.002244391245767474
1422.172421295604,0.9989557862281799,0.0022399560548365116
1422.1738101948988,0.9963093996047974,0.0022385050542652607
1422.1751990941934,1.0007166862487793,0.0022427551448345184
1422.176587993488,1.0020512342453003,0.002244403585791588
1422.177976892782,0.9997571110725403,0.0022426063660532236
1422.179365792076,0.9956343770027161,0.002241496928036213
1422.1807546913415,1.000738501548767,0.002245168434455991
1422.1821435906368,0.999271810054779,0.0022443244233727455
1422.1835324899023,0.9994070529937744,0.002245191251859069
1422.184921389168,0.9971579313278198,0.00224520661868155
1422.1863102884627,0.9964673519134521,0.0022474173456430435
1422.1876991877275,1.001787543296814,0.0022504045628011227
1422.1890880869923,0.9978282451629639,0.0022485170047730207
1422.1904769862579,0.9990733861923218,0.002250772202387452
1422.191865885495,1.000732660293579,0.002249520504847169
1422.1932547847605,0.9978893995285034,0.0022539382334798574
1422.194643684026,1.0024058818817139,0.002252973383292556
1422.1960325832624,1.0011622905731201,0.0022531107533723116
1422.1974214824984,0.9975480437278748,0.0022525733802467585
1422.198810381764,0.9959003329277039,0.0022522227372974157
1422.2001992810003,0.9976052045822144,0.0022549638524651527
1422.2015881802367,1.0004448890686035,0.0022590584121644497
1422.2029770794732,0.9965528845787048,0.0022560139186680317
1422.2043659787096,1.0014935731887817,0.002260140608996153
1422.205754877917,0.9968469142913818,0.0022587678395211697
1422.2071437771526,0.9978053569793701,0.0022626062855124474
1422.20853267636,0.9983839988708496,0.0022610644809901714
1422.2099215755964,1.0010275840759277,0.0022648151498287916
1422.2113104748032,0.9994128942489624,0.0022682317066937685
1422.2126993740112,0.9969576001167297,0.002266546478495002
1422.2140882732192,1.0017791986465454,0.0022687665186822414
1422.2154771724258,0.9994513392448425,0.002270381897687912
1422.2168660716325,0.9958776831626892,0.0022705006413161755
1422.2182549708398,0.993209719657898,0.0022697560489177704
1422.219643870047,0.9982833862304688,0.0022738345433026552
1422.2210327692246,1.0012325048446655,0.0022778373677283525
1422.2224216684328,0.9984205365180969,0.0022787614725530148
1422.2238105676117,1.0010095834732056,0.0022797882556915283
1422.2251994668184,0.9999651312828064,0.002284157322719693
1422.2265883659966,0.9972272515296936,0.0022850276436656713
1422.2279772651748,0.9964511394500732,0.0022837978322058916
1422.2293661643523,1.001312017440796,0.0022866048384457827
1422.2307550635298,1.0004639625549316,0.0022883478086441755
1422.2321439626796,0.9972003698348999,0.0022863957565277815
1422.2335328618585,0.9989901185035706,0.0022907876409590244
1422.234921761036,1.0002031326293945,0.0022935972083359957
1422.2363106601854,1.0012284517288208,0.002294794423505664
1422.2376995593345,1.0004310607910156,0.0022973082959651947
1422.239088458512,0.9976954460144043,0.0022981029469519854
1422.2404773576611,0.9970620274543762,0.002298707142472267
1422.241866256811,0.9954294562339783,0.002300036372616887
1422.24325515596,0.9950222373008728,0.0023008021526038647
1422.2446440550793,0.9966239333152771,0.0023029972799122334
1422.2460329542284,1.0013998746871948,0.0023112704511731863
1422.2474218533778,0.9997954368591309,0.002309151692315936
1422.248810752497,1.0012524127960205,0.0023116988595575094
1422.2501996516462,1.0029730796813965,0.0023152718786150217
1422.2515885507669,1.0005245208740234,0.0023144253063946962
1422.2529774498869,0.9994759559631348,0.0023152492940425873
1422.254366349007,1.0011264085769653,0.0023230426013469696
1422.255755248127,0.9975284337997437,0.002319500781595707
1422.2571441472462,0.9983952045440674,0.002324109897017479
1422.2585330463655,0.9993647336959839,0.0023251085076481104
1422.2599219454567,1.0013715028762817,0.00232884893193841
1422.2613108445773,0.9980217814445496,0.002327191410586238
1422.2626997436682,0.9963950514793396,0.0023293732665479183
1422.2640886427882,0.9945977330207825,0.0023320468608289957
1422.2654775418791,0.9958263039588928,0.002334015443921089
1422.2668664409694,0.9971498250961304,0.002338430378586054
1422.2682553400603,0.9961462020874023,0.00234068906866014
1422.2696442391511,0.9983417391777039,0.0023422304075211287
1422.271033138242,0.9964022636413574,0.0023431824520230293
1422.272422037304,0.9967427253723145,0.002345756394788623
1422.273810936395,0.9984551072120667,0.002352298004552722
1422.2751998354859,0.9981744289398193,0.0023517245426774025
1422.276588734547,0.9984003305435181,0.002354992087930441
1422.2779776336088,0.9976447224617004,0.0023559436667710543
1422.2793665326706,0.9965391755104065,0.002358947182074189
1422.2807554317615,0.9983787536621094,0.0023612347431480885
1422.2821443307948,0.9983636140823364,0.0023642119485884905
1422.2835332298566,0.9940862655639648,0.002362800296396017
1422.2849221289177,0.9960265159606934,0.002368615008890629
1422.2863110279789,0.9984909892082214,0.0023737531155347824
1422.2876999270118,0.9953212738037109,0.0023729281965643167
1422.2890888260736,0.9995923638343811,0.0023759242612868547
1422.2904777251063,1.0005815029144287,0.002379072131589055
1424.5682726077089,0.991310179233551,0.0022115265019237995
1424.5696615116387,0.9941522479057312,0.002212786814197898
1424.5710504155677,0.9941967725753784,0.002215471351519227
1424.5724393194962,0.9928963780403137,0.002213487634435296
1424.5738282234252,0.9962732195854187,0.0022148543503135443
1424.5752171273832,1.001010775566101,0.0022193670738488436
1424.5766060313408,0.999508261680603,0.0022194175980985165
1424.5779949352998,0.9978912472724915,0.0022203465923666954
1424.5793838392585,1.004613995552063,0.002222723327577114
1424.580772743216,1.003432273864746,0.0022213011980056763
1424.5821616472033,1.0025787353515625,0.002222272800281644
1424.5835505511614,1.0093575716018677,0.002225722884759307
1424.584939455148,1.0059856176376343,0.002223292365670204
1424.586328359136,1.0059716701507568,0.0022246993612498045
1424.5877172631237,1.0050352811813354,0.0022227789741009474
1424.5891061671105,1.0071457624435425,0.0022269038017839193
1424.5918839751141,1.0048913955688477,0.002226240700110793
1424.5932728791297,1.0042145252227783,0.0022237033117562532
1424.5946617831462,1.0061699151992798,0.002227406483143568
1424.5960506871631,1.003912329673767,0.0022250739857554436
1424.5974395911796,1.005564570426941,0.0022248749155551195
1424.598828495225,1.0070010423660278,0.0022261058911681175
1424.6002173992413,1.004030466079712,0.0022240772377699614
1424.6016063032862,1.003324270248413,0.002223209710791707
1424.6029952073316,1.0074052810668945,0.0022272178903222084
1424.6043841113772,1.0040161609649658,0.0022280390840023756
1424.6057730154228,1.0015225410461426,0.002224098891019821
1424.607161919498,1.0006351470947266,0.002223556861281395
1424.6085508235433,1.0000094175338745,0.0022226006258279085
1424.6099397276173,1.0053985118865967,0.0022274747025221586
1424.6113286316918,1.0005961656570435,0.0022243550047278404
1424.6127175357663,1.0021405220031738,0.002225357573479414
1424.614106439841,1.0015511512756348,0.0022237927187234163
1424.615495343916,1.0019596815109253,0.002223420888185501
1424.61688424802,1.0049715042114258,0.002226131036877632
1424.6182731521228,0.9994344115257263,0.0022231433540582657
1424.6196620561975,1.0020164251327515,0.0022267105523496866
1424.6210509603013,0.9992823600769043,0.0022234139032661915
1424.6224398644042,1.005611538887024,0.0022269932087510824
1424.6238287685376,1.0007747411727905,0.002223241375759244
1424.625217672642,1.0058529376983643,0.0022300740238279104
1424.626606576774,1.0000585317611694,0.0022210534662008286
1424.6279954809063,0.9992471933364868,0.0022228502202779055
1424.6293843850099,0.9981131553649902,0.0022220436949282885
1424.6307732891426,1.001334309577942,0.002225613920018077
1424.6321621933046,1.0034515857696533,0.0022260998375713825
1424.633551097438,0.9985872507095337,0.0022246537264436483
1424.6349400016,0.9979168176651001,0.002220599679276347
1424.636328905732,1.0021756887435913,0.0022262991406023502
1424.637717809894,0.9992677569389343,0.0022262714337557554
1424.6391067140557,1.003920555114746,0.0022279885597527027
1424.640495618217,1.0022690296173096,0.0022276919335126877
1424.6418845223795,1.0013842582702637,0.002225093776360154
1424.643273426571,1.001058578491211,0.002222576877102256
1424.6446623307324,0.9981374740600586,0.00222295755520463
1424.6460512349233,1.0043222904205322,0.0022270851768553257
1424.6474401391145,1.0051921606063843,0.0022252979688346386
1424.6488290433047,1.003949761390686,0.0022267806343734264
1424.6502179474965,1.0029462575912476,0.0022270395420491695
1424.6516068516883,1.0029288530349731,0.0022248008754104376
1424.6529957559076,1.0002620220184326,0.002223655581474304
1424.6543846601276,1.0003314018249512,0.0022248702589422464
1424.6557735643185,1.0018960237503052,0.0022250283509492874
1424.657162468538,0.9999074935913086,0.0022240395192056894
1424.658551372758,0.9994801878929138,0.002221254864707589
1424.659940276979,0.9990273714065552,0.0022239454556256533
1424.661329181228,1.0047781467437744,0.0022253652568906546
1424.6627180854482,1.0001702308654785,0.002223367104306817
1424.6641069896975,1.0012626647949219,0.0022266306914389133
1424.665495893946,1.0035501718521118,0.002226731274276972
1424.6668847981953,1.000795602798462,0.002222820883616805
1424.668273702445,1.0004299879074097,0.0022235780488699675
1424.6696626066941,1.004150152206421,0.0022250341717153788
1424.6710515109432,1.0026030540466309,0.002224875846877694
1424.6724404152217,1.0037750005722046,0.0022234644275158644
1424.67382931947,1.0020012855529785,0.002223124960437417
1424.6752182237485,1.0028173923492432,0.002223510295152664
1424.676607128027,1.0042527914047241,0.0022257142700254917
1424.6779960323051,0.9993281364440918,0.002223026705905795
1424.6793849365843,1.0060243606567383,0.0022283783182501793
1424.6807738408625,1.004250168800354,0.002225801581516862
1424.682162745169,1.0030395984649658,0.0022243813145905733
1424.6835516494764,1.0007494688034058,0.0022251782938838005
1424.6849405537548,1.0029363632202148,0.0022255934309214354
1424.6863294580623,1.0018694400787354,0.0022247955203056335
1424.6877183623703,1.0002623796463013,0.0022257876116782427
1424.6891072666779,1.002213954925537,0.0022263256832957268
1424.6904961710136,1.0009995698928833,0.0022223263513296843
1424.6918850753202,1.0025215148925781,0.0022258274257183075
1424.6932739796569,1.0006070137023926,0.0022228998132050037
1424.6946628839644,1.005491018295288,0.002227192744612694
1424.6960517883008,1.0060606002807617,0.0022275312803685665
1424.697440692638,1.0091837644577026,0.002229022327810526
1424.6988295969745,1.0028282403945923,0.0022247948218137026
1424.7002185013394,1.003286600112915,0.002228319412097335
1424.7016074056758,1.004003882408142,0.0022259887773543596
1424.7029963100415,1.0046595335006714,0.0022235673386603594
1424.7043852143781,1.0053802728652954,0.002226353157311678
1424.7057741187443,1.0050525665283203,0.0022258565295487642
1424.70716302311,1.0009883642196655,0.002223339630290866
1424.708551927475,1.0071654319763184,0.0022257063537836075
1424.7099408318406,1.0035902261734009,0.002227105898782611
1424.7113297362353,1.0046576261520386,0.002224139403551817
1424.7127186406,1.0060784816741943,0.0022261342965066433
1424.7141075449956,1.0029206275939941,0.002225743606686592
1424.7154964493618,1.001213788986206,0.0022227580193430185
1424.7168853537557,1.0015089511871338,0.0022228797897696495
1424.7182742581506,1.0053220987319946,0.0022267401218414307
1424.7196631625454,1.0038763284683228,0.002224935917183757
1424.7210520669685,1.003333330154419,0.002226605312898755
1424.7224409713638,1.0051140785217285,0.0022281697019934654
1424.7238298757593,1.0031296014785767,0.0022237857338041067
1424.7252187801826,1.0029122829437256,0.0022223626729100943
1424.7266076846063,1.0049234628677368,0.0022262539714574814
1424.72799658903,1.003251552581787,0.002229035133495927
1424.729385493453,1.006232738494873,0.0022280372213572264
1424.730774397877,1.0028672218322754,0.002225066302344203
1424.7321633023014,1.003446340560913,0.002222898183390498
1424.7335522067544,1.00569486618042,0.0022270921617746353
1424.7349411111784,1.0010136365890503,0.002225274220108986
1424.7363300156312,1.0040470361709595,0.0022245817817747593
1424.7377189200545,0.9988436102867126,0.00222286069765687
1424.7391078245073,1.004209041595459,0.0022240052931010723
1424.740496728961,1.0051045417785645,0.0022252663038671017
1424.741885633443,1.0042985677719116,0.0022245747968554497
1424.7432745378958,1.0022311210632324,0.0022265056613832712
1424.7446634423488,1.0030020475387573,0.002222048817202449
1424.74605234683,1.0004184246063232,0.002221925649791956
1424.7474412512831,1.0063762664794922,0.002226958516985178
1424.748830155765,1.007487416267395,0.0022273531649261713
1424.750219060247,1.0017552375793457,0.0022218648809939623
1424.7516079647298,1.0037540197372437,0.0022247193846851587
1424.7529968692118,1.0020971298217773,0.002225433476269245
1424.7543857737223,1.0042980909347534,0.002226141281425953
1424.7557746782043,1.0013865232467651,0.0022228346206247807
1424.7571635826864,1.0010565519332886,0.0022247659508138895
1424.7585524871974,1.0045077800750732,0.002225180622190237
1424.7599413917085,0.9995071887969971,0.0022226436994969845
1424.7613302962197,1.0049363374710083,0.00222699623554945
1424.762719200731,1.0055663585662842,0.0022260271944105625
1424.7641081052413,1.0000760555267334,0.0022220707032829523
1424.7654970097526,1.0031832456588745,0.002224556403234601
1424.7668859142636,1.0042575597763062,0.0022248071618378162
1424.7682748188038,1.0026603937149048,0.002224856987595558
1424.7696637233157,1.003454566001892,0.0022245757281780243
1424.7710526278559,1.0030945539474487,0.0022254816722124815
1424.7724415323955,1.0004805326461792,0.0022217724472284317
1424.7738304369357,1.0022408962249756,0.0022225449793040752
1424.775219341476,0.9989938735961914,0.0022207896690815687
1424.7766082460162,1.0071755647659302,0.002228517783805728
1424.7779971505572,1.002962350845337,0.002224310301244259
1424.7793860551265,1.0016553401947021,0.0022227338049560785
1424.7807749596661,1.0041652917861938,0.0022242716513574123
1424.7821638642354,1.0023462772369385,0.0022250835318118334
1424.7835527688046,1.0013762712478638,0.0022231379989534616
1424.7849416733734,1.0003796815872192,0.0022206229623407125
1424.7863305779435,1.002010464668274,0.002224111929535866
1424.7877194825135,1.0001115798950195,0.0022242050617933273
1424.789108387082,1.0012922286987305,0.0022244532592594624
1424.7904972916515,1.0060547590255737,0.002226162701845169
1424.7918861962498,1.003098964691162,0.002224530093371868
1424.7932751008186,1.0019567012786865,0.002223011339083314
1424.7946640054176,1.0024172067642212,0.0022248218301683664
1424.7960529100167,1.0042468309402466,0.002224187832325697
1424.7974418146146,0.999606728553772,0.002224498661234975
1424.798830719213,1.0048385858535767,0.0022252951748669147
1424.8002196238115,1.002642035484314,0.0022243845742195845
1424.8016085284091,1.003572940826416,0.0022258416283875704
1424.8029974330077,0.998543381690979,0.0022214355412870646
1424.8043863376358,1.0029815435409546,0.002226283773779869
1424.8057752422344,1.0034472942352295,0.0022262935526669025
1424.8071641468619,1.0049386024475098,0.0022257037926465273
1424.8085530514893,1.0002093315124512,0.0022236844524741173
1424.8099419561163,1.0025126934051514,0.0022249771282076836
1424.8113308607437,1.0036729574203491,0.0022253673523664474
1424.812719765372,1.0017133951187134,0.002227088203653693
1424.8141086699995,1.0016884803771973,0.0022237119264900684
1424.8154975746272,1.0018833875656128,0.0022243866696953773
1424.816886479284,1.0005860328674316,0.0022245231084525585
1424.8182753839108,1.0052084922790527,0.002227072836831212
1424.8196642885673,1.0037269592285156,0.0022243948187679052
1424.8210531932239,1.000145673751831,0.0022228655871003866
1424.8224420978806,0.9998219013214111,0.0022231456823647022
1424.8238310025374,1.0019068717956543,0.0022245370782911777
1424.825219907194,1.0034199953079224,0.0022259976249188185
1424.8266088118505,1.0043275356292725,0.002228934783488512
1424.8279977165066,1.0018024444580078,0.0022254926152527332
1424.8293866211923,1.0038467645645142,0.002224942436441779
1424.8307755258497,1.0044392347335815,0.0022247908636927605
1424.8321644305354,1.0021241903305054,0.002225570846349001
1424.8335533352213,1.0048812627792358,0.0022286945022642612
1424.8349422398778,1.0029103755950928,0.002221586648374796
1424.836331144563,1.0026603937149048,0.002225155709311366
1424.8377200492487,1.0049957036972046,0.0022293436340987682
1424.8391089539343,1.0065231323242188,0.002227085642516613
1424.8404978586493,1.0013524293899536,0.002225352916866541
1424.8418867633357,0.99847012758255,0.0022221982944756746
1424.8432756680215,1.0051487684249878,0.0022245801519602537
1424.8446645727356,1.0022392272949219,0.002224584808573127
1424.8460534774506,1.0023897886276245,0.0022239373065531254
1424.8474423821363,1.0006321668624878,0.002223486080765724
1424.848831286851,1.0008907318115234,0.002222602255642414
1424.8502201915667,1.0012692213058472,0.002222105162218213
1424.8516090962814,1.0029269456863403,0.0022218218073248863
1424.8529980009957,1.0028146505355835,0.002223062561824918
1424.8543869057396,1.004802942276001,0.0022243161220103502
1424.8557758104546,0.9994773864746094,0.002221486996859312
1424.8571647151978,1.0034375190734863,0.0022245305590331554
1424.8585536199134,0.9987215399742126,0.0022242076229304075
1424.8599425246582,1.002755880355835,0.002222615061327815
1424.8613314293723,1.0044645071029663,0.002225940814241767
1424.8627203341161,1.0000908374786377,0.0022218716330826283
1424.86410923886,1.0032141208648682,0.00222351704724133
1424.8654981436034,1.0037485361099243,0.0022244362626224756
1424.8668870483773,1.0026577711105347,0.0022257163655012846
1424.8682759531218,1.002509593963623,0.0022216178476810455
1424.869664857865,1.0044485330581665,0.0022233722265809774
1424.8710537626382,1.0035622119903564,0.0022244486026465893
1424.8724426673823,1.00798761844635,0.0022265398874878883
1424.8738315721546,1.0046472549438477,0.0022241524420678616
1424.8752204768987,1.0017808675765991,0.002224589465186
1424.8766093816723,1.0009267330169678,0.0022222469560801983
1424.8779982864453,1.0041619539260864,0.0022255319636315107
1424.8793871912183,1.0016331672668457,0.0022219803649932146
1424.8821650007928,1.0038968324661255,0.002225147094577551
1424.883553905566,1.0019195079803467,0.002225747797638178
1424.8849428103397,1.0037205219268799,0.0022265464067459106
1424.8904984295189,1.0039464235305786,0.0022237685043364763
1424.8932762391223,1.0008759498596191,0.0022216644138097763
1424.8946651439253,1.0057485103607178,0.002223532646894455
1424.8974429535294,1.0034159421920776,0.002223436953499913
1424.8988318583608,1.0018802881240845,0.002223127754405141
1424.9002207631622,1.0010461807250977,0.0022224546410143375
1424.9016096679936,1.0059103965759277,0.0022255214862525463
1424.9029985727964,0.9983612298965454,0.0022234057541936636
1424.9043874776278,1.0039794445037842,0.002225677017122507
1424.9057763824592,1.0033708810806274,0.002225107979029417
1424.9071652872904,1.0049570798873901,0.0022252139169722795
1424.9085541921208,1.0083726644515991,0.0022273645736277103
1424.911332001784,1.0030275583267212,0.002224443946033716
1424.9196654308585,1.0021048784255981,0.002221225295215845
1424.9210543356896,1.0019546747207642,0.002221797127276659
1424.9224432405508,1.0036201477050781,0.0022259580437093973
1424.9266099551312,0.9999313354492188,0.0022222017869353294
1424.9279988600208,1.0031561851501465,0.002222961513325572
1424.929387764881,1.0036554336547852,0.002223729621618986
1424.9321655746317,0.9997801184654236,0.002221687464043498
1424.9349433843809,1.0008678436279297,0.0022214066702872515
1424.9363322892702,0.9970611333847046,0.0022188518196344376
1424.9391100990492,1.0011487007141113,0.002224144758656621
1424.9418879088282,1.0035372972488403,0.002222073497250676
1424.9432768137178,1.004756212234497,0.002225444419309497
1424.9446657186072,1.0018337965011597,0.0022218830417841673
1424.9460546234961,1.0008254051208496,0.002222537761554122
1424.9474435284153,1.00031578540802,0.0022213503252714872
1424.9488324333054,1.0006526708602905,0.0022220686078071594
1424.9502213382234,1.0027679204940796,0.0022237305529415607
1424.951610243112,0.9987421035766602,0.0022224595304578543
1424.9529991480306,1.0006470680236816,0.0022221943363547325
1424.9543880529493,1.0036917924880981,0.0022234052885323763
1424.955776957867,1.0027649402618408,0.0022229368332773447
1424.9571658627865,1.000226616859436,0.0022204441484063864
1424.958554767706,1.006565809249878,0.002225722884759307
1424.9599436726237,1.0031461715698242,0.002223781542852521
1424.9613325775424,1.0002938508987427,0.0022217275109142065
1424.96272148249,1.003523826599121,0.0022224856074899435
1424.964110387408,1.005509853363037,0.002227402525022626
1424.9654992923563,1.0068117380142212,0.002228768076747656
1424.9668881972755,1.002159833908081,0.00222499156370759
1424.9682771022224,1.0013178586959839,0.0022226176224648952
1424.9696660071702,1.003421425819397,0.002223274437710643
1424.971054912089,1.0046008825302124,0.002225045347586274
1424.9724438170358,0.9987854361534119,0.0022214280907064676
1424.9738327219836,1.0033482313156128,0.0022232767660170794
1424.975221626932,0.999772846698761,0.0022216737270355225
1424.9766105318797,0.9984859824180603,0.0022216886281967163
1424.9779994368564,0.9980136156082153,0.002222438110038638
1424.979388341804,1.004938006401062,0.0022243999410420656
1424.9807772467511,1.0033292770385742,0.0022245836444199085
1424.9821661517278,1.0030994415283203,0.0022240804973989725
1424.983555056676,1.0040161609649658,0.002224261872470379
1424.984943961653,0.9998096823692322,0.0022224877029657364
1424.9863328666008,1.0033392906188965,0.0022254749201238155
1424.9877217715775,1.0062202215194702,0.002224170370027423
1424.9891106765538,1.0013341903686523,0.0022234043572098017
1424.9904995815305,1.0030843019485474,0.0022231710609048605
1424.9918884865072,1.0013145208358765,0.002223632298409939
1424.993277391484,1.0009584426879883,0.0022213333286345005
1424.9946662964614,1.0038893222808838,0.0022251843474805355
1424.9960552014384,1.002269983291626,0.002222290728241205
1424.9974441064435,1.0015593767166138,0.002223359886556864
1424.9988330114204,0.9993321299552917,0.0022217915393412113
1425.000221916397,1.0018723011016846,0.00222317548468709
1425.001610821403,1.0022422075271606,0.002223259536549449
1425.0029997263805,1.0017540454864502,0.0022221587132662535
1425.0043886313863,1.0025701522827148,0.0022242972627282143
1425.0057775363916,0.9980115294456482,0.0022191274911165237
1425.0071664413974,1.0021324157714844,0.002225262578576803
1425.0085553463744,1.0027364492416382,0.002222667681053281
1425.0099442513804,1.0030313730239868,0.0022233512718230486
1425.0113331563869,1.0056943893432617,0.0022260677069425583
1425.0127220614218,1.0057183504104614,0.0022283135913312435
1425.014110966427,0.9966562986373901,0.0022219757083803415
1425.015499871433,1.0049763917922974,0.002223838586360216
1425.0168887764387,1.007392168045044,0.0022250867914408445
1425.0182776814731,1.0073822736740112,0.0022284279111772776
1425.019666586479,1.0056228637695312,0.00222832546569407
1425.0210554915147,1.0013333559036255,0.002224166179075837
1425.0224443965205,1.0012385845184326,0.0022210620809346437
1425.023833301555,1.00001060962677,0.002221581991761923
1425.02522220659,1.000841498374939,0.002224442781880498
1425.026611111596,0.9979928135871887,0.002222213661298156
1425.0280000166308,1.003790259361267,0.002224244410172105
1425.0307778267015,1.000868797302246,0.002224854426458478
1425.032166731736,0.9995955228805542,0.0022225617431104183
1425.0335556368,1.0000977516174316,0.0022229766473174095
1425.0349445418349,1.0014581680297852,0.0022230122704058886
1425.0363334468693,0.9991331696510315,0.0022208504378795624
1425.0377223519342,1.0021389722824097,0.0022232807241380215
1425.0391112569698,0.9975966811180115,0.0022219433449208736
1425.040500162004,1.0024304389953613,0.002224372001364827
1425.0418890670683,1.0017777681350708,0.002224172931164503
1425.0432779721323,0.9983291029930115,0.002221692819148302
1425.0446668771667,1.001245141029358,0.002222747541964054
1425.0460557822314,1.0012140274047852,0.0022253054194152355
1425.047444687296,1.0033127069473267,0.002224510768428445
1425.0488335923596,1.0051789283752441,0.0022268614266067743
1425.0502224974236,1.003819227218628,0.0022269836626946926
1425.0516114024879,1.0016173124313354,0.0022240947000682354
1425.0530003075512,1.0007052421569824,0.0022224239073693752
1425.0543892126154,1.0037543773651123,0.002227467717602849
1425.0557781177092,1.002877950668335,0.002225329168140888
1425.0571670227735,1.0003091096878052,0.0022238469682633877
1425.0585559278375,1.003588080406189,0.002224279334768653
1425.0599448329306,1.0045201778411865,0.0022271028719842434
1425.0613337379941,1.000156044960022,0.0022236977238208055
1425.0627226430872,1.0029462575912476,0.0022264537401497364
1425.0641115481812,0.9996535181999207,0.00222287536598742
1425.0655004532452,1.0004637241363525,0.002226167358458042
1425.0668893583386,0.9999962449073792,0.002222012262791395
1425.068278263432,1.0034294128417969,0.0022268318571150303
1425.0696671685243,1.0028449296951294,0.002224208554252982
1425.0710560736177,0.9974934458732605,0.0022220457904040813
1425.0724449787108,1.0015770196914673,0.0022246455773711205
1425.073833883804,1.003328561782837,0.0022236306685954332
1425.0752227888977,1.001915454864502,0.0022237407974898815
1425.0766116940201,1.0037918090820312,0.0022250195033848286
1425.0780005991126,1.005297303199768,0.0022262989077717066
1425.079389504206,0.9998775124549866,0.0022222823463380337
1425.0807784093283,0.9991130828857422,0.0022248949389904737
1425.0821673144214,1.0012205839157104,0.0022240555845201015
1425.0835562195437,0.9995425939559937,0.002224411815404892
1425.084945124637,1.0014365911483765,0.002225911244750023
1425.0863340297592,1.0006258487701416,0.00222349283285439
1425.087722934881,0.9984559416770935,0.0022230520844459534
1425.0891118400032,0.9989736080169678,0.0022216548677533865
1425.0905007451263,1.0026670694351196,0.0022231454495340586
1425.0918896502194,1.0013409852981567,0.002223403425887227
1425.0932785553416,1.0050939321517944,0.002225422067567706
1425.0946674604932,1.000840663909912,0.0022245398722589016
1425.0960563656147,1.0014232397079468,0.002224681433290243
1425.0974452707371,1.001197338104248,0.002222151029855013
1425.0988341758596,0.9987211227416992,0.0022208578884601593
1425.1002230809818,1.002798318862915,0.0022266427986323833
1425.1043897964068,1.0054594278335571,0.002226273762062192
1425.108556511803,1.005431890487671,0.0022252423223108053
1425.109945416955,1.0013259649276733,0.0022230972535908222
1425.1113343221066,1.0009018182754517,0.0022253645583987236
1425.1127232272572,1.001866340637207,0.0022271662019193172
1425.1141121324088,1.0025299787521362,0.0022256909869611263
1425.11550103756,1.0028979778289795,0.0022243037819862366
1425.1168899427107,1.0028607845306396,0.002227526158094406
1425.118278847863,1.0002796649932861,0.0022217477671802044
1425.119667753015,1.000472903251648,0.002222484676167369
1425.1210566581656,0.9969480037689209,0.002221171511337161
1425.1224455633171,1.000597596168518,0.0022238583769649267
1425.1238344684978,1.0006814002990723,0.0022239917889237404
1425.1252233736484,1.0000731945037842,0.0022229354362934828
1425.1266122788295,1.0015075206756592,0.002222601557150483
1425.1280011839817,1.0006563663482666,0.002224963391199708
1425.1293900891617,1.003443956375122,0.002223585033789277
1425.130778994313,1.0001976490020752,0.0022245794534683228
1425.1321678994934,0.9991869330406189,0.002222101902589202
1425.1335568046732,1.0009715557098389,0.002223022049292922
1425.1349457098247,1.0015686750411987,0.002226050477474928
1425.1363346150058,1.0036033391952515,0.002226388081908226
1425.1377235201865,1.0021401643753052,0.002224824158474803
1425.139112425367,1.001911997795105,0.002224778523668647
1425.1405013305475,1.0036821365356445,0.0022248593159019947
1425.1418902357275,1.0017303228378296,0.002224980155006051
1425.143279140908,1.0033060312271118,0.002225450938567519
1425.1446680460892,1.0037986040115356,0.0022273773793131113
1425.148834761659,1.0011409521102905,0.0022223549894988537
1425.1502236668687,1.0033644437789917,0.002225660951808095
1425.1543903824402,0.9999572038650513,0.0022219608072191477
1425.155779287649,1.000191569328308,0.002220769412815571
1425.1571681928297,0.9990267157554626,0.002219424583017826
1425.1585570980392,1.000388503074646,0.0022264118306338787
1425.159946003248,1.002709984779358,0.0022250779438763857
1425.1613349084575,0.9993926882743835,0.0022219696547836065
1425.1627238136389,1.0020066499710083,0.0022241368424147367
1425.1641127188484,1.0021610260009766,0.0022240427788347006
1425.1655016240582,1.0027836561203003,0.00222389935515821
1425.166890529268,1.0015146732330322,0.0022240858525037766
1425.1682794344767,1.0060282945632935,0.002227244433015585
1425.1696683397156,1.0017627477645874,0.0022227868903428316
1425.1710572449258,1.001591444015503,0.002224037190899253
1425.1724461501356,1.001423716545105,0.002225226256996393
1425.173835055345,1.0068140029907227,0.002228270983323455
1425.1752239605837,1.004748821258545,0.002227247692644596
1425.1766128657928,1.0035737752914429,0.002226057928055525
1425.1780017710314,1.0018507242202759,0.002223765943199396
1425.1793906762412,1.001738429069519,0.00222598179243505
1425.1807795814798,0.9998186230659485,0.0022224632557481527
1425.1821684866902,1.000731348991394,0.0022242397535592318
1425.1835573919288,1.0024795532226562,0.0022250863257795572
1425.184946297167,1.000132441520691,0.002223401563242078
1425.1863352023765,1.002814531326294,0.002223993418738246
1425.1877241076152,1.0048514604568481,0.0022273880895227194
1425.189113012854,1.0018306970596313,0.0022237275261431932
1425.1905019180933,1.0047181844711304,0.0022276078816503286
1425.1918908233322,1.0044554471969604,0.0022263964638113976
1425.1932797285701,1.0033533573150635,0.002225082367658615
1425.194668633809,1.0042517185211182,0.002226783661171794
1425.1960575390476,1.0010693073272705,0.0022237200755625963
1425.1974464442862,0.9989379644393921,0.0022214693017303944
1425.1988353495258,1.0040017366409302,0.0022263198625296354
1425.2002242547935,0.9976646900177002,0.002221549628302455
1425.2016131600317,0.9978910684585571,0.002221959875896573
1425.2030020652703,1.004067063331604,0.002227570628747344
1425.2043909705383,1.0000677108764648,0.0022219608072191477
1425.2057798757762,0.998971700668335,0.0022243931889533997
1425.2071687810155,1.0004000663757324,0.0022225002758204937
1425.2085576862842,1.001631259918213,0.0022238644305616617
1425.2099465915514,1.0023542642593384,0.002224752213805914
1425.2113354967894,0.9974110722541809,0.002221413655206561
1425.2127244020573,1.0042973756790161,0.002227490535005927
1425.214113307325,1.0027145147323608,0.0022254176437854767
1425.2155022125637,1.0015672445297241,0.0022270502522587776
1425.2168911178323,1.006669044494629,0.0022277217358350754
1425.2182800231,0.9992796778678894,0.0022235987707972527
1425.2196689283674,0.999108612537384,0.002221717033535242
1425.221057833635,1.0033444166183472,0.002223907969892025
1425.222446738903,1.0031218528747559,0.002223651623353362
1425.22383564417,1.0038765668869019,0.0022281513083726168
1425.2252245494385,1.005850076675415,0.0022278514225035906
1425.2266134547071,1.0003758668899536,0.0022226329892873764
1425.2280023599744,1.0035712718963623,0.0022248276509344578
1425.2293912652713,1.0008362531661987,0.0022253263741731644
1425.230780170539,1.001273274421692,0.0022242055274546146
1425.2321690758063,1.004658579826355,0.002224867232143879
1425.233557981104,1.0021413564682007,0.002224514726549387
1425.2349468863724,1.002803087234497,0.0022245526779443026
1425.2363357916686,1.0010559558868408,0.002225093077868223
1425.2377246969365,1.0020976066589355,0.0022256148513406515
1425.2391136022334,1.0050731897354126,0.0022258395329117775
1425.2405025075007,1.0010952949523926,0.002222949406132102
1425.2418914127982,0.9973320960998535,0.0022228180896490812
1425.2432803180957,0.9978063106536865,0.0022206278517842293
1425.244669223363,1.0025888681411743,0.00222325068898499
1425.2460581286598,1.0037728548049927,0.002226832788437605
1425.2474470339569,1.003299355506897,0.002226156648248434
1425.248835939253,0.9999297261238098,0.0022235047072172165
1425.25022484455,1.002121090888977,0.0022239324171096087
1425.2516137498476,1.0030308961868286,0.002225130796432495
1425.2530026551447,1.0023279190063477,0.0022241449914872646
1425.2543915604415,1.0081998109817505,0.00222832802683115
1425.2557804657383,1.0002802610397339,0.002223256742581725
1425.2571693710347,1.0019422769546509,0.00222577340900898
1425.2585582763315,1.0014445781707764,0.0022235403303056955
1425.2599471816293,1.001267433166504,0.0022245694417506456
1425.2613360869552,0.9989668130874634,0.0022214986383914948
1425.2627249922523,0.9983806610107422,0.0022242600098252296
1425.2641138975494,1.0042747259140015,0.002226097509264946
1425.2655028028746,1.001299262046814,0.0022253140341490507
1425.2668917081714,1.0083110332489014,0.0022277627140283585
1425.2682806134683,1.002318024635315,0.0022239945828914642
1425.2696695187944,1.0032163858413696,0.0022238160017877817
1425.271058424121,0.9997345805168152,0.0022203007247298956
1425.2724473294181,1.0029032230377197,0.002224725903943181
1425.2738362347434,1.0039844512939453,0.002226783661171794
1425.2752251400404,1.0044275522232056,0.002224299591034651
1425.2766140453666,1.0010292530059814,0.0022228027228266
1425.2780029506926,1.0001728534698486,0.002223510295152664
1425.2793918560185,1.002073884010315,0.0022246160078793764
1425.2807807613156,1.0010602474212646,0.0022232725750654936
1425.2821696666415,1.0005806684494019,0.002222503535449505
1425.283558571967,1.006176471710205,0.0022261925041675568
1425.284947477293,0.9948731064796448,0.0022193309850990772
1425.2863363826198,1.0031551122665405,0.0022227608133107424
1425.2877252879457,1.0028952360153198,0.002223849995061755
1425.2891141932716,1.0009762048721313,0.0022246616426855326
1425.2905030985978,1.002530574798584,0.002224656054750085
1425.2918920039522,1.002017855644226,0.0022222623229026794
1425.2932809092783,1.0007760524749756,0.0022223317064344883
1425.2946698146043,0.9995694160461426,0.002224037190899253
1425.2960587199302,1.0035316944122314,0.0022253182251006365
1425.2974476252862,1.0033515691757202,0.0022247510496526957
1425.298836530612,0.9982417225837708,0.0022197647485882044
1425.3002254359376,0.9993727803230286,0.0022236027289181948
1425.3016143412926,1.0032107830047607,0.002224848372861743
1425.3030032466188,1.003213882446289,0.002224007388576865
1425.304392151974,0.9991560578346252,0.002222792711108923
1425.3057810573007,1.0026445388793945,0.002223661635071039
1425.307169962656,1.0026872158050537,0.0022229556925594807
1425.3085588680103,1.0003222227096558,0.002222220879048109
1425.3099477733365,1.0019285678863525,0.0022240490652620792
1425.3113366786915,1.0011708736419678,0.002222648123279214
1425.3127255840466,1.0013809204101562,0.0022228893358260393
1425.3141144893732,1.0015108585357666,0.0022233882918953896
1425.3155033947285,1.0069984197616577,0.002225560136139393
1425.3168923000828,1.000374436378479,0.0022215840872377157
1425.318281205438,1.003986120223999,0.002226391574367881
1425.3196701107934,0.9999995827674866,0.002223745221272111
1425.3210590161477,1.0033270120620728,0.0022243184503167868
1425.3224479215035,0.9991310834884644,0.002223306568339467
1425.3238368268594,0.9974018335342407,0.002221653936430812
1425.3252257322138,1.0037469863891602,0.00222206162288785
1425.3266146375688,1.0014225244522095,0.0022229510359466076
1425.328003542924,1.0047416687011719,0.002226014854386449
1425.3293924482784,0.9994590878486633,0.002221057889983058
1425.3307813536344,0.9983322620391846,0.0022216385696083307
1425.3321702590194,1.0010480880737305,0.002222137525677681
1425.3335591643738,1.0032509565353394,0.002224091673269868
1425.334948069729,1.0018947124481201,0.002222912386059761
1425.3363369751132,1.0028741359710693,0.0022255585063248873
1425.3377258804678,1.0039207935333252,0.002225437667220831
1425.339114785852,0.9997612237930298,0.0022220888640731573
1425.340503691208,1.003045678138733,0.0022228495217859745
1425.341892596563,1.0036638975143433,0.002225055592134595
1425.3432815019464,0.999367892742157,0.0022192508913576603
1425.3446704073306,1.002852439880371,0.0022235363721847534
1425.3460593126858,1.0053545236587524,0.0022256076335906982
1425.3474482180693,1.0017739534378052,0.002224798547104001
1425.3488371234253,1.0012918710708618,0.0022252700291574
1425.3502260288103,1.00407874584198,0.0022250120528042316
1425.3516149341938,1.0015697479248047,0.002224261173978448
1425.3530038395782,1.0034685134887695,0.0022244337014853954
1425.3543927449332,1.0012487173080444,0.002224523341283202
1425.3557816503167,1.0051349401474,0.002225748263299465
1425.3571705557017,1.0032533407211304,0.0022265438456088305
1425.3585594610865,1.000012755393982,0.002221205271780491
1425.35994836647,1.0057815313339233,0.0022276227828115225
1425.3613372718544,1.001107931137085,0.0022214220371097326
1425.3627261772388,1.0010278224945068,0.0022227608133107424
1425.3641150826222,1.0000962018966675,0.002222102601081133
1425.3655039880066,1.0000861883163452,0.002222994575276971
1425.3668928933914,1.0024851560592651,0.0022231328766793013
1425.3682817987758,0.9968331456184387,0.002222578041255474
1425.369670704189,0.9974781274795532,0.0022214630153030157
1425.3710596095732,1.0002753734588623,0.0022202227264642715
1425.3724485149567,0.9990872144699097,0.002220972441136837
1425.373837420341,0.9978649616241455,0.002221571048721671
1425.3752263257259,1.0028318166732788,0.0022238525561988354
1425.3766152311393,1.0025050640106201,0.0022244814317673445
1425.3780041365237,1.0035614967346191,0.0022235901560634375
1425.379393041937,1.0004832744598389,0.002222803421318531
1425.3807819473207,1.0026227235794067,0.0022240690886974335
1425.3821708527048,0.9986069798469543,0.002220987342298031
1425.383559758119,0.9970703721046448,0.002219846937805414
1425.384948663503,1.0022165775299072,0.002224242314696312
1425.3863375689164,1.0029958486557007,0.002221922855824232
1425.3877264743298,1.0010751485824585,0.0022221829276531935
1425.3891153797133,1.0011773109436035,0.0022218634840101004
1425.3905042851268,1.0007272958755493,0.002223093993961811
1425.39189319054,1.0008753538131714,0.002224532887339592
1425.3932820959242,1.000152826309204,0.002222738228738308
1425.3946710013383,1.0003294944763184,0.002223177580162883
1425.3960599067516,0.9990950226783752,0.0022226942237466574
1425.3974488121644,1.0038388967514038,0.002224285388365388
1425.3988377175485,0.9995270371437073,0.0022194134071469307
1425.400226622962,1.0007249116897583,0.002221923554316163
1425.4016155283753,0.99884432554245,0.002221334259957075
1425.4030044337894,1.0014292001724243,0.002222431357949972
1425.4043933392027,0.9958929419517517,0.00221832818351686
1425.4057822446155,1.0030924081802368,0.002223316580057144
1425.407171150028,1.006316900253296,0.002224427182227373
1425.4085600554415,0.9993003606796265,0.002221876522526145
1425.4099489608548,0.9995195269584656,0.0022217691875994205
1425.411337866268,1.0020724534988403,0.002223997376859188
1425.4127267716822,0.9998578429222107,0.0022199528757482767
1425.4141156770954,1.0021803379058838,0.0022218574304133654
1425.4155045825373,1.0022639036178589,0.0022228595335036516
1425.4168934879506,1.001857042312622,0.0022230499889701605
1425.418282393364,1.000322699546814,0.0022211172617971897
1425.4196712987773,1.0012872219085693,0.0022256053052842617
1425.4210602042206,0.9977419376373291,0.0022199468221515417
1425.4224491096338,1.0014734268188477,0.002222291426733136
1425.4238380150466,1.0025228261947632,0.002223361050710082
1425.425226920489,0.998511016368866,0.002222754992544651
1425.4266158259022,1.000062346458435,0.002221567090600729
1425.4280047313448,0.9990559816360474,0.00222164043225348
1425.4293936367587,1.0017987489700317,0.0022238667588680983
1425.4307825422013,0.9993681907653809,0.002218055771663785
1425.4321714476139,1.004207730293274,0.002224184572696686
1425.4335603530565,1.0007526874542236,0.0022228118032217026
1425.4349492584697,0.9983126521110535,0.0022228616289794445
1425.4363381639116,1.0028671026229858,0.002223883755505085
1425.4377270693255,1.003415822982788,0.0022236027289181948
1425.4391159747686,0.9993128180503845,0.0022215479984879494
1425.4405048802105,1.0027387142181396,0.00222299643792212
1425.4418937856237,1.0030405521392822,0.0022234690841287374
1425.4432826910663,0.9992826581001282,0.0022216103971004486
1425.444671596508,1.0073655843734741,0.002225102623924613
1425.446060501951,0.9978697299957275,0.00221882201731205
1425.4474494073943,1.0010061264038086,0.002221045084297657
1425.448838312807,1.0016536712646484,0.00222368654794991
1425.4502272182494,1.0004594326019287,0.002222752431407571
1425.4516161236918,1.0030522346496582,0.0022244732826948166
1425.4530050291337,0.9990625381469727,0.002221475588157773
1425.454393934577,0.9981889128684998,0.0022198983933776617
1425.45578284002,1.0011134147644043,0.0022222071420401335
1425.4571717454617,0.999855101108551,0.002222568728029728
1425.4585606509042,0.9986348152160645,0.002224547090008855
1425.4599495563468,1.0005995035171509,0.0022213179618120193
1425.4613384617885,1.0008587837219238,0.0022221405524760485
1425.4627273672309,1.001338005065918,0.002223368501290679
1425.4641162727032,1.0008630752563477,0.0022216287907212973
1425.4655051781456,1.0031826496124268,0.0022231093607842922
1425.466894083588,1.0001834630966187,0.002222667448222637
1425.4682829890305,1.0012099742889404,0.002223849995061755
1425.4696718944722,0.999721109867096,0.0022219642996788025
1425.4710607999432,1.0027458667755127,0.002224080730229616
1425.4724497053865,1.0009123086929321,0.0022210408933460712
1425.4738386108295,0.9982768893241882,0.0022186930291354656
1425.4752275162712,1.0010430812835693,0.0022250311449170113
1425.4766164217428,0.9959136843681335,0.002219209913164377
1425.4780053271852,1.0090954303741455,0.0022286504972726107
1425.4793942326562,1.000545859336853,0.0022219803649932146
1425.4807831380992,1.0019530057907104,0.0022231850307434797
1425.4821720435423,1.0021635293960571,0.0022212727926671505
1425.4835609490133,1.0034695863723755,0.002222762443125248
1425.4849498544556,1.0029526948928833,0.0022249105386435986
1425.4863387599273,0.9996628165245056,0.0022222213447093964
1425.487727665398,1.0016260147094727,0.002220832509920001
1425.4891165708407,1.0019679069519043,0.0022225514985620975
1425.4905054763128,1.0033568143844604,0.002222817623987794
1425.4918943817554,1.0033416748046875,0.0022230527829378843
1425.4932832872269,1.0001994371414185,0.0022230874747037888
1425.4946721926983,1.0006062984466553,0.002219473011791706
1425.4960610981402,1.0017186403274536,0.002220557536929846
1425.4974500036117,0.9987207651138306,0.0022221063263714314
1425.498838909084,0.9962505102157593,0.0022203789558261633
1425.5002278145264,1.0042898654937744,0.002223842078819871
1425.501616719998,1.003381609916687,0.0022219696547836065
1425.5030056254698,1.0044714212417603,0.002223165240138769
1425.5043945309405,1.0005576610565186,0.0022248742170631886
1425.505783436412,0.9977036118507385,0.002223065122961998
1425.5071723418844,1.0001965761184692,0.0022218620870262384
1425.5085612473267,0.9989091753959656,0.002222455805167556
1425.5099501527982,0.9965921640396118,0.0022192702163010836
1425.5113390582699,1.0005685091018677,0.0022214169148355722
1425.5127279637406,0.9995487928390503,0.0022220173850655556
1425.5141168692123,1.000381350517273,0.0022208529990166426
1425.515505774684,1.0015515089035034,0.002221529372036457
1425.5168946801555,0.9987664222717285,0.0022211908362805843
1425.5182835856278,0.999760627746582,0.0022198741789907217
1425.5196724910993,1.003443956375122,0.00222351704724133
1425.5210613965992,1.0001710653305054,0.0022195589262992144
1425.5224503020706,1.003472924232483,0.0022252036724239588
1425.5238392075423,1.0020376443862915,0.0022237154189497232
1425.525228113014,1.0038083791732788,0.0022258423268795013
1425.5266170184861,1.0021460056304932,0.002224863739684224
1425.5280059239578,1.0016453266143799,0.0022236607037484646
1425.5293948294286,1.0004884004592896,0.0022235603537410498
1425.5307837349294,1.001717448234558,0.002223107498139143
1425.5321726404009,0.9988355040550232,0.0022210015449672937
1425.5335615458723,1.0002601146697998,0.002221855567768216
1425.5349504513738,0.9945662617683411,0.0022176154889166355
1425.5363393568452,1.0006376504898071,0.002221745438873768
1425.537728262316,0.9992726445198059,0.0022196220234036446
1425.5391171678161,1.0008059740066528,0.002221514005213976
1425.5405060732876,1.0002214908599854,0.002221552189439535
1425.5418949787593,1.0024945735931396,0.0022228595335036516
1425.54328388426,1.001376748085022,0.002223114250227809
1425.5446727897322,1.0003067255020142,0.0022203270345926285
1425.546061695233,0.9983071684837341,0.002218937035650015
1425.5474506007038,1.002592921257019,0.002223774092271924
1425.5488395062046,1.0022541284561157,0.0022226148284971714
1425.550228411676,0.9968333840370178,0.002221324946731329
1425.5516173171766,0.9970371127128601,0.00222133775241673
1425.5530062226487,1.0014137029647827,0.002221182221546769
1425.5557840336203,1.0002669095993042,0.0022230632603168488
1425.557172939121,1.0027045011520386,0.002222278853878379
1425.5585618446219,0.9948993921279907,0.0022172487806528807
1425.5599507500933,0.9996187686920166,0.002221176866441965
1425.5613396555948,1.0040031671524048,0.002225235104560852
1425.5627285610954,1.001168966293335,0.0022248830646276474
1425.5641174665664,1.0037914514541626,0.002223739167675376
1425.565506372067,0.9986050724983215,0.00222574220970273
1425.5668952775675,1.0035362243652344,0.002225236501544714
1425.5682841830674,1.0005437135696411,0.0022222904954105616
1425.5696730885397,0.999699592590332,0.002223609946668148
1425.5710619940412,0.9995654225349426,0.0022233063355088234
1425.572450899541,1.0054585933685303,0.002225316595286131
1425.5738398050419,0.9983425140380859,0.002221339149400592
1425.5752287105424,1.001338243484497,0.002224206691607833
1425.5766176160425,1.0034986734390259,0.002225428121164441
1425.5780065215147,1.0023648738861084,0.0022244779393076897
1425.579395427016,1.003942847251892,0.002224154770374298
1425.580784332516,1.0028554201126099,0.002224723808467388
1425.5821732380166,1.0014756917953491,0.002223745221272111
1425.5835621435174,1.0017424821853638,0.002224518219009042
1425.5849510490173,1.0013502836227417,0.0022233256604522467
1425.5863399545185,1.0008807182312012,0.002226113574579358
1425.58772886002,1.0023274421691895,0.0022253277711570263
1425.58911776552,1.0042121410369873,0.002224929165095091
1425.5905066710206,1.0008341073989868,0.0022246718872338533
1425.5918955765212,0.9984512329101562,0.002220882335677743
1425.5932844820213,0.9997261762619019,0.0022227901499718428
1425.594673387551,1.00165855884552,0.002222648588940501
1425.5960622930525,0.9977518916130066,0.0022213789634406567
1425.597451198553,1.001710057258606,0.0022245142608880997
1425.5988401040538,0.9992758631706238,0.0022227950394153595
1425.6002290095544,0.9987471103668213,0.0022238066885620356
1425.6016179150545,1.0025991201400757,0.002226808574050665
1425.6030068205544,1.003942847251892,0.0022233014460653067
1425.6043957260847,1.002529263496399,0.002222444862127304
1425.6057846315862,0.9998453855514526,0.002221130533143878
1425.6071735370863,1.0000742673873901,0.0022218236699700356
1425.6085624425868,1.0003385543823242,0.002222728915512562
1425.6099513481165,1.00540292263031,0.0022247128654271364
1425.6113402536164,0.9980092644691467,0.002220679773017764
1425.6127291591179,1.0009098052978516,0.002224226947873831
1425.6141180646484,1.0007665157318115,0.0022228809539228678
1425.6155069701483,0.9996824264526367,0.0022197107318788767
1425.616895875649,1.0003228187561035,0.002222870709374547
1425.6182847811788,1.0012767314910889,0.002222354058176279
1425.6196736866789,1.0018463134765625,0.0022254057694226503
1425.6210625922085,0.9955505132675171,0.0022187093272805214
1425.62245149771,1.0006952285766602,0.0022232800256460905
1425.6238404032106,1.0026624202728271,0.002224141266196966
1425.6252293087402,1.0010156631469727,0.0022236250806599855
1425.626618214241,0.9958265423774719,0.002221297239884734
1425.62800711977,0.9988802075386047,0.002220411319285631
1425.6293960252708,1.001478672027588,0.002224839525297284
1425.6307849308012,1.0010608434677124,0.002222968265414238
1425.632173836302,1.0006186962127686,0.002221634378656745
1425.6335627418316,1.0050938129425049,0.002225000411272049
1425.6349516473322,0.9987629055976868,0.0022200809326022863
1425.6363405528614,1.0017672777175903,0.0022247754968702793
1425.637729458391,0.9984761476516724,0.00222287280485034
1425.6391183638925,1.002734899520874,0.0022248548921197653
1425.6405072694222,0.9981133937835693,0.0022217186633497477
1425.641896174923,1.0005910396575928,0.002221511211246252
1425.6432850804526,1.0032238960266113,0.002224264433607459
1425.6446739859819,1.0051978826522827,0.002227105898782611
1425.6460628914824,1.0030888319015503,0.0022247922606766224
1425.647451797012,1.0022673606872559,0.0022249803878366947
1425.648840702542,1.002945899963379,0.0022230600006878376
1425.6502296080432,0.9980735182762146,0.0022192480973899364
1425.651618513573,1.0011335611343384,0.0022234595380723476
1425.653007419102,0.9993927478790283,0.0022234865464270115
1425.654396324632,1.0026566982269287,0.002224139403551817
1425.6557852301326,1.002950668334961,0.0022258847020566463
1425.6571741356622,1.0032575130462646,0.0022235075011849403
1425.6585630411928,0.9994466304779053,0.002223104005679488
1425.6599519467225,1.0008058547973633,0.0022222583647817373
1425.6613408522517,1.000678300857544,0.002223856281489134
1425.6627297577522,1.0007816553115845,0.0022226301953196526
1425.6641186632821,0.9975818395614624,0.0022187908180058002
1425.665507568812,0.9983341693878174,0.0022203130647540092
1425.6668964743417,1.0018361806869507,0.0022229363676160574
1425.6682853798713,1.0016725063323975,0.0022261200938373804
1425.6696742854012,1.0066887140274048,0.0022256800439208746
1425.6710631909302,1.0028035640716553,0.002226229989901185
1425.6724520964601,1.003371238708496,0.002224529394879937
1425.6738410019905,1.0031365156173706,0.0022242506965994835
1425.6752299075204,1.0018924474716187,0.0022247163578867912
1425.676618813021,1.0046190023422241,0.002224486554041505
1425.6780077185506,1.0010278224945068,0.002221546834334731
1425.6793966240798,1.00283944606781,0.0022229482419788837
1425.6807855296095,1.0010898113250732,0.0022210143506526947
1425.6821744351394,0.9987834692001343,0.002222157781943679
1425.6835633406693,1.0008211135864258,0.002221795031800866
1425.6849522462287,1.0036619901657104,0.002224467694759369
1425.6863411517584,1.0012247562408447,0.002223988762125373
1425.6877300572876,1.0027207136154175,0.002225477248430252
1425.6891189628172,1.0024452209472656,0.002223904710263014
1425.690507868347,1.0003215074539185,0.0022231980692595243
1425.6918967738768,0.9989013671875,0.0022206709254533052
1425.6932856794072,1.0032384395599365,0.0022235179785639048
1425.694674584937,1.0002665519714355,0.002219770336523652
1425.696063490466,1.0032047033309937,0.0022232248447835445
1425.697452395996,1.0009421110153198,0.0022218008525669575
1425.6988413015258,0.9988474249839783,0.0022192553151398897
1425.7002302070846,1.0012197494506836,0.0022218471858650446
1425.7016191126152,1.0035778284072876,0.0022250302135944366
1425.7030080181448,0.9991122484207153,0.002223068382591009
1425.7043969236738,0.9996891617774963,0.002220763359218836
1425.7057858292035,1.001610517501831,0.0022218285594135523
1425.7071747347625,1.000967025756836,0.0022213745396584272
1425.7085636402915,0.9979060292243958,0.002221679547801614
1425.709952545822,1.0027241706848145,0.0022242008708417416
1425.7113414513526,1.0011330842971802,0.0022233626805245876
1425.7127303569107,1.0003892183303833,0.0022207885049283504
1425.7141192624406,0.9984620809555054,0.0022204481065273285
1425.7155081679703,1.0010552406311035,0.0022222385741770267
1425.7168970734992,1.003962755203247,0.002225686563178897
1425.718285979059,1.0042959451675415,0.002224402967840433
1425.7196748845893,1.0018975734710693,0.00222249748185277
1425.7210637901183,1.0006364583969116,0.002222933806478977
1425.7224526956772,1.004189133644104,0.0022238034289330244
1425.7238416012071,0.9986657500267029,0.002222024369984865
1425.7252305067361,0.998834490776062,0.0022205349523574114
1425.7266194122956,0.9980937838554382,0.0022201696410775185
1425.7280083178262,0.9966902136802673,0.002220168011263013
1425.7293972233554,0.9977549314498901,0.002220212947577238
1425.7307861289135,1.0028420686721802,0.002223837422206998
1425.7321750344431,0.9986658692359924,0.002219798509031534
1425.7335639400019,0.9989608526229858,0.0022204292472451925
1425.734952845531,1.0013508796691895,0.00222206674516201
1425.7363417510908,0.9951380491256714,0.002218525158241391
1425.7377306566211,1.001807689666748,0.002222406677901745
1425.73911956215,1.0046900510787964,0.0022281589917838573
1425.740508467709,1.0010555982589722,0.002224163617938757
1425.741897373239,1.0006293058395386,0.002221700269728899
1425.743286278797,1.0029311180114746,0.0022246241569519043
1425.7446751843274,0.9987267851829529,0.002221752656623721
1425.746064089887,1.0010758638381958,0.00222407141700387
1425.747452995416,1.00107741355896,0.002224875148385763
1425.7488419009749,1.005144476890564,0.0022264302242547274
1425.7502308065048,1.0000642538070679,0.0022247713059186935
1425.7516197120628,0.998150110244751,0.0022222178522497416
1425.7530086175934,1.0028769969940186,0.0022240187972784042
1425.754397523153,1.0025452375411987,0.0022250222973525524
1425.7557864287112,0.9972071051597595,0.00221872515976429
1425.757175334241,1.0023213624954224,0.0022248830646276474
1425.7599531453288,1.0004339218139648,0.002220640890300274
1425.7613420508885,1.0004525184631348,0.002223241375759244
1425.7627309564189,1.0015017986297607,0.0022215547505766153
1425.764119861977,0.9981196522712708,0.002221363130956888
1425.765508767536,0.9992190003395081,0.0022216113284230232
1425.7668976730658,1.0044541358947754,0.0022237496450543404
1425.768286578624,1.0038387775421143,0.0022243806160986423
1425.769675484183,0.9997039437294006,0.0022210218012332916
1425.7710643897133,1.0033762454986572,0.0022238404490053654
1425.7724532952723,1.0014731884002686,0.0022212122566998005
1425.773842200802,1.0020649433135986,0.002224856521934271
1425.7752311063607,1.0004119873046875,0.0022228837478905916
1425.776620011919,1.0040091276168823,0.0022257629316300154
1425.7780089174778,1.0012320280075073,0.0022202143445611
1425.7793978230081,0.9993132948875427,0.0022202813997864723
1425.7807867285671,1.0036296844482422,0.0022226967848837376
1425.7821756341261,0.9975622296333313,0.002220356371253729
1425.7835645396558,1.0058501958847046,0.002225165953859687
1425.7849534452141,1.0020415782928467,0.002221787115558982
1425.7863423507729,1.0000762939453125,0.00222090445458889
1425.7877312563035,1.0042541027069092,0.002224257681518793
1425.7891201618622,1.0002834796905518,0.0022219433449208736
1425.790509067421,1.0010478496551514,0.0022231608163565397
1425.79189797298,0.9987576603889465,0.0022208106238394976
1425.793286878538,1.0028852224349976,0.002224258380010724
1425.794675784068,1.0020626783370972,0.002225946867838502
1425.7960646896267,1.0047670602798462,0.0022249044850468636
1425.7974535951855,0.9995414614677429,0.0022203493863344193
1425.7988425007445,1.0017266273498535,0.002222960814833641
1425.8002314062744,0.9991194605827332,0.002221365924924612
1425.8016203118332,1.0006903409957886,0.0022239049430936575
1425.8030092173915,0.9960577487945557,0.0022197673097252846
1425.8043981229503,1.002562403678894,0.002224039053544402
1425.80578702851,1.0018866062164307,0.002223761286586523
1425.8071759340687,1.004678726196289,0.0022235943470150232
1425.8085648395984,0.9977867007255554,0.0022209316957741976
1425.8099537451574,0.9996731281280518,0.002221353817731142
1425.8113426507155,0.9986467957496643,0.002222689101472497
1425.8127315562745,1.0045502185821533,0.0022251743357628584
1425.814120461834,1.000887155532837,0.002221490256488323
1425.815509367393,1.003023624420166,0.002222258597612381
1425.8168982729226,1.0010672807693481,0.0022253859788179398
1425.8182871784813,1.0031704902648926,0.0022246926091611385
1425.8196760840397,1.004578948020935,0.002225438831374049
1425.8210649895984,1.002159833908081,0.002224876545369625
1425.8224538951579,1.0035598278045654,0.0022232611663639545
1425.8238428007169,0.9956960678100586,0.002219068817794323
1425.8252317062759,0.9999974966049194,0.002222995040938258
1425.8266206118346,1.000900387763977,0.0022221277467906475
1425.828009517393,1.0005472898483276,0.0022201789543032646
1425.8293984229517,0.9985314607620239,0.0022198364604264498
1425.8307873285105,1.0009773969650269,0.002223059069365263
1425.8321762340404,1.0003167390823364,0.0022219358943402767
1425.8335651395998,1.0004078149795532,0.00222134031355381
1425.8349540451588,1.0012789964675903,0.0022223766427487135
1425.836342950717,1.0032778978347778,0.002222660696133971
1425.837731856276,1.00343656539917,0.002225911943241954
1425.8391207618347,1.0015103816986084,0.002222951967269182
1425.8405096673935,1.0012328624725342,0.002223159186542034
1425.8418985729531,1.0021865367889404,0.0022218546364456415
1425.843287478512,1.00062096118927,0.0022216681391000748
1425.8446763840702,1.0010334253311157,0.0022229752503335476
1425.846065289629,1.0015020370483398,0.002223477466031909
1425.847454195188,0.9977946281433105,0.002218847395852208
1425.848843100747,1.0039764642715454,0.0022231205366551876
1425.8502320063064,1.0042825937271118,0.0022236856166273355
1425.8516209118652,1.0006316900253296,0.0022216993384063244
1425.8530098174235,1.0008975267410278,0.0022217505611479282
1425.8543987229823,1.0045338869094849,0.002224532188847661
1425.855787628541,1.0011879205703735,0.0022225012071430683
1425.8571765341,0.9984510540962219,0.002223116811364889
1425.8585654396595,1.0024374723434448,0.002222553826868534
1425.8599543452185,1.0017749071121216,0.0022224693093448877
1425.8613432507766,1.0003511905670166,0.0022225240245461464
1425.862732156335,1.0041295289993286,0.0022235566284507513
1425.8641210618937,0.9994072914123535,0.0022220707032829523
1425.8655099674527,1.0012824535369873,0.002220976399257779
1425.8668988730115,0.995834469795227,0.0022195992060005665
1425.8682877785711,1.0017560720443726,0.0022226201836019754
1425.86967668413,0.9981484413146973,0.0022203493863344193
1425.8710655897173,1.000471830368042,0.002221460221335292
1425.872454495276,1.0000410079956055,0.0022215554490685463
1425.8738434008349,1.0016775131225586,0.002222977578639984
1425.8752323063939,1.002624273300171,0.002223568968474865
1425.8766212119533,0.9997434616088867,0.0022215440403670073
1425.8780101175123,1.0002583265304565,0.0022219717502593994
1425.8793990230704,1.0014835596084595,0.0022227708250284195
1425.8807879286294,0.9986898899078369,0.002221215981990099
1425.8821768341882,0.9991297125816345,0.0022181225940585136
1425.883565739747,1.0005543231964111,0.0022197796497493982
1425.8849546453066,1.0009502172470093,0.0022250409238040447
1425.8863435508654,0.9981825947761536,0.0022220632527023554
1425.8877324564528,1.0040647983551025,0.0022232558112591505
1425.8891213620116,1.0004582405090332,0.0022215712815523148
1425.8905102675706,0.9994865655899048,0.0022214166820049286
1425.8918991731296,1.005210280418396,0.0022243454586714506
1425.893288078689,1.0013633966445923,0.0022226416040211916
1425.894676984248,1.002495527267456,0.0022222932893782854
1425.896065889806,1.0009336471557617,0.0022251734044402838
1425.8974547953649,0.9986904263496399,0.0022210581228137016
1425.8988437009236,1.0052722692489624,0.0022252723574638367
1425.900232606511,0.9977035522460938,0.002220612484961748
1425.9016215120707,1.000651240348816,0.0022222406696528196
1425.9030104176302,1.0031005144119263,0.0022242909763008356
1425.9043993231883,0.9987891912460327,0.002221758011728525
1425.9057882287473,0.9999282956123352,0.002222732873633504
1425.9071771343063,0.9968221187591553,0.002219675574451685
1425.9085660398644,0.9991574287414551,0.0022213782649487257
1425.909954945453,0.9992892742156982,0.002221256960183382
1425.9113438510126,1.002962350845337,0.002226123819127679
1425.9127327565707,1.000050663948059,0.0022206795401871204
1425.9141216621294,0.9964786171913147,0.0022205139975994825
1425.9155105676884,0.9999759197235107,0.0022204953711479902
1425.9168994732465,0.9994673728942871,0.0022202907130122185
1425.9182883788062,0.9998567700386047,0.0022216173820197582
1425.919677284395,1.003024697303772,0.002223100746050477
1425.921066189953,1.0044150352478027,0.00222372286953032
1425.922455095512,1.000372290611267,0.0022234662901610136
1425.9238440010708,1.0041898488998413,0.0022277275566011667
1425.9252329066292,0.9977890253067017,0.0022196725476533175
1425.926621812188,1.0013843774795532,0.0022225605789572
1425.9280107177765,1.0023601055145264,0.002224277937784791
1425.9293996233353,0.9996491074562073,0.0022219771053642035
1425.9307885288936,0.9997794032096863,0.0022256949450820684
1425.9321774344523,1.002012014389038,0.0022243200801312923
1425.9335663400113,0.9974390864372253,0.002220284892246127
1425.9349552455694,0.9963979721069336,0.0022202529944479465
1425.9363441511582,0.9989253878593445,0.002221803879365325
1425.937733056718,1.0028377771377563,0.002223527291789651
1425.939121962276,0.9988278150558472,0.002222024369984865
1425.940510867835,0.9983236193656921,0.0022223719861358404
1425.9418997733937,1.0012412071228027,0.0022236485965549946
1425.943288678981,0.9991917014122009,0.0022221847902983427
1425.9446775845406,0.9954626560211182,0.0022177190985530615
1425.9460664901,1.00203537940979,0.002222278621047735
1425.9474553956582,0.9994666576385498,0.002224305644631386
1425.9488443012172,1.0011624097824097,0.0022242050617933273
1425.9502332068053,1.0030666589736938,0.002225936157628894
1425.9516221123633,0.9993672966957092,0.00222337176091969
1425.9530110179228,0.9969155788421631,0.0022209277376532555
1425.9543999234825,1.0023701190948486,0.0022218984086066484
1425.9557888290408,1.0016164779663086,0.0022226825822144747
1425.9571777345996,1.0031521320343018,0.0022279417607933283
1425.9585666401874,0.9994810223579407,0.002220689319074154
1425.9599555457455,1.0020055770874023,0.002223111456260085
1425.9613444513052,0.9995318651199341,0.0022214266937226057
1425.9627333568649,1.0007628202438354,0.0022204734850674868
1425.964122262423,0.9976396560668945,0.0022209070157259703
1425.965511168011,1.000362515449524,0.0022228581365197897
1425.9669000735698,0.9981971979141235,0.0022205947898328304
1425.9682889791281,0.9996167421340942,0.002223704708740115
1425.969677884687,0.9989649057388306,0.0022221351973712444
1425.9710667902466,0.9997156858444214,0.0022241254337131977
1425.9724556958345,1.0004093647003174,0.002222862560302019
1425.9738446013932,0.9984071850776672,0.0022207603324204683
1425.9752335069522,0.9997022151947021,0.0022211112082004547
1425.9766224125103,1.002315640449524,0.002222442300990224
1425.9780113180693,1.001240611076355,0.0022233787458389997
1425.9794002236579,1.0002110004425049,0.002224620431661606
1425.9807891292169,1.0012738704681396,0.002222329843789339
1425.9821780347756,1.0009721517562866,0.0022228152956813574
1425.9835669403344,1.0023505687713623,0.0022236276417970657
1425.9849558458927,0.9993961453437805,0.002221757313236594
1425.9863447514806,1.000072717666626,0.0022218073718249798
1425.9877336570403,0.9975824952125549,0.0022249675821512938
1425.989122562599,1.0004912614822388,0.0022221182007342577
1425.9905114681571,0.9969081282615662,0.0022194397170096636
1425.9919003737161,1.0021790266036987,0.0022245622240006924
1425.9932892793042,1.0003740787506104,0.0022222455590963364
1425.9946781848623,0.9922224879264832,0.0022188785951584578
1425.9960670904218,0.9961664080619812,0.0022181272506713867
1425.9974559959815,0.9957231879234314,0.002222206676378846
1425.9988449015398,0.9992021322250366,0.002221812726929784
1426.0002338071276,0.9958804845809937,0.0022193065378814936
1426.0016227126864,1.000519037246704,0.0022235868964344263
1426.0030116182445,1.002963662147522,0.00222337176091969
1426.0044005238035,1.0019177198410034,0.002223318675532937
1426.005789429363,0.9991746544837952,0.0022225233260542154
1426.007178334951,1.0017565488815308,0.002222006442025304
1426.00856724051,0.9997082352638245,0.0022223847918212414
1426.0099561460688,1.0021711587905884,0.0022243799176067114
1426.0113450516271,0.9997529983520508,0.0022211684845387936
1426.012733957186,0.9971731901168823,0.002221975941210985
1426.0141228627456,0.9985021352767944,0.002221152652055025
1426.0155117683335,1.00178861618042,0.002224453492090106
1426.0169006738922,0.9995803236961365,0.0022206814028322697
1426.0182895794512,0.9973719716072083,0.0022211966570466757
1426.0196784850093,1.0023715496063232,0.0022229354362934828
1426.0210673905683,1.0035680532455444,0.0022229538299143314
1426.0224562961278,1.0007154941558838,0.0022220395039767027
1426.0238452017159,0.9988877773284912,0.002223631599918008
1426.0252341072746,1.0000144243240356,0.002222076989710331
1426.0266230128334,0.9985537528991699,0.002221760805696249
1426.0280119183917,1.0008094310760498,0.0022246281150728464
1426.0294008239505,1.0017430782318115,0.002222568029537797
1426.0307897295102,1.0028040409088135,0.002222613897174597
1426.032178635098,0.9969059228897095,0.002220697468146682
1426.033567540657,0.9993644952774048,0.0022225878201425076
1426.0349564462158,0.996085524559021,0.0022183493711054325
1426.0363453517741,1.0027153491973877,0.0022245817817747593
1426.0377342573329,1.0025019645690918,0.002225047443062067
1426.0391231628917,0.9984372854232788,0.0022236942313611507
1426.0405120684798,1.0001062154769897,0.002225408097729087
1426.0419009740392,1.0007870197296143,0.002222564769908786
1426.0432898795982,1.0016988515853882,0.0022228541783988476
1426.0446787851563,1.0034440755844116,0.0022243878338485956
1426.0460676907153,0.9978596568107605,0.002220108173787594
1426.047456596274,0.9979387521743774,0.0022222287952899933
1426.0488455018328,1.0007662773132324,0.0022258292883634567
1426.0502344074216,1.000181794166565,0.002221710979938507
1426.0516233129804,0.9964966773986816,0.0022192790638655424
1426.0530122185387,1.0048834085464478,0.002226301934570074
1426.0544011240975,1.0013482570648193,0.002222080249339342
1426.0557900296565,1.0022733211517334,0.002225767355412245
1426.0571789352155,0.9993482232093811,0.0022222839761525393
1426.0585678407742,0.9988555312156677,0.0022214320488274097
1426.059956746333,0.9992521405220032,0.0022233002819120884
1426.061345651921,0.99658203125,0.002220297697931528
1426.0627345574792,1.0041970014572144,0.0022246588487178087
1426.0641234630382,0.9950705766677856,0.0022196739446371794
1426.0655123685976,1.0023568868637085,0.002224839059635997
1426.0669012741566,0.9987016916275024,0.0022220700047910213
1426.0682901797154,0.9984709024429321,0.002221815288066864
1426.0696790852742,0.9975299835205078,0.0022217563819140196
1426.0710679908325,0.9957976341247559,0.0022228898014873266
1426.0724568963913,0.9972532391548157,0.0022217135410755873
1426.0738458019503,1.0008865594863892,0.0022259096149355173
1426.0752347075384,1.0000460147857666,0.002222970128059387
1426.0766236130978,0.9972102046012878,0.0022219803649932146
1426.0780125186566,1.0002247095108032,0.0022226956207305193
1426.079401424215,1.0014251470565796,0.002225418807938695
1426.0807903297737,0.9993880391120911,0.0022254949435591698
1426.0821792353324,1.001257300376892,0.002224600873887539
1426.0835681408914,1.000150203704834,0.002224919619038701
1426.0849570464509,0.9981695413589478,0.002220197580754757
1426.0863459520099,1.0020623207092285,0.002223999472334981
1426.087734857568,0.9998522996902466,0.0022207715082913637
1426.089123763127,1.0007654428482056,0.00222353870049119
1426.090512668686,0.9990571141242981,0.0022226490546017885
1426.0919015742447,1.000300407409668,0.002222789917141199
1426.0932904798044,1.0009686946868896,0.0022236572112888098
1426.0946793853632,0.9955936074256897,0.002220198279246688
1426.0960682909213,1.0011721849441528,0.002223354997113347
1426.09745719648,1.0000706911087036,0.0022226227447390556
1426.0988461020681,1.0006359815597534,0.002226276556029916
1426.1002350076271,0.9992502331733704,0.0022216844372451305
1426.1016239131866,1.001944899559021,0.0022247477900236845
1426.1030128187456,0.9994826912879944,0.0022225005086511374
1426.1044017243037,1.003847599029541,0.0022237494122236967
1426.1057906298627,0.9991476535797119,0.002221885835751891
1426.1071795354214,1.0009231567382812,0.002224008785560727
1426.1085684409802,0.9991059899330139,0.0022218774538487196
1426.1099573465397,1.0001777410507202,0.0022230432368814945
1426.1113462520987,0.9959613680839539,0.0022198844235390425
1426.1127351576567,1.0032047033309937,0.0022263505961745977
1426.1141240632157,0.9989034533500671,0.00222305697388947
1426.1155129687747,0.9992263913154602,0.0022243766579777002
1426.1169018743328,0.9967949390411377,0.0022208294831216335
1426.1182907798632,1.0006858110427856,0.0022229994647204876
1426.1196796854229,0.996829092502594,0.0022209675516933203
1426.1210685909812,1.0034602880477905,0.00222608121111989
1426.1224574965393,0.9978398084640503,0.002222170354798436
1426.123846402098,0.9913365244865417,0.002218827838078141
1426.1252353076568,1.0033073425292969,0.002228752477094531
1426.1266242132158,1.0006715059280396,0.00222497689537704
1426.1280131187752,0.9999121427536011,0.0022251163609325886
1426.1294020243342,0.9952132105827332,0.0022207186557352543
1426.1307909298923,0.9992157816886902,0.002221378032118082
1426.1321798354513,0.9991459846496582,0.002225903794169426
1426.1335687410103,1.0009382963180542,0.0022214041091501713
1426.134957646569,1.0006414651870728,0.0022227030713111162
1426.1363465521288,1.0022484064102173,0.002225529635325074
1426.1377354576875,1.0008623600006104,0.002223916118964553
1426.1391243632456,1.0000112056732178,0.0022215459030121565
1426.1405132687753,1.001091480255127,0.002223420888185501
1426.1419021743343,1.001033902168274,0.0022235827054828405
1426.1432910798933,1.0000004768371582,0.002222307026386261
1426.1446799854527,1.0032707452774048,0.0022243864368647337
1426.1460688910117,0.9996888041496277,0.0022245883010327816
1426.1474577965698,1.0042086839675903,0.0022281287238001823
1426.1488467021288,1.0014965534210205,0.00222368654794991
1426.1502356076876,1.001288652420044,0.0022233189083635807
1426.1516245132173,0.9991746544837952,0.002222526352852583
1426.153013418777,0.9981459975242615,0.0022212595213204622
1426.1544023243357,1.0000531673431396,0.002222554525360465
1426.1557912298938,0.9999679327011108,0.0022216420620679855
1426.1571801354528,1.0013322830200195,0.002223716350272298
1426.1585690410118,0.9981074333190918,0.0022226227447390556
1426.1599579465699,1.0006508827209473,0.0022227519657462835
1426.1613468521002,0.9942132830619812,0.002218166831880808
1426.16273575766,1.0018601417541504,0.0022245952859520912
1426.1641246632182,1.0007156133651733,0.002224078867584467
1426.165513568777,1.0024471282958984,0.0022238874807953835
1426.1669024743358,0.9942466020584106,0.002223802963271737
1426.168291379865,1.0006582736968994,0.002224126597866416
1426.1696802854244,0.9982616305351257,0.0022248204331845045
1426.171069190984,1.0022355318069458,0.00222342018969357
1426.1724580965422,0.9992215037345886,0.0022214497439563274
1426.173847002072,1.002406358718872,0.0022232034243643284
1426.1752359076308,0.9988941550254822,0.002221151487901807
1426.1766248131892,0.9995947480201721,0.002223631599918008
1426.1780137187486,1.000249981880188,0.0022255568765103817
1426.179402624308,0.9989214539527893,0.002220879541710019
1426.1807915298373,1.002277135848999,0.0022227263543754816
1426.182180435396,0.9989538788795471,0.002221942413598299
1426.183569340955,1.0008811950683594,0.0022229114547371864
1426.184958246484,1.00286865234375,0.0022235505748540163
1426.186347152043,0.9968777894973755,0.0022200781386345625
1426.1877360576025,0.9990878105163574,0.002221007365733385
1426.1891249631615,0.9975994825363159,0.0022196089848876
1426.1905138686905,0.9972822070121765,0.0022221675608307123
1426.1919027742495,1.0016049146652222,0.0022229428868740797
1426.1932916798082,0.9959847927093506,0.0022240665275603533
1426.194680585338,1.0022259950637817,0.00222394778393209
1426.1960694908976,0.9984026551246643,0.0022223899140954018
1426.1974583964563,0.99897700548172,0.0022211335599422455
1426.1988473019856,1.0017447471618652,0.0022229936439543962
1426.2002362075443,0.9992464780807495,0.002223002025857568
1426.2016251131033,0.9993500113487244,0.0022239231038838625
1426.2030140186323,0.9971343278884888,0.0022220744285732508
1426.2044029241918,1.0007282495498657,0.0022224460262805223
1426.2057918297514,1.0018690824508667,0.0022242264822125435
1426.2071807352806,0.9980543851852417,0.0022218520753085613
1426.2085696408394,0.9934408664703369,0.002218533307313919
1426.209958546369,1.0005906820297241,0.0022226807195693254
1426.2113474519274,1.0020596981048584,0.002223790856078267
1426.212736357487,1.000083565711975,0.0022235538344830275
1426.2141252630174,0.9976152181625366,0.0022227626759558916
1426.2155141685755,1.002721905708313,0.002224548486992717
1426.2169030741054,0.9971368312835693,0.0022213165648281574
1426.2182919796642,0.9986298680305481,0.0022242977283895016
1426.2196808852225,1.0011860132217407,0.0022236460354179144
1426.2210697907528,0.9988406896591187,0.0022218471858650446
1426.2224586963123,0.9972231984138489,0.0022201251704245806
1426.2238476018415,0.9971557855606079,0.0022223819978535175
1426.2252365074003,1.0023151636123657,0.0022251948248595
1426.2266254129302,1.0004541873931885,0.002223317278549075
1426.2280143184882,0.9976975917816162,0.0022252611815929413
1426.2294032240186,1.0044629573822021,0.002225987846031785
1426.2307921295783,1.00235116481781,0.0022260488476604223
1426.2321810351075,1.0032492876052856,0.0022277149837464094
1426.2335699406663,1.0028724670410156,0.002226706361398101
1426.234958846196,1.0012370347976685,0.002226254902780056
1426.2363477517542,1.0016276836395264,0.0022249866742640734
1426.2377366572848,1.0000967979431152,0.002223572926595807
1426.2391255628443,1.001068115234375,0.0022239116951823235
1426.2405144683732,0.9987990856170654,0.002223607851192355
1426.2419033739322,1.0025430917739868,0.002224768977612257
1426.243292279462,1.000822901725769,0.00222301809117198
1426.2446811849911,1.0006660223007202,0.0022240288089960814
1426.24607009055,0.9996869564056396,0.002221428556367755
1426.2474589960805,0.9995482563972473,0.002223455347120762
1426.2488479016392,1.0024126768112183,0.0022242849227041006
1426.2502368071684,1.0043824911117554,0.002227427437901497
1426.2516257126981,1.0040408372879028,0.00222516106441617
1426.2530146182569,0.9974281191825867,0.002220184076577425
1426.254403523786,0.9991657137870789,0.002222926588729024
1426.2557924293458,0.9947893619537354,0.0022172548342496157
1426.2571813348761,1.0009671449661255,0.0022244977299124002
1426.258570240405,0.9992479085922241,0.002222840441390872
1426.259959145964,1.001257061958313,0.0022246292792260647
1426.2613480514938,0.9983641505241394,0.002220493508502841
1426.262736957023,1.0035839080810547,0.0022265021689236164
1426.2641258625824,0.9978945851325989,0.002222664188593626
1426.2655147681128,1.0024083852767944,0.0022255321964621544
1426.266903673642,1.0013939142227173,0.0022241726983338594
1426.2682925792008,1.0030194520950317,0.002221618313342333
1426.2696814847307,0.9995937943458557,0.002220959635451436
1426.2710703902596,0.9966194033622742,0.002221931703388691
1426.2724592958193,0.9997913241386414,0.0022226176224648952
1426.2738482013497,0.9985294938087463,0.0022212504409253597
1426.2752371068789,0.9982945919036865,0.0022236276417970657
1426.2766260124085,0.9988211393356323,0.0022217407822608948
1426.2780149179673,1.002592921257019,0.002224966650828719
1426.2794038234965,1.001574158668518,0.0022244134452193975
1426.280792729027,1.001579999923706,0.0022238974925130606
1426.2821816345574,1.002887487411499,0.0022263017017394304
1426.2835705401155,1.003679633140564,0.0022261706180870533
1426.2849594456454,1.004339337348938,0.0022261193953454494
1426.2863483511753,1.0021698474884033,0.0022228911984711885
1426.2877372567043,0.9981201887130737,0.0022199093364179134
1426.289126162234,0.9996314644813538,0.0022222246043384075
1426.2905150677645,0.9981660842895508,0.0022220509126782417
1426.2919039733233,1.0007531642913818,0.0022217552177608013
1426.293292878853,1.0010008811950684,0.0022244967985898256
1426.2946817843829,1.003248929977417,0.00222479528747499
1426.2960706899119,1.0000616312026978,0.002223921474069357
1426.2974595954418,0.9987688660621643,0.0022232807241380215
1426.298848500972,1.0011361837387085,0.002225912408903241
1426.300237406502,0.9989388585090637,0.0022228120360523462
1426.301626312061,1.0018751621246338,0.002224000869318843
1426.3030152175907,1.0030674934387207,0.002224022289738059
1426.3044041231196,0.9993423819541931,0.0022232825867831707
1426.3057930286493,0.9980891942977905,0.002224980155006051
1426.3071819341799,1.0017006397247314,0.0022246551234275103
1426.3085708397095,0.9968845844268799,0.0022220781538635492
1426.3099597452394,1.0040695667266846,0.002224523341283202
1426.3113486507693,1.0002094507217407,0.0022239210084080696
1426.3127375562983,1.0000200271606445,0.0022227170411497355
1426.3141264618282,0.997133195400238,0.0022216052748262882
1426.3155153673586,0.9989551901817322,0.0022235966753214598
1426.3169042728885,0.9993191957473755,0.0022240353282541037
1426.3182931784174,0.9976330399513245,0.0022239412646740675
1426.319682083947,1.0025017261505127,0.002225932665169239
1426.3210709894768,0.9989677667617798,0.0022223324049264193
1426.322459895006,0.996271550655365,0.0022211193572729826
1426.3238488005366,0.9984645843505859,0.002222041366621852
1426.325237706067,0.9980655312538147,0.0022232173942029476
1426.3266266115959,0.9986436367034912,0.002222835086286068
1426.3280155171258,0.9999340176582336,0.0022238693200051785
1426.3294044226557,1.0010453462600708,0.002223546616733074
1426.3307933281847,1.0011721849441528,0.0022232173942029476
1426.332182233715,1.0033172369003296,0.0022236162330955267
1426.3335711392456,1.000818133354187,0.0022240676917135715
1426.3349600447455,1.0007383823394775,0.0022235955111682415
1426.3363489502751,1.0019886493682861,0.0022255906369537115
1426.337737855805,1.0004833936691284,0.0022253079805523157
1426.339126761334,1.000232219696045,0.002223794814199209
1426.340515666864,0.9979920387268066,0.002222071634605527
1426.3419045723942,1.0000766515731812,0.002222280250862241
1426.3432934779241,0.9981613755226135,0.002222981071099639
1426.344682383425,0.9996609091758728,0.0022222402039915323
1426.3460712889546,1.0020396709442139,0.0022237556986510754
1426.3474601944836,0.9987004995346069,0.0022232478950172663
1426.3488491000132,0.9981712102890015,0.0022225026041269302
1426.3502380055438,0.9995653629302979,0.0022233619820326567
1426.3516269110444,0.9991410970687866,0.0022216159850358963
1426.3530158165743,0.9998167157173157,0.002222339389845729
1426.3544047221042,1.0045373439788818,0.00222665979526937
1426.3557936276331,0.998332679271698,0.002223640214651823
1426.357182533134,1.0035392045974731,0.0022257219534367323
1426.3585714386643,0.999628484249115,0.0022246979642659426
1426.3599603441942,0.9998555183410645,0.0022228567395359278
1426.3613492496947,1.0000393390655518,0.002225381089374423
1426.3627381552244,0.9987769722938538,0.0022216502111405134
1426.3641270607536,1.002780795097351,0.0022243750281631947
1426.3655159662833,0.9995289444923401,0.0022249945905059576
1426.3669048717845,0.9965535402297974,0.0022221251856535673
1426.3682937773144,0.9972699284553528,0.0022216537036001682
1426.3696826828152,0.9981927275657654,0.0022225298453122377
1426.3710715883449,1.0014495849609375,0.002224411815404892
1426.372460493874,0.99910569190979,0.0022232448682188988
1426.3738493993746,1.0003387928009033,0.0022256295196712017
1426.3752383049052,0.9992016553878784,0.0022230958566069603
1426.376627210435,0.9985447525978088,0.0022245305590331554
1426.3780161159355,1.0012412071228027,0.002224149415269494
1426.3794050214653,1.0016539096832275,0.0022256162483245134
1426.3807939269652,0.9968721270561218,0.002222206676378846
1426.3821828324942,0.9991330504417419,0.002224694238975644
1426.3835717379957,1.000238299369812,0.0022236506920307875
1426.3849606435263,0.9984315633773804,0.0022221470717340708
1426.3863495490261,1.0000765323638916,0.0022233345080167055
1426.387738454556,0.9988014698028564,0.0022209135349839926
1426.3891273600566,1.002492070198059,0.002225469797849655
1426.3905162655858,0.9975122809410095,0.002222315641120076
1426.3919051710864,1.0001745223999023,0.0022243040148168802
1426.393294076617,0.9984780550003052,0.002221876522526145
1426.3946829821175,1.003071665763855,0.0022266870364546776
1426.3960718876472,1.002487301826477,0.0022247424349188805
1426.397460793148,1.0007895231246948,0.002223464660346508
1426.398849698677,1.0031516551971436,0.0022264907602220774
1426.4002386041777,1.0020904541015625,0.0022240420803427696
1426.401627509679,1.0004979372024536,0.0022231214679777622
1426.4030164152089,1.0018900632858276,0.0022259606048464775
1426.4044053207094,0.9953925609588623,0.002221651840955019
1426.405794226239,1.0030707120895386,0.002227197866886854
1426.4071831317392,1.0036019086837769,0.0022272730711847544
1426.4085720372398,1.0016942024230957,0.0022261443082243204
1426.4099609427703,1.0014225244522095,0.0022262539714574814
1426.411349848271,1.002859354019165,0.0022288647014647722
1426.4127387537717,1.0021381378173828,0.002228853525593877
1426.4141276593014,1.0012425184249878,0.002224455587565899
1426.4155165648015,1.0000962018966675,0.002225000411272049
1426.416905470302,1.000831127166748,0.0022254125215113163
1426.4182943758326,0.9971178770065308,0.0022242125123739243
1426.4196832813332,1.0052123069763184,0.002228234428912401
1426.4210721868337,1.0011790990829468,0.002227191347628832
1426.4224610923345,0.9997544884681702,0.002224006224423647
1426.4238499978635,1.0053623914718628,0.00222802278585732
1426.4252389033643,1.0000001192092896,0.0022277149837464094
1426.4266278088655,1.0001329183578491,0.002223227173089981
1426.4280167143663,0.998175859451294,0.002224619034677744
1426.4294056198669,1.0032141208648682,0.002227312419563532
1426.4307945253674,0.9956738352775574,0.0022238597739487886
1426.4321834308967,1.0044399499893188,0.0022272588685154915
1426.4335723363972,1.002597451210022,0.0022288155741989613
1426.4349612418987,0.9996572136878967,0.002224681666120887
1426.4363501473993,1.0056071281433105,0.0022276858799159527
1426.4377390529,0.99818354845047,0.0022257554810494184
1426.4391279584008,1.0006457567214966,0.002224135445430875
1426.4405168639007,1.0020893812179565,0.0022272721398621798
1426.4419057694304,1.001159429550171,0.0022264006547629833
1426.443294674931,1.0019100904464722,0.0022284993901848793
1426.4446835804317,1.0031070709228516,0.00222843699157238
1426.4460724859325,0.9974700212478638,0.002222885377705097
1426.447461391433,1.0021389722824097,0.0022254367358982563
1426.4488502969336,0.9998827576637268,0.002222416689619422
1426.4502392024337,1.0013039112091064,0.002225504256784916
1426.4516281079343,1.0005611181259155,0.0022273894865065813
1426.4530170134358,1.0029854774475098,0.00222656293772161
1426.4544059189363,0.9991233944892883,0.002223192248493433
1426.4557948244371,1.0039911270141602,0.002226627431809902
1426.4571837299377,0.9986053705215454,0.00222172774374485
1426.4585726354378,1.0033625364303589,0.0022250148467719555
1426.4599615409384,1.0025177001953125,0.002224266529083252
1426.4613504464107,0.9993442893028259,0.00222469842992723
1426.4627393519113,0.9981115460395813,0.002221672795712948
1426.4641282574119,1.0007141828536987,0.0022258071694523096
1426.4655171629126,0.9943025708198547,0.0022192285396158695
1426.4669060684125,1.0053054094314575,0.0022273987997323275
1426.4682949739133,0.9979760050773621,0.0022234157659113407
1426.4696838794146,1.0017170906066895,0.0022253021597862244
1426.4710727849153,1.0013662576675415,0.0022249526809901
1426.4724616903868,1.003994345664978,0.002227463759481907
1426.4738505958874,1.000269889831543,0.00222385604865849
1426.4752395013875,1.0005826950073242,0.002222755691036582
1426.476628406888,0.998480498790741,0.0022220914252102375
1426.4780173123895,1.001301884651184,0.0022238115780055523
1426.479406217861,1.0046212673187256,0.0022281245328485966
1426.4807951233618,1.0004342794418335,0.0022240669932216406
1426.4821840288625,0.9984577298164368,0.002224553842097521
1426.4835729343624,1.001112937927246,0.002223556861281395
1426.4849618398339,1.0045254230499268,0.0022264604922384024
1426.4863507453354,0.9992319345474243,0.0022228776942938566
1426.487739650836,1.0037212371826172,0.0022255161311477423
1426.4891285563074,1.0033338069915771,0.002226236741989851
1426.4905174618082,1.0002310276031494,0.002227349439635873
1426.491906367308,0.9997515678405762,0.0022228516172617674
1426.4932952727797,0.9951359033584595,0.0022195845376700163
1426.494684178281,0.9997317790985107,0.0022248404566198587
1426.4960730837818,1.000500202178955,0.002223087241873145
1426.4974619892535,1.0038222074508667,0.002227573422715068
1426.498850894754,1.0035732984542847,0.0022270733024924994
1426.5002398002248,0.9998953938484192,0.0022235028445720673
1426.5016287057254,0.9998276233673096,0.002221824834123254
1426.5030176112261,0.9983435273170471,0.002221456728875637
1426.5044065166978,0.9991166591644287,0.0022216085344552994
1426.505795422199,1.0023833513259888,0.0022228588350117207
1426.5071843276708,1.0016539096832275,0.0022246898151934147
1426.5085732331706,1.000326156616211,0.002222121926024556
1426.5099621386414,1.0015455484390259,0.0022278842516243458
1426.5113510441422,1.0016072988510132,0.002226421143859625
1426.5127399496143,1.0010591745376587,0.0022247105371207
1426.5141288551151,1.0005849599838257,0.0022230390459299088
1426.5155177605866,1.003441333770752,0.002224874449893832
1426.516906666058,0.9987348914146423,0.00222208583727479
1426.5182955715582,0.9999586343765259,0.002224699594080448
1426.5196844770296,1.0027971267700195,0.0022242951672524214
1426.521073382531,1.0006232261657715,0.0022250881884247065
1426.5224622880025,0.9992696642875671,0.002223445801064372
1426.5238511934742,0.9994279146194458,0.002222511451691389
1426.525240098975,0.9986920356750488,0.00222245161421597
1426.5266290044458,0.9985357522964478,0.002221734030172229
1426.5280179099175,1.000451922416687,0.002221896778792143
1426.5294068154187,0.9990081191062927,0.0022229112219065428
1426.5307957208902,0.9977313280105591,0.0022216809447854757
1426.5321846263616,0.9982554316520691,0.002222561975941062
1426.5335735318624,1.0013515949249268,0.002223293762654066
1426.5349624373332,0.9991463422775269,0.0022223175037652254
1426.536351342805,1.0019762516021729,0.002223905175924301
1426.537740248277,0.9998964071273804,0.0022242520935833454
1426.5391291537778,1.0028332471847534,0.0022223866544663906
1426.5405180592495,1.002939224243164,0.0022251789923757315
1426.541906964721,1.002396821975708,0.0022249603644013405
1426.543295870192,0.9989155530929565,0.002222270704805851
1426.5446847756634,1.0010830163955688,0.0022251775953918695
1426.5460736811647,1.0008429288864136,0.002223422285169363
1426.5474625866361,1.001871109008789,0.0022249319590628147
1426.5488514921078,1.002421498298645,0.0022230001632124186
1426.5502403975795,0.9976198077201843,0.0022231678012758493
1426.5516293030503,0.9960460662841797,0.002220714697614312
1426.553018208522,1.0015230178833008,0.0022238404490053654
1426.554407113994,0.9982659816741943,0.0022234348580241203
1426.5557960194658,0.9991522431373596,0.0022239170502871275
1426.5571849249372,1.0022685527801514,0.002222892362624407
1426.5585738304087,0.9987301826477051,0.0022216886281967163
1426.5599627358797,0.9984670281410217,0.0022214462514966726
1426.5613516413803,1.0002201795578003,0.002222851850092411
1426.5627405468229,1.0008732080459595,0.0022244860883802176
1426.5641294522943,1.001167893409729,0.0022245317231863737
1426.5655183577667,1.0013290643692017,0.0022236627992242575
1426.5669072632381,1.0006517171859741,0.0022229354362934828
1426.5682961687091,0.9999375343322754,0.0022228118032217026
1426.5696850741806,1.0012333393096924,0.0022241552360355854
1426.571073979652,0.9995435476303101,0.002221944509074092
1426.5724628851237,0.999667227268219,0.0022252537310123444
1426.5738517905959,0.9988687634468079,0.0022256500087678432
1426.5752406960676,1.0017712116241455,0.002226507756859064
1426.5766296015383,1.0005911588668823,0.00222394778393209
1426.5780185070091,1.003381609916687,0.002225976437330246
1426.5794074124517,0.999614417552948,0.0022225675638765097
1426.5807963179238,1.003555178642273,0.0022252704948186874
1426.5821852233955,1.001723289489746,0.0022246488370001316
1426.5835741288672,0.9999380707740784,0.002224214840680361
1426.5849630343387,1.0008736848831177,0.0022239601239562035
1426.5863519397806,0.9976894855499268,0.0022216776851564646
1426.587740845252,1.0006134510040283,0.0022251519840210676
1426.5891297507244,0.9957331418991089,0.002219949848949909
1426.5905186561959,0.9962068796157837,0.002220036229118705
1426.5919075616382,1.0016165971755981,0.0022253370843827724
1426.59329646711,1.004908800125122,0.002226540818810463
1426.5946853725807,1.0028676986694336,0.00222340552136302
1426.5960742780233,1.0005508661270142,0.0022228045854717493
1426.5974631834954,0.997980535030365,0.0022211747709661722
1426.598852088967,1.0046342611312866,0.002224589232355356
1426.6002409944094,1.001220703125,0.002222660928964615
1426.601629899881,0.9985578060150146,0.0022212942130863667
1426.603018805352,0.9992601871490479,0.002224008087068796
1426.6044077107942,1.0024815797805786,0.0022257529199123383
1426.6057966162666,1.0040792226791382,0.002224982250481844
1426.607185521709,1.0008158683776855,0.0022240495309233665
1426.6085744271807,1.0038236379623413,0.0022268963512033224
1426.609963332623,1.0008678436279297,0.0022227985318750143
1426.611352238094,0.9986501932144165,0.00222156778909266
1426.6127411435364,1.0045597553253174,0.002225785981863737
1426.6141300490087,0.9981694221496582,0.0022238255478441715
1426.615518954451,0.9963635802268982,0.0022213910706341267
1426.6169078599225,1.0012028217315674,0.002226334298029542
1426.6182967653651,1.001678466796875,0.00222438364289701
1426.619685670836,0.9988614320755005,0.002221757313236594
1426.6210745762785,1.0007814168930054,0.0022234253119677305
1426.6224634817506,1.0031129121780396,0.0022269850596785545
1426.6238523871932,0.999347448348999,0.0022218995727598667
1426.6252412926356,1.001786231994629,0.0022239931859076023
1426.626630198107,0.998878538608551,0.002225921954959631
1426.628019103549,1.000739336013794,0.002223739866167307
1426.6294080089913,1.0019433498382568,0.002224335679784417
1426.6307969144636,1.000068187713623,0.0022244767751544714
1426.632185819906,0.9968259334564209,0.0022228711750358343
1426.6335747253486,1.0020649433135986,0.002223589923232794
1426.6349636308203,1.0020684003829956,0.0022252327762544155
1426.636352536262,0.9999863505363464,0.002226253505796194
1426.6377414417043,0.9974721074104309,0.002222376177087426
1426.6391303471466,1.002275824546814,0.002225766656920314
1426.6405192526183,1.0026984214782715,0.0022250826004892588
1426.641908158061,1.0018714666366577,0.002226270968094468
1426.6432970635033,1.0015705823898315,0.0022241713013499975
1426.6446859689456,0.9989738464355469,0.0022249703761190176
1426.6460748743875,1.0008176565170288,0.0022256437223404646
1426.6474637798299,1.002478003501892,0.00222411728464067
1426.6488526853022,0.9998193979263306,0.0022240793332457542
1426.6502415907446,1.000154733657837,0.002223286312073469
1426.6516304961872,0.9992493987083435,0.002223137067630887
1426.6530194016295,0.9963675737380981,0.0022198937367647886
1426.6544083070714,0.9987925887107849,0.002221678849309683
1426.6557972125138,1.0033525228500366,0.0022261030972003937
1426.657186117957,1.0028116703033447,0.0022261289414018393
1426.6585750233994,1.0042484998703003,0.0022275776136666536
1426.6599639288418,1.0035666227340698,0.002225998556241393
1426.6613528342843,1.0003072023391724,0.002227860502898693
1426.662741739726,1.0019874572753906,0.0022232721094042063
1426.6641306451686,1.0007719993591309,0.002223119605332613
1426.6655195506116,0.9989527463912964,0.002220448572188616
1426.6669084560542,0.9997573494911194,0.0022227754816412926
1426.6682973614966,0.9977733492851257,0.0022222327534109354
1426.669686266939,0.9960896372795105,0.002225835807621479
1426.6710751723808,1.0028698444366455,0.0022259922698140144
1426.672464077794,1.0007026195526123,0.0022246181033551693
1426.6738529832373,1.0034023523330688,0.0022276700474321842
1426.6752418886797,0.9984210729598999,0.0022246716544032097
1426.6766307941223,0.9994458556175232,0.0022230232134461403
1426.6780196995649,0.9991215467453003,0.002222489332780242
1426.6794086050065,1.0054155588150024,0.0022285848390311003
1426.68079751042,1.0023070573806763,0.0022243140265345573
1426.682186415863,1.001437783241272,0.0022234413772821426
1426.6835753213054,1.0003883838653564,0.0022236411459743977
1426.6849642267478,0.9993510246276855,0.0022221249528229237
1426.6863531321612,1.0002083778381348,0.002223646966740489
1426.687742037603,0.9984369277954102,0.0022222092375159264
1426.6891309430455,1.002292275428772,0.0022243978455662727
1426.6905198484594,1.0069315433502197,0.002228108234703541
1426.691908753902,0.999957263469696,0.00222275429405272
1426.6932976593446,1.0044448375701904,0.0022251568734645844
1426.6946865647578,0.9979287981987,0.002220132388174534
1426.6960754701995,0.9981374144554138,0.002220281632617116
1426.6974643756419,1.0026936531066895,0.0022252858616411686
1426.698853281056,0.9990735650062561,0.002222745679318905
1426.7002421864984,1.0012500286102295,0.002224590862169862
1426.7016310919118,1.005426049232483,0.0022276481613516808
1426.7030199973544,0.999356746673584,0.0022224392741918564
1426.704408902767,0.9997310638427734,0.002222770359367132
1426.7057978082087,1.0010031461715698,0.0022275056689977646
1426.7071867136228,0.9989817142486572,0.002222273964434862
1426.708575619066,0.9988548755645752,0.0022218830417841673
1426.7099645244787,1.0020314455032349,0.0022263177670538425
1426.7113534299212,1.0042160749435425,0.0022245103027671576
1426.7127423353345,1.0045437812805176,0.002224706346169114
1426.7141312407762,1.0015721321105957,0.00222431356087327
1426.7155201461894,0.998250424861908,0.0022215982899069786
1426.7169090516036,0.9997566342353821,0.0022223242558538914
1426.718297957046,1.001018762588501,0.0022236856166273355
1426.7196868624594,1.0028960704803467,0.0022264777217060328
1426.721075767873,1.0018426179885864,0.0022244686260819435
1426.7224646733146,1.0012820959091187,0.0022233971394598484
1426.723853578728,0.9971978068351746,0.002220856724306941
1426.725242484142,0.998996376991272,0.0022204634733498096
1426.7266313895843,1.000932216644287,0.0022246376611292362
1426.7280202949976,0.9988186359405518,0.002223117044195533
1426.729409200411,0.9982732534408569,0.0022227091249078512
1426.7307981058236,0.9980719089508057,0.0022230898030102253
1426.7321870112662,0.9987136125564575,0.0022221487015485764
1426.7335759166801,0.9993014931678772,0.0022203221451491117
1426.7349648220936,0.9946169853210449,0.002221828792244196
1426.736353727507,1.001019835472107,0.0022228017915040255
1426.7377426329203,0.9989117980003357,0.002223020186647773
1426.7391315383331,1.0033960342407227,0.002225349424406886
1426.7405204437755,1.0005803108215332,0.0022224809508770704
1426.7419093491897,0.9978233575820923,0.002221388276666403
1426.743298254603,1.0003598928451538,0.0022215587086975574
1426.7446871600162,1.0006719827651978,0.0022231941111385822
1426.7460760654296,0.9984477162361145,0.0022204823326319456
1426.7474649708422,1.001496434211731,0.0022230048198252916
1426.7488538762557,0.998068630695343,0.0022204008419066668
1426.7502427816696,1.0084314346313477,0.002227948047220707
1426.751631687083,0.9985318779945374,0.002219606190919876
1426.7530205924963,0.998572587966919,0.0022220429964363575
1426.7544094979096,0.9958110451698303,0.0022212639451026917
1426.7557984033224,1.0015949010849,0.002224370138719678
1426.7571873087356,1.0012810230255127,0.002225835109129548
1426.7585762141496,0.997195303440094,0.0022222178522497416
1426.759965119534,1.0021770000457764,0.002225759206339717
1426.7613540249474,0.9967225790023804,0.0022224716376513243
1426.7627429303607,0.9994928240776062,0.0022243575658649206
1426.7641318357735,1.000122308731079,0.002223813207820058
1426.7655207411867,0.9988939762115479,0.002222375711426139
1426.7669096466009,0.997991681098938,0.0022247235756367445
1426.7682985520141,0.998191773891449,0.0022240106482058764
1426.7696874573978,1.0021724700927734,0.0022270656190812588
1426.771076362811,1.0007928609848022,0.002225241856649518
1426.7724652682243,1.0018845796585083,0.0022255494259297848
1426.773854173637,1.001734972000122,0.0022258830722421408
1426.775243079022,0.9974213242530823,0.0022212781477719545
1426.776631984436,1.0003690719604492,0.0022238490637391806
1426.7780208898487,1.0029329061508179,0.002229135250672698
1426.779409795233,1.0049430131912231,0.002226213226094842
1426.7807987006463,1.000949501991272,0.0022253794595599174
1426.782187606059,1.0023893117904663,0.002225865377113223
1426.783576511444,0.998863697052002,0.002224620198830962
1426.7849654168579,0.9997625350952148,0.002224939176812768
1426.7863543222416,1.000923752784729,0.0022253983188420534
1426.7877432276548,0.9977114200592041,0.0022252495400607586
1426.7891321330392,0.9981486201286316,0.002221817383542657
1426.7905210384517,1.0014716386795044,0.0022247969172894955
1426.7919099438657,0.9999459385871887,0.002223546616733074
1426.7932988492507,0.997623085975647,0.002223517745733261
1426.7946877546635,0.9969877600669861,0.0022224339190870523
1426.7960766600477,1.0012664794921875,0.0022244220599532127
1426.7974655654318,0.9977741241455078,0.0022206467110663652
1426.7988544708446,1.000518798828125,0.0022230111062526703
1426.8002433762297,0.9999688863754272,0.0022242029663175344
1426.8016322816436,1.0002779960632324,0.0022229396272450686
1426.803021187027,1.0007960796356201,0.0022257741075009108
1426.8044100924114,0.9988455772399902,0.002223632764071226
1426.8057989978247,0.9985404014587402,0.0022235398646444082
1426.8071879032084,1.0001273155212402,0.0022227212321013212
1426.8085768085925,1.000465989112854,0.002223361050710082
1426.8099657140067,0.9985014796257019,0.0022216823417693377
1426.8113546193908,1.0010851621627808,0.002225595060735941
1426.812743524775,0.9989239573478699,0.0022230453323572874
1426.8141324301885,1.002411961555481,0.0022258951794356108
1426.815521335572,1.000880479812622,0.0022255254443734884
1426.8169102409563,0.9965478181838989,0.0022213978227227926
1426.8182991463411,1.0038142204284668,0.002226400887593627
1426.8196880517255,0.9971926808357239,0.002222316339612007
1426.8210769571388,1.00217604637146,0.0022254008799791336
1426.822465862523,0.9981985092163086,0.0022234052885323763
1426.8238547679066,0.9999787211418152,0.0022217941004782915
1426.8252436732907,0.9971566200256348,0.0022205119021236897
1426.8266325786758,1.0007716417312622,0.002224969444796443
1426.82802148406,0.9973352551460266,0.0022222159896045923
1426.8294103894443,1.000417947769165,0.0022221796680241823
1426.8307992948287,0.998649001121521,0.0022236190270632505
1426.8321882002122,1.0001972913742065,0.002223123563453555
1426.8335771055963,0.9959157705307007,0.002221733098849654
1426.8349660109814,0.9983882308006287,0.0022214362397789955
1426.8363549163655,1.002661108970642,0.0022280323319137096
1426.8377438217492,0.9995993375778198,0.002223601331934333
1426.8391327271333,0.9996259808540344,0.002225331962108612
1426.8405216325175,1.0029773712158203,0.002224448835477233
1426.8419105379012,1.0001463890075684,0.0022226341534405947
1426.8432994432862,0.9962856769561768,0.00222015636973083
1426.844688348671,1.0025769472122192,0.0022258413955569267
1426.8460772540545,0.9984882473945618,0.0022217147052288055
1426.8474661594098,0.999062180519104,0.00222404976375401
1426.848855064794,0.9989328384399414,0.00222414406016469
1426.8502439701776,1.000566840171814,0.002224263036623597
1426.8516328755625,0.9990965723991394,0.002222890965640545
1426.8530217809473,0.9987616539001465,0.002223085379227996
1426.854410686302,0.996863603591919,0.0022194976918399334
1426.855799591686,1.0019421577453613,0.0022241156548261642
1426.8571884970704,0.9966784715652466,0.002220890251919627
1426.8585774024539,0.9984430074691772,0.0022233212366700172
1426.8599663078098,0.999413788318634,0.0022253477945923805
1426.8613552131949,0.9976381063461304,0.0022203947883099318
1426.8627441185783,1.001542568206787,0.0022236125078052282
1426.8641330239334,0.9971190690994263,0.0022221561521291733
1426.8655219293175,1.0017921924591064,0.0022254735231399536
1426.8669108346721,0.9999575018882751,0.0022232781630009413
1426.8682997400572,0.9993482232093811,0.0022250220645219088
1426.869688645442,0.999183714389801,0.002221484901383519
1426.8710775507964,1.0009814500808716,0.0022230814211070538
1426.8724664561807,0.9999765753746033,0.0022232665214687586
1426.873855361536,1.001848578453064,0.00222594803199172
1426.8752442669195,0.9990089535713196,0.0022235962096601725
1426.8766331722752,0.9980964064598083,0.002221020869910717
1426.8780220776603,1.001230001449585,0.0022237682715058327
1426.8794109830146,1.001036286354065,0.0022227996960282326
1426.8807998883697,1.0008879899978638,0.002223247429355979
1426.882188793754,0.9997649788856506,0.0022253200877457857
1426.8835776991084,1.002147912979126,0.002223965711891651
1426.8849666044935,1.0043869018554688,0.0022272909991443157
1426.8863555098494,1.0040349960327148,0.0022253645583987236
1426.8877444152038,0.9997389316558838,0.00222233054228127
1426.8891333205881,1.0009920597076416,0.0022222688421607018
1426.8905222259432,0.9982938766479492,0.0022230700124055147
1426.8919111312978,1.002975344657898,0.0022265324369072914
1426.8933000366535,0.9999136328697205,0.002223741030320525
1426.8946889420383,0.9991075396537781,0.0022228253073990345
1426.8960778473927,1.0004717111587524,0.0022232404444366693
1426.897466752748,0.9999350309371948,0.0022232120390981436
1426.8988556581032,1.0043435096740723,0.002226275624707341
1426.9002445634867,1.0008467435836792,0.002224026946350932
1426.901633468842,1.0010418891906738,0.0022238341625779867
1426.9030223741977,0.9991207122802734,0.0022244106512516737
1426.904411279553,0.9990362524986267,0.0022214993368834257
1426.9058001849073,0.9976426959037781,0.0022206560242921114
1426.9071890902626,0.9998846650123596,0.002222569426521659
1426.9085779956176,0.999907910823822,0.0022223354317247868
1426.9099669009727,1.0037341117858887,0.0022269003093242645
1426.9113558063284,0.9991952776908875,0.002222437411546707
1426.9127447116837,0.9990272521972656,0.002221923554316163
1426.914133617038,1.0003780126571655,0.0022240402176976204
1426.9155225223933,0.9993314743041992,0.0022236898075789213
1426.9169114277486,0.9996799826622009,0.0022229664027690887
1426.9183003331036,1.0022034645080566,0.0022238949313759804
1426.9196892384596,0.9996752142906189,0.0022225594148039818
1426.9210781438146,0.9987159967422485,0.002221900736913085
1426.9224670491692,1.0049456357955933,0.0022276858799159527
1426.9238559545242,0.999589741230011,0.0022229573223739862
1426.9252448598793,1.0002926588058472,0.002222769195213914
1426.9266337652055,1.001617193222046,0.002222704701125622
1426.9280226705612,1.0018962621688843,0.002223831368610263
1426.9294115759164,1.0041630268096924,0.002229343866929412
1426.9308004812708,0.9982972741127014,0.0022208928130567074
1426.932189386626,1.0030983686447144,0.002224491210654378
1426.933578291952,0.9986743330955505,0.0022229673340916634
1426.9349671973066,0.9972044229507446,0.002222589682787657
1426.9363561026623,0.9998041391372681,0.0022241193801164627
1426.937745008018,1.0023630857467651,0.002223775489255786
1426.9391339133435,1.0023576021194458,0.002227033255621791
1426.9405228186986,1.0032306909561157,0.0022272998467087746
1426.9419117240539,0.9984540939331055,0.002221794333308935
1426.943300629379,0.9964364171028137,0.0022232786286622286
1426.9446895347348,1.0016915798187256,0.002223080722615123
1426.9460784400617,0.9980208277702332,0.0022231515031307936
1426.9474673454163,0.9943712949752808,0.0022186790592968464
1426.9488562507422,0.9982995390892029,0.0022257447708398104
1426.9502451560973,0.9993189573287964,0.0022254069335758686
1426.9516340614227,1.0045183897018433,0.0022259217221289873
1426.9530229667787,0.9983413815498352,0.0022236485965549946
1426.9544118721053,0.9993734955787659,0.002223792253062129
1426.9558007774597,0.9964298009872437,0.0022210886236280203
1426.9571896827858,1.0010335445404053,0.002224530791863799
1426.9585785881409,0.9963042140007019,0.0022225661668926477
1426.9599674934664,0.9964525103569031,0.0022188739385455847
1426.961356398822,1.0012555122375488,0.002223829971626401
1426.9627453041487,1.0028530359268188,0.002226124284788966
1426.9641342094742,1.0005961656570435,0.002224972704425454
1426.9655231148288,1.0013073682785034,0.0022242942359298468
1426.9669120201547,1.0028034448623657,0.00222323602065444
1426.9683009254807,1.0012372732162476,0.0022253694478422403
1426.9696898308068,0.9946231842041016,0.0022205538116395473
1426.9710787361626,0.9994195699691772,0.0022246339358389378
1426.9724676414887,0.9978967905044556,0.0022196329664438963
1426.973856546814,1.001293420791626,0.0022264206781983376
1426.9752454521401,0.9974072575569153,0.0022219186648726463
1426.9766343574952,1.0029643774032593,0.002226100070402026
1426.9780232628211,0.9986655116081238,0.0022245952859520912
1426.979412168148,1.001500129699707,0.00222685351036489
1426.980801073474,1.003876805305481,0.0022257249802351
1426.9821899787994,0.9988585114479065,0.00222195265814662
1426.9835788841253,1.0013214349746704,0.002224996220320463
1426.9849677894515,0.9991284608840942,0.0022227729205042124
1426.9863566947774,1.0007290840148926,0.002222793409600854
1426.9877456001043,0.9983657598495483,0.002221063245087862
1426.9891345054302,0.9996650815010071,0.00222607864998281
1426.9905234107557,0.9997571110725403,0.002224397612735629
1426.9919123160817,1.0017579793930054,0.0022233016788959503
1426.9933012214076,0.9974742531776428,0.002221506554633379
1426.9946901267338,0.9972054362297058,0.0022195992060005665
1426.9960790320604,1.002655029296875,0.002225172007456422
1426.9974679373865,0.9977492690086365,0.0022215486969798803
1426.9988568427118,1.0001455545425415,0.0022230762988328934
1427.000245748038,0.9994617104530334,0.0022220532409846783
1427.001634653364,1.0016742944717407,0.002228007186204195
1427.0030235586607,0.9987609386444092,0.0022226732689887285
1427.0044124639876,1.0019062757492065,0.002222948707640171
1427.0058013693135,1.0002068281173706,0.002224478404968977
1427.007190274639,1.0016860961914062,0.00222452892921865
1427.0085791799359,1.0024452209472656,0.0022248043678700924
1427.009968085262,0.9985806941986084,0.0022226462606340647
1427.0113569905882,1.0011264085769653,0.0022240118123590946
1427.0127458959148,0.9952836632728577,0.002221514005213976
1427.0141348012119,0.9989049434661865,0.0022214294876903296
1427.0155237065371,0.9987337589263916,0.002222588984295726
1427.016912611863,1.002779245376587,0.0022245931904762983
1427.01830151716,0.9978957772254944,0.002220901194959879
1427.019690422486,0.9982193112373352,0.0022240295074880123
1427.0210793277836,0.9981402158737183,0.0022231563925743103
1427.0224682331097,0.9970422387123108,0.0022232092451304197
1427.023857138406,0.9962705969810486,0.0022203780245035887
1427.025246043732,1.0001165866851807,0.0022221149411052465
1427.0266349490291,0.996554970741272,0.002219908870756626
1427.028023854355,0.9971095323562622,0.0022204893175512552
1427.029412759652,1.0025376081466675,0.00222383881919086
1427.030801664978,0.997833788394928,0.002222989918664098
1427.032190570275,0.9974514842033386,0.0022204499691724777
1427.0335794756004,1.0008200407028198,0.0022231147158890963
1427.0349683808972,1.0016199350357056,0.002222896320745349
1427.036357286195,0.9981785416603088,0.002220764057710767
1427.037746191521,1.0011329650878906,0.002222619950771332
1427.0391350968177,0.9991884827613831,0.0022234218195080757
1427.0405240021148,0.9958873987197876,0.0022196637000888586
1427.04191290744,0.9963385462760925,0.0022228339221328497
1427.0433018127371,1.0013139247894287,0.00222201831638813
1427.0446907180346,1.0014467239379883,0.0022242474369704723
1427.0460796233608,0.9996646046638489,0.0022216723300516605
1427.0474685286576,0.998212456703186,0.0022227191366255283
1427.0488574339545,1.0019173622131348,0.0022239324171096087
1427.0502463392509,1.0016809701919556,0.002226694952696562
1427.0516352445477,0.9991614818572998,0.0022223687265068293
1427.0530241498454,1.0016652345657349,0.0022228274028748274
1427.0544130551714,1.0017985105514526,0.0022244546562433243
1427.0558019604684,0.9999650716781616,0.0022211710456758738
1427.0571908657655,0.9993693232536316,0.0022227640729397535
1427.0585797710617,0.9966387748718262,0.0022218762896955013
1427.0599686763587,0.9993197321891785,0.0022238718811422586
1427.0613575816562,1.00147545337677,0.002223928924649954
1427.062746486953,0.9995802044868469,0.002222818322479725
1427.06413539225,1.0004185438156128,0.0022238825913518667
1427.065524297547,0.9990776777267456,0.002222576877102256
1427.0669132028431,0.9985632300376892,0.0022223845589905977
1427.0683021081402,0.9989559054374695,0.0022250618785619736
1427.0696910134377,1.0045729875564575,0.0022280781995505095
1427.0710799187057,1.0007718801498413,0.0022227666340768337
1427.0724688240027,0.9993696808815002,0.0022221074905246496
1427.0738577292996,1.0003955364227295,0.0022252360358834267
1427.0752466345957,0.9979657530784607,0.002222898416221142
1427.0766355398925,1.000178337097168,0.0022237668745219707
1427.0780244451903,0.9993513226509094,0.0022232329938560724
1427.079413350458,1.0006250143051147,0.002224529627710581
1427.080802255755,1.0004767179489136,0.0022238274104893208
1427.0821911610522,1.0028696060180664,0.002224875846877694
1427.0835800663483,1.0019073486328125,0.002224456984549761
1427.0849689716163,0.9982783794403076,0.002221669303253293
1427.0863578769138,1.001444697380066,0.002224230905994773
1427.0877467822108,0.9968715906143188,0.002219849033281207
1427.0891356874786,0.997567355632782,0.0022216998040676117
1427.0905245927754,0.9969660639762878,0.00222039339132607
1427.0919134980427,1.000441312789917,0.0022213247139006853
1427.0933024033395,1.001482605934143,0.0022257573436945677
1427.094691308637,0.9987854361534119,0.002224041149020195
1427.096080213905,0.9993959069252014,0.002222642069682479
1427.0974691192012,0.9984874129295349,0.0022233782801777124
1427.098858024469,0.9978495836257935,0.0022216259967535734
1427.1002469297662,0.9994192719459534,0.00222316337749362
1427.1016358350332,1.0013409852981567,0.0022217335645109415
1427.1030247403016,0.9966957569122314,0.0022227352019399405
1427.1044136455994,0.9987150430679321,0.0022225924767553806
1427.1058025508664,1.0048160552978516,0.0022280688863247633
1427.1071914561633,0.9992555975914001,0.002220906550064683
1427.1085803614312,0.998681366443634,0.0022226027213037014
1427.1099692666983,0.9991564154624939,0.002222001552581787
1427.111358171996,1.0015513896942139,0.0022237268276512623
1427.1127470772647,0.9990291595458984,0.002220837166532874
1427.1141359825317,0.9948521256446838,0.002222312381491065
1427.1155248878288,1.0005691051483154,0.002224188530817628
1427.1169137930965,0.998558521270752,0.0022204986307770014
1427.1183026983638,1.0012527704238892,0.0022222124971449375
1427.1196916036322,0.999015748500824,0.0022215174976736307
1427.1210805089006,0.9974527359008789,0.0022206390276551247
1427.122469414197,1.0035818815231323,0.0022238153032958508
1427.1238583194647,1.0045552253723145,0.0022276982199400663
1427.1252472247327,0.9998801946640015,0.00222538853995502
1427.1266361299997,1.000199794769287,0.002223515883088112
1427.1280250352681,0.9979405403137207,0.002222906332463026
1427.1294139405368,0.9977145791053772,0.00222206674516201
1427.130802845804,0.9985873699188232,0.0022235834039747715
1427.1321917510718,1.000349998474121,0.002223765477538109
1427.1335806563395,0.997477650642395,0.0022218655794858932
1427.1349695616068,0.9995681643486023,0.002224541502073407
1427.1363584668754,0.9995924234390259,0.002224310766905546
1427.1377473721438,0.9966659545898438,0.0022219824604690075
1427.139136277411,1.0006827116012573,0.0022228043526411057
1427.1405251826789,1.001860499382019,0.0022256202064454556
1427.1419140879466,1.002679705619812,0.0022231093607842922
1427.1433029932139,0.9989402890205383,0.0022216259967535734
1427.1446918984532,0.9982283711433411,0.002219642046838999
1427.1460808037216,0.9981149435043335,0.0022221957333385944
1427.1474697089889,1.001714825630188,0.002223873045295477
1427.1488586142566,0.999250054359436,0.002222522860392928
1427.1502475195246,0.999115526676178,0.0022213526535779238
1427.1516364247625,0.9959335923194885,0.002220593858510256
1427.1530253300305,1.002423882484436,0.002224723342806101
1427.1544142352989,1.0001333951950073,0.0022231426555663347
1427.1558031405377,1.0010439157485962,0.002222470473498106
1427.1571920458055,1.0015668869018555,0.0022237272933125496
1427.1585809510732,0.9980822801589966,0.0022209833841770887
1427.1599698563114,1.0018011331558228,0.0022266448941081762
1427.1613587615786,0.9977483749389648,0.0022197619546204805
1427.162747666847,1.0003548860549927,0.0022227074950933456
1427.1641365720864,1.0001450777053833,0.002225644653663039
1427.1655254773536,0.9989929795265198,0.0022225137799978256
1427.1669143825923,0.9971590638160706,0.0022226208820939064
1427.1683032878602,0.9999990463256836,0.0022220402024686337
1427.1696921930982,0.9988439083099365,0.002221795031800866
1427.1710810983666,1.0023072957992554,0.002224701689556241
1427.1724700036061,1.004029631614685,0.002225656295195222
1427.1738589088443,0.9993129968643188,0.0022227000445127487
1427.175247814112,0.9994642734527588,0.0022212828043848276
1427.1766367193507,0.9945900440216064,0.002218445762991905
1427.178025624618,1.000108242034912,0.0022243571002036333
1427.1794145298575,0.9998939633369446,0.002225207630544901
1427.1808034350968,1.0000965595245361,0.0022260185796767473
1427.1821923403638,0.9958771467208862,0.0022204651031643152
1427.1835812456027,1.002997636795044,0.002223758492618799
1427.1849701508413,1.0002295970916748,0.0022256772499531507
1427.1863590560795,0.9955713748931885,0.0022207899019122124
1427.187747961348,1.0024478435516357,0.002224150812253356
1427.1891368665872,1.0004854202270508,0.0022224034182727337
1427.1905257718254,1.0017728805541992,0.0022230620961636305
1427.191914677064,0.9983108639717102,0.0022214986383914948
1427.1933035823029,0.9995933175086975,0.002222364069893956
1427.1946924875408,0.9992625117301941,0.002221534727141261
1427.1960813927803,0.999435544013977,0.002224356634542346
1427.1974702980197,0.9973691701889038,0.0022216090001165867
1427.198859203287,0.9992541670799255,0.0022225354332476854
1427.2002481085256,1.0049173831939697,0.002228194149211049
1427.2016370137642,1.0021588802337646,0.002224143361672759
1427.2030259190024,0.9993479251861572,0.0022219554521143436
1427.204414824242,0.9976502060890198,0.002222069539129734
1427.205803729452,0.9993396401405334,0.0022234180942177773
1427.20719263469,0.9988918304443359,0.0022234113421291113
1427.208581539929,1.0024927854537964,0.002224002266302705
1427.2099704451678,1.0009753704071045,0.0022218585945665836
1427.2113593504057,1.0005052089691162,0.0022246844600886106
1427.212748255645,0.9974207878112793,0.002220755908638239
1427.2141371608845,0.99851393699646,0.002225327305495739
1427.2155260661225,0.9991797208786011,0.002223219256848097
1427.216914971332,1.0024964809417725,0.002224741270765662
1427.2183038765709,0.9979246258735657,0.002223435789346695
1427.2196927818088,1.0016635656356812,0.002224900294095278
1427.2210816870484,1.0002567768096924,0.002224655356258154
1427.2224705922588,1.0000731945037842,0.0022224662825465202
1427.2238594974967,0.9991072416305542,0.0022232423070818186
1427.2252484027347,0.9982911348342896,0.002222800627350807
1427.2266373079444,0.9985706806182861,0.002221550326794386
1427.228026213183,1.0011067390441895,0.002223146380856633
1427.2294151183926,0.9962344169616699,0.002223822521045804
1427.2308040236321,1.0015201568603516,0.00222457991912961
1427.2321929288707,1.0015190839767456,0.002223712159320712
1427.2335818340798,0.9999265074729919,0.002223179442808032
1427.2349707393184,0.9981420636177063,0.0022217563819140196
1427.2363596445282,1.0015225410461426,0.002225034637376666
1427.237748549767,0.9985218048095703,0.0022224585991352797
1427.2391374549773,0.997809648513794,0.0022217293735593557
1427.240526360216,0.9972290992736816,0.0022223314736038446
1427.241915265425,1.002708911895752,0.0022246669977903366
1427.2433041706345,1.0033575296401978,0.0022245144937187433
1427.244693075873,0.9986445903778076,0.0022229079622775316
1427.2460819810829,1.0013978481292725,0.0022232751362025738
1427.247470886293,0.9992510080337524,0.002221226692199707
1427.248859791532,0.9995813369750977,0.002222373615950346
1427.2502486967408,0.9977182745933533,0.002223123563453555
1427.2516376019505,0.9988545775413513,0.0022215181961655617
1427.2530265071603,1.006091594696045,0.00222741044126451
1427.2544154123989,0.9959583878517151,0.00221906672231853
1427.2558043176093,1.0003142356872559,0.0022211065515875816
1427.2571932228188,0.995750904083252,0.002223195508122444
1427.2585821280277,1.002129316329956,0.002224423922598362
1427.2599710332372,1.0013926029205322,0.0022222986444830894
1427.261359938447,1.0020564794540405,0.0022235966753214598
1427.2627488436858,1.0031834840774536,0.002224057214334607
1427.264137748896,0.9975963830947876,0.002222769195213914
1427.2655266541058,0.998771071434021,0.0022215016651898623
1427.2669155593146,0.9983576536178589,0.0022213179618120193
1427.2683044645244,1.0021778345108032,0.002223973162472248
1427.269693369734,1.0014086961746216,0.0022236567456275225
1427.2710822749434,0.9978386759757996,0.002221245551481843
1427.2724711801538,0.9965935945510864,0.002218215959146619
1427.2738600853634,1.0002156496047974,0.002221776405349374
1427.2752489905722,1.0003862380981445,0.0022242763079702854
1427.2766378957529,1.0018975734710693,0.0022257091477513313
1427.2780268009626,0.9993144273757935,0.0022213163319975138
1427.2794157061721,1.0007438659667969,0.002224110532552004
1427.2808046113826,0.9993358254432678,0.002221388043835759
1427.282193516592,1.0019779205322266,0.0022229840978980064
1427.2835824218012,1.0005364418029785,0.002223731717094779
1427.2849713269816,0.9986247420310974,0.0022226213477551937
1427.286360232191,1.0001277923583984,0.0022257198579609394
1427.2877491374009,0.9984222054481506,0.0022214872296899557
1427.2891380425813,0.9961720705032349,0.0022195118945091963
1427.2905269477908,0.9969406127929688,0.002220636699348688
1427.2919158530005,1.0017176866531372,0.002223120303824544
1427.2933047581803,1.0011361837387085,0.0022227203007787466
1427.29469366339,0.9999900460243225,0.002223201794549823
1427.2960825686002,1.0014309883117676,0.0022238928359001875
1427.297471473781,1.0000519752502441,0.0022225745487958193
1427.2988603789906,1.0022828578948975,0.0022234253119677305
1427.300249284171,1.0011379718780518,0.0022256437223404646
1427.3016381893801,0.9998440146446228,0.0022233915515244007
1427.3030270945605,0.9972623586654663,0.002219680929556489
1427.3044159997708,1.0006016492843628,0.002223887713626027
1427.3058049049512,0.9980174899101257,0.0022219631355255842
1427.307193810161,1.0013970136642456,0.0022257401142269373
1427.3085827153416,0.9972071647644043,0.0022249282337725163
1427.3099716205213,1.002924919128418,0.0022242115810513496
1427.311360525731,0.9975175857543945,0.0022231624461710453
1427.3127494309122,0.9999217391014099,0.0022251850459724665
1427.3141383360928,0.999971866607666,0.0022229431197047234
1427.3155272413023,0.9991610646247864,0.0022231554612517357
1427.3169161464828,0.9992782473564148,0.0022219098173081875
1427.3183050516627,0.9991965889930725,0.0022219696547836065
1427.3196939568431,0.9994716644287109,0.0022227433510124683
1427.3210828620533,0.9982836842536926,0.0022231361363083124
1427.322471767234,1.0012924671173096,0.0022237333469092846
1427.3238606724146,0.9986042380332947,0.0022234939970076084
1427.325249577595,0.9995655417442322,0.002223932184278965
1427.326638482775,1.001104474067688,0.002222987823188305
1427.3280273879554,1.0023936033248901,0.0022243091370910406
1427.3294162931368,0.9981376528739929,0.0022217226214706898
1427.3308051983463,0.9996768236160278,0.002225176664069295
1427.3321941035267,0.9974228143692017,0.0022218648809939623
1427.3335830087074,1.0023616552352905,0.002225559903308749
1427.334971913887,1.0007824897766113,0.0022230304311960936
1427.3363608190677,0.9969892501831055,0.002221336355432868
1427.3377497242489,0.9996095299720764,0.00222213682718575
1427.3391386294004,0.9976115226745605,0.0022214557975530624
1427.3405275345808,1.000319242477417,0.0022247659508138895
1427.3419164397612,0.9965333938598633,0.002223050221800804
1427.3433053449412,1.0016742944717407,0.0022251976188272238
1427.3446942501225,0.9978459477424622,0.002222521463409066
1427.3460831553036,1.0023635625839233,0.002225271426141262
1427.3474720604834,0.9990785121917725,0.002220842521637678
1427.348860965635,1.002286434173584,0.0022258353419601917
1427.3502498708153,0.9978383183479309,0.0022199293598532677
1427.3516387759953,0.9979823231697083,0.0022200450766831636
1427.3530276811764,1.0005698204040527,0.002223217859864235
1427.3544165863284,0.9966166019439697,0.0022224218118935823
1427.3558054915084,0.9960743188858032,0.0022244153078645468
1427.3571943966883,1.0006417036056519,0.002222668146714568
1427.3585833018396,0.9957259297370911,0.002219656016677618
1427.35997220702,0.9994757175445557,0.0022231030743569136
1427.3613611121716,1.0006734132766724,0.0022251647897064686
1427.3627500173527,0.995012640953064,0.0022191712632775307
1427.3641389225043,1.000917911529541,0.00222403253428638
1427.365527827684,1.0010707378387451,0.0022254264913499355
1427.3669167328646,0.9975646734237671,0.0022213729098439217
1427.368305638016,0.9959842562675476,0.0022210851311683655
1427.3696945431673,0.9979231357574463,0.0022232376504689455
1427.3710834483486,0.9986393451690674,0.0022221978288143873
1427.3724723535,0.995366632938385,0.0022196548525243998
1427.3738612586799,1.0007585287094116,0.002222009701654315
1427.3752501638312,0.9992445111274719,0.0022226455621421337
1427.3766390689827,1.0008080005645752,0.002224212046712637
1427.3780279741634,0.9987756013870239,0.0022223470732569695
1427.3794168793154,1.0032703876495361,0.002226822776719928
1427.3808057844667,0.9967803359031677,0.0022227587178349495
1427.3821946896467,0.9999361038208008,0.00222282437607646
1427.383583594798,1.0018805265426636,0.0022242923732846975
1427.3849724999493,1.0016366243362427,0.002226033015176654
1427.3863614051008,0.9992712140083313,0.0022254257928580046
1427.3877503102528,0.9990541934967041,0.0022224646527320147
1427.3891392154335,0.9993191957473755,0.0022236942313611507
1427.3905281205841,0.9971210956573486,0.002220954978838563
1427.3919170257357,0.9952960014343262,0.002220023889094591
1427.3933059308872,0.9942914843559265,0.0022174743935465813
1427.3946948360385,0.9991593956947327,0.002223989460617304
1427.3960837411908,1.002571940422058,0.0022237973753362894
1427.397472646342,1.0013234615325928,0.00222372286953032
1427.3988615514927,0.9992514848709106,0.002223086077719927
1427.400250456644,0.9964906573295593,0.002220689319074154
1427.4016393617956,1.002367377281189,0.0022248837631195784
1427.403028266947,0.9959750175476074,0.00222136196680367
1427.404417172099,1.0020315647125244,0.0022276381496340036
1427.4058060772506,0.9977351427078247,0.002221955917775631
1427.4071949823722,0.9973162412643433,0.0022214516066014767
1427.4085838875237,0.9989862442016602,0.002222907030954957
1427.409972792675,0.9982287287712097,0.0022231722250580788
1427.4113616978264,1.0009973049163818,0.0022234932985156775
1427.4127506029783,0.9998735189437866,0.00222454103641212
1427.4141395081008,0.9988563656806946,0.002223218558356166
1427.4155284132514,1.0012412071228027,0.0022234716452658176
1427.416917318403,1.0000845193862915,0.0022229463793337345
1427.4183062235545,1.0010138750076294,0.0022233498748391867
1427.4196951286767,1.0009777545928955,0.002223239978775382
1427.421084033828,1.0018675327301025,0.0022235035430639982
1427.4224729389796,0.9999945759773254,0.002224428579211235
1427.423861844102,0.9993435144424438,0.0022240797989070415
1427.4252507492527,1.000139832496643,0.0022253606002777815
1427.4266396543749,1.0010069608688354,0.0022238106466829777
1427.428028559527,1.003053069114685,0.00222476152703166
1427.4294174646493,0.9954881072044373,0.002219896297901869
1427.4308063698006,0.9982704520225525,0.002223277697339654
1427.432195274923,1.0030070543289185,0.0022256604861468077
1427.4335841800737,1.0020920038223267,0.0022249475587159395
1427.4349730851961,0.9989733099937439,0.0022253284696489573
1427.4363619903481,1.0029436349868774,0.0022242278791964054
1427.4377508954706,0.9986987113952637,0.0022223934065550566
1427.439139800593,0.9990148544311523,0.0022231468465179205
1427.4405287057443,1.004017949104309,0.0022269783075898886
1427.4419176108659,1.0017372369766235,0.0022278446704149246
1427.443306515988,1.0012279748916626,0.002224408555775881
1427.4446954211403,1.0029947757720947,0.0022261659614741802
1427.4460843262625,1.0030276775360107,0.0022236034274101257
1427.447473231385,0.9986094236373901,0.002222985029220581
1427.4488621365074,0.9936794638633728,0.0022190771996974945
1427.450251041629,1.001209020614624,0.002223554765805602
1427.4516399467805,0.9986680746078491,0.0022200741805136204
1427.4530288519034,0.9965987205505371,0.002219298155978322
1427.4544177570258,1.0018268823623657,0.002224927768111229
1427.455806662148,1.000452995300293,0.002223776653409004
1427.4571955672702,0.9998539686203003,0.002223374554887414
1427.4585844723917,0.9958782196044922,0.002221421105787158
1427.4599733775142,0.9992234706878662,0.0022237845696508884
1427.461362282637,0.9995182156562805,0.002221641130745411
1427.4627511877595,1.001189112663269,0.0022225037682801485
1427.464140092882,1.0033354759216309,0.0022242770064622164
1427.4655289980042,0.9991182088851929,0.0022221801336854696
1427.466917903126,1.0000227689743042,0.0022227028384804726
1427.4683068082481,0.9994370937347412,0.002222642535343766
1427.4696957133713,0.9984427690505981,0.0022223233245313168
1427.4710846184644,0.9971809983253479,0.0022208557929843664
1427.4724735235866,0.9997201561927795,0.002222422743216157
1427.473862428709,1.0030032396316528,0.002224770374596119
1427.4752513338306,1.0008264780044556,0.0022240320686250925
1427.476640238953,1.002232313156128,0.0022244243882596493
1427.4780291440468,0.9987432956695557,0.0022208041045814753
1427.4794180491692,1.000052571296692,0.0022233491763472557
1427.4808069542914,0.9992981553077698,0.002223625313490629
1427.4821958593845,1.003192663192749,0.0022259915713220835
1427.4835847645063,0.9927639961242676,0.002219246933236718
1427.4849736696278,1.0034841299057007,0.0022250821348279715
1427.4863625747219,1.0007405281066895,0.0022254514042288065
1427.4877514798447,1.0012881755828857,0.002224282594397664
1427.4891403849372,0.9989123344421387,0.0022220988757908344
1427.4905292900596,1.0005042552947998,0.0022237079683691263
1427.491918195153,1.0038609504699707,0.002224900759756565
1427.4933071002745,0.9990116357803345,0.0022229801397770643
1427.4946960053683,0.9994284510612488,0.00222624558955431
1427.4960849104914,1.0007926225662231,0.0022248225286602974
1427.497473815584,0.9982720613479614,0.002223922638222575
1427.4988627207063,1.0010770559310913,0.002224525436758995
1427.5002516257994,0.9991447925567627,0.0022222111001610756
1427.501640530892,0.99715656042099,0.002221103059127927
1427.503029436015,1.0025917291641235,0.0022276518866419792
1427.504418341109,1.00052809715271,0.0022247435990720987
1427.5058072462014,1.0001130104064941,0.0022219030652195215
1427.5071961513238,1.0036330223083496,0.0022282730787992477
1427.508585056417,1.0011098384857178,0.0022243426647037268
1427.5099739615096,1.000270128250122,0.0022222837433218956
1427.5113628666033,1.0010720491409302,0.0022238639649003744
1427.5127517716971,1.0042184591293335,0.0022260830737650394
1427.514140676819,1.0008505582809448,0.00222286069765687
1427.515529581912,1.0026668310165405,0.0022238127421587706
1427.5169184870053,0.9996930360794067,0.002222534967586398
1427.5183073920978,0.998449981212616,0.002223242772743106
1427.5196962971916,1.0059305429458618,0.002226581098511815
1427.5210852022856,0.9990203380584717,0.0022225610446184874
1427.5224741073782,1.0047985315322876,0.0022261706180870533
1427.5238630124713,1.0024372339248657,0.002224408555775881
1427.5252519175644,1.000669002532959,0.002223759423941374
1427.526640822657,0.9983623623847961,0.0022214706987142563
1427.5280297277511,0.9942190051078796,0.0022192352917045355
1427.529418632845,1.0005565881729126,0.0022221305407583714
1427.5308075379373,0.9993415474891663,0.0022213596384972334
1427.5321964430016,0.9986081123352051,0.002220370341092348
1427.5335853480947,1.0005548000335693,0.002221188275143504
1427.5349742531873,1.0012507438659668,0.0022227333392947912
1427.5363631582811,0.999729573726654,0.002220132853835821
1427.537752063375,0.997941792011261,0.0022194983903318644
1427.5391409684385,1.0024476051330566,0.002223946852609515
1427.5405298735316,1.0004048347473145,0.0022228057496249676
1427.541918778625,1.0004475116729736,0.0022227023728191853
1427.5433076836882,1.000720739364624,0.002222179900854826
1427.5446965887822,0.9964463114738464,0.002217331202700734
1427.5460854938763,0.9983780980110168,0.0022205738350749016
1427.5474743989396,0.996282160282135,0.0022175507619976997
1427.548863304032,0.9983317852020264,0.002221104921773076
1427.5502522090962,1.0008432865142822,0.0022201950196176767
1427.5516411141894,0.998330295085907,0.0022190334275364876
1427.5530300192534,0.9981208443641663,0.0022200297098606825
1427.5544189243474,1.0040860176086426,0.0022249394096434116
1427.5558078294114,0.9956416487693787,0.002217500936239958
1427.557196734504,1.0014820098876953,0.0022229072637856007
1427.558585639568,1.0012151002883911,0.0022231643088161945
1427.5599745446614,0.9992316961288452,0.0022250975016504526
1427.5613634497256,0.9980829954147339,0.0022212397307157516
1427.5627523547903,0.9981502294540405,0.002219383604824543
1427.5641412598834,0.9995889663696289,0.002220968483015895
1427.565530164947,0.9972071647644043,0.002219667425379157
1427.566919070011,1.0039072036743164,0.0022246597800403833
1427.568307975105,0.9978458285331726,0.002220617374405265
1427.569696880169,0.9982728958129883,0.0022198378574103117
1427.571085785233,0.9965611696243286,0.002220127498731017
1427.5724746902972,0.9977346658706665,0.0022202078253030777
1427.5738635953605,1.001082420349121,0.002221419708803296
1427.5752525004539,0.9970249533653259,0.0022225305438041687
1427.5766414055186,1.000692367553711,0.002222053473815322
1427.5780303105828,0.9984782934188843,0.002219496062025428
1427.5794192156468,0.997407078742981,0.0022189230658113956
1427.5808081207108,0.9978151321411133,0.0022215284407138824
1427.5919193611942,1.0010215044021606,0.002219656016677618
1427.5960860763869,0.9985376000404358,0.0022220350801944733
1427.5974749814511,0.9990171194076538,0.0022221109829843044
1427.5988638864853,1.0005755424499512,0.002222891664132476
1427.6002527915496,0.9987408518791199,0.002220015274360776
1427.6016416966143,0.9996756911277771,0.0022219992242753506
1427.6030306016785,1.0014833211898804,0.0022232700139284134
1427.6044195067136,1.0036556720733643,0.0022226960863918066
1427.6058084117776,1.001465916633606,0.002220968483015895
1427.607197316841,0.9997080564498901,0.002219908405095339
1427.6085862218758,1.0024542808532715,0.002223571063950658
1427.6099751269408,1.001127004623413,0.0022213314659893513
1427.6113640319757,0.9994854927062988,0.002221165457740426
1427.6127529370399,0.9993664622306824,0.0022206311114132404
1427.614141842075,0.99948650598526,0.002223709598183632
1427.6155307471383,0.9965051412582397,0.002217822475358844
1427.6169196521726,1.0025097131729126,0.002222532406449318
1427.6183085572375,1.000571370124817,0.0022214502096176147
1427.6196974622733,0.9966127276420593,0.0022185640409588814
1427.6210863673075,1.0006070137023926,0.0022201810497790575
1427.6224752723717,0.9965412616729736,0.0022179093211889267
1427.6238641774066,0.9987044930458069,0.002219610847532749
1427.6252530824408,0.9991998672485352,0.0022199952509254217
1427.6266419875058,0.9991561770439148,0.002220570109784603
1427.6280308925413,1.0004359483718872,0.0022199570666998625
1427.6294197975756,0.9991351366043091,0.0022204581182450056
1427.632197607675,1.0017248392105103,0.0022227864246815443
1427.6335865127091,1.0027884244918823,0.0022234672214835882
1427.6349754177447,0.998327374458313,0.0022187980357557535
1427.6363643227805,0.9950866103172302,0.0022167274728417397
1427.637753227815,1.0007874965667725,0.002221670700237155
1427.6391421328499,1.00099778175354,0.0022204541601240635
1427.6405310378848,1.0000826120376587,0.002221339847892523
1427.641919942919,0.9984952211380005,0.0022205228451639414
1427.6433088479548,0.9964281320571899,0.002220851369202137
1427.6446977529906,0.9987303018569946,0.0022205819841474295
1427.6460866580248,0.9986843466758728,0.0022193605545908213
1427.64747556306,0.9982251524925232,0.0022226583678275347
1427.6488644680949,0.9988800287246704,0.002218213863670826
1427.6502533731293,0.9994773864746094,0.0022238092496991158
1427.651642278165,1.002030372619629,0.00222464045509696
1427.6530311832005,0.999242901802063,0.002223352901637554
1427.654420088235,1.0007089376449585,0.0022213670890778303
1427.6558089932407,1.000974178314209,0.002221010159701109
1427.6571978982759,0.999843180179596,0.0022200404200702906
1427.65858680331,0.9969214797019958,0.0022172690369188786
1427.6599757083457,0.9998035430908203,0.0022200853563845158
1427.6613646133524,0.9979950189590454,0.0022207910660654306
1427.6627535183868,1.0003752708435059,0.002223643008619547
1427.6641424234217,0.9994311928749084,0.0022199461236596107
1427.6655313284275,0.9980108141899109,0.002220654394477606
1427.666920233462,1.000052571296692,0.0022191235329955816
1427.6683091384978,1.0007941722869873,0.0022220094688236713
1427.6696980435042,0.9992209076881409,0.002219843678176403
1427.6710869485385,0.9994654655456543,0.002221098868176341
1427.6724758535445,0.9971013069152832,0.0022192567121237516
1427.6738647585794,0.9951157569885254,0.0022173053584992886
1427.6752536635847,0.9987491965293884,0.0022207179572433233
1427.6766425686203,0.9987061023712158,0.002219861140474677
1427.6780314736268,1.0003453493118286,0.002220225753262639
1427.6794203786321,1.00009286403656,0.0022199456579983234
1427.6808092836666,0.9965363144874573,0.0022188276052474976
1427.6821981886724,0.997463047504425,0.00222068396396935
1427.683587093679,0.9985057711601257,0.002221703063696623
1427.684975998714,0.9983668923377991,0.002219038549810648
1427.6863649037198,1.0016428232192993,0.002222578041255474
1427.6877538087258,1.0011459589004517,0.00222403253428638
1427.68914271376,0.9952742457389832,0.002216809894889593
1427.690531618766,0.9997166991233826,0.002220126101747155
1427.6919205237725,1.0005271434783936,0.002221797127276659
1427.6933094287785,1.0002540349960327,0.0022197128273546696
1427.6946983337843,0.9984425902366638,0.0022190199233591557
1427.6960872387901,0.9995463490486145,0.002218890003859997
1427.6974761437955,0.9990059733390808,0.0022216897923499346
1427.6988650488304,1.0006228685379028,0.0022228634916245937
1427.700253953837,0.9966450929641724,0.0022192460019141436
1427.701642858843,1.0018713474273682,0.0022236451040953398
1427.703031763849,0.996006429195404,0.0022188464645296335
1427.7044206688547,0.9997410774230957,0.0022206485737115145
1427.70580957386,1.002125859260559,0.0022211140021681786
1427.7071984788367,1.0000427961349487,0.002221067901700735
1427.7085873838435,0.9977067708969116,0.002221767557784915
1427.7099762888492,0.9978830814361572,0.0022198145743459463
1427.711365193855,0.9997482895851135,0.002221516100689769
1427.712754098861,0.9999409914016724,0.0022219177335500717
1427.7141430038662,0.9976012110710144,0.0022223382256925106
1427.7155319088722,0.9990308284759521,0.002218696055933833
1427.7169208138496,1.004006028175354,0.0022244451101869345
1427.7183097188556,1.000705599784851,0.002221579197794199
1427.7196986238614,0.9976076483726501,0.0022193314507603645
1427.721087528838,0.9970099925994873,0.002220860216766596
1427.7224764338434,0.9973037242889404,0.00222184625454247
1427.7238653388492,0.9976962208747864,0.0022205112036317587
1427.7252542438268,0.9969382286071777,0.002219489775598049
1427.7266431488326,1.003538966178894,0.00222722627222538
1427.7280320538387,0.9982943534851074,0.0022199538070708513
1427.7294209588156,1.0007853507995605,0.0022233473137021065
1427.7308098638207,1.000683069229126,0.0022222467232495546
1427.7321987687974,1.0009815692901611,0.0022245002910494804
1427.733587673804,0.9979023337364197,0.0022203142289072275
1427.7349765787808,0.9990459084510803,0.002223383402451873
1427.7363654837575,1.0006576776504517,0.0022225738503038883
1427.7377543887635,1.0024182796478271,0.002224482363089919
1427.7391432937395,1.0027326345443726,0.002223606687039137
1427.7405321987455,0.9981865286827087,0.002220672322437167
1427.741921103723,0.9947258234024048,0.002219537040218711
1427.7433100086998,0.9979761838912964,0.0022224395070225
1427.744698913705,0.9954062104225159,0.002218917477875948
1427.7460878186819,1.0047616958618164,0.002225113334134221
1427.7474767236586,0.9980313181877136,0.002222214126959443
1427.7488656286348,0.9995657205581665,0.002221471630036831
1427.7502545336122,1.000885248184204,0.0022214113269001245
1427.7516434386187,1.0001533031463623,0.002222678391262889
1427.753032343595,1.003087043762207,0.002223141258582473
1427.7544212485716,0.9983459115028381,0.0022202071268111467
1427.7558101535485,0.9971649646759033,0.002221526810899377
1427.7571990585245,1.0044153928756714,0.002221873961389065
1427.7585879635021,0.9989936351776123,0.0022209035232663155
1427.7599768684797,1.001649022102356,0.0022209519520401955
1427.7613657734557,1.0016640424728394,0.0022227256558835506
1427.7627546784324,1.0019826889038086,0.0022213549818843603
1427.7641435834091,0.9997364282608032,0.0022196024656295776
1427.7655324883854,0.9997559189796448,0.0022205105051398277
1427.766921393363,1.002766728401184,0.0022238120436668396
1427.7683102983403,0.9984311461448669,0.002219615038484335
1427.7696992033163,0.9988406300544739,0.0022232094779610634
1427.7710881082642,0.9988449811935425,0.0022214942146092653
1427.772477013241,0.9981904625892639,0.0022192823234945536
1427.773865918217,1.0026700496673584,0.002223192248493433
1427.7752548231945,1.0020047426223755,0.002222581533715129
1427.776643728172,1.00080144405365,0.002220282331109047
1427.778032633119,0.9995217323303223,0.0022216197103261948
1427.7794215380957,0.9996005296707153,0.0022194820921868086
1427.7808104430726,1.004026174545288,0.002223192248493433
1427.7821993480204,1.002059817314148,0.0022221836261451244
1427.7835882529978,0.9955090880393982,0.002217452274635434
1427.7849771579456,1.0011444091796875,0.0022200404200702906
1427.7863660629216,0.9983426332473755,0.0022197167854756117
1427.7877549678985,0.9983888864517212,0.002218059031292796
1427.7891438728461,0.997077226638794,0.0022173263132572174
1427.7905327778228,0.9976240396499634,0.0022187589202076197
1427.7919216827713,0.9968648552894592,0.002218396170064807
1427.793310587748,0.9999648928642273,0.0022231906186789274
1427.794699492695,0.9992207884788513,0.0022188525181263685
1427.7960883976427,0.9981263279914856,0.0022191572934389114
1427.7974773026197,1.0004185438156128,0.0022224970161914825
1427.7988662075672,1.0002142190933228,0.0022209337912499905
1427.8002551125157,0.9966756105422974,0.0022174955811351538
1427.8016440174924,1.0031466484069824,0.0022233910858631134
1427.8030329224396,1.003324270248413,0.0022221622057259083
1427.8044218273872,0.9953706860542297,0.0022179405204951763
1427.8058107323347,0.9999461770057678,0.00222206162288785
1427.8071996373117,0.998203694820404,0.0022207810543477535
1427.8085885422593,1.001481056213379,0.0022250348702073097
1427.8099774472068,1.0009490251541138,0.0022213514894247055
1427.8113663521547,0.9983939528465271,0.0022190026938915253
1427.8127552571016,0.9984477162361145,0.0022191512398421764
1427.8141441620494,0.9993240833282471,0.0022206720896065235
1427.8155330669977,1.0005004405975342,0.002221842296421528
1427.8169219719455,0.9987035989761353,0.0022197312209755182
1427.8183108768933,1.0003812313079834,0.0022207521833479404
1427.8196997818409,1.002315640449524,0.002222606446594
1427.8210886867878,0.9993025660514832,0.002220448339357972
1427.8224775917354,0.997078001499176,0.002218907466158271
1427.8238664966839,1.0000965595245361,0.0022208956070244312
1427.8252554016315,0.9973210096359253,0.002218076027929783
1427.8266443065793,1.0011210441589355,0.002219309564679861
1427.828033211527,1.0019999742507935,0.0022219230886548758
1427.829422116474,0.9991456270217896,0.0022218215744942427
1427.8308110213927,0.9982309341430664,0.00221928209066391
1427.832199926341,1.0017108917236328,0.0022220395039767027
1427.8335888312888,1.002275824546814,0.002222206676378846
1427.8349777362364,1.0038951635360718,0.002224114490672946
1427.8363666411549,1.0027815103530884,0.0022232758346945047
1427.837755546102,1.000262975692749,0.002218805719166994
1427.8391444510496,1.0002763271331787,0.0022209177259355783
1427.8405333559688,1.0006686449050903,0.0022205598652362823
1427.8419222609166,1.001582145690918,0.00222294544801116
1427.8433111658644,1.0016154050827026,0.002220825059339404
1427.844700070783,1.0018439292907715,0.0022223738487809896
1427.84608897573,0.9990842342376709,0.002218369860202074
1427.8474778806485,0.9975248575210571,0.002218629466369748
1427.848866785597,1.0021140575408936,0.0022210492752492428
1427.8502556905155,1.0026363134384155,0.002223334973677993
1427.851644595434,1.0015084743499756,0.0022223785053938627
1427.8530335003818,1.0003974437713623,0.0022194741759449244
1427.8544224052996,1.0004312992095947,0.002221620175987482
1427.8558113102479,1.0003682374954224,0.0022194443736225367
1427.8572002151673,0.9990650415420532,0.002218985930085182
1427.8585891200853,0.9967822432518005,0.0022175328340381384
1427.859978025033,0.9994951486587524,0.0022193428594619036
1427.8613669299514,0.9996291995048523,0.0022200942039489746
1427.8627558348694,1.001444935798645,0.0022211228497326374
1427.8641447397888,0.9953888654708862,0.002216752851381898
1427.865533644708,1.0001369714736938,0.0022219957318156958
1427.8669225496549,0.999518632888794,0.0022195251658558846
1427.8683114545736,1.002140998840332,0.002222729381173849
1427.869700359492,1.001796841621399,0.002220480004325509
1427.87108926441,1.0015875101089478,0.0022214388009160757
1427.8724781693286,0.9995267391204834,0.0022200937382876873
1427.873867074248,1.0001256465911865,0.0022208436857908964
1427.8752559791665,0.998993456363678,0.002218718873336911
1427.8766448840845,0.998396098613739,0.002219723304733634
1427.878033789003,0.9969244003295898,0.002218604553490877
1427.8794226939215,1.0008925199508667,0.002220488851889968
1427.8808115988402,1.0008939504623413,0.0022202373947948217
1427.8822005037593,0.9964267611503601,0.0022166473791003227
1427.883589408678,0.9995126724243164,0.0022186487913131714
1427.8849783135668,0.999613881111145,0.002218959853053093
1427.8863672184855,1.001121163368225,0.002221084199845791
1427.887756123404,0.9999687671661377,0.0022206632420420647
1427.8891450283224,1.002549409866333,0.0022228790912777185
1427.8905339332418,1.0017858743667603,0.002222424140200019
1427.8919228381312,1.0007163286209106,0.0022199314553290606
1427.8933117430493,0.9997541904449463,0.002219599671661854
1427.8947006479677,0.9958275556564331,0.0022162040695548058
1427.8960895528573,1.0021038055419922,0.0022223847918212414
1427.897478457776,1.0009950399398804,0.0022220611572265625
1427.8988673626661,0.999103844165802,0.002219279296696186
1427.9002562675846,1.0021393299102783,0.0022215796634554863
1427.9016451725026,1.0005970001220703,0.0022190455347299576
1427.903034077392,1.0005855560302734,0.002221559640020132
1427.9044229823105,0.9996073842048645,0.002219450194388628
1427.9058118872001,0.9993739128112793,0.0022195095662027597
1427.9072007921193,1.002077341079712,0.0022213482297956944
1427.908589697009,1.004163384437561,0.002223675837740302
1427.9099786018976,0.9975241422653198,0.0022216453216969967
1427.9113675068163,0.9945340752601624,0.0022159030195325613
1427.9127564117057,0.9992422461509705,0.0022188525181263685
1427.914145316595,0.9995954632759094,0.0022227829322218895
1427.9155342215145,1.0026112794876099,0.0022213133051991463
1427.9169231264038,1.0030964612960815,0.0022218835074454546
1427.9183120312928,1.001668095588684,0.0022230721078813076
1427.9197009362113,1.0035043954849243,0.0022221857216209173
1427.9210898411009,0.999189555644989,0.0022205482237040997
1427.9224787459905,0.9976584315299988,0.00221921200864017
1427.9238676508805,1.0012807846069336,0.00222002062946558
1427.9252565557701,0.999570369720459,0.002221476286649704
1427.9266454606588,0.9954878687858582,0.0022187496069818735
1427.9280343655485,1.0009217262268066,0.002221713773906231
1427.9294232704385,0.9988200068473816,0.0022207603324204683
1427.930812175328,1.004031777381897,0.0022235247306525707
1427.9322010802173,1.000291347503662,0.0022235277574509382
1427.933589985107,1.0018271207809448,0.002224915660917759
1427.9349788899956,0.9993990659713745,0.002222215523943305
1427.9363677948852,0.9987444877624512,0.0022241740953177214
1427.9377566997753,0.9998221397399902,0.0022205132991075516
1427.9391456046649,1.0004472732543945,0.0022211589384824038
1427.9405345095536,0.9975934028625488,0.0022202974651008844
1427.9419234144432,1.0018610954284668,0.0022227808367460966
1427.9433123193326,1.0005923509597778,0.0022239945828914642
1427.9447012241924,0.9985026121139526,0.0022209316957741976
1427.9460901290824,1.0005425214767456,0.0022253727074712515
1427.9474790339725,0.9973800182342529,0.0022188967559486628
1427.9488679388614,1.000459909439087,0.0022229610476642847
1427.9502568437217,0.998814582824707,0.0022219663951545954
1427.9516457486113,0.9998632073402405,0.0022219119127839804
1427.9530346535,1.001523494720459,0.0022222965490072966
1427.9544235583612,1.0015908479690552,0.0022234274074435234
1427.9558124632515,0.9992414712905884,0.0022212225012481213
1427.957201368111,0.9976593852043152,0.002220005262643099
1427.9585902730007,1.0010133981704712,0.0022236912045627832
1427.959979177861,0.9965932965278625,0.002221661852672696
1427.9613680827497,1.0000847578048706,0.002220878377556801
1427.9627569876109,0.9973085522651672,0.0022199973464012146
1427.964145892501,0.996782124042511,0.0022202415857464075
1427.9655347973605,0.9984323382377625,0.0022245855070650578
1427.966923702221,0.9960147142410278,0.0022228285670280457
1427.9683126071106,1.0008059740066528,0.0022246914450079203
1427.9697015119702,0.9993814826011658,0.002220809692516923
1427.9710904168603,1.0015909671783447,0.0022246516309678555
1427.9724793217215,0.9987395405769348,0.002221639035269618
1427.9738682265813,1.0023205280303955,0.0022242204286158085
1427.9752571314416,1.0014702081680298,0.002222490031272173
1427.9766460363019,0.9990459084510803,0.00222049024887383
1427.9780349411906,0.9993388056755066,0.0022207307629287243
1427.9794238460518,0.9989378452301025,0.00222249748185277
1427.980812750913,0.9968276619911194,0.0022203437983989716
1427.9822016557725,0.9998132586479187,0.002221528673544526
1427.983590560633,1.000230312347412,0.0022215922363102436
1427.9849794654933,0.9971254467964172,0.002222107956185937
1427.9863683703531,0.9987950921058655,0.0022230048198252916
1427.987757275214,0.9988874793052673,0.0022210509050637484
1427.989146180075,0.9994899034500122,0.0022223619744181633
1427.990535084935,0.9982523918151855,0.0022219300735741854
1427.9919239897952,1.0059194564819336,0.0022268432658165693
1427.9933128946557,1.0002881288528442,0.0022218432277441025
1427.994701799516,1.0002623796463013,0.002222492592409253
1427.9960907043771,1.0024226903915405,0.0022262490820139647
1427.9988685140681,0.9974660277366638,0.0022186851128935814
1428.0002574189284,1.000680685043335,0.002222382929176092
1428.0016463237887,0.9987751245498657,0.0022211545147001743
1428.0030352286492,0.9965214729309082,0.002220897236838937
1428.0044241334806,1.0000295639038086,0.002225015312433243
1428.0058130383409,0.9988186359405518,0.002221924252808094
1428.0072019432012,0.9988536238670349,0.002222166396677494
1428.0085908480316,0.9981449842453003,0.0022212776821106672
1428.0099797528921,1.001119613647461,0.0022211174946278334
1428.011368657753,0.9968205094337463,0.0022202564869076014
1428.0127575625845,0.9982785582542419,0.0022179335355758667
1428.014146467445,0.9973880052566528,0.002219701884314418
1428.0155353722762,1.0032423734664917,0.0022210946772247553
1428.016924277136,0.9993718862533569,0.0022198061924427748
1428.0183131819672,0.9979363083839417,0.0022213782649487257
1428.0197020868284,0.9999632239341736,0.0022191039752215147
1428.0210909916595,0.9958597421646118,0.002218661131337285
1428.0224798964907,0.9989776015281677,0.0022227452136576176
1428.0238688013512,1.0027638673782349,0.002221453469246626
1428.0252577061817,1.000927209854126,0.002223638352006674
1428.0266466110131,1.000891089439392,0.0022212679032236338
1428.028035515874,1.0022419691085815,0.002222052775323391
1428.0294244207055,0.9995311498641968,0.0022181521635502577
1428.0308133255367,0.9998787045478821,0.0022213768679648638
1428.0322022303678,0.996048629283905,0.002220758469775319
1428.0335911352277,1.0006599426269531,0.002219762187451124
1428.0349800400588,0.99950110912323,0.0022202220279723406
1428.036368944891,1.0013102293014526,0.0022207472939044237
1428.037757849722,0.9973172545433044,0.0022193118929862976
1428.0391467545535,1.0030474662780762,0.0022248856257647276
1428.0405356593847,0.9965006113052368,0.002216975437477231
1428.0419245642154,0.9961279034614563,0.002217764500528574
1428.0433134690466,1.0000553131103516,0.0022208914160728455
1428.0447023738786,1.0005109310150146,0.002220044145360589
1428.0460912787098,0.9979245066642761,0.0022176208440214396
1428.047480183541,0.9990642666816711,0.00221848813816905
1428.0488690883724,1.0025153160095215,0.002221291186287999
1428.0502579932029,1.0036485195159912,0.0022230944596230984
1428.0516468980347,1.0006446838378906,0.0022196737118065357
1428.0530358028668,1.001860499382019,0.002220428315922618
1428.0544247076684,0.9986277222633362,0.0022209917660802603
1428.0558136124996,1.0007026195526123,0.0022202737163752317
1428.0572025173308,0.9984502196311951,0.0022185726556926966
1428.0585914221615,0.9978570938110352,0.002219678368419409
1428.0599803269645,1.0026302337646484,0.0022249040193855762
1428.0613692317963,0.9973265528678894,0.002218872308731079
1428.0627581366268,1.0022739171981812,0.0022232455667108297
1428.0641470414291,1.0007648468017578,0.002219520043581724
1428.0655359462605,0.9964008331298828,0.0022172981407493353
1428.066924851062,0.9969496130943298,0.002218499779701233
1428.068313755893,0.9952647089958191,0.0022161405067890882
1428.0697026607252,1.0011487007141113,0.002220917958766222
1428.0710915655272,1.0000401735305786,0.0022190434392541647
1428.0724804703289,1.0043437480926514,0.002224378753453493
1428.07386937516,0.9980674386024475,0.0022182788234204054
1428.075258279962,0.9995801448822021,0.0022204897832125425
1428.0766471847935,1.001879096031189,0.002221871865913272
1428.0780360895963,0.9993290901184082,0.002217896282672882
1428.0794249943986,1.0005388259887695,0.002219252521172166
1428.080813899229,1.0053120851516724,0.0022258651442825794
1428.0822028040313,1.0001200437545776,0.0022195829078555107
1428.0835917088334,0.9997729063034058,0.002218823879957199
1428.0849806136646,1.001676082611084,0.0022223324049264193
1428.0863695184676,0.9968295097351074,0.0022176303900778294
1428.0877584232696,0.9969174861907959,0.0022182301618158817
1428.0891473280712,0.9987961649894714,0.002220688620582223
1428.0905362328733,1.0004923343658447,0.002219636458903551
1428.0919251376756,0.9995914101600647,0.002220086520537734
1428.093314042507,1.0004072189331055,0.00222152192145586
1428.0947029473098,1.0021231174468994,0.0022216893266886473
1428.096091852112,0.9955896139144897,0.002215562155470252
1428.0974807569135,1.0013009309768677,0.002223525196313858
1428.0988696617155,1.0010652542114258,0.002219061367213726
1428.1002585665176,0.9970860481262207,0.0022197405342012644
1428.10164747132,1.0013527870178223,0.0022205908317118883
1428.1030363761226,0.9968315362930298,0.0022198904771357775
1428.1044252808958,0.9973652362823486,0.0022183177061378956
1428.1058141856972,1.002724528312683,0.0022242639679461718
1428.1072030904995,1.0024491548538208,0.0022227256558835506
1428.1085919953023,0.9978997111320496,0.0022174599580466747
1428.1099809001046,1.0044535398483276,0.0022256020456552505
1428.1113698049069,0.9987627267837524,0.002220089314505458
1428.1127587096798,1.0011496543884277,0.0022200802341103554
1428.1155365192833,0.9988421201705933,0.00221912725828588
1428.1169254240572,0.9987866878509521,0.002219811314716935
1428.1183143288592,1.0024555921554565,0.0022203000262379646
1428.1197032336615,1.0003422498703003,0.002220414113253355
1428.1210921384347,0.9955852627754211,0.002217619912698865
1428.1224810432361,0.9993398785591125,0.0022200297098606825
1428.1238699480093,1.0008666515350342,0.002220003865659237
1428.125258852812,0.9945971369743347,0.002216600114479661
1428.1266477575853,1.0004613399505615,0.0022195742931216955
1428.1280366623873,0.9977347254753113,0.0022175293415784836
1428.1294255671603,1.0002636909484863,0.002219840884208679
1428.1308144719617,0.9995670914649963,0.0022210534662008286
1428.1322033767349,0.9984985589981079,0.002218865789473057
1428.1335922815085,0.9979709386825562,0.002219942631199956
1428.1349811863108,1.0012328624725342,0.002220712136477232
1428.136370091083,1.0021851062774658,0.002220132388174534
1428.1377589958563,1.003304123878479,0.0022224870044738054
1428.1391479006295,1.0007115602493286,0.0022212855983525515
1428.1405368054309,1.0016707181930542,0.002221108181402087
1428.1419257102045,1.002261757850647,0.0022197666112333536
1428.1433146149784,0.9984349012374878,0.0022191975731402636
1428.1447035197507,1.0017938613891602,0.0022228879388421774
1428.1460924245237,1.0008333921432495,0.0022221494000405073
1428.1474813292969,1.001737117767334,0.0022211517207324505
1428.1488702340982,0.9991110563278198,0.002219466958194971
1428.1502591388721,0.9966843724250793,0.002215947723016143
1428.151648043646,0.9964520931243896,0.002217890927568078
1428.1530369484183,1.0025519132614136,0.002221326809376478
1428.1544258531915,1.0007917881011963,0.0022226895671337843
1428.1558147579644,0.9976030588150024,0.0022175447084009647
1428.1572036627083,1.0010322332382202,0.0022192320320755243
1428.1585925674822,0.9974201321601868,0.002216972643509507
1428.1599814722551,1.0053434371948242,0.0022251761984080076
1428.1613703770274,0.9971964359283447,0.002217202913016081
1428.1627592818006,0.997395932674408,0.0022176618222147226
1428.1641481865738,1.0004408359527588,0.0022197142243385315
1428.1655370913177,1.0000203847885132,0.0022208362352102995
1428.1669259960915,1.0003571510314941,0.0022250500041991472
1428.1683149008645,0.9962172508239746,0.0022164047695696354
1428.169703805637,1.0026520490646362,0.002220896538347006
1428.171092710381,0.9977409243583679,0.0022179654333740473
1428.1724816151539,0.998345136642456,0.002218918176367879
1428.173870519927,1.0008306503295898,0.0022192050237208605
1428.1752594246716,0.9982938766479492,0.002216158201918006
1428.1766483294448,1.000024676322937,0.0022201642859727144
1428.178037234188,0.9985884428024292,0.0022192758042365313
1428.1794261389612,1.0019237995147705,0.002222467912361026
1428.180815043705,0.9996533989906311,0.0022193423938006163
1428.182203948478,0.999302089214325,0.0022196308709681034
1428.1835928532228,1.0001728534698486,0.00221964786760509
1428.1849817579957,0.9980478286743164,0.0022196632344275713
1428.1863706627391,1.0014305114746094,0.002220751950517297
1428.187759567483,1.003760814666748,0.00222229165956378
1428.1891484722562,0.9983987212181091,0.0022192904725670815
1428.190537377,0.995374321937561,0.0022161121014505625
1428.1919262817448,0.9986568689346313,0.002219634596258402
1428.1933151864887,0.998403787612915,0.002218893961980939
1428.1947040912612,0.9980276823043823,0.0022188464645296335
1428.196092996005,1.001619577407837,0.002221653237938881
1428.197481900749,0.9992143511772156,0.002220770111307502
1428.198870805493,1.0002751350402832,0.002220391994342208
1428.200259710237,1.00322425365448,0.0022204413544386625
1428.201648614981,0.9995608329772949,0.002219544956460595
1428.2030375197248,0.9962156414985657,0.0022162850946187973
1428.2044264244973,1.0009945631027222,0.0022195724304765463
1428.205815329242,0.9987099170684814,0.002219062764197588
1428.2072042339867,0.9995653033256531,0.002218202454969287
1428.2085931387298,0.9967821836471558,0.0022202758118510246
1428.2099820434448,1.0000263452529907,0.002220108173787594
1428.2113709481887,1.002455472946167,0.0022209384478628635
1428.212759852932,0.9987916946411133,0.0022198304068297148
1428.2141487576766,0.9965499043464661,0.0022190420422703028
1428.2155376624212,1.0016300678253174,0.002221554284915328
1428.2169265671646,0.9983066916465759,0.0022184078115969896
1428.2183154719085,1.0001481771469116,0.002220823662355542
1428.2197043766234,1.0017808675765991,0.0022211072500795126
1428.2210932813666,1.0015891790390015,0.0022201372776180506
1428.2224821861112,0.9979110956192017,0.002219263929873705
1428.2238710908268,1.0003107786178589,0.002221114234998822
1428.2252599955702,0.9992476105690002,0.0022198825608938932
1428.226648900314,1.0043429136276245,0.0022229363676160574
1428.2280378050289,0.9959521889686584,0.0022166105918586254
1428.2294267097723,1.002050518989563,0.0022221803665161133
1428.230815614517,0.9996557831764221,0.0022170974407345057
1428.2322045192325,0.998795747756958,0.00221826764754951
1428.2335934239757,0.9994214773178101,0.0022215305361896753
1428.2349823286906,0.99868243932724,0.002219695830717683
1428.2363712334054,1.0004825592041016,0.0022203903645277023
1428.2377601381488,1.0032049417495728,0.0022195219062268734
1428.2391490428643,0.9986880421638489,0.0022187030408531427
1428.2405379476088,0.9996667504310608,0.0022237214725464582
1428.241926852323,0.999472975730896,0.0022212585899978876
1428.2433157570379,0.9992403388023376,0.0022206709254533052
1428.244704661782,0.9994481205940247,0.0022207924630492926
1428.246093566496,0.9988006949424744,0.0022208529990166426
1428.2474824712117,0.9984762072563171,0.0022202786058187485
1428.2488713759274,0.9994910955429077,0.002220251364633441
1428.2502602806705,0.9997544288635254,0.0022193181794136763
1428.2516491853853,0.9992663860321045,0.0022190678864717484
1428.2530380901,1.000033974647522,0.0022200793027877808
1428.254426994815,0.9991276860237122,0.0022179889492690563
1428.2558158995305,0.9971505999565125,0.0022174492478370667
1428.2572048042455,0.9964122772216797,0.0022175759077072144
1428.2585937089596,0.9988154172897339,0.0022192795295268297
1428.2599826136745,1.0004501342773438,0.0022188464645296335
1428.2613715183895,1.004057765007019,0.002224431838840246
1428.2627604231043,1.0028252601623535,0.0022217375226318836
1428.264149327819,0.9960219264030457,0.002218865789473057
1428.265538232534,1.0005221366882324,0.0022210804745554924
1428.2669271372488,1.0016423463821411,0.0022233095951378345
1428.268316041963,0.9996569752693176,0.0022194378543645144
1428.2697049466487,0.9998725056648254,0.0022194331977516413
1428.2710938513644,0.9946789741516113,0.002216644585132599
1428.2724827560792,0.999721109867096,0.002218174282461405
1428.273871660794,0.9992808699607849,0.0022203437983989716
1428.275260565509,0.9970599412918091,0.0022175784688442945
1428.276649470194,0.9975073337554932,0.0022176923230290413
1428.2780383749089,1.000693678855896,0.0022219710517674685
1428.2794272796243,0.9995329976081848,0.0022201298270374537
1428.2808161843102,0.9969940781593323,0.002217208966612816
1428.282205089025,0.9992557168006897,0.0022192206233739853
1428.2835939937106,1.0001908540725708,0.0022203074768185616
1428.284982898425,1.0010794401168823,0.002221681410446763
1428.2863718031106,0.9979423880577087,0.0022196893114596605
1428.2877607078262,0.9985843896865845,0.0022185451816767454
1428.289149612512,1.0005360841751099,0.0022198609076440334
1428.2905385172269,0.9991413354873657,0.0022195165511220694
1428.2919274219128,0.9970057010650635,0.002218398731201887
1428.2933163266268,0.9977697134017944,0.0022214665077626705
1428.2947052313127,1.0011017322540283,0.0022214872296899557
1428.296094135999,0.9985110759735107,0.0022192744072526693
1428.2974830407138,1.002324104309082,0.002221092116087675
1428.2988719453995,0.9988471269607544,0.002217853907495737
1428.3002608500854,1.0011781454086304,0.0022196858190000057
1428.3016497547703,1.0009633302688599,0.0022185631096363068
1428.303038659486,1.000415563583374,0.0022208173759281635
1428.3044275641726,1.0006300210952759,0.0022232765331864357
1428.3058164688575,0.999187171459198,0.0022177761420607567
1428.3072053735434,0.9999266266822815,0.0022186089772731066
1428.308594278229,1.000886082649231,0.0022205980494618416
1428.309983182914,0.997926652431488,0.0022198231890797615
1428.3113720876006,0.9965980648994446,0.0022163009271025658
1428.312760992287,0.999075710773468,0.0022191102616488934
1428.314149896972,0.9989656805992126,0.0022190860472619534
1428.3155388016578,0.9985986351966858,0.002218724926933646
1428.3169277063437,0.9992532134056091,0.002220063004642725
1428.3183166110286,0.9986493587493896,0.002218382665887475
1428.319705515715,1.0008392333984375,0.0022201885003596544
1428.3210944204016,0.99995356798172,0.0022225670982152224
1428.3224833250868,1.0007652044296265,0.0022192837204784155
1428.325261134429,0.9995985627174377,0.002221631584689021
1428.3266500391142,0.9995961785316467,0.0022197947837412357
1428.3280389437998,0.9967084527015686,0.0022168175783008337
1428.329427848457,1.0010138750076294,0.0022189507726579905
1428.330816753143,0.9954910278320312,0.00222008372657001
1428.332205657828,1.0036001205444336,0.0022214772179722786
1428.3335945624847,0.9983053803443909,0.00221773493103683
1428.3349834671706,1.0052412748336792,0.00222467677667737
1428.336372371827,1.003484845161438,0.002221102127805352
1428.3377612765137,0.9999602437019348,0.002219130052253604
1428.3391501811993,1.0021476745605469,0.0022229228634387255
1428.3405390858554,1.0036503076553345,0.002221067203208804
1428.341927990512,1.0014760494232178,0.0022217058576643467
1428.3433168951983,0.9959914684295654,0.0022170753218233585
1428.3447057998549,0.9986575841903687,0.0022231382317841053
1428.3460947045407,0.9969902634620667,0.0022180688101798296
1428.3474836091975,0.9994814991950989,0.002219805493950844
1428.3488725138534,0.999533474445343,0.00222077127546072
1428.3502614185393,1.0003986358642578,0.00222196476534009
1428.3516503231965,0.9995127320289612,0.0022192574106156826
1428.3530392278533,1.0010589361190796,0.0022209654562175274
1428.3544281325098,1.0018744468688965,0.002221335656940937
1428.3558170371955,0.9976118206977844,0.0022178222425282
1428.3572059418516,1.0015623569488525,0.0022218076046556234
1428.3585948465081,1.001165747642517,0.0022219710517674685
1428.3599837511654,0.9987636804580688,0.0022196953650563955
1428.3613726558222,0.9970347881317139,0.0022182154934853315
1428.362761560479,0.9996876120567322,0.0022207091096788645
1428.3641504651355,0.9986333250999451,0.0022201351821422577
1428.3655393697916,0.9963278770446777,0.0022156378254294395
1428.3669282744481,0.9971602559089661,0.0022208557929843664
1428.3683171791056,0.9959783554077148,0.0022187090944498777
1428.3697060837621,0.9994099736213684,0.002219066023826599
1428.3710949884187,0.9984894394874573,0.00221853144466877
1428.3724838930755,0.9998301267623901,0.0022193549666553736
1428.3738727977313,0.9986876845359802,0.002220665104687214
1428.3752617023881,0.9998987317085266,0.0022195386700332165
1428.3766506070453,1.003014326095581,0.0022217624355107546
1428.378039511673,0.9988725781440735,0.0022192003671079874
1428.3794284163296,0.9996945858001709,0.002223165240138769
1428.3808173209861,1.0018905401229858,0.0022205770947039127
1428.3822062256131,1.0008623600006104,0.0022195770870894194
1428.3835951302706,1.0051535367965698,0.0022243864368647337
1428.3849840349278,0.9983618855476379,0.0022175374906510115
1428.3863729395546,1.0024486780166626,0.002220200840383768
1428.3877618442114,0.9990793466567993,0.0022191402968019247
1428.389150748868,0.99761962890625,0.0022197188809514046
1428.390539653495,1.0004223585128784,0.002220303285866976
1428.3919285581514,1.0024638175964355,0.0022219233214855194
1428.3933174627798,1.0015734434127808,0.002221720991656184
1428.3947063674364,0.9985870122909546,0.0022173819597810507
1428.3960952720633,0.9993588924407959,0.0022181568201631308
1428.3974841766908,0.9990891814231873,0.002219198038801551
1428.3988730813473,1.0038405656814575,0.002224378753453493
1428.400261985975,1.0009326934814453,0.0022194564808160067
1428.4016508906323,0.9994363188743591,0.002221912145614624
1428.40303979526,1.0006356239318848,0.002219997812062502
1428.4044286998867,1.0015631914138794,0.002221497939899564
1428.4058176045144,1.0002832412719727,0.00221813702955842
1428.407206509171,1.0000395774841309,0.0022177582141011953
1428.4085954137984,0.9972509145736694,0.0022201223764568567
1428.4099843184267,1.000827431678772,0.002219683723524213
1428.4113732230542,0.9995765089988708,0.002219714689999819
1428.4127621276812,0.9993945956230164,0.002218809677287936
1428.4141510323086,1.002981185913086,0.0022221244871616364
1428.4155399369363,0.995642900466919,0.0022170490119606256
1428.416928841564,1.0006991624832153,0.0022206949070096016
1428.418317746192,1.0008739233016968,0.002222444862127304
1428.4197066508195,1.0035392045974731,0.002221589908003807
1428.4210955554465,1.0004749298095703,0.0022203754633665085
1428.422484460074,1.0004749298095703,0.002221059752628207
1428.4238733647023,0.9986750483512878,0.002219194546341896
1428.4252622693298,0.9976254105567932,0.002220146358013153
1428.4266511739572,0.9967261552810669,0.002218883717432618
1428.428040078585,0.997628390789032,0.0022166718263179064
1428.4294289832117,1.0016151666641235,0.002218754030764103
1428.4308178878102,1.0022481679916382,0.0022234227508306503
1428.4322067924384,0.9982624053955078,0.0022192946635186672
1428.433595697066,0.9987379312515259,0.0022177507635205984
1428.4349846016646,1.0021778345108032,0.0022196476347744465
1428.436373506292,1.0003902912139893,0.002220515161752701
1428.4377624109188,1.0023224353790283,0.0022221957333385944
1428.4391513155172,0.99796462059021,0.0022176476195454597
1428.4405402201455,1.0004743337631226,0.0022189186420291662
1428.4419291247439,1.00153648853302,0.002221182221546769
1428.4433180293715,0.9989610910415649,0.0022185356356203556
1428.4447069339992,1.0011730194091797,0.002221600152552128
1428.4460958385969,0.9999071955680847,0.002220469992607832
1428.4474847431954,1.000829815864563,0.002219694433733821
1428.4488736478236,1.0023635625839233,0.0022220262326300144
1428.450262552422,0.9989582896232605,0.002218706998974085
1428.4516514570494,0.9995818138122559,0.002219652058556676
1428.453040361648,1.0012892484664917,0.002221252303570509
1428.4544292662456,1.001049518585205,0.002218816429376602
1428.4558181708733,1.0027271509170532,0.0022217335645109415
1428.4572070754723,1.0001696348190308,0.0022206399589776993
1428.4585959800709,1.00192129611969,0.002221707720309496
1428.4599848846685,0.9990741610527039,0.0022215116769075394
1428.461373789267,0.9971793293952942,0.00221886090002954
1428.4627626938948,0.9995845556259155,0.0022192727774381638
1428.4641515984931,1.0028340816497803,0.002221552887931466
1428.4655405030924,0.9985260367393494,0.002221079310402274
1428.4669294076907,1.001054286956787,0.0022207824513316154
1428.4683183122884,0.9998495578765869,0.002219543559476733
1428.4697072168867,0.9989181160926819,0.002218858106061816
1428.4710961214853,1.0025266408920288,0.002219619695097208
1428.4724850260839,0.9982798099517822,0.0022187025751918554
1428.4738739306829,1.0018435716629028,0.002220680471509695
1428.4752628352815,1.0031143426895142,0.002221311442553997
1428.4766517398791,0.9996817111968994,0.0022189817391335964
1428.4780406444777,0.9993656277656555,0.0022187908180058002
1428.479429549047,0.9998700022697449,0.0022184618283063173
1428.4808184536453,0.999923050403595,0.0022223812993615866
1428.4822073582443,0.9997865557670593,0.002219904912635684
1428.4835962628429,1.0007199048995972,0.002219435293227434
1428.4849851674405,1.0006664991378784,0.002220714697614312
1428.48637407201,1.0005512237548828,0.0022189561277627945
1428.4877629766086,1.000610589981079,0.0022183882538229227
1428.489151881207,1.000616431236267,0.0022201547399163246
1428.490540785777,1.0000758171081543,0.0022195836063474417
1428.4919296903754,0.9999060034751892,0.0022205403074622154
1428.4933185949442,0.9989223480224609,0.0022202853579074144
1428.4947074995425,0.9972233176231384,0.002216423163190484
1428.4960964041127,0.9987972974777222,0.0022213009651750326
1428.497485308711,0.9968097805976868,0.002217373112216592
1428.4988742132803,0.997306764125824,0.0022216476500034332
1428.5002631178788,0.9974271655082703,0.002220640890300274
1428.5016520224474,1.0033677816390991,0.002225488191470504
1428.503040927046,0.9982894659042358,0.0022184031549841166
1428.5044298316159,1.0003982782363892,0.0022188022267073393
1428.5058187361853,0.997863233089447,0.002218614798039198
1428.5072076407837,1.001315712928772,0.002220994094386697
1428.508596545353,1.001990556716919,0.0022224723361432552
1428.5099854499217,0.9989381432533264,0.0022215417120605707
1428.511374354491,0.9962766766548157,0.002218177542090416
1428.5127632590609,0.9968715906143188,0.0022193328477442265
1428.5141521636594,0.9962174296379089,0.0022179444786161184
1428.515541068229,0.9952278137207031,0.0022171528544276953
1428.5169299727982,1.0033551454544067,0.0022229596506804228
1428.518318877367,0.996406614780426,0.0022179107181727886
1428.5197077819362,1.0022121667861938,0.0022233505733311176
1428.5210966865063,1.0010014772415161,0.00222063809633255
1428.5224855910756,1.0038716793060303,0.0022219642996788025
1428.5238744956443,1.0029352903366089,0.002221735194325447
1428.5252634002136,0.9989636540412903,0.00221867673099041
1428.5266523047828,1.002280831336975,0.002222880022600293
1428.5280412093514,1.0006842613220215,0.002219119807705283
1428.5294301139215,0.998318076133728,0.0022181114181876183
1428.5308190184917,0.9962037801742554,0.0022186420392245054
1428.5322079230311,0.9987797141075134,0.0022192122414708138
1428.5335968276006,0.999021589756012,0.00221922155469656
1428.5349857321698,1.002793312072754,0.002220766618847847
1428.536374636739,1.0024369955062866,0.00222298433072865
1428.5377635412801,0.9990937113761902,0.0022204548586159945
1428.5391524458494,1.0012247562408447,0.0022201945539563894
1428.5405413504182,0.9986419677734375,0.0022177884820848703
1428.5419302549583,0.9976469278335571,0.0022182392422109842
1428.5433191595278,0.9995477795600891,0.002220002468675375
1428.544708064068,1.0007189512252808,0.002220160560682416
1428.546096968638,1.0016604661941528,0.002220856724306941
1428.5474858732073,1.0043549537658691,0.0022218727972358465
1428.548874777747,1.001771092414856,0.002219931222498417
1428.550263682287,0.9981865286827087,0.0022213805932551622
1428.5516525868563,1.0014643669128418,0.0022201109677553177
1428.5530414913967,1.0037786960601807,0.0022212122566998005
1428.5544303959666,0.9956254959106445,0.0022170646116137505
1428.555819300507,1.0022088289260864,0.002224802505224943
1428.5572082050464,1.0062931776046753,0.0022237971425056458
1428.558597109616,1.0003890991210938,0.0022201607935130596
1428.559986014156,0.9998229146003723,0.002218616660684347
1428.5613749186962,1.0007086992263794,0.0022214252967387438
1428.5627638232372,0.9977826476097107,0.002218026202172041
1428.5641527278065,1.0008388757705688,0.002223668619990349
1428.5655416323461,0.9974367022514343,0.0022168527357280254
1428.5669305368863,0.998508870601654,0.002219150308519602
1428.5683194414273,0.9980923533439636,0.0022197766229510307
1428.5697083459675,1.0023469924926758,0.0022202092222869396
1428.5710972505078,1.0022177696228027,0.0022217207588255405
1428.572486155048,0.9995577335357666,0.0022196501959115267
1428.5738750595876,0.998840868473053,0.0022184373810887337
1428.5752639641278,1.0007655620574951,0.0022208655718714
1428.5766528686688,0.995483934879303,0.002217164495959878
1428.578041773209,1.003994107246399,0.0022205780260264874
1428.579430677749,1.0019283294677734,0.0022208536975085735
1428.5808195822895,0.9975271821022034,0.002216365886852145
1428.582208486829,0.9974149465560913,0.002220427617430687
1428.5835973913693,1.0043880939483643,0.0022218432277441025
1428.584986295881,1.0026601552963257,0.0022214618511497974
1428.5863752004213,0.9984835386276245,0.00221901573240757
1428.5877641049608,0.998451292514801,0.00221896986477077
1428.589153009472,0.9974168539047241,0.0022168492432683706
1428.5905419140122,1.003551721572876,0.0022229503374546766
1428.5919308185519,0.9958875775337219,0.002215627348050475
1428.5933197230636,0.99913489818573,0.002221751492470503
1428.5947086276044,1.0034675598144531,0.0022227263543754816
1428.596097532144,0.9978728890419006,0.0022186755668371916
1428.5974864366551,0.9998202323913574,0.0022210662718862295
1428.5988753411955,0.9946320056915283,0.0022180911619216204
1428.6002642457067,0.9965856671333313,0.0022189037408679724
1428.6016531502476,0.9983447790145874,0.0022175924386829138
1428.6030420547586,1.0012859106063843,0.0022196536883711815
1428.6044309592692,0.9990799427032471,0.002219183137640357
1428.6058198638093,0.9981438517570496,0.0022175635676831007
1428.6072087683203,1.001170039176941,0.0022181628737598658
1428.6085976728607,0.9998806118965149,0.0022199356462806463
1428.6099865773724,0.997475802898407,0.0022206048015505075
1428.6113754818837,0.9995971322059631,0.0022183964028954506
1428.612764386394,0.9981433153152466,0.0022192872129380703
1428.6141532909344,1.0009483098983765,0.002222721930593252
1428.6155421954456,1.000116229057312,0.0022211438044905663
1428.6169310999567,0.9966881275177002,0.002219165675342083
1428.6183200044686,1.0015660524368286,0.002220311900600791
1428.6197089089796,0.9992979168891907,0.0022198755759745836
1428.62109781349,0.9994748830795288,0.0022214807104319334
1428.622486718001,1.0022342205047607,0.0022225473076105118
1428.6238756225123,1.0028095245361328,0.002221055096015334
1428.6252645270235,0.9972100257873535,0.002218771493062377
1428.6266534315353,1.0002515316009521,0.0022185405250638723
1428.6294312405569,0.9979700446128845,0.0022204569540917873
1428.6308201450681,0.997565507888794,0.0022196676582098007
1428.6322090495792,0.9998258352279663,0.002217913046479225
1428.6335979540902,0.9997517466545105,0.0022200574167072773
1428.6349868586021,1.0016025304794312,0.0022214946802705526
1428.636375763084,1.0039736032485962,0.0022205510176718235
1428.6377646675944,1.0014363527297974,0.0022216099314391613
1428.6391535721057,0.9975666403770447,0.0022180986125022173
1428.6405424766174,1.0030392408370972,0.002224231604486704
1428.6419313810995,0.9980317950248718,0.002217942848801613
1428.6433202856108,0.9983911514282227,0.0022193428594619036
1428.6447091900927,1.0009640455245972,0.0022208518348634243
1428.6460980946033,0.999423623085022,0.002220097929239273
1428.6474869991143,0.9976487159729004,0.002218953100964427
1428.6488759035972,1.0036969184875488,0.0022214290220290422
1428.6502648081082,0.9986189603805542,0.0022194713819772005
1428.6516537125901,0.9989591836929321,0.0022180683445185423
1428.6530426171014,1.0001087188720703,0.002219483954831958
1428.6544315215826,1.0012261867523193,0.0022201950196176767
1428.6558204260639,0.9996494650840759,0.0022211349569261074
1428.6572093305758,0.9979823231697083,0.002218154026195407
1428.6585982350587,0.9987466335296631,0.0022200841922312975
1428.65998713954,1.0014299154281616,0.0022204434499144554
1428.6613760440512,0.998889684677124,0.0022205007262527943
1428.662764948533,0.9970787763595581,0.002217511646449566
1428.6641538530143,1.0003029108047485,0.002220229245722294
1428.6655427574972,1.0025856494903564,0.0022211247123777866
1428.666931662009,0.9980067014694214,0.0022189815063029528
1428.6683205664901,1.000531792640686,0.0022228253073990345
1428.6697094709723,1.0004115104675293,0.0022201333194971085
1428.6710983754544,0.9987612962722778,0.0022187987342476845
1428.6724872799364,0.9966490864753723,0.002218851586803794
1428.6738761844192,1.0004643201828003,0.002220162656158209
1428.6752650889011,0.9959985017776489,0.0022171970922499895
1428.6766539933826,0.9966771602630615,0.002218057634308934
1428.6780428978645,1.0002124309539795,0.002220532624050975
1428.6794318023465,0.9992213249206543,0.0022192264441400766
1428.6808207068286,0.998298168182373,0.0022206988651305437
1428.6822096113112,0.9940966963768005,0.002215923275798559
1428.6835985157934,1.000200629234314,0.002221953822299838
1428.6849874202455,1.0001965761184692,0.0022201170213520527
1428.6863763247277,1.0001963376998901,0.0022189042065292597
1428.6877652292096,1.002140998840332,0.0022216460201889277
1428.6891541336915,1.0024281740188599,0.002222301671281457
1428.6905430381453,0.9996632933616638,0.002220270223915577
1428.6919319426272,1.0006282329559326,0.002220976399257779
1428.6933208471087,1.0006530284881592,0.0022198264487087727
1428.6947097515615,1.0009455680847168,0.0022211296018213034
1428.6960986560437,1.0012093782424927,0.0022205368150025606
1428.6974875605256,0.9993857145309448,0.0022203598637133837
1428.6988764649793,0.9978621602058411,0.0022162841632962227
1428.7002653694612,0.9984662532806396,0.0022189696319401264
1428.7016542739136,1.0034178495407104,0.002221955917775631
1428.7030431783955,1.0028201341629028,0.0022218397352844477
1428.7044320828493,1.0006037950515747,0.002221423666924238
1428.7058209873312,1.0016146898269653,0.002220700727775693
1428.707209891784,0.9973024725914001,0.002218046225607395
1428.708598796237,1.002645492553711,0.0022212332114577293
1428.7099877007183,1.0008856058120728,0.002220641355961561
1428.7113766051714,0.9976361989974976,0.0022179470397531986
1428.712765509625,1.0006824731826782,0.002222927985712886
1428.714154414078,0.9975745677947998,0.002218184294179082
1428.7169322230127,0.9969346523284912,0.0022194997873157263
1428.718321127465,1.003524899482727,0.0022258430253714323
1428.7197100319174,1.0024057626724243,0.00222389935515821
1428.721098936371,0.9998474717140198,0.0022191533353179693
1428.7224878408244,0.9978629946708679,0.0022190576419234276
1428.7238767452768,1.0010888576507568,0.002219235524535179
1428.7252656497296,1.0013036727905273,0.0022221102844923735
1428.7266545541827,0.9988648891448975,0.002219432033598423
1428.7280434586348,0.998391330242157,0.002219143556430936
1428.7294323630883,1.0031168460845947,0.002222579438239336
1428.730821267542,0.998966634273529,0.002219860441982746
1428.7322101719944,0.9961154460906982,0.002219246933236718
1428.7335990764473,0.9998346567153931,0.0022208020091056824
1428.7349879809,0.9981067180633545,0.00221952679567039
1428.7363768853531,1.0024573802947998,0.002221207832917571
1428.7377657897775,0.9989526867866516,0.0022190033923834562
1428.7391546942306,1.0030903816223145,0.002220687223598361
1428.7405435986827,0.9985032677650452,0.002220717491582036
1428.7419325031358,0.99931401014328,0.0022191363386809826
1428.7433214075595,0.9985158443450928,0.0022191721946001053
1428.7447103120123,1.0025765895843506,0.0022236709482967854
1428.746099216437,0.9981565475463867,0.0022201105020940304
1428.7474881208898,0.9985591769218445,0.002218850189819932
1428.7488770253422,0.9977949857711792,0.0022169884759932756
1428.7502659297659,0.9983310103416443,0.0022187617141753435
1428.751654834219,0.9996418356895447,0.002220799447968602
1428.7530437386429,0.9980311393737793,0.0022186185233294964
1428.7544326430964,1.0004684925079346,0.0022199891973286867
1428.7558215475203,1.003869891166687,0.0022236707154661417
1428.7572104519434,1.0026485919952393,0.0022224716376513243
1428.7585993563962,0.9999071955680847,0.0022195775527507067
1428.7599882608208,1.0011494159698486,0.0022206599824130535
1428.7613771652445,1.0041390657424927,0.002222663490101695
1428.7627660696974,1.0050840377807617,0.0022244276478886604
1428.7641549741213,1.0001542568206787,0.002221466740593314
1428.7655438785443,0.9995698928833008,0.0022191638126969337
1428.7669327829683,0.9985366463661194,0.0022189575247466564
1428.7683216873927,0.9993100762367249,0.002219031099230051
1428.7697105918458,0.9996740221977234,0.002220799680799246
1428.7710994962697,1.0011155605316162,0.002220609923824668
1428.7724884006934,1.001805067062378,0.002222626470029354
1428.7738773051165,1.001904845237732,0.00222132564522326
1428.7752662095402,0.9978740215301514,0.002218354493379593
1428.7766551139648,0.9999129176139832,0.002218869049102068
1428.7780440183885,1.0038142204284668,0.0022221470717340708
1428.7794329228125,1.0016629695892334,0.0022202380932867527
1428.7808218272364,1.002782940864563,0.0022228332236409187
1428.7822107316595,1.000882625579834,0.0022224157582968473
1428.7835996360825,1.0019750595092773,0.0022246972657740116
1428.784988540478,0.9982559084892273,0.002217942615970969
1428.7863774449027,1.0014795064926147,0.002223116112872958
1428.7877663493257,1.000084400177002,0.002219295594841242
1428.7891552537494,1.0004385709762573,0.0022204555571079254
1428.790544158144,0.9997843503952026,0.0022170855663716793
1428.791933062568,1.000555396080017,0.0022194243501871824
1428.7933219669924,0.9976598024368286,0.0022173519246280193
1428.7947108713872,1.005496621131897,0.002223916118964553
1428.7960997758103,0.9961302280426025,0.0022174983751028776
1428.7974886802342,1.000800371170044,0.0022182981483638287
1428.798877584629,1.0005043745040894,0.00222269375808537
1428.8002664890528,1.000262975692749,0.002219630405306816
1428.8016553934483,0.9955539703369141,0.0022173740435391665
1428.803044297872,1.0014857053756714,0.0022204420529305935
1428.804433202266,0.9984065294265747,0.002219083020463586
1428.8058221066897,0.9977149963378906,0.0022194318007677794
1428.8072110110845,1.0024255514144897,0.002219987567514181
1428.8085999154794,0.9955230951309204,0.0022190783638507128
1428.8099888199038,0.9995455145835876,0.0022191626485437155
1428.8113777242986,1.0025960206985474,0.0022210825700312853
1428.8127666286925,0.9973793029785156,0.0022178541403263807
1428.8141555331165,0.996684730052948,0.002217994537204504
1428.815544437511,1.0017081499099731,0.0022211133036762476
1428.8169333419057,0.9997139573097229,0.002218326088041067
1428.8183222463012,0.996242880821228,0.0022184213157743216
1428.8197111506959,0.999405562877655,0.0022193638142198324
1428.8211000550898,0.9989094734191895,0.0022199349477887154
1428.8224889594846,1.002995491027832,0.0022221310064196587
1428.823877863909,0.9980505108833313,0.0022200329694896936
1428.825266768304,1.0065057277679443,0.0022247987799346447
1428.8266556726987,1.0012469291687012,0.00222039339132607
1428.8280445770934,0.9988727569580078,0.002220716094598174
1428.8294334814584,0.9998523592948914,0.00222127721644938
1428.830822385853,1.0023661851882935,0.0022227391600608826
1428.8322112902486,1.0006706714630127,0.0022201428655534983
1428.8336001946432,0.9980839490890503,0.0022182788234204054
1428.8349890990378,0.9968545436859131,0.002218952402472496
1428.8363780034326,1.0022212266921997,0.0022212157491594553
1428.8377669078266,0.9991021156311035,0.0022189312148839235
1428.8391558121923,0.999406635761261,0.0022209377493709326
1428.8405447165876,0.9970287084579468,0.0022180499508976936
1428.8419336209824,1.0013612508773804,0.0022188411094248295
1428.843322525348,0.999475359916687,0.002219324465841055
1428.8447114297426,0.9986602067947388,0.0022188781294971704
1428.8461003341367,1.0033422708511353,0.002221600152552128
1428.8474892385016,0.9975959062576294,0.0022180078085511923
1428.848878142897,0.9976101517677307,0.0022184294648468494
1428.8502670472633,1.0050734281539917,0.0022223799023777246
1428.8516559516572,0.9987878799438477,0.002218635054305196
1428.853044856023,1.0008013248443604,0.0022202208638191223
1428.8544337604178,0.9991564154624939,0.0022184422705322504
1428.8558226647833,1.0006238222122192,0.0022192427422851324
1428.8572115691788,0.999075710773468,0.002220225753262639
1428.8586004735444,1.0001449584960938,0.0022208562586456537
1428.8599893779094,0.9990479350090027,0.0022209708113223314
1428.861378282304,1.0005011558532715,0.0022208651062101126
1428.8627671866695,1.0028353929519653,0.0022214704658836126
1428.8641560910353,1.000769019126892,0.0022189102601259947
1428.8655449954015,0.9998511672019958,0.002220116090029478
1428.8669338997963,0.9989804029464722,0.0022194667253643274
1428.8683228041612,1.0033454895019531,0.0022207212168723345
1428.869711708527,1.000095248222351,0.0022189600858837366
1428.8711006128924,1.0010662078857422,0.0022193235345184803
1428.872489517258,0.9991133809089661,0.0022186327259987593
1428.8738784216243,1.0000876188278198,0.0022194311022758484
1428.8752673259899,0.999469518661499,0.0022193670738488436
1428.876656230355,1.0039087533950806,0.0022230029571801424
1428.8780451347204,1.000220537185669,0.0022229833994060755
1428.8794340390868,0.9996673464775085,0.0022203424014151096
1428.8808229434524,1.0027592182159424,0.002222121227532625
1428.882211847818,0.9999557733535767,0.002222033217549324
1428.8836007521836,1.0007811784744263,0.0022207542788237333
1428.8849896565487,1.000649094581604,0.002219764282926917
1428.886378560885,0.9993994832038879,0.0022183400578796864
1428.8877674652515,1.0002703666687012,0.0022206343710422516
1428.889156369617,0.9992777705192566,0.0022188969887793064
1428.8905452739825,1.0013256072998047,0.002221061149612069
1428.8919341783192,0.9958457946777344,0.0022178352810442448
1428.893323082684,0.9996234178543091,0.00222020223736763
1428.8947119870497,0.999024510383606,0.002219925168901682
1428.8961008913868,1.001901626586914,0.0022199491504579782
1428.8974897957526,0.9959542155265808,0.0022177586797624826
1428.898878700089,0.9945883750915527,0.0022161491215229034
1428.9002676044545,0.9990691542625427,0.0022190543822944164
1428.9016565087904,0.9973844885826111,0.0022192809265106916
1428.903045413156,0.9971597194671631,0.0022170203737914562
1428.9044343174933,1.0004918575286865,0.0022205235436558723
1428.9058232218588,0.9986169338226318,0.00222008116543293
1428.9072121261954,0.9981464147567749,0.002219883492216468
1428.908601030532,1.0035029649734497,0.0022215433418750763
1428.9099899348969,1.0027023553848267,0.002224045805633068
1428.9113788392333,0.9991330504417419,0.0022190564777702093
1428.9127677435706,1.0045063495635986,0.0022234637290239334
1428.914156647907,0.9991030097007751,0.0022184166591614485
1428.915545552272,0.9991124868392944,0.002219534944742918
1428.9169344566085,0.9968123435974121,0.0022188210859894753
1428.918323360945,0.9962797164916992,0.002219493966549635
1428.9197122652815,1.0031498670578003,0.0022213435731828213
1428.9211011696186,0.9991748929023743,0.0022184529807418585
1428.9224900739553,1.0000076293945312,0.002217956818640232
1428.923878978291,0.9994949102401733,0.002217934001237154
1428.9252678826276,1.002467393875122,0.002222880022600293
1428.926656786964,0.9983745217323303,0.0022177789360284805
1428.9280456913004,1.0016685724258423,0.0022189337760210037
1428.9294345956378,1.001322627067566,0.0022236763034015894
1428.9308234999742,0.9965353608131409,0.0022185761481523514
1428.9322124043101,0.9976734519004822,0.002219319809228182
1428.9336013086465,1.0043174028396606,0.0022239661775529385
1428.9349902129838,1.0013072490692139,0.0022210790775716305
1428.9363791172912,1.0024486780166626,0.0022223268169909716
1428.9377680216278,0.9973118901252747,0.0022171393502503633
1428.9391569259644,1.000139832496643,0.0022195468191057444
1428.9405458303002,0.9984526038169861,0.002219594782218337
1428.9419347346075,1.0039291381835938,0.0022230432368814945
1428.9433236389448,1.0044080018997192,0.0022220322862267494
1428.9447125432812,0.9985029101371765,0.0022214946802705526
1428.9461014475885,1.0016233921051025,0.0022260979749262333
1428.9474903519251,1.0006976127624512,0.0022206869907677174
1428.9488792562317,0.9989879727363586,0.0022190094459801912
1428.9502681605684,0.9977129697799683,0.002217547269538045
1428.9516570648764,1.0002357959747314,0.0022204876877367496
1428.953045969213,1.00006103515625,0.0022207750007510185
1428.9544348735205,0.9983455538749695,0.0022185633424669504
1428.955823777857,0.9991930723190308,0.0022196590434759855
1428.9572126821636,0.999462902545929,0.0022208436857908964
1428.9586015864718,0.9982306957244873,0.002217721426859498
1428.9599904908089,1.001090407371521,0.0022219126112759113
1428.9613793951155,0.9989980459213257,0.0022186259739100933
1428.962768299423,1.0007121562957764,0.002221262315288186
1428.9641572037306,1.0037487745285034,0.0022244383580982685
1428.9655461080663,0.9990785121917725,0.0022201361134648323
1428.9669350123743,1.0060811042785645,0.002223842078819871
1428.9683239166825,0.9957590103149414,0.0022169111762195826
1428.9697128209893,0.9991948008537292,0.002220108872279525
1428.9711017252966,0.9993414878845215,0.002219358691945672
1428.972490629604,1.0004973411560059,0.002222135430201888
1428.9738795339106,0.9983545541763306,0.002218973822891712
1428.9752684382188,1.0021663904190063,0.0022241161204874516
1428.976657342527,0.9996091723442078,0.002219259971752763
1428.9780462468336,1.0026490688323975,0.002224343828856945
1428.9794351511403,0.9987546801567078,0.0022197349462658167
1428.9808240554478,0.9929860234260559,0.0022153465542942286
1428.9822129597553,1.0008419752120972,0.0022205214481800795
1428.9836018640626,0.9955937266349792,0.00221644202247262
1428.9849907683417,0.998608410358429,0.0022199589293450117
1428.986379672649,0.9974440932273865,0.002218978013843298
1428.9877685769557,1.0002645254135132,0.0022220874670892954
1428.989157481263,0.9993881583213806,0.0022192413453012705
1428.990546385542,0.9949710369110107,0.0022196343634277582
1428.9919352898494,0.9988861680030823,0.0022202222608029842
1428.993324194157,0.9974337220191956,0.002220911905169487
1428.9947130984353,1.0011816024780273,0.0022206702269613743
1428.996102002742,1.00168776512146,0.0022231265902519226
1428.9974909070204,0.999311089515686,0.002221211791038513
1428.9988798113284,0.9988945126533508,0.0022198359947651625
1429.0002687156068,0.9970993399620056,0.002220258815214038
1429.001657619914,0.99659264087677,0.002220981754362583
1429.0030465241923,1.0014491081237793,0.002223256742581725
1429.004435428499,0.9981895089149475,0.002220956375822425
1429.0058243327774,0.9977194666862488,0.0022216287907212973
1429.0072132370562,0.9990091323852539,0.002219446934759617
1429.0086021413638,1.002359390258789,0.0022218660451471806
1429.0099910456422,1.0008741617202759,0.002222777344286442
1429.0113799499204,0.9994423389434814,0.0022224276326596737
1429.0127688541982,0.9985905289649963,0.002219606190919876
1429.0141577585061,1.0021153688430786,0.002224530093371868
1429.015546662785,0.9979042410850525,0.002220829715952277
1429.0169355670628,0.9990648031234741,0.0022212981712073088
1429.018324471341,0.9990158677101135,0.0022201447281986475
1429.0197133756194,0.9977585077285767,0.0022206574212759733
1429.021102279897,0.9993182420730591,0.0022257028613239527
1429.0224911841758,0.9956774115562439,0.002217899775132537
1429.023880088455,1.000956416130066,0.0022215829230844975
1429.0252689927327,0.998210072517395,0.002217984991148114
1429.0266578970109,1.0023547410964966,0.0022222597617655993
1429.028046801289,1.0005518198013306,0.0022233854979276657
1429.0294357055668,0.9978614449501038,0.0022192918695509434
1429.030824609846,0.9986144304275513,0.0022208536975085735
1429.0322135141248,0.9988605380058289,0.002221888629719615
1429.0336024184023,1.0021183490753174,0.0022224714048206806
1429.0349913226516,1.0013755559921265,0.0022220120299607515
1429.0363802269299,0.9987038373947144,0.0022202564869076014
1429.037769131208,1.0003241300582886,0.0022208071313798428
1429.039158035458,1.0010813474655151,0.002222705166786909
1429.0405469397363,0.9960570931434631,0.00221883412450552
1429.041935844014,0.999164342880249,0.0022206557914614677
1429.0433247482626,1.000257134437561,0.0022247403394430876
1429.0447136525408,0.9979779720306396,0.0022209053859114647
1429.0461025567909,0.9997411966323853,0.0022207610309123993
1429.047491461069,0.9982073307037354,0.002220921916887164
1429.0488803653473,0.9963946342468262,0.002221269067376852
1429.0502692695966,0.9974514245986938,0.002221312141045928
1429.051658173845,0.997296154499054,0.0022197668440639973
1429.0530470781234,0.9935659170150757,0.002218198264017701
1429.0544359823732,1.0001157522201538,0.002220418769866228
1429.0558248866516,0.9989641308784485,0.002221378032118082
1429.0572137909007,0.9977148175239563,0.002217934001237154
1429.0586026951498,0.997326135635376,0.0022193409968167543
1429.0599915993985,0.9951271414756775,0.002218032954260707
1429.0613805036767,1.0027981996536255,0.0022223840933293104
1429.0627694079267,0.9994182586669922,0.0022218660451471806
1429.0641583121758,0.999690055847168,0.002220302587375045
1429.065547216425,0.9989268779754639,0.002219509333372116
1429.0669361206742,1.005458116531372,0.0022240455728024244
1429.0683250249228,0.9969274997711182,0.002218973357230425
1429.0697139292017,1.0003913640975952,0.002220278838649392
1429.0711028334515,0.999710738658905,0.002220712136477232
1429.0724917377001,0.9970093369483948,0.0022169339936226606
1429.0738806419492,0.999697744846344,0.0022217263467609882
1429.0752695461695,0.9959176778793335,0.0022177142091095448
1429.0766584504179,1.0005581378936768,0.0022201091051101685
1429.078047354668,0.9976021647453308,0.0022200194653123617
1429.079436258918,0.9983647465705872,0.0022180681116878986
1429.0808251631663,0.9967382550239563,0.0022175253834575415
1429.0822140674154,0.9972362518310547,0.002218695590272546
1429.0836029716645,0.9994184970855713,0.0022203053813427687
1429.084991875884,0.9975467920303345,0.0022173658944666386
1429.086380780134,0.999056339263916,0.002218805253505707
1429.0877696843838,1.001533031463623,0.002220790833234787
1429.0891585886031,1.0008559226989746,0.0022224171552807093
1429.0905474928525,1.000775933265686,0.002220197580754757
1429.0919363971018,1.000489592552185,0.0022205605637282133
1429.0933253013218,0.9996706247329712,0.0022198681253939867
1429.0947142055718,0.9994596838951111,0.0022188315633684397
1429.0961031097918,0.9979664087295532,0.002218728419393301
1429.0974920140402,0.9975733757019043,0.0022202336695045233
1429.0988809182602,1.0011827945709229,0.0022194304037839174
1429.1002698225095,1.0009812116622925,0.0022225312422960997
1429.1016587267297,0.9994504451751709,0.0022186841815710068
1429.1030476309795,1.0020363330841064,0.002221492351964116
1429.1044365351997,0.9998210668563843,0.002219594083726406
1429.105825439419,1.0025945901870728,0.0022206020075827837
1429.1072143436675,0.9972409009933472,0.0022183400578796864
1429.1086032478877,0.9998341202735901,0.002218916779384017
1429.1099921521084,1.0015314817428589,0.002221703063696623
1429.1113810563286,0.997802734375,0.0022181749809533358
1429.1127699605486,0.9995471835136414,0.0022233626805245876
1429.1141588647977,0.9976064562797546,0.0022184185218065977
1429.1155477690172,0.9990823268890381,0.002220473950728774
1429.1169366732381,0.99951171875,0.002220028778538108
1429.1183255774588,0.9997910261154175,0.0022184422705322504
1429.119714481678,1.0019710063934326,0.0022207614965736866
1429.1211033858983,0.9971609115600586,0.00221989001147449
1429.1224922901185,1.0061150789260864,0.0022251177579164505
1429.1238811943379,0.9964510798454285,0.0022177849896252155
1429.1252700985585,0.9992148876190186,0.002219397109001875
1429.1266590027794,0.9985764026641846,0.002221393398940563
1429.1280479069696,0.9987286329269409,0.0022176681086421013
1429.1294368111896,1.0007374286651611,0.002221343107521534
1429.1308257154099,0.9992421865463257,0.0022196429781615734
1429.1322146196292,0.9988167881965637,0.002218554960563779
1429.13360352385,0.9993441104888916,0.0022203377448022366
1429.1349924280419,0.9994378089904785,0.0022198676597326994
1429.1363813322612,1.0003023147583008,0.0022208155132830143
1429.1377702364814,0.9958990216255188,0.0022182497195899487
1429.1391591406723,0.9961451292037964,0.002219222951680422
1429.1405480448923,0.9990825653076172,0.002217203378677368
1429.1419369491132,1.0002660751342773,0.002219453686848283
1429.143325853304,1.0029083490371704,0.0022231300827115774
1429.1447147575234,0.9989678263664246,0.0022201885003596544
1429.1461036617145,0.9996125102043152,0.0022183828987181187
1429.1474925659347,1.0025928020477295,0.0022231789771467447
1429.1488814701256,0.9969742894172668,0.002217294881120324
1429.1502703743174,0.9990633726119995,0.002218361245468259
1429.1516592785374,0.9953499436378479,0.0022153083700686693
1429.1530481827278,1.0005245208740234,0.0022225480061024427
1429.1544370869187,1.000457525253296,0.0022186690475791693
1429.1558259911387,1.002507209777832,0.002221181057393551
1429.1572148953298,0.9991732239723206,0.002219460206106305
1429.1586037995214,0.9991399049758911,0.002219446701928973
1429.1599927037125,0.999127984046936,0.0022188869770616293
1429.1613816079318,0.999363362789154,0.002219266025349498
1429.162770512123,0.999402642250061,0.0022199456579983234
1429.1641594163145,0.9972073435783386,0.002218079287558794
1429.1655483205056,1.0003365278244019,0.0022202576510608196
1429.1669372246965,0.9963952898979187,0.002219004789367318
1429.1683261288874,0.9987150430679321,0.00221809814684093
1429.1697150330779,1.0028592348098755,0.0022222581319510937
1429.171103937268,0.9977318644523621,0.0022205724380910397
1429.1724928414599,0.9951784610748291,0.0022177451755851507
1429.1738817456514,0.9949379563331604,0.0022168834693729877
1429.1752706498417,1.002394676208496,0.0022238546516746283
1429.1766595540328,1.0029314756393433,0.0022233068011701107
1429.1780484581948,0.9998016953468323,0.0022205065470188856
1429.179437362385,1.0002779960632324,0.00222068396396935
1429.1808262665766,0.9948951005935669,0.002218879759311676
1429.1822151707684,0.9993042349815369,0.002219795249402523
1429.1836040749297,0.9970219731330872,0.0022178911603987217
1429.1849929791206,1.0010651350021362,0.002220467198640108
1429.1863818833115,0.9984790086746216,0.0022182625252753496
1429.1877707874735,1.0008312463760376,0.0022215305361896753
1429.189159691665,0.997538685798645,0.002218954497948289
1429.1905485958562,0.9950187802314758,0.0022158159408718348
1429.1919375000173,0.9980987310409546,0.0022192951291799545
1429.1933264042084,0.9977471828460693,0.002217870205640793
1429.1947153083702,0.9982767105102539,0.002218963811174035
1429.196104212561,1.0031840801239014,0.002222825540229678
1429.1974931167238,1.00142240524292,0.0022202404215931892
1429.1988820208855,0.9988138675689697,0.002219827612861991
1429.200270925076,0.9958943724632263,0.0022183028049767017
1429.2016598292378,0.9956262111663818,0.002216799883171916
1429.2030487333998,0.9985842704772949,0.002220875583589077
1429.2044376375907,1.002367377281189,0.00222218781709671
1429.2058265417534,0.9997132420539856,0.002220213646069169
1429.2072154459152,1.0001609325408936,0.0022213610354810953
1429.2086043500765,0.9978151321411133,0.0022203284315764904
1429.2099932542383,0.9990772008895874,0.002220093971118331
1429.21138215843,1.0017119646072388,0.002222897717729211
1429.2127710625919,0.9965083599090576,0.0022185505367815495
1429.2141599667536,1.0015523433685303,0.002223148476332426
1429.2155488709157,0.9965121746063232,0.002219683723524213
1429.2169377750768,0.9984493851661682,0.0022212504409253597
1429.2183266792388,0.9968476891517639,0.002220139605924487
1429.2197155834012,0.998633623123169,0.002223498187959194
1429.2211044875633,1.003318428993225,0.002223641611635685
1429.222493391725,0.9982963800430298,0.002221232047304511
1429.2238822958868,1.002780795097351,0.002222432056441903
1429.225271200019,1.0003024339675903,0.002221672097221017
1429.2266601041808,1.0027440786361694,0.002220944268628955
1429.2280490083435,0.9965922236442566,0.00221791910007596
1429.2294379125053,0.997078537940979,0.0022195831406861544
1429.2308268166382,1.0019474029541016,0.0022214213386178017
1429.2322157208002,0.9993993639945984,0.0022201882675290108
1429.2336046249613,1.003096342086792,0.0022254004143178463
1429.2349935290947,1.0022521018981934,0.002223193645477295
1429.2363824332574,0.998993456363678,0.0022217275109142065
1429.2377713374185,0.9990547895431519,0.0022202753461897373
1429.2391602415507,0.998664915561676,0.002220286289229989
1429.2405491457125,0.9970158338546753,0.002219150308519602
1429.2419380498452,1.0001462697982788,0.0022217363584786654
1429.2433269540072,0.9997367858886719,0.0022234548814594746
1429.2447158581406,0.9954878687858582,0.0022186455316841602
1429.2461047623026,0.9996543526649475,0.00222247326746583
1429.2474936664346,0.9973070025444031,0.0022212364710867405
1429.2488825705675,0.9958310723304749,0.0022189964074641466
1429.2502714747293,1.0017658472061157,0.0022239587269723415
1429.251660378862,0.9983740448951721,0.0022206190042197704
1429.2530492829956,0.9954926371574402,0.0022178904619067907
1429.2544381871282,0.9973886013031006,0.0022203982807695866
1429.2558270912896,0.9960968494415283,0.002221005503088236
1429.2572159954223,0.9988436698913574,0.0022229806054383516
1429.2586048995558,1.000056266784668,0.0022208192385733128
1429.2599938036885,0.9988096356391907,0.0022239333484321833
1429.2613827078214,1.0008882284164429,0.0022205712739378214
1429.2627716119543,0.999799907207489,0.0022213440388441086
1429.2641605160863,1.0009212493896484,0.0022223207633942366
1429.265549420219,1.0043869018554688,0.00222329911775887
1429.2669383243526,0.9982852935791016,0.002221117028966546
1429.2683272284853,0.9968489408493042,0.002217925153672695
1429.269716132618,0.999467670917511,0.0022221915423870087
1429.271105036751,0.9989534020423889,0.002221651142463088
1429.272493940883,0.9990126490592957,0.002221327507868409
1429.2738828450158,0.9987099766731262,0.0022200336679816246
1429.27527174912,0.9957259297370911,0.002219565911218524
1429.276660653253,0.9997106194496155,0.002221151255071163
1429.2780495573859,0.9992280006408691,0.00221947836689651
1429.2794384615186,1.000615119934082,0.0022214220371097326
1429.2808273656215,1.0001835823059082,0.0022218050435185432
1429.282216269755,0.9937348365783691,0.002215102082118392
1429.2836051738884,1.000172734260559,0.0022237063385546207
1429.2849940779913,0.9991823434829712,0.0022225691936910152
1429.2863829821242,0.9985459446907043,0.002221217378973961
1429.287771886228,0.9994593262672424,0.002220519119873643
1429.28916079036,1.000739574432373,0.0022222320549190044
1429.2905496944643,1.0038822889328003,0.0022252104245126247
1429.2919385985979,1.0013467073440552,0.002223622053861618
1429.293327502701,0.9955130219459534,0.002217961009591818
1429.2947164068337,0.9997650384902954,0.00222206162288785
1429.2961053109373,0.9980258345603943,0.0022212795447558165
1429.2974942150402,0.9970762133598328,0.002217627363279462
1429.2988831191446,0.9992773532867432,0.0022210676688700914
1429.3002720232782,1.0036931037902832,0.002223989460617304
1429.3016609273811,1.000688076019287,0.0022241894621402025
1429.303049831484,1.0020688772201538,0.0022229328751564026
1429.3044387355878,0.9996297955513,0.002222285605967045
1429.3058276397212,0.999380350112915,0.0022199798841029406
1429.307216543825,1.000156044960022,0.0022231400944292545
1429.3086054479288,0.9985161423683167,0.002222577342763543
1429.3099943520324,1.0036648511886597,0.0022254425566643476
1429.3113832561353,1.000207781791687,0.00222137663513422
1429.3127721602389,1.0008552074432373,0.002222704002633691
1429.3141610643434,0.9966809749603271,0.0022198325023055077
1429.315549968447,0.999397337436676,0.0022203901316970587
1429.3169388725507,0.9991605877876282,0.0022212634794414043
1429.3183277766545,0.9980700612068176,0.002220761962234974
1429.3197166807574,0.9968535900115967,0.0022206399589776993
1429.3211055848321,0.9994631409645081,0.002219275338575244
1429.3224944889364,0.9959849715232849,0.0022185274865478277
1429.3238833930402,1.001023769378662,0.002222346840426326
1429.3252722971438,0.998302698135376,0.0022224080748856068
1429.3266612012183,0.9992638826370239,0.0022195857018232346
1429.3280501053212,0.9978891611099243,0.0022198057267814875
1429.3294390094256,0.9991642832756042,0.002221928909420967
1429.330827913501,0.9993019700050354,0.0022209323942661285
1429.332216817604,0.9996495842933655,0.002221249509602785
1429.3336057217077,1.0001530647277832,0.002221236005425453
1429.3349946257822,0.9976363778114319,0.0022188033908605576
1429.3363835298853,1.0003584623336792,0.002220356836915016
1429.3377724339605,1.0023621320724487,0.0022211321629583836
1429.3391613380647,0.9995428919792175,0.0022230048198252916
1429.3405502421388,0.9948269128799438,0.0022178508806973696
1429.3419391462132,0.9966129660606384,0.002219247166067362
1429.343328050317,0.9982457756996155,0.0022230742033571005
1429.3447169543915,0.9991931319236755,0.002221073489636183
1429.346105858467,1.0006093978881836,0.0022223314736038446
1429.3474947625705,0.9980531930923462,0.0022213435731828213
1429.3488836666445,0.9971539378166199,0.0022203761618584394
1429.350272570719,1.0000602006912231,0.0022215486969798803
1429.3516614747934,1.0015796422958374,0.0022209708113223314
1429.3530503788681,0.9966878890991211,0.0022201391402632
1429.3544392829724,0.9988967776298523,0.0022195088677108288
1429.355828187047,1.0010160207748413,0.0022232988849282265
1429.357217091121,0.9994845986366272,0.0022229028400033712
1429.3586059951956,0.9988449811935425,0.0022208173759281635
1429.35999489927,0.9984561800956726,0.0022197540383785963
1429.3613838033446,1.0036203861236572,0.0022239419631659985
1429.36277270742,0.9996792674064636,0.0022229671012610197
1429.3641616114944,0.9987829327583313,0.002221108879894018
1429.3655505155684,0.9996939301490784,0.0022232637275010347
1429.3669394196133,0.9984723329544067,0.002220663009211421
1429.3683283236885,1.0010907649993896,0.0022211468312889338
1429.3697172277637,1.0048736333847046,0.002222352661192417
1429.3711061318377,0.9994238615036011,0.002223472809419036
1429.3724950359122,1.000107765197754,0.002220315160229802
1429.3738839399578,0.9979341626167297,0.0022202476393431425
1429.3752728440315,0.9980313181877136,0.002222730778157711
1429.3766617481067,0.9945383071899414,0.0022170525044202805
1429.378050652153,0.9995830059051514,0.0022209761664271355
1429.379439556227,1.0015385150909424,0.0022203477565199137
1429.3808284603015,0.9961901903152466,0.002217966830357909
1429.3822173643468,0.9974037408828735,0.002220598980784416
1429.3836062684209,1.0003349781036377,0.0022208576556295156
1429.3849951724671,0.9985467791557312,0.0022179451771080494
1429.3863840765423,1.0000553131103516,0.0022210527677088976
1429.387772980587,0.9998419880867004,0.00222086813300848
1429.3891618846326,0.9969376921653748,0.0022194376215338707
1429.390550788707,1.0013302564620972,0.002221710979938507
1429.3919396927524,0.9987293481826782,0.002221077447757125
1429.3933285967987,0.9999076724052429,0.00222316337749362
1429.3947175008732,1.0001696348190308,0.002221206668764353
1429.396106404918,0.9978761672973633,0.002219725400209427
1429.3974953089635,0.9994669556617737,0.0022212271578609943
1429.398884213009,0.9988750219345093,0.0022238781675696373
1429.4002731170547,1.002373218536377,0.0022232206538319588
1429.4016620211298,1.0013344287872314,0.0022241685073822737
1429.4030509251754,1.000516653060913,0.002222327748313546
1429.40443982922,0.9976346492767334,0.0022204327397048473
1429.4058287332655,0.9997616410255432,0.002219917019829154
1429.4072176373109,0.9999775290489197,0.0022203121334314346
1429.4086065413564,1.0048794746398926,0.0022249072790145874
1429.4099954454025,0.9982801079750061,0.002220721449702978
1429.411384349448,0.9987435936927795,0.002218442503362894
1429.4127732534928,0.9953008890151978,0.0022193926852196455
1429.4141621575093,0.9976518154144287,0.0022199193481355906
1429.4155510615553,1.000772476196289,0.0022231475450098515
1429.416939965601,1.0015208721160889,0.002222192706540227
1429.4183288696465,0.9991008639335632,0.0022200688254088163
1429.419717773692,0.9996377825737,0.0022204562555998564
1429.4211066777075,0.9998707175254822,0.002220513066276908
1429.4224955817529,0.9972431063652039,0.0022201016545295715
1429.4238844857991,0.9992579817771912,0.0022208213340491056
1429.4252733898154,0.996740996837616,0.0022198667284101248
1429.426662293861,1.0040055513381958,0.0022228192538022995
1429.4280511978775,0.9996230602264404,0.00222299643792212
1429.4294401019222,1.0022499561309814,0.0022223184350878
1429.4308290059678,0.9999150633811951,0.002219974994659424
1429.4322179099847,1.0010643005371094,0.002223286544904113
1429.4336068140012,0.9999613761901855,0.0022217994555830956
1429.434995718046,1.0028486251831055,0.002223365241661668
1429.4363846220622,0.9976636171340942,0.002219981048256159
1429.4377735261075,1.0033611059188843,0.0022222036495804787
1429.439162430124,0.9990819692611694,0.002220417372882366
1429.440551334141,1.0022873878479004,0.0022240669932216406
1429.4419402381866,0.999690055847168,0.0022220304235816
1429.4433291422022,1.002044677734375,0.002222313778474927
1429.4447180462187,1.002010464668274,0.002222510054707527
1429.4461069502352,1.0000399351119995,0.0022211922332644463
1429.4474958542514,0.996734619140625,0.002219973597675562
1429.4488847582686,1.0005662441253662,0.002219642512500286
1429.450273662314,0.9989765882492065,0.0022211065515875816
1429.4516625663296,0.9992284774780273,0.0022210078313946724
1429.4530514703458,0.9944748878479004,0.002217869507148862
1429.454440374363,0.9991464614868164,0.0022233007475733757
1429.4558292783793,1.0029207468032837,0.0022215310018509626
1429.4572181823958,1.0008039474487305,0.002220627386122942
1429.4586070864123,1.0030009746551514,0.0022225824650377035
1429.4599959903987,0.9969998002052307,0.002220837166532874
1429.4613848944152,0.9999127388000488,0.0022217310033738613
1429.4627737984322,0.9997690320014954,0.002223758026957512
1429.4641627024487,1.0029640197753906,0.0022220411337912083
1429.465551606465,0.9961256384849548,0.0022197479847818613
1429.466940510452,0.996326208114624,0.0022195428609848022
1429.4683294144677,0.9977474212646484,0.002218768699094653
1429.4697183184842,1.0033557415008545,0.0022225116845220327
1429.471107222472,1.000732183456421,0.002221579197794199
1429.4724961264885,0.9991755485534668,0.0022207805886864662
1429.473885030505,0.9997831583023071,0.0022215384524315596
1429.4752739344922,1.002138376235962,0.002222284907475114
1429.476662838508,1.0026800632476807,0.0022225547581911087
1429.4780517424958,1.0006318092346191,0.0022250525653362274
1429.4794406465128,0.9980126619338989,0.0022201836109161377
1429.4808295504995,0.9973013997077942,0.002219132147729397
1429.4822184545158,1.0007023811340332,0.002219578716903925
1429.4836073585031,0.9998664855957031,0.002223139861598611
1429.4849962624896,0.9997022151947021,0.002219780581071973
1429.4863851665066,0.9994297027587891,0.0022207247093319893
1429.4877740704947,0.9986804723739624,0.002222811570391059
1429.4891629744814,0.9984129071235657,0.0022200492676347494
1429.4905518784976,1.0005459785461426,0.002222203416749835
1429.4919407824848,0.9980811476707458,0.002221502596512437
1429.4933296864722,1.0006952285766602,0.00222286069765687
1429.49471859046,0.998511016368866,0.00221947580575943
1429.4961074944474,0.9990549683570862,0.002221980830654502
1429.497496398434,1.0000979900360107,0.0022221412509679794
1429.4988853024204,1.0039622783660889,0.002223577117547393
1429.5002742064078,1.0020273923873901,0.0022210038732737303
1429.5016631103956,1.003297209739685,0.002222651382908225
1429.503052014383,0.9986681342124939,0.0022200618404895067
1429.5044409183704,1.0024255514144897,0.00222176150418818
1429.5058298223576,1.0000531673431396,0.002223680028691888
1429.5072187263443,1.0024553537368774,0.002223231829702854
1429.5086076303314,0.9987393021583557,0.0022219393867999315
1429.5099965343195,0.9961714744567871,0.002220835303887725
1429.5113854382776,0.9986792802810669,0.002220333553850651
1429.5127743422647,0.9992582201957703,0.00221879780292511
1429.514163246252,1.0028455257415771,0.002221758244559169
1429.5155521502386,0.9958075284957886,0.0022217563819140196
1429.5169410541973,0.9970393776893616,0.002221351955085993
1429.5183299581854,1.001381754875183,0.002221112372353673
1429.519718862172,1.0002566576004028,0.0022216758225113153
1429.5211077661302,0.996543824672699,0.002218409674242139
1429.5224966701173,0.9984636306762695,0.0022201656829565763
1429.523885574075,0.998885452747345,0.0022205617278814316
1429.525274478063,0.9975229501724243,0.002224526135250926
1429.5266633820218,0.9985945820808411,0.00222131353802979
1429.5280522860082,1.000909686088562,0.0022237692028284073
1429.5294411899665,0.9984380602836609,0.002220781985670328
1429.5308300939246,0.9995004534721375,0.0022230411414057016
1429.5322189979113,1.0004680156707764,0.0022228604648262262
1429.53360790187,1.0010658502578735,0.0022229263558983803
1429.5349968058288,0.9969983696937561,0.002217900473624468
1429.5363857098155,0.9996117949485779,0.002220995258539915
1429.5377746137735,0.9993005990982056,0.0022214394994080067
1429.5391635177318,0.9974823594093323,0.0022201763931661844
1429.54055242169,0.9969596266746521,0.00222085346467793
1429.5419413256488,1.000096082687378,0.0022220551036298275
1429.5433302296071,0.9989288449287415,0.0022203612606972456
1429.5447191335936,0.9984449148178101,0.002220453694462776
1429.5461080375517,1.0029386281967163,0.002223019255325198
1429.5474969415097,1.0017540454864502,0.0022226152941584587
1429.548885845468,1.0027110576629639,0.002223054878413677
1429.5502747494268,1.0015252828598022,0.002221994334831834
1429.551663653356,0.9989675283432007,0.002222865354269743
1429.5530525573133,0.9972814917564392,0.0022183351684361696
1429.5544414612716,1.003754734992981,0.002224094234406948
1429.5558303652303,0.996627926826477,0.0022188802249729633
1429.5572192691886,0.9987396597862244,0.002220869529992342
1429.558608173147,1.0042634010314941,0.0022243012208491564
1429.5599970770759,0.9951931238174438,0.0022180594969540834
1429.5613859810333,0.9994746446609497,0.0022213414777070284
1429.5627748849909,1.001686692237854,0.0022237980738282204
1429.5641637889205,1.0003888607025146,0.0022214013151824474
1429.5655526928792,1.000902533531189,0.002222161740064621
1429.5669415968368,0.9982089400291443,0.002221799921244383
1429.5683305007658,0.9960570335388184,0.002219606190919876
1429.569719404724,0.999472975730896,0.002222087001428008
1429.5711083086524,1.0012590885162354,0.0022229920141398907
1429.5724972126113,0.997691810131073,0.0022208287846297026
1429.5738861165412,0.999991238117218,0.0022201407700777054
1429.5752750204986,0.9999176263809204,0.0022219126112759113
1429.5766639244275,0.9968953728675842,0.00221826508641243
1429.5780528283565,1.000093936920166,0.002223246032372117
1429.5794417323148,1.0012062788009644,0.0022227761801332235
1429.5808306362444,1.000355839729309,0.0022236588411033154
1429.5822195401736,0.999975860118866,0.0022210513707250357
1429.583608444131,0.9981564879417419,0.0022225098218768835
1429.5849973480601,1.0018641948699951,0.002224342431873083
1429.5863862519893,0.9967297315597534,0.0022184450644999743
1429.5877751559183,0.9985902905464172,0.0022204897832125425
1429.5891640598481,1.0006097555160522,0.002221788978204131
1429.590552963777,1.003044843673706,0.002226031618192792
1429.5919418677054,1.0017211437225342,0.0022211873438209295
1429.5933307716343,0.9950605034828186,0.00221987534314394
1429.5947196755642,1.0006632804870605,0.00222161621786654
1429.5961085794931,0.9945839643478394,0.00221824087202549
1429.5974974834223,0.9956156015396118,0.0022198266815394163
1429.5988863873515,0.9972887635231018,0.002221209229901433
1429.6002752912798,1.0007773637771606,0.0022208637092262506
1429.601664195209,1.000278115272522,0.0022228907328099012
1429.6030530991386,0.9967809319496155,0.0022204939741641283
1429.6044420030387,0.9974580407142639,0.0022189351730048656
1429.6058309069676,1.0023934841156006,0.002224429976195097
1429.6072198108966,0.9965446591377258,0.002219611080363393
1429.6086087148249,1.0014495849609375,0.0022210997994989157
1429.609997618725,0.9988407492637634,0.00222035706974566
1429.6113865226546,0.9969482421875,0.0022187340073287487
1429.6127754265838,0.9986336827278137,0.0022198613733053207
1429.6141643304838,0.9994405508041382,0.002221420407295227
1429.6155532344128,0.9993014931678772,0.0022221477702260017
1429.6169421383122,0.9983972907066345,0.0022204953711479902
1429.6183310422418,0.9984287023544312,0.002219809452071786
1429.6197199461424,1.003191590309143,0.0022252523340284824
1429.6211088500709,0.9964686036109924,0.0022199267987161875
1429.6224977539707,0.9983314275741577,0.002220798982307315
1429.6238866578708,0.9993172883987427,0.002221631584689021
1429.625275561799,1.003210186958313,0.0022241282276809216
1429.6266644656992,0.9971477389335632,0.0022203251719474792
1429.6280533695997,0.9967007637023926,0.002219213405624032
1429.6294422735289,1.0033732652664185,0.0022224707063287497
1429.630831177428,1.0017311573028564,0.0022215081844478846
1429.6322200813281,1.0002351999282837,0.002222726820036769
1429.6336089852286,1.0017257928848267,0.0022222071420401335
1429.6349978891287,0.9990561008453369,0.002221197122707963
1429.6363867930286,1.0004750490188599,0.002222553128376603
1429.6377756969284,1.0009303092956543,0.0022215894423425198
1429.6391646008276,0.9940618276596069,0.0022198825608938932
1429.6405535047277,1.0026404857635498,0.0022224949207156897
1429.6419424086282,1.0033520460128784,0.002224110998213291
1429.6433313125283,0.9976116418838501,0.0022218958474695683
1429.6447202164284,1.0024325847625732,0.0022229328751564026
1429.6461091203282,0.9953451156616211,0.0022171493619680405
1429.6474980242276,0.998832106590271,0.0022213857155293226
1429.6488869281275,0.9977280497550964,0.002221026923507452
1429.6502758320282,0.9964784979820251,0.002218026202172041
1429.651664735899,0.9966538548469543,0.002218755427747965
1429.6530536397988,0.9968212842941284,0.002219162881374359
1429.654442543699,0.9949058890342712,0.002217706525698304
1429.655831447569,0.9999351501464844,0.0022220457904040813
1429.6572203514695,0.9993557333946228,0.0022207722067832947
1429.6586092553703,0.9963328242301941,0.002218154724687338
1429.6599981592406,0.999274730682373,0.0022197323851287365
1429.6613870631404,1.0013036727905273,0.002221256960183382
1429.6627759670112,0.9960819482803345,0.0022190618328750134
1429.6641648709106,0.9971762299537659,0.002220004564151168
1429.6655537747822,0.9996814727783203,0.0022200613748282194
1429.6669426786827,1.0042086839675903,0.0022245459258556366
1429.6683315825528,1.0000958442687988,0.002221309579908848
1429.669720486453,1.0012749433517456,0.0022218937519937754
1429.6711093903236,1.002827525138855,0.0022221021354198456
1429.6724982941944,0.9984710216522217,0.002220197580754757
1429.673887198066,0.9951818585395813,0.002218452747911215
1429.675276101966,0.999053955078125,0.0022214828059077263
1429.6766650058362,1.0025081634521484,0.0022222409024834633
1429.678053909707,1.0023226737976074,0.002224575262516737
1429.679442813578,0.9983311891555786,0.002220863476395607
1429.6808317174489,1.000893235206604,0.0022259317338466644
1429.6822206213494,0.99953293800354,0.002220787573605776
1429.6836095252202,1.000319480895996,0.0022211489267647266
1429.6849984290905,0.9983770251274109,0.0022197533398866653
1429.6863873329612,1.001637578010559,0.002221770351752639
1429.687776236832,0.9982458353042603,0.002220208989456296
1429.689165140703,0.999397337436676,0.0022199302911758423
1429.6905540445448,1.0005079507827759,0.0022210488095879555
1429.6919429484155,0.9958227872848511,0.0022180736996233463
1429.6933318522863,1.002096176147461,0.0022236788645386696
1429.6947207561566,0.9975269436836243,0.002220305148512125
1429.6961096600282,1.0017951726913452,0.002221384784206748
1429.6974985638997,1.0000872611999512,0.0022205926943570375
1429.6988874677406,1.000655174255371,0.0022227878216654062
1429.7002763716116,1.001002550125122,0.0022226388100534678
1429.7016652754824,1.0012356042861938,0.002222286304458976
1429.7030541793235,1.0049057006835938,0.002223994117230177
1429.704443083195,0.99747234582901,0.0022193840704858303
1429.7058319870664,0.9970242381095886,0.002221963368356228
1429.7072208909076,0.9991116523742676,0.0022207284346222878
1429.7086097947783,0.9932501912117004,0.0022188187576830387
1429.7099986986202,0.9984380006790161,0.002220697468146682
1429.7113876024912,0.9994933605194092,0.002219961956143379
1429.7127765063335,0.999137818813324,0.0022227331064641476
1429.7141654101752,1.0000845193862915,0.002222419483587146
1429.7155543140454,1.0032554864883423,0.002223376417532563
1429.716943217887,0.9932923913002014,0.0022155316546559334
1429.7183321217287,1.0006685256958008,0.0022249796893447638
1429.7197210255997,1.0016310214996338,0.0022234737407416105
1429.721109929442,1.0009630918502808,0.002221709582954645
1429.722498833284,1.000291109085083,0.002222600392997265
1429.7238877371249,1.0008844137191772,0.002221399452537298
1429.7252766409958,0.9999670386314392,0.002223975257948041
1429.7266655448382,0.9982656836509705,0.0022209445014595985
1429.72805444868,1.0024679899215698,0.002224324271082878
1429.729443352522,0.9963939189910889,0.002217126777395606
1429.7308322563636,0.9994717836380005,0.002221197122707963
1429.7322211602045,0.9984672665596008,0.0022195184137672186
1429.7336100640462,1.0014251470565796,0.0022218625526875257
1429.7349989678887,0.9991602897644043,0.0022216469515115023
1429.7363878717304,0.9961209297180176,0.0022196273785084486
1429.7377767755722,0.9958409667015076,0.0022209587041288614
1429.739165679385,0.9974752068519592,0.0022210220340639353
1429.740554583226,1.0020660161972046,0.0022252437192946672
1429.7419434870678,1.0001965761184692,0.0022229088936001062
1429.7433323909102,0.999093234539032,0.0022207810543477535
1429.7447212947518,0.9975776672363281,0.0022222637198865414
1429.7461101985643,0.9993420243263245,0.002222449751570821
1429.7474991024062,0.9992197155952454,0.002223813673481345
1429.7488880062472,1.0010334253311157,0.0022220273967832327
1429.7502769100606,1.0034363269805908,0.0022235719952732325
1429.7516658139032,1.0016587972640991,0.0022243796847760677
1429.753054717715,1.0015228986740112,0.0022234441712498665
1429.754443621557,0.9992308616638184,0.002221206668764353
1429.7558325253694,0.9997532963752747,0.002220189431682229
1429.7572214292106,0.9968941807746887,0.0022188066504895687
1429.7586103330232,0.9970476627349854,0.0022214441560208797
1429.7599992368657,0.9990819692611694,0.002220525173470378
1429.7613881406783,0.9998497366905212,0.002220235764980316
1429.7627770444901,0.9987562298774719,0.0022202718537300825
1429.7641659483318,1.0016148090362549,0.0022228260058909655
1429.7655548521452,0.9983937740325928,0.0022213407792150974
1429.7669437559578,0.9989134073257446,0.002220575697720051
1429.7683326597705,1.0039701461791992,0.0022243657149374485
1429.7697215636124,1.0022770166397095,0.0022235028445720673
1429.7711104674243,1.0012418031692505,0.0022238760720938444
1429.772499371237,0.9974127411842346,0.0022206418216228485
1429.7738882750502,0.9993858337402344,0.002222553826868534
1429.7752771788628,0.9999732375144958,0.0022208590526133776
1429.7766660826753,0.9998049139976501,0.002222169889137149
1429.778054986488,0.9995349049568176,0.002220568712800741
1429.7794438903,0.9986088871955872,0.0022204406559467316
1429.7808327941127,0.9986804723739624,0.0022206204012036324
1429.782221697926,1.0019978284835815,0.0022239862009882927
1429.7836106017387,0.9963451027870178,0.002221129136160016
1429.7849995055515,1.0003106594085693,0.0022221992257982492
1429.786388409335,0.9986118078231812,0.002220277674496174
1429.787777313147,1.000102162361145,0.0022211610339581966
1429.7891662169602,1.003218173980713,0.002224324271082878
1429.7905551207734,0.9962055683135986,0.0022196646314114332
1429.7919440245564,0.997813880443573,0.002222278621047735
1429.793332928369,0.9981575012207031,0.0022197477519512177
1429.7947218321817,0.9974208474159241,0.0022189829032868147
1429.7961107359645,0.9978774189949036,0.00222091656178236
1429.7974996397777,0.9994003176689148,0.002222083043307066
1429.798888543562,0.996690571308136,0.0022185484413057566
1429.8002774473741,0.9999384880065918,0.0022229268215596676
1429.8016663511867,0.9999392628669739,0.0022209451999515295
1429.80305525497,0.9987959265708923,0.002219487214460969
1429.8044441587538,0.9967594146728516,0.0022192758042365313
1429.805833062567,1.0038431882858276,0.002223782707005739
1429.8072219663507,1.0004158020019531,0.002221365226432681
1429.8086108701334,0.9974356889724731,0.0022203675471246243
1429.8099997739462,1.0042240619659424,0.0022235484793782234
1429.8113886777296,1.000098466873169,0.002221743343397975
1429.812777581513,1.000651478767395,0.0022208148147910833
1429.8141664852974,0.9971188306808472,0.0022201065439730883
1429.81555538911,0.9982154965400696,0.002220471389591694
1429.816944292893,1.0004433393478394,0.0022224371787160635
1429.8183331966763,0.9984964728355408,0.0022190753370523453
1429.8197221004607,1.0030070543289185,0.002223796444013715
1429.8211110042441,0.9961689114570618,0.0022188525181263685
1429.822499908027,0.99875408411026,0.0022188134025782347
1429.8238888118105,1.000617265701294,0.0022218048106878996
1429.8252777155942,1.0028632879257202,0.002222919836640358
1429.826666619377,1.0000579357147217,0.002220341470092535
1429.828055523161,0.9975289106369019,0.002218768233433366
1429.8294444269454,0.9986827373504639,0.0022191680036485195
1429.8308333307284,1.0031616687774658,0.002224668627604842
1429.8322222344827,0.9996098875999451,0.0022200942039489746
1429.8336111382662,0.998432993888855,0.0022207810543477535
1429.8350000420492,0.9971437454223633,0.0022191889584064484
1429.8363889458335,0.9966837763786316,0.0022225393913686275
1429.8377778495885,0.9958963990211487,0.0022179891820997
1429.8391667533713,1.0010840892791748,0.00222350237891078
1429.840555657155,1.0019352436065674,0.0022219070233404636
1429.8419445609093,0.9956874251365662,0.0022182282991707325
1429.8433334646927,1.0002261400222778,0.0022233559284359217
1429.844722368448,1.0010040998458862,0.002222829032689333
1429.8461112722314,1.000396728515625,0.00222022901289165
1429.8475001759853,0.9962024092674255,0.002217585453763604
1429.8488890797687,0.9996106624603271,0.0022216131910681725
1429.8502779835233,0.9977496266365051,0.0022197412326931953
1429.851666887307,0.9981713891029358,0.002220024587586522
1429.853055791062,0.9989919662475586,0.002223849995061755
1429.8544446948163,1.0008069276809692,0.002222735434770584
1429.8558335985701,0.9993475675582886,0.00221961154602468
1429.8572225023536,0.996489405632019,0.0022190818563103676
1429.8586114061088,1.0010349750518799,0.002220946829766035
1429.8600003098632,0.9984937310218811,0.0022203060798346996
1429.8613892136175,1.001344919204712,0.00221996963955462
1429.862778117372,0.9990419745445251,0.0022197149228304625
1429.8641670211548,0.9997920989990234,0.002220423426479101
1429.8655559249094,0.9989573359489441,0.0022209349554032087
1429.8669448286644,1.0012798309326172,0.0022210467141121626
1429.868333732419,0.997442364692688,0.0022194443736225367
1429.8697226361733,0.9980962872505188,0.0022197996731847525
1429.8711115399276,0.9994701147079468,0.00222021178342402
1429.8725004436815,0.9955429434776306,0.0022188066504895687
1429.8738893474076,0.9995356798171997,0.0022216227371245623
1429.8752782511626,0.9975773692131042,0.002219392452389002
1429.8766671549163,0.9996198415756226,0.002224789699539542
1429.8780560586708,0.9958711862564087,0.0022195507772266865
1429.8794449624254,0.9958962202072144,0.0022171016316860914
1429.88083386615,0.9990788102149963,0.0022214078344404697
1429.882222769905,1.0039993524551392,0.0022265398874878883
1429.8836116736602,0.9965592622756958,0.002220634836703539
1429.8850005773847,0.9982892274856567,0.002220215741544962
1429.8863894811386,0.9973763227462769,0.002219568705186248
1429.887778384893,1.0005526542663574,0.0022221552208065987
1429.889167288619,1.001013994216919,0.002224460244178772
1429.8905561923734,0.9995205998420715,0.002221439965069294
1429.8919450960987,0.9961313009262085,0.0022199125960469246
1429.8933339998532,1.0023956298828125,0.0022237238008528948
1429.8947229035778,0.9999127388000488,0.0022211659234017134
1429.8961118073032,0.9999787211418152,0.0022203356493264437
1429.8975007110582,1.0032957792282104,0.002224536379799247
1429.8988896147837,1.002386450767517,0.002221375238150358
1429.9002785185091,1.0007600784301758,0.002221585251390934
1429.9016674222635,0.9975460767745972,0.0022203840781003237
1429.903056325988,1.0041781663894653,0.0022238455712795258
1429.9044452297132,0.9969822764396667,0.0022181791719049215
1429.9058341334394,0.999777615070343,0.0022222143597900867
1429.9072230371646,1.00045907497406,0.002221232745796442
1429.9086119409192,0.9985206127166748,0.002222109353169799
1429.9100008446446,1.0013703107833862,0.0022221007384359837
1429.9113897483692,0.9951315522193909,0.002218197798356414
1429.912778652095,1.0018713474273682,0.0022220336832106113
1429.9141675558212,0.9936453104019165,0.0022161707747727633
1429.9155564595458,0.9941215515136719,0.0022186599671840668
1429.916945363271,0.9978980422019958,0.0022195614874362946
1429.9183342669965,0.9985228180885315,0.0022205463610589504
1429.919723170692,0.9983688592910767,0.002218648325651884
1429.921112074418,1.0003416538238525,0.002221038332208991
1429.9225009781442,0.9966531991958618,0.0022186876740306616
1429.9238898818687,1.0003808736801147,0.0022236870136111975
1429.9252787855942,1.0038235187530518,0.002223408315330744
1429.9266676892903,1.0006183385849,0.002222455572336912
1429.9280565930155,0.9980883598327637,0.002219226211309433
1429.9294454967417,0.9988692402839661,0.002219243673607707
1429.9308344004378,0.9996328353881836,0.0022200222592800856
1429.9322233041626,0.9999172687530518,0.002220967784523964
1429.9336122078587,0.9973796606063843,0.0022195817437022924
1429.9350011115841,0.9959955811500549,0.0022184739354997873
1429.9363900152803,0.9987623691558838,0.0022216937504708767
1429.9377789190064,0.9999246001243591,0.002220437629148364
1429.9391678227025,0.998103678226471,0.002221191069111228
1429.9405567264273,0.9997779726982117,0.002223794814199209
1429.9419456301234,0.9977145195007324,0.002221988048404455
1429.9433345338496,0.99567049741745,0.002218728419393301
1429.9447234375457,0.9991011619567871,0.0022199603263288736
1429.9461123412418,1.001788854598999,0.0022216474171727896
1429.9475012449382,0.9986437559127808,0.0022192480973899364
1429.9488901486627,1.0014238357543945,0.0022237407974898815
1429.9502790523582,1.0007346868515015,0.0022230909671634436
1429.9516679560552,1.000698447227478,0.002220917260274291
1429.9530568597522,0.9961850047111511,0.002221395494416356
1429.9544457634477,1.0013715028762817,0.0022254823707044125
1429.955834667144,0.9952067732810974,0.0022178867366164923
1429.9572235708401,1.001607060432434,0.002223309362307191
1429.9586124745363,0.9989483952522278,0.0022194713819772005
1429.9600013782333,0.9979024529457092,0.0022176955826580524
1429.9613902819294,0.9964762926101685,0.0022165284026414156
1429.962779185625,0.9985496401786804,0.0022182855755090714
1429.9641680893212,0.998856782913208,0.002220487454906106
1429.9655569930176,0.9984174370765686,0.002217072993516922
1429.9669458967137,0.9997067451477051,0.0022201009560376406
1429.9683348003816,1.0020499229431152,0.0022214092314243317
1429.9697237040778,0.9977360963821411,0.002219125861302018
1429.9711126077734,0.9994634985923767,0.002219023182988167
1429.9725015114695,0.9969160556793213,0.002217263448983431
1429.9738904151375,0.9995805621147156,0.002217539818957448
1429.9752793188336,0.9972531199455261,0.002216783119365573
1429.9766682225006,1.0004242658615112,0.002220048801973462
1429.978057126197,0.9965044260025024,0.002217280212789774
1429.9794460298924,0.9998985528945923,0.0022181752137839794
1429.9808349335597,0.9993056654930115,0.0022198865190148354
1429.9822238372565,0.9961704015731812,0.0022176301572471857
1429.9836127409237,1.0010464191436768,0.0022223375272005796
1429.9850016445907,1.0000826120376587,0.0022189070004969835
1429.9863905482869,1.0004652738571167,0.0022199007216840982
1429.9877794519534,0.9966373443603516,0.0022179624065756798
1429.9891683556204,0.9993873834609985,0.002219876041635871
1429.9905572593175,1.000499963760376,0.0022207400761544704
1429.9919461629845,1.0017482042312622,0.002220331924036145
1429.9933350666518,1.0019711256027222,0.002219930524006486
1429.9947239703188,1.0027395486831665,0.002220475347712636
1429.9961128740144,1.0028607845306396,0.0022204997949302197
1429.9975017776821,0.9995631575584412,0.002218843437731266
1429.9988906813498,0.9958894848823547,0.0022168536670506
1430.0002795850164,0.9965994954109192,0.0022160084918141365
1430.0016684886834,1.004191517829895,0.002222581533715129
1430.0030573923507,0.9955751299858093,0.0022148399148136377
1430.004446296017,1.0013511180877686,0.0022195177152752876
1430.005835199685,1.0018324851989746,0.002220307942479849
1430.0072241033529,1.0000903606414795,0.0022207247093319893
1430.0086130070192,1.000702977180481,0.002220811089500785
1430.0100019106862,0.9967143535614014,0.002217052737250924
1430.0113908143242,1.0012705326080322,0.0022216401994228363
1430.0127797179914,0.9984717965126038,0.0022178504150360823
1430.014168621659,0.9972379803657532,0.0022153945174068213
1430.0155575253264,0.9972729682922363,0.002216638997197151
1430.0169464289636,0.9972417950630188,0.002218076027929783
1430.0183353326302,0.9994431734085083,0.0022177044302225113
1430.0197242362972,1.003074049949646,0.0022229149471968412
1430.021113139936,0.9968844056129456,0.0022194685880094767
1430.022502043603,1.004633903503418,0.0022240185644477606
1430.0238909472412,0.9974775910377502,0.0022191726602613926
1430.0252798509082,0.9994012117385864,0.002220157766714692
1430.0266687545457,0.9997568726539612,0.002220211084932089
1430.0280576582134,1.0008989572525024,0.0022195251658558846
1430.029446561852,0.9996041059494019,0.002223309362307191
1430.0308354655185,0.9992143511772156,0.002218490932136774
1430.0322243691564,0.9983535408973694,0.002219554502516985
1430.0336132727946,1.0010563135147095,0.0022211559116840363
1430.035002176461,0.9983662962913513,0.0022183689288794994
1430.0363910800997,0.9975885152816772,0.0022191517055034637
1430.0377799837386,0.9967826008796692,0.0022167684510350227
1430.0391688873758,0.9973899126052856,0.0022168585564941168
1430.0405577910137,0.9984076023101807,0.0022205233108252287
1430.0419466946807,0.998144805431366,0.002219626447185874
1430.043335598319,0.9975410103797913,0.0022193032782524824
1430.0447245019575,0.9967198371887207,0.002219156827777624
1430.0461134055956,1.0036814212799072,0.002222615759819746
1430.0475023092329,0.999785840511322,0.002222213661298156
1430.048891212871,0.9997360110282898,0.002220363123342395
1430.0502801165092,0.9989335536956787,0.0022190038580447435
1430.051669020147,0.998493492603302,0.002218452747911215
1430.0530579237568,1.0000156164169312,0.002220139605924487
1430.0544468273947,1.0006542205810547,0.0022204932756721973
1430.055835731032,1.0010145902633667,0.002218950539827347
1430.0572246346699,1.0025081634521484,0.0022218087688088417
1430.0586135383087,0.9968329071998596,0.0022206739522516727
1430.0600024419175,0.9996498823165894,0.002221931703388691
1430.0613913455556,0.998142421245575,0.002218560315668583
1430.0627802491938,0.999055027961731,0.002219343790784478
1430.064169152802,0.9968205094337463,0.0022166057024151087
1430.06555805644,0.9970651865005493,0.002217486035078764
1430.0669469600787,0.9986979961395264,0.002217602916061878
1430.0683358636877,0.9984701871871948,0.0022223491687327623
1430.0697247673256,1.0004851818084717,0.0022200022358447313
1430.0711136709344,0.9992896318435669,0.0022180601954460144
1430.0725025745717,0.9989429712295532,0.0022183090914040804
1430.0738914781814,0.9985712766647339,0.002217702567577362
1430.0752803817911,0.9970780611038208,0.0022172078024595976
1430.0766692854284,0.9952062964439392,0.002216457622125745
1430.0780581890374,0.9971509575843811,0.002217609900981188
1430.0794470926462,1.0010792016983032,0.0022207568399608135
1430.0808359962837,0.9987216591835022,0.002219843678176403
1430.0822248998925,0.9986178278923035,0.002218951703980565
1430.0836138035022,0.9945497512817383,0.0022162096574902534
1430.085002707111,1.0003975629806519,0.0022224474232643843
1430.0863916107191,0.9986618161201477,0.002218373818323016
1430.087780514328,0.9971448183059692,0.002217821776866913
1430.089169417937,0.9992864727973938,0.002220800146460533
1430.0905583215751,1.0001957416534424,0.002219726797193289
1430.0919472251846,0.9998561143875122,0.0022204252891242504
1430.0933361287937,1.0006800889968872,0.002219857182353735
1430.0947250323727,0.9963687658309937,0.0022189992014318705
1430.0961139359817,1.0017164945602417,0.0022214960772544146
1430.0975028395912,1.005205750465393,0.0022251091431826353
1430.0988917432003,0.997516930103302,0.002218072535470128
1430.100280646809,0.9962392449378967,0.0022156371269375086
1430.101669550418,1.0000147819519043,0.0022178490180522203
1430.103058453997,0.9978857040405273,0.0022199773229658604
1430.104447357606,1.0057976245880127,0.0022231305483728647
1430.1058362612155,0.9989194273948669,0.0022188369184732437
1430.1072251648245,0.9950060248374939,0.0022158543579280376
1430.1086140684044,1.0009031295776367,0.0022198939695954323
1430.1100029720133,0.9996961951255798,0.002219884656369686
1430.1113918755925,1.00132155418396,0.002221388043835759
1430.112780779202,0.9984143972396851,0.002218018751591444
1430.1141696827824,0.9994542598724365,0.0022203982807695866
1430.1155585863908,1.0031455755233765,0.002223110059276223
1430.1169474899705,0.9999847412109375,0.002218779642134905
1430.1183363935795,1.000697374343872,0.0022191593889147043
1430.1197252971585,1.0015746355056763,0.0022195542696863413
1430.121114200739,1.0000853538513184,0.00221829442307353
1430.1225031043487,0.9999675154685974,0.002220282331109047
1430.123892007928,1.0005359649658203,0.002219119342043996
1430.1252809115076,0.9965564012527466,0.002216360531747341
1430.1266698150873,0.9955291748046875,0.0022176355123519897
1430.1280587186964,0.9991738796234131,0.0022239519748836756
1430.1294476222768,0.998438835144043,0.002218135166913271
1430.1308365258567,1.0005370378494263,0.0022202013060450554
1430.1322254294357,1.0033483505249023,0.002221019472926855
1430.1336143330157,0.997111439704895,0.002217377070337534
1430.1350032365954,0.9978203773498535,0.0022187442518770695
1430.136392140175,0.9981271028518677,0.002221751492470503
1430.1377810437557,0.9973233938217163,0.0022165256086736917
1430.1391699473354,0.9954713582992554,0.002218265552073717
1430.1405588509147,1.0002954006195068,0.002221509348601103
1430.1419477544944,1.0006434917449951,0.0022212702315300703
1430.143336658075,0.9950971603393555,0.002215915359556675
1430.1447255616256,0.998655378818512,0.0022201279643923044
1430.1461144652048,0.9975357055664062,0.002219938673079014
1430.1475033687846,1.0078623294830322,0.0022271352354437113
1430.1488922723645,0.9972918629646301,0.002218307228758931
1430.1502811759144,0.9981971979141235,0.0022180683445185423
1430.1516700794948,0.9980724453926086,0.0022242034319788218
1430.1530589830754,0.9998337030410767,0.0022200692910701036
1430.1544478866256,1.0008906126022339,0.0022193570621311665
1430.1558367902053,0.9995383620262146,0.0022211794275790453
1430.157225693756,1.0015333890914917,0.0022213407792150974
1430.1586145973358,1.0000433921813965,0.002219364745542407
1430.1600035008871,0.9957181811332703,0.0022196935024112463
1430.161392404467,0.9992260932922363,0.002219034591689706
1430.162781308017,0.9970811605453491,0.002218257635831833
1430.164170211597,1.0018829107284546,0.002220237161964178
1430.1655591151475,0.9972454309463501,0.0022192648611962795
1430.1669480186981,0.9986602663993835,0.002219655318185687
1430.1683369222496,0.9982255101203918,0.002218087902292609
1430.1697258258293,1.0023316144943237,0.0022222192492336035
1430.1711147293795,1.0005083084106445,0.002220676513388753
1430.17250363293,0.9954426288604736,0.002218504436314106
1430.1738925364816,1.0017969608306885,0.0022190718445926905
1430.1752814400322,0.9982343912124634,0.0022180427331477404
1430.176670343583,1.0002305507659912,0.0022209787275642157
1430.178059247134,1.0026051998138428,0.00222400831989944
1430.1794481506838,0.9993180632591248,0.0022194935008883476
1430.1808370542344,1.0018953084945679,0.002222263254225254
1430.182225957786,1.0028413534164429,0.002222862560302019
1430.1836148613365,0.9996296763420105,0.002219052519649267
1430.1850037648871,1.0011184215545654,0.0022212753538042307
1430.186392668438,0.9990116357803345,0.002218081383034587
1430.187781571988,0.9994981288909912,0.0022181731183081865
1430.1891704755394,1.0000678300857544,0.0022196839563548565
1430.1905593790618,1.0009212493896484,0.0022202611435204744
1430.1919482826117,1.0002753734588623,0.0022217389196157455
1430.1933371861626,0.996937096118927,0.002218593843281269
1430.1947260897132,0.9997186064720154,0.002218963112682104
1430.196114993234,0.999115526676178,0.0022191449534147978
1430.1975038967855,0.999382495880127,0.0022179472725838423
1430.1988928003077,1.001112699508667,0.0022202525287866592
1430.2002817038576,0.9942424297332764,0.0022166548296809196
1430.2016706073794,0.9969839453697205,0.0022188425064086914
1430.2030595109302,1.001509189605713,0.002221849048510194
1430.2044484144517,1.0023406744003296,0.0022222045809030533
1430.2058373180032,1.0011011362075806,0.0022214071359485388
1430.2072262215247,0.9986560344696045,0.0022202932741492987
1430.2086151250749,0.9985618591308594,0.0022201105020940304
1430.2100040285957,0.999015212059021,0.002219641348347068
1430.2113929321172,1.001828908920288,0.0022222057450562716
1430.2127818356396,0.999291718006134,0.0022191579919308424
1430.2141707391902,1.0005745887756348,0.0022216367069631815
1430.2155596427117,0.9988301992416382,0.0022193295881152153
1430.2169485462334,1.0007994174957275,0.002220941474661231
1430.2183374497542,0.9979133009910583,0.0022192352917045355
1430.2197263532767,0.9973078966140747,0.0022171325981616974
1430.221115256799,0.9958392381668091,0.0022174015175551176
1430.2225041603199,0.9999603629112244,0.0022220860701054335
1430.2238930638416,0.9956514835357666,0.0022186257410794497
1430.2252819673631,0.9991528391838074,0.0022204399574548006
1430.226670870884,0.9995456337928772,0.002221920760348439
1430.2280597744063,0.9995373487472534,0.0022208362352102995
1430.2294486779285,0.999731719493866,0.0022205552086234093
1430.2308375814494,1.0025659799575806,0.0022213675547391176
1430.232226484971,0.9975863695144653,0.0022186655551195145
1430.2336153884928,1.0020420551300049,0.0022228953894227743
1430.2350042919852,1.0001384019851685,0.002221758710220456
1430.2363931955076,0.9975218176841736,0.002218250185251236
1430.2377820990291,1.0006552934646606,0.002220336813479662
1430.239171002521,0.9989541172981262,0.002220635302364826
1430.2405599060426,0.999454915523529,0.0022200127132236958
1430.241948809564,1.0006545782089233,0.002222624374553561
1430.2433377130567,0.9977837800979614,0.0022201617248356342
1430.2447266165789,1.0000245571136475,0.0022227854933589697
1430.2461155200715,0.9952694773674011,0.0022176518104970455
1430.2475044235923,1.000807762145996,0.00222148303873837
1430.248893327085,1.002000331878662,0.002222238341346383
1430.250282230578,0.9993398785591125,0.002219908405095339
1430.2516711340998,0.9972206950187683,0.0022194061893969774
1430.2530600375921,0.9968693852424622,0.00222285115160048
1430.2544489410845,1.00248122215271,0.0022211745381355286
1430.2558378446056,1.0024138689041138,0.0022239023819565773
1430.257226748098,0.9990377426147461,0.00222254591062665
1430.258615651591,1.0014841556549072,0.002222136128693819
1430.2600045550837,1.0057882070541382,0.0022239889949560165
1430.2613934585763,1.0007860660552979,0.0022212243638932705
1430.2627823620978,0.9998236298561096,0.002222031354904175
1430.2641712655898,0.998212993144989,0.0022203701082617044
1430.2655601690828,0.9980182647705078,0.002219654619693756
1430.266949072576,1.0033984184265137,0.0022217603400349617
1430.2683379760679,1.0002576112747192,0.0022204811684787273
1430.2697268795603,0.9973031282424927,0.0022178287617862225
1430.271115783053,1.0034452676773071,0.00222185580059886
1430.2725046865155,0.9991937875747681,0.0022208834998309612
1430.2738935900086,1.0019445419311523,0.0022221070248633623
1430.275282493502,0.9927787184715271,0.0022166117560118437
1430.2766713969938,0.9994934797286987,0.0022203950211405754
1430.2780603004855,0.9963226318359375,0.002221034374088049
1430.279449203949,0.997907817363739,0.0022199703380465508
1430.2808381074422,0.9998688697814941,0.002221112372353673
1430.2822270109348,0.9984236359596252,0.0022173873148858547
1430.283615914398,1.0021460056304932,0.002222804119810462
1430.2850048178905,0.9985959529876709,0.002221224829554558
1430.2863937213824,1.0018079280853271,0.0022238048259168863
1430.2877826248457,1.0014581680297852,0.002224941272288561
1430.2891715283388,0.9983174204826355,0.0022215174976736307
1430.2905604318023,0.9991808533668518,0.0022197957150638103
1430.291949335295,0.9969839453697205,0.002217734232544899
1430.2933382387582,0.9988822937011719,0.0022188297007232904
1430.294727142221,1.0035133361816406,0.00222329655662179
1430.2961160457141,0.9981288313865662,0.002220766618847847
1430.2975049491781,1.0000534057617188,0.0022193158511072397
1430.298893852641,0.9974882006645203,0.0022184208501130342
1430.3002827561334,1.0002801418304443,0.002220709342509508
1430.3016716595969,1.0001479387283325,0.0022222455590963364
1430.3030605630595,0.9977642297744751,0.002220146358013153
1430.3044494665235,0.9996128082275391,0.0022231247276067734
1430.3058383699877,1.0033940076828003,0.002222208073362708
1430.3072272734505,1.0000884532928467,0.002222805516794324
1430.3086161769138,1.0012403726577759,0.002221849048510194
1430.310005080377,0.9929323792457581,0.0022179028019309044
1430.3113939838406,0.9995728135108948,0.0022202932741492987
1430.3127828873046,1.0009080171585083,0.0022221861872822046
1430.3141717907681,1.0006918907165527,0.002220750553533435
1430.3155606942307,1.0016010999679565,0.0022208073642104864
1430.3169495976942,0.9964653849601746,0.0022179109510034323
1430.3183385011578,0.9990744590759277,0.0022200525272637606
1430.319727404621,1.0011781454086304,0.002220479305833578
1430.321116308056,0.9997820258140564,0.00221996009349823
1430.3225052115192,0.9975535869598389,0.0022197409998625517
1430.323894114982,1.000036597251892,0.002218459499999881
1430.3252830184454,0.9977464079856873,0.0022187847644090652
1430.3266719218805,0.9965694546699524,0.0022176560014486313
1430.3280608253438,0.998516321182251,0.00222157035022974
1430.3294497287782,0.9975689649581909,0.0022204883862286806
1430.3308386322417,1.000003695487976,0.0022217126097530127
1430.3322275356752,0.9998230934143066,0.00222192145884037
1430.3336164391387,0.9999464750289917,0.002220290247350931
1430.3350053425736,1.001968264579773,0.002222175244241953
1430.336394246037,0.9965959191322327,0.002218275098130107
1430.337783149471,0.9992952346801758,0.0022183998953551054
1430.3391720529055,0.9995818138122559,0.002220945432782173
1430.340560956368,0.9994818568229675,0.002220924710854888
1430.3419498598025,0.9975413084030151,0.0022190127056092024
1430.3433387632374,0.9999313354492188,0.002221224596723914
1430.344727666701,1.0036641359329224,0.0022211438044905663
1430.3461165701344,0.9978183507919312,0.002219517482444644
1430.3475054735688,0.9988422393798828,0.002219005487859249
1430.3488943770033,1.0037555694580078,0.002220318652689457
1430.3502832804375,1.0025745630264282,0.0022203074768185616
1430.3516721838723,0.9977495670318604,0.0022184010595083237
1430.3530610873065,1.0037707090377808,0.0022218984086066484
1430.3544499907402,0.9960654377937317,0.002217150293290615
1430.3558388941744,1.0008412599563599,0.002218489535152912
1430.3572277976095,1.0009595155715942,0.0022188732400536537
1430.3586167010437,0.9970175623893738,0.0022171754390001297
1430.3600056044781,0.9965201616287231,0.0022181852255016565
1430.3613945079126,1.0011779069900513,0.002220709342509508
1430.362783411346,0.9986295104026794,0.00221963319927454
1430.3641723147514,1.0011967420578003,0.0022197351790964603
1430.3655612181863,0.9991487264633179,0.0022200588136911392
1430.3669501216204,1.0001630783081055,0.002218293957412243
1430.3683390250255,0.9976245760917664,0.002218175446614623
1430.36972792846,0.9995313286781311,0.0022208471782505512
1430.3711168318935,1.0002686977386475,0.0022193791810423136
1430.3725057352995,1.001960039138794,0.0022190301679074764
1430.3738946387346,1.0011478662490845,0.0022193791810423136
1430.375283542139,1.001313328742981,0.002219902817159891
1430.3766724455734,1.0012484788894653,0.00222001108340919
1430.3780613489785,0.998623788356781,0.002219121903181076
1430.3794502524122,0.9976598024368286,0.00221858243457973
1430.380839155818,0.9989157319068909,0.002218798967078328
1430.3822280592237,1.0013740062713623,0.0022205919958651066
1430.3836169626572,1.0001087188720703,0.002220827154815197
1430.3850058660626,0.9983661770820618,0.002217572648078203
1430.3863947694679,1.000015377998352,0.002221244154497981
1430.387783672873,0.9995299577713013,0.0022183191031217575
1430.389172576308,1.0005581378936768,0.0022201770916581154
1430.3905614797131,0.9999020099639893,0.002219370799139142
1430.3919503831178,1.000939130783081,0.002218217821791768
1430.3933392865229,0.9987479448318481,0.002220915397629142
1430.394728189928,1.0026015043258667,0.002222089795395732
1430.3961170933333,0.9973849654197693,0.002217357512563467
1430.397505996739,0.9937981963157654,0.002216230146586895
1430.3988949001443,0.999178946018219,0.002219513524323702
1430.4002838035487,1.0026211738586426,0.00222097709774971
1430.401672706954,1.0015580654144287,0.002222171053290367
1430.4030616103598,0.9947770833969116,0.0022156040649861097
1430.4044505137651,0.9996044635772705,0.0022200490348041058
1430.4058394171404,0.9992196559906006,0.002218940295279026
1430.4072283205458,0.9981591701507568,0.0022183326072990894
1430.4086172239508,0.9960690140724182,0.0022179714869707823
1430.4100061273555,1.0002588033676147,0.0022199698723852634
1430.4113950307321,0.9955539107322693,0.0022165412083268166
1430.412783934138,0.996534526348114,0.0022154401522129774
1430.4141728375423,1.0016356706619263,0.002217383123934269
1430.4155617409185,1.0014218091964722,0.0022189642768353224
1430.4169506443238,0.9973955750465393,0.002218152629211545
1430.4183395476998,0.9982810616493225,0.0022188471630215645
1430.4197284511058,0.9985412955284119,0.0022208644077181816
1430.4211173544818,0.995049774646759,0.0022152746096253395
1430.4225062578864,0.9977009892463684,0.0022181146778166294
1430.4238951612624,0.9949276447296143,0.0022165405098348856
1430.4252840646384,0.9987913966178894,0.0022178911603987217
1430.4266729680437,1.0002341270446777,0.002221120521426201
1430.4280618714204,1.0011048316955566,0.002219553804025054
1430.4294507747966,0.9974265694618225,0.0022173584438860416
1430.4308396781719,0.9985630512237549,0.0022194990888237953
1430.4322285815772,1.000879168510437,0.002218766836449504
1430.4336174849539,0.9968008399009705,0.0022176902275532484
1430.43500638833,1.0011378526687622,0.0022180790547281504
1430.436395291706,0.9993706345558167,0.0022172913886606693
1430.437784195082,0.9964833855628967,0.002215590560808778
1430.4391730984576,1.0003405809402466,0.002220784081146121
1430.4405620018335,0.9987702965736389,0.0022180851083248854
1430.4419509052104,0.9990803599357605,0.0022168916184455156
1430.4433398085864,0.999873161315918,0.0022201361134648323
1430.4447287119626,1.0006325244903564,0.002219701884314418
1430.4461176153386,1.0004693269729614,0.0022198737133294344
1430.447506518685,0.9979977607727051,0.00221842247992754
1430.4488954220617,0.9995638132095337,0.0022181507665663958
1430.4502843254384,0.9968160390853882,0.002219033194705844
1430.451673228814,0.9972540140151978,0.002218739129602909
1430.4530621321608,0.9996752738952637,0.0022200949024409056
1430.454451035537,0.9996822476387024,0.0022193423938006163
1430.4558399389123,1.000655174255371,0.0022191153839230537
1430.45722884226,1.0000711679458618,0.002222089096903801
1430.458617745637,0.9995070099830627,0.0022185153793543577
1430.4600066489832,1.0000522136688232,0.002218264155089855
1430.4613955523591,1.0001240968704224,0.002217925153672695
1430.462784455706,0.9963436126708984,0.002219473011791706
1430.4641733590822,0.9951821565628052,0.002218237379565835
1430.4655622624298,0.9986333250999451,0.0022217954974621534
1430.466951165806,0.9993864893913269,0.0022199624218046665
1430.4683400691522,1.000061273574829,0.002219223650172353
1430.4697289724986,1.0003645420074463,0.002220673020929098
1430.4711178758755,1.0028715133666992,0.002223049756139517
1430.472506779223,1.0010851621627808,0.002219177782535553
1430.4738956825693,1.0004726648330688,0.0022197961807250977
1430.4752845859164,0.9990168809890747,0.0022185484413057566
1430.4766734892632,1.0006505250930786,0.002221197821199894
1430.4780623926388,0.9978598952293396,0.0022189831361174583
1430.4794512959863,1.0041192770004272,0.002221054397523403
1430.480840199334,1.00255286693573,0.002221260918304324
1430.4822291026803,1.0033596754074097,0.0022218322847038507
1430.4836180060272,0.9992069602012634,0.0022175507619976997
1430.4850069093743,0.9967480301856995,0.0022175542544573545
1430.4863958127214,0.997083842754364,0.002219588728621602
1430.4877847160399,0.9997498989105225,0.002220227848738432
1430.489173619387,0.9988304376602173,0.002217015950009227
1430.4905625227332,1.0006455183029175,0.002221419010311365
1430.49195142608,1.0003328323364258,0.0022200089879333973
1430.493340329427,1.000184178352356,0.0022189700976014137
1430.494729232745,0.9952462315559387,0.0022180050145834684
1430.4961181360925,0.9972489476203918,0.0022173631004989147
1430.4975070394396,0.9956810474395752,0.002216144697740674
1430.4988959427567,0.995851993560791,0.0022179405204951763
1430.5002848461038,0.9987820386886597,0.0022196071222424507
1430.5016737494223,0.9984789490699768,0.0022187193389981985
1430.5030626527694,0.9999066591262817,0.0022178415674716234
1430.5044515561165,0.998897910118103,0.002219004090875387
1430.5058404594342,0.9975413084030151,0.0022177903447300196
1430.5072293627513,1.0026943683624268,0.0022224890999495983
1430.5086182660982,1.0010664463043213,0.0022227191366255283
1430.510007169417,0.998078465461731,0.0022186273708939552
1430.5113960727347,1.0025742053985596,0.002220351016148925
1430.5127849760818,0.9997230172157288,0.0022185808047652245
1430.5141738793998,1.0028140544891357,0.0022204057313501835
1430.5155627827169,1.0010050535202026,0.002221355214715004
1430.5169516860353,1.0005710124969482,0.002219456247985363
1430.5183405893831,1.0000948905944824,0.0022190522868186235
1430.5197294927004,1.0011202096939087,0.002221532631665468
1430.5211183960182,0.9982553720474243,0.0022196248173713684
1430.522507299336,0.9989359378814697,0.0022188504226505756
1430.523896202653,0.9974721670150757,0.002217221772298217
1430.5252851059718,1.0012892484664917,0.00221979059278965
1430.5266740092904,1.0014710426330566,0.0022190457675606012
1430.5280629126075,0.9956732988357544,0.002216452034190297
1430.5294518159255,1.0011733770370483,0.002219358691945672
1430.5308407192433,1.0015820264816284,0.002221121918410063
1430.532229622561,0.9984695911407471,0.002217948902398348
1430.5336185258507,1.002577781677246,0.0022208071313798428
1430.5350074291684,1.0003803968429565,0.0022199370432645082
1430.5363963324858,0.9967712163925171,0.002214503474533558
1430.5377852358029,0.998073160648346,0.002217523753643036
1430.5391741390915,1.0018614530563354,0.0022195514757186174
1430.5405630424102,0.9952440857887268,0.0022154967300593853
1430.541951945728,0.997403621673584,0.002219127956777811
1430.5433408490169,1.0052781105041504,0.002221148693934083
1430.544729752335,0.9982295632362366,0.0022189903538674116
1430.5461186556229,0.9992339611053467,0.0022206243593245745
1430.5475075589413,0.9991725087165833,0.002217802219092846
1430.548896462231,0.9991171360015869,0.002218662528321147
1430.5502853655191,1.0001239776611328,0.0022175260819494724
1430.551674268837,1.0004781484603882,0.002220671158283949
1430.5530631721256,1.0008326768875122,0.0022204769775271416
1430.5544520754427,0.9997024536132812,0.0022173873148858547
1430.5558409787322,0.99908447265625,0.0022194848861545324
1430.5572298820218,0.9985972046852112,0.0022168143186718225
1430.5586187853098,0.9999732971191406,0.0022201910614967346
1430.5600076885987,0.9986127614974976,0.0022187649738043547
1430.5613965919165,1.0006839036941528,0.0022197170183062553
1430.5627854952052,0.9995023012161255,0.002218348439782858
1430.5641743984947,0.9986088871955872,0.002218809677287936
1430.5655633017834,0.9970958232879639,0.002218264387920499
1430.5669522050716,0.9959641695022583,0.0022172508761286736
1430.5683411083603,1.0029045343399048,0.0022230923641473055
1430.5697300116499,0.9984768629074097,0.002217651344835758
1430.5711189149386,0.9976093173027039,0.002217143541201949
1430.5725078182275,0.9966945052146912,0.0022177021019160748
1430.5738967215161,1.0014445781707764,0.002219867892563343
1430.5752856247752,0.9998363256454468,0.002218823879957199
1430.576674528064,1.0008426904678345,0.0022177535574883223
1430.5780634313535,0.9998968243598938,0.0022190872114151716
1430.5794523346422,1.0019086599349976,0.0022200888488441706
1430.5808412379017,0.9981480836868286,0.0022178569342941046
1430.591952464124,0.9989058375358582,0.0022183803375810385
1430.5933413673845,1.001475214958191,0.0022201945539563894
1430.5947302706447,0.9970947504043579,0.0022179014049470425
1430.5961191739327,1.0008872747421265,0.0022201910614967346
1430.5975080771925,0.9992219805717468,0.002219053450971842
1430.5988969804523,1.0031092166900635,0.002222040668129921
1430.600285883741,0.9988782405853271,0.0022185102570801973
1430.6016747870005,1.0023051500320435,0.0022210036404430866
1430.6030636902603,0.9979645609855652,0.0022176045458763838
1430.60445259352,1.0040230751037598,0.0022215768694877625
1430.605841496779,0.9944437742233276,0.0022142231464385986
1430.6072304000386,1.0019316673278809,0.00222068652510643
1430.608619303299,0.9980234503746033,0.002216791035607457
1430.6100082065586,0.996833086013794,0.0022161451634019613
1430.6113971098182,1.0010757446289062,0.002220718190073967
1430.612786013078,1.0026054382324219,0.002220701426267624
1430.6141749163369,0.997779905796051,0.0022178622893989086
1430.6155638195971,1.0005136728286743,0.0022194318007677794
1430.6169527228576,0.9947431087493896,0.002215211046859622
1430.6183416261167,0.997871458530426,0.0022164834663271904
1430.6197305293472,1.000203251838684,0.002220441121608019
1430.6211194326067,0.9986289739608765,0.00221814401447773
1430.6225083358659,0.9986041784286499,0.002215893939137459
1430.6238972390972,0.9981920123100281,0.002217992441728711
1430.6252861423575,0.9963974356651306,0.0022171668242663145
1430.6266750456164,1.001259207725525,0.0022210530005395412
1430.628063948847,1.0001206398010254,0.0022185423877090216
1430.6294528521069,0.9988967180252075,0.0022203116677701473
1430.6308417553373,0.9980005025863647,0.002220150316134095
1430.6322306585976,0.997979998588562,0.002217178698629141
1430.633619561828,0.9961733222007751,0.0022165875416249037
1430.6350084650871,0.9973900318145752,0.0022175859194248915
1430.6363973683176,0.9974585175514221,0.0022178995423018932
1430.6377862715483,0.9976100325584412,0.002219931688159704
1430.639175174808,0.9976338744163513,0.002215911401435733
1430.6405640780392,0.9963743090629578,0.0022175032645463943
1430.64195298127,0.997887372970581,0.002217340748757124
1430.6433418844997,0.9996314644813538,0.002219372894614935
1430.6447307877304,0.9969148635864258,0.0022155866026878357
1430.6461196909906,0.9979491829872131,0.0022185517009347677
1430.647508594221,0.9989628195762634,0.0022179705556482077
1430.6488974974516,0.9941452741622925,0.002215951681137085
1430.6502864006823,0.9985345602035522,0.002219654619693756
1430.651675303912,0.9962871074676514,0.0022159479558467865
1430.6530642071434,0.9985908269882202,0.0022184764966368675
1430.6544531103748,0.998186469078064,0.0022191188763827085
1430.6558420136046,0.9998741149902344,0.0022219063248485327
1430.6572309168353,0.9996854662895203,0.0022185419220477343
1430.6586198200366,0.9981555938720703,0.0022189561277627945
1430.6600087232666,0.998462975025177,0.002219659276306629
1430.6613976264978,1.0012860298156738,0.0022233244962990284
1430.662786529729,1.0008115768432617,0.0022202946711331606
1430.6641754329298,0.9993271231651306,0.002217584289610386
1430.6655643361596,0.9972820281982422,0.0022190604358911514
1430.66695323939,0.9957791566848755,0.002217159140855074
1430.6683421425923,0.9983915686607361,0.0022196590434759855
1430.6697310458228,0.9968866109848022,0.002218456706032157
1430.6711199490244,0.9986212253570557,0.002216779161244631
1430.672508852255,0.9984444379806519,0.002218953799456358
1430.6738977554558,0.9959248900413513,0.002217672299593687
1430.6752866586864,0.9967264533042908,0.002217978937551379
1430.6766755618885,0.9958993196487427,0.0022167779970914125
1430.678064465119,0.9980965852737427,0.0022175644990056753
1430.6794533683203,0.9981903433799744,0.002218965208157897
1430.680842271522,0.9977660775184631,0.0022199128288775682
1430.6822311747517,0.9983238577842712,0.0022178012877702713
1430.683620077954,1.0007507801055908,0.0022194853518158197
1430.6850089811562,0.9965552091598511,0.002217519097030163
1430.686397884357,0.9969385862350464,0.002217477187514305
1430.6877867875585,1.0015274286270142,0.002220290945842862
1430.689175690789,0.9963676333427429,0.0022193279583007097
1430.6905645939898,0.9995076656341553,0.002218747977167368
1430.691953497192,1.0017116069793701,0.0022228832822293043
1430.693342400394,0.9980990886688232,0.002218513749539852
1430.6947313035948,1.0014584064483643,0.0022195542696863413
1430.6961202067962,1.0018069744110107,0.0022202124819159508
1430.6975091099687,0.997617244720459,0.002219023648649454
1430.69889801317,0.9969813227653503,0.0022185728885233402
1430.7002869163723,1.0038433074951172,0.002221554284915328
1430.7016758195737,1.0020924806594849,0.0022217233199626207
1430.7030647227746,0.9987417459487915,0.002218197798356414
1430.704453625976,0.9918211102485657,0.0022161894012242556
1430.705842529149,0.9994297027587891,0.0022200308740139008
1430.7072314323505,1.0007108449935913,0.0022179645020514727
1430.7086203355518,0.9970747828483582,0.0022174741607159376
1430.7100092387243,0.9972370862960815,0.0022166003473103046
1430.711398141925,0.9986433982849121,0.002219440648332238
1430.7127870450975,0.9998569488525391,0.002219728659838438
1430.7141759482995,1.0004620552062988,0.002219301648437977
1430.715564851472,1.0021487474441528,0.0022200613748282194
1430.7169537546733,0.9984322190284729,0.002218355890363455
1430.7183426578456,0.9983248710632324,0.002218019450083375
1430.7197315610465,1.000267744064331,0.0022198460064828396
1430.7211204642197,1.0012993812561035,0.0022194422781467438
1430.7225093673926,1.001085877418518,0.002219587564468384
1430.7238982705933,0.9992889165878296,0.0022202495019882917
1430.7252871737658,1.0009305477142334,0.002218870213255286
1430.726676076938,0.998475968837738,0.002218529349192977
1430.7280649801098,1.0028384923934937,0.0022209130693227053
1430.729453883282,0.9956955313682556,0.002217403147369623
1430.7308427864552,1.000707745552063,0.002218299312517047
1430.7322316896566,1.00050950050354,0.002221322851255536
1430.7336205928284,1.001451849937439,0.0022200653329491615
1430.7350094960007,0.9998449087142944,0.002219616435468197
1430.7363983991738,1.000464677810669,0.0022186865098774433
1430.737787302317,0.9968905448913574,0.002216668799519539
1430.7391762054892,0.9962949752807617,0.002215578220784664
1430.7405651086617,1.0015331506729126,0.00222090445458889
1430.7419540118333,1.0000925064086914,0.002218931447714567
1430.7433429150058,0.9987851977348328,0.002218875102698803
1430.7447318181787,1.0003045797348022,0.0022192064207047224
1430.746120721322,1.0016735792160034,0.002219685586169362
1430.7475096244943,1.000499963760376,0.0022201656829565763
1430.7488985276666,0.99895179271698,0.0022210462484508753
1430.7502874308093,0.9989545941352844,0.002218928886577487
1430.7516763339825,0.9972274303436279,0.002217579400166869
1430.7530652371554,1.0015056133270264,0.0022193402983248234
1430.7544541402979,0.9994219541549683,0.002221471630036831
1430.7558430434703,1.000149130821228,0.0022213729098439217
1430.7572319466135,0.9984065294265747,0.0022185517009347677
1430.7586208497853,1.0005106925964355,0.0022198630031198263
1430.7600097529291,0.9969645142555237,0.0022158981300890446
1430.761398656073,1.0014957189559937,0.002221959875896573
1430.7627875592448,0.9998859167098999,0.0022193905897438526
1430.764176462388,1.005781888961792,0.0022219696547836065
1430.7655653655313,0.9992648363113403,0.002220383146777749
1430.7669542687038,1.000177025794983,0.0022181987296789885
1430.7683431718476,0.9982184767723083,0.0022183475084602833
1430.769732074991,1.0006943941116333,0.0022194357588887215
1430.7711209781335,0.9979488849639893,0.002218496985733509
1430.7725098812766,1.0000050067901611,0.0022206688299775124
1430.7738987844207,0.9970657825469971,0.0022195670753717422
1430.7752876875638,0.996160089969635,0.0022156580816954374
1430.776676590707,0.9988576769828796,0.0022181628737598658
1430.7780654938504,1.0008610486984253,0.0022203444968909025
1430.7794543969928,1.0018385648727417,0.0022193226031959057
1430.7808433001362,0.9994592666625977,0.0022181570529937744
1430.78223220328,1.0015920400619507,0.002221237402409315
1430.7836211064234,1.0039069652557373,0.0022208010777831078
1430.7850100095668,1.00096595287323,0.0022206983994692564
1430.7863989126809,0.997154712677002,0.002214970765635371
1430.7877878158233,0.9972851872444153,0.0022166953422129154
1430.7891767189674,1.00345778465271,0.0022212823387235403
1430.7905656221112,0.9959600567817688,0.0022150538861751556
1430.7919545252246,1.0015257596969604,0.002218081848695874
1430.793343428368,1.0015910863876343,0.0022214401978999376
1430.7947323314822,0.9990205764770508,0.0022172152530401945
1430.7961212346247,1.0016950368881226,0.002220195485278964
1430.797510137739,0.9994010925292969,0.0022201850078999996
1430.7988990408828,0.9999626278877258,0.0022204099223017693
1430.800287943997,0.9999074339866638,0.0022181097883731127
1430.8016768471396,1.0018508434295654,0.0022196737118065357
1430.8030657502536,1.0039455890655518,0.002221150090917945
1430.8044546533686,1.0020582675933838,0.002219836926087737
1430.8058435565117,0.9995266795158386,0.002220113528892398
1430.8072324596258,1.002150058746338,0.002220995258539915
1430.80862136274,0.9994484782218933,0.002217568689957261
1430.8100102658534,0.998650312423706,0.0022182133980095387
1430.8113991689975,0.9988417029380798,0.002217864152044058
1430.8127880721124,0.9999043941497803,0.002218896057456732
1430.8141769752258,1.0018463134765625,0.0022187659051269293
1430.81556587834,0.9970165491104126,0.0022181260865181684
1430.8169547814541,0.9998217225074768,0.0022185202687978745
1430.8183436845675,0.9971506595611572,0.002218631561845541
1430.8197325876824,1.0029579401016235,0.0022216651123017073
1430.8211214907972,1.0016396045684814,0.0022212082985788584
1430.8225103939105,1.0000557899475098,0.0022208041045814753
1430.8238992970248,1.0025253295898438,0.0022215466015040874
1430.82528820011,0.9978162050247192,0.0022174289915710688
1430.826677103224,1.0039876699447632,0.0022215796634554863
1430.828066006339,1.0016369819641113,0.0022199461236596107
1430.829454909453,1.0020928382873535,0.002220550552010536
1430.8308438125375,0.9987576007843018,0.0022174122277647257
1430.8322327156516,0.9979703426361084,0.0022182995453476906
1430.8336216187656,0.9972370862960815,0.0022167114075273275
1430.8350105218508,0.9981040358543396,0.0022194115445017815
1430.8363994249655,0.9998884797096252,0.0022209445014595985
1430.8377883280507,1.0002766847610474,0.0022179223597049713
1430.839177231164,1.000495195388794,0.0022204152774065733
1430.8405661342492,0.9977830052375793,0.0022170369047671556
1430.841955037364,0.9962736964225769,0.0022170734591782093
1430.8433439404491,0.99858158826828,0.0022175090853124857
1430.844732843534,0.9957003593444824,0.0022161758970469236
1430.8461217466481,0.9997328519821167,0.002219581976532936
1430.8475106497326,1.0006076097488403,0.002219164278358221
1430.8488995528176,0.9964375495910645,0.002216472988948226
1430.8502884559325,0.99916011095047,0.002217167289927602
1430.8516773590175,1.0010836124420166,0.0022203195840120316
1430.8530662621026,1.0037264823913574,0.0022221833933144808
1430.8544551651876,1.0015944242477417,0.002218737034127116
1430.855844068272,1.0011297464370728,0.002220632741227746
1430.8572329713577,0.9922458529472351,0.002214375650510192
1430.8586218744433,0.9987125992774963,0.002219022251665592
1430.8600107775278,0.9997069835662842,0.002219484420493245
1430.8613996806123,0.9997599124908447,0.0022184683475643396
1430.8627885836972,0.9997072815895081,0.002218385227024555
1430.864177486783,1.000817894935608,0.0022191647440195084
1430.865566389868,0.9949150085449219,0.002218326088041067
1430.866955292953,0.9984636306762695,0.002217615256085992
1430.868344196009,1.0006563663482666,0.0022184394765645266
1430.8697330990933,0.9989109039306641,0.002219460206106305
1430.8711220021785,0.9988281726837158,0.002218559617176652
1430.872510905235,1.0010639429092407,0.0022196925710886717
1430.8738998083202,0.9960264563560486,0.0022165013942867517
1430.8752887114051,0.9999270439147949,0.0022194734774529934
1430.876677614461,0.9992629289627075,0.002219314221292734
1430.8780665175454,0.9996559023857117,0.0022188785951584578
1430.8794554206022,0.9982436299324036,0.0022177211940288544
1430.8808443236878,1.0017086267471313,0.002219462301582098
1430.882233226743,0.9991110563278198,0.002220850670710206
1430.8836221298282,1.001636028289795,0.002222220180556178
1430.885011032884,1.001839280128479,0.002218451350927353
1430.8863999359394,1.0025033950805664,0.002221468836069107
1430.887788839025,0.9987432956695557,0.0022199146915227175
1430.8891777420815,1.0019978284835815,0.002220476744696498
1430.890566645137,0.9984304308891296,0.0022186050191521645
1430.8919555481928,0.99899822473526,0.002218573587015271
1430.893344451278,1.0005303621292114,0.0022211524192243814
1430.894733354334,0.9978259205818176,0.0022177358623594046
1430.8961222573905,0.9955899715423584,0.002215176820755005
1430.8975111604464,0.9989443421363831,0.0022192506585270166
1430.8989000635017,1.0049433708190918,0.0022222702391445637
1430.9002889665576,0.9965083003044128,0.00221604248508811
1430.9016778696143,1.0037542581558228,0.00222283648326993
1430.9030667726702,0.9988198280334473,0.0022170967422425747
1430.904455675726,1.0020612478256226,0.0022219682577997446
1430.905844578782,1.0011130571365356,0.0022202059626579285
1430.9072334818081,1.0004818439483643,0.002218089299276471
1430.9086223848642,1.0035045146942139,0.002222867915406823
1430.9100112879207,1.0023248195648193,0.0022205861750990152
1430.9114001909768,1.0013328790664673,0.0022199833765625954
1430.9127890940038,1.002602219581604,0.0022200264502316713
1430.9141779970596,1.0034147500991821,0.0022201859392225742
1430.9155669001148,1.002220869064331,0.0022203465923666954
1430.9169558031424,0.9997662305831909,0.0022181698586791754
1430.918344706199,1.0003083944320679,0.002218015491962433
1430.919733609225,0.9963578581809998,0.0022176795173436403
1430.921122512281,1.00371515750885,0.0022205349523574114
1430.922511415308,1.0026440620422363,0.002218784997239709
1430.9239003183632,1.0017063617706299,0.0022210399620234966
1430.9252892213901,0.998689591884613,0.0022167698480188847
1430.9266781244175,1.0001946687698364,0.0022186606656759977
1430.9280670274734,0.9993887543678284,0.0022195554338395596
1430.9294559304997,1.0000255107879639,0.0022209654562175274
1430.9308448335264,0.997460126876831,0.002218227833509445
1430.9322337365832,1.0001887083053589,0.0022202658001333475
1430.93362263961,1.0029234886169434,0.002220221096649766
1430.9350115426366,1.000708818435669,0.0022204318083822727
1430.9364004456636,1.0002737045288086,0.0022181563545018435
1430.9377893486896,1.0001415014266968,0.00221981736831367
1430.9391782517173,0.9989610910415649,0.0022185961715877056
1430.940567154745,0.9987437725067139,0.002218008739873767
1430.941956057771,1.0015465021133423,0.002220588969066739
1430.943344960798,1.000771164894104,0.0022205482237040997
1430.9447338638247,1.0009121894836426,0.0022190832532942295
1430.9461227668507,1.003484845161438,0.002224032999947667
1430.9475116698784,0.9990625977516174,0.0022184127010405064
1430.9489005729058,1.0007951259613037,0.0022201344836503267
1430.9502894759028,0.9976444244384766,0.002215833403170109
1430.9516783789297,0.9942956566810608,0.002214710460975766
1430.9530672819567,1.0029184818267822,0.0022195070050656796
1430.9544561849543,0.997038722038269,0.00221728952601552
1430.955845087982,0.9990444183349609,0.0022186602000147104
1430.9572339910087,0.9985670447349548,0.0022178071085363626
1430.9586228940057,0.9976562261581421,0.0022164054680615664
1430.9600117970324,0.9990681409835815,0.002217683009803295
1430.9614007000303,0.9950562715530396,0.0022161747328937054
1430.9627896030572,0.9968764781951904,0.0022165263071656227
1430.9641785060555,0.9997801184654236,0.002218155423179269
1430.9655674090825,0.9982956051826477,0.002218524692580104
1430.9669563120794,0.9964247941970825,0.0022168944124132395
1430.9683452150773,0.9973286390304565,0.002217857865616679
1430.9697341181047,0.9961247444152832,0.0022183714900165796
1430.9711230211026,0.9970735907554626,0.0022191700991243124
1430.9725119241002,0.9971535205841064,0.002219561254605651
1430.9739008270979,0.9961645603179932,0.0022162722889333963
1430.975289730095,0.994793176651001,0.0022153081372380257
1430.9766786330933,0.994756281375885,0.002215941436588764
1430.978067536121,0.9965116381645203,0.0022182613611221313
1430.979456439118,0.9988157153129578,0.002219059271737933
1430.9808453421158,0.9968944191932678,0.002218877198174596
1430.9822342451134,0.9972493052482605,0.0022174492478370667
1430.9836231481106,0.9977278709411621,0.0022174750920385122
1430.985012051109,0.9969794750213623,0.00221733539365232
1430.9864009540781,0.995300829410553,0.0022162259556353092
1430.9877898570753,0.9948639869689941,0.0022163556423038244
1430.9891787600723,0.9947119355201721,0.002216129330918193
1430.99056766307,0.9981000423431396,0.002217890927568078
1430.9919565660684,0.9957138299942017,0.0022162343375384808
1430.993345469037,0.9973155856132507,0.002216226886957884
1430.9947343720348,0.9979974031448364,0.0022174506448209286
1430.9961232750327,0.9969492554664612,0.002217846689745784
1430.9975121780005,0.9942880272865295,0.0022143498063087463
1430.9989010809984,0.9904863238334656,0.002213665284216404
1431.0002899839676,0.9978224039077759,0.002216649241745472
1431.0016788869655,0.9966145753860474,0.0022149463184177876
1431.003067789934,0.9973081350326538,0.0022176688071340322
1431.0044566929316,0.9975293278694153,0.0022160415537655354
1431.0058455958997,0.9945187568664551,0.002215571468695998
1431.007234498898,0.9970624446868896,0.0022153055761009455
1431.0086234018675,0.9944878220558167,0.0022156122140586376
1431.0100123048353,0.9949729442596436,0.002216010820120573
1431.011401207804,0.9942959547042847,0.002213946310803294
1431.0127901108017,0.9940714836120605,0.002214189385995269
1431.0141790137702,0.9971092343330383,0.00221898197196424
1431.0155679167397,0.9977715611457825,0.0022172562312334776
1431.0169568197082,0.9945287704467773,0.0022154825273901224
1431.0183457226763,0.9928246736526489,0.0022145898547023535
1431.0197346256448,0.9938799142837524,0.002212866209447384
1431.0211235286135,0.9960630536079407,0.002215734450146556
1431.022512431582,0.9937973022460938,0.0022146159317344427
1431.0239013345515,0.9948332905769348,0.002214828971773386
1431.02529023752,0.9978804588317871,0.002217975677922368
1431.026679140488,0.9954807162284851,0.0022163561079651117
1431.0280680434566,0.996150016784668,0.0022163065150380135
1431.029456946426,0.9973459839820862,0.0022168359719216824
1431.0308458493946,0.997555673122406,0.0022175819613039494
1431.032234752334,0.9959398508071899,0.0022148333955556154
1431.0336236553028,0.9960552453994751,0.0022153521422296762
1431.0350125582706,0.9919236302375793,0.002212179359048605
1431.0364014612103,0.9964298605918884,0.002216470194980502
1431.0377903641795,0.9941206574440002,0.0022133756428956985
1431.0391792671483,0.9972401261329651,0.0022165838163346052
1431.0405681700877,0.9977738261222839,0.0022196180652827024
1431.0419570730562,0.9929124116897583,0.0022129404824227095
1431.0433459759952,0.9982664585113525,0.0022188436705619097
1431.0447348789355,0.998126208782196,0.00221761385910213
1431.0461237819047,0.9944259524345398,0.002215753309428692
1431.0475126848435,0.9961817860603333,0.0022151884622871876
1431.0489015878122,0.9965794682502747,0.00221776170656085
1431.0502904907519,0.9961628317832947,0.00221879780292511
1431.0516793936913,0.9973641633987427,0.0022168506402522326
1431.0530682966316,0.9945223927497864,0.0022136536426842213
1431.0544571996002,0.9970969557762146,0.0022155570331960917
1431.055846102539,0.9951135516166687,0.0022165952250361443
1431.0572350054779,0.9948651790618896,0.0022144748363643885
1431.0586239084173,1.0019503831863403,0.0022209950257092714
1431.0600128113576,0.9952476620674133,0.0022146888077259064
1431.061401714297,0.9956247806549072,0.0022156566847115755
1431.0627906172365,0.9930672645568848,0.0022143542300909758
1431.0641795201761,0.9932935833930969,0.0022149693686515093
1431.0655684231149,0.9927067756652832,0.0022134105674922466
1431.0669573260552,0.9938726425170898,0.0022160112857818604
1431.0683462289956,0.993528425693512,0.0022137733176350594
1431.0697351319052,0.9972538948059082,0.002217809436842799
1431.0711240348446,0.9991317391395569,0.0022189966402947903
1431.072512937784,0.9956611394882202,0.0022156648337841034
1431.073901840723,0.993661105632782,0.002215475309640169
1431.0752907436342,0.9959262013435364,0.0022154951002448797
1431.0766796465743,0.9956015348434448,0.0022164464462548494
1431.078068549513,0.9914062023162842,0.0022145432885736227
1431.0794574524236,0.9948907494544983,0.0022153386380523443
1431.0808463553633,0.9974566102027893,0.0022169840522110462
1431.0822352582736,0.9936478137969971,0.0022147533018141985
1431.083624161214,0.9974899291992188,0.002217659493908286
1431.0850130641243,0.9945599436759949,0.002215486718341708
1431.086401967063,0.9964070916175842,0.002217442961409688
1431.0877908699733,0.9962863326072693,0.0022160904482007027
1431.0891797728846,0.9964242577552795,0.0022147237323224545
1431.090568675824,0.9965447783470154,0.002216138644143939
1431.0919575787345,0.9962838292121887,0.0022158774081617594
1431.093346481645,0.9955241084098816,0.0022169763687998056
1431.0947353845547,0.9964003562927246,0.0022182154934853315
1431.0961242874653,0.9956508278846741,0.002215078566223383
1431.0975131904054,0.997663140296936,0.0022168990690261126
1431.098902093316,0.9932900667190552,0.0022165104746818542
1431.1002909962262,0.9942364692687988,0.0022146773990243673
1431.1016798991366,0.995389461517334,0.0022159169893711805
1431.1030688020462,0.993641197681427,0.002214385662227869
1431.1044577049574,0.9970499277114868,0.002218596637248993
1431.1058466078687,0.9981187582015991,0.002216877182945609
1431.1072355107492,0.9923767447471619,0.0022148939315229654
1431.1086244136598,0.9930925369262695,0.0022149814758449793
1431.11001331657,0.9972829818725586,0.0022179391235113144
1431.1114022194804,0.9953504800796509,0.0022183090914040804
1431.1127911223916,0.9961459040641785,0.0022171831224113703
1431.1141800252728,0.9932693839073181,0.002214066917076707
1431.1155689281827,0.9952663779258728,0.002216665307059884
1431.116957831093,0.9939628839492798,0.0022147558629512787
1431.1183467339745,0.9968270063400269,0.0022177896462380886
1431.1197356368848,0.9954715967178345,0.0022155430633574724
1431.121124539766,0.9948887228965759,0.002216099528595805
1431.1225134426766,0.9969879984855652,0.0022164105903357267
1431.123902345558,0.9919206500053406,0.0022119826171547174
1431.1252912484676,0.9966182708740234,0.002218053210526705
1431.1266801513495,0.9989194273948669,0.0022168161813169718
1431.1280690542317,0.9960001111030579,0.002215276937931776
1431.1294579571415,0.9974828958511353,0.0022158392239362
1431.1308468600228,0.9941408038139343,0.0022139239590615034
1431.132235762904,0.9911274909973145,0.002214122796431184
1431.1336246658136,0.9919937252998352,0.002215420128777623
1431.1350135686957,0.998528242111206,0.002218591282144189
1431.1364024715779,0.9951465129852295,0.002215147018432617
1431.1377913744584,0.9950929880142212,0.0022151328157633543
1431.1391802773398,0.9970881938934326,0.002215159125626087
1431.140569180221,0.9966101050376892,0.002218944486230612
1431.1419580831023,0.9944066405296326,0.0022133116144686937
1431.1433469859844,0.9981438517570496,0.0022184874396771193
1431.1447358888656,0.9929864406585693,0.0022133542224764824
1431.1461247917464,0.9927880167961121,0.0022151709999889135
1431.1475136946276,0.9916467070579529,0.0022129116114228964
1431.1489025975095,0.9898242950439453,0.0022128853015601635
1431.1502915003618,0.9947645664215088,0.0022146475967019796
1431.1516804032433,0.9965894222259521,0.0022173570469021797
1431.1530693061245,0.9924352169036865,0.002213922329246998
1431.1544582090053,0.9929893612861633,0.0022158268839120865
1431.1558471118574,0.9971297383308411,0.0022150157019495964
1431.1572360147395,0.9943658113479614,0.002216795226559043
1431.1586249176207,0.9970963001251221,0.0022178201470524073
1431.1600138204728,0.9932613372802734,0.0022142035886645317
1431.1614027233543,0.9920641183853149,0.002212937455624342
1431.1627916262057,0.9971905946731567,0.0022166625130921602
1431.1641805290876,0.993898332118988,0.0022155018523335457
1431.1655694319406,0.9927381277084351,0.0022160157095640898
1431.1669583347923,0.9966498017311096,0.00221709324978292
1431.1683472376735,0.9957316517829895,0.0022175246849656105
1431.1697361405256,0.9986764788627625,0.002217697910964489
1431.171125043378,0.9967008233070374,0.0022152250166982412
1431.1725139462599,0.9991437196731567,0.002220628084614873
1431.1739028491122,0.9948437213897705,0.0022139661014080048
1431.1752917519636,1.0006636381149292,0.0022195097990334034
1431.176680654816,0.9936670660972595,0.002213080180808902
1431.178069557668,0.9954339265823364,0.002215317916125059
1431.1794584605202,0.9973143339157104,0.0022162350360304117
1431.1808473633732,0.9964053630828857,0.0022155200131237507
1431.1822362662253,0.9948450922966003,0.0022144673857837915
1431.183625169077,0.9976746439933777,0.002217333298176527
1431.1850140719287,0.999042272567749,0.0022162168752402067
1431.1864029747815,0.9908984303474426,0.0022133782040327787
1431.1877918776343,0.9996287822723389,0.0022206392604857683
1431.189180780486,0.9956958293914795,0.0022162036038935184
1431.190569683309,0.9958605170249939,0.002214695094153285
1431.1919585861613,0.9947031736373901,0.0022183360997587442
1431.1933474890127,0.9953978657722473,0.0022150548174977303
1431.1947363918655,0.9978715777397156,0.002220636699348688
1431.1961252946894,0.9998559951782227,0.0022204883862286806
1431.197514197541,0.9964374303817749,0.0022169738076627254
1431.198903100364,0.9933789968490601,0.0022138438653200865
1431.2002920032162,0.9915575981140137,0.002214540261775255
1431.2016809060394,0.9929303526878357,0.0022139479406177998
1431.2030698088922,0.9989833235740662,0.002218072535470128
1431.2044587117155,0.9934099316596985,0.002213597996160388
1431.205847614567,0.9923580288887024,0.0022161502856761217
1431.2072365173901,0.9961581230163574,0.002216511173173785
1431.2086254202138,0.9958470463752747,0.0022167505230754614
1431.2100143230662,0.9939866065979004,0.002214504173025489
1431.2114032258892,0.995928943157196,0.002215723739936948
1431.2127921287122,0.9965163469314575,0.0022159761283546686
1431.2141810315347,0.9987255334854126,0.0022198855876922607
1431.2155699343868,0.9896414875984192,0.002211288083344698
1431.2169588372108,0.9978404641151428,0.0022177002392709255
1431.2183477400338,0.9954316020011902,0.0022166327107697725
1431.219736642857,0.9950010776519775,0.002217530272901058
1431.2211255456803,0.9990586042404175,0.0022184019908308983
1431.2225144485026,0.9968128800392151,0.0022182627581059933
1431.2239033513263,0.996489942073822,0.002220487454906106
1431.2252922541502,1.0008891820907593,0.0022198085207492113
1431.2266811569725,0.9969459772109985,0.0022173267789185047
1431.2280700597664,1.0000461339950562,0.0022178052458912134
1431.2294589625897,0.9983296394348145,0.0022174520418047905
1431.230847865413,0.9958996176719666,0.00221582455560565
1431.2322367682366,0.9936937689781189,0.0022143772803246975
1431.2336256710307,0.9979935884475708,0.0022196657955646515
1431.235014573853,0.9992821216583252,0.0022185342386364937
1431.2364034766763,1.0029735565185547,0.0022196089848876
1431.2377923794702,0.9988016486167908,0.002218385459855199
1431.2391812822932,0.9999880194664001,0.0022221808321774006
1431.240570185088,0.99652099609375,0.0022197922226041555
1431.241959087911,0.9972851872444153,0.002217740286141634
1431.2433479907043,1.0008161067962646,0.002219329122453928
1431.2447368935275,0.9986068606376648,0.002217673696577549
1431.246125796322,0.9993505477905273,0.002219474408775568
1431.2475146991162,0.9986519813537598,0.002217802917584777
1431.2489036019385,0.9958032965660095,0.0022160096559673548
1431.2502925047327,0.9951159954071045,0.002214680891484022
1431.2516814075268,0.9988037347793579,0.0022174534387886524
1431.2530703103207,1.0035219192504883,0.0022206632420420647
1431.2544592131446,1.0009204149246216,0.0022183600813150406
1431.2558481159385,0.9955152869224548,0.0022156473714858294
1431.2572370187318,0.9987466335296631,0.002217993140220642
1431.2586259215257,0.9973976612091064,0.0022166508715599775
1431.2600148243198,0.9985137581825256,0.0022193067707121372
1431.261403727114,0.9958459138870239,0.002215632237493992
1431.2627926299085,0.999447226524353,0.002217708621174097
1431.2641815327027,0.9972339272499084,0.002215854823589325
1431.2655704354959,1.0016047954559326,0.00222326023504138
1431.26695933829,1.0015243291854858,0.0022206678986549377
1431.2683482410555,1.0012335777282715,0.002220497466623783
1431.2697371438496,1.0009424686431885,0.0022212208714336157
1431.2711260466435,0.9990924000740051,0.0022166024427860975
1431.2725149494374,0.9990503191947937,0.002218071836978197
1431.2739038522016,0.9945582151412964,0.0022152718156576157
1431.2752927549957,1.0016260147094727,0.0022216655779629946
1431.2766816577612,0.9977610111236572,0.0022171051241457462
1431.2780705605553,1.0038092136383057,0.002220363821834326
1431.2794594633494,0.9991787075996399,0.0022192848846316338
1431.2808483661142,1.0033081769943237,0.0022213254123926163
1431.2822372689077,0.9987409114837646,0.002220504218712449
1431.2836261716732,1.0007505416870117,0.0022201307583600283
1431.2850150744387,0.9971606731414795,0.002217366360127926
1431.286403977232,0.9972032904624939,0.002215638291090727
1431.287792879997,1.0015517473220825,0.002216925611719489
1431.289181782762,0.9996187686920166,0.0022190718445926905
1431.2905706855558,0.9979240298271179,0.0022170839365571737
1431.2919595883216,0.9998401999473572,0.0022223147097975016
1431.2933484910864,1.0031994581222534,0.002220854628831148
1431.2947373938507,0.9988644123077393,0.0022173761390149593
1431.2961262966155,0.998993456363678,0.0022168459836393595
1431.2975151993803,0.9985914826393127,0.0022169442381709814
1431.2989041021453,0.9967654943466187,0.0022158564534038305
1431.3002930049108,1.0024528503417969,0.0022198010701686144
1431.3016819076759,1.0005511045455933,0.002218649722635746
1431.30307081044,1.0026100873947144,0.002220462542027235
1431.304459713205,1.0010563135147095,0.0022204210981726646
1431.3058486159705,1.0028185844421387,0.002219774993136525
1431.3072375187355,1.0009371042251587,0.002219382906332612
1431.3086264215003,0.9998629093170166,0.0022183747496455908
1431.310015324236,0.998960554599762,0.0022201070096343756
1431.3114042270004,0.9979135990142822,0.002218361012637615
1431.312793129766,0.9971258044242859,0.002217586850747466
1431.3141820325025,1.0031558275222778,0.002221641130745411
1431.3155709352666,1.0045998096466064,0.0022222353145480156
1431.316959838031,0.9947621822357178,0.0022150282748043537
1431.3183487407666,1.0009480714797974,0.002221486298367381
1431.3197376435317,0.997580349445343,0.002216530265286565
1431.3211265462674,0.9997338652610779,0.0022214280907064676
1431.322515449004,0.9994595050811768,0.0022205819841474295
1431.3239043517688,1.0001804828643799,0.0022194809280335903
1431.325293254504,0.9993559718132019,0.0022187968716025352
1431.3266821572688,0.9979001879692078,0.002216377994045615
1431.3280710600054,0.9990672469139099,0.002218531910330057
1431.329459962741,0.995895266532898,0.0022178844083100557
1431.3308488654768,0.9995986223220825,0.002220041351392865
1431.3322377682127,0.9977433085441589,0.0022170410957187414
1431.3336266709769,0.9976434707641602,0.00221822876483202
1431.3350155737132,0.9999449849128723,0.00222011492587626
1431.3364044764498,0.9957231879234314,0.002216985449194908
1431.337793379185,1.000492811203003,0.0022196131758391857
1431.3391822819208,1.0000749826431274,0.002218484878540039
1431.3405711846565,1.00102698802948,0.0022196711506694555
1431.3419600873917,0.9999603629112244,0.002217622706666589
1431.3433489901283,0.9984071254730225,0.002219503978267312
1431.3447378928356,1.003382921218872,0.002221818780526519
1431.3461267955706,1.0003504753112793,0.002220356836915016
1431.3475156983066,0.9993977546691895,0.002219034591689706
1431.3489046010425,0.9980531334877014,0.0022176990751177073
1431.3502935037782,0.9995322823524475,0.002221988048404455
1431.3516824064855,0.9979628920555115,0.0022177461069077253
1431.3530713092211,1.00236976146698,0.002218678593635559
1431.3544602119273,1.0004643201828003,0.0022213298361748457
1431.355849114663,0.9979667067527771,0.0022181610111147165
1431.3572380173996,1.0011279582977295,0.002220327267423272
1431.3586269201062,0.9949066042900085,0.002216784982010722
1431.3600158228421,0.99738609790802,0.002219044603407383
1431.361404725549,0.998477578163147,0.0022178548388183117
1431.3627936282548,1.0010402202606201,0.0022199852392077446
1431.3641825309908,0.9936526417732239,0.002215149812400341
1431.365571433698,1.0028297901153564,0.0022209484595805407
1431.3669603364046,1.0002257823944092,0.002220001071691513
1431.3683492391403,0.9983071684837341,0.0022165151312947273
1431.3697381418472,0.996880829334259,0.002214489970356226
1431.371127044553,0.9995856881141663,0.0022168036084622145
1431.3725159472606,1.0040311813354492,0.0022214411292225122
1431.373904849968,1.0013866424560547,0.0022193221375346184
1431.375293752674,0.9981251358985901,0.002218839479610324
1431.3766826553808,1.0011076927185059,0.002222057431936264
1431.3780715580874,1.0009838342666626,0.0022204737178981304
1431.379460460794,0.9981702566146851,0.0022181731183081865
1431.3808493635008,0.9999718070030212,0.0022190480958670378
1431.3822382662077,1.002049446105957,0.0022224539425224066
1431.3836271689142,0.9956424236297607,0.002214916981756687
1431.3850160716202,0.9956699013710022,0.002217638771981001
1431.3864049743268,0.997229814529419,0.0022182364482432604
1431.3877938770052,1.0052742958068848,0.002223810413852334
1431.3891827797117,1.001505732536316,0.002221860224381089
1431.3905716824186,0.9984758496284485,0.0022188483271747828
1431.3919605850963,1.0032193660736084,0.002222322626039386
1431.3933494878022,1.0013535022735596,0.0022219568490982056
1431.3947383905095,1.0034680366516113,0.0022239701356738806
1431.3961272931879,0.9986766576766968,0.002217630622908473
1431.3975161958938,1.000057578086853,0.002220981754362583
1431.3989050985713,1.0036178827285767,0.002223268151283264
1431.400294001278,0.9992802143096924,0.00222194567322731
1431.4016829039558,0.9989339113235474,0.0022214187774807215
1431.403071806634,1.0031263828277588,0.0022219170350581408
1431.4044607093408,0.9976912140846252,0.002217421308159828
1431.4058496120176,0.9998219013214111,0.002220646943897009
1431.4072385146953,1.0013679265975952,0.002221625531092286
1431.4086274173728,1.0021440982818604,0.0022207240108400583
1431.4100163200794,1.0012845993041992,0.0022205726709216833
1431.4114052227578,0.9984549880027771,0.0022178497165441513
1431.4127941254353,1.0015859603881836,0.002218704205006361
1431.4141830281123,1.0023818016052246,0.0022217317018657923
1431.4155719307898,0.9974726438522339,0.0022182725369930267
1431.416960833468,0.9994453191757202,0.002221560338512063
1431.4183497361457,1.0031602382659912,0.0022225924767553806
1431.421127541501,0.9983842372894287,0.0022184427361935377
1431.4225164441489,0.9959856867790222,0.002217428060248494
1431.423905346827,0.9983574151992798,0.0022207240108400583
1431.4252942495052,0.9983951449394226,0.0022179766092449427
1431.4266831521822,0.9981383681297302,0.002221378032118082
1431.4280720548597,0.9992733001708984,0.0022197458893060684
1431.4294609575084,1.0035686492919922,0.002222512848675251
1431.4308498601852,0.9995450377464294,0.0022207165602594614
1431.4322387628342,1.0004891157150269,0.0022212201729416847
1431.4336276655126,1.0034903287887573,0.002223917981609702
1431.4350165681897,1.000334620475769,0.002220038091763854
1431.436405470838,1.0000486373901367,0.0022211235482245684
1431.4377943734864,1.00040864944458,0.00222027744166553
1431.4391832761642,1.001417636871338,0.0022216306533664465
1431.4405721788132,0.9994940161705017,0.0022194357588887215
1431.441961081491,0.9988637566566467,0.0022188322618603706
1431.4433499841386,0.9957679510116577,0.002218348905444145
1431.4447388867866,1.0003706216812134,0.0022219079546630383
1431.4461277894356,0.9998031258583069,0.002221078146249056
1431.447516692114,0.9997765421867371,0.0022199410013854504
1431.4489055947618,1.001915693283081,0.0022217489313334227
1431.4502944974104,0.997449517250061,0.0022206506691873074
1431.4516834000588,0.998579740524292,0.0022197964135557413
1431.4530723027067,0.9987395405769348,0.002218708861619234
1431.4544612053558,1.001665472984314,0.002220353577286005
1431.4558501080048,0.998345673084259,0.002220988040789962
1431.4572390106528,1.0024110078811646,0.002222046721726656
1431.4586279133011,0.9970831274986267,0.0022184685803949833
1431.4600168159498,0.9973854422569275,0.002220964292064309
1431.4614057185981,1.0015244483947754,0.0022198951337486506
1431.4627946212474,1.0019320249557495,0.002222803421318531
1431.4641835238667,1.0043243169784546,0.0022237426601350307
1431.4655724265147,1.0020043849945068,0.0022208502050489187
1431.466961329163,0.9976533055305481,0.0022194674238562584
1431.4683502317832,0.9962329864501953,0.0022195158526301384
1431.4697391344316,0.9999102354049683,0.0022202294785529375
1431.47112803708,0.9971015453338623,0.002218499779701233
1431.4725169396995,0.9998721480369568,0.002221495844423771
1431.4739058423472,1.000826358795166,0.002221224829554558
1431.4752947449667,0.9988593459129333,0.0022195247001945972
1431.4766836476158,0.9973486065864563,0.0022213482297956944
1431.4780725502353,0.997270405292511,0.002216882770881057
1431.4794614528546,1.002435564994812,0.0022225440479815006
1431.480850355503,1.0010274648666382,0.0022220390383154154
1431.4822392581218,1.004087209701538,0.002224141964688897
1431.483628160742,0.9997621178627014,0.0022199545055627823
1431.485017063362,1.0041214227676392,0.0022221743129193783
1431.4864059660097,0.9993200302124023,0.0022194667253643274
1431.4877948686292,0.9971991777420044,0.0022185356356203556
1431.4891837712487,1.0003339052200317,0.002219723304733634
1431.490572673868,0.999431312084198,0.002217076951637864
1431.4919615764882,0.9987021684646606,0.0022192157339304686
1431.4933504791074,1.0024340152740479,0.0022222506813704967
1431.494739381726,1.003111481666565,0.0022229175083339214
1431.4961282843453,1.0019861459732056,0.0022220925893634558
1431.4975171869648,0.9991714954376221,0.002220532391220331
1431.4989060895844,0.997687578201294,0.002217576839029789
1431.5002949922043,1.0006434917449951,0.0022197908256202936
1431.5016838947947,1.002175211906433,0.002224183874204755
1431.5030727974133,0.9993641972541809,0.002219904214143753
1431.5044617000328,0.999094545841217,0.0022186008282005787
1431.5058506026237,0.9953407645225525,0.0022180555388331413
1431.5072395052432,0.9963503479957581,0.0022184993140399456
1431.5086284078618,1.0019421577453613,0.0022209573071449995
1431.510017310452,0.9953628182411194,0.0022187219001352787
1431.5114062130713,0.9984305500984192,0.002222017152234912
1431.5127951156617,0.9991959929466248,0.0022212753538042307
1431.5141840182816,1.0014766454696655,0.0022205584682524204
1431.515572920872,1.0013490915298462,0.0022198637016117573
1431.5169618234906,1.0010747909545898,0.00222247582860291
1431.518350726081,1.0009351968765259,0.002222285605967045
1431.5197396286715,0.9930887222290039,0.00221614190377295
1431.5211285312907,0.9971336126327515,0.002217987086623907
1431.5225174338818,1.0015941858291626,0.002220695372670889
1431.523906336472,1.0029720067977905,0.002222212264314294
1431.5252952390615,1.003481388092041,0.002221758710220456
1431.5266841416517,0.9971715211868286,0.0022184900008141994
1431.5280730442428,0.9971981048583984,0.002216855064034462
1431.529461946862,0.9957847595214844,0.0022163274697959423
1431.5308508494525,1.000911831855774,0.0022196429781615734
1431.5322397520429,1.0001224279403687,0.0022210816387087107
1431.5336286546033,0.9961470365524292,0.0022205638233572245
1431.5350175571941,0.9992981553077698,0.0022213927004486322
1431.5364064597852,0.9982786178588867,0.0022190718445926905
1431.537795362375,1.001903772354126,0.00221945159137249
1431.5391842649651,0.9976156949996948,0.0022191586904227734
1431.5405731675553,0.9980847239494324,0.0022170606534928083
1431.5419620701157,1.0025334358215332,0.002222815528512001
1431.5433509727068,1.0002930164337158,0.0022199165541678667
1431.5447398752979,1.0024782419204712,0.0022215538192540407
1431.5461287778583,0.9996333718299866,0.002219686983153224
1431.5475176804487,0.9984668493270874,0.002219435293227434
1431.5489065830388,0.998692512512207,0.0022178124636411667
1431.5502954856,1.0014182329177856,0.0022207642905414104
1431.551684388191,1.0001791715621948,0.0022206224966794252
1431.553073290752,0.9975243210792542,0.002222011098638177
1431.5544621933127,1.002700924873352,0.0022218506783246994
1431.5558510959029,1.0014898777008057,0.0022212276235222816
1431.5572399984646,0.9971086978912354,0.0022205468267202377
1431.558628901026,0.9973138570785522,0.002217858098447323
1431.5600178036163,0.9981573224067688,0.0022176727652549744
1431.5614067061774,0.9985979795455933,0.002219526097178459
1431.562795608738,0.9971800446510315,0.0022196697536855936
1431.5641845112991,1.0001380443572998,0.0022206308785825968
1431.565573413861,0.9985459446907043,0.002218429232016206
1431.5669623164222,1.0013022422790527,0.0022257778327912092
1431.5683512189833,0.9996161460876465,0.002220369875431061
1431.5697401215446,1.003164291381836,0.0022224399726837873
1431.571129024105,0.9955959916114807,0.0022169770672917366
1431.5725179266667,0.9985852837562561,0.0022193240001797676
1431.5739068292287,1.0045700073242188,0.0022230364847928286
1431.5752957317893,1.0021389722824097,0.0022205684799700975
1431.5766846343497,1.0034898519515991,0.002224127994850278
1431.578073536911,0.9968596696853638,0.002219360787421465
1431.5794624394437,0.9979830384254456,0.0022178858052939177
1431.580851342005,0.9972880482673645,0.0022180138621479273
1431.582240244566,0.9980581402778625,0.002218626905232668
1431.583629147098,0.9945439100265503,0.0022173940669745207
1431.5850180496586,1.004064917564392,0.0022223861888051033
1431.5864069522206,1.002869725227356,0.002223945688456297
1431.5877958547533,0.9994155168533325,0.002220062306150794
1431.5891847573137,0.9972093105316162,0.0022182019893079996
1431.5905736598459,0.9964712858200073,0.0022178897634148598
1431.5919625623778,0.995735764503479,0.002216341206803918
1431.5933514649385,0.9985979795455933,0.002217492088675499
1431.594740367471,0.9988001585006714,0.002217771951109171
1431.5961292700038,0.9975441694259644,0.0022189209703356028
1431.5975181725644,0.9971476793289185,0.002218343550339341
1431.5989070750963,0.9986447095870972,0.002221107017248869
1431.6002959776285,0.998628556728363,0.002218718407675624
1431.6016848801607,0.9985486268997192,0.002219683490693569
1431.6030737826934,0.9985567927360535,0.0022214048076421022
1431.6044626852545,1.002536416053772,0.0022206450812518597
1431.605851587786,0.999213695526123,0.002222814131528139
1431.607240490318,0.9999474287033081,0.002220753813162446
1431.6086293928508,0.9995294809341431,0.0022214597556740046
1431.6100182953537,0.9977115988731384,0.002217608969658613
1431.6114071978857,0.9964877963066101,0.0022196019999682903
1431.6127961004179,0.9964919686317444,0.0022173014003783464
1431.6141850029492,1.001043438911438,0.002221448579803109
1431.6155739054814,1.0007168054580688,0.0022211510222405195
1431.616962808014,0.9963648915290833,0.0022190131712704897
1431.6183517105171,1.0001212358474731,0.002222071634605527
1431.619740613049,0.9969666600227356,0.0022185638081282377
1431.621129515581,0.9998165965080261,0.002218634821474552
1431.6225184180835,1.000618815422058,0.0022221673280000687
1431.6239073206164,1.0031726360321045,0.0022241573315113783
1431.62529622312,0.9985363483428955,0.0022191819734871387
1431.6266851256512,0.9977730512619019,0.0022195279598236084
1431.6280740281543,0.9987006783485413,0.002219818066805601
1431.6294629306865,0.9999553561210632,0.002220118883997202
1431.6308518331894,1.0045228004455566,0.002223739167675376
1431.6322407356931,0.9978234767913818,0.002218733774498105
1431.633629638225,1.0003700256347656,0.002220763359218836
1431.6350185407273,0.9951196908950806,0.0022174541372805834
1431.6364074432302,1.0030014514923096,0.002223970601335168
1431.6377963457332,0.9986987113952637,0.0022202320396900177
1431.6391852482654,1.0015594959259033,0.0022192727774381638
1431.6405741507683,0.9997291564941406,0.002221063943579793
1431.6419630532712,1.0016570091247559,0.002223384100943804
1431.6433519557743,0.9965906143188477,0.002216483699157834
1431.6447408582765,1.0010045766830444,0.002221762202680111
1431.6461297607802,0.9959885478019714,0.002217539120465517
1431.647518663284,0.9975690841674805,0.002220256719738245
1431.6489075657862,0.9980344772338867,0.002218420384451747
1431.650296468289,0.9969251751899719,0.002218501642346382
1431.6516853707628,0.9988794326782227,0.002220286289229989
1431.653074273266,0.9999392628669739,0.0022233861964195967
1431.6544631757695,0.9983618855476379,0.0022217130754143
1431.6558520782726,0.9961864352226257,0.0022189549636095762
1431.6572409807457,1.00100576877594,0.002221666509285569
1431.6586298832488,1.0006060600280762,0.0022205375134944916
1431.6600187857518,0.9979132413864136,0.002218346344307065
1431.6614076882256,0.9983533620834351,0.0022186734713613987
1431.6627965907294,0.997230052947998,0.0022190057206898928
1431.6641854932031,1.0030401945114136,0.002221867209300399
1431.6655743957053,0.9964356422424316,0.002217931440100074
1431.666963298179,1.0035854578018188,0.002221212722361088
1431.6683522006538,1.0002682209014893,0.0022213009651750326
1431.6697411031566,0.9989172220230103,0.0022187435533851385
1431.6711300056306,0.9954125881195068,0.002216870430856943
1431.6725189081046,1.0007938146591187,0.002221441362053156
1431.6739078106068,0.996968150138855,0.0022177372593432665
1431.6752967130813,0.9968563914299011,0.002217961009591818
1431.676685615556,0.9998988509178162,0.0022213973570615053
1431.6780745180292,0.9992042779922485,0.0022189635783433914
1431.679463420503,0.9966517686843872,0.00221717800013721
1431.6808523229768,0.997769296169281,0.0022205247078090906
1431.6822412254508,0.9990381002426147,0.002219313057139516
1431.6836301279252,0.9938902258872986,0.0022170781157910824
1431.6850190303992,1.000014066696167,0.002219010377302766
1431.6864079328723,0.9987178444862366,0.002220579655840993
1431.6877968353463,0.9992876052856445,0.002220343565568328
1431.68918573782,1.0014464855194092,0.0022209573071449995
1431.6905746402938,1.0020878314971924,0.002220660913735628
1431.6919635427394,0.9961128830909729,0.0022176315542310476
1431.6933524452131,0.9962414503097534,0.0022168077994138002
1431.6947413476864,0.9994599223136902,0.0022211819887161255
1431.696130250131,1.0005658864974976,0.0022208751179277897
1431.6975191526055,1.0016427040100098,0.002220765920355916
1431.6989080550795,0.9981020092964172,0.0022191661410033703
1431.7002969575244,0.9983946084976196,0.002218661829829216
1431.7016858599982,1.002017617225647,0.0022219098173081875
1431.7030747624424,0.999771237373352,0.002220145193859935
1431.704463664887,0.9990770220756531,0.002219262532889843
1431.7058525673617,1.0010782480239868,0.002220609923824668
1431.7072414698064,0.999137282371521,0.00222117081284523
1431.7086303722506,1.0031157732009888,0.0022225026041269302
1431.7100192747243,0.9988318681716919,0.002220295602455735
1431.711408177169,0.9987674951553345,0.002218758687376976
1431.712797079614,0.997929036617279,0.0022183721885085106
1431.7141859820592,1.0014171600341797,0.002220249269157648
1431.7155748845041,0.9951713681221008,0.002216547494754195
1431.7169637869772,0.9988105297088623,0.0022181931417435408
1431.718352689422,0.9972264766693115,0.002218326088041067
1431.7197415918674,0.9971008896827698,0.002217555418610573
1431.7211304943123,0.9952800869941711,0.0022149423602968454
1431.7225193967279,0.996516764163971,0.0022169670555740595
1431.7239082991725,1.00373113155365,0.002220333321020007
1431.7252972016167,1.000232458114624,0.0022208341397345066
1431.7266861040623,0.9999377727508545,0.0022194392513483763
1431.7280750065077,0.9991133213043213,0.0022195999044924974
1431.7294639089516,1.00179123878479,0.0022196739446371794
1431.7308528113674,1.0014725923538208,0.0022191910538822412
1431.732241713812,1.0065962076187134,0.0022239412646740675
1431.7336306162563,0.9989061951637268,0.00221834983676672
1431.7350195186725,0.9948326349258423,0.002219179179519415
1431.7364084211179,0.9983913898468018,0.002217371016740799
1431.737797323533,0.9982091784477234,0.0022192078176885843
1431.7391862259776,0.9988921284675598,0.0022176571656018496
1431.7405751283934,0.9983322620391846,0.002219251124188304
1431.7419640308383,0.995279848575592,0.002216433407738805
1431.7433529332545,0.9987135529518127,0.002217409433797002
1431.74474183567,0.9948028326034546,0.002215266227722168
1431.7461307381143,0.9986872673034668,0.002220506314188242
1431.7475196405298,1.0024745464324951,0.0022207621950656176
1431.7489085429463,1.0003713369369507,0.0022189621813595295
1431.7502974453619,1.0014517307281494,0.0022213293705135584
1431.7516863477774,0.9987057447433472,0.0022185640409588814
1431.7530752502223,0.9998369812965393,0.0022205295972526073
1431.7544641526372,1.0003199577331543,0.0022203766275197268
1431.7558530550536,1.0027649402618408,0.0022246206644922495
1431.7572419574701,1.0037652254104614,0.0022215188946574926
1431.758630859885,0.9997870922088623,0.002220379887148738
1431.7600197623005,1.0002179145812988,0.0022189749870449305
1431.761408664687,1.0000301599502563,0.002221411559730768
1431.762797567102,0.9981661438941956,0.0022198057267814875
1431.7641864695186,0.9988471269607544,0.002219247166067362
1431.7655753719348,1.001937985420227,0.0022212618496268988
1431.7669642743497,1.001340627670288,0.0022223456762731075
1431.7683531767357,0.997488260269165,0.002219781279563904
1431.7697420791512,0.9973162412643433,0.0022199812810868025
1431.7711309815677,0.998473048210144,0.0022183633409440517
1431.7725198839541,0.9974167943000793,0.002218001987785101
1431.77390878637,0.9999483823776245,0.002218331675976515
1431.7752976887564,0.9981775879859924,0.0022188087459653616
1431.7766865911715,0.9999159574508667,0.0022195943165570498
1431.7780754935586,0.9978110790252686,0.0022197039797902107
1431.7794643959458,1.0040349960327148,0.002221883973106742
1431.7808532983609,1.0002360343933105,0.0022192117758095264
1431.7822422007473,0.9984679222106934,0.0022202616091817617
1431.783631103134,0.9989639520645142,0.0022191661410033703
1431.7850200055489,0.9983965754508972,0.002217124914750457
1431.7864089079362,0.9967802166938782,0.002218708163127303
1431.7877978103236,0.9997208714485168,0.0022197982762008905
1431.7891867127094,1.0027925968170166,0.0022234469652175903
1431.7905756150958,0.9982316493988037,0.0022181940730661154
1431.7919645174823,1.0021945238113403,0.0022212890908122063
1431.793353419869,1.0008399486541748,0.0022188203874975443
1431.794742322256,1.0029560327529907,0.002222375012934208
1431.7961312246427,0.9983933568000793,0.002218588488176465
1431.7975201270285,0.998877763748169,0.002217609202489257
1431.7989090294152,1.002245545387268,0.0022234274074435234
1431.8002979318023,0.9981023669242859,0.0022201368119567633
1431.801686834189,1.000885009765625,0.0022197477519512177
1431.8030757365466,0.9976109862327576,0.0022181884851306677
1431.804464638933,1.0000317096710205,0.0022210567258298397
1431.8058535413188,0.9981686472892761,0.0022202685941010714
1431.8072424437062,0.998945951461792,0.002217857865616679
1431.8086313460642,1.0014927387237549,0.0022227480076253414
1431.81002024845,1.002211093902588,0.0022210252936929464
1431.8114091508075,0.9992684721946716,0.0022198145743459463
1431.8127980531942,1.0001775026321411,0.002219761721789837
1431.814186955551,0.9975469708442688,0.0022187549620866776
1431.815575857938,0.9998463988304138,0.002218560315668583
1431.8169647602963,1.000251293182373,0.0022194460034370422
1431.8183536626532,1.000457525253296,0.0022206546273082495
1431.8197425650396,1.0015268325805664,0.002219748916104436
1431.821131467397,0.998499870300293,0.0022180306259542704
1431.8225203697546,0.9948170185089111,0.0022157037165015936
1431.8239092721126,0.9985613226890564,0.0022182033862918615
1431.8252981744702,0.9991768002510071,0.002219025744125247
1431.826687076856,0.9960776567459106,0.0022187274880707264
1431.8280759792135,0.9981653094291687,0.0022186667192727327
1431.8294648815715,0.9979146718978882,0.0022185298148542643
1431.8308537839291,1.0048580169677734,0.0022226055152714252
1431.8322426862865,0.9997941851615906,0.0022176161874085665
1431.8336315886438,1.0025787353515625,0.002221860224381089
1431.8350204909716,1.0007383823394775,0.0022194809280335903
1431.8364093933283,1.0002329349517822,0.0022207831498235464
1431.8377982956865,0.9968695044517517,0.002217331901192665
1431.8391871980446,1.0031031370162964,0.0022220194805413485
1431.8405761004012,0.9978931546211243,0.002219816902652383
1431.8419650027297,0.9978172779083252,0.002216680906713009
1431.8433539050873,0.9994764924049377,0.0022224592976272106
1431.8447428074446,1.0008039474487305,0.0022202671971172094
1431.8461317097738,1.0007761716842651,0.0022207454312592745
1431.8475206121311,1.0000214576721191,0.002219484420493245
1431.848909514459,1.0012820959091187,0.002222754992544651
1431.8502984168163,0.9993250370025635,0.002219047397375107
1431.8516873191454,0.9979470372200012,0.0022206511348485947
1431.8530762214737,0.9984601736068726,0.002221132628619671
1431.854465123831,1.0017564296722412,0.002219435293227434
1431.8558540261595,1.0023219585418701,0.002223971066996455
1431.857242928487,1.0039305686950684,0.0022209167946130037
1431.858631830845,1.000821590423584,0.002221993636339903
1431.8600207331742,0.9998583793640137,0.0022192057222127914
1431.861409635502,0.9969747066497803,0.0022177204955369234
1431.8627985378303,0.9984542727470398,0.0022213596384972334
1431.8641874401585,0.9989675879478455,0.0022179458755999804
1431.8655763424863,1.003774642944336,0.00222003529779613
1431.8669652448154,1.0004267692565918,0.002219794550910592
1431.8683541471444,1.0004699230194092,0.0022183547262102365
1431.869743049472,1.0014399290084839,0.0022201049141585827
1431.8711319518004,0.9964108467102051,0.002218100009486079
1431.8725208541287,1.000824213027954,0.002219652757048607
1431.873909756457,0.996112585067749,0.0022186741698533297
1431.875298658786,1.0011045932769775,0.002223348943516612
1431.8766875610852,0.9977632164955139,0.0022196881473064423
1431.878076463413,0.9981088638305664,0.0022195454221218824
1431.8794653657412,0.9957305192947388,0.002218239940702915
1431.8808542680413,0.9961165189743042,0.002218015491962433
1431.8822431703695,0.997089147567749,0.002219029236584902
1431.883632072698,0.9977272748947144,0.002217113971710205
1431.8850209749971,0.9991357326507568,0.0022179177030920982
1431.886409877325,1.0001400709152222,0.002220115391537547
1431.8877987796247,0.9983961582183838,0.002218718407675624
1431.8891876819246,0.9974063038825989,0.0022183568216860294
1431.8905765842524,1.0015640258789062,0.0022222164552658796
1431.8919654865515,0.9989270567893982,0.002217791508883238
1431.8933543888509,1.0022028684616089,0.002220858819782734
1431.8947432911784,1.0005369186401367,0.002221112372353673
1431.8961321934785,0.9984833598136902,0.0022214562632143497
1431.8975210957785,1.0013985633850098,0.002219889545813203
1431.898909998077,0.9949300289154053,0.0022172152530401945
1431.9002989003754,0.9995110034942627,0.0022184450644999743
1431.9016878026748,1.002286672592163,0.0022253994829952717
1431.9030767049746,1.0016546249389648,0.002220170572400093
1431.904465607274,0.9985294342041016,0.002220278372988105
1431.9058545095731,0.9991686940193176,0.002219192450866103
1431.9072434118723,0.9964175820350647,0.0022179563529789448
1431.908632314171,0.9973906874656677,0.0022186560090631247
1431.910021216471,0.9989566206932068,0.0022220686078071594
1431.9114101187708,1.0001434087753296,0.0022200399544090033
1431.9127990210402,1.0038715600967407,0.0022237857338041067
1431.9141879233396,0.998337984085083,0.0022207621950656176
1431.9155768256387,0.9973510503768921,0.002217354252934456
1431.9169657279087,0.9982931613922119,0.0022176578640937805
1431.9183546302088,1.0014333724975586,0.002223531249910593
1431.919743532508,0.9996785521507263,0.002221000613644719
1431.9211324347775,0.9969907999038696,0.0022174590267241
1431.9225213370767,0.9983240962028503,0.0022191477473825216
1431.923910239347,0.9998568892478943,0.002220833906903863
1431.9252991416172,0.9962518811225891,0.002216019667685032
1431.926688043917,0.9977476596832275,0.002218723064288497
1431.9280769461873,0.9973151683807373,0.0022210371680557728
1431.9294658484566,1.0013515949249268,0.0022225873544812202
1431.930854750756,0.9983252286911011,0.0022194222547113895
1431.9322436530267,0.9984642267227173,0.002219152171164751
1431.9336325552968,1.000489592552185,0.002220915863290429
1431.9350214575668,1.0000749826431274,0.002220733556896448
1431.936410359837,0.9971986413002014,0.002217790810391307
1431.9377992621064,1.003141164779663,0.0022227284498512745
1431.9391881643774,0.9984695911407471,0.00221871305257082
1431.9405770666483,0.9998838305473328,0.002220874186605215
1431.9419659689177,0.9990596771240234,0.0022216569632291794
1431.943354871188,0.9989340305328369,0.0022196294739842415
1431.944743773458,0.9991571307182312,0.002217087894678116
1431.9461326757273,1.001509189605713,0.0022214262280613184
1431.9475215779983,0.9985790848731995,0.002219247631728649
1431.9489104802399,0.9998317956924438,0.0022204939741641283
1431.9502993825092,0.999815821647644,0.002222696552053094
1431.9516882847795,1.0032974481582642,0.0022232152987271547
1431.9530771870498,1.0039337873458862,0.0022221470717340708
1431.9544660892907,0.9993881583213806,0.002219144720584154
1431.9558549915616,1.0014995336532593,0.0022208893205970526
1431.9572438938026,1.0001325607299805,0.0022230814211070538
1431.9586327960722,0.9975815415382385,0.00221816822886467
1431.960021698313,0.9993860721588135,0.0022196646314114332
1431.961410600584,1.0008469820022583,0.0022208483424037695
1431.962799502825,0.9986935257911682,0.002220151014626026
1431.9641884050652,1.0009822845458984,0.002222401788458228
1431.9655773073353,0.9981447458267212,0.0022171656601130962
1431.9669662095764,0.9962413311004639,0.0022171211894601583
1431.9683551118176,0.9993128776550293,0.0022231300827115774
1431.9697440140592,0.9991256594657898,0.0022195130586624146
1431.9711329163003,1.001096248626709,0.0022213871125131845
1431.9725218185406,0.9982443451881409,0.0022184913977980614
1431.9739107208109,0.9979577660560608,0.002218080684542656
1431.9752996230518,0.9978780746459961,0.0022183514665812254
1431.9766885252927,0.9983911514282227,0.0022181724198162556
1431.9780774275055,1.00322425365448,0.002221285365521908
1431.9794663297464,0.9990856647491455,0.0022219752427190542
1431.9808552319867,0.9970955848693848,0.002218078589066863
1431.9822441342278,0.9989802241325378,0.002219263929873705
1431.9836330364694,0.9992760419845581,0.0022192602045834064
1431.9850219387106,0.9984117150306702,0.0022196718491613865
1431.9864108409226,1.0013734102249146,0.0022218015510588884
1431.9877997431636,1.0006930828094482,0.0022225750144571066
1431.989188645404,0.9993413686752319,0.002219177782535553
1431.9905775476166,0.9986199140548706,0.002219664165750146
1431.9919664498582,1.0037297010421753,0.002224266529083252
1431.9933553520696,0.9971809387207031,0.0022195966448634863
1431.9947442543105,0.9993151426315308,0.0022201945539563894
1431.9961331565225,0.9995485544204712,0.0022193146869540215
1431.9975220587635,0.9983582496643066,0.002219193149358034
1431.9989109609762,1.000772476196289,0.0022221417166292667
1432.000299863188,1.0003200769424438,0.0022208155132830143
1432.0016887654285,1.0007203817367554,0.002220775932073593
1432.0030776676404,1.0033668279647827,0.0022234111092984676
1432.0044665698522,1.0034605264663696,0.0022222313564270735
1432.0058554720642,0.9996914863586426,0.0022190711461007595
1432.0072443742768,1.0014431476593018,0.0022205738350749016
1432.008633276518,0.9975881576538086,0.002219792455434799
1432.010022178729,1.0058950185775757,0.002224370837211609
1432.0114110809411,0.9995280504226685,0.0022198520600795746
1432.0127999831536,0.996946394443512,0.0022190159652382135
1432.0141888853657,1.0000275373458862,0.002220755908638239
1432.0155777875484,0.9980244040489197,0.0022190380841493607
1432.0169666897602,1.0011756420135498,0.00222128932364285
1432.0183555919716,1.0014539957046509,0.0022209002636373043
1432.0197444941844,1.0012552738189697,0.0022233002819120884
1432.0211333963969,1.0011546611785889,0.0022203775588423014
1432.022522298579,1.0028011798858643,0.0022222930565476418
1432.023911200791,0.9961583018302917,0.002219665562734008
1432.025300103003,0.9973878264427185,0.002218410139903426
1432.0266890051857,1.0011779069900513,0.0022239822428673506
1432.0280779073976,0.9995442628860474,0.0022203284315764904
1432.0294668095805,0.9986530542373657,0.0022199952509254217
1432.0308557117924,0.998360276222229,0.0022182518150657415
1432.0322446139746,0.9964118599891663,0.002221423201262951
1432.0336335161865,0.9968535900115967,0.002218362409621477
1432.03502241837,0.9980854988098145,0.0022194026969373226
1432.0364113205528,1.0038244724273682,0.0022228413727134466
1432.0378002227646,0.9959275126457214,0.002217200119048357
1432.0391891249476,1.0001767873764038,0.0022191754542291164
1432.0405780271296,0.9985365867614746,0.002222589449957013
1432.041966929313,0.9986590147018433,0.0022224814165383577
1432.0433558314967,0.9960015416145325,0.0022196841891855
1432.044744733679,0.9963789582252502,0.0022165048867464066
1432.0461336358617,0.9983019232749939,0.0022196858190000057
1432.0475225380444,1.0024631023406982,0.002222217619419098
1432.0489114402274,1.0023196935653687,0.002224418567493558
1432.0503003424108,0.9969854354858398,0.002218113513663411
1432.0516892445937,0.9993425011634827,0.00222026533447206
1432.0530781467758,0.9985690116882324,0.0022199524100869894
1432.0544670489587,0.9982879161834717,0.002219198038801551
1432.0558559511421,1.0023314952850342,0.0022218392696231604
1432.057244853296,0.9996374845504761,0.0022211952600628138
1432.058633755479,1.001416563987732,0.00222103763371706
1432.0600226576616,0.9989216327667236,0.0022198930382728577
1432.0614115598146,0.9986552596092224,0.002218886511400342
1432.0628004619973,1.0017820596694946,0.002222705166786909
1432.0641893641518,1.0023560523986816,0.0022231382317841053
1432.0655782663346,0.9978840351104736,0.0022191989701241255
1432.0669671684884,1.0003314018249512,0.0022223039995878935
1432.0683560706714,0.9972720146179199,0.0022177044302225113
1432.0697449728243,0.9974437952041626,0.002217865316197276
1432.0711338750077,1.0001192092895508,0.002220038091763854
1432.0725227771622,0.9989764094352722,0.0022199852392077446
1432.0739116793152,1.0016231536865234,0.0022206217981874943
1432.0753005814688,1.0038511753082275,0.0022243433631956577
1432.0766894836518,0.9990197420120239,0.0022206883877515793
1432.0780783858056,1.0009782314300537,0.0022215661592781544
1432.07946728796,0.9987157583236694,0.0022191558964550495
1432.0808561901138,0.999646008014679,0.0022198886144906282
1432.0822450922667,1.00110924243927,0.0022208259906619787
1432.0836339944206,0.9995499849319458,0.0022212788462638855
1432.0850228965749,1.002077341079712,0.0022228448651731014
1432.0864117987287,0.9962526559829712,0.0022214571945369244
1432.0878007008823,1.0017660856246948,0.0022221654653549194
1432.0891896030068,0.9987477660179138,0.0022184792906045914
1432.09057850516,0.9982258081436157,0.0022189489100128412
1432.0919674073136,0.9988168478012085,0.0022205542773008347
1432.093356309468,0.9978584051132202,0.002219553804025054
1432.0947452115927,0.9985218644142151,0.002218423178419471
1432.0961341137456,0.999569833278656,0.0022196490317583084
1432.0975230158995,1.003421425819397,0.0022221447434276342
1432.0989119180242,0.9995471835136414,0.0022206318099051714
1432.1003008201778,1.0003414154052734,0.002219636458903551
1432.1016897223033,0.9988067150115967,0.00221995054744184
1432.1030786244569,0.9999167919158936,0.0022201649844646454
1432.1044675265807,1.0018352270126343,0.0022224325221031904
1432.1058564287052,0.9964951872825623,0.0022176585625857115
1432.1072453308598,0.9995938539505005,0.0022207051515579224
1432.1086342329843,0.9982284903526306,0.002219686983153224
1432.110023135109,0.9979639053344727,0.0022203573025763035
1432.1114120372629,1.0017768144607544,0.002220716793090105
1432.1128009393867,1.0039763450622559,0.0022234919015318155
1432.114189841512,1.0026640892028809,0.0022226176224648952
1432.1155787436373,0.9966938495635986,0.0022173593752086163
1432.1169676457614,0.997540295124054,0.0022198825608938932
1432.118356547886,1.0017249584197998,0.002222236478701234
1432.1197454500104,0.9999138712882996,0.002221036935225129
1432.1211343521345,1.0006078481674194,0.002222045324742794
1432.1225232542597,1.001547932624817,0.0022207279689610004
1432.1239121563851,0.9999715089797974,0.0022208706941455603
1432.1253010584799,1.0008933544158936,0.0022212292533367872
1432.1266899606046,1.0012668371200562,0.00221970584243536
1432.1280788627291,1.0008913278579712,0.0022212197072803974
1432.1294677648536,0.9989031553268433,0.002220714697614312
1432.13085666695,0.9963946342468262,0.002217011759057641
1432.1322455690745,1.0008490085601807,0.0022191323805600405
1432.1336344711694,0.9947844743728638,0.0022170941811054945
1432.135023373294,0.998599112033844,0.0022207600995898247
1432.1364122753903,1.0017374753952026,0.00222001108340919
1432.1378011775148,0.9986771941184998,0.0022194909397512674
1432.1391900796104,1.000225305557251,0.0022196879144757986
1432.140578981735,0.999457836151123,0.002218978013843298
1432.14196788383,0.9946566820144653,0.0022191659081727266
1432.143356785926,0.9995903968811035,0.002221620874479413
1432.1447456880512,1.0033661127090454,0.0022225535940378904
1432.1461345901462,1.0014334917068481,0.002221533562988043
1432.1475234922416,1.000261664390564,0.002223278395831585
1432.1489123943372,0.9999388456344604,0.002220851369202137
1432.150301296432,0.9997669458389282,0.0022220811806619167
1432.1516901985283,1.0009567737579346,0.002223196206614375
1432.1530791006246,1.0023353099822998,0.0022219945676624775
1432.1544680027193,0.9988359808921814,0.0022211684845387936
1432.1558569048148,0.998795747756958,0.0022177291102707386
1432.1572458069102,0.9986774325370789,0.002222169656306505
1432.1586347090058,1.0008654594421387,0.0022218709345906973
1432.1600236111015,1.0011707544326782,0.0022238774690777063
1432.1614125131969,1.0009735822677612,0.002221254399046302
1432.1628014152632,0.9985026717185974,0.0022204823326319456
1432.1641903173581,0.9985672831535339,0.002218164736405015
1432.1655792194545,0.9982602596282959,0.0022190192248672247
1432.1669681215214,1.0015833377838135,0.002218968700617552
1432.1683570236162,0.9976842403411865,0.0022194674238562584
1432.1697459257118,1.000281572341919,0.002217962173745036
1432.1711348277781,0.9998924732208252,0.00221891887485981
1432.1725237298735,1.0013370513916016,0.002221256960183382
1432.1739126319408,0.9969656467437744,0.002217439468950033
1432.175301534007,1.0006415843963623,0.002219349378719926
1432.176690436102,1.0008209943771362,0.0022223179694265127
1432.1780793381683,0.99822598695755,0.0022189095616340637
1432.1794682402356,1.0018974542617798,0.0022198667284101248
1432.180857142331,1.000003695487976,0.0022210008464753628
1432.1822460443975,1.00162672996521,0.002220529830083251
1432.183634946464,0.9992217421531677,0.0022193484473973513
1432.1850238485297,1.0036365985870361,0.002222814131528139
1432.186412750596,0.9998267889022827,0.0022184078115969896
1432.1878016526632,1.0000170469284058,0.002218547509983182
1432.1891905547295,0.998027503490448,0.002219998277723789
1432.1905794567958,0.9998380541801453,0.002219929127022624
1432.1919683588624,0.9993637800216675,0.002221297938376665
1432.193357260928,1.002423882484436,0.0022216953802853823
1432.1947461629952,0.994903028011322,0.0022201829124242067
1432.1961350650333,1.0015075206756592,0.00222125300206244
1432.197523967099,0.9969673156738281,0.0022173053584992886
1432.1989128691655,1.0014557838439941,0.0022205794230103493
1432.2003017712318,0.9948400855064392,0.002218046458438039
1432.201690673269,1.0028940439224243,0.002224300056695938
1432.203079575336,0.9978704452514648,0.002219055313616991
1432.2044684773734,0.9960321187973022,0.0022166322451084852
1432.205857379439,0.9974901676177979,0.0022182981483638287
1432.2072462814765,0.99904465675354,0.002219987800344825
1432.2086351835435,0.9966989159584045,0.002220903756096959
1432.210024085581,0.9996829032897949,0.002222543116658926
1432.2114129876475,1.0014097690582275,0.0022206841967999935
1432.2128018896847,1.0025523900985718,0.0022217407822608948
1432.2141907917214,0.9996549487113953,0.002219343790784478
1432.2155796937586,0.9974676370620728,0.0022185221314430237
1432.2169685958256,1.0017136335372925,0.0022226094733923674
1432.2183574978628,1.00150465965271,0.002220358233898878
1432.2197463999003,0.9994611740112305,0.0022213764023035765
1432.2211353019377,0.9969325661659241,0.0022180669475346804
1432.2225242039742,1.0013196468353271,0.0022202993277460337
1432.2239131060117,1.0007294416427612,0.002222219482064247
1432.2253020080495,1.0014445781707764,0.002221837639808655
1432.226690910087,0.9975774884223938,0.00221910048276186
1432.2280798121235,0.9947432279586792,0.002216561231762171
1432.2294687141318,0.9987649917602539,0.002218023408204317
1432.2308576161697,0.9985326528549194,0.0022200713865458965
1432.232246518207,1.0000051259994507,0.002219430636614561
1432.2336354202441,0.9974613189697266,0.0022206471767276525
1432.2350243222525,0.9992701411247253,0.002220156602561474
1432.236413224289,0.9989039301872253,0.002218312816694379
1432.237802126327,1.0000360012054443,0.002219624351710081
1432.239191028336,1.0019891262054443,0.002221910748630762
1432.2405799303726,0.9982088804244995,0.0022173807956278324
1432.241968832381,0.9971035122871399,0.0022188357543200254
1432.2433577344182,1.001607060432434,0.0022210509050637484
1432.2447466364258,0.9977425932884216,0.002218521200120449
1432.2461355384346,0.9975467920303345,0.0022188967559486628
1432.2475244404725,1.00299870967865,0.0022225049324333668
1432.2489133424801,0.9992793202400208,0.002219810616225004
1432.2503022444882,0.9976641535758972,0.0022190187592059374
1432.2516911464966,0.9987019300460815,0.002219532150775194
1432.2530800485338,1.0033546686172485,0.002222115406766534
1432.2544689505428,0.9988787174224854,0.0022198925726115704
1432.255857852551,1.0016077756881714,0.0022223712876439095
1432.2572467545585,1.0022311210632324,0.0022239841055125
1432.2586356565666,1.0011446475982666,0.0022207568399608135
1432.2600245585757,1.0026146173477173,0.002221777569502592
1432.2614134605838,0.9974281191825867,0.0022170592565089464
1432.2628023625919,0.9995315074920654,0.0022216015495359898
1432.264191264571,1.0009692907333374,0.002224651398137212
1432.2655801665785,1.0012743473052979,0.0022198976948857307
1432.2669690685873,0.9982480406761169,0.0022199805825948715
1432.2683579705963,1.0009979009628296,0.00222021178342402
1432.2697468725748,0.9997982978820801,0.0022215317003428936
1432.271135774583,0.9979119300842285,0.0022180071100592613
1432.272524676591,1.0003502368927002,0.002222710056230426
1432.2739135785703,1.0005935430526733,0.0022202124819159508
1432.275302480579,1.0001699924468994,0.0022211093455553055
1432.2766913825583,1.0014299154281616,0.002221272327005863
1432.2780802845366,0.9983909130096436,0.0022202462423592806
1432.279469186545,0.9990752935409546,0.0022191444877535105
1432.280858088524,0.9979731440544128,0.0022225105203688145
1432.282246990532,0.9974194765090942,0.0022174085024744272
1432.283635892512,1.0032342672348022,0.0022228946909308434
1432.285024794491,1.0007237195968628,0.0022200653329491615
1432.2864136964695,0.999472975730896,0.00221911515109241
1432.287802598448,0.9970402121543884,0.0022182126995176077
1432.2891915004277,0.9993771314620972,0.0022187766153365374
1432.2905804024365,0.9986259937286377,0.0022195640485733747
1432.291969304415,1.001455307006836,0.002221635077148676
1432.293358206394,0.9994169473648071,0.0022205833811312914
1432.2947471083733,0.9995488524436951,0.0022203903645277023
1432.2961360103232,1.0008840560913086,0.0022214767523109913
1432.297524912303,0.9992802739143372,0.0022196006029844284
1432.298913814282,1.0014369487762451,0.002222742885351181
1432.3003027162606,0.99594646692276,0.002218854846432805
1432.3016916182396,1.0001176595687866,0.0022180741652846336
1432.3030805201904,1.002708911895752,0.002222183858975768
1432.3044694221694,0.9988667964935303,0.00221822876483202
1432.3058583241484,1.0019888877868652,0.0022212648764252663
1432.3072472260985,1.0013329982757568,0.002221200382336974
1432.3086361280768,1.0013408660888672,0.0022200013045221567
1432.3100250300276,1.0039761066436768,0.0022221647668629885
1432.3114139320073,0.9988340139389038,0.002218692796304822
1432.3128028339568,0.9995303153991699,0.002220603870227933
1432.3141917359358,1.0011417865753174,0.002220430411398411
1432.3155806378857,1.0030561685562134,0.0022218707017600536
1432.316969539835,0.9990010857582092,0.0022186965215951204
1432.318358441786,0.9978747367858887,0.002219557762145996
1432.3197473437656,0.9994242787361145,0.002220096066594124
1432.3211362457148,0.998444676399231,0.002217984525486827
1432.322525147665,1.0006126165390015,0.0022201507817953825
1432.323914049615,1.000935673713684,0.0022200397215783596
1432.325302951565,0.9999369382858276,0.0022184893023222685
1432.3266918535157,0.9998899102210999,0.0022206520661711693
1432.3280807554656,0.9967260956764221,0.0022181221283972263
1432.3294696574148,0.9998357892036438,0.002221447881311178
1432.3308585593647,1.001901388168335,0.0022206094581633806
1432.3322474613155,0.9969933032989502,0.0022183845285326242
1432.3336363632654,1.0021097660064697,0.002219482557848096
1432.3350252651865,1.0005842447280884,0.0022198434453457594
1432.3364141671366,1.0032423734664917,0.00222212471999228
1432.3378030690858,0.9972882866859436,0.0022171211894601583
1432.3391919710073,1.0011152029037476,0.002221551723778248
1432.340580872958,1.0014557838439941,0.002219941234216094
1432.3419697749073,1.0008658170700073,0.002219754969701171
1432.343358676828,0.9995262622833252,0.0022189607843756676
1432.3447475787782,1.0013000965118408,0.0022205007262527943
1432.3461364806983,0.9989764094352722,0.0022202995605766773
1432.34752538262,0.9970459938049316,0.002218067180365324
1432.3489142845708,0.9989256858825684,0.002216735854744911
1432.350303186491,0.9970349073410034,0.002218870213255286
1432.351692088412,1.0043007135391235,0.002221381990239024
1432.3530809903618,0.998145341873169,0.002219185931608081
1432.3544698922826,1.0001364946365356,0.002220097929239273
1432.3558587942036,0.9984828233718872,0.0022211784962564707
1432.3572476961247,0.9999428391456604,0.0022196448408067226
1432.3586365980455,0.9994977712631226,0.002219289308413863
1432.3600254999656,0.9986139535903931,0.0022197843063622713
1432.3614144018873,1.001273512840271,0.0022209216840565205
1432.3628033038087,0.9957386255264282,0.0022186110727488995
1432.3641922057288,0.9985668063163757,0.002219416433945298
1432.3655811076499,0.9978589415550232,0.002219113754108548
1432.3669700095709,0.9965817928314209,0.0022198420483618975
1432.3683589114917,0.999148964881897,0.002218038309365511
1432.3697478133843,0.998860776424408,0.002220120979472995
1432.371136715305,1.0019855499267578,0.0022236115764826536
1432.3725256172254,1.0021190643310547,0.0022222939878702164
1432.373914519117,0.9989675879478455,0.002219695830717683
1432.3753034210386,0.9981065988540649,0.0022186588030308485
1432.3766923229593,1.0019991397857666,0.0022219675593078136
1432.3780812248513,0.9962694644927979,0.0022185067646205425
1432.3794701267723,1.0009397268295288,0.0022221188992261887
1432.3808590286633,1.0013352632522583,0.0022215605713427067
1432.3822479305552,0.9977328181266785,0.00221998686902225
1432.3836368324767,0.9994311928749084,0.002218974055722356
1432.3850257343686,1.0006057024002075,0.0022207037545740604
1432.3864146362603,0.9986170530319214,0.0022184180561453104
1432.387803538181,1.0015372037887573,0.0022208362352102995
1432.3891924400723,0.9997027516365051,0.0022197433281689882
1432.390581341965,1.0017801523208618,0.00222155824303627
1432.3919702438573,1.0010688304901123,0.0022202967666089535
1432.3933591457483,1.0045069456100464,0.002224658615887165
1432.3947480476402,1.0018318891525269,0.0022214697673916817
1432.3961369495319,0.9999921917915344,0.0022205389104783535
1432.3975258514236,1.0013089179992676,0.0022204394917935133
1432.3989147533161,1.0016241073608398,0.0022232600022107363
1432.4003036552078,0.9985637664794922,0.002220324007794261
1432.401692557099,1.000570297241211,0.002220962895080447
1432.4030814589617,0.9977392554283142,0.002219137502834201
1432.4044703608542,1.0009478330612183,0.0022213058546185493
1432.405859262746,1.000744104385376,0.0022214159835129976
1432.4072481646087,1.0013507604599,0.002221104921773076
1432.4086370665004,0.9981125593185425,0.0022207193542271852
1432.4100259683917,0.9956266283988953,0.002217350760474801
1432.411414870255,0.9989497661590576,0.002219006884843111
1432.4128037721473,1.00142240524292,0.0022218353115022182
1432.4141926740094,0.9943820834159851,0.00221649999730289
1432.415581575872,1.0011019706726074,0.002220744965597987
1432.416970477764,1.002497673034668,0.0022206753492355347
1432.4183593796258,1.0003416538238525,0.0022206618450582027
1432.4197482814886,0.9954212307929993,0.0022170068696141243
1432.421137183381,1.0012030601501465,0.0022211114410310984
1432.4225260852438,1.0009231567382812,0.0022229482419788837
1432.4239149871057,0.9992718696594238,0.0022208737209439278
1432.4253038889685,0.9975739121437073,0.0022180997766554356
1432.4266927908318,0.9969439506530762,0.0022180452942848206
1432.4280816926946,0.9983201026916504,0.002217976376414299
1432.4294705945572,1.0004982948303223,0.002220447175204754
1432.4308594964198,0.9992438554763794,0.0022232523187994957
1432.432248398282,0.9970690608024597,0.002220503520220518
1432.4336373001454,1.0016692876815796,0.0022213670890778303
1432.4350262020087,0.9993288516998291,0.002220775932073593
1432.4364151038706,0.998924970626831,0.0022231077309697866
1432.4378040057043,0.9998443126678467,0.0022211435716599226
1432.4391929075668,1.0016140937805176,0.002222156384959817
1432.4405818094294,0.9995391964912415,0.0022224111016839743
1432.4419707112638,0.9994450807571411,0.002221175469458103
1432.4433596131264,0.9996174573898315,0.0022182080429047346
1432.4447485149594,0.9989050626754761,0.0022186969872564077
1432.446137416822,1.0012054443359375,0.0022200134117156267
1432.4475263186564,1.0014572143554688,0.002219627145677805
1432.448915220519,0.9987272620201111,0.0022187763825058937
1432.4503041223527,1.0013588666915894,0.0022198751103132963
1432.4516930241864,0.9996490478515625,0.0022193738259375095
1432.4530819260483,1.0017191171646118,0.002222323790192604
1432.4544708278818,0.9971693158149719,0.0022201030515134335
1432.4558597297162,0.9968238472938538,0.0022169710136950016
1432.4572486315496,0.9986310005187988,0.002216919092461467
1432.4586375333831,1.0021260976791382,0.0022202269174158573
1432.460026435246,1.0007636547088623,0.002221824834123254
1432.4614153370787,0.9959370493888855,0.002217257162556052
1432.4628042389131,0.998029887676239,0.002219550544396043
1432.4641931407475,0.9998189210891724,0.0022208562586456537
1432.4655820425512,0.9958518743515015,0.002215493004769087
1432.466970944385,1.001838207244873,0.002219592221081257
1432.4683598462184,0.9977812170982361,0.0022190797608345747
1432.4697487480519,1.0018771886825562,0.0022201298270374537
1432.471137649886,1.003271222114563,0.0022217142395675182
1432.4725265516906,1.0002360343933105,0.0022183656692504883
1432.4739154535234,0.9977741241455078,0.002218748675659299
1432.4753043553571,0.9971110224723816,0.002215942833572626
1432.4766932571622,0.9971049427986145,0.002217425499111414
1432.478082158996,0.9981890320777893,0.0022182289976626635
1432.4794710608005,0.9995351433753967,0.0022179975640028715
1432.480859962634,0.9969732761383057,0.0022180986125022173
1432.482248864438,0.9994938969612122,0.0022185277193784714
1432.4836377662714,1.0010231733322144,0.00222160667181015
1432.4850266680767,0.9994214177131653,0.0022189950104802847
1432.486415569881,1.000966191291809,0.0022199302911758423
1432.4878044716847,1.0024904012680054,0.002220819005742669
1432.4891933735182,1.0016061067581177,0.002221924252808094
1432.4905822753228,0.9988455176353455,0.0022177393548190594
1432.4919711771274,0.9973996877670288,0.002218694891780615
1432.4933600789325,0.9973537921905518,0.0022178455255925655
1432.494748980737,1.0002084970474243,0.002218811772763729
1432.4961378825408,0.9973843097686768,0.0022191358730196953
1432.4975267843454,0.9991762638092041,0.0022179349325597286
1432.4989156861504,0.9970616102218628,0.0022167980205267668
1432.5003045879548,0.9972772598266602,0.0022190024610608816
1432.5016934897592,1.001442313194275,0.0022182029206305742
1432.5030823915638,0.9999141097068787,0.0022196911741048098
1432.5044712933384,0.9975278973579407,0.002216525375843048
1432.5058601951437,0.9968466758728027,0.00221673003397882
1432.507249096949,1.0011385679244995,0.002219758927822113
1432.5086379987235,0.9996724128723145,0.0022218821104615927
1432.5100269005281,0.9992172122001648,0.0022195088677108288
1432.5114158023034,1.00118088722229,0.002223219955340028
1432.5128047041078,1.0008894205093384,0.002220612019300461
1432.514193605884,1.0014598369598389,0.002220360329374671
1432.5155825076884,0.9991402626037598,0.002217593602836132
1432.5169714094632,1.000934362411499,0.0022205121349543333
1432.5183603112675,1.003287672996521,0.0022217524237930775
1432.5197492130435,0.9988275766372681,0.0022212094627320766
1432.521138114819,0.9996541738510132,0.0022182371467351913
1432.5225270165945,1.0008769035339355,0.0022223100531846285
1432.5239159183698,0.9996638298034668,0.0022177165374159813
1432.5253048201737,0.9969857335090637,0.0022166077978909016
1432.5266937219496,0.9987819790840149,0.0022188385482877493
1432.5280826237256,1.002913475036621,0.0022214355412870646
1432.5294715255004,1.0018354654312134,0.0022202148102223873
1432.5308604272757,0.9999430179595947,0.0022210024762898684
1432.5322493290512,0.9999905824661255,0.002218791050836444
1432.5336382307967,0.9989928603172302,0.0022180976811796427
1432.5350271325726,0.9971674680709839,0.002218132372945547
1432.5364160343488,0.9961298108100891,0.0022163179237395525
1432.5378049361236,1.0010679960250854,0.0022204238921403885
1432.539193837899,0.9976745843887329,0.0022184380795806646
1432.540582739645,1.0005196332931519,0.0022195312194526196
1432.5419716414206,1.0034257173538208,0.002221624134108424
1432.5433605431674,0.9996606707572937,0.0022199193481355906
1432.544749444943,0.9980090856552124,0.0022213547490537167
1432.5461383466884,0.9989752769470215,0.0022197046782821417
1432.5475272484632,0.9991313815116882,0.002217555418610573
1432.5489161502103,0.996959388256073,0.0022173079196363688
1432.5503050519862,0.9981831312179565,0.0022193656768649817
1432.5516939537317,0.9998241662979126,0.00221872515976429
1432.5530828554781,0.9970360398292542,0.0022180317901074886
1432.5544717572534,0.9967169165611267,0.002216945169493556
1432.5558606589996,1.0019619464874268,0.002220459282398224
1432.5572495607466,1.0006859302520752,0.0022209042217582464
1432.5586384624928,0.9999761581420898,0.0022186015266925097
1432.5600273642385,0.9991495013237,0.0022198930382728577
1432.5614162659847,0.9996923804283142,0.002218466019257903
1432.5628051677318,1.0014468431472778,0.002220007823780179
1432.564194069478,0.9992603659629822,0.0022211747709661722
1432.5655829712243,0.9991543292999268,0.0022203354164958
1432.5669718729705,1.0019367933273315,0.002220217837020755
1432.5683607747162,1.0035821199417114,0.002222541719675064
1432.5697496764624,0.9965361952781677,0.0022182255052030087
1432.5711385781804,0.999736487865448,0.0022196024656295776
1432.5725274799265,0.9994028806686401,0.0022188012953847647
1432.5739163816727,0.9938996434211731,0.0022183111868798733
1432.57530528339,1.0003974437713623,0.0022195123601704836
1432.5766941851355,1.0010647773742676,0.002220063703134656
1432.5780830868534,1.0023307800292969,0.002220215043053031
1432.5794719886005,1.0027269124984741,0.002220338908955455
1432.580860890317,1.000974178314209,0.0022199053782969713
1432.582249792063,0.998525857925415,0.0022192501928657293
1432.5836386937801,0.9985998272895813,0.0022206432186067104
1432.5850275954974,1.0002928972244263,0.0022196052595973015
1432.5864164972443,1.0029821395874023,0.002221890725195408
1432.5878053989616,1.0028318166732788,0.002220072550699115
1432.589194300678,1.0037142038345337,0.0022201896645128727
1432.5905832023952,1.0002480745315552,0.002219307702034712
1432.591972104113,0.9963963627815247,0.0022162911482155323
1432.5933610058303,0.9987916350364685,0.0022179398220032454
1432.5947499075476,1.0015829801559448,0.002220545429736376
1432.5961388092646,1.0014382600784302,0.002219452988356352
1432.597527710981,1.0017422437667847,0.0022220949176698923
1432.598916612699,1.001015305519104,0.002221460221335292
1432.6003055144167,0.9988585114479065,0.0022200022358447313
1432.6016944161331,1.0041149854660034,0.002220706082880497
1432.6030833178504,0.9990243315696716,0.002221537521108985
1432.6044722195386,0.9987767338752747,0.002221060683950782
1432.6058611212557,0.9987351894378662,0.002218868350610137
1432.6072500229736,0.9955136775970459,0.0022165130358189344
1432.6086389246616,1.004515290260315,0.0022214804776012897
1432.6100278263782,1.0032742023468018,0.0022209002636373043
1432.6114167280662,1.0011790990829468,0.002222186652943492
1432.6128056297832,0.9988500475883484,0.0022176229394972324
1432.6141945314714,0.9975201487541199,0.0022181165404617786
1432.6155834331885,0.998285174369812,0.002219920512288809
1432.6169723348764,0.9964727163314819,0.0022171640302985907
1432.6183612365646,1.0005271434783936,0.002221842762082815
1432.619750138281,1.0000683069229126,0.002221118425950408
1432.6211390399699,1.0016063451766968,0.0022239184472709894
1432.6225279416587,0.9985182881355286,0.0022182075772434473
1432.623916843346,1.001207947731018,0.0022204655688256025
1432.6253057450342,0.9983616471290588,0.0022192071191966534
1432.6266946467222,0.998222827911377,0.0022196953650563955
1432.6280835484101,0.9968767166137695,0.002219559857621789
1432.6294724500988,1.0034663677215576,0.002222428098320961
1432.630861351787,0.9994169473648071,0.002218585927039385
1432.6322502534742,1.0023024082183838,0.002221490954980254
1432.6336391551624,0.9994530081748962,0.0022170180454850197
1432.635028056851,0.999464750289917,0.0022196632344275713
1432.6364169585102,1.004497766494751,0.0022218443918973207
1432.6378058601983,1.0000431537628174,0.0022215964272618294
1432.6391947618863,1.000944972038269,0.002219109795987606
1432.6405836635447,0.9985158443450928,0.0022204911801964045
1432.6419725652333,0.9973961710929871,0.0022165277041494846
1432.643361466922,0.9954409599304199,0.002217739587649703
1432.6447503685802,0.9976325035095215,0.0022184744011610746
1432.6461392702683,0.9963036775588989,0.002217414090409875
1432.6475281719274,1.0026400089263916,0.0022207058500498533
1432.6489170735856,1.0007917881011963,0.0022204427514225245
1432.6503059752743,1.0010813474655151,0.0022199582308530807
1432.651694876934,0.998677134513855,0.0022182909306138754
1432.6530837785924,1.0005335807800293,0.0022225200664252043
1432.6544726802513,0.9959980249404907,0.002218330977484584
1432.6558615819392,0.9988183975219727,0.0022199240047484636
1432.6572504835983,0.9993472099304199,0.0022209547460079193
1432.6586393852579,0.9987159967422485,0.0022182422690093517
1432.660028286917,1.0008797645568848,0.0022216537036001682
1432.6614171885751,1.0008841753005981,0.0022221985273063183
1432.6628060902342,0.99833744764328,0.0022193784825503826
1432.6641949918937,0.9964683055877686,0.002217275323346257
1432.6655838935237,0.9995442032814026,0.0022184208501130342
1432.6669727951826,1.0001202821731567,0.0022195978090167046
1432.6683616968414,0.9987141489982605,0.0022204716224223375
1432.6697505984998,1.0003304481506348,0.002219873247668147
1432.6711395001305,0.9996033906936646,0.0022198581136763096
1432.67252840179,0.9979560971260071,0.002218043664470315
1432.6739173034482,0.9978335499763489,0.0022223941050469875
1432.6753062050782,0.9980945587158203,0.0022187624126672745
1432.676695106737,0.9998501539230347,0.0022193880286067724
1432.6780840083668,1.0029387474060059,0.0022226176224648952
1432.6794729100259,1.0037733316421509,0.002220836468040943
1432.6808618116559,0.9994641542434692,0.002218724926933646
1432.6822507132856,0.9990748763084412,0.0022202313411980867
1432.683639614944,1.0012141466140747,0.0022199044469743967
1432.6850285165744,1.0035053491592407,0.0022209184244275093
1432.6864174182049,0.9988289475440979,0.0022181656677275896
1432.6878063198342,1.0021263360977173,0.0022212592884898186
1432.689195221464,0.99659663438797,0.0022180506493896246
1432.690584123094,0.9987806081771851,0.0022186876740306616
1432.691973024752,1.0028424263000488,0.002220087219029665
1432.6933619263825,1.000619649887085,0.0022214511409401894
1432.694750827984,1.0043543577194214,0.002221748000010848
1432.6961397296134,1.004306435585022,0.0022229207679629326
1432.6975286312431,0.9994856715202332,0.002218968467786908
1432.6989175328729,0.9989855289459229,0.0022188557777553797
1432.7003064345029,1.0005555152893066,0.0022191223688423634
1432.7016953361333,0.9974293112754822,0.0022171216551214457
1432.7030842377342,0.9999929666519165,0.0022217368241399527
1432.7044731393632,0.9979634881019592,0.0022170767188072205
1432.7058620409932,0.9991535544395447,0.0022191698662936687
1432.7072509425946,0.9986316561698914,0.00221756799146533
1432.7086398442245,0.9985259175300598,0.0022207603324204683
1432.7100287458252,1.001691460609436,0.002221063245087862
1432.711417647455,0.9988491535186768,0.002219185698777437
1432.7128065490551,0.9971621632575989,0.0022170136217027903
1432.7141954506567,0.9952154755592346,0.002216057851910591
1432.7155843522871,1.0002349615097046,0.002220315160229802
1432.716973253887,1.0014795064926147,0.002220852766185999
1432.718362155488,1.002162218093872,0.0022211140021681786
1432.7197510570888,0.9970012307167053,0.002216505352407694
1432.7211399586895,0.9961798191070557,0.002218718407675624
1432.7225288603202,1.0024433135986328,0.0022196006029844284
1432.7239177619208,0.9981992840766907,0.002218106761574745
1432.7253066635208,1.0007641315460205,0.0022207549773156643
1432.7266955651214,0.9986786842346191,0.002222215523943305
1432.7280844666939,1.0000942945480347,0.002218505833297968
1432.7294733682945,0.9987853765487671,0.0022181023377925158
1432.7308622698954,0.9982603788375854,0.0022194248158484697
1432.7322511714963,0.9995677471160889,0.0022195049095898867
1432.7336400730962,0.9986197352409363,0.0022188369184732437
1432.735028974668,1.0020666122436523,0.002220793627202511
1432.7364178762693,0.9946508407592773,0.002219422487542033
1432.73780677787,1.0008026361465454,0.0022206674329936504
1432.7391956794415,1.0006626844406128,0.002222280250862241
1432.7405845810424,1.002308964729309,0.0022226611617952585
1432.7419734826133,1.0001673698425293,0.00222095032222569
1432.7433623842142,0.9973310232162476,0.002218632958829403
1432.7447512857864,0.9985312223434448,0.0022195212077349424
1432.7461401873873,0.9962162375450134,0.0022156755439937115
1432.7475290889581,0.9993922114372253,0.0022184934932738543
1432.74891799053,0.9947536587715149,0.0022176282946020365
1432.7503068921021,0.9974053502082825,0.0022177069913595915
1432.751695793703,1.0002377033233643,0.0022208471782505512
1432.7530846952748,1.0001834630966187,0.002219277434051037
1432.7544735968463,1.0012775659561157,0.002222105162218213
1432.7558624984172,1.0012612342834473,0.002220450434833765
1432.7572513999896,0.998076856136322,0.002219856483861804
1432.7586403015619,1.0015640258789062,0.0022232148330658674
1432.7600292031327,1.0000046491622925,0.002220550086349249
1432.7614181047045,1.0018723011016846,0.0022219696547836065
1432.7628070062472,0.9998903870582581,0.0022187447175383568
1432.7641959078187,1.0008143186569214,0.0022235566284507513
1432.7655848093912,0.998883843421936,0.002219643909484148
1432.7669737109627,1.0003042221069336,0.002220275579020381
1432.7683626125045,0.9974066615104675,0.0022185351699590683
1432.769751514076,1.0004373788833618,0.002219919580966234
1432.7711404156485,1.0025568008422852,0.002222867915406823
1432.772529317191,0.9973706603050232,0.0022181791719049215
1432.7739182187627,0.9999608397483826,0.0022201244719326496
1432.7753071203053,1.0010031461715698,0.002220036229118705
1432.776696021847,0.9961732029914856,0.002216735854744911
1432.7780849234193,0.9979733824729919,0.0022175281774252653
1432.7794738249627,1.0039359331130981,0.0022236602380871773
1432.7808627265047,1.0007060766220093,0.002220151014626026
1432.7822516280762,1.0040743350982666,0.002223053015768528
1432.7836405296187,1.0000734329223633,0.0022189852315932512
1432.7850294311606,0.9986127614974976,0.002220517722889781
1432.786418332704,0.9994746446609497,0.0022195905912667513
1432.787807234247,1.0000063180923462,0.0022193200420588255
1432.7891961357889,0.9978986382484436,0.0022217242512851954
1432.7905850373315,0.9984668493270874,0.0022176646161824465
1432.791973938874,1.0010684728622437,0.0022196155041456223
1432.7933628404164,0.998970627784729,0.0022175656631588936
1432.7947517419598,1.0004135370254517,0.0022201889660209417
1432.7961406435022,0.9992197155952454,0.0022187908180058002
1432.797529545015,0.9996949434280396,0.002218646928668022
1432.7989184465575,0.9968889951705933,0.0022193584591150284
1432.800307348101,0.9998317956924438,0.0022221009712666273
1432.8016962496142,1.001883864402771,0.0022212285548448563
1432.803085151157,1.004748821258545,0.0022215137723833323
1432.8044740526702,1.002861738204956,0.00222193356603384
1432.8058629542122,0.9999746680259705,0.0022200674284249544
1432.8072518557256,1.0000022649765015,0.0022202583495527506
1432.808640757269,0.9991793036460876,0.0022201077081263065
1432.8100296587822,1.0032447576522827,0.0022208215668797493
1432.8114185602951,1.0040417909622192,0.0022228164598345757
1432.8128074618376,0.9985775947570801,0.0022175153717398643
1432.8141963633518,1.0017117261886597,0.002220598515123129
1432.8155852648651,1.0032589435577393,0.002222983865067363
1432.8169741663785,0.9976524710655212,0.0022157521452754736
1432.818363067892,0.9948000311851501,0.002216764260083437
1432.8197519694047,1.0004559755325317,0.0022200027015060186
1432.8211408709187,0.9986351132392883,0.002218701643869281
1432.822529772433,1.0021206140518188,0.0022198071237653494
1432.8239186739459,0.9982189536094666,0.0022188276052474976
1432.8253075754592,1.0001457929611206,0.002219429239630699
1432.8266964769725,1.0024266242980957,0.002222019014880061
1432.8280853784854,1.0001308917999268,0.002219571266323328
1432.8294742799706,1.000954508781433,0.002222008304670453
1432.8308631814846,0.9995825290679932,0.00222176150418818
1432.8322520829972,0.9986029863357544,0.0022195277269929647
1432.8336409844817,1.0014325380325317,0.0022190380841493607
1432.835029885995,1.001997947692871,0.002220867434516549
1432.8364187874793,0.9994999766349792,0.002219123998656869
1432.8378076889935,0.9993429780006409,0.002220114693045616
1432.8391965904777,1.0018012523651123,0.0022198439110070467
1432.8405854919906,1.0017940998077393,0.0022205805871635675
1432.8419743934749,0.9984768033027649,0.0022171817254275084
1432.84336329496,1.0017328262329102,0.0022212157491594553
1432.8447521964733,1.000105857849121,0.0022212304174900055
1432.8461410979578,1.0024456977844238,0.0022198990918695927
1432.8475299994423,0.9982928037643433,0.0022190269082784653
1432.8489189009258,1.0028260946273804,0.002220733789727092
1432.8503078024107,1.0012532472610474,0.002221077913418412
1432.8516967038959,1.001941442489624,0.002220678608864546
1432.8530856053794,1.0009946823120117,0.0022215060889720917
1432.8544745068637,0.9985756278038025,0.0022177305072546005
1432.8558634083481,1.000213861465454,0.002220410853624344
1432.8572523098326,1.005601406097412,0.0022231275215744972
1432.8586412113175,1.0017261505126953,0.0022242036648094654
1432.8600301127728,0.9996179342269897,0.0022209847811609507
1432.8614190142564,0.9975528717041016,0.002220772672444582
1432.8628079157409,1.0041924715042114,0.0022214024793356657
1432.8641968172258,1.0006234645843506,0.0022213130723685026
1432.865585718681,0.9977937936782837,0.0022189728915691376
1432.8669746201651,0.9998049139976501,0.002220410853624344
1432.8683635216205,0.998340368270874,0.0022177440114319324
1432.869752423104,0.9997429251670837,0.0022211901377886534
1432.87114132456,1.001173496246338,0.0022194397170096636
1432.8725302260161,1.0006588697433472,0.0022200325038284063
1432.8739191274997,1.0004608631134033,0.002218807116150856
1432.8753080289541,1.0007519721984863,0.002219113288447261
1432.8766969304095,0.9986233115196228,0.0022186527494341135
1432.8780858318648,0.9987398386001587,0.002218530047684908
1432.879474733349,1.0029833316802979,0.0022211766336113214
1432.880863634805,1.000399112701416,0.002219566609710455
1432.8822525362602,1.0052919387817383,0.0022222173865884542
1432.8836414377147,1.0017300844192505,0.0022223424166440964
1432.8850303391698,1.0014526844024658,0.0022190730087459087
1432.8864192406259,0.9979140162467957,0.0022199004888534546
1432.887808142081,1.0012694597244263,0.0022213049232959747
1432.8891970435072,1.0016403198242188,0.002221782226115465
1432.8905859449626,0.9995312690734863,0.0022183528635650873
1432.891974846417,0.9977372884750366,0.0022175058256834745
1432.8933637478729,1.0024511814117432,0.002220048336312175
1432.8947526492998,1.0022081136703491,0.0022205524146556854
1432.8961415507542,1.0000187158584595,0.0022197323851287365
1432.8975304522094,0.9978380799293518,0.0022175442427396774
1432.8989193536356,0.9984045624732971,0.002217678353190422
1432.900308255091,1.0006217956542969,0.0022215875796973705
1432.9016971565177,0.9987354278564453,0.002218839479610324
1432.903086057944,1.0003831386566162,0.0022194867487996817
1432.9044749593984,0.9996616244316101,0.0022190604358911514
1432.9058638608246,1.0002524852752686,0.0022199249360710382
1432.9072527622513,0.9993816614151001,0.00221917312592268
1432.9086416637067,1.0025266408920288,0.002220611087977886
1432.9100305651327,0.9977705478668213,0.0022182855755090714
1432.9114194665588,0.9982602000236511,0.002219209913164377
1432.9128083679843,1.0016666650772095,0.002221867674961686
1432.914197269411,1.003676176071167,0.0022224909625947475
1432.915586170838,1.0058506727218628,0.002220385242253542
1432.9169750722633,1.0024073123931885,0.002219165675342083
1432.9183639736896,0.9998623728752136,0.0022191305179148912
1432.9197528751156,0.9987477660179138,0.0022168371360749006
1432.9211417765125,0.9980971813201904,0.0022185349371284246
1432.9225306779394,0.9999818205833435,0.0022175582125782967
1432.9239195793655,1.0018938779830933,0.002222052775323391
1432.925308480791,0.9985756278038025,0.0022178208455443382
1432.926697382188,0.9982141852378845,0.002218610141426325
1432.928086283615,1.0008269548416138,0.002219398971647024
1432.9294751850118,1.0023047924041748,0.0022220893297344446
1432.930864086438,1.000287652015686,0.0022200667299330235
1432.932252987835,0.9990211725234985,0.002218733774498105
1432.9336418892606,1.002065658569336,0.00221945159137249
1432.9350307906575,1.0014172792434692,0.002222360111773014
1432.9364196920553,1.0019785165786743,0.002219625748693943
1432.9378085934813,1.0033115148544312,0.0022217771038413048
1432.9391974948778,0.9975312948226929,0.0022187998984009027
1432.9405863962747,0.9983530640602112,0.0022182611282914877
1432.9419752976717,0.9997180104255676,0.002217770554125309
1432.9433641990688,0.998694658279419,0.0022182052489370108
1432.9447531004664,0.9986187219619751,0.0022186432033777237
1432.9461420018636,1.002152681350708,0.0022196248173713684
1432.9475309032598,0.9972783923149109,0.0022194581106305122
1432.948919804657,0.9985647797584534,0.002217260655015707
1432.9503087060546,1.0032626390457153,0.0022209398448467255
1432.9516976074517,0.999323844909668,0.002220427617430687
1432.9530865088486,0.9972078800201416,0.0022156978957355022
1432.9544754102455,1.0048872232437134,0.002221634378656745
1432.955864311613,0.9986266493797302,0.0022177905775606632
1432.9572532130107,0.9962014555931091,0.002219272078946233
1432.9586421144083,0.9973219037055969,0.0022175682242959738
1432.9600310157755,1.00035560131073,0.0022202967666089535
1432.9614199171726,1.0020625591278076,0.002221280476078391
1432.9628088185405,0.9996966123580933,0.002217655535787344
1432.9641977199083,0.9984710216522217,0.0022186809219419956
1432.965586621306,0.9966388940811157,0.0022158625070005655
1432.966975522674,1.0023243427276611,0.0022208269219845533
1432.9683644240413,0.9977479577064514,0.0022167833521962166
1432.9697533254382,0.9984241724014282,0.0022178138606250286
1432.971142226807,0.999148964881897,0.0022179747465997934
1432.9725311281748,1.002945065498352,0.0022234302014112473
1432.9739200295428,1.0041087865829468,0.0022233629133552313
1432.9753089309108,0.9979422688484192,0.002216506516560912
1432.976697832278,1.0033750534057617,0.0022218229714781046
1432.9780867336465,0.9974443912506104,0.0022171493619680405
1432.979475635015,1.0012991428375244,0.002219636458903551
1432.9808645363823,0.9972630739212036,0.0022186425048857927
1432.9822534377502,0.9973282217979431,0.002217249246314168
1432.9836423391182,0.9997336864471436,0.0022198848892003298
1432.9850312404562,0.9996591210365295,0.0022196529898792505
1432.986420141825,0.9985027313232422,0.0022194935008883476
1432.9878090431937,0.9999497532844543,0.002219895366579294
1432.9891979445317,0.9991635680198669,0.0022196494974195957
1432.9905868458998,0.9960050582885742,0.0022165917325764894
1432.9919757472676,1.0030027627944946,0.002222401788458228
1432.9933646486063,1.0019218921661377,0.002221240196377039
1432.9947535499457,1.0007002353668213,0.0022176785860210657
1432.9961424513137,0.9957978129386902,0.0022175998892635107
1432.9975313526518,0.9980154633522034,0.0022167633287608624
1432.9989202539907,0.9994038939476013,0.002217022003605962
1433.0003091553592,0.998862087726593,0.002217385685071349
1433.0016980566982,0.9983367919921875,0.002220519119873643
1433.0030869580362,1.0033352375030518,0.0022230329923331738
1433.0044758593751,1.0034409761428833,0.0022215358912944794
1433.005864760714,1.0030072927474976,0.0022191223688423634
1433.0072536620528,0.999305784702301,0.0022176294587552547
1433.0086425633922,0.9978752136230469,0.002215435728430748
1433.010031464731,1.000734567642212,0.0022219622042030096
1433.0114203660692,0.9999905228614807,0.0022183461114764214
1433.0128092674079,0.9998384118080139,0.002220819005742669
1433.0141981687475,1.0004178285598755,0.0022182511165738106
1433.015587070057,1.0030728578567505,0.0022217482328414917
1433.016975971396,1.000319242477417,0.002219555899500847
1433.018364872735,0.9981567859649658,0.002218568464741111
1433.019753774044,0.998306155204773,0.002218017354607582
1433.0211426753833,1.0012214183807373,0.0022203826811164618
1433.022531576723,1.0052437782287598,0.002223383402451873
1433.0239204780319,0.9992899894714355,0.002219146816059947
1433.0253093793415,1.0039571523666382,0.00222238851711154
1433.0266982806804,0.9985108375549316,0.002218070439994335
1433.0280871819903,0.998660147190094,0.002215426182374358
1433.0294760833006,1.0018154382705688,0.0022214530035853386
1433.0308649846395,1.0028175115585327,0.002222528913989663
1433.0322538859484,0.9988844394683838,0.0022178690414875746
1433.0336427872583,0.9981901049613953,0.002216027583926916
1433.0350316885686,0.9981212615966797,0.0022164564579725266
1433.0364205898784,1.0043816566467285,0.002220282331109047
1433.037809491188,1.0039936304092407,0.0022207004949450493
1433.0391983924976,0.9983018040657043,0.0022184348199516535
1433.0405872938065,1.0009520053863525,0.002219795249402523
1433.0419761951164,1.000427007675171,0.002220811555162072
1433.0433650964267,1.0032685995101929,0.0022202911786735058
1433.0447539977365,0.9999791979789734,0.0022183796390891075
1433.0461428990172,1.0043526887893677,0.0022218916565179825
1433.0475318003269,0.9978008270263672,0.002218556823208928
1433.048920701636,0.997939944267273,0.0022169402800500393
1433.0503096029172,1.0009911060333252,0.0022188695147633553
1433.0516985042275,1.001353144645691,0.002220544498413801
1433.0530874055366,0.9977737665176392,0.0022190192248672247
1433.0544763068172,1.0012880563735962,0.0022199656814336777
1433.0558652080979,1.0011849403381348,0.002220938680693507
1433.0572541094075,0.9965587854385376,0.0022164001129567623
1433.058643010689,1.0011540651321411,0.002219010144472122
1433.0600319119694,1.0009502172470093,0.002221867209300399
1433.0614208132786,1.0034427642822266,0.0022224714048206806
1433.062809714559,0.9990863800048828,0.0022200935054570436
1433.0641986158405,0.9982087016105652,0.002216343767940998
1433.065587517121,1.0018479824066162,0.002219041110947728
1433.066976418401,1.0010148286819458,0.002218754729256034
1433.0683653196816,1.0013281106948853,0.002220371039584279
1433.069754220962,0.9993209838867188,0.0022168466821312904
1433.0711431222428,0.9985883831977844,0.002218398731201887
1433.072532023524,1.0022189617156982,0.002219891408458352
1433.0739209248047,0.9985812902450562,0.0022162713576108217
1433.0753098260845,0.9988009929656982,0.0022164846304804087
1433.0766987273653,1.0011510848999023,0.002218887908384204
1433.0780876286174,0.9994360208511353,0.0022174210753291845
1433.079476529898,1.003433346748352,0.0022215568460524082
1433.0808654311495,0.9988874793052673,0.002217600354924798
1433.08225433243,0.998819887638092,0.0022179249208420515
1433.08364323371,0.998939037322998,0.0022170410957187414
1433.0850321349624,0.9990985989570618,0.0022172851022332907
1433.0864210362145,1.0040874481201172,0.0022209007292985916
1433.0878099374943,1.0008089542388916,0.002219017129391432
1433.089198838746,0.994593620300293,0.0022159586660563946
1433.0905877399973,0.9977375268936157,0.002217811532318592
1433.0919766412778,1.002816081047058,0.0022215438075363636
1433.0933655425301,1.0016249418258667,0.002219592221081257
1433.0947544437815,1.0003515481948853,0.0022185093257576227
1433.0961433450325,0.9973173141479492,0.002216144697740674
1433.097532246284,1.0019278526306152,0.0022199980448931456
1433.0989211475362,0.998581051826477,0.0022162452805787325
1433.1003100487876,0.9965485334396362,0.002216737950220704
1433.1016989500392,1.0027798414230347,0.002222940092906356
1433.1030878512906,1.0000196695327759,0.002217656234279275
1433.1044767525416,1.0074111223220825,0.002222515642642975
1433.1058656537639,1.0034798383712769,0.002219707239419222
1433.1072545550162,0.9968690872192383,0.002215395448729396
1433.1086434562676,1.0003541707992554,0.002219452289864421
1433.11003235749,0.9999927282333374,0.002218489535152912
1433.1114212587415,0.999264657497406,0.002220876980572939
1433.1128101599923,1.0031567811965942,0.0022227547597140074
1433.1141990612155,1.0029761791229248,0.0022194229532033205
1433.1155879624678,0.9963845610618591,0.0022161409724503756
1433.1169768636894,1.002198338508606,0.002219302114099264
1433.118365764912,1.0019350051879883,0.002220046240836382
1433.1197546661633,1.0008972883224487,0.0022193847689777613
1433.1211435673856,1.0029898881912231,0.0022203600965440273
1433.1225324686086,1.0046488046646118,0.0022232085466384888
1433.1239213698311,1.0006158351898193,0.002218679990619421
1433.1253102710527,1.0020438432693481,0.0022199072409421206
1433.1266991722753,0.9985963106155396,0.0022192937321960926
1433.1280880735274,0.9979444742202759,0.0022155907936394215
1433.1294769747499,1.0045838356018066,0.002221643691882491
1433.1308658759433,1.0009123086929321,0.002218418987467885
1433.1322547771656,0.9994951486587524,0.0022211552131921053
1433.1336436783872,1.0003718137741089,0.0022178548388183117
1433.1350325796095,0.998363196849823,0.0022199219092726707
1433.1364214808327,0.9977514743804932,0.002217151690274477
1433.137810382026,1.0021107196807861,0.002218092791736126
1433.1391992832478,1.003175139427185,0.0022232800256460905
1433.14058818447,0.9997723698616028,0.0022186916321516037
1433.1419770856642,0.9980781674385071,0.002218914683908224
1433.1433659868865,1.004276990890503,0.0022218753583729267
1433.14475488808,1.0002615451812744,0.0022173321340233088
1433.1461437893024,1.0015982389450073,0.0022192602045834064
1433.147532690495,0.996921956539154,0.0022179202642291784
1433.1489215916888,0.9996029138565063,0.0022162736859172583
1433.150310492912,1.0002273321151733,0.0022176988422870636
1433.1516993941045,1.0003694295883179,0.002217615721747279
1433.1530882952977,0.9994810223579407,0.002218392211943865
1433.1544771964911,1.0038180351257324,0.002219557063654065
1433.1558660976846,1.0037305355072021,0.0022207526490092278
1433.1572549988784,0.999573290348053,0.0022180054802447557
1433.1586439000719,1.003124713897705,0.00222066231071949
1433.1600328012644,1.003617763519287,0.0022197754587978125
1433.1614217024578,0.9993511438369751,0.0022185789421200752
1433.1628106036517,0.9988109469413757,0.002220546593889594
1433.164199504845,1.0012351274490356,0.0022189898882061243
1433.1655884060383,1.0009045600891113,0.002220685128122568
1433.1669773072315,1.0019851922988892,0.002218769397586584
1433.168366208395,1.0018900632858276,0.002220017137005925
1433.1697551095883,0.9978115558624268,0.002217958215624094
1433.171144010753,0.9987295866012573,0.002217046683654189
1433.1725329119465,0.997273325920105,0.0022156029008328915
1433.1739218131108,0.9993895888328552,0.0022183917462825775
1433.175310714304,1.0030553340911865,0.0022188613656908274
1433.1766996154677,0.9973832964897156,0.0022206599824130535
1433.1780885166615,0.9953985214233398,0.0022150916047394276
1433.1794774178263,1.0003067255020142,0.0022175898775458336
1433.18086631899,1.0018877983093262,0.002220559399574995
1433.182255220154,1.000383734703064,0.002218327485024929
1433.1836441213475,1.0016937255859375,0.0022176390048116446
1433.1850330225116,1.000252604484558,0.002218840643763542
1433.1864219236766,1.0044182538986206,0.0022200350649654865
1433.1878108248407,0.9987969994544983,0.00221644202247262
1433.1891997260043,0.9981797337532043,0.002217264845967293
1433.1905886271684,0.9998185634613037,0.0022183568216860294
1433.1919775283334,0.9993388652801514,0.0022169321309775114
1433.1933664294684,0.999474048614502,0.0022171775344759226
1433.1947553306325,1.0010806322097778,0.0022187153808772564
1433.1961442317968,0.9990102052688599,0.0022194816265255213
1433.1975331329602,1.0016449689865112,0.0022227794397622347
1433.1989220340954,1.0011074542999268,0.002219379646703601
1433.2003109352602,0.9991179704666138,0.0022179936058819294
1433.2016998363954,1.0047361850738525,0.002221581991761923
1433.2030887375588,1.0004099607467651,0.002218314679339528
1433.204477638694,1.001829981803894,0.0022190313320606947
1433.2058665398588,0.9969062805175781,0.0022200150415301323
1433.207255440994,1.0039583444595337,0.002218906069174409
1433.208644342158,0.9998334646224976,0.0022172904573380947
1433.210033243293,0.9970806837081909,0.002217230387032032
1433.2114221444276,1.0000125169754028,0.0022184571716934443
1433.2128110455635,0.9984449148178101,0.0022161900997161865
1433.2141999466992,1.0028436183929443,0.0022230346221476793
1433.2155888478335,1.0006943941116333,0.0022194671910256147
1433.2169777489687,0.9951711297035217,0.0022188371513038874
1433.2183666501037,0.9964277148246765,0.0022167006973177195
1433.2197555512387,1.002237319946289,0.0022204855922609568
1433.2211444523746,1.0011262893676758,0.0022213675547391176
1433.2225333535096,0.999740719795227,0.0022178194485604763
1433.223922254644,1.0008206367492676,0.0022175831254571676
1433.225311155779,0.9990604519844055,0.002217775210738182
1433.2267000568859,0.9988677501678467,0.002217521658167243
1433.2280889580209,1.0012385845184326,0.002219925867393613
1433.229477859156,1.0029308795928955,0.002220432972535491
1433.230866760262,1.0011606216430664,0.002216919092461467
1433.2322556613965,0.9983042478561401,0.002217831090092659
1433.233644562503,0.998174786567688,0.0022168979048728943
1433.2350334636387,0.9977462887763977,0.0022162653040140867
1433.2364223647442,0.998578667640686,0.0022175477351993322
1433.23781126585,0.9987816214561462,0.0022160860244184732
1433.2392001669853,1.0032553672790527,0.0022190730087459087
1433.2405890680905,1.0006725788116455,0.0022181221283972263
1433.2419779691973,0.998964786529541,0.002216295339167118
1433.243366870304,0.9997652173042297,0.002220689319074154
1433.2447557714092,1.0008474588394165,0.0022206606809049845
1433.2461446725154,1.0035606622695923,0.002221330301836133
1433.2475335736212,1.0038937330245972,0.0022220879327505827
1433.2489224747271,1.0006403923034668,0.00221845880150795
1433.2503113758337,1.0023754835128784,0.0022182182874530554
1433.2517002769398,0.9992195963859558,0.0022178280632942915
1433.253089178045,0.9982852935791016,0.002216651104390621
1433.254478079151,1.0024216175079346,0.0022183554247021675
1433.2558669802286,1.0025779008865356,0.0022183062974363565
1433.2572558813347,0.998695433139801,0.0022184012923389673
1433.2586447824408,0.9980250597000122,0.002218701411038637
1433.2600336835176,0.9966897964477539,0.0022170045413076878
1433.2614225846228,1.0009386539459229,0.002218416891992092
1433.2628114856996,1.0035901069641113,0.0022207864094525576
1433.2642003868064,1.0008748769760132,0.002218671841546893
1433.2655892878831,1.0032763481140137,0.0022210744209587574
1433.2669781889595,0.9995586276054382,0.002218583133071661
1433.2683670900653,1.0008258819580078,0.0022175011690706015
1433.269755991143,0.9993582963943481,0.0022159821819514036
1433.2711448922198,1.0025473833084106,0.002219568705186248
1433.2725337932968,1.0000278949737549,0.0022182839456945658
1433.2739226943738,1.0006048679351807,0.0022173624020069838
1433.27531159545,1.001832365989685,0.0022194809280335903
1433.2767004965274,1.000468134880066,0.002216225489974022
1433.278089397605,0.9995401501655579,0.0022175172343850136
1433.2794782986812,0.9992668628692627,0.0022181731183081865
1433.280867199758,1.0017763376235962,0.0022187328431755304
1433.282256100835,1.0010896921157837,0.002217936795204878
1433.283645001912,0.9964068531990051,0.0022159263025969267
1433.2850339029603,1.0008070468902588,0.002216991502791643
1433.2864228040373,1.0023036003112793,0.002221994800493121
1433.2878117050843,1.000857949256897,0.0022173221223056316
1433.2892006061613,1.0004746913909912,0.0022195165511220694
1433.2905895072388,0.9989539384841919,0.002216789871454239
1433.2919784082867,0.9987161755561829,0.002219146816059947
1433.2933673093344,1.0025041103363037,0.0022183263208717108
1433.2947562104112,1.0013819932937622,0.002220435766503215
1433.2961451114581,0.9996314644813538,0.002217222936451435
1433.2975340125067,1.0017222166061401,0.0022184315603226423
1433.2989229135844,1.0017495155334473,0.0022180986125022173
1433.3003118146314,1.0016789436340332,0.0022176431957632303
1433.3017007156793,0.9993286728858948,0.0022167253773659468
1433.303089616727,1.0007390975952148,0.0022174171172082424
1433.3044785177747,0.9995566606521606,0.0022174976766109467
1433.3058674188233,1.0020997524261475,0.002219715854153037
1433.307256319871,1.0017025470733643,0.0022189754527062178
1433.3086452209182,1.0020323991775513,0.0022190939635038376
1433.3100341219658,1.00079345703125,0.0022183002438396215
1433.3114230230142,1.0015169382095337,0.0022172292228788137
1433.312811924033,0.9980767965316772,0.0022173570469021797
1433.314200825081,0.9984058141708374,0.0022167088463902473
1433.3155897261286,0.9985565543174744,0.0022177963983267546
1433.3169786271467,1.0000832080841064,0.002218489535152912
1433.3183675281944,1.0009428262710571,0.0022181235253810883
1433.3197564292138,0.9970074892044067,0.0022155698388814926
1433.3211453302615,1.0016391277313232,0.0022186979185789824
1433.32253423128,0.9983556270599365,0.0022161994129419327
1433.323923132328,0.9968307614326477,0.002220215741544962
1433.3253120333459,0.998755693435669,0.0022184853442013264
1433.3267009343647,0.9970186948776245,0.002215486252680421
1433.328089835384,1.0024988651275635,0.0022189405281096697
1433.3294787364318,1.004748821258545,0.0022201882675290108
1433.3308676374497,0.9992737174034119,0.0022202457766979933
1433.3322565384685,0.9981139302253723,0.0022174904588609934
1433.3336454394878,0.9987974166870117,0.002217296976596117
1433.3350343405066,1.0025720596313477,0.002220090012997389
1433.3364232415252,0.999963641166687,0.0022185216657817364
1433.3378121425437,1.0029268264770508,0.002220449037849903
1433.3392010435327,0.999588131904602,0.0022165959235280752
1433.3405899445522,1.0018779039382935,0.002217812929302454
1433.3419788455715,0.9996137619018555,0.002217934699729085
1433.3433677465894,1.001615285873413,0.002219144720584154
1433.344756647579,1.0029550790786743,0.0022221107501536608
1433.3461455485976,1.0002509355545044,0.002217755187302828
1433.347534449587,1.0030502080917358,0.0022199249360710382
1433.3489233506066,0.9981294870376587,0.002215772168710828
1433.350312251596,0.996289074420929,0.0022170930169522762
1433.3517011526142,0.9979274868965149,0.002218385227024555
1433.3530900536036,1.0017144680023193,0.002219048561528325
1433.354478954594,1.0008925199508667,0.0022209584712982178
1433.3558678556126,0.997738778591156,0.0022163165267556906
1433.3572567566023,0.9980922341346741,0.002217430155724287
1433.3586456575918,0.9982946515083313,0.002217779401689768
1433.3600345585808,1.0004007816314697,0.0022178487852215767
1433.361423459571,1.0012428760528564,0.0022202159743756056
1433.362812360561,1.0016858577728271,0.002219064626842737
1433.36420126155,1.0030615329742432,0.0022198455408215523
1433.3655901625395,1.0011063814163208,0.0022188385482877493
1433.3669790635292,0.9998425841331482,0.002218588488176465
1433.368367964519,0.9980873465538025,0.002216034336015582
1433.36975686548,1.0021591186523438,0.0022204674314707518
1433.3711457664697,0.9986010789871216,0.00221631838940084
1433.3725346674585,0.9975865483283997,0.00221758964471519
1433.3739235684188,1.0003615617752075,0.0022200329694896936
1433.3753124694092,1.0016202926635742,0.0022175898775458336
1433.3767013703987,0.9991861581802368,0.00221762852743268
1433.378090271359,1.0011571645736694,0.0022169747389853
1433.3794791723196,1.001949429512024,0.0022201354149729013
1433.3808680733084,1.0006604194641113,0.0022185405250638723
1433.3822569742697,0.999592661857605,0.00221602083183825
1433.383645875231,0.9991796016693115,0.0022192553151398897
1433.3850347762198,0.997880220413208,0.0022184676490724087
1433.3864236771803,1.0011415481567383,0.002217344008386135
1433.3878125781407,1.0044423341751099,0.0022215715143829584
1433.389201479101,0.9998318552970886,0.0022177856881171465
1433.3905903800623,0.9999451041221619,0.0022201542742550373
1433.3919792810227,0.9966281056404114,0.002215020591393113
1433.3933681819824,0.9974349141120911,0.0022172443568706512
1433.3947570829423,1.0014861822128296,0.0022177339997142553
1433.3961459839036,1.00407874584198,0.0022197009529918432
1433.3975348848646,0.9986075162887573,0.0022170429583638906
1433.3989237857952,1.0017226934432983,0.0022194378543645144
1433.4003126867558,1.0016283988952637,0.0022199710365384817
1433.4017015877164,0.9999818205833435,0.00221942993812263
1433.403090488647,0.9971573352813721,0.0022166185081005096
1433.404479389608,1.0012106895446777,0.002219567773863673
1433.4058682905402,0.9967305064201355,0.0022163125686347485
1433.4072571914999,0.9992586374282837,0.0022197032812982798
1433.4086460924311,0.9983882904052734,0.0022150485310703516
1433.4100349933626,1.0002460479736328,0.002216798486188054
1433.4114238943232,1.0040947198867798,0.002219066023826599
1433.4128127952551,1.0015522241592407,0.0022191819734871387
1433.4142016961866,1.0023837089538574,0.0022178508806973696
1433.4155905971172,0.9981895089149475,0.002218386624008417
1433.4169794980487,1.0006060600280762,0.0022193272598087788
1433.4183683990098,1.0007892847061157,0.0022181295789778233
1433.4197572999412,0.9996936917304993,0.00221618777140975
1433.4211462008725,1.0027714967727661,0.002221431117504835
1433.4225351017747,0.9994469881057739,0.0022185975685715675
1433.4239240027052,0.9966680407524109,0.0022184341214597225
1433.4253129036374,1.0024712085723877,0.0022205442655831575
1433.4267018045696,0.9986093044281006,0.002218242036178708
1433.4280907055002,1.0001274347305298,0.002218056470155716
1433.4294796064025,1.0007994174957275,0.0022197163198143244
1433.4308685073338,0.999937891960144,0.002218157984316349
1433.432257408236,0.9994174242019653,0.002220000373199582
1433.4336463091681,0.9999058246612549,0.0022191661410033703
1433.4350352100703,0.9996435642242432,0.002220077207311988
1433.436424111001,0.9957120418548584,0.0022151917219161987
1433.4378130119032,0.9990738034248352,0.0022175516933202744
1433.439201912806,0.9977367520332336,0.002217051340267062
1433.4405908137376,0.9963956475257874,0.0022164888214319944
1433.44197971464,0.9976789355278015,0.002218160778284073
1433.443368615542,0.9954984188079834,0.002216310938820243
1433.4447575164438,0.9987599849700928,0.0022180387750267982
1433.4461464173467,0.9988189935684204,0.0022168536670506
1433.4475353182495,0.9996196627616882,0.0022201722022145987
1433.4489242191512,0.9998952746391296,0.002219781745225191
1433.4503131200534,1.0044211149215698,0.0022210259921848774
1433.4517020209557,0.9996172189712524,0.0022182937245815992
1433.4530909218581,1.0009775161743164,0.0022202336695045233
1433.454479822761,0.9985458254814148,0.0022208590526133776
1433.455868723634,0.9963642358779907,0.0022170646116137505
1433.4572576245357,0.998420774936676,0.0022197000216692686
1433.4586465254372,1.0022064447402954,0.002222594805061817
1433.460035426311,1.0001869201660156,0.0022194785997271538
1433.461424327214,1.0019283294677734,0.0022203007247298956
1433.4628132280866,0.9995760321617126,0.0022194080520421267
1433.4642021289887,1.0005700588226318,0.002218960551545024
1433.4655910298618,1.000030279159546,0.0022189163137227297
1433.466979930735,1.0007364749908447,0.002219279995188117
1433.468368831638,0.9996457099914551,0.002217600354924798
1433.4697577325112,1.0008111000061035,0.0022214250639081
1433.4711466333836,0.9998219609260559,0.002218658337369561
1433.4725355342568,1.000877857208252,0.0022192413453012705
1433.4739244351306,1.0010664463043213,0.0022206949070096016
1433.4753133360039,0.9970828890800476,0.0022166185081005096
1433.476702236877,1.0007790327072144,0.002218332840129733
1433.47809113775,0.997822105884552,0.0022179384250193834
1433.4794800386226,0.9991844296455383,0.0022203237749636173
1433.4808689394965,1.0016825199127197,0.0022217053920030594
1433.4822578403703,1.002318024635315,0.0022192371543496847
1433.4836467412135,0.998218834400177,0.0022197088692337275
1433.4850356420868,1.0043835639953613,0.0022216658107936382
1433.4864245429599,0.9988226890563965,0.0022160063963383436
1433.4878134438038,0.9972737431526184,0.002216871827840805
1433.4892023446778,0.9999144673347473,0.0022191188763827085
1433.4905912455217,1.0022422075271606,0.002220071852207184
1433.4919801463943,0.9951338171958923,0.0022150822915136814
1433.4933690472383,0.9967640042304993,0.0022174608893692493
1433.4947579480831,1.0013033151626587,0.002220200840383768
1433.4961468489562,1.0016608238220215,0.0022199659142643213
1433.4975357498004,1.0034676790237427,0.002220930764451623
1433.4989246506445,0.9983252882957458,0.0022189391311258078
1433.5003135514878,0.9982231259346008,0.002217113971710205
1433.5017024523318,0.9936186075210571,0.0022162161767482758
1433.5030913531766,1.000792145729065,0.0022192487958818674
1433.5044802540206,0.9983161687850952,0.0022187039721757174
1433.5058691548645,1.001430869102478,0.0022210231982171535
1433.5072580557087,1.0039044618606567,0.002221390837803483
1433.508646956552,1.0003329515457153,0.0022194089833647013
1433.5100358573968,1.0052474737167358,0.002222546376287937
1433.5114247582417,0.9974928498268127,0.0022187302820384502
1433.5128136590558,1.0026555061340332,0.0022216213401407003
1433.5142025599,1.0005477666854858,0.0022189037408679724
1433.5155914607149,1.0012999773025513,0.002219107700511813
1433.5169803615588,1.0002820491790771,0.0022207973524928093
1433.5183692623743,1.000588059425354,0.002220334019511938
1433.5197581632185,0.99889075756073,0.002222395734861493
1433.5211470640327,1.00059175491333,0.0022193787153810263
1433.5225359648762,0.9986907839775085,0.0022182695101946592
1433.523924865692,0.9999903440475464,0.0022189675364643335
1433.5253137665075,1.0003876686096191,0.002218274399638176
1433.5267026673216,1.0023173093795776,0.0022194997873157263
1433.5280915681367,1.002618670463562,0.0022210816387087107
1433.5294804689518,0.9974161386489868,0.0022172345779836178
1433.5308693697666,0.9998782277107239,0.0022203964181244373
1433.5322582705824,0.999996542930603,0.002218417590484023
1433.5336471713972,0.9971118569374084,0.002216614782810211
1433.5350360722114,0.9994059205055237,0.0022191868629306555
1433.5364249730262,1.0019371509552002,0.0022210257593542337
1433.537813873842,1.0014402866363525,0.0022223342675715685
1433.5392027746568,1.0003806352615356,0.002219596179202199
1433.5405916754428,1.0029075145721436,0.0022218930535018444
1433.5419805762579,1.0007051229476929,0.002219435293227434
1433.543369477043,1.0024465322494507,0.0022197426296770573
1433.5447583778584,0.9994753003120422,0.002219366142526269
1433.546147278645,1.0020722150802612,0.002220938680693507
1433.5475361794595,0.9978512525558472,0.002220331924036145
1433.5489250802452,0.9980098009109497,0.002215111395344138
1433.55031398106,0.9989601969718933,0.0022176725324243307
1433.551702881846,1.0010310411453247,0.0022196404170244932
1433.5530917826325,0.9975249767303467,0.002217742847278714
1433.5544806834184,0.9960664510726929,0.0022161630913615227
1433.5558695842035,1.0052812099456787,0.002223793650045991
1433.5572584849895,0.9980987906455994,0.0022160664666444063
1433.5586473857759,1.001888632774353,0.0022200108505785465
1433.5600362865619,0.9950490593910217,0.002215409418568015
1433.5614251873476,1.0024999380111694,0.0022201386746019125
1433.5628140881333,0.9992083311080933,0.0022185654379427433
1433.5642029889186,0.9976624846458435,0.0022180580999702215
1433.5655918897053,0.9977056980133057,0.0022169318981468678
1433.5669807904626,0.9961704015731812,0.002218046924099326
1433.5683696912477,1.0014030933380127,0.0022190005984157324
1433.5697585920336,0.9949505925178528,0.0022171863820403814
1433.5711474927903,0.9995689988136292,0.0022203305270522833
1433.572536393576,1.003028154373169,0.0022218411322683096
1433.5739252943335,1.0003396272659302,0.002221478149294853
1433.5753141951193,1.0020262002944946,0.002225137548521161
1433.5767030958755,1.001339077949524,0.002222520299255848
1433.578091996632,1.0029364824295044,0.0022223396226763725
1433.5794808974188,1.0033206939697266,0.0022220052778720856
1433.5808697981754,1.00176203250885,0.002219311660155654
1433.5919810042287,0.9996502995491028,0.00222140084952116
1433.5933699049572,1.0002518892288208,0.002220498165115714
1433.5947588057138,1.0008882284164429,0.002219059970229864
1433.5961477064704,1.0025098323822021,0.0022190434392541647
1433.5975366071982,1.0006282329559326,0.0022222530096769333
1433.5989255079542,1.004473090171814,0.0022228786256164312
1433.6003144086824,0.9992318749427795,0.0022178764920681715
1433.60170330944,1.0002694129943848,0.002220999915152788
1433.603092210167,0.9999772906303406,0.002223413670435548
1433.6044811108945,1.003423810005188,0.002222358249127865
1433.6058700116512,1.0029031038284302,0.002220853930339217
1433.607258912379,1.004909873008728,0.002222946146503091
1433.6086478131072,1.0005755424499512,0.0022177346982061863
1433.610036713835,1.006219744682312,0.0022230332251638174
1433.6114256145618,1.0004510879516602,0.0022193610202521086
1433.6128145152895,0.9994753003120422,0.0022186662536114454
1433.6142034160177,1.0030653476715088,0.0022231123875826597
1433.6155923167455,1.0027917623519897,0.002220550086349249
1433.616981217473,0.9983455538749695,0.0022189291194081306
1433.6183701182006,1.005712628364563,0.002223074436187744
1433.6197590189277,1.0022231340408325,0.002221343107521534
1433.621147919656,0.9978702068328857,0.0022168064024299383
1433.6225368203552,0.9985905289649963,0.0022173048928380013
1433.623925721082,1.0003018379211426,0.0022205442655831575
1433.6253146217807,1.0005513429641724,0.0022215652279555798
1433.6267035225085,1.0005263090133667,0.0022205638233572245
1433.6280924232062,1.0014724731445312,0.0022215675562620163
1433.6294813239344,0.9992857575416565,0.002217966830357909
1433.6308702246338,0.9994513392448425,0.00221871305257082
1433.6322591253315,0.9992960095405579,0.002219573361799121
1433.633648026059,1.0019398927688599,0.0022207663860172033
1433.6350369267577,1.0019891262054443,0.002221102360635996
1433.6364258274564,1.0042483806610107,0.0022231556940823793
1433.6378147281555,0.9961439967155457,0.002216896042227745
1433.6392036288541,0.9971718788146973,0.0022163952235132456
1433.640592529552,1.0015987157821655,0.002220529830083251
1433.6419814302506,1.0001970529556274,0.0022216658107936382
1433.6433703309497,0.9995425343513489,0.002221282571554184
1433.644759231648,1.0002269744873047,0.0022231624461710453
1433.6461481323465,0.999245822429657,0.002221092116087675
1433.6475370330452,1.0032463073730469,0.0022218781523406506
1433.6489259337138,1.0012259483337402,0.0022217370569705963
1433.6503148344132,1.0000357627868652,0.0022194699849933386
1433.6517037350834,0.9988698959350586,0.0022188881412148476
1433.6530926357811,1.0030289888381958,0.0022213575430214405
1433.6544815364498,1.0029144287109375,0.00222192844375968
1433.6558704371485,1.0016264915466309,0.0022190993186086416
1433.6572593378185,0.995876669883728,0.0022156029008328915
1433.6586482385171,0.9942623972892761,0.002217388479039073
1433.6600371391867,1.0017777681350708,0.002218759385868907
1433.661426039856,0.9987069368362427,0.0022174909245222807
1433.6628149405246,1.0024864673614502,0.0022238739766180515
1433.6642038411949,1.0015246868133545,0.0022209729067981243
1433.665592741894,1.0016216039657593,0.002219421323388815
1433.6669816425626,1.0049511194229126,0.0022240232210606337
1433.668370543203,1.0031071901321411,0.0022203789558261633
1433.6697594438726,1.002123475074768,0.0022215438075363636
1433.671148344542,0.9995289444923401,0.002221914241090417
1433.6725372452122,1.0014358758926392,0.0022211770992726088
1433.6739261458815,1.0003976821899414,0.0022188012953847647
1433.6753150465502,1.0000333786010742,0.0022192366886883974
1433.6767039471904,1.0034161806106567,0.0022209554444998503
1433.6780928478606,1.0031459331512451,0.0022219850216060877
1433.6794817485008,1.0010786056518555,0.00221949047408998
1433.6808706491704,1.001796007156372,0.002219410380348563
1433.6822595498109,0.9961352944374084,0.002217790111899376
1433.6836484504795,0.996983528137207,0.0022164981346577406
1433.6850373511204,1.002013921737671,0.0022192758042365313
1433.6864262517615,0.9986677765846252,0.002218870213255286
1433.6878151524304,1.0001248121261597,0.0022200902458280325
1433.6892040530706,1.0011738538742065,0.0022202476393431425
1433.6905929537108,1.0006685256958008,0.0022206127177923918
1433.6919818543513,0.9987428784370422,0.0022178743965923786
1433.6933707549922,1.0005121231079102,0.002219201996922493
1433.6947596556327,1.0038893222808838,0.0022218478843569756
1433.6961485562722,1.000025749206543,0.002221114933490753
1433.6975374569126,1.0028208494186401,0.002220857422798872
1433.6989263575535,1.001875400543213,0.0022209181915968657
1433.700315258165,0.9982724189758301,0.0022182895336300135
1433.7017041588051,0.9981163144111633,0.0022179330699145794
1433.7030930594453,0.9970421195030212,0.0022178206127136946
1433.704481960056,1.001360297203064,0.0022198569495230913
1433.7058708606971,1.0020887851715088,0.0022198613733053207
1433.707259761338,1.0008718967437744,0.00221990211866796
1433.7086486619485,0.9970065355300903,0.002216274617239833
1433.7100375625598,1.0042526721954346,0.0022227787412703037
1433.7114264632,0.9991894960403442,0.002218414330855012
1433.7128153638112,1.000787377357483,0.002220963593572378
1433.7142042644232,1.00001859664917,0.0022194613702595234
1433.7155931650343,1.002949833869934,0.002222130075097084
1433.716982065674,0.9956072568893433,0.002216140041127801
1433.7183709662847,0.9992170333862305,0.0022202630061656237
1433.7197598668965,1.0035285949707031,0.0022221908438950777
1433.7211487675083,1.0003716945648193,0.0022186264395713806
1433.722537668119,1.0033780336380005,0.002221320988610387
1433.7239265687301,0.998996376991272,0.002218704205006361
1433.7253154693124,0.9985474348068237,0.0022196457721292973
1433.7267043699235,0.9993029236793518,0.002218721667304635
1433.7280932705355,0.9972196221351624,0.002218453912064433
1433.7294821711466,1.003496766090393,0.0022204990964382887
1433.7308710717282,0.9985257387161255,0.0022202690597623587
1433.7322599723393,1.0052958726882935,0.002222595037892461
1433.7336488729222,0.9968822598457336,0.002217303728684783
1433.7350377735333,1.0015058517456055,0.0022195489145815372
1433.7364266741154,0.9999495148658752,0.0022182760294526815
1433.7378155746976,1.0001980066299438,0.002218901412561536
1433.739204475308,0.9998480677604675,0.00222024112008512
1433.7405933758907,1.0013729333877563,0.0022212639451026917
1433.7419822764737,0.9999967813491821,0.0022194089833647013
1433.7433711770552,0.9982864856719971,0.002217930741608143
1433.7447600776372,1.0031874179840088,0.002220460446551442
1433.7461489782484,1.0013344287872314,0.0022223633714020252
1433.7475378788015,1.0014066696166992,0.0022191861644387245
1433.7489267793842,1.0026017427444458,0.0022189728915691376
1433.7503156799664,1.0024359226226807,0.0022209342569112778
1433.7517045805478,1.00165855884552,0.0022206001449376345
1433.75309348113,1.000575065612793,0.0022201265674084425
1433.7544823817127,1.0001826286315918,0.0022205037530511618
1433.7558712822658,1.0007107257843018,0.0022199421655386686
1433.7572601828479,0.9986591935157776,0.0022211475297808647
1433.7586490834008,1.0023431777954102,0.0022228595335036516
1433.7600379839823,0.9959158897399902,0.0022154650650918484
1433.7614268845361,1.0022459030151367,0.0022229573223739862
1433.7628157851188,1.0000301599502563,0.0022189607843756676
1433.764204685671,1.0009880065917969,0.0022211605682969093
1433.7655935862242,1.0023144483566284,0.002223633462563157
1433.7669824868065,1.001680612564087,0.0022202981635928154
1433.7683713873594,0.9988155961036682,0.002218284411355853
1433.7697602879132,1.0009249448776245,0.002221854403614998
1433.771149188466,1.0056483745574951,0.0022241747938096523
1433.7725380890183,1.0014277696609497,0.002222262090072036
1433.7739269895712,1.0017863512039185,0.002222225069999695
1433.775315890125,0.9971656799316406,0.0022186446003615856
1433.776704790678,1.0045291185379028,0.0022235075011849403
1433.778093691231,0.9997326135635376,0.0022195957135409117
1433.7794825917842,1.002320408821106,0.0022202967666089535
1433.7808714923074,0.9989184737205505,0.002220198279246688
1433.7822603928605,0.9983356595039368,0.0022199442610144615
1433.783649293414,1.0034986734390259,0.002221421105787158
1433.7850381939381,1.0045576095581055,0.0022219663951545954
1433.7864270944904,1.0009218454360962,0.0022190436720848083
1433.7878159950142,1.0007327795028687,0.002220166614279151
1433.789204895539,1.0024229288101196,0.002220809692516923
1433.7905937960918,1.0013870000839233,0.0022212688345462084
1433.7919826966156,0.9984627366065979,0.002218618057668209
1433.7933715971396,1.0075923204421997,0.0022247470915317535
1433.7947604976628,1.0002089738845825,0.002221815288066864
1433.7961493982166,0.998914897441864,0.002220868831500411
1433.7975382987413,0.9987387657165527,0.0022198001388460398
1433.7989271992644,1.002352237701416,0.002223690738901496
1433.8003160997885,1.001672625541687,0.0022213018964976072
1433.8017050003123,1.0008667707443237,0.0022200520616024733
1433.803093900807,1.0022298097610474,0.002218850888311863
1433.8044828013317,1.0003100633621216,0.0022186455316841602
1433.8058717018555,1.0011483430862427,0.0022202718537300825
1433.8072606023786,1.0025806427001953,0.0022205642890185118
1433.8086495028735,1.0004568099975586,0.0022195400670170784
1433.8100384033976,0.9990565776824951,0.002219286747276783
1433.8114273038923,1.001762866973877,0.0022196515928953886
1433.812816204417,1.0002886056900024,0.0022183621767908335
1433.8142051049117,1.000261664390564,0.0022201102692633867
1433.815594005435,0.9977962970733643,0.0022173847537487745
1433.8169829059298,0.9979498982429504,0.0022186364512890577
1433.8183718064254,0.9996438026428223,0.002218766836449504
1433.8197607069492,0.9981800317764282,0.0022199146915227175
1433.8211496074439,1.002088189125061,0.0022202027030289173
1433.8225385079388,0.9970687627792358,0.0022176906932145357
1433.8239274084328,1.0001184940338135,0.002219440182670951
1433.8253163089282,1.0001965761184692,0.0022183300461620092
1433.8267052094238,0.9969686269760132,0.002217765199020505
1433.828094109918,1.0003998279571533,0.0022211531177163124
1433.8294830104128,0.9972506165504456,0.0022179551888257265
1433.8308719108784,1.0026606321334839,0.0022233156487345695
1433.8322608113733,1.0000965595245361,0.002220545429736376
1433.8336497118687,1.0015243291854858,0.0022205086424946785
1433.8350386123345,1.001685380935669,0.002220300491899252
1433.8364275128285,1.003049373626709,0.0022204976994544268
1433.8378164133235,0.9969517588615417,0.00221819244325161
1433.8392053137898,0.9982434511184692,0.0022211172617971897
1433.8405942142556,1.0029784440994263,0.0022225177381187677
1433.8419831147503,1.0028455257415771,0.0022211531177163124
1433.843372015216,1.0021336078643799,0.002219585934653878
1433.844760915681,1.0038731098175049,0.0022212828043848276
1433.8461498161466,1.0039305686950684,0.0022200834937393665
1433.8475387166422,0.9979432225227356,0.0022205973509699106
1433.8489276171078,1.0011743307113647,0.002221205970272422
1433.850316517573,1.0011273622512817,0.0022217989899218082
1433.8517054180386,1.001895546913147,0.002219970803707838
1433.8530943185049,1.0002150535583496,0.0022213144693523645
1433.8544832189416,0.9980835318565369,0.0022196185309439898
1433.8558721194074,1.000893473625183,0.002218838082626462
1433.857261019873,0.9997233152389526,0.0022214234340935946
1433.8586499203382,0.9974608421325684,0.0022169523872435093
1433.8600388207753,0.9985532164573669,0.002217101864516735
1433.8614277212416,1.000956654548645,0.002219841815531254
1433.8628166217068,1.000712275505066,0.0022188706789165735
1433.8642055221433,0.9994535446166992,0.002219322370365262
1433.86559442258,1.0011579990386963,0.0022209598682820797
1433.8669833230458,0.9994551539421082,0.002222120063379407
1433.868372223483,1.0019810199737549,0.0022223787382245064
1433.8697611239195,1.0003689527511597,0.0022247019223868847
1433.8711500243846,1.0026041269302368,0.0022231070324778557
1433.8725389248211,1.0026942491531372,0.0022228904999792576
1433.8739278252585,0.9971668124198914,0.0022171929012984037
1433.875316725695,1.0031383037567139,0.0022217221558094025
1433.8767056261315,1.002581000328064,0.00222143717110157
1433.8780945265682,1.002150058746338,0.0022194019984453917
1433.879483427004,0.99958735704422,0.002218975219875574
1433.8808723274415,1.0014287233352661,0.0022209198214113712
1433.8822612278498,0.9967750906944275,0.002216701628640294
1433.8836501282856,1.0040576457977295,0.0022207447327673435
1433.885039028722,1.001477599143982,0.0022201957181096077
1433.8864279291295,0.9993323683738708,0.002219441579654813
1433.8878168295662,1.0034301280975342,0.0022225945722311735
1433.8892057300034,1.0015206336975098,0.0022212034091353416
1433.890594630411,0.9965052604675293,0.0022192616015672684
1433.8919835308177,0.9957644939422607,0.002215778222307563
1433.8933724312544,1.0052103996276855,0.002223052317276597
1433.8947613316625,1.0019217729568481,0.002220672322437167
1433.89615023207,0.9984710216522217,0.0022177884820848703
1433.8975391324777,1.0007637739181519,0.0022191223688423634
1433.8989280329142,1.0010102987289429,0.0022176385391503572
1433.900316933321,0.9979041218757629,0.0022185465786606073
1433.9017058337292,1.0024241209030151,0.0022215989883989096
1433.9030947341373,0.9972023367881775,0.0022188369184732437
1433.904483634544,1.0019593238830566,0.002220074413344264
1433.9058725349225,1.004361867904663,0.0022237105295062065
1433.9072614353302,0.9978809952735901,0.0022185207344591618
1433.9086503357375,1.0002236366271973,0.002219154965132475
1433.9100392361458,0.9976913332939148,0.002218155888840556
1433.9114281365241,1.002156376838684,0.0022202616091817617
1433.912817036931,1.0017871856689453,0.0022212262265384197
1433.9142059373087,0.9994628429412842,0.002218211069703102
1433.9155948377168,0.9979400634765625,0.002217870904132724
1433.916983738096,1.001651406288147,0.002219497924670577
1433.9183726385027,0.9974777102470398,0.002216439228504896
1433.919761538881,1.0003639459609985,0.0022200450766831636
1433.9211504392595,1.0023887157440186,0.0022209659218788147
1433.922539339638,0.996552586555481,0.002218365902081132
1433.923928240017,0.9987349510192871,0.00221906672231853
1433.9253171404246,1.0010294914245605,0.002220852067694068
1433.9267060408022,1.000396490097046,0.002219289541244507
1433.9280949411807,0.9992055892944336,0.0022227270528674126
1433.9294838415306,1.0024334192276,0.0022209864109754562
1433.930872741909,1.0011415481567383,0.0022210439201444387
1433.9322616422874,1.0005784034729004,0.002219008980318904
1433.9336505426656,0.99839186668396,0.0022205167915672064
1433.9350394430433,1.0010809898376465,0.0022207973524928093
1433.9364283433933,1.0035847425460815,0.002221071859821677
1433.9378172437725,0.9987035989761353,0.002217726781964302
1433.939206144121,1.0033068656921387,0.002222395734861493
1433.9405950444996,0.9993904232978821,0.002221912844106555
1433.9419839448487,0.9977741837501526,0.0022178487852215767
1433.943372845227,1.0008018016815186,0.002219101181253791
1433.9447617455771,1.0008132457733154,0.002217344008386135
1433.9461506459263,1.003147840499878,0.002220198977738619
1433.947539546275,0.997576892375946,0.0022162972018122673
1433.9489284466533,0.9993703365325928,0.002218760084360838
1433.9503173470032,1.0003974437713623,0.0022185349371284246
1433.9517062473526,1.0033364295959473,0.0022219279780983925
1433.953095147702,0.9983882904052734,0.0022182080429047346
1433.9544840480512,1.000401496887207,0.0022185752168297768
1433.9558729483708,0.9977232217788696,0.0022185163106769323
1433.9572618487207,0.9995083212852478,0.0022201361134648323
1433.9586507490706,1.0003620386123657,0.002218902576714754
1433.9600396494193,0.9994602203369141,0.0022182499524205923
1433.9614285497394,0.9990336894989014,0.00221785856410861
1433.9628174500888,0.9990847110748291,0.0022188706789165735
1433.9642063504089,1.0063565969467163,0.002223688643425703
1433.965595250759,0.9978153705596924,0.0022163153626024723
1433.966984151079,0.9971498250961304,0.002217706758528948
1433.9683730514278,1.000771403312683,0.002220567548647523
1433.9697619517478,0.9980542659759521,0.0022172611206769943
1433.9711508520688,1.0019545555114746,0.002219365444034338
1433.972539752389,1.002761960029602,0.002221228089183569
1433.973928652738,0.9970741868019104,0.002216214081272483
1433.9753175530584,1.0013256072998047,0.0022214429918676615
1433.9767064533778,0.9986760020256042,0.0022185971029102802
1433.978095353698,1.0021473169326782,0.0022204748820513487
1433.9794842540189,1.004072904586792,0.0022213528864085674
1433.98087315431,1.004839539527893,0.0022214273922145367
1433.9822620546295,1.0026123523712158,0.0022203128319233656
1433.9836509549498,0.9974297881126404,0.0022190797608345747
1433.9850398552705,1.0002079010009766,0.0022207219153642654
1433.9864287555617,1.0018699169158936,0.0022223172709345818
1433.9878176558818,1.0009242296218872,0.002221144735813141
1433.9892065561728,1.0022437572479248,0.002223399467766285
1433.9905954564924,1.0008078813552856,0.002220533322542906
1433.9919843567843,0.9999074339866638,0.002220331458374858
1433.993373257105,0.9991310834884644,0.002217995934188366
1433.9947621573954,1.0009820461273193,0.0022208308801054955
1433.9961510576866,1.0016348361968994,0.0022187877912074327
1433.9975399579776,1.0018869638442993,0.0022199812810868025
1433.9989288582976,1.001065969467163,0.002220044145360589
1434.0003177585895,1.0021682977676392,0.0022204078268259764
1434.0017066588805,0.9983932971954346,0.0022194948978722095
1434.003095559171,1.0016440153121948,0.002220777329057455
1434.004484459462,1.000611662864685,0.0022179929073899984
1434.0058733597248,1.0037022829055786,0.002221275819465518
1434.0072622600158,0.9980133175849915,0.0022166790440678596
1434.008651160307,1.0016365051269531,0.0022189749870449305
1434.0100400605982,0.9995254278182983,0.0022193402983248234
1434.0114289608593,1.002342939376831,0.0022202059626579285
1434.012817861151,1.0026218891143799,0.002221939619630575
1434.0142067614138,1.0031777620315552,0.0022218527738004923
1434.015595661704,0.9985359907150269,0.0022176564671099186
1434.016984561966,0.9974209070205688,0.00221713213250041
1434.0183734622572,0.9982285499572754,0.002218057634308934
1434.0197623625193,1.0011800527572632,0.0022188895381987095
1434.0211512627818,1.0024712085723877,0.002222484676167369
1434.022540163044,0.9995182156562805,0.0022205833811312914
1434.023929063305,1.0002107620239258,0.002219091635197401
1434.0253179635963,0.998288094997406,0.002217998495325446
1434.0267068638589,1.0019919872283936,0.002221479779109359
1434.0280957640916,0.999049723148346,0.0022171649616211653
1434.0294846643535,0.9981552958488464,0.0022171109449118376
1434.0308735646156,1.0019434690475464,0.0022208578884601593
1434.0322624648768,1.0010302066802979,0.0022184238769114017
1434.0336513651396,0.9997486472129822,0.002220010617747903
1434.0350402653733,0.9980428218841553,0.0022176166530698538
1434.0364291656344,0.9995811581611633,0.0022189472801983356
1434.0378180658965,1.0011208057403564,0.0022187812719494104
1434.0392069661293,1.0004420280456543,0.0022175293415784836
1434.0405958663912,0.9976136088371277,0.002216110937297344
1434.0419847666242,0.9996507167816162,0.0022200606763362885
1434.0433736668572,1.000194787979126,0.002219243673607707
1434.044762567119,0.9972648620605469,0.0022184140980243683
1434.0461514673511,1.0024082660675049,0.002219199202954769
1434.0475403675848,1.000333547592163,0.0022213140036910772
1434.0489292678183,0.9998388290405273,0.0022188692819327116
1434.0503181680504,1.0012433528900146,0.002225335221737623
1434.0517070682833,1.0028587579727173,0.0022202914115041494
1434.0530959685163,1.0027062892913818,0.0022215344943106174
1434.0544848687491,1.000457763671875,0.0022199165541678667
1434.0558737689828,0.9979472160339355,0.0022183603141456842
1434.0572626691865,1.0041933059692383,0.002221949165686965
1434.0586515694185,0.9982724189758301,0.0022211417090147734
1434.0600404696513,1.0002089738845825,0.002218027599155903
1434.061429369856,1.0046298503875732,0.0022209978196769953
1434.0628182700887,0.9970818161964417,0.0022181663662195206
1434.0642071702925,1.002949595451355,0.0022217603400349617
1434.0655960705255,1.0001791715621948,0.0022206685971468687
1434.0669849707285,1.0002609491348267,0.002218113746494055
1434.0683738709329,0.9981306195259094,0.0022209109738469124
1434.0697627711666,0.9985175132751465,0.002220271620899439
1434.0711516713698,0.9994805455207825,0.0022194180637598038
1434.0725405715734,0.9975809454917908,0.0022184494882822037
1434.073929471777,1.0003485679626465,0.002219740068539977
1434.075318371981,1.0035748481750488,0.002221073489636183
1434.0767072721853,0.9982393383979797,0.002218114910647273
1434.0780961723892,0.9986580014228821,0.002218530746176839
1434.0794850725922,0.9968142509460449,0.002217147033661604
1434.080873972796,0.9990850687026978,0.002217930508777499
1434.0822628729713,0.9991873502731323,0.002220056252554059
1434.0836517731752,0.9999217987060547,0.002218608045950532
1434.085040673379,1.0002425909042358,0.0022202928084880114
1434.0864295735535,1.002443790435791,0.002220915397629142
1434.0878184737567,1.0026534795761108,0.0022224236745387316
1434.0892073739321,0.998263955116272,0.0022161537781357765
1434.0905962741365,0.9995524883270264,0.002219074172899127
1434.0919851743104,0.9964162111282349,0.002216397551819682
1434.0933740744852,0.9988897442817688,0.0022197694052010775
1434.0947629746597,0.9995514750480652,0.0022191819734871387
1434.0961518748634,0.997123122215271,0.002216811291873455
1434.0975407750389,0.9988955855369568,0.002220508875325322
1434.0989296752134,0.9996073842048645,0.0022194385528564453
1434.1003185753875,0.9993738532066345,0.0022175339981913567
1434.101707475562,1.002003788948059,0.002220096765086055
1434.1030963757376,0.9996960759162903,0.0022154878824949265
1434.104485275883,0.9989357590675354,0.0022152375895529985
1434.1058741760571,1.0005419254302979,0.0022181528620421886
1434.1072630762317,1.0007258653640747,0.002219080226495862
1434.1086519763774,1.000450611114502,0.0022176746279001236
1434.110040876552,1.0001455545425415,0.0022151072043925524
1434.1114297767274,1.0002062320709229,0.0022171232849359512
1434.1128186768728,1.0001096725463867,0.002216571243479848
1434.1142075770179,1.0002987384796143,0.0022178753279149532
1434.1155964771924,0.9994300603866577,0.0022175710182636976
1434.1169853773388,1.0022714138031006,0.002217608969658613
1434.1183742774842,0.997730016708374,0.002217112574726343
1434.1197631776297,1.000712275505066,0.002216364722698927
1434.1211520778045,1.0014969110488892,0.0022175174672156572
1434.1225409779493,1.0004522800445557,0.002218192908912897
1434.1239298780954,1.001132607460022,0.002221121918410063
1434.1253187782418,1.0000520944595337,0.002217038767412305
1434.1267076783868,1.001121997833252,0.002216768218204379
1434.1280965785031,1.0009849071502686,0.0022152536548674107
1434.1294854786486,0.999296247959137,0.0022166301496326923
1434.1308743787943,1.0010738372802734,0.0022203263361006975
1434.1322632789113,1.0012683868408203,0.0022189763840287924
1434.133652179057,0.9999794960021973,0.0022165593691170216
1434.1350410792018,0.9970201253890991,0.0022157132625579834
1434.1364299793183,0.9994609355926514,0.002220482798293233
1434.1378188794645,0.9971157312393188,0.002216407097876072
1434.139207779581,0.997008204460144,0.0022147318813949823
1434.1405966796974,0.9954056143760681,0.0022139884531497955
1434.1419855798138,1.0008623600006104,0.0022202732507139444
1434.1433744799588,0.9977632761001587,0.002215965883806348
1434.144763380076,1.0016963481903076,0.0022193402983248234
1434.146152280193,0.9984591007232666,0.0022161288652569056
1434.1475411803087,1.000286340713501,0.0022188315633684397
1434.1489300804253,1.0004712343215942,0.002217857865616679
1434.150318980542,0.9999426007270813,0.002217021305114031
1434.1517078806583,1.0035606622695923,0.0022199819795787334
1434.1530967807464,1.0008505582809448,0.002217061584815383
1434.1544856808628,1.0031830072402954,0.002220615977421403
1434.1558745809784,1.0033354759216309,0.0022189065348356962
1434.1572634810657,1.0012423992156982,0.0022184911649674177
1434.158652381183,0.9988373517990112,0.0022187966387718916
1434.1600412812702,0.9995432496070862,0.002216856461018324
1434.1614301813868,0.9996818900108337,0.0022173936013132334
1434.1628190814743,0.9999018907546997,0.002219723304733634
1434.16420798159,1.0011738538742065,0.002218469977378845
1434.1655968816779,0.9979463815689087,0.00221593352034688
1434.166985781766,1.0015738010406494,0.002219407819211483
1434.1683746818528,1.0001800060272217,0.002217588247731328
1434.16976358194,1.001468300819397,0.0022167745046317577
1434.1711524820273,0.9965690970420837,0.0022141067311167717
1434.1725413821148,1.0015857219696045,0.002219730755314231
1434.173930282202,1.0003635883331299,0.00221766484901309
1434.1753191822893,1.0002387762069702,0.002218539360910654
1434.1767080823768,1.0029486417770386,0.0022192944306880236
1434.1780969824342,0.9989628195762634,0.002218308625742793
1434.1794858825224,1.000394344329834,0.002220229711383581
1434.1808747826105,0.998519241809845,0.002218610141426325
1434.182263682668,1.0004644393920898,0.0022165512200444937
1434.1836525827555,0.9997963905334473,0.002216534223407507
1434.1850414828136,1.002003788948059,0.0022189300507307053
1434.1864303829009,0.9996639490127563,0.0022188739385455847
1434.18781928296,0.9993121027946472,0.002216552384197712
1434.189208183018,0.9989053010940552,0.00221766484901309
1434.1905970830755,0.9984543323516846,0.0022165048867464066
1434.191985983163,0.9984117746353149,0.002216663910076022
1434.1933748832218,1.00087308883667,0.0022173698525875807
1434.1947637832802,1.0034775733947754,0.0022194653283804655
1434.1961526833386,1.0032986402511597,0.002221333794295788
1434.1975415833676,1.0002739429473877,0.002218256937339902
1434.1989304834253,1.0033669471740723,0.002219696994870901
1434.2003193834842,1.0004769563674927,0.0022181959357112646
1434.201708283543,1.005336046218872,0.0022210448514670134
1434.2030971836007,0.9986358284950256,0.002216690918430686
1434.2044860836297,1.0028935670852661,0.0022220388054847717
1434.205874983688,1.0011072158813477,0.002219793852418661
1434.2072638837171,1.002286434173584,0.0022211798932403326
1434.2086527837762,0.9996262192726135,0.0022190033923834562
1434.2100416838052,1.0018810033798218,0.0022190846502780914
1434.2114305838338,0.9963423609733582,0.002214114647358656
1434.212819483892,1.0023791790008545,0.0022198869846761227
1434.214208383922,1.0012675523757935,0.0022191773168742657
1434.215597283951,0.9973855018615723,0.002215126296505332
1434.21698618398,0.9993796348571777,0.002217083005234599
1434.2183750840093,1.0023492574691772,0.002219266025349498
1434.2197639840376,1.0009267330169678,0.002216646447777748
1434.2211528840674,1.000424861907959,0.0022208448499441147
1434.2225417840973,1.0007225275039673,0.0022173207253217697
1434.2239306840968,0.9963724613189697,0.002216120483353734
1434.2253195841258,1.0020878314971924,0.002218517241999507
1434.2267084841549,1.001623272895813,0.0022193111944943666
1434.228097384155,1.0009828805923462,0.002218222012743354
1434.2294862841848,1.0018165111541748,0.0022172110620886087
1434.230875184185,1.0002504587173462,0.002218181500211358
1434.2322640842133,0.999550461769104,0.0022166678681969643
1434.2336529842134,0.9990813136100769,0.0022167284041643143
1434.2350418842432,0.9972826242446899,0.002218622947111726
1434.2364307842433,0.9992673397064209,0.0022180171217769384
1434.2378196842426,0.9964749217033386,0.002216473687440157
1434.2392085842428,0.9976911544799805,0.002217454370111227
1434.2405974842427,1.0028542280197144,0.002220479305833578
1434.2419863842426,0.9971487522125244,0.0022187153808772564
1434.2433752842435,0.998034656047821,0.0022168185096234083
1434.2447641842434,0.9994538426399231,0.002220960333943367
1434.246153084243,0.9990765452384949,0.002217767061665654
1434.2475419842428,1.0016447305679321,0.0022194639313966036
1434.2489308842146,0.9993685483932495,0.0022204804699867964
1434.2503197842145,1.0041558742523193,0.002220430877059698
1434.2517086841856,1.0026649236679077,0.002220270922407508
1434.2530975841855,1.000508189201355,0.002219814108684659
1434.254486484156,1.003456711769104,0.002221865113824606
1434.2558753841565,1.0065746307373047,0.0022227661684155464
1434.257264284128,1.0008430480957031,0.0022190797608345747
1434.2586531840984,0.9988170266151428,0.002217591041699052
1434.2600420840984,0.9993324875831604,0.0022191365715116262
1434.26143098407,1.0004401206970215,0.0022195412311702967
1434.262819884041,1.000421404838562,0.0022188813891261816
1434.264208784012,1.0009610652923584,0.0022207756992429495
1434.265597683983,1.0030666589736938,0.002221896545961499
1434.2669865839532,1.0039469003677368,0.002221657196059823
1434.2683754839247,1.001729965209961,0.0022233889903873205
1434.2697643838965,1.0018683671951294,0.0022202597465366125
1434.2711532838375,1.003108024597168,0.002220999216660857
1434.2725421838084,0.9982303977012634,0.002217304427176714
1434.2739310837794,1.000754714012146,0.0022167807910591364
1434.2753199837214,0.9959351420402527,0.0022148580756038427
1434.276708883693,0.9983183741569519,0.0022168171126395464
1434.2780977836348,1.0027655363082886,0.0022189277224242687
1434.279486683605,1.000002384185791,0.0022170261945575476
1434.280875583547,1.0003595352172852,0.0022175800986588
1434.2822644834894,0.9990749955177307,0.002216183114796877
1434.2836533834313,0.9995813369750977,0.0022178967483341694
1434.285042283373,0.9989728927612305,0.002216849708929658
1434.286431183344,0.9998947978019714,0.0022176781203597784
1434.287820083285,1.0026189088821411,0.0022195291239768267
1434.2892089831985,1.0011677742004395,0.0022182553075253963
1434.2905978831411,1.0012727975845337,0.00221881247125566
1434.2919867830822,1.0008546113967896,0.0022183286491781473
1434.2933756830241,1.0019010305404663,0.0022182611282914877
1434.2947645829659,1.002333641052246,0.0022204406559467316
1434.2961534828785,0.9976989030838013,0.0022160436492413282
1434.2975423828211,1.0013099908828735,0.0022165931295603514
1434.2989312827629,0.9971948862075806,0.0022159635554999113
1434.300320182675,0.9997594356536865,0.002219058573246002
1434.301709082587,0.9998640418052673,0.0022155747283250093
1434.3030979825296,1.0044426918029785,0.0022193598560988903
1434.304486882443,1.0077050924301147,0.0022229610476642847
1434.3058757823549,1.0003235340118408,0.0022168231662362814
1434.3072646822677,1.0022300481796265,0.0022181286476552486
1434.3086535822097,1.0020087957382202,0.002219101646915078
1434.3100424821223,0.9992139339447021,0.0022167833521962166
1434.3114313820358,0.998795211315155,0.0022176504135131836
1434.3128202819194,1.0020227432250977,0.002218626905232668
1434.3142091818315,0.9998646378517151,0.00221791910007596
1434.3155980817442,0.9995001554489136,0.002217018511146307
1434.3169869816575,1.0017032623291016,0.00221779802814126
1434.31837588157,0.9998112320899963,0.002218434354290366
1434.3197647814538,0.9993793964385986,0.002216193825006485
1434.3211536813667,0.9985460638999939,0.002215486252680421
1434.3225425812495,1.0017399787902832,0.002217209432274103
1434.3239314811628,1.0043593645095825,0.0022195247001945972
1434.3253203810473,1.0006601810455322,0.002217492088675499
1434.3267092809303,1.0005296468734741,0.0022173773031681776
1434.328098180843,1.0005519390106201,0.0022167712450027466
1434.3294870807265,0.9980663061141968,0.0022171863820403814
1434.3308759806102,0.9982800483703613,0.0022189656738191843
1434.3322648804944,0.9988333582878113,0.0022150895092636347
1434.3336537803782,1.0027551651000977,0.0022207151632755995
1434.335042680261,1.00124192237854,0.0022172436583787203
1434.3364315801448,1.0013372898101807,0.0022170771844685078
1434.337820480029,1.002232313156128,0.0022170492447912693
1434.3392093798836,1.000357747077942,0.002218601992353797
1434.3405982797672,0.9998054504394531,0.0022174136247485876
1434.3419871796507,0.9983795881271362,0.0022154957987368107
1434.3433760795047,0.9979716539382935,0.002216382883489132
1434.344764979389,0.9988892674446106,0.002215387299656868
1434.3461538792442,1.004122257232666,0.002219441579654813
1434.347542779127,0.9992481470108032,0.0022178790532052517
1434.3489316789817,1.0029146671295166,0.002219749614596367
1434.350320578836,1.0016807317733765,0.0022184508852660656
1434.3517094786905,0.9996150135993958,0.002214987063780427
1434.353098378575,1.0042800903320312,0.0022213864140212536
1434.3544872784294,1.0028138160705566,0.0022232052870094776
1434.3558761782833,0.9994345903396606,0.002218191511929035
1434.3572650781377,0.9966375827789307,0.0022165949922055006
1434.358653977993,1.0026943683624268,0.00221776170656085
1434.3600428778184,1.0018340349197388,0.0022175703197717667
1434.361431777673,1.0014357566833496,0.0022192515898495913
1434.3628206775277,0.9992325305938721,0.002216585213318467
1434.3642095773814,0.9986834526062012,0.0022179491352289915
1434.3655984772067,1.0015103816986084,0.002217217581346631
1434.366987377062,1.0026912689208984,0.002219652757048607
1434.3683762768874,1.0010466575622559,0.002218443201854825
1434.3697651767413,0.9991583228111267,0.0022163474932312965
1434.3711540765667,1.0030242204666138,0.0022191032767295837
1434.3725429763929,1.0015933513641357,0.0022204802371561527
1434.3739318762182,1.0030757188796997,0.0022189519368112087
1434.3753207760726,0.9983585476875305,0.002218805253505707
1434.3767096758982,1.0047342777252197,0.002220149151980877
1434.3780985757228,1.000598669052124,0.0022186841815710068
1434.379487475549,1.0020681619644165,0.002219234826043248
1434.380876375375,1.0025383234024048,0.0022189600858837366
1434.3822652751708,0.9959984421730042,0.0022163069806993008
1434.383654174996,1.0015230178833008,0.0022196939680725336
1434.3850430748214,0.9990036487579346,0.002216435270383954
1434.386431974647,0.9986650347709656,0.0022194182965904474
1434.3878208744438,1.0040026903152466,0.0022201784886419773
1434.3892097742694,1.002091407775879,0.002218699548393488
1434.390598674065,0.9992064833641052,0.0022180331870913506
1434.3919875738904,1.0016343593597412,0.0022171163000166416
1434.3933764736873,0.9956103563308716,0.00221359939314425
1434.3947653734838,0.9969773292541504,0.0022159405052661896
1434.3961542732802,0.9980702996253967,0.0022171579767018557
1434.3975431731055,1.0043257474899292,0.002220787340775132
1434.398932072901,1.0005205869674683,0.002219679532572627
1434.4003209726982,0.9952449798583984,0.0022142871748656034
1434.401709872495,0.9992460012435913,0.00221796752884984
1434.4030987722906,0.9980186223983765,0.002216220134869218
1434.404487672058,0.9983607530593872,0.002216680208221078
1434.4058765718544,1.0010647773742676,0.0022157980129122734
1434.4072654716506,0.9994118213653564,0.002217371016740799
1434.4086543714477,1.0008430480957031,0.00221729907207191
1434.4100432712148,1.002644419670105,0.002219044603407383
1434.4114321710103,1.001861572265625,0.0022208865266293287
1434.4128210707775,0.9989070892333984,0.0022197295911610126
1434.4142099705746,0.9993109107017517,0.0022187470458447933
1434.4155988703417,0.9992074966430664,0.0022171156015247107
1434.416987770109,1.000448226928711,0.0022180494852364063
1434.4183766698764,1.001988172531128,0.0022194420453161
1434.4197655696719,1.001347541809082,0.0022178753279149532
1434.4211544694397,0.9985207915306091,0.0022180448286235332
1434.4225433692077,1.0001288652420044,0.002220365684479475
1434.4239322689743,0.9998947381973267,0.0022160776425153017
1434.4253211687414,0.9996891617774963,0.0022162068635225296
1434.4267100684795,0.9981000423431396,0.0022161873057484627
1434.4280989682468,0.996266782283783,0.0022151097655296326
1434.4294878680146,1.0004234313964844,0.002217426896095276
1434.430876767782,1.002916932106018,0.002218657871708274
1434.4322656675192,0.9997113943099976,0.002217154251411557
1434.4336545672857,1.0018597841262817,0.002217084402218461
1434.4350434670246,1.0003540515899658,0.0022156944032758474
1434.4364323667926,1.0016695261001587,0.0022163218818604946
1434.43782126653,1.0028334856033325,0.002218585228547454
1434.4392101662681,0.9961292147636414,0.0022123923990875483
1434.4405990660061,1.0002944469451904,0.00221834983676672
1434.4419879657733,1.0029182434082031,0.0022195943165570498
1434.4433768655122,0.9990442395210266,0.0022147495765239
1434.4447657652502,0.9985849857330322,0.0022152760066092014
1434.4461546649875,0.9985233545303345,0.0022165037225931883
1434.4475435647264,1.0008469820022583,0.0022182120010256767
1434.4489324644362,1.0023113489151,0.0022199389059096575
1434.4503213641735,1.0008968114852905,0.0022167537827044725
1434.4517102639118,1.0001654624938965,0.0022163446992635727
1434.4530991636207,0.9989221692085266,0.0022181516978889704
1434.4544880633587,1.000206708908081,0.0022167048882693052
1434.4558769630976,1.000585913658142,0.002220284193754196
1434.4572658628065,1.002096176147461,0.0022197552025318146
1434.458654762515,0.997004508972168,0.0022186182904988527
1434.460043662253,0.9979805946350098,0.0022159188520163298
1434.4614325619627,1.0006322860717773,0.0022182376123964787
1434.4628214616716,1.000715970993042,0.002217767294496298
1434.4642103613808,0.9978417754173279,0.0022175656631588936
1434.4655992610897,0.9997559785842896,0.002216906286776066
1434.466988160798,1.0008167028427124,0.0022188075818121433
1434.4683770605077,0.9987489581108093,0.0022168373689055443
1434.4697659602173,1.0053826570510864,0.0022195030469447374
1434.4711548599257,1.0014241933822632,0.002217402681708336
1434.4725437596346,0.9999166131019592,0.002217110013589263
1434.4739326593146,1.0004037618637085,0.0022176748607307673
1434.4753215590238,1.0026137828826904,0.002220884896814823
1434.4767104587334,0.9997330904006958,0.0022171109449118376
1434.4780993584131,0.9980220198631287,0.0022164026740938425
1434.4794882581216,0.9993342757225037,0.002217117929831147
1434.4808771578014,0.9978392720222473,0.0022139050997793674
1434.482266057482,0.9972058534622192,0.002214874839410186
1434.483654957162,0.9996527433395386,0.002216852270066738
1434.4850438568708,0.9988940954208374,0.002216329099610448
1434.4864327565508,0.9962049722671509,0.002214152365922928
1434.48782165623,0.9989202618598938,0.0022193456534296274
1434.4892105559106,1.0020997524261475,0.002219089772552252
1434.4905994555913,1.0004327297210693,0.002218188950791955
1434.4919883552705,0.9988184571266174,0.002215885790064931
1434.4933772549211,0.9983223676681519,0.0022176639176905155
1434.494766154601,1.0011299848556519,0.0022188883740454912
1434.496155054281,0.99811851978302,0.002217847155407071
1434.4975439539319,0.9998274445533752,0.002216718392446637
1434.4989328536117,1.0019704103469849,0.0022179502993822098
1434.5003217532624,0.9997302889823914,0.002217717468738556
1434.5017106529417,0.9986796975135803,0.002215829212218523
1434.5030995525933,0.9983624219894409,0.0022155519109219313
1434.5044884522447,0.9987586140632629,0.0022172057069838047
1434.5058773519238,0.9961327314376831,0.002214653417468071
1434.5072662515747,0.9999773502349854,0.002215834567323327
1434.5086551512254,0.9993572235107422,0.002215977292507887
1434.510044050876,0.9965735077857971,0.00221396260894835
1434.5114329505277,1.0006364583969116,0.0022188150323927402
1434.5128218501784,0.9940598607063293,0.0022139635402709246
1434.5142107497995,0.9981162548065186,0.00221808347851038
1434.5155996494502,0.9977016448974609,0.0022170026786625385
1434.5169885491018,1.002382516860962,0.0022172771859914064
1434.5183774487525,1.0028480291366577,0.00221778335981071
1434.5197663483743,0.9980682134628296,0.002215817105025053
1434.5211552480253,0.9993368983268738,0.0022181912790983915
1434.5225441476462,0.9993518590927124,0.0022175738122314215
1434.5239330472684,1.0006083250045776,0.002216318156570196
1434.52532194692,0.9975558519363403,0.0022181509993970394
1434.526710846541,0.9988182187080383,0.0022159917280077934
1434.5280997461625,1.0008666515350342,0.0022182310931384563
1434.5294886457843,1.0028828382492065,0.002219022251665592
1434.5308775454062,0.9984301328659058,0.0022166790440678596
1434.5322664450284,1.000497579574585,0.002217733534052968
1434.5336553446502,0.9979836344718933,0.0022154953330755234
1434.5350442442711,1.0020641088485718,0.002219897462055087
1434.536433143893,1.0014618635177612,0.0022185631096363068
1434.5378220435152,1.001165747642517,0.0022172497119754553
1434.539210943108,1.0026934146881104,0.0022188094444572926
1434.5405998427295,1.0008169412612915,0.0022184429690241814
1434.541988742322,1.0020619630813599,0.002217675093561411
1434.543377641943,1.0000507831573486,0.002218826673924923
1434.5447665415363,0.9994519352912903,0.002216035034507513
1434.5461554411297,1.0018367767333984,0.002218862297013402
1434.5475443407506,1.003768801689148,0.002219541696831584
1434.5489332403433,1.0024559497833252,0.002217188011854887
1434.5503221399358,0.999631404876709,0.0022181186359375715
1434.5517110395283,0.9984651207923889,0.002217239234596491
1434.5530999391217,1.0040463209152222,0.0022205268032848835
1434.5544888387142,0.9984270930290222,0.0022155249025672674
1434.5558777383062,1.0043410062789917,0.0022186371497809887
1434.5572666378987,1.0038559436798096,0.0022187121212482452
1434.5586555374919,1.000754714012146,0.002217039233073592
1434.5600444370555,1.0007609128952026,0.0022186089772731066
1434.5614333366473,1.0008420944213867,0.0022176506463438272
1434.5628222362109,0.9999150633811951,0.002217116067185998
1434.5642111358036,1.0056278705596924,0.0022214653436094522
1434.565600035367,1.0046249628067017,0.002217685803771019
1434.5669889349604,1.0013127326965332,0.0022177088540047407
1434.5683778345237,1.0000602006912231,0.0022168050054460764
1434.5697667340867,0.9958658814430237,0.0022148950956761837
1434.5711556336507,0.9988532066345215,0.0022172743920236826
1434.5725445332148,1.0017814636230469,0.002218674635514617
1434.5739334327777,1.001744031906128,0.0022205652203410864
1434.575322332341,1.002489686012268,0.0022178017534315586
1434.5767112319047,1.0013879537582397,0.0022183943074196577
1434.578100131468,1.0014182329177856,0.0022184080444276333
1434.5794890310324,0.9984179735183716,0.0022187407594174147
1434.5808779305667,0.9987685680389404,0.002217844594269991
1434.5822668301296,1.0005520582199097,0.0022168983705341816
1434.583655729693,1.0003913640975952,0.002217989880591631
1434.5850446292282,1.005011796951294,0.002220514928922057
1434.5864335287915,1.0026628971099854,0.0022174641489982605
1434.5878224283258,1.001522183418274,0.0022190597373992205
1434.5892113278603,1.0006769895553589,0.0022158820647746325
1434.590600227394,1.00129234790802,0.00221756799146533
1434.591989126958,1.0009233951568604,0.0022197123616933823
1434.5933780264932,1.0027871131896973,0.0022188012953847647
1434.594766926027,0.9973506927490234,0.002215329324826598
1434.5961558255613,1.004431128501892,0.0022204623091965914
1434.5975447250955,0.9966768622398376,0.002214266685768962
1434.598933624601,1.002505898475647,0.0022187824361026287
1434.600322524136,1.0008602142333984,0.0022195910569280386
1434.6017114236704,0.9999260902404785,0.002216927008703351
1434.6031003231749,1.000709891319275,0.0022184362169355154
1434.6044892227094,1.0016908645629883,0.002220169408246875
1434.6058781222443,1.0027636289596558,0.0022198071237653494
1434.6072670217497,1.0012176036834717,0.0022199577651917934
1434.608655921255,1.000362753868103,0.002216121880337596
1434.6100448207892,1.0003842115402222,0.0022157293278723955
1434.611433720294,0.999276876449585,0.0022165190894156694
1434.6128226198,1.000342845916748,0.0022172650787979364
1434.6142115193059,1.0036160945892334,0.0022202006075531244
1434.6156004188103,1.0005888938903809,0.002217608503997326
1434.6169893183157,1.0013641119003296,0.002218758687376976
1434.6183782178211,0.9994236826896667,0.002217291621491313
1434.6197671173263,1.0036935806274414,0.002219282789155841
1434.6211560168324,0.9990774393081665,0.0022155456244945526
1434.6225449163085,0.9997861981391907,0.0022156524937599897
1434.623933815813,0.998044490814209,0.0022143693640828133
1434.6253227152886,1.0040265321731567,0.0022199060767889023
1434.6267116147944,1.0042909383773804,0.002220122842118144
1434.6281005142712,0.9982925653457642,0.002214335836470127
1434.629489413776,1.0019195079803467,0.0022183412220329046
1434.630878313252,0.9973718523979187,0.0022173593752086163
1434.6322672127283,0.998964786529541,0.0022162008099257946
1434.6336561122046,1.0007134675979614,0.0022167866118252277
1434.6350450117104,1.0019029378890991,0.002218223176896572
1434.6364339111867,1.0050679445266724,0.002219811314716935
1434.637822810662,0.9999157190322876,0.002216172404587269
1434.639211710109,1.0004322528839111,0.002218998270109296
1434.640600609586,1.0017966032028198,0.002218581037595868
1434.6419895090621,1.000801682472229,0.0022161798551678658
1434.6433784085382,0.999031662940979,0.0022177337668836117
1434.6447673079854,1.0012421607971191,0.00221696263179183
1434.6461562074608,1.0007256269454956,0.0022187393624335527
1434.6475451069086,1.0028825998306274,0.002221145201474428
1434.6489340063856,1.0013352632522583,0.002218112349510193
1434.650322905832,1.006022334098816,0.0022201098036020994
1434.651711805279,0.9990522861480713,0.002215285785496235
1434.6531007047552,1.0041176080703735,0.002219249727204442
1434.6544896042021,1.0034713745117188,0.0022194089833647013
1434.6558785036498,1.0011533498764038,0.0022164382971823215
1434.657267403097,1.0008853673934937,0.0022169474977999926
1434.6586563025432,1.0022612810134888,0.0022191829048097134
1434.6600452019904,1.0031179189682007,0.002218288369476795
1434.661434101438,1.0024995803833008,0.0022170983720570803
1434.6628230008562,1.0003128051757812,0.0022169470321387053
1434.6642119003034,1.0025324821472168,0.002216794528067112
1434.6656007997503,0.9993364810943604,0.0022152361925691366
1434.6669896991677,0.9957049489021301,0.0022123318631201982
1434.6683785986154,0.9984850287437439,0.002215804997831583
1434.669767498034,0.9998569488525391,0.0022163251414895058
1434.671156397451,1.0015044212341309,0.0022181752137839794
1434.6725452968983,1.0009551048278809,0.002217486733570695
1434.6739341963168,0.9999483227729797,0.002217558678239584
1434.675323095735,0.9982210993766785,0.0022149302531033754
1434.676711995153,0.9992160201072693,0.0022170317824929953
1434.678100894571,1.0004174709320068,0.002218019450083375
1434.6794897939883,1.0017890930175781,0.002219631103798747
1434.6808786934068,1.0039739608764648,0.002220039488747716
1434.6822675928254,1.007399082183838,0.0022224965505301952
1434.6836564922137,0.9995529055595398,0.0022162774112075567
1434.6850453916315,1.0011696815490723,0.00221845181658864
1434.6864342910496,0.9979459047317505,0.0022167526185512543
1434.6878231904384,1.0045167207717896,0.0022196483332663774
1434.6892120898572,0.9987945556640625,0.002216035034507513
1434.690600989246,1.0027186870574951,0.0022177088540047407
1434.6919898886342,0.997668981552124,0.002216525375843048
1434.6933787880514,1.0022913217544556,0.0022197759244590998
1434.6947676874408,1.007602334022522,0.0022219817619770765
1434.6961565868305,0.9997305274009705,0.00221681478433311
1434.6975454862188,1.00010347366333,0.002219273941591382
1434.6989343856076,1.0024954080581665,0.002220388501882553
1434.7003232849963,1.0025413036346436,0.0022197039797902107
1434.7017121843853,1.00387442111969,0.0022196348290890455
1434.7031010837748,1.0028800964355469,0.002218476263806224
1434.7044899831346,1.0002127885818481,0.002216244814917445
1434.7058788825227,0.9992836713790894,0.0022180629894137383
1434.7072677818826,0.9998727440834045,0.002215632935985923
1434.708656681272,0.9998534917831421,0.002216507913544774
1434.710045580632,1.0000571012496948,0.00221672048792243
1434.7114344800207,1.0023750066757202,0.0022192257456481457
1434.7128233793803,0.9995337128639221,0.0022147614508867264
1434.7142122787395,1.0020047426223755,0.0022186432033777237
1434.7156011781,0.9982361197471619,0.00221631838940084
1434.7169900774604,0.9999607801437378,0.0022182052489370108
1434.7183789768194,1.0016061067581177,0.0022183533292263746
1434.7197678761793,1.0008151531219482,0.002219193149358034
1434.721156775539,1.002776861190796,0.002219274640083313
1434.7225456748986,1.0012733936309814,0.0022214786149561405
1434.7239345742591,0.9987397193908691,0.002215555403381586
1434.7253234736188,0.9990890026092529,0.0022175174672156572
1434.726712372949,1.0002806186676025,0.002216199180111289
1434.7281012723085,1.0051668882369995,0.0022197216749191284
1434.72949017164,0.9989745020866394,0.0022159547079354525
1434.7308790709997,0.9991195797920227,0.0022165211848914623
1434.7322679703304,0.9997580647468567,0.002216661348938942
1434.733656869661,1.0007495880126953,0.0022187826689332724
1434.735045768991,0.9982336163520813,0.00221657520160079
1434.7364346683223,0.9990095496177673,0.002216561231762171
1434.7378235676535,1.0012202262878418,0.002220797585323453
1434.7392124669836,1.0004843473434448,0.002216753549873829
1434.7406013663142,0.9982088804244995,0.0022158834617584944
1434.741990265645,0.9979103803634644,0.0022159479558467865
1434.7433791649757,0.9994189143180847,0.002217088360339403
1434.744768064307,0.9966763854026794,0.002216225489974022
1434.7461569636087,0.9990642666816711,0.0022150720469653606
1434.7475458629385,0.9981041550636292,0.0022156075574457645
1434.7489347622402,1.000472903251648,0.002217738190665841
1434.7503236615714,1.0011553764343262,0.002218816662207246
1434.7517125608729,1.0013189315795898,0.0022178732324391603
1434.7531014601743,0.9987853169441223,0.00221563084051013
1434.754490359505,0.9989712238311768,0.0022164443507790565
1434.7558792588059,0.9956122636795044,0.0022149430587887764
1434.7572681581075,1.000834345817566,0.002218803856521845
1434.7586570574097,1.0029724836349487,0.0022206143476068974
1434.7600459567113,1.006801962852478,0.0022220041137188673
1434.761434856012,1.0025869607925415,0.0022194162011146545
1434.7628237553145,0.9984698295593262,0.002217384986579418
1434.7642126545877,0.9966487884521484,0.002217232948169112
1434.7656015538885,0.9978393316268921,0.002216148655861616
1434.76699045319,1.0011855363845825,0.0022197409998625517
1434.7683793524623,0.9981213808059692,0.0022192681208252907
1434.7697682517348,1.0023486614227295,0.0022206122521311045
1434.771157151037,0.9958040714263916,0.0022160017397254705
1434.7725460503095,0.9989593029022217,0.0022184066474437714
1434.7739349495812,1.003455638885498,0.002220780123025179
1434.7753238488829,0.997668981552124,0.0022181773092597723
1434.776712748156,1.0020967721939087,0.00221976637840271
1434.7781016474285,0.9976081252098083,0.002216460881754756
1434.779490546701,0.999789834022522,0.002217882312834263
1434.7808794459734,0.9973719716072083,0.0022156769409775734
1434.782268345216,1.0045444965362549,0.002219761023297906
1434.7836572444892,0.9983832240104675,0.0022170133888721466
1434.7850461437622,0.9982953071594238,0.0022180683445185423
1434.7864350430048,0.9968576431274414,0.00221706903539598
1434.7878239422773,0.9970110058784485,0.002218962647020817
1434.7892128415208,0.9988433718681335,0.002217520261183381
1434.7906017407931,0.999993085861206,0.002219074172899127
1434.7919906400373,0.9961795806884766,0.0022160618100315332
1434.7933795392805,1.0040283203125,0.002220640191808343
1434.7947684385524,0.9978924989700317,0.002216457389295101
1434.7961573377956,0.9978137612342834,0.0022164767142385244
1434.7975462370398,1.0000889301300049,0.002220368245616555
1434.798935136283,0.9989060163497925,0.002216333756223321
1434.8003240355263,1.0015913248062134,0.002219497924670577
1434.8017129347406,0.9986741542816162,0.0022166178096085787
1434.8031018339832,1.0019558668136597,0.0022217147052288055
1434.804490733227,1.001074194908142,0.002218323526903987
1434.8058796324422,0.9976876974105835,0.0022162445820868015
1434.807268531685,0.9968817234039307,0.002217064145952463
1434.8086574309282,0.9976787567138672,0.0022158841602504253
1434.8100463301423,1.0027292966842651,0.0022184206172823906
1434.8114352293567,1.0001015663146973,0.0022173782344907522
1434.8128241286006,0.9990891218185425,0.002218477427959442
1434.814213027815,0.9995938539505005,0.0022179691586643457
1434.8156019270284,1.0021916627883911,0.002218696055933833
1434.8169908262428,1.0025153160095215,0.0022193847689777613
1434.8183797254576,1.0013073682785034,0.0022194802295416594
1434.819768624672,1.0012562274932861,0.0022198897786438465
1434.8211575238854,1.0025511980056763,0.002221319591626525
1434.8225464230707,0.9945910573005676,0.002215351676568389
1434.8239353222848,1.0007795095443726,0.002217467874288559
1434.825324221499,1.0001682043075562,0.0022185533307492733
1434.8267131206849,1.0049785375595093,0.002223124960437417
1434.828102019899,1.0025347471237183,0.002222579438239336
1434.8294909190836,1.0002715587615967,0.002219977555796504
1434.8308798182686,0.9970146417617798,0.002216616878286004
1434.8322687174834,0.9973892569541931,0.00221809814684093
1434.8336576166687,1.0029752254486084,0.002219813410192728
1434.835046515854,0.9956420063972473,0.002215959597378969
1434.836435415039,0.9994715452194214,0.002217457164078951
1434.837824314224,0.9987801313400269,0.0022189177107065916
1434.83921321341,0.9963129758834839,0.002215311396867037
1434.840602112595,1.0006955862045288,0.0022176471538841724
1434.8419910117796,1.0000613927841187,0.002220511669293046
1434.8433799109355,0.9999311566352844,0.0022195775527507067
1434.8447688101214,0.9999361634254456,0.0022181102540344
1434.8461577092773,1.001240849494934,0.0022192616015672684
1434.8475466084626,1.000963568687439,0.0022185605484992266
1434.8489355076185,0.9997920989990234,0.0022177533246576786
1434.850324406803,0.9978512525558472,0.0022167915012687445
1434.8517133059597,0.9997918605804443,0.002219307702034712
1434.8531022051163,1.0020725727081299,0.002219073474407196
1434.8544911042718,0.9988033771514893,0.0022192606702446938
1434.8558800034277,0.998719334602356,0.002217024564743042
1434.8572689025839,0.9991579055786133,0.0022165398113429546
1434.85865780174,1.002676010131836,0.002221119124442339
1434.8600467008966,1.0025992393493652,0.002219658112153411
1434.8614356000528,0.9995847344398499,0.002219827612861991
1434.862824499179,0.997308611869812,0.0022158161737024784
1434.8642133983349,1.0012315511703491,0.0022190799936652184
1434.8656022974917,0.9982218742370605,0.002216828754171729
1434.8669911966185,1.0003267526626587,0.0022183272521942854
1434.8683800957454,0.997631847858429,0.0022161263041198254
1434.8697689949015,0.9989420175552368,0.0022179177030920982
1434.8711578940276,0.9991059303283691,0.002217942848801613
1434.8725467931554,0.9992064237594604,0.0022174473851919174
1434.873935692283,0.9973578453063965,0.00221778335981071
1434.8753245914093,1.0002267360687256,0.002218756591901183
1434.8767134905363,0.9946954250335693,0.0022146920673549175
1434.8781023896631,1.000698447227478,0.0022188792936503887
1434.87949128879,0.9990514516830444,0.0022184064146131277
1434.8808801879175,1.0006978511810303,0.0022178066428750753
1434.8822690870154,0.9981223344802856,0.002218820620328188
1434.8836579861415,1.0008856058120728,0.0022189596202224493
1434.885046885268,1.0006355047225952,0.0022187945432960987
1434.8864357843665,0.9995217323303223,0.002217882312834263
1434.887824683465,1.0023738145828247,0.002221114234998822
1434.889213582591,0.9992017149925232,0.0022161866072565317
1434.890602481689,1.0029963254928589,0.0022217475343495607
1434.891991380787,0.9990965723991394,0.002217193366959691
1434.8933802798847,1.0036059617996216,0.0022203160915523767
1434.8947691789833,1.0030463933944702,0.002221309579908848
1434.896158078081,1.0028735399246216,0.0022218034137040377
1434.897546977178,1.0000158548355103,0.002219279296696186
1434.8989358762758,1.0025415420532227,0.002219795249402523
1434.9003247753744,1.0026230812072754,0.002221399452537298
1434.901713674443,0.9983679056167603,0.0022177821956574917
1434.903102573541,0.9993180632591248,0.0022191163152456284
1434.9044914726098,1.0023614168167114,0.002221073489636183
1434.9058803717076,1.000276803970337,0.002218252047896385
1434.907269270777,1.003328800201416,0.002219025744125247
1434.9086581698457,1.0026615858078003,0.002220872789621353
1434.9100470689427,1.000165343284607,0.0022202141117304564
1434.9114359680113,0.9963153004646301,0.0022156231570988894
1434.9128248670809,0.99802565574646,0.0022171814925968647
1434.9142137661495,0.9979597926139832,0.002218677895143628
1434.9156026652183,1.0017400979995728,0.002219640649855137
1434.916991564258,0.9996878504753113,0.0022182203829288483
1434.918380463326,0.9998239278793335,0.002218278357759118
1434.9197693623953,1.0007485151290894,0.0022191228345036507
1434.9211582614648,0.9994451999664307,0.0022177970968186855
1434.9225471605039,1.001325249671936,0.0022181395906955004
1434.9239360595725,0.9999060034751892,0.002217245288193226
1434.925324958612,0.9984656572341919,0.0022178476210683584
1434.9267138576517,1.001538634300232,0.002220599679276347
1434.928102756721,1.0005393028259277,0.0022218935191631317
1434.9294916557608,1.001009225845337,0.002217919798567891
1434.9308805547996,0.9975782632827759,0.0022171353921294212
1434.9322694538394,1.0018216371536255,0.0022185915149748325
1434.9336583528795,1.000770926475525,0.0022192704491317272
1434.9350472519193,0.9981436729431152,0.002217934001237154
1434.9364361509588,1.0008872747421265,0.0022185693960636854
1434.9378250499692,1.002223253250122,0.0022206103894859552
1434.9392139490083,1.00038480758667,0.0022170930169522762
1434.9406028480487,0.9964158535003662,0.002215007320046425
1434.9419917470598,0.9990425705909729,0.0022158923093229532
1434.9433806460695,1.0008119344711304,0.0022184113040566444
1434.9447695451092,1.0014023780822754,0.0022183579858392477
1434.9461584441196,0.996481716632843,0.0022152289748191833
1434.94754734313,1.002516508102417,0.0022189896553754807
1434.9489362421705,0.9968360662460327,0.0022161826491355896
1434.9503251411809,1.000205397605896,0.0022181791719049215
1434.9517140401908,0.9992367625236511,0.002220171270892024
1434.9531029391717,0.9978310465812683,0.0022178548388183117
1434.9544918381828,1.003283143043518,0.002221283270046115
1434.9558807371939,0.998589813709259,0.0022200087551027536
1434.9572696362038,1.0023611783981323,0.0022207656875252724
1434.9586585351851,1.0016688108444214,0.00222191889770329
1434.9600474341958,1.0011738538742065,0.0022193347103893757
1434.961436333177,0.9987744092941284,0.0022172227036207914
1434.9628252321884,1.0018222332000732,0.002218209905549884
1434.9642141311697,1.001476526260376,0.002220066962763667
1434.9656030301505,1.0005465745925903,0.0022192788310348988
1434.966991929161,1.0005944967269897,0.0022183009423315525
1434.9683808281432,1.001142978668213,0.002221846953034401
1434.9697697271245,1.0006625652313232,0.002217434346675873
1434.9711586261058,0.9991490840911865,0.002218746580183506
1434.9725475250873,0.9999308586120605,0.002218075329437852
1434.9739364240397,0.9978190064430237,0.0022168783470988274
1434.9753253230217,1.0065631866455078,0.002221417846158147
1434.976714222003,1.0021573305130005,0.0022184813860803843
1434.9781031209548,0.9979794025421143,0.0022176713682711124
1434.979492019936,0.9991366267204285,0.002216758206486702
1434.9808809188892,0.9997714161872864,0.0022208814043551683
1434.9822698178705,0.9987729787826538,0.0022174688056111336
1434.9836587168227,1.0039080381393433,0.002221346367150545
1434.985047615775,0.9995794296264648,0.002218463458120823
1434.9864365147266,1.0010852813720703,0.0022186075802892447
1434.9878254136797,1.0040665864944458,0.002220418304204941
1434.9892143126328,1.000821828842163,0.00221728696487844
1434.9906032115844,1.0005512237548828,0.0022192352917045355
1434.9919921105366,1.0051690340042114,0.002222637878730893
1434.9933810094888,0.9990569353103638,0.0022188855800777674
1434.994769908412,0.9977774024009705,0.0022168788127601147
1434.996158807365,1.0037484169006348,0.002220354974269867
1434.9975477062883,0.9982697367668152,0.0022171263117343187
1434.9989366052398,1.00165593624115,0.0022186213172972202
1435.0003255041631,1.0020278692245483,0.0022209917660802603
1435.001714403087,1.0025421380996704,0.0022212262265384197
1435.0031033020393,1.001631498336792,0.0022183547262102365
1435.0044922009627,1.0034399032592773,0.002219476969912648
1435.0058810998858,1.000148057937622,0.0022178366780281067
1435.0072699988082,0.9972604513168335,0.0022155162878334522
1435.0086588977322,0.9994238615036011,0.0022186634596437216
1435.010047796656,0.9998255968093872,0.002217325381934643
1435.0114366955493,0.9986820816993713,0.0022178872022777796
1435.0128255944726,0.9967634677886963,0.0022162466775625944
1435.014214493396,1.002179741859436,0.00221829186193645
1435.01560339229,0.998026967048645,0.0022185451816767454
1435.016992291213,0.9976381063461304,0.0022183277178555727
1435.0183811901072,1.001726746559143,0.0022168303839862347
1435.0197700890014,1.0005240440368652,0.0022181991953402758
1435.0211589879239,0.999585747718811,0.0022180944215506315
1435.0225478868185,1.0002521276474,0.002217920497059822
1435.0239367857134,1.0009874105453491,0.002219544956460595
1435.0253256846067,0.9956504106521606,0.002216489054262638
1435.0267145835007,1.0035167932510376,0.0022219440434128046
1435.028103482395,0.9997009038925171,0.0022169353906065226
1435.02949238126,1.0029493570327759,0.002221145201474428
1435.0308812801547,0.9988518953323364,0.002218733076006174
1435.032270179049,1.0020161867141724,0.002220899797976017
1435.0336590779132,1.0012563467025757,0.0022182848770171404
1435.0350479768078,0.9998688101768494,0.0022180371452122927
1435.0364368756736,1.0030324459075928,0.0022221931722015142
1435.037825774538,1.004644513130188,0.0022213163319975138
1435.039214673403,1.0000512599945068,0.0022176166530698538
1435.040603572297,0.9980170130729675,0.0022161928936839104
1435.041992471162,0.9997201561927795,0.0022186916321516037
1435.0433813700276,1.0001606941223145,0.002217485336586833
1435.0447702688928,0.9985881447792053,0.0022181435488164425
1435.0461591677279,1.0004781484603882,0.0022168143186718225
1435.047548066593,0.9998754262924194,0.002218462759628892
1435.0489369654586,1.0032055377960205,0.0022203910630196333
1435.0503258643237,1.0000330209732056,0.0022168282885104418
1435.0517147631595,1.0011464357376099,0.0022175880149006844
1435.0531036620243,0.999880313873291,0.0022165770642459393
1435.0544925608597,1.0012933015823364,0.0022204453125596046
1435.0558814596964,1.0021864175796509,0.0022200008388608694
1435.0572703585328,0.9962587356567383,0.0022150641307234764
1435.058659257397,1.0017573833465576,0.0022205477580428123
1435.060048156233,1.00197434425354,0.002220101887360215
1435.0614370550688,0.9984133839607239,0.0022182632237672806
1435.0628259539046,1.00255286693573,0.0022199118975549936
1435.0642148527122,0.9970924854278564,0.0022169784642755985
1435.065603751548,1.0016204118728638,0.0022191328462213278
1435.0669926503833,0.9976643919944763,0.0022184562403708696
1435.068381549219,1.0029709339141846,0.002221743343397975
1435.0697704480267,1.0022999048233032,0.0022195579949766397
1435.0711593468625,1.0029233694076538,0.0022196590434759855
1435.0725482456694,1.006098747253418,0.0022216481156647205
1435.073937144476,1.0033167600631714,0.0022200588136911392
1435.0753260432823,1.0010697841644287,0.0022219615057110786
1435.0767149421188,1.0021159648895264,0.0022196152713149786
1435.0781038409261,1.00149405002594,0.002218851586803794
1435.0794927397324,1.0029062032699585,0.002218399429693818
1435.0808816385386,1.0046937465667725,0.002222779905423522
1435.0822705373162,1.0015813112258911,0.002219677669927478
1435.0836594361238,1.0007244348526,0.002218859735876322
1435.0850483349304,1.0055060386657715,0.002221278380602598
1435.086437233708,1.0006996393203735,0.0022212688345462084
1435.087826132515,1.0007517337799072,0.002218306763097644
1435.0892150312925,0.997259795665741,0.0022156136110424995
1435.0906039301,1.0015147924423218,0.0022187891881912947
1435.0919928288777,0.9991495013237,0.00221930886618793
1435.0933817276548,0.9978563189506531,0.0022181030362844467
1435.0947706264324,1.002484917640686,0.002220225054770708
1435.0961595252109,0.9978257417678833,0.0022161127999424934
1435.0975484239884,1.0016034841537476,0.0022183554247021675
1435.098937322766,1.0016207695007324,0.0022186324931681156
1435.1003262215438,1.0003560781478882,0.0022162620443850756
1435.1017151203207,0.9995014071464539,0.002217312343418598
1435.10310401907,1.0013282299041748,0.0022203174885362387
1435.1044929178483,1.0034905672073364,0.002220936119556427
1435.1058818166255,1.0022351741790771,0.002220088616013527
1435.107270715374,0.9982803463935852,0.0022183877881616354
1435.1086596141224,1.0016745328903198,0.0022188869770616293
1435.1100485129002,1.0008407831192017,0.0022179216612130404
1435.1114374116494,0.99824059009552,0.002216470194980502
1435.112826310398,1.0022228956222534,0.0022202644031494856
1435.1142152091459,1.0019221305847168,0.002221521455794573
1435.1156041078946,1.0047959089279175,0.002220981987193227
1435.1169930066437,0.9994557499885559,0.002217033179476857
1435.1183819053924,0.9970672726631165,0.0022156627383083105
1435.119770804112,0.9993306994438171,0.0022173034958541393
1435.1211597028605,1.001235842704773,0.0022174762561917305
1435.1225486015792,1.0002057552337646,0.0022187347058206797
1435.1239375003286,1.0031145811080933,0.00222203740850091
1435.1253263990486,1.003416895866394,0.0022191989701241255
1435.1267152977964,1.0014735460281372,0.0022200325038284063
1435.128104196516,1.0014581680297852,0.002219425980001688
1435.1294930952356,1.0021023750305176,0.0022201458923518658
1435.130881993955,0.9999812245368958,0.0022186057176440954
1435.1322708926753,1.0014159679412842,0.002217382425442338
1435.1336597913946,0.9996312260627747,0.002217931440100074
1435.1350486901135,0.9997058510780334,0.0022177016362547874
1435.136437588833,0.9994745850563049,0.002219366142526269
1435.1378264875239,0.9994945526123047,0.002218100940808654
1435.1392153862432,1.0003634691238403,0.002220033435150981
1435.1406042849337,0.9985818266868591,0.0022191836033016443
1435.1419931836533,1.001086950302124,0.002217471832409501
1435.143382082343,1.0003143548965454,0.002217076951637864
1435.1447709810334,1.0005453824996948,0.00221929675899446
1435.1461598797534,0.9990953803062439,0.002218690002337098
1435.147548778444,1.0016554594039917,0.0022188047878444195
1435.1489376771335,1.001243233680725,0.0022166864946484566
1435.1503265758245,1.0045571327209473,0.002220181515440345
1435.1517154745156,1.0040072202682495,0.0022193354088813066
1435.1531043731761,1.0020520687103271,0.0022220576647669077
1435.1544932718664,1.0011287927627563,0.0022169610019773245
1435.1558821705569,1.000221610069275,0.0022161928936839104
1435.1572710692183,0.996799647808075,0.0022150014992803335
1435.1586599679092,0.9990857839584351,0.0022153928875923157
1435.1600488665706,1.002785563468933,0.002219314454123378
1435.1614377652602,1.002887487411499,0.002219559159129858
1435.1628266639216,1.0015829801559448,0.0022180024534463882
1435.1642155625834,0.9998672604560852,0.0022230283357203007
1435.1656044612448,1.0002003908157349,0.0022182685788720846
1435.166993359906,0.9961715340614319,0.0022146592382341623
1435.1683822585671,0.9976035356521606,0.0022182834800332785
1435.1697711572276,0.9994816780090332,0.0022182331886142492
1435.1711600558897,0.9982749819755554,0.0022173544857650995
1435.1725489545227,1.0008540153503418,0.0022198024671524763
1435.1739378531831,0.9999120235443115,0.0022175186313688755
1435.1753267518154,1.0003734827041626,0.0022178380750119686
1435.1767156504766,1.002236247062683,0.002220751252025366
1435.1781045491086,1.0002238750457764,0.0022176294587552547
1435.1794934477416,0.9981091618537903,0.0022167633287608624
1435.1808823464028,1.0032877922058105,0.0022199342492967844
1435.1822712450344,0.9991653561592102,0.0022174385376274586
1435.1836601436664,1.0000431537628174,0.002216918859630823
1435.1850490422994,1.0011699199676514,0.0022183649707585573
1435.1864379409315,1.0045660734176636,0.002220433671027422
1435.1878268395346,0.9997879862785339,0.0022174620535224676
1435.1892157381667,1.0017719268798828,0.002218151232227683
1435.1906046367983,0.9979982972145081,0.00221897941082716
1435.191993535402,0.9993994235992432,0.002220015972852707
1435.1933824340347,1.0020368099212646,0.0022190238814800978
1435.1947713326372,1.0000174045562744,0.0022171635646373034
1435.1961602312401,1.001850962638855,0.0022177507635205984
1435.197549129873,1.0013889074325562,0.0022198986262083054
1435.198938028476,0.9990251064300537,0.0022170599550008774
1435.2003269270792,0.9983989596366882,0.002216435270383954
1435.2017158256822,0.9976251125335693,0.0022186688147485256
1435.2031047242847,1.0001698732376099,0.0022200087551027536
1435.2044936228883,0.9993762373924255,0.0022187666036188602
1435.2058825214629,1.0014716386795044,0.0022199528757482767
1435.2072714200654,1.005908727645874,0.002220932161435485
1435.2086603186683,1.0037877559661865,0.002220074413344264
1435.2100492172424,0.9986611008644104,0.002216269727796316
1435.2114381158165,0.9992254376411438,0.0022189472801983356
1435.2128270144194,0.9985391497612,0.0022179223597049713
1435.2142159129933,0.9986536502838135,0.0022183097898960114
1435.2156048115673,0.9990631341934204,0.002218733076006174
1435.2169937101405,0.9994966387748718,0.002217621076852083
1435.218382608715,0.9976601004600525,0.002216216642409563
1435.2197715072898,0.9979206919670105,0.0022165884729474783
1435.2211604058632,0.9996979236602783,0.0022162483073771
1435.222549304437,1.0013883113861084,0.0022210802417248487
1435.2239382029818,1.0001965761184692,0.00222017546184361
1435.2253271015559,1.0002866983413696,0.002218881854787469
1435.2267160001013,0.9984371066093445,0.0022165377158671618
1435.2281048986754,1.0007641315460205,0.002218082780018449
1435.2294937972194,1.0001115798950195,0.002217103959992528
1435.2308826957644,0.9974266886711121,0.002217535860836506
1435.232271594339,1.0004297494888306,0.002219189889729023
1435.233660492884,0.9981127381324768,0.002217613160610199
1435.2350493914287,0.9992484450340271,0.0022176613565534353
1435.2364382899734,1.001663327217102,0.0022196287754923105
1435.2378271885177,1.0000643730163574,0.002218561014160514
1435.2392160870343,1.0035176277160645,0.002223326824605465
1435.2406049855797,0.9963789582252502,0.002217110712081194
1435.2419938841238,0.9985101819038391,0.002217374974861741
1435.2433827826396,1.0018473863601685,0.0022210467141121626
1435.2447716811846,1.0005725622177124,0.002218125620856881
1435.2461605797002,0.9985371828079224,0.002217517700046301
1435.2475494782168,0.9995028972625732,0.0022195586934685707
1435.2489383767324,1.0029553174972534,0.0022212108597159386
1435.2503272752474,1.0014441013336182,0.0022185747511684895
1435.251716173764,1.0014026165008545,0.0022207603324204683
1435.2531050722803,1.0025750398635864,0.002218862297013402
1435.2544939707952,1.001464605331421,0.0022171386517584324
1435.255882869311,0.9984019994735718,0.0022188073489814997
1435.257271767827,1.0009701251983643,0.0022200194653123617
1435.2586606663135,1.0002518892288208,0.002217755652964115
1435.26004956483,1.0016552209854126,0.0022200460080057383
1435.2614384633166,1.0018794536590576,0.0022194767370820045
1435.2628273618318,1.001814842224121,0.0022193011827766895
1435.2642162603183,0.9974125623703003,0.002217094413936138
1435.2656051588058,0.9996107816696167,0.0022171037271618843
1435.2669940572923,1.0025416612625122,0.0022202639374881983
1435.2683829557789,0.9985424280166626,0.0022173295728862286
1435.2697718542656,1.0028841495513916,0.002219146816059947
1435.2711607527515,1.001685380935669,0.0022187114227563143
1435.2725496512387,0.9979972839355469,0.0022164536640048027
1435.273938549697,1.0005900859832764,0.0022178294602781534
1435.2753274481831,0.9993319511413574,0.0022167887073010206
1435.27671634664,1.0024138689041138,0.0022186790592968464
1435.2781052451267,1.0011597871780396,0.00221885833889246
1435.2794941435848,1.0003454685211182,0.0022185698617249727
1435.2808830420422,0.9980184435844421,0.002217640168964863
1435.2822719405287,1.0022636651992798,0.002219678368419409
1435.2836608389864,1.0008047819137573,0.0022190965246409178
1435.2850497374432,1.0002497434616089,0.0022175589110702276
1435.2864386359015,1.0022274255752563,0.0022188082803040743
1435.2878275343598,1.000149130821228,0.002217700006440282
1435.2892164327875,1.0008898973464966,0.002219755668193102
1435.2906053312452,0.9983707666397095,0.002215647604316473
1435.2919942297026,1.0024367570877075,0.0022207852452993393
1435.293383128131,1.002128005027771,0.002218238078057766
1435.2947720265602,0.9976346492767334,0.0022165311966091394
1435.2961609250176,1.0005704164505005,0.002219362882897258
1435.2975498234455,0.9977135062217712,0.0022173321340233088
1435.2989387218747,1.000435471534729,0.0022179214283823967
1435.3003276203037,0.9999250769615173,0.0022183815017342567
1435.3017165187314,1.0026425123214722,0.0022184080444276333
1435.30310541716,0.997575044631958,0.0022155120968818665
1435.3044943155883,1.000216007232666,0.002218767534941435
1435.3058832140166,0.9985041618347168,0.002215889049693942
1435.3072721124167,0.9980728030204773,0.002217353554442525
1435.308661010845,0.9997410774230957,0.002219243673607707
1435.3100499092438,0.9997817277908325,0.002218439942225814
1435.3114388076722,0.9982523918151855,0.0022159076761454344
1435.3128277060723,1.0009671449661255,0.002221031580120325
1435.3142166044715,1.0015066862106323,0.002218135166913271
1435.3156055029,0.9991956949234009,0.002217352157458663
1435.3169944012993,0.9976861476898193,0.0022177696228027344
1435.318383299698,1.001778244972229,0.002218665089458227
1435.319772198098,1.0056089162826538,0.0022224129643291235
1435.3211610964688,1.000575304031372,0.0022194143384695053
1435.3225499948676,1.000388264656067,0.0022190248128026724
1435.3239388932668,0.9985319972038269,0.0022195549681782722
1435.3253277916372,0.9995477795600891,0.002218722365796566
1435.3267166900366,0.9990110993385315,0.002222795272246003
1435.3281055884074,1.0032185316085815,0.002220471855252981
1435.3294944867778,1.0020033121109009,0.00221885833889246
1435.3308833851763,1.000585913658142,0.0022204469423741102
1435.3322722835464,1.000413417816162,0.0022197300568223
1435.3336611819175,1.002164363861084,0.0022207223810255527
1435.3350500802876,1.0004267692565918,0.0022184227127581835
1435.3364389786577,1.0054327249526978,0.0022234716452658176
1435.337827876999,1.0011781454086304,0.002218908164650202
1435.3392167753684,1.0001572370529175,0.0022182376123964787
1435.3406056737388,1.000118613243103,0.0022167274728417397
1435.3419945720805,1.0030654668807983,0.0022207763977348804
1435.3433834704508,1.0022400617599487,0.002221849048510194
1435.3447723687912,1.0016045570373535,0.002218841575086117
1435.3461612671329,1.0010377168655396,0.002220548689365387
1435.3475501654748,0.9990116953849792,0.002218212466686964
1435.3489390638445,1.0013731718063354,0.0022190515883266926
1435.3503279621855,1.0020538568496704,0.002221339149400592
1435.3517168604974,0.9991387128829956,0.0022170247975736856
1435.3531057588386,0.9997130036354065,0.002218407578766346
1435.3544946571803,0.9981417059898376,0.0022167759016156197
1435.3558835555216,1.00145423412323,0.0022185533307492733
1435.3572724538328,0.9949023127555847,0.002213409636169672
1435.358661352174,1.002002239227295,0.0022206983994692564
1435.3600502504867,1.0016995668411255,0.0022187363356351852
1435.3614391487988,1.0012447834014893,0.002218956593424082
1435.36282804714,1.0020493268966675,0.002219840418547392
1435.364216945452,1.0015085935592651,0.0022189472801983356
1435.3656058437632,0.998328685760498,0.0022179018706083298
1435.366994742076,1.0020849704742432,0.0022204883862286806
1435.3683836403886,1.0005594491958618,0.0022191384341567755
1435.3697725386708,1.0012850761413574,0.0022198474034667015
1435.371161436983,0.997968316078186,0.0022158478386700153
1435.372550335295,0.9973222017288208,0.002215550048276782
1435.3739392335779,1.001251220703125,0.00221848557703197
1435.3753281318907,1.0000407695770264,0.0022191349416971207
1435.3767170301735,1.0007739067077637,0.00221807137131691
1435.3781059284556,1.0035614967346191,0.0022211733739823103
1435.3794948267675,1.0033793449401855,0.002219281392171979
1435.3808837250513,0.9993501901626587,0.002219464862719178
1435.382272623334,1.0000227689743042,0.002217689761891961
1435.3836615216171,0.99907386302948,0.0022155640181154013
1435.385050419871,0.9982767105102539,0.0022165486589074135
1435.3864393181539,0.9968059062957764,0.002216710476204753
1435.3878282164376,1.0035977363586426,0.0022211496252566576
1435.3892171146913,0.9996982216835022,0.002218209905549884
1435.3906060129736,1.0019527673721313,0.002220488153398037
1435.3919949112274,1.0021517276763916,0.0022204890847206116
1435.393383809511,0.9992209076881409,0.002218414330855012
1435.3947727077648,1.003883719444275,0.002221728442236781
1435.3961616060185,1.0005648136138916,0.002219804562628269
1435.3975505042724,0.997092604637146,0.0022166911512613297
1435.3989394025255,1.000976800918579,0.0022197412326931953
1435.4003283007798,0.9967606067657471,0.002217519097030163
1435.4017171990345,0.9967666268348694,0.00221729907207191
1435.4031060972586,0.9982314109802246,0.00221659685485065
1435.4044949955116,0.9970741868019104,0.002219752874225378
1435.4058838937365,1.0045355558395386,0.0022215768694877625
1435.4072727919909,1.0039070844650269,0.002220408758148551
1435.4086616902157,1.0001142024993896,0.00221870094537735
1435.4100505884403,0.9994521141052246,0.002217791508883238
1435.411439486694,0.9986783862113953,0.0022189230658113956
1435.412828384918,0.9961569309234619,0.0022151791490614414
1435.4142172831434,1.0013320446014404,0.002218883950263262
1435.415606181369,1.0015887022018433,0.0022205023560673
1435.4169950795638,1.000201940536499,0.0022182902321219444
1435.4183839777886,0.9969311952590942,0.0022161034867167473
1435.4197728760132,1.0026202201843262,0.0022199128288775682
1435.4211617742087,1.000726580619812,0.00221949047408998
1435.4225506724342,0.9975014925003052,0.002217867411673069
1435.4239395706297,1.0046966075897217,0.002220476744696498
1435.4253284688248,0.9994102716445923,0.0022174178157001734
1435.4267173670494,1.0016202926635742,0.0022197167854756117
1435.4281062652456,0.9958813786506653,0.002215994754806161
1435.4294951634413,1.0050054788589478,0.002223145915195346
1435.430884061637,1.0027631521224976,0.0022185721900314093
1435.4322729598034,1.001198410987854,0.0022171500604599714
1435.433661857999,0.9988195896148682,0.002217712113633752
1435.4350507561953,1.0014867782592773,0.002218701643869281
1435.4364396543617,0.9994964003562927,0.0022177689243108034
1435.4378285525568,1.0014020204544067,0.0022177756763994694
1435.4392174507232,0.9994603395462036,0.0022172806784510612
1435.4406063489196,0.9997155070304871,0.0022174061741679907
1435.441995247086,1.003895878791809,0.002220603171736002
1435.4433841452526,1.0016288757324219,0.0022175880149006844
1435.444773043419,1.0027621984481812,0.002221427159383893
1435.446161941585,1.0010991096496582,0.002218792214989662
1435.447550839752,1.004273772239685,0.0022215622011572123
1435.44893973789,0.9981071352958679,0.0022174548357725143
1435.450328636056,0.998460054397583,0.002216095570474863
1435.4517175342223,1.002227783203125,0.0022185896523296833
1435.4531064323598,1.0010404586791992,0.002218028996139765
1435.4544953305265,1.0008777379989624,0.002219658810645342
1435.4558842286644,0.9999839663505554,0.002217504195868969
1435.457273126802,0.9991031885147095,0.0022147311829030514
1435.4586620249386,1.0027023553848267,0.002218619454652071
1435.4600509230759,0.9987707734107971,0.002217288361862302
1435.461439821214,0.9991990327835083,0.002216641791164875
1435.4628287193514,0.9960494637489319,0.0022166380658745766
1435.4642176174887,0.9968907833099365,0.0022162466775625944
1435.4656065156262,0.9981997609138489,0.0022164741531014442
1435.4669954137337,0.9995251297950745,0.0022166469134390354
1435.468384311872,1.0048644542694092,0.0022204057313501835
1435.469773209981,1.0011746883392334,0.0022191149182617664
1435.4711621080885,0.9974468350410461,0.0022164955735206604
1435.472551006225,1.0023918151855469,0.0022186636924743652
1435.4739399043342,1.001369595527649,0.0022176860366016626
1435.4753288024433,0.9975070357322693,0.0022178066428750753
1435.4767177005508,1.0020556449890137,0.0022187731228768826
1435.478106598659,1.0003763437271118,0.002217525616288185
1435.479495496738,1.0015023946762085,0.002217834582552314
1435.4808843948465,1.000563144683838,0.0022194180637598038
1435.4836621910347,0.9992278218269348,0.002216364722698927
1435.485051089113,1.000630497932434,0.00221829186193645
1435.4864399872215,1.0006155967712402,0.0022169684525579214
1435.4878288853013,0.9992104768753052,0.0022185835987329483
1435.4892177833806,1.0021111965179443,0.002220700727775693
1435.49060668146,1.00247061252594,0.0022173640318214893
1435.491995579539,0.9995373487472534,0.002216306049376726
1435.4933844776174,0.9986717700958252,0.0022177903447300196
1435.4947733756974,1.001112937927246,0.002217754488810897
1435.496162273748,1.0007091760635376,0.002217854605987668
1435.4975511718264,1.0004361867904663,0.0022169167641550303
1435.4989400699058,1.0006604194641113,0.0022177686914801598
1435.500328967956,1.0008794069290161,0.002217712579295039
1435.501717866006,1.0047502517700195,0.002219981048256159
1435.5031067640568,1.0002601146697998,0.00221699639223516
1435.504495662136,1.0007216930389404,0.00221910048276186
1435.5058845601855,1.001479983329773,0.0022171339951455593
1435.5072734582354,1.0055620670318604,0.0022217086516320705
1435.508662356257,1.001327395439148,0.0022174601908773184
1435.510051254307,0.9994804263114929,0.0022178126964718103
1435.5114401523572,0.9964810609817505,0.0022157689090818167
1435.5128290503783,0.9993423819541931,0.002217958215624094
1435.5142179484283,1.0020889043807983,0.0022189728915691376
1435.51560684645,1.0014716386795044,0.0022179612424224615
1435.5169957445,1.0028409957885742,0.0022176289930939674
1435.5183846425205,1.000538945198059,0.002218489069491625
1435.5197735405413,1.0019326210021973,0.0022210872266441584
1435.5211624385631,1.002550482749939,0.0022183533292263746
1435.522551336584,0.9961175918579102,0.002214861800894141
1435.5239402346049,1.003844141960144,0.002217395231127739
1435.525329132626,0.9994107484817505,0.002219127956777811
1435.526718030617,1.0018160343170166,0.002221368718892336
1435.5281069286386,1.004747748374939,0.0022204683627933264
1435.5294958266313,0.9980151057243347,0.0022154669277369976
1435.5308847246517,0.9999553561210632,0.0022146878764033318
1435.5322736226435,1.0009773969650269,0.0022173936013132334
1435.5336625206353,1.0004491806030273,0.002217142377048731
1435.5350514186273,0.9998329877853394,0.0022164222318679094
1435.5364403166193,0.9985296726226807,0.002215872285887599
1435.537829214611,1.0042860507965088,0.0022220888640731573
1435.5392181126028,1.002306580543518,0.002218828536570072
1435.5406070105942,0.9979320764541626,0.002217325381934643
1435.5419959085575,1.002341628074646,0.0022191714961081743
1435.5433848065502,0.9996496438980103,0.0022157421335577965
1435.5447737045122,1.0016696453094482,0.002219097688794136
1435.5461626025042,0.9991844892501831,0.00221635727211833
1435.5475515004669,1.0003153085708618,0.0022175710182636976
1435.5489403984295,1.0004850625991821,0.0022178192157298326
1435.550329296393,1.000558853149414,0.0022182511165738106
1435.5517181943558,1.0011494159698486,0.002218494424596429
1435.553107092318,1.0002444982528687,0.00221700849942863
1435.5544959902816,0.9981009364128113,0.0022143067326396704
1435.5558848882158,1.001316785812378,0.0022182916291058064
1435.5572737861778,0.9991028904914856,0.0022166084963828325
1435.5586626841407,0.9977136254310608,0.0022177451755851507
1435.5600515820743,0.9986717104911804,0.0022165649570524693
1435.5614404800078,1.001436471939087,0.0022199738305062056
1435.5628293779423,1.0000706911087036,0.0022160315420478582
1435.564218275905,0.9983059763908386,0.002215045504271984
1435.565607173838,0.9965516924858093,0.002214692533016205
1435.5669960717717,1.0008939504623413,0.0022183360997587442
1435.568384969677,1.0012810230255127,0.002218935638666153
1435.5697738676106,0.9971657395362854,0.0022142669185996056
1435.5711627655444,1.0012506246566772,0.0022198210936039686
1435.5725516634488,1.003395915031433,0.0022198548540472984
1435.573940561382,0.9987090826034546,0.0022174930199980736
1435.575329459287,0.9985065460205078,0.002215782878920436
1435.5767183572214,1.002172589302063,0.0022197847720235586
1435.5781072551254,1.0002259016036987,0.002216868568211794
1435.5794961530298,1.0009636878967285,0.002217319095507264
1435.5808850509345,0.999224841594696,0.002217720029875636
1435.5822739488392,1.0001931190490723,0.002217835746705532
1435.5836628467443,1.000882625579834,0.0022184443660080433
1435.58505174462,0.9986920952796936,0.0022167174611240625
1435.5864406425237,1.0014177560806274,0.002218708163127303
1435.5878295403993,1.0033466815948486,0.00222234008833766
1435.5892184383044,0.9995942711830139,0.0022176899947226048
1435.5906073361798,1.0030319690704346,0.002220864174887538
1435.5919962340552,0.9985103011131287,0.0022213649936020374
1435.5933851319598,0.9943015575408936,0.0022168373689055443
1435.5947740298354,1.0020248889923096,0.00221964786760509
1435.5961629277115,1.0013444423675537,0.0022209722083061934
1435.597551825558,0.9998815655708313,0.002217194763943553
1435.5989407234326,1.003074288368225,0.0022188141010701656
1435.6003296213073,1.0012108087539673,0.0022183633409440517
1435.6017185191545,0.9968386888504028,0.002215730957686901
1435.6031074170307,1.003861665725708,0.0022206157445907593
1435.6044963148763,1.0015312433242798,0.0022181726526468992
1435.6058852127517,0.9978153705596924,0.0022193901240825653
1435.607274110598,0.9980442523956299,0.002218435285612941
1435.6086630084444,1.0017822980880737,0.0022193240001797676
1435.6100519062913,1.0001657009124756,0.0022164001129567623
1435.6114408041378,0.9997987747192383,0.0022167868446558714
1435.6128297019834,0.9982271194458008,0.0022156089544296265
1435.6142185998008,1.0006957054138184,0.002218589186668396
1435.6156074976477,0.9993178248405457,0.0022162131499499083
1435.6169963954942,1.0022372007369995,0.0022196562495082617
1435.6183852933116,0.9960552453994751,0.002214461797848344
1435.6197741911287,0.998001217842102,0.0022167335264384747
1435.6211630889452,0.9985074996948242,0.0022203533444553614
1435.6225519867924,0.998773455619812,0.002218564972281456
1435.6239408846102,1.0009617805480957,0.002217660192400217
1435.6253297824267,0.9997462630271912,0.0022180748637765646
1435.626718680215,0.9979040026664734,0.002215589629486203
1435.6281075780328,0.9943355917930603,0.0022136440966278315
1435.6294964758501,1.0022644996643066,0.0022217906080186367
1435.6308853736384,0.9978882670402527,0.002214594976976514
1435.6322742714556,1.0030242204666138,0.0022180841770023108
1435.6336631692432,1.0029188394546509,0.002218665089458227
1435.635052067061,1.0006855726242065,0.002218022244051099
1435.6364409648497,0.9969946146011353,0.002215880900621414
1435.6378298626373,1.0004326105117798,0.002217241795733571
1435.6392187604254,1.0010229349136353,0.00221777381375432
1435.6406076582136,1.000794529914856,0.0022188920993357897
1435.6419965559726,1.0012013912200928,0.0022181151434779167
1435.6433854537615,0.999842643737793,0.0022162816021591425
1435.6447743515496,1.0013902187347412,0.0022160622756928205
1435.646163249308,0.99910968542099,0.0022182322572916746
1435.6475521470961,1.0015116930007935,0.0022182303946465254
1435.648941044856,1.0036121606826782,0.002221707720309496
1435.650329942615,0.9984159469604492,0.0022181717213243246
1435.6517188403739,0.9965190887451172,0.0022157870698720217
1435.653107738133,1.0011560916900635,0.002218215959146619
1435.6544966358913,1.0017735958099365,0.002221099566668272
1435.655885533651,0.9991443157196045,0.002218394074589014
1435.6572744314108,1.0017249584197998,0.0022186620626598597
1435.6586633291402,1.002611756324768,0.0022186541464179754
1435.660052226899,0.9989674091339111,0.0022202252876013517
1435.661441124629,1.0005645751953125,0.0022176778875291348
1435.662830022359,1.0026402473449707,0.0022222986444830894
1435.6642189201182,1.0016487836837769,0.002216832246631384
1435.665607817848,0.9985796809196472,0.0022176578640937805
1435.6669967155779,0.9975660443305969,0.0022185377310961485
1435.668385613308,0.9990676045417786,0.002216512570157647
1435.6697745110384,0.9962103366851807,0.002216507913544774
1435.6711634087394,1.0012550354003906,0.002217099769040942
1435.6725523064686,1.000536322593689,0.002217830391600728
1435.6739412041695,1.000464677810669,0.002218780806288123
1435.6753301019,1.0020350217819214,0.002220744965597987
1435.676718999601,1.0030540227890015,0.0022198723163455725
1435.6781078973017,1.0046356916427612,0.002221060683950782
1435.6794967950316,0.9989209175109863,0.002215205691754818
1435.6808856927319,1.0007606744766235,0.0022205831483006477
1435.6822745904335,1.0017926692962646,0.0022172988392412663
1435.6836634881058,0.998349666595459,0.0022172790486365557
1435.6850523858059,1.000235915184021,0.002215901156887412
1435.6864412835068,0.9999476671218872,0.002217855304479599
1435.6878301811785,0.9996873736381531,0.002216420602053404
1435.6892190788792,0.9998164176940918,0.0022187093272805214
1435.6906079765517,1.0005215406417847,0.0022201593965291977
1435.6919968742234,1.0007795095443726,0.0022202429827302694
1435.6933857719237,1.0028678178787231,0.002219921676442027
1435.6947746695953,1.0033388137817383,0.0022184934932738543
1435.6961635672678,0.9999884366989136,0.0022172676399350166
1435.6975524649104,1.0028530359268188,0.0022186485584825277
1435.6989413625822,1.0023751258850098,0.002220225054770708
1435.700330260254,1.0004860162734985,0.002217007102444768
1435.7017191578966,0.9996516108512878,0.00221739849075675
1435.7031080555691,0.9999730587005615,0.0022172292228788137
1435.7044969532117,0.9988646507263184,0.0022186345886439085
1435.7058858508535,0.9994984865188599,0.002217934699729085
1435.7072747485252,1.0011155605316162,0.002217327943071723
1435.7086636461686,1.0000944137573242,0.0022193395998328924
1435.7100525438111,1.0015873908996582,0.002216616179794073
1435.7114414414248,0.9994482398033142,0.002217188011854887
1435.7128303390675,0.9980411529541016,0.0022148126736283302
1435.7142192367094,0.9999698996543884,0.0022185377310961485
1435.7156081343235,1.0008894205093384,0.002217603148892522
1435.716997031967,1.0019326210021973,0.002217406639829278
1435.7183859295797,1.004101276397705,0.002219206653535366
1435.719774827193,1.0033200979232788,0.002222649985924363
1435.7211637248358,1.0045640468597412,0.00222095032222569
1435.7225526224495,1.0003266334533691,0.002218725858256221
1435.7239415200636,1.001497745513916,0.002216955414041877
1435.7253304176481,1.0020533800125122,0.0022190872114151716
1435.7267193152609,1.0021716356277466,0.002217863453552127
1435.7281082128745,1.000606656074524,0.0022184376139193773
1435.7294971104595,1.0002497434616089,0.0022171277087181807
1435.7308860080732,1.0026413202285767,0.002219192450866103
1435.7322749056568,0.9960041046142578,0.0022150310687720776
1435.7336638032414,1.0034204721450806,0.002219037851318717
1435.7350527008555,0.99761962890625,0.002218222478404641
1435.7364415984398,0.9995670318603516,0.0022173442412167788
1435.7378304960241,1.0014580488204956,0.002220122842118144
1435.7392193935796,1.0039665699005127,0.0022186441347002983
1435.7406082911632,0.996919572353363,0.002216344466432929
1435.7419971887484,0.9983124136924744,0.002217065542936325
1435.7433860863046,1.0012922286987305,0.002217143075540662
1435.7447749838882,1.0013006925582886,0.002218686044216156
1435.7461638814436,1.0019029378890991,0.0022173908073455095
1435.7475527789989,1.0005488395690918,0.0022180501837283373
1435.748941676554,1.0022343397140503,0.0022214369382709265
1435.7503305741393,0.9973984360694885,0.002216546330600977
1435.7517194716654,0.999142587184906,0.002216626424342394
1435.75310836922,0.9960801601409912,0.0022139635402709246
1435.7544972667754,1.0007550716400146,0.002218614798039198
1435.7558861643313,0.9999428391456604,0.002216820837929845
1435.7572750618576,1.0047537088394165,0.002221016213297844
1435.758663959413,0.9985368847846985,0.002215511165559292
1435.7600528569392,0.9993565678596497,0.002218187553808093
1435.7614417544648,1.0013985633850098,0.0022188362199813128
1435.7628306519916,0.999220073223114,0.0022161509841680527
1435.7642195495184,0.9960458278656006,0.0022144410759210587
1435.765608447044,1.001785159111023,0.0022191940806806087
1435.7669973445702,1.001465916633606,0.002217280212789774
1435.7683862420965,1.0001853704452515,0.002217264613136649
1435.7697751395935,1.0053669214248657,0.0022202529944479465
1435.7711640371206,1.0039739608764648,0.0022210197057574987
1435.7725529346176,0.9998987317085266,0.002216978231444955
1435.7739418321141,1.0004916191101074,0.002216639695689082
1435.775330729641,1.0002416372299194,0.0022174024488776922
1435.7767196271386,0.9974086880683899,0.0022177081555128098
1435.7781085246352,1.0055357217788696,0.0022208106238394976
1435.7794974221322,1.0002933740615845,0.002218741225078702
1435.7808863196003,0.9969748854637146,0.002215886488556862
1435.7822752170975,1.0017832517623901,0.0022198138758540154
1435.7836641145952,0.9997754096984863,0.002217560540884733
1435.7850530120631,1.004353642463684,0.002222806215286255
1435.7864419095306,0.9971316456794739,0.002215568907558918
1435.7878308070276,0.9987826347351074,0.002218202454969287
1435.7892197044964,0.9998554587364197,0.0022165775299072266
1435.7906086019643,1.0020101070404053,0.002218980574980378
1435.7919974994322,1.0035899877548218,0.002218911424279213
1435.7933863969004,1.0039901733398438,0.00222047814168036
1435.7947752943676,1.0021100044250488,0.002217969624325633
1435.7961641918066,1.0011056661605835,0.0022182113025337458
1435.7975530892752,1.0030819177627563,0.0022192057222127914
1435.7989419867142,1.0015474557876587,0.0022197782527655363
1435.8003308841523,1.0003453493118286,0.0022177111823111773
1435.8017197816205,1.0022339820861816,0.002219217596575618
1435.80310867906,1.0019114017486572,0.002218847395852208
1435.804497576499,1.0004030466079712,0.002219860441982746
1435.8058864739378,1.0022932291030884,0.0022191712632775307
1435.8072753713766,1.0020157098770142,0.0022199118975549936
1435.8086642687865,0.9995344281196594,0.00221826508641243
1435.810053166226,1.0024563074111938,0.002219257177785039
1435.811442063636,1.0005813837051392,0.0022176813799887896
1435.812830961074,0.9986519813537598,0.002217894187197089
1435.814219858484,0.9999794363975525,0.0022172932513058186
1435.8156087558943,0.9993972778320312,0.0022172655444592237
1435.8169976533043,0.9986200928688049,0.002217475324869156
1435.818386550714,0.9983054995536804,0.0022156238555908203
1435.8197754481237,1.0000903606414795,0.0022183209657669067
1435.821164345533,0.9994559288024902,0.002216322347521782
1435.8225532429435,0.9984588623046875,0.0022158180363476276
1435.8239421403248,0.9968690872192383,0.0022168217692524195
1435.8253310377338,1.0012825727462769,0.0022190907038748264
1435.8267199351146,1.0007514953613281,0.002218198264017701
1435.8281088324954,0.9994127750396729,0.002214794745668769
1435.829497729876,1.0010955333709717,0.00221647578291595
1435.8308866272575,1.0015889406204224,0.002219561720266938
1435.8322755246381,0.9992436170578003,0.0022201859392225742
1435.833664422018,0.9975961446762085,0.0022192082833498716
1435.8350533193986,0.9977321624755859,0.0022180580999702215
1435.8364422167801,1.00169038772583,0.0022212618496268988
1435.8378311141316,1.001552939414978,0.002218949142843485
1435.8392200114833,1.000511884689331,0.002221018075942993
1435.8406089088642,0.9996280074119568,0.0022177735809236765
1435.8419978062157,0.9995737075805664,0.002217306988313794
1435.843386703568,0.9984046220779419,0.0022164599504321814
1435.8447756009195,0.9996146559715271,0.0022187400609254837
1435.8461644982706,0.9966821670532227,0.0022145116236060858
1435.847553395622,0.9984995126724243,0.0022153162863105536
1435.8489422929454,0.9998591542243958,0.002216961467638612
1435.8503311902969,0.9997283220291138,0.002216855064034462
1435.8517200876192,1.0006005764007568,0.002218215959146619
1435.853108984971,0.9984588623046875,0.0022156378254294395
1435.8544978822927,0.9999861717224121,0.0022177083883434534
1435.8558867796157,0.9993656277656555,0.0022189049050211906
1435.857275676939,1.0005483627319336,0.0022168143186718225
1435.858664574261,1.0027272701263428,0.002219919580966234
1435.8600534715827,1.0010954141616821,0.002217002911493182
1435.8614423688762,1.0023822784423828,0.002218318171799183
1435.8628312661992,1.00436532497406,0.0022201414685696363
1435.8642201635216,0.9976557493209839,0.0022163959220051765
1435.865609060815,1.0001477003097534,0.002216905355453491
1435.8669979581084,0.997898280620575,0.0022164173424243927
1435.868386855401,0.9998272061347961,0.0022178059443831444
1435.8697757526952,0.999971866607666,0.002218797570094466
1435.8711646499894,1.0011537075042725,0.002218735171481967
1435.872553547282,0.9986376762390137,0.0022168541327118874
1435.8739424445755,1.0020434856414795,0.002218823879957199
1435.8753313418695,0.9993341565132141,0.0022166394628584385
1435.8767202391339,0.9982008337974548,0.0022159493528306484
1435.8781091364272,0.9998503923416138,0.0022169742733240128
1435.8794980336913,1.000120997428894,0.0022192196920514107
1435.880886930955,0.9991666078567505,0.0022170862648636103
1435.88227582822,1.003111720085144,0.0022195877972990274
1435.883664725485,0.9976438283920288,0.0022161914967000484
1435.8850536227485,0.996843695640564,0.0022145414259284735
1435.886442520013,0.9991404414176941,0.0022217528894543648
1435.887831417277,0.9984571933746338,0.002215152606368065
1435.8892203145122,1.0016106367111206,0.002217370318248868
1435.8906092117772,0.9999768137931824,0.0022158764768391848
1435.8919981090123,0.9989610910415649,0.0022164522670209408
1435.893387006247,1.0012162923812866,0.00221612467430532
1435.894775903482,1.0042296648025513,0.002219507470726967
1435.896164800718,0.9979075789451599,0.0022166320122778416
1435.897553697953,1.0011885166168213,0.002217567292973399
1435.8989425951884,0.9989503026008606,0.0022197216749191284
1435.9003314924234,1.002550482749939,0.0022217631340026855
1435.9017203896294,0.9989652633666992,0.002217086497694254
1435.9031092868654,0.9987990260124207,0.002217101864516735
1435.9044981840714,1.0045374631881714,0.002220607129856944
1435.905887081277,1.0043712854385376,0.0022196099162101746
1435.907275978512,0.9999192953109741,0.0022152008023113012
1435.9086648757188,0.9988370537757874,0.002216195687651634
1435.9100537729248,0.9991042613983154,0.0022171023301780224
1435.911442670102,0.9982142448425293,0.002215714193880558
1435.9128315673079,1.0001628398895264,0.0022186334244906902
1435.9142204645134,0.9983713030815125,0.0022160878870636225
1435.915609361691,1.0010885000228882,0.0022190376184880733
1435.9169982588976,1.002191185951233,0.002219185698777437
1435.918387156074,1.003126621246338,0.0022182362154126167
1435.9197760532509,1.0008013248443604,0.002216495107859373
1435.921164950428,1.0006319284439087,0.002218047622591257
1435.922553847605,0.9995837211608887,0.0022206001449376345
1435.923942744782,0.9965033531188965,0.002214206848293543
1435.9253316419588,1.0012298822402954,0.002217639470472932
1435.9267205391068,0.9995535612106323,0.0022172601893544197
1435.928109436283,0.99838787317276,0.0022154985927045345
1435.9294983334314,0.9998253583908081,0.002219777088612318
1435.9308872306092,0.9995777606964111,0.002217760542407632
1435.9322761277565,1.0004185438156128,0.0022204911801964045
1435.9336650249043,1.0049883127212524,0.0022208120208233595
1435.935053922053,1.0040762424468994,0.0022191787138581276
1435.9364428192007,1.001010537147522,0.002220281632617116
1435.9378317163485,0.9983524084091187,0.0022165444679558277
1435.9392206134673,0.9998952746391296,0.00221673003397882
1435.9406095106144,1.0008158683776855,0.0022187570575624704
1435.941998407734,1.0015597343444824,0.002218540757894516
1435.9433873048536,1.001635193824768,0.0022195405326783657
1435.9447762020006,0.9971078038215637,0.00221783178858459
1435.9461650991193,0.9991984963417053,0.002214853186160326
1435.947553996238,0.996924102306366,0.002213357947766781
1435.9489428933568,1.0017975568771362,0.002219228306785226
1435.950331790447,0.9983031153678894,0.002215147716924548
1435.951720687566,1.001731038093567,0.0022198243532329798
1435.953109584684,0.9985499382019043,0.0022157677449285984
1435.9544984817737,1.0014857053756714,0.0022180050145834684
1435.955887378864,0.9989899396896362,0.0022187461145222187
1435.9572762759537,0.9989973306655884,0.0022172625176608562
1435.9586651730726,1.0018866062164307,0.002217629225924611
1435.9600540701622,0.9997602105140686,0.002216673456132412
1435.961442967222,1.002709984779358,0.0022195519413799047
1435.9628318643124,1.0005345344543457,0.002217810368165374
1435.9642207614027,0.9984887838363647,0.0022158685605973005
1435.9656096584624,0.9998713731765747,0.0022173235192894936
1435.9669985555522,1.0004887580871582,0.0022183977998793125
1435.9683874526133,0.9992793202400208,0.0022182839456945658
1435.969776349674,1.000115990638733,0.002217727480456233
1435.9711652467347,1.0026769638061523,0.002217984525486827
1435.9725541437952,0.9974424242973328,0.002217154949903488
1435.9739430408551,0.9961751103401184,0.0022164254914969206
1435.9753319379163,0.9979047775268555,0.002216165652498603
1435.9767208349774,1.0003061294555664,0.002217303030192852
1435.9781097320083,0.9997703433036804,0.0022160299122333527
1435.9794986290688,1.0013854503631592,0.002219064859673381
1435.9808875261003,1.0003846883773804,0.0022177735809236765
1435.9822764231317,0.998629629611969,0.0022159405052661896
1435.983665320164,0.9987965822219849,0.0022147768177092075
1435.9850542171953,1.0022237300872803,0.0022194336634129286
1435.9864431142262,1.001504898071289,0.0022207419387996197
1435.9878320112575,0.9993531703948975,0.0022174047771841288
1435.9892209082898,1.0001630783081055,0.0022184436675161123
1435.990609805292,0.9997521638870239,0.002216854365542531
1435.9919987022938,1.0012518167495728,0.002219662070274353
1435.9933875993252,1.000303864479065,0.0022182331886142492
1435.994776496328,0.9992135167121887,0.002216576598584652
1435.9961653933303,1.0008798837661743,0.0022179808001965284
1435.9975542903328,0.9984115362167358,0.0022163009271025658
1435.9989431873353,0.9974849820137024,0.0022169905714690685
1436.0003320843368,1.000212550163269,0.0022173633333295584
1436.0017209813107,0.9959909319877625,0.0022152382880449295
1436.0031098783138,1.0005004405975342,0.002217110712081194
1436.0044987752865,1.0024925470352173,0.002219160320237279
1436.0058876722596,1.0020040273666382,0.0022185472771525383
1436.0072765692619,1.0025851726531982,0.002218876965343952
1436.0086654662352,1.0011931657791138,0.002218238776549697
1436.010054363209,0.9993225932121277,0.002217820379883051
1436.0114432601533,0.9957188367843628,0.0022153016179800034
1436.0128321571258,1.0005210638046265,0.002216286025941372
1436.0142210540992,0.999668300151825,0.0022157435305416584
1436.0156099510439,1.0008153915405273,0.002218864392489195
1436.0169988480172,1.0029562711715698,0.002218507928773761
1436.0183877449613,0.9977557063102722,0.002217781264334917
1436.0197766419053,0.9987506866455078,0.0022162245586514473
1436.021165538849,0.9981440305709839,0.002215675776824355
1436.0225544357938,0.9970299601554871,0.0022163281682878733
1436.0239433327386,1.0017935037612915,0.0022184965200722218
1436.025332229682,0.9995407462120056,0.00221796496771276
1436.026721126597,0.9999609589576721,0.0022167544811964035
1436.0281100235418,0.9963235259056091,0.002215672517195344
1436.029498920457,1.0034650564193726,0.0022187635768204927
1436.0308878173719,0.9970675706863403,0.002215990796685219
1436.0322767142868,0.9986329674720764,0.0022184927947819233
1436.0336656112013,1.000473141670227,0.002217093948274851
1436.0350545081171,1.000656008720398,0.002217166591435671
1436.0364434050327,1.000130295753479,0.002217624569311738
1436.037832301947,1.0032366514205933,0.002220484660938382
1436.039221198833,0.9968730807304382,0.0022151190787553787
1436.0406100957482,0.9971376061439514,0.0022147982381284237
1436.041998992634,1.000758171081543,0.0022190811578184366
1436.0433878895208,0.999808132648468,0.002217963570728898
1436.0447767864066,0.9962448477745056,0.002215212443843484
1436.0461656832917,0.9982618689537048,0.0022162767127156258
1436.0475545801776,0.9999099969863892,0.002216759603470564
1436.0489434770643,1.0004730224609375,0.002216159598901868
1436.0503323739501,1.0026456117630005,0.002221201779320836
1436.051721270807,1.001427412033081,0.0022207528818398714
1436.0531101676931,0.9981762170791626,0.002217293716967106
1436.0544990645499,1.003697156906128,0.002219392918050289
1436.0558879614066,1.0022281408309937,0.0022199039813131094
1436.0572768582635,0.9976766109466553,0.0022154664620757103
1436.0586657551203,0.9986570477485657,0.002215478802099824
1436.0600546519765,1.0005719661712646,0.002216807333752513
1436.061443548834,1.0026178359985352,0.0022221372928470373
1436.0628324456623,1.002858281135559,0.0022179237566888332
1436.0642213425185,1.0021320581436157,0.002220827154815197
1436.0656102393461,0.9973393082618713,0.002216566354036331
1436.066999136174,1.0024540424346924,0.0022182855755090714
1436.0683880330018,1.001186490058899,0.00221840082667768
1436.0697769298301,1.001325249671936,0.0022162217646837234
1436.071165826658,0.9997791051864624,0.002216930268332362
1436.072554723485,1.0043903589248657,0.002219569869339466
1436.0739436203128,0.9992897510528564,0.0022157137282192707
1436.075332517112,1.0004541873931885,0.0022169630974531174
1436.0767214139396,1.0029261112213135,0.0022233007475733757
1436.078110310738,1.0028722286224365,0.002217917237430811
1436.0794992075369,0.9990651607513428,0.002216401044279337
1436.0808881043347,0.999305784702301,0.002217791974544525
1436.0822770011341,1.0007224082946777,0.0022178180515766144
1436.0836658979335,0.9984216690063477,0.0022186425048857927
1436.0850547947314,1.001659870147705,0.0022213771007955074
1436.0864436915301,0.9979515671730042,0.0022157577332109213
1436.0878325883002,0.9998486042022705,0.002217769157141447
1436.0892214850699,0.9965422749519348,0.002215130953118205
1436.0906103818684,1.0037733316421509,0.0022216560319066048
1436.0919992786378,1.002555251121521,0.0022239459212869406
1436.0933881754065,1.0006529092788696,0.0022201293613761663
1436.0947770721768,0.9980053305625916,0.0022157919593155384
1436.0961659689472,0.9992148876190186,0.0022197982762008905
1436.0975548656868,1.00338613986969,0.0022213258780539036
1436.0989437624564,1.0016357898712158,0.0022184501867741346
1436.1003326591967,0.9973880052566528,0.0022162238601595163
1436.1017215559662,1.0009797811508179,0.0022203659173101187
1436.1031104527074,1.0014371871948242,0.0022185456473380327
1436.1044993494477,1.0015653371810913,0.0022169542498886585
1436.1058882461875,1.0010231733322144,0.002218721667304635
1436.1072771429278,1.000005841255188,0.002219864632934332
1436.108666039669,1.0006567239761353,0.0022171339951455593
1436.1100549363803,1.0014009475708008,0.0022172052413225174
1436.1114438331208,0.9986583590507507,0.002216487191617489
1436.112832729832,1.0011957883834839,0.0022181144449859858
1436.1142216265432,1.0033981800079346,0.002220149151980877
1436.1156105232844,1.0010483264923096,0.002220113994553685
1436.1169994199956,1.003595232963562,0.002219230169430375
1436.1183883167064,1.0020886659622192,0.002218127716332674
1436.119777213388,1.0013009309768677,0.0022212923504412174
1436.1211661101,0.9987664818763733,0.0022181561216712
1436.1225550068118,1.0023455619812012,0.002220933558419347
1436.1239439034935,1.0003759860992432,0.0022193545009940863
1436.1253328001756,1.0015298128128052,0.00221996963955462
1436.126721696887,1.000536322593689,0.0022200574167072773
1436.128110593569,1.0005204677581787,0.002221129834651947
1436.129499490252,0.9998503923416138,0.0022205770947039127
1436.1308883869342,1.0008533000946045,0.0022193528711795807
1436.1322772835867,1.0031589269638062,0.002220866736024618
1436.1336661802688,1.0030804872512817,0.002222904469817877
1436.1350550769228,1.000464916229248,0.0022200329694896936
1436.1364439736049,0.9985880851745605,0.002220853930339217
1436.1378328702579,0.9989910125732422,0.002219429239630699
1436.139221766911,1.0007420778274536,0.0022236595395952463
1436.1406106635634,1.0004998445510864,0.0022212276235222816
1436.141999560217,0.9992639422416687,0.0022201549727469683
1436.143388456871,1.0006507635116577,0.0022244041319936514
1436.1447773535235,1.0014756917953491,0.002221670700237155
1436.1461662501474,1.003909945487976,0.002225456992164254
1436.1475551467722,1.0002431869506836,0.002221910282969475
1436.1489440434252,1.0052900314331055,0.0022258625831454992
1436.150332940049,1.0033570528030396,0.0022240853868424892
1436.1517218366732,1.0013386011123657,0.0022232932969927788
1436.1531107332964,1.0019491910934448,0.002223178744316101
1436.1544996299212,1.0061836242675781,0.0022262241691350937
1436.155888526546,1.0021947622299194,0.0022251103073358536
1436.1572774231402,1.000320315361023,0.002224526135250926
1436.158666319764,0.998491108417511,0.0022223019041121006
1436.1600552163588,0.9982476830482483,0.002222968265414238
1436.1614441129539,1.0008329153060913,0.0022247442975640297
1436.1628330095493,1.0017127990722656,0.002226846758276224
1436.1642219061443,0.9976609349250793,0.002222917741164565
1436.1656108027385,0.9985513091087341,0.002227742923423648
1436.1669996993335,1.005377173423767,0.0022309017367661
1436.1683885958998,1.0050835609436035,0.0022319327108561993
1436.1697774924949,0.9985589385032654,0.0022257156670093536
1436.1711663890608,0.9966921210289001,0.0022254004143178463
1436.1725552856556,1.000783920288086,0.0022317050024867058
1436.1739441822212,1.0006617307662964,0.0022305825259536505
1436.1753330787876,1.0002644062042236,0.002228803001344204
1436.1767219753535,0.9985146522521973,0.0022286747116595507
1436.1781108718894,1.0048452615737915,0.0022327674087136984
1436.1794997684553,1.001072883605957,0.002232169033959508
1436.1808886650217,1.0037630796432495,0.0022321566939353943
1436.1822775615585,1.004421353340149,0.0022358130663633347
1436.1836664580944,1.0020382404327393,0.002236987231299281
1436.1850553546603,1.0006037950515747,0.0022362584713846445
1436.1864442511971,1.0003840923309326,0.002235169755294919
1436.1878331477337,1.0006129741668701,0.002238285494968295
1436.1892220442421,1.0040497779846191,0.002241636859253049
1436.1906109407787,1.001354694366455,0.0022374805994331837
1436.1919998373146,0.9965172410011292,0.0022344880271703005
1436.193388733822,1.0022668838500977,0.002241011243313551
1436.1947776303305,1.003484845161438,0.002244118833914399
1436.196166526867,1.0037517547607422,0.0022432587575167418
1436.1975554233748,1.0019495487213135,0.0022442799527198076
1436.1989443198825,0.998759388923645,0.0022425067145377398
1436.2003332163608,1.00176203250885,0.0022457335144281387
1436.2017221128692,1.0043678283691406,0.0022498287726193666
1436.2031110093767,1.0025906562805176,0.002247287891805172
1436.2044999058544,1.0051356554031372,0.0022510190028697252
1436.2058888023619,0.9974276423454285,0.002247101627290249
1436.2072776988412,1.0020556449890137,0.0022488185204565525
1436.2086665953195,1.0012757778167725,0.0022511323913931847
1436.2100554917981,0.9992215037345886,0.0022519438061863184
1436.2114443882767,0.999893069267273,0.0022530348505824804
1436.2128332847544,1.001438856124878,0.0022551261354237795
1436.2142221812044,1.0035289525985718,0.0022574590984731913
1436.2156110776837,0.9987320899963379,0.0022554255556315184
1436.2169999741325,1.0047467947006226,0.0022602220997214317
1436.2183888705817,1.005018711090088,0.002263332949951291
1436.219777767031,1.0067883729934692,0.0022660051472485065
1436.2211666634805,1.0043530464172363,0.002265463350340724
1436.2225555599305,0.9995334148406982,0.0022645879071205854
1436.22394445638,0.9981749653816223,0.002265498274937272
1436.2253333528286,0.9957888126373291,0.0022667204029858112
1436.2267222492494,1.00220787525177,0.002269800752401352
1436.2281111456996,0.9991188645362854,0.002270050812512636
1436.2295000421193,1.0028562545776367,0.002272537676617503
1436.2308889385395,0.999637246131897,0.002274020342156291
1436.2322778349596,1.0032758712768555,0.0022787763737142086
1436.23366673138,1.0015474557876587,0.002279725857079029
1436.2350556278009,1.000035285949707,0.002279656706377864
1436.2364445241922,0.9988988637924194,0.002280900487676263
1436.2378334206117,0.9994044303894043,0.0022838565055280924
1436.239222317003,1.001451849937439,0.002284197835251689
1436.2406112134238,1.004476547241211,0.0022878681775182486
1436.242000109815,1.0026826858520508,0.002288779942318797
1436.2433890062061,1.0014253854751587,0.0022916069719940424
1436.2447779025972,1.0018506050109863,0.002292363438755274
1436.2461667989878,1.0000839233398438,0.002294653793796897
1436.2475556953507,0.996648907661438,0.0022936942987143993
1436.2489445917424,0.9996405243873596,0.0022974370513111353
1436.2503334881037,0.9996239542961121,0.0023008696734905243
1436.2517223844652,0.9997827410697937,0.0023056671489030123
1436.2531112808572,1.0024267435073853,0.002308493945747614
1436.2545001772198,1.003620982170105,0.0023100448306649923
1436.255889073581,0.9995021224021912,0.002309303730726242
1436.2572779699142,1.0024957656860352,0.002312468132004142
1436.2586668662761,0.9991418719291687,0.0023140781559050083
1436.260055762638,1.000980257987976,0.002318754093721509
1436.2614446589719,1.003098726272583,0.0023200293071568012
1436.2628335553047,1.000249981880188,0.0023216968402266502
1436.2642224516662,0.9997661709785461,0.002321516862139106
1436.265611347999,1.001564860343933,0.0023272482212632895
1436.2670002443328,0.999529242515564,0.0023273848928511143
1436.2683891406366,1.0000998973846436,0.0023301623295992613
1436.2697780369697,0.9972142577171326,0.0023311490658670664
1436.2711669333025,1.0003081560134888,0.002335956320166588
1436.2725558296058,1.0042725801467896,0.002340566599741578
1436.2739447259103,0.99955815076828,0.0023405926767736673
1436.2753336222438,1.0004249811172485,0.002345196669921279
1436.276722518547,1.0043708086013794,0.002346689347177744
1436.2781114148509,1.0020487308502197,0.00235400116071105
1436.2795003111264,1.0032734870910645,0.0023547119926661253
1436.2808892074302,1.0011869668960571,0.00235681957565248
1436.2822781037341,0.9995396733283997,0.0023567022290080786
1436.283667000009,0.9978892803192139,0.002357231453061104
1436.285055896283,1.0007785558700562,0.002363855019211769
1436.2864447925583,1.0000280141830444,0.002365109045058489
1436.287833688863,0.9964666366577148,0.002366116736084223
1436.2892225851078,1.0001277923583984,0.002370338886976242
1436.2906114813825,0.9970725178718567,0.0023698678705841303
